date,aqi,value
1998-01-23,75,22.1
1998-01-29,71,19.9
1998-02-10,98,34.5
1998-02-16,70,19.1
1998-02-22,81,25.2
1998-02-28,62,14.8
1998-03-06,60,14.0
1998-03-12,63,15.5
1998-03-18,70,19.1
1998-03-24,61,14.2
1998-03-30,62,14.9
1998-04-05,51,9.2
1998-04-11,65,16.5
1998-04-17,52,9.6
1998-04-23,67,17.5
1998-04-29,92,31.0
1998-05-05,90,30.1
1998-05-11,57,12.1
1998-05-17,55,11.4
1998-05-23,55,11.4
1998-05-29,58,12.8
1998-06-04,49,8.8
1998-06-10,81,25.2
1998-06-16,57,12.3
1998-06-22,56,11.8
1998-06-28,57,12.2
1998-07-04,63,15.4
1998-07-10,77,23.0
1998-07-28,64,16.1
1998-08-03,95,32.9
1998-08-09,95,32.5
1998-08-15,58,13.1
1998-08-21,85,27.4
1998-08-27,75,21.8
1998-09-02,82,25.9
1998-09-08,28,5.0
1998-09-14,80,24.6
1998-09-20,89,29.6
1998-09-26,91,30.5
1998-10-02,40,7.2
1998-10-08,29,5.2
1998-10-14,37,6.6
1998-10-20,31,5.6
1998-11-01,29,5.3
1998-11-07,73,20.8
1998-11-13,68,18.4
1998-11-19,56,11.8
1998-11-25,61,14.7
1998-12-01,73,20.7
1998-12-07,63,15.5
1998-12-13,76,22.4
1998-12-19,69,18.9
1998-12-25,56,11.8
1998-12-31,72,20.4
1999-01-08,60,14.1
1999-01-20,87,28.6
1999-01-24,71,20.0
1999-01-30,85,27.1
1999-02-05,66,17.3
1999-02-11,62,14.9
1999-02-17,68,18.0
1999-02-23,62,15.1
1999-03-01,39,7.1
1999-03-07,42,7.6
1999-03-16,71,20.0
1999-03-19,52,9.4
1999-03-26,55,11.0
1999-03-31,76,22.4
1999-04-08,61,14.5
1999-04-12,52,9.9
1999-04-18,54,10.8
1999-04-24,41,7.4
1999-04-30,44,7.9
1999-05-06,53,10.2
1999-05-12,68,18.0
1999-05-18,52,9.7
1999-05-24,43,7.7
1999-05-30,91,30.7
1999-06-05,66,17.3
1999-06-11,86,27.7
1999-06-17,35,6.3
1999-06-23,126,45.7
1999-06-29,39,7.1
1999-07-05,75,22.1
1999-07-11,38,6.8
1999-07-17,64,16.1
1999-07-23,61,14.3
1999-07-29,68,18.3
1999-08-04,59,13.2
1999-08-10,61,14.3
1999-08-16,72,20.2
1999-08-22,71,19.9
1999-08-27,89,29.3
1999-09-03,119,43.0
1999-09-09,34,6.1
1999-09-15,42,7.6
1999-09-21,32,5.7
1999-09-27,44,7.9
1999-10-03,27,4.8
1999-10-09,89,29.3
1999-10-15,62,14.9
1999-10-21,52,9.5
1999-10-27,57,12.5
1999-11-02,22,4.0
1999-11-08,69,19.0
1999-11-14,40,7.2
1999-11-20,79,24.2
1999-11-26,72,20.4
1999-12-02,63,15.8
1999-12-08,77,23.3
1999-12-14,42,7.5
1999-12-21,52,9.9
1999-12-26,21,3.8
2000-01-01,81,25.1
2000-01-05,65,16.5
2000-01-06,63,15.4
2000-01-07,55,11.3
2000-01-08,63,15.5
2000-01-09,75,22.2
2000-01-10,55,11.4
2000-01-11,37,6.6
2000-01-12,42,7.6
2000-01-13,46,8.3
2000-01-14,67,17.9
2000-01-15,73,20.9
2000-01-16,52,9.8
2000-01-17,44,8.0
2000-01-18,43,7.7
2000-01-19,78,23.7
2000-01-20,53,10.4
2000-01-21,70,19.5
2000-01-22,91,30.6
2000-01-23,64,15.9
2000-01-24,68,18.4
2000-01-25,57,12.3
2000-01-26,53,10.1
2000-01-27,36,6.4
2000-01-28,72,20.2
2000-01-29,57,12.4
2000-01-30,81,25.2
2000-01-31,86,27.7
2000-02-01,57,12.3
2000-02-03,75,22.1
2000-02-04,58,13.0
2000-02-05,70,19.3
2000-02-06,91,30.6
2000-02-07,72,20.3
2000-02-08,88,28.8
2000-02-09,101,35.6
2000-02-11,52,9.5
2000-02-12,64,16.3
2000-02-13,74,21.7
2000-02-14,63,15.6
2000-02-15,85,27.6
2000-02-16,59,13.2
2000-02-17,69,19.0
2000-02-19,68,18.1
2000-02-23,77,22.8
2000-02-24,67,17.5
2000-02-25,57,12.2
2000-02-26,46,8.2
2000-02-27,23,4.2
2000-02-29,52,9.7
2000-03-01,36,6.4
2000-03-02,32,5.8
2000-03-03,55,11.2
2000-03-04,64,16.2
2000-03-05,83,26.3
2000-03-06,77,23.2
2000-03-07,68,18.1
2000-03-08,71,19.6
2000-03-09,29,5.3
2000-03-10,35,6.3
2000-03-11,39,7.1
2000-03-12,61,14.7
2000-03-13,81,25.4
2000-03-14,72,20.2
2000-03-15,90,29.9
2000-03-16,26,4.7
2000-03-17,27,4.9
2000-03-18,60,13.9
2000-03-19,71,19.7
2000-03-20,60,14.1
2000-03-21,88,28.9
2000-03-22,88,29.2
2000-03-23,93,31.5
2000-03-24,81,25.4
2000-03-25,29,5.3
2000-03-26,35,6.3
2000-03-27,26,4.6
2000-03-28,37,6.6
2000-03-29,45,8.1
2000-03-30,58,12.8
2000-04-01,74,21.3
2000-04-04,21,3.7
2000-04-05,58,12.7
2000-04-06,39,7.1
2000-04-07,37,6.7
2000-04-08,27,4.8
2000-04-09,51,9.2
2000-04-11,51,9.3
2000-04-12,59,13.2
2000-04-13,65,16.6
2000-04-14,66,17.4
2000-04-15,71,19.9
2000-04-16,56,11.9
2000-04-17,53,10.2
2000-04-18,82,25.7
2000-04-19,100,35.3
2000-04-21,33,6.0
2000-04-27,61,14.3
2000-04-28,55,11.1
2000-04-29,23,4.1
2000-04-30,56,11.7
2000-05-01,69,18.9
2000-05-02,41,7.3
2000-05-03,63,15.6
2000-05-04,57,12.1
2000-05-05,65,16.5
2000-05-06,61,14.6
2000-05-07,61,14.6
2000-05-08,76,22.7
2000-05-09,32,5.8
2000-05-10,29,5.3
2000-05-11,70,19.2
2000-05-12,80,24.8
2000-05-13,28,5.0
2000-05-14,32,5.7
2000-05-15,46,8.3
2000-05-16,72,20.2
2000-05-17,103,36.4
2000-05-18,53,10.1
2000-05-19,28,5.0
2000-05-20,48,8.7
2000-05-21,66,17.0
2000-05-22,63,15.4
2000-05-23,51,9.1
2000-05-24,44,8.0
2000-05-25,41,7.4
2000-05-26,67,17.7
2000-05-27,68,18.1
2000-05-28,54,10.5
2000-05-29,32,5.7
2000-05-30,71,19.8
2000-05-31,81,25.1
2000-06-01,71,19.9
2000-06-02,37,6.7
2000-06-03,16,2.8
2000-06-04,56,12.0
2000-06-05,55,11.0
2000-06-06,44,8.0
2000-06-07,56,11.9
2000-06-08,67,17.5
2000-06-09,65,16.8
2000-06-10,64,15.9
2000-06-11,48,8.6
2000-06-12,32,5.8
2000-06-13,58,12.7
2000-06-14,52,9.6
2000-06-15,49,8.9
2000-06-16,46,8.3
2000-06-17,26,4.6
2000-06-18,31,5.5
2000-06-19,60,14.1
2000-06-20,63,15.4
2000-06-21,29,5.3
2000-06-22,31,5.6
2000-06-23,63,15.4
2000-06-27,39,7.1
2000-06-28,52,9.5
2000-06-29,41,7.3
2000-06-30,53,10.2
2000-07-01,67,17.6
2000-07-02,79,23.9
2000-07-03,56,11.9
2000-07-04,53,10.1
2000-07-05,58,12.9
2000-07-06,58,12.6
2000-07-07,31,5.6
2000-07-08,65,16.5
2000-07-09,74,21.4
2000-07-10,51,9.1
2000-07-11,54,10.9
2000-07-12,56,11.7
2000-07-13,63,15.6
2000-07-14,45,8.1
2000-07-15,53,10.1
2000-07-16,61,14.4
2000-07-17,53,10.0
2000-07-18,16,2.8
2000-07-19,24,4.3
2000-07-21,32,5.7
2000-07-22,27,4.8
2000-07-23,26,4.6
2000-07-25,64,16.0
2000-07-26,80,24.9
2000-07-27,90,30.1
2000-07-28,70,19.2
2000-07-29,71,20.1
2000-07-30,84,26.6
2000-07-31,64,16.3
2000-08-01,60,13.8
2000-08-02,49,8.9
2000-08-03,8,1.5
2000-08-04,37,6.6
2000-08-05,65,16.6
2000-08-06,71,19.6
2000-08-07,53,10.3
2000-08-08,46,8.3
2000-08-09,57,12.4
2000-08-10,54,10.8
2000-08-11,46,8.2
2000-08-12,53,10.3
2000-08-13,57,12.4
2000-08-14,88,29.2
2000-08-15,84,26.9
2000-08-16,28,5.0
2000-08-17,52,9.4
2000-08-18,41,7.4
2000-08-19,26,4.6
2000-08-20,35,6.3
2000-08-21,69,18.8
2000-08-22,89,29.4
2000-08-23,78,23.5
2000-08-24,72,20.6
2000-08-25,78,23.5
2000-08-26,90,29.9
2000-08-27,62,15.1
2000-08-28,85,27.5
2000-08-29,94,32.4
2000-08-30,112,39.9
2000-08-31,99,35.1
2000-09-01,92,31.3
2000-09-02,58,12.6
2000-09-06,54,10.9
2000-09-07,72,20.4
2000-09-08,68,18.1
2000-09-09,67,17.9
2000-09-10,59,13.4
2000-09-11,61,14.3
2000-09-12,33,5.9
2000-09-13,52,9.6
2000-09-15,22,3.9
2000-09-16,29,5.2
2000-09-17,43,7.8
2000-09-18,62,15.0
2000-09-19,63,15.8
2000-09-20,39,7.1
2000-09-21,16,2.9
2000-09-22,56,11.8
2000-09-23,58,13.1
2000-09-24,24,4.3
2000-09-25,26,4.6
2000-09-26,43,7.8
2000-09-27,33,5.9
2000-09-28,25,4.5
2000-09-29,56,11.9
2000-09-30,62,15.0
2000-10-01,74,21.5
2000-10-02,64,16.0
2000-10-03,56,11.6
2000-10-04,19,3.5
2000-10-05,34,6.1
2000-10-06,27,4.9
2000-10-07,17,3.0
2000-10-08,18,3.3
2000-10-11,53,10.1
2000-10-12,61,14.5
2000-10-13,67,17.9
2000-10-14,68,18.3
2000-10-15,51,9.1
2000-10-16,49,8.8
2000-10-17,62,15.1
2000-10-19,59,13.2
2000-10-20,67,17.7
2000-10-21,57,12.3
2000-10-22,72,20.5
2000-10-23,64,15.9
2000-10-24,90,30.3
2000-10-25,73,20.9
2000-10-26,111,39.6
2000-10-27,62,14.9
2000-10-28,19,3.4
2000-10-29,44,7.9
2000-10-30,47,8.4
2000-10-31,55,11.3
2000-11-01,67,17.9
2000-11-02,66,17.2
2000-11-03,31,5.6
2000-11-04,48,8.6
2000-11-05,53,10.1
2000-11-06,56,11.6
2000-11-07,57,12.3
2000-11-08,49,8.9
2000-11-09,40,7.2
2000-11-10,56,12.0
2000-11-14,53,10.2
2000-11-16,64,16.2
2000-11-17,58,13.0
2000-11-18,62,15.0
2000-11-19,55,11.1
2000-11-20,40,7.2
2000-11-21,36,6.5
2000-11-23,84,27.0
2000-11-25,67,17.7
2000-11-26,71,20.0
2000-11-27,117,41.9
2000-11-28,70,19.1
2000-11-29,71,19.6
2000-11-30,61,14.3
2000-12-01,13,2.3
2000-12-02,17,3.1
2000-12-03,56,12.0
2000-12-04,62,15.2
2000-12-05,26,4.6
2000-12-06,64,16.3
2000-12-07,80,24.4
2000-12-08,66,17.1
2000-12-09,81,25.3
2000-12-10,77,22.8
2000-12-11,52,9.7
2000-12-13,78,23.4
2000-12-14,78,23.5
2000-12-15,99,34.8
2000-12-16,66,17.3
2000-12-17,56,12.0
2000-12-18,72,20.2
2000-12-19,51,9.1
2000-12-20,75,22.2
2000-12-21,56,11.6
2000-12-22,57,12.3
2000-12-23,68,18.2
2000-12-24,64,16.3
2000-12-25,58,13.0
2000-12-26,62,15.2
2000-12-27,77,22.8
2000-12-28,57,12.5
2000-12-29,44,8.0
2000-12-30,22,4.0
2000-12-31,58,12.8
2001-01-01,66,16.9
2001-01-02,71,19.7
2001-01-03,85,27.2
2001-01-04,76,22.6
2001-01-05,48,8.6
2001-01-06,68,18.4
2001-01-07,56,12.0
2001-01-08,42,7.5
2001-01-10,80,24.7
2001-01-11,94,32.4
2001-01-12,100,35.3
2001-01-13,86,28.0
2001-01-17,77,23.2
2001-01-18,89,29.3
2001-01-19,63,15.5
2001-01-20,56,12.0
2001-01-21,91,30.4
2001-01-22,129,46.9
2001-01-23,108,38.5
2001-01-24,64,16.2
2001-01-26,74,21.7
2001-01-27,53,10.4
2001-01-28,76,22.7
2001-01-29,77,23.3
2001-01-30,59,13.2
2001-01-31,75,21.8
2001-02-01,65,16.8
2001-02-02,56,11.6
2001-02-03,60,13.8
2001-02-04,82,25.5
2001-02-05,87,28.6
2001-02-06,80,24.8
2001-02-09,52,9.8
2001-02-10,43,7.8
2001-02-11,53,10.4
2001-02-13,90,30.2
2001-02-14,66,17.1
2001-02-15,45,8.1
2001-02-16,65,16.8
2001-02-17,51,9.2
2001-02-18,49,8.9
2001-02-19,69,18.6
2001-02-20,81,25.4
2001-02-21,36,6.4
2001-02-22,63,15.7
2001-02-23,61,14.5
2001-02-27,46,8.2
2001-02-28,38,6.8
2001-03-01,40,7.2
2001-03-02,85,27.5
2001-03-03,111,39.4
2001-03-04,47,8.5
2001-03-05,27,4.9
2001-03-06,32,5.7
2001-03-07,56,11.6
2001-03-08,58,13.0
2001-03-09,53,10.2
2001-03-10,74,21.3
2001-03-11,53,10.0
2001-03-12,78,23.4
2001-03-14,57,12.5
2001-03-15,66,17.3
2001-03-18,54,10.7
2001-03-19,57,12.4
2001-03-20,56,11.8
2001-03-21,75,21.8
2001-03-22,97,33.6
2001-03-23,75,22.1
2001-03-24,34,6.1
2001-03-25,44,8.0
2001-03-27,57,12.5
2001-03-29,97,34.0
2001-03-30,111,39.7
2001-03-31,107,37.9
2001-04-04,75,22.0
2001-04-05,85,27.1
2001-04-06,89,29.4
2001-04-08,44,7.9
2001-04-09,32,5.7
2001-04-10,65,16.8
2001-04-11,60,14.0
2001-04-12,27,4.9
2001-04-13,29,5.2
2001-04-14,50,9.0
2001-04-15,38,6.9
2001-04-16,31,5.5
2001-04-17,23,4.1
2001-04-18,48,8.6
2001-04-19,58,12.6
2001-04-20,66,17.3
2001-04-21,56,11.7
2001-04-25,62,15.0
2001-04-26,56,11.8
2001-04-27,34,6.1
2001-04-28,42,7.6
2001-04-29,52,9.6
2001-04-30,67,17.7
2001-05-01,75,22.2
2001-05-02,71,19.6
2001-05-03,72,20.5
2001-05-04,27,4.8
2001-05-05,36,6.4
2001-05-06,53,10.1
2001-05-07,57,12.2
2001-05-08,35,6.3
2001-05-09,53,10.0
2001-05-10,63,15.6
2001-05-13,46,8.3
2001-05-15,65,16.7
2001-05-16,77,23.3
2001-05-17,72,20.6
2001-05-18,50,9.0
2001-05-19,41,7.3
2001-05-20,56,11.9
2001-05-21,59,13.6
2001-05-22,26,4.6
2001-05-23,39,7.1
2001-05-24,56,12.0
2001-05-25,52,9.4
2001-05-26,52,9.7
2001-05-27,52,9.7
2001-05-28,60,14.1
2001-05-29,36,6.4
2001-05-30,27,4.8
2001-06-05,54,10.6
2001-06-07,59,13.5
2001-06-08,61,14.4
2001-06-09,61,14.5
2001-06-10,64,16.0
2001-06-11,62,14.9
2001-06-12,60,14.0
2001-06-13,101,35.7
2001-06-14,90,30.3
2001-06-15,43,7.7
2001-06-16,43,7.7
2001-06-17,53,10.0
2001-06-18,57,12.5
2001-06-19,54,10.8
2001-06-26,78,23.8
2001-06-27,93,31.6
2001-06-28,114,40.6
2001-06-29,104,36.7
2001-06-30,82,26.0
2001-07-01,37,6.6
2001-07-02,22,3.9
2001-07-03,48,8.6
2001-07-04,55,11.1
2001-07-05,28,5.1
2001-07-06,53,10.1
2001-07-07,68,18.0
2001-07-08,59,13.5
2001-07-09,70,19.1
2001-07-10,62,14.9
2001-07-11,31,5.5
2001-07-12,44,8.0
2001-07-13,37,6.6
2001-07-14,55,11.1
2001-07-15,67,17.5
2001-07-16,88,29.0
2001-07-17,104,36.9
2001-07-18,104,36.7
2001-07-19,84,27.0
2001-07-20,90,30.1
2001-07-21,81,25.2
2001-07-22,65,16.8
2001-07-23,69,19.0
2001-07-24,60,13.8
2001-07-25,49,8.8
2001-07-26,48,8.6
2001-07-27,46,8.3
2001-07-28,88,29.0
2001-07-29,80,24.6
2001-07-30,76,22.4
2001-07-31,87,28.3
2001-08-01,118,42.5
2001-08-02,48,8.7
2001-08-03,55,11.4
2001-08-04,53,10.3
2001-08-05,77,23.0
2001-08-06,72,20.2
2001-08-07,86,28.0
2001-08-08,97,33.8
2001-08-09,108,38.4
2001-08-11,34,6.1
2001-08-12,61,14.2
2001-08-14,34,6.1
2001-08-15,59,13.4
2001-08-16,65,16.8
2001-08-17,39,7.1
2001-08-18,54,10.6
2001-08-19,38,6.8
2001-08-20,47,8.5
2001-08-21,71,19.9
2001-08-22,80,24.8
2001-08-23,72,20.3
2001-08-24,80,24.8
2001-08-25,67,17.9
2001-08-29,54,10.9
2001-08-30,59,13.3
2001-08-31,23,4.2
2001-09-01,26,4.6
2001-09-02,55,11.1
2001-09-03,63,15.5
2001-09-04,24,4.4
2001-09-05,44,7.9
2001-09-06,72,20.4
2001-09-07,57,12.3
2001-09-08,52,9.6
2001-09-09,42,7.6
2001-09-10,29,5.3
2001-09-11,55,11.1
2001-09-12,60,13.8
2001-09-14,17,3.0
2001-09-15,41,7.4
2001-09-16,59,13.5
2001-09-18,72,20.6
2001-09-19,54,10.6
2001-09-20,55,11.0
2001-09-21,55,11.2
2001-09-22,52,9.5
2001-09-23,48,8.6
2001-09-24,12,2.1
2001-09-25,17,3.0
2001-09-26,22,4.0
2001-09-27,21,3.8
2001-09-28,24,4.3
2001-09-29,42,7.5
2001-09-30,58,12.6
2001-10-01,61,14.3
2001-10-02,64,16.2
2001-10-03,63,15.7
2001-10-04,39,7.1
2001-10-05,26,4.6
2001-10-06,34,6.2
2001-10-07,43,7.7
2001-10-08,46,8.3
2001-10-09,61,14.3
2001-10-10,59,13.4
2001-10-11,38,6.8
2001-10-12,43,7.7
2001-10-13,52,9.9
2001-10-14,28,5.1
2001-10-15,33,6.0
2001-10-16,26,4.7
2001-10-17,26,4.7
2001-10-18,43,7.8
2001-10-19,36,6.5
2001-10-20,51,9.3
2001-10-21,61,14.2
2001-10-22,59,13.2
2001-10-23,52,9.7
2001-10-24,36,6.5
2001-10-26,12,2.2
2001-10-27,37,6.7
2001-10-28,47,8.5
2001-10-29,44,7.9
2001-10-30,60,13.8
2001-10-31,64,16.2
2001-11-02,38,6.9
2001-11-03,52,9.7
2001-11-04,53,10.3
2001-11-05,68,18.2
2001-11-06,57,12.2
2001-11-07,78,23.5
2001-11-08,64,16.1
2001-11-09,56,11.9
2001-11-10,47,8.5
2001-11-11,33,6.0
2001-11-12,69,18.5
2001-11-13,63,15.8
2001-11-14,103,36.4
2001-11-15,106,37.4
2001-11-16,56,11.7
2001-11-17,88,29.1
2001-11-18,91,30.8
2001-11-19,35,6.3
2001-11-20,27,4.9
2001-11-21,51,9.2
2001-11-22,54,10.8
2001-11-23,62,14.8
2001-11-24,53,10.3
2001-11-25,19,3.5
2001-11-26,60,13.7
2001-11-27,55,11.3
2001-11-29,26,4.6
2001-11-30,24,4.3
2001-12-01,67,17.9
2001-12-02,64,16.1
2001-12-03,69,18.5
2001-12-04,61,14.3
2001-12-05,67,17.5
2001-12-06,42,7.6
2001-12-07,43,7.8
2001-12-11,82,25.8
2001-12-12,83,26.1
2001-12-13,55,11.2
2001-12-18,63,15.4
2001-12-19,34,6.1
2001-12-20,30,5.4
2001-12-21,54,10.8
2001-12-22,54,10.7
2001-12-23,51,9.3
2001-12-25,49,8.8
2001-12-26,51,9.1
2001-12-27,55,11.4
2001-12-29,36,6.4
2001-12-30,52,9.8
2001-12-31,52,9.5
2002-01-01,61,14.2
2002-01-02,63,15.3
2002-01-03,56,11.6
2002-01-04,62,15.0
2002-01-05,71,19.9
2002-01-06,55,11.2
2002-01-07,28,5.1
2002-01-08,58,12.6
2002-01-09,31,5.6
2002-01-11,47,8.4
2002-01-12,52,9.5
2002-01-13,42,7.6
2002-01-16,57,12.5
2002-01-17,60,13.8
2002-01-18,58,13.0
2002-01-19,66,17.0
2002-01-20,69,18.9
2002-01-21,63,15.4
2002-01-24,50,9.0
2002-01-25,29,5.3
2002-01-26,42,7.6
2002-01-28,60,14.1
2002-01-29,36,6.5
2002-02-02,69,18.7
2002-02-03,65,16.8
2002-02-05,69,18.8
2002-02-06,81,25.0
2002-02-07,88,29.1
2002-02-08,96,33.1
2002-02-09,73,21.1
2002-02-10,51,9.3
2002-02-11,38,6.8
2002-02-12,22,4.0
2002-02-13,36,6.4
2002-02-14,43,7.8
2002-02-15,54,10.7
2002-02-16,31,5.6
2002-02-17,26,4.6
2002-02-18,52,9.4
2002-02-19,58,12.9
2002-02-20,43,7.8
2002-02-21,31,5.5
2002-02-23,53,10.0
2002-02-24,53,10.3
2002-02-25,44,8.0
2002-02-26,29,5.2
2002-02-27,27,4.9
2002-02-28,58,13.1
2002-03-01,56,11.7
2002-03-02,61,14.3
2002-03-03,26,4.7
2002-03-05,72,20.4
2002-03-08,59,13.6
2002-03-13,75,22.2
2002-03-14,84,27.0
2002-03-15,53,10.0
2002-03-16,28,5.0
2002-03-17,59,13.2
2002-03-18,65,16.8
2002-03-19,79,24.0
2002-03-20,56,11.9
2002-03-21,49,8.8
2002-03-22,39,7.0
2002-03-23,53,10.0
2002-03-24,35,6.3
2002-03-25,31,5.5
2002-03-27,59,13.2
2002-03-28,82,25.9
2002-03-29,66,17.4
2002-03-30,32,5.7
2002-03-31,40,7.2
2002-04-01,55,11.5
2002-04-02,61,14.2
2002-04-03,46,8.3
2002-04-04,37,6.6
2002-04-05,63,15.8
2002-04-06,66,16.9
2002-04-07,56,11.6
2002-04-08,74,21.3
2002-04-09,47,8.5
2002-04-10,63,15.3
2002-04-11,55,11.3
2002-04-12,60,13.7
2002-04-13,58,12.7
2002-04-14,63,15.6
2002-04-15,60,14.1
2002-04-16,61,14.5
2002-04-17,59,13.4
2002-04-18,60,13.8
2002-04-19,32,5.7
2002-04-20,21,3.8
2002-04-21,33,6.0
2002-04-22,38,6.8
2002-04-23,61,14.3
2002-04-24,54,10.8
2002-04-25,34,6.2
2002-04-26,37,6.6
2002-04-27,58,12.6
2002-04-28,37,6.6
2002-04-29,51,9.2
2002-04-30,35,6.3
2002-05-01,52,9.8
2002-05-02,38,6.8
2002-05-03,23,4.1
2002-05-04,51,9.3
2002-05-05,41,7.3
2002-05-06,58,12.6
2002-05-07,31,5.5
2002-05-08,61,14.5
2002-05-09,37,6.7
2002-05-10,51,9.3
2002-05-11,54,10.7
2002-05-12,54,10.7
2002-05-13,49,8.9
2002-05-14,54,10.7
2002-05-15,53,10.3
2002-05-17,14,2.5
2002-05-20,19,3.5
2002-05-22,58,13.1
2002-05-23,66,17.1
2002-05-24,24,4.4
2002-05-25,41,7.3
2002-05-26,52,9.6
2002-05-27,56,11.7
2002-05-28,81,25.0
2002-05-29,62,14.8
2002-05-30,69,18.5
2002-05-31,53,10.3
2002-06-01,49,8.9
2002-06-02,48,8.7
2002-06-03,61,14.6
2002-06-04,55,11.4
2002-06-05,49,8.8
2002-06-06,53,10.3
2002-06-07,66,16.9
2002-06-08,81,25.1
2002-06-09,92,30.9
2002-06-10,66,17.4
2002-06-11,52,9.8
2002-06-12,27,4.8
2002-06-13,45,8.1
2002-06-14,34,6.1
2002-06-15,29,5.2
2002-06-16,33,5.9
2002-06-17,47,8.5
2002-06-18,57,12.4
2002-06-19,83,26.2
2002-06-20,96,33.0
2002-06-21,73,21.1
2002-06-22,82,25.7
2002-06-23,118,42.5
2002-06-24,97,33.9
2002-06-25,89,29.3
2002-06-26,46,8.3
2002-06-27,33,5.9
2002-06-28,55,11.1
2002-06-29,76,22.4
2002-06-30,86,28.0
2002-07-01,72,20.3
2002-07-02,74,21.6
2002-07-03,87,28.3
2002-07-04,58,12.8
2002-07-05,37,6.6
2002-07-06,66,17.1
2002-07-07,87,28.3
2002-07-08,96,33.4
2002-07-09,54,10.8
2002-07-10,53,10.2
2002-07-11,41,7.3
2002-07-12,54,10.9
2002-07-13,60,14.1
2002-07-14,64,16.2
2002-07-15,81,25.0
2002-07-16,77,23.2
2002-07-17,110,39.3
2002-07-19,65,16.4
2002-07-20,75,21.9
2002-07-21,73,21.0
2002-07-22,57,12.4
2002-07-23,12,2.1
2002-07-24,28,5.1
2002-07-25,71,19.9
2002-07-26,102,35.8
2002-07-27,66,17.3
2002-07-28,64,16.2
2002-07-29,53,10.4
2002-07-30,53,10.4
2002-07-31,62,14.8
2002-08-01,76,22.6
2002-08-02,35,6.3
2002-08-03,61,14.4
2002-08-04,69,18.6
2002-08-05,58,12.6
2002-08-06,19,3.5
2002-08-07,31,5.5
2002-08-08,48,8.6
2002-08-09,62,14.9
2002-08-10,82,26.0
2002-08-11,91,30.8
2002-08-12,77,23.0
2002-08-13,52,9.9
2002-08-14,43,7.8
2002-08-15,59,13.4
2002-08-16,56,11.8
2002-08-17,56,11.8
2002-08-18,42,7.6
2002-08-19,48,8.7
2002-08-20,52,9.4
2002-08-21,76,22.4
2002-08-22,52,9.6
2002-08-23,69,18.6
2002-08-24,61,14.6
2002-08-25,59,13.4
2002-08-26,51,9.3
2002-08-27,58,12.8
2002-08-28,53,10.1
2002-08-29,55,11.4
2002-08-30,70,19.4
2002-08-31,79,24.3
2002-09-01,95,32.7
2002-09-02,78,23.4
2002-09-03,46,8.2
2002-09-04,48,8.6
2002-09-05,39,7.0
2002-09-06,77,22.8
2002-09-07,92,31.3
2002-09-08,125,45.2
2002-09-09,107,38.0
2002-09-10,76,22.5
2002-09-11,31,5.5
2002-09-12,48,8.6
2002-09-13,61,14.7
2002-09-14,75,22.0
2002-09-15,26,4.6
2002-09-16,48,8.7
2002-09-17,74,21.4
2002-09-18,71,20.1
2002-09-19,58,13.1
2002-09-20,33,6.0
2002-09-21,48,8.7
2002-09-22,24,4.3
2002-09-23,31,5.5
2002-09-24,24,4.3
2002-09-25,45,8.1
2002-09-26,77,23.3
2002-09-27,55,11.2
2002-09-28,77,23.2
2002-09-29,87,28.3
2002-09-30,69,18.5
2002-10-01,74,21.2
2002-10-02,48,8.7
2002-10-03,46,8.3
2002-10-04,55,11.4
2002-10-05,35,6.3
2002-10-06,40,7.2
2002-10-07,38,6.8
2002-10-08,48,8.7
2002-10-09,53,10.4
2002-10-10,73,20.7
2002-10-11,86,27.9
2002-10-12,76,22.4
2002-10-13,24,4.4
2002-10-14,46,8.2
2002-10-15,23,4.1
2002-10-16,29,5.3
2002-10-17,46,8.2
2002-10-18,55,11.0
2002-10-19,38,6.8
2002-10-22,53,10.4
2002-10-23,16,2.9
2002-10-24,28,5.1
2002-10-25,59,13.2
2002-10-26,59,13.3
2002-10-27,47,8.5
2002-10-28,39,7.1
2002-10-29,30,5.4
2002-10-30,28,5.1
2002-10-31,31,5.6
2002-11-01,49,8.8
2002-11-02,53,10.1
2002-11-03,67,17.7
2002-11-04,69,18.7
2002-11-05,77,23.0
2002-11-08,42,7.5
2002-11-09,63,15.3
2002-11-10,66,17.1
2002-11-11,43,7.8
2002-11-13,57,12.4
2002-11-14,47,8.5
2002-11-16,18,3.3
2002-11-17,54,10.7
2002-11-19,63,15.7
2002-11-20,59,13.2
2002-11-21,51,9.1
2002-11-22,35,6.3
2002-11-23,56,11.7
2002-11-24,39,7.0
2002-11-25,32,5.8
2002-11-27,56,11.9
2002-11-28,74,21.6
2002-11-29,25,4.5
2002-11-30,16,2.9
2002-12-02,43,7.8
2002-12-03,57,12.3
2002-12-04,57,12.1
2002-12-05,65,16.8
2002-12-06,68,18.1
2002-12-07,65,16.6
2002-12-10,58,12.7
2002-12-13,65,16.5
2002-12-14,39,7.1
2002-12-15,41,7.3
2002-12-16,43,7.7
2002-12-17,37,6.6
2002-12-18,62,15.0
2002-12-19,58,12.9
2002-12-20,37,6.7
2002-12-21,39,7.0
2002-12-22,51,9.2
2002-12-23,51,9.1
2002-12-24,56,11.9
2002-12-25,41,7.4
2002-12-26,49,8.8
2002-12-27,82,25.9
2002-12-28,95,32.8
2002-12-29,118,42.3
2002-12-30,64,16.3
2002-12-31,42,7.6
2003-01-03,85,27.4
2003-01-06,48,8.6
2003-01-09,18,3.2
2003-01-12,41,7.3
2003-01-15,51,9.3
2003-01-21,29,5.2
2003-01-24,55,11.0
2003-01-27,58,12.6
2003-01-30,73,20.7
2003-02-07,51,9.3
2003-02-08,54,10.9
2003-02-11,46,8.3
2003-02-14,57,12.3
2003-02-17,51,9.3
2003-02-20,52,9.5
2003-02-23,27,4.8
2003-02-26,70,19.5
2003-03-01,122,44.0
2003-03-04,64,16.2
2003-03-07,77,23.0
2003-03-10,52,9.8
2003-03-13,43,7.8
2003-03-15,51,9.1
2003-03-16,100,35.2
2003-03-22,55,11.1
2003-03-23,73,20.9
2003-03-25,29,5.2
2003-04-06,34,6.1
2003-04-09,32,5.8
2003-04-10,38,6.9
2003-04-12,14,2.6
2003-04-15,57,12.2
2003-04-18,53,10.4
2003-04-24,56,12.0
2003-04-25,43,7.7
2003-04-27,55,11.4
2003-04-30,47,8.5
2003-05-03,34,6.2
2003-05-06,37,6.7
2003-05-09,59,13.3
2003-05-12,24,4.3
2003-05-15,57,12.3
2003-05-18,78,23.6
2003-05-21,18,3.3
2003-05-24,44,8.0
2003-05-27,54,10.9
2003-05-30,56,11.6
2003-06-02,56,12.0
2003-06-05,58,12.8
2003-06-08,35,6.3
2003-06-11,28,5.1
2003-06-14,43,7.7
2003-06-17,60,13.7
2003-06-20,31,5.5
2003-06-23,74,21.3
2003-06-26,29,5.3
2003-06-29,48,8.6
2003-07-02,72,20.3
2003-07-05,61,14.5
2003-07-08,34,6.2
2003-07-11,26,4.7
2003-07-14,77,23.1
2003-07-17,58,12.7
2003-07-20,60,14.0
2003-07-23,24,4.4
2003-07-26,76,22.5
2003-07-29,55,11.3
2003-08-01,70,19.2
2003-08-04,67,17.8
2003-08-07,52,9.5
2003-08-10,55,11.4
2003-08-13,56,12.0
2003-08-16,74,21.7
2003-08-19,69,18.6
2003-08-22,47,8.4
2003-08-25,82,25.5
2003-08-28,68,18.3
2003-08-31,31,5.6
2003-09-03,55,11.3
2003-09-06,58,13.1
2003-09-09,80,24.8
2003-09-12,93,31.9
2003-09-15,39,7.1
2003-09-18,79,23.9
2003-09-21,59,13.3
2003-09-24,52,9.5
2003-09-27,32,5.7
2003-09-30,23,4.2
2003-10-03,54,10.9
2003-10-06,33,6.0
2003-10-09,89,29.5
2003-10-12,38,6.9
2003-10-15,33,5.9
2003-10-18,63,15.6
2003-10-21,57,12.3
2003-10-24,61,14.4
2003-10-28,44,8.0
2003-10-30,54,10.8
2003-11-02,35,6.3
2003-11-05,53,10.1
2003-11-08,43,7.7
2003-11-11,70,19.5
2003-11-14,42,7.6
2003-11-17,73,20.9
2003-11-21,32,5.8
2003-11-23,42,7.6
2003-11-26,61,14.4
2003-11-29,49,8.9
2003-12-02,22,3.9
2003-12-05,35,6.3
2003-12-08,73,20.7
2003-12-11,31,5.5
2003-12-14,56,12.0
2003-12-17,55,11.0
2003-12-20,36,6.4
2003-12-23,52,9.8
2003-12-26,68,18.1
2003-12-29,37,6.6
2004-01-01,61,14.5
2004-01-04,23,4.2
2004-01-07,54,10.5
2004-01-10,68,18.3
2004-01-13,52,9.4
2004-01-16,64,16.0
2004-01-19,28,5.0
2004-01-22,32,5.7
2004-01-28,58,12.9
2004-01-31,75,22.1
2004-02-03,79,24.1
2004-02-06,59,13.3
2004-02-09,57,12.4
2004-02-12,66,17.3
2004-02-15,51,9.2
2004-02-18,115,41.0
2004-02-21,41,7.3
2004-02-24,58,12.9
2004-02-27,75,22.2
2004-03-02,57,12.1
2004-03-04,80,24.4
2004-03-07,32,5.8
2004-03-10,57,12.3
2004-03-13,63,15.6
2004-03-16,37,6.7
2004-03-19,60,14.0
2004-03-22,46,8.3
2004-03-26,52,9.6
2004-03-28,54,10.7
2004-03-31,21,3.7
2004-04-03,26,4.7
2004-04-06,74,21.7
2004-04-09,47,8.5
2004-04-12,17,3.1
2004-04-15,56,11.8
2004-04-18,58,13.0
2004-04-21,39,7.0
2004-04-24,43,7.7
2004-04-27,27,4.9
2004-04-30,21,3.8
2004-05-03,26,4.7
2004-05-06,59,13.2
2004-05-09,60,13.8
2004-05-12,57,12.5
2004-05-15,14,2.5
2004-05-18,21,3.7
2004-05-21,38,6.9
2004-05-24,21,3.8
2004-05-27,52,9.6
2004-05-30,59,13.6
2004-06-02,25,4.5
2004-06-05,59,13.4
2004-06-08,66,17.1
2004-06-11,56,11.6
2004-06-14,38,6.9
2004-06-17,62,14.8
2004-06-20,47,8.4
2004-06-23,37,6.7
2004-06-26,31,5.5
2004-06-29,44,8.0
2004-07-02,47,8.4
2004-07-05,48,8.6
2004-07-08,25,4.5
2004-07-11,63,15.8
2004-07-14,26,4.7
2004-07-17,58,12.8
2004-07-20,81,25.0
2004-07-23,18,3.2
2004-07-26,38,6.9
2004-07-29,78,23.5
2004-08-01,64,16.2
2004-08-04,36,6.5
2004-08-07,52,9.4
2004-08-10,23,4.2
2004-08-13,27,4.8
2004-08-16,62,15.2
2004-08-19,24,4.4
2004-08-22,60,13.8
2004-08-25,39,7.0
2004-08-28,22,3.9
2004-08-31,55,11.2
2004-09-06,71,20.0
2004-09-12,83,26.1
2004-09-16,37,6.7
2004-09-17,30,5.4
2004-09-18,47,8.5
2004-09-21,66,17.2
2004-09-24,49,8.8
2004-09-27,52,9.9
2004-09-30,56,11.9
2004-10-05,39,7.1
2004-10-06,44,8.0
2004-10-09,52,9.9
2004-10-12,47,8.4
2004-10-15,42,7.6
2004-10-18,47,8.5
2004-10-22,77,23.3
2004-10-24,39,7.1
2004-10-30,31,5.5
2004-11-02,21,3.7
2004-11-05,24,4.4
2004-11-08,26,4.7
2004-11-11,17,3.0
2004-11-14,67,17.5
2004-11-17,80,24.5
2004-11-20,44,7.9
2004-11-23,62,14.8
2004-11-26,57,12.3
2004-11-29,61,14.7
2004-12-02,66,17.1
2004-12-05,66,17.0
2004-12-08,58,12.8
2004-12-11,29,5.2
2004-12-16,47,8.4
2004-12-17,55,11.1
2004-12-20,39,7.1
2004-12-23,36,6.5
2004-12-26,69,18.5
2004-12-29,104,36.9
2005-01-01,50,9.0
2005-01-04,43,7.8
2005-01-07,63,15.5
2005-01-10,54,10.5
2005-01-13,44,8.0
2005-01-16,51,9.3
2005-01-19,59,13.3
2005-01-22,41,7.4
2005-01-25,86,28.1
2005-01-28,74,21.2
2005-01-31,95,32.8
2005-02-03,102,35.8
2005-02-06,81,25.1
2005-02-09,51,9.2
2005-02-12,66,17.3
2005-02-15,65,16.8
2005-02-18,32,5.8
2005-02-21,62,14.8
2005-02-25,80,24.4
2005-02-27,72,20.5
2005-03-01,31,5.5
2005-03-03,52,9.5
2005-03-05,77,23.0
2005-03-08,34,6.1
2005-03-11,47,8.4
2005-03-14,63,15.8
2005-03-17,57,12.5
2005-03-20,53,10.2
2005-03-23,20,3.6
2005-03-29,68,18.0
2005-03-31,22,3.9
2005-04-01,48,8.6
2005-04-04,57,12.2
2005-04-07,22,4.0
2005-04-10,65,16.8
2005-04-13,15,2.7
2005-04-16,61,14.3
2005-04-19,74,21.3
2005-04-22,38,6.8
2005-04-25,21,3.8
2005-04-28,37,6.6
2005-05-01,24,4.3
2005-05-04,60,13.7
2005-05-07,53,10.2
2005-05-10,31,5.5
2005-05-13,57,12.1
2005-05-16,11,1.9
2005-05-19,76,22.7
2005-05-22,53,10.2
2005-05-25,28,5.0
2005-05-28,35,6.3
2005-05-31,38,6.9
2005-06-03,72,20.3
2005-06-06,27,4.8
2005-06-09,61,14.4
2005-06-12,57,12.2
2005-06-15,26,4.6
2005-06-21,64,16.0
2005-06-24,89,29.3
2005-06-27,137,50.0
2005-06-30,98,34.5
2005-07-03,62,14.8
2005-07-09,60,13.8
2005-07-12,80,24.4
2005-07-15,57,12.1
2005-07-18,54,10.5
2005-07-21,49,8.8
2005-07-24,69,19.0
2005-07-27,35,6.3
2005-07-30,55,11.5
2005-08-02,119,42.8
2005-08-05,41,7.3
2005-08-08,87,28.5
2005-08-11,58,13.1
2005-08-14,39,7.0
2005-08-17,62,15.1
2005-08-20,43,7.8
2005-08-23,24,4.3
2005-08-26,87,28.5
2005-08-29,56,11.8
2005-09-01,49,8.9
2005-09-04,46,8.2
2005-09-07,95,32.8
2005-09-10,106,37.7
2005-09-13,81,25.2
2005-09-16,31,5.6
2005-09-19,70,19.3
2005-09-22,75,21.8
2005-09-25,73,21.0
2005-09-30,40,7.2
2005-10-01,62,14.8
2005-10-04,76,22.4
2005-10-07,18,3.3
2005-10-12,69,18.7
2005-10-13,74,21.7
2005-10-16,39,7.1
2005-10-19,24,4.3
2005-10-22,53,10.4
2005-10-25,21,3.7
2005-10-28,54,10.5
2005-10-31,92,30.9
2005-11-03,52,9.5
2005-11-06,27,4.8
2005-11-09,41,7.4
2005-11-12,62,14.9
2005-11-15,32,5.7
2005-11-18,55,11.0
2005-11-21,55,11.2
2005-11-24,19,3.5
2005-11-27,70,19.2
2005-11-30,51,9.1
2005-12-03,56,12.0
2005-12-06,68,18.1
2005-12-09,74,21.5
2005-12-14,87,28.5
2005-12-15,57,12.3
2005-12-20,76,22.3
2005-12-21,90,29.8
2005-12-24,97,33.9
2005-12-28,61,14.2
2005-12-30,57,12.3
2006-01-05,28,5.1
2006-01-08,63,15.5
2006-01-11,60,14.1
2006-01-14,29,5.3
2006-01-17,91,30.8
2006-01-20,64,15.9
2006-01-23,77,22.8
2006-01-26,59,13.2
2006-01-29,51,9.3
2006-02-08,28,5.1
2006-02-10,68,18.3
2006-02-13,53,10.0
2006-02-14,60,13.9
2006-02-16,21,3.8
2006-02-19,45,8.1
2006-02-22,63,15.8
2006-02-25,42,7.6
2006-02-28,23,4.2
2006-03-03,41,7.3
2006-03-06,71,19.7
2006-03-09,65,16.8
2006-03-12,57,12.5
2006-03-15,8,1.5
2006-03-18,45,8.1
2006-03-21,24,4.3
2006-03-24,33,6.0
2006-03-27,59,13.5
2006-03-30,78,23.8
2006-04-02,58,13.1
2006-04-05,27,4.8
2006-04-08,28,5.0
2006-04-11,60,13.8
2006-04-14,57,12.3
2006-04-17,25,4.5
2006-04-20,56,11.9
2006-04-23,36,6.4
2006-04-26,38,6.8
2006-04-29,58,13.1
2006-05-02,67,17.5
2006-05-05,29,5.3
2006-05-11,18,3.3
2006-05-14,43,7.8
2006-05-15,48,8.6
2006-05-17,39,7.1
2006-05-23,53,10.0
2006-05-26,63,15.4
2006-05-27,77,23.0
2006-05-29,60,13.7
2006-06-01,41,7.4
2006-06-04,39,7.0
2006-06-07,59,13.2
2006-06-10,18,3.3
2006-06-13,27,4.8
2006-06-16,83,26.2
2006-06-19,37,6.6
2006-06-22,39,7.0
2006-06-25,55,11.3
2006-06-28,72,20.6
2006-07-01,73,20.7
2006-07-04,60,14.0
2006-07-07,73,20.8
2006-07-10,21,3.8
2006-07-13,60,13.8
2006-07-16,62,15.1
2006-07-19,75,21.9
2006-07-22,41,7.3
2006-07-25,67,17.9
2006-07-28,70,19.2
2006-07-31,67,17.5
2006-08-03,51,9.1
2006-08-06,81,25.2
2006-08-09,70,19.4
2006-08-12,41,7.3
2006-08-15,36,6.4
2006-08-18,93,31.6
2006-08-21,54,10.7
2006-08-24,62,14.8
2006-08-27,63,15.7
2006-08-30,48,8.6
2006-09-02,54,10.5
2006-09-05,53,10.3
2006-09-08,60,14.0
2006-09-11,60,14.0
2006-09-14,57,12.3
2006-09-17,70,19.1
2006-09-20,24,4.3
2006-09-23,58,12.6
2006-09-26,44,8.0
2006-09-29,36,6.5
2006-10-02,52,9.8
2006-10-05,19,3.4
2006-10-08,62,14.9
2006-10-11,30,5.4
2006-10-14,26,4.6
2006-10-17,34,6.2
2006-10-20,51,9.2
2006-10-23,43,7.8
2006-10-26,51,9.2
2006-10-29,38,6.9
2006-11-01,31,5.5
2006-11-04,57,12.4
2006-11-07,84,26.8
2006-11-10,16,2.8
2006-11-13,69,19.0
2006-11-16,35,6.3
2006-11-19,38,6.8
2006-11-22,64,16.1
2006-11-25,84,27.0
2006-11-28,61,14.7
2006-12-01,26,4.6
2006-12-04,55,11.5
2006-12-07,23,4.1
2006-12-10,54,10.5
2006-12-13,66,17.1
2006-12-16,64,16.2
2006-12-19,53,10.3
2006-12-22,41,7.3
2006-12-25,74,21.2
2006-12-28,59,13.2
2006-12-31,64,16.0
2007-01-03,53,10.0
2007-01-06,64,16.1
2007-01-09,28,5.0
2007-01-12,56,11.7
2007-01-15,22,4.0
2007-01-18,62,15.1
2007-01-21,69,18.7
2007-01-24,65,16.8
2007-01-27,66,17.3
2007-01-30,55,11.0
2007-02-02,56,11.6
2007-02-05,54,10.6
2007-02-09,53,10.2
2007-02-11,65,16.7
2007-02-14,34,6.2
2007-02-17,64,16.0
2007-02-21,96,33.0
2007-02-23,27,4.8
2007-02-26,63,15.8
2007-03-01,69,18.8
2007-03-04,44,8.0
2007-03-07,55,11.2
2007-03-13,61,14.3
2007-03-16,39,7.1
2007-03-17,37,6.6
2007-03-19,53,10.3
2007-03-22,38,6.8
2007-03-25,58,13.1
2007-03-28,44,7.9
2007-03-31,65,16.4
2007-04-03,53,10.3
2007-04-10,73,21.0
2007-04-12,31,5.6
2007-04-13,43,7.8
2007-04-15,52,9.5
2007-04-18,26,4.7
2007-04-21,60,13.9
2007-04-24,32,5.8
2007-04-27,32,5.7
2007-04-30,31,5.6
2007-05-03,46,8.2
2007-05-06,27,4.8
2007-05-09,59,13.5
2007-05-12,17,3.0
2007-05-15,54,10.6
2007-05-18,33,6.0
2007-05-21,58,12.7
2007-05-24,98,34.4
2007-05-27,40,7.2
2007-05-30,104,36.8
2007-06-02,53,10.4
2007-06-05,23,4.2
2007-06-08,52,9.5
2007-06-11,67,17.8
2007-06-14,69,18.5
2007-06-17,97,34.0
2007-06-20,58,12.8
2007-06-23,54,10.5
2007-06-26,83,26.5
2007-06-29,32,5.8
2007-07-02,42,7.5
2007-07-05,73,21.1
2007-07-08,62,15.0
2007-07-11,18,3.3
2007-07-14,49,8.8
2007-07-17,55,11.3
2007-07-20,22,3.9
2007-07-23,65,16.4
2007-07-26,84,26.7
2007-07-29,53,10.4
2007-08-01,79,24.3
2007-08-04,51,9.3
2007-08-07,51,9.1
2007-08-10,62,15.0
2007-08-13,33,5.9
2007-08-16,55,11.5
2007-08-19,59,13.3
2007-08-22,55,11.2
2007-08-28,77,22.8
2007-08-29,63,15.4
2007-08-31,37,6.7
2007-09-03,66,17.0
2007-09-06,69,18.7
2007-09-09,30,5.4
2007-09-13,48,8.7
2007-09-15,24,4.3
2007-09-18,79,24.1
2007-09-21,94,32.0
2007-09-24,67,17.9
2007-09-27,52,9.5
2007-09-30,63,15.7
2007-10-03,38,6.8
2007-10-06,71,19.8
2007-10-09,23,4.1
2007-10-12,38,6.9
2007-10-15,67,17.9
2007-10-18,40,7.2
2007-10-21,45,8.1
2007-10-24,10,1.8
2007-10-27,61,14.4
2007-10-30,56,11.8
2007-11-02,58,12.9
2007-11-05,30,5.4
2007-11-08,59,13.2
2007-11-11,76,22.5
2007-11-14,54,10.8
2007-11-17,61,14.5
2007-11-20,110,39.0
2007-11-23,39,7.0
2007-11-26,77,22.8
2007-11-29,45,8.1
2007-12-02,55,11.0
2007-12-05,29,5.3
2007-12-11,53,10.2
2007-12-14,59,13.2
2007-12-17,84,26.9
2007-12-20,122,44.2
2007-12-23,73,20.9
2007-12-26,58,12.6
2007-12-29,61,14.3
2008-01-01,77,22.8
2008-01-07,44,8.0
2008-01-10,63,15.6
2008-01-11,62,14.9
2008-01-13,74,21.4
2008-01-16,59,13.5
2008-01-19,49,8.8
2008-01-22,52,9.7
2008-01-25,63,15.3
2008-01-29,64,16.0
2008-01-31,38,6.8
2008-02-06,23,4.1
2008-02-09,78,23.8
2008-02-12,53,10.3
2008-02-18,37,6.6
2008-02-22,65,16.6
2008-02-24,96,33.3
2008-02-27,33,6.0
2008-03-01,56,12.0
2008-03-04,32,5.7
2008-03-07,44,8.0
2008-03-13,52,9.4
2008-03-19,52,9.7
2008-03-22,17,3.0
2008-03-25,47,8.5
2008-03-28,23,4.2
2008-03-31,55,11.0
2008-04-03,54,10.6
2008-04-06,65,16.5
2008-04-09,19,3.5
2008-04-12,14,2.6
2008-04-15,44,8.0
2008-04-18,53,10.2
2008-04-21,74,21.2
2008-04-24,54,10.7
2008-04-27,43,7.8
2008-04-30,56,11.8
2008-05-03,43,7.8
2008-05-06,64,16.0
2008-05-09,24,4.3
2008-05-12,21,3.8
2008-05-15,21,3.7
2008-05-18,18,3.3
2008-05-21,19,3.4
2008-05-24,29,5.3
2008-05-27,12,2.2
2008-05-30,61,14.2
2008-06-02,56,11.7
2008-06-05,47,8.5
2008-06-10,34,6.1
2008-06-11,52,9.8
2008-06-14,29,5.2
2008-06-17,24,4.3
2008-06-20,57,12.1
2008-06-23,36,6.5
2008-06-26,55,11.3
2008-06-29,23,4.2
2008-07-02,57,12.1
2008-07-05,55,11.1
2008-07-08,26,4.6
2008-07-11,39,7.1
2008-07-14,43,7.8
2008-07-17,73,21.1
2008-07-20,32,5.7
2008-07-23,30,5.4
2008-07-26,62,14.8
2008-07-29,60,13.8
2008-08-01,51,9.3
2008-08-04,39,7.0
2008-08-07,34,6.2
2008-08-10,13,2.3
2008-08-13,47,8.5
2008-08-16,39,7.0
2008-08-20,49,8.8
2008-08-22,65,16.5
2008-08-25,16,2.8
2008-08-28,80,24.9
2008-08-31,59,13.5
2008-09-03,39,7.1
2008-09-06,41,7.4
2008-09-09,22,4.0
2008-09-12,62,15.2
2008-09-15,21,3.8
2008-09-18,38,6.8
2008-09-21,83,26.2
2008-09-24,81,25.1
2008-09-27,64,16.3
2008-09-30,28,5.1
2008-10-03,22,4.0
2008-10-06,52,9.7
2008-10-09,27,4.8
2008-10-12,62,14.8
2008-10-15,53,10.0
2008-10-18,38,6.8
2008-10-21,21,3.8
2008-10-27,44,8.0
2008-10-30,49,8.9
2008-11-02,66,17.2
2008-11-05,60,14.0
2008-11-08,14,2.6
2008-11-11,69,18.8
2008-11-14,41,7.3
2008-11-17,22,3.9
2008-11-20,15,2.7
2008-11-25,35,6.3
2008-11-26,57,12.5
2008-11-29,66,17.1
2008-12-02,53,10.0
2008-12-08,66,17.4
2008-12-12,52,9.6
2008-12-14,35,6.3
2008-12-17,61,14.2
2008-12-20,43,7.8
2008-12-23,53,10.3
2008-12-26,57,12.3
2008-12-29,37,6.6
2009-01-01,53,10.4
2009-01-04,58,13.1
2009-01-07,76,22.6
2009-01-10,48,8.6
2009-01-13,52,9.5
2009-01-16,55,11.3
2009-01-22,99,34.8
2009-01-23,78,23.7
2009-01-25,56,11.6
2009-01-28,67,17.5
2009-01-31,61,14.3
2009-02-03,27,4.9
2009-02-08,76,22.6
2009-02-15,49,8.9
2009-02-18,57,12.1
2009-02-24,66,17.1
2009-02-27,20,3.6
2009-03-02,12,2.2
2009-03-05,61,14.3
2009-03-08,19,3.5
2009-03-11,30,5.4
2009-03-14,66,17.0
2009-03-17,61,14.2
2009-03-20,28,5.0
2009-03-23,54,10.8
2009-03-26,40,7.2
2009-03-29,23,4.2
2009-04-01,28,5.0
2009-04-04,23,4.1
2009-04-08,39,7.0
2009-04-10,27,4.9
2009-04-13,38,6.8
2009-04-16,36,6.5
2009-04-19,63,15.4
2009-04-22,29,5.2
2009-04-25,42,7.6
2009-04-28,5,0.9
2009-05-01,24,4.3
2009-05-04,51,9.3
2009-05-07,50,9.0
2009-05-10,29,5.3
2009-05-13,54,10.8
2009-05-16,26,4.6
2009-05-19,43,7.8
2009-05-22,32,5.7
2009-05-25,33,6.0
2009-05-29,29,5.3
2009-05-31,36,6.5
2009-06-03,22,3.9
2009-06-06,28,5.1
2009-06-09,25,4.5
2009-06-12,37,6.6
2009-06-15,46,8.3
2009-06-18,69,18.8
2009-06-21,57,12.1
2009-06-24,60,14.0
2009-06-27,50,9.0
2009-06-30,19,3.5
2009-07-03,27,4.9
2009-07-06,38,6.9
2009-07-09,34,6.2
2009-07-12,25,4.5
2009-07-15,39,7.0
2009-07-18,17,3.1
2009-07-21,52,9.9
2009-07-24,46,8.3
2009-07-27,29,5.3
2009-07-30,50,9.0
2009-08-04,53,10.0
2009-08-05,32,5.8
2009-08-08,69,19.0
2009-08-11,31,5.5
2009-08-14,69,19.0
2009-08-17,51,9.1
2009-08-20,22,3.9
2009-08-23,16,2.8
2009-08-28,50,9.0
2009-08-29,15,2.7
2009-09-01,38,6.9
2009-09-04,61,14.6
2009-09-07,68,18.1
2009-09-10,64,16.1
2009-09-13,53,10.1
2009-09-16,27,4.8
2009-09-19,30,5.4
2009-09-22,54,10.8
2009-09-25,29,5.3
2009-09-28,11,2.0
2009-10-01,44,7.9
2009-10-04,16,2.9
2009-10-07,41,7.3
2009-10-10,48,8.7
2009-10-13,24,4.4
2009-10-16,28,5.1
2009-10-19,51,9.2
2009-10-22,24,4.3
2009-10-25,40,7.2
2009-10-28,56,11.8
2009-10-31,29,5.3
2009-11-03,24,4.4
2009-11-06,53,10.2
2009-11-09,52,9.5
2009-11-12,55,11.4
2009-11-15,22,4.0
2009-11-18,52,9.9
2009-11-21,71,19.6
2009-11-24,81,25.0
2009-11-27,42,7.5
2009-11-30,32,5.7
2009-12-03,29,5.3
2009-12-06,57,12.3
2009-12-09,22,4.0
2009-12-12,55,11.5
2009-12-15,39,7.1
2009-12-18,72,20.4
2009-12-21,70,19.5
2009-12-24,37,6.6
2009-12-27,60,13.9
2009-12-30,68,18.1
2010-01-02,35,6.3
2010-01-05,42,7.6
2010-01-08,24,4.3
2010-01-11,56,11.8
2010-01-14,55,11.2
2010-01-17,67,17.6
2010-01-20,39,7.1
2010-01-23,71,19.8
2010-01-29,38,6.8
2010-02-01,90,30.1
2010-02-02,96,33.5
2010-02-04,98,34.1
2010-02-07,18,3.3
2010-02-10,10,1.8
2010-02-13,57,12.4
2010-02-16,11,1.9
2010-02-19,52,9.6
2010-02-22,43,7.8
2010-02-25,29,5.3
2010-02-28,18,3.2
2010-03-03,38,6.8
2010-03-06,71,19.6
2010-03-12,45,8.1
2010-03-15,21,3.8
2010-03-18,52,9.5
2010-03-21,24,4.3
2010-03-24,22,3.9
2010-03-27,37,6.6
2010-03-30,42,7.5
2010-04-02,51,9.1
2010-04-05,30,5.4
2010-04-08,11,1.9
2010-04-13,28,5.0
2010-04-14,62,15.1
2010-04-17,8,1.5
2010-04-20,28,5.0
2010-04-23,51,9.1
2010-04-28,21,3.8
2010-04-29,41,7.3
2010-05-02,24,4.3
2010-05-06,17,3.0
2010-05-08,9,1.6
2010-05-11,25,4.5
2010-05-14,19,3.5
2010-05-17,29,5.3
2010-05-20,52,9.7
2010-05-23,57,12.5
2010-05-26,66,16.9
2010-05-29,55,11.2
2010-06-01,59,13.3
2010-06-04,39,7.1
2010-06-07,22,4.0
2010-06-10,31,5.5
2010-06-13,57,12.2
2010-06-16,29,5.2
2010-06-19,24,4.3
2010-06-22,42,7.6
2010-06-25,57,12.3
2010-06-28,26,4.6
2010-07-01,36,6.5
2010-07-04,66,17.2
2010-07-07,53,10.0
2010-07-10,44,7.9
2010-07-13,53,10.0
2010-07-16,47,8.5
2010-07-19,35,6.3
2010-07-24,22,4.0
2010-07-25,33,5.9
2010-07-28,57,12.3
2010-07-31,65,16.6
2010-08-03,55,11.5
2010-08-06,66,17.0
2010-08-09,52,9.7
2010-08-12,54,10.5
2010-08-15,38,6.9
2010-08-18,56,12.0
2010-08-26,38,6.8
2010-08-27,58,12.8
2010-08-28,52,9.8
2010-08-30,49,8.8
2010-09-02,40,7.2
2010-09-05,42,7.5
2010-09-08,24,4.4
2010-09-11,43,7.7
2010-09-14,24,4.3
2010-09-17,48,8.6
2010-09-20,10,1.8
2010-09-23,58,13.1
2010-09-26,40,7.2
2010-09-29,55,11.2
2010-10-02,16,2.9
2010-10-05,54,10.5
2010-10-08,46,8.3
2010-10-11,61,14.2
2010-10-14,29,5.2
2010-10-17,37,6.6
2010-10-22,40,7.2
2010-10-23,55,11.5
2010-10-26,32,5.7
2010-10-29,36,6.4
2010-11-01,26,4.7
2010-11-04,19,3.4
2010-11-07,57,12.5
2010-11-10,87,28.4
2010-11-13,57,12.2
2010-11-16,63,15.5
2010-11-19,64,16.3
2010-11-22,52,9.8
2010-11-25,29,5.2
2010-11-28,56,12.0
2010-12-04,54,10.7
2010-12-07,39,7.0
2010-12-10,73,20.8
2010-12-13,19,3.4
2010-12-16,58,12.6
2010-12-19,65,16.6
2010-12-22,56,11.6
2010-12-25,19,3.4
2010-12-28,77,23.0
2014-07-16,18,3.3
2014-07-19,32,5.8
2014-07-22,65,16.5
2014-07-25,27,4.8
2014-07-28,52,9.9
2014-08-03,70,19.4
2014-08-06,54,10.6
2014-08-09,85,27.2
2014-08-12,29,5.3
2014-08-15,41,7.4
2014-08-18,58,12.9
2014-08-21,52,9.9
2014-08-24,84,26.8
2014-08-27,62,14.8
2014-08-30,54,10.6
2014-09-02,18,3.2
2014-09-05,45,8.1
2014-09-08,70,19.1
2014-09-11,16,2.8
2014-09-14,43,7.7
2014-09-17,53,10.0
2014-09-20,66,17.1
2014-09-23,46,8.3
2014-09-26,63,15.5
2014-09-29,62,14.8
2014-10-02,55,11.3
2014-10-05,19,3.5
2014-10-08,24,4.3
2014-10-11,38,6.9
2014-10-14,27,4.9
2014-10-20,32,5.8
2014-10-23,57,12.4
2014-10-26,19,3.5
2014-10-29,62,15.0
2014-11-01,33,5.9
2014-11-04,47,8.4
2014-11-07,33,5.9
2014-11-10,45,8.1
2014-11-13,24,4.3
2014-11-16,69,18.5
2014-11-19,56,12.0
2014-11-22,63,15.3
2014-11-25,55,11.3
2014-11-28,56,11.9
2014-12-01,29,5.3
2014-12-04,59,13.3
2014-12-07,38,6.9
2014-12-10,36,6.4
2014-12-13,72,20.6
2014-12-16,42,7.6
2014-12-19,48,8.6
2014-12-22,75,22.0
2014-12-25,27,4.8
2014-12-28,42,7.5
2014-12-31,26,4.6
2015-01-03,32,5.8
2015-01-06,51,9.1
2015-01-09,16,2.9
2015-01-12,51,9.1
2015-01-15,73,21.1
2015-01-18,34,6.2
2015-01-21,64,16.2
2015-01-24,59,13.2
2015-01-27,56,11.8
2015-01-30,12,2.2
2015-02-02,10,1.8
2015-02-05,71,19.9
2015-02-11,54,10.6
2015-02-14,27,4.8
2015-02-20,26,4.7
2015-02-23,37,6.7
2015-02-26,21,3.7
2015-03-01,70,19.2
2015-03-04,45,8.1
2015-03-07,67,17.6
2015-03-10,77,23.3
2015-03-13,55,11.4
2015-03-16,51,9.3
2015-03-19,36,6.5
2015-03-22,6,1.0
2015-03-25,61,14.2
2015-03-28,18,3.2
2015-04-03,22,4.0
2015-04-06,51,9.2
2015-04-09,52,9.6
2015-04-12,55,11.1
2015-04-15,24,4.3
2015-04-18,66,17.4
2015-04-21,21,3.8
2015-04-27,13,2.4
2015-04-30,65,16.8
2015-05-03,60,13.8
2015-05-09,14,2.5
2015-05-21,26,4.7
2015-05-24,76,22.4
2015-05-30,23,4.2
2015-06-08,36,6.5
2015-06-11,63,15.5
2015-06-14,27,4.8
2015-06-17,35,6.3
2015-06-20,44,8.0
2015-06-23,26,4.6
2015-06-26,54,10.7
2015-06-29,55,11.3
2015-07-02,20,3.6
2015-07-05,160,68.2
2015-07-11,68,18.1
2015-07-14,26,4.7
2015-07-17,52,9.8
2015-07-20,37,6.7
2015-07-23,53,10.3
2015-07-26,52,9.8
2015-07-29,36,6.4
2015-08-01,33,6.0
2015-08-04,29,5.3
2015-08-07,47,8.4
2015-08-10,55,11.3
2015-08-13,40,7.2
2015-08-16,59,13.3
2015-08-19,24,4.3
2015-08-22,47,8.4
2015-08-25,19,3.5
2015-08-28,59,13.4
2015-08-31,58,12.8
2015-09-03,58,12.9
2015-09-06,68,18.2
2015-09-09,26,4.7
2015-09-12,19,3.5
2015-09-15,43,7.8
2015-09-18,46,8.3
2015-09-21,41,7.4
2015-09-24,56,11.8
2015-09-27,51,9.3
2015-09-30,12,2.2
2015-10-03,14,2.6
2015-10-06,41,7.3
2015-10-09,26,4.7
2015-10-12,40,7.2
2015-10-15,29,5.3
2015-10-18,52,9.5
2015-10-21,63,15.3
2015-10-24,29,5.2
2015-10-27,33,6.0
2015-10-30,27,4.9
2015-11-02,32,5.7
2015-11-05,52,9.6
2015-11-08,60,14.1
2015-11-11,60,14.1
2015-11-14,36,6.4
2015-11-17,42,7.6
2015-11-20,17,3.0
2015-11-23,48,8.6
2015-11-26,44,8.0
2015-11-29,39,7.0
2015-12-02,32,5.7
2015-12-05,58,12.9
2015-12-08,62,14.9
2015-12-11,29,5.2
2015-12-14,24,4.4
2015-12-17,18,3.3
2015-12-20,27,4.9
2015-12-23,33,5.9
2015-12-26,20,3.6
2016-01-01,50,9.0
2016-01-04,9,1.7
2016-01-07,58,13.0
2016-01-10,19,3.5
2016-01-13,52,9.7
2016-01-16,23,4.2
2016-01-19,51,9.1
2016-01-22,54,10.8
2016-01-25,58,13.1
2016-01-28,27,4.8
2016-01-31,62,15.1
2016-02-03,23,4.2
2016-02-06,64,15.9
2016-02-09,18,3.3
2016-02-12,29,5.2
2016-02-15,67,17.5
2016-02-18,56,12.0
2016-02-21,19,3.5
2016-02-27,46,8.2
2016-03-01,17,3.1
2016-03-04,53,10.0
2016-03-07,48,8.7
2016-03-10,38,6.8
2016-03-13,41,7.3
2016-03-16,15,2.7
2016-03-19,14,2.5
2016-03-22,55,11.3
2016-03-25,15,2.7
2016-03-28,28,5.1
2016-03-31,22,4.0
2016-04-03,30,5.4
2016-04-06,48,8.7
2016-04-09,20,3.6
2016-04-12,24,4.3
2016-04-15,51,9.1
2016-04-18,66,17.2
2016-04-21,49,8.8
2016-04-24,55,11.2
2016-04-27,23,4.1
2016-05-03,28,5.1
2016-05-06,42,7.5
2016-05-09,58,13.1
2016-05-12,28,5.0
2016-05-15,18,3.2
2016-05-21,41,7.3
2016-05-27,40,7.2
2016-05-30,32,5.8
2016-06-08,22,3.9
2016-06-11,44,8.0
2016-06-14,51,9.3
2016-06-17,39,7.1
2016-06-23,38,6.9
2016-06-26,32,5.8
2016-06-29,29,5.3
2016-07-02,41,7.3
2016-07-05,44,8.0
2016-07-08,26,4.6
2016-07-11,55,11.0
2016-07-17,51,9.3
2016-07-23,43,7.8
2016-07-26,50,9.0
2016-07-29,40,7.2
2016-08-01,48,8.7
2016-08-04,59,13.5
2016-08-07,29,5.2
2016-08-10,58,12.9
2016-08-13,24,4.4
2016-08-19,33,6.0
2016-08-25,38,6.9
2016-08-28,29,5.2
2016-08-31,23,4.2
2016-09-03,28,5.1
2016-09-06,53,10.1
2016-09-12,33,6.0
2016-09-15,30,5.4
2016-09-18,43,7.7
2016-09-21,61,14.5
2016-09-24,33,5.9
2016-09-27,19,3.5
2016-09-30,17,3.0
2016-10-06,54,10.5
2016-10-09,46,8.2
2016-10-12,55,11.5
2016-10-15,50,9.0
2016-10-18,35,6.3
2016-10-21,16,2.8
2016-10-24,34,6.2
2016-10-30,11,1.9
2016-11-05,53,10.1
2016-11-08,52,9.5
2016-11-11,10,1.8
2016-11-14,58,12.6
2016-11-17,58,12.7
2016-11-20,27,4.8
2016-11-23,54,10.7
2016-11-26,45,8.1
2016-12-01,24,4.4
2016-12-02,15,2.7
2016-12-03,50,9.0
2016-12-04,69,18.8
2016-12-05,54,10.6
2016-12-06,57,12.2
2016-12-07,32,5.8
2016-12-08,27,4.8
2016-12-09,36,6.5
2016-12-10,53,10.1
2016-12-11,58,13.0
2016-12-12,68,18.4
2016-12-13,61,14.6
2016-12-14,46,8.2
2016-12-15,49,8.8
2016-12-16,56,11.6
2016-12-17,60,14.0
2016-12-18,46,8.3
2016-12-19,57,12.1
2016-12-20,51,9.3
2016-12-21,68,18.4
2016-12-22,54,10.5
2016-12-23,66,16.9
2016-12-24,65,16.6
2016-12-25,61,14.6
2016-12-26,37,6.7
2016-12-27,35,6.3
2016-12-28,52,9.6
2016-12-29,31,5.6
2016-12-30,27,4.8
2016-12-31,48,8.6
2017-01-01,59,13.5
2017-01-02,68,18.3
2017-01-03,55,11.5
2017-01-04,19,3.5
2017-01-05,45,8.1
2017-01-06,58,12.6
2017-01-07,40,7.2
2017-01-08,37,6.6
2017-01-09,61,14.6
2017-01-10,53,10.2
2017-01-11,59,13.5
2017-01-12,46,8.3
2017-01-13,33,5.9
2017-01-14,66,17.3
2017-01-15,102,35.9
2017-01-16,78,23.7
2017-01-17,37,6.7
2017-01-18,53,10.0
2017-01-19,71,20.1
2017-01-20,58,13.0
2017-01-21,54,10.7
2017-01-22,54,10.5
2017-01-23,45,8.1
2017-01-24,40,7.2
2017-01-25,53,10.2
2017-01-26,24,4.4
2017-01-27,36,6.4
2017-01-28,55,11.5
2017-01-29,29,5.3
2017-01-30,29,5.2
2017-01-31,28,5.1
2017-02-01,30,5.4
2017-02-02,31,5.5
2017-02-03,19,3.5
2017-02-04,36,6.4
2017-02-05,64,16.0
2017-02-06,78,23.7
2017-02-07,54,10.6
2017-02-08,24,4.4
2017-02-09,19,3.4
2017-02-10,53,10.1
2017-02-11,70,19.4
2017-02-12,29,5.3
2017-02-13,27,4.8
2017-02-14,30,5.4
2017-02-15,29,5.3
2017-02-16,37,6.6
2017-02-17,62,14.9
2017-02-18,47,8.5
2017-02-19,65,16.6
2017-02-20,84,26.7
2017-02-21,54,10.9
2017-02-22,58,13.0
2017-02-23,37,6.6
2017-02-24,10,1.8
2017-02-25,42,7.6
2017-02-26,51,9.1
2017-02-27,58,12.7
2017-02-28,57,12.1
2017-03-01,24,4.4
2017-03-02,29,5.3
2017-03-03,35,6.3
2017-03-04,52,9.7
2017-03-05,39,7.0
2017-03-06,47,8.4
2017-03-07,19,3.5
2017-03-08,17,3.0
2017-03-09,20,3.6
2017-03-10,28,5.1
2017-03-11,20,3.6
2017-03-12,41,7.3
2017-03-13,45,8.1
2017-03-14,26,4.6
2017-03-15,42,7.6
2017-03-16,58,13.0
2017-03-17,66,17.0
2017-03-18,30,5.4
2017-03-19,45,8.1
2017-03-20,60,13.9
2017-03-21,34,6.2
2017-03-22,24,4.4
2017-03-23,51,9.3
2017-03-24,58,12.6
2017-03-25,39,7.0
2017-03-26,43,7.8
2017-03-27,36,6.4
2017-03-28,23,4.2
2017-03-29,18,3.2
2017-03-30,31,5.6
2017-03-31,20,3.6
2017-04-01,23,4.2
2017-04-02,52,9.5
2017-04-03,44,7.9
2017-04-04,22,4.0
2017-04-05,32,5.8
2017-04-06,16,2.8
2017-04-07,13,2.3
2017-04-08,38,6.8
2017-04-09,53,10.3
2017-04-10,35,6.3
2017-04-11,28,5.1
2017-04-12,28,5.1
2017-04-13,37,6.7
2017-04-14,51,9.3
2017-04-15,54,10.5
2017-04-16,28,5.0
2017-04-17,23,4.2
2017-04-18,36,6.4
2017-04-19,33,6.0
2017-04-20,29,5.2
2017-04-21,15,2.7
2017-04-22,17,3.0
2017-04-23,42,7.6
2017-04-24,33,5.9
2017-04-25,43,7.7
2017-04-26,53,10.4
2017-04-27,29,5.3
2017-04-28,53,10.4
2017-04-29,28,5.0
2017-04-30,13,2.3
2017-05-01,11,1.9
2017-05-02,16,2.9
2017-05-03,20,3.6
2017-05-04,,5.5875
2017-05-07,16,2.8
2017-05-13,56,11.9
2017-05-16,58,12.9
2017-05-19,10,1.8
2017-05-22,19,3.5
2017-05-25,34,6.1
2017-05-28,39,7.1
2017-05-31,18,3.3
2017-06-03,58,12.6
2017-06-06,14,2.5
2017-06-07,,6.066667
2017-06-08,48,8.7
2017-06-09,44,8.0
2017-06-10,53,10.1
2017-06-11,54,10.9
2017-06-12,49,8.8
2017-06-13,26,4.6
2017-06-14,41,7.3
2017-06-15,39,7.1
2017-06-16,28,5.1
2017-06-17,50,9.0
2017-06-18,15,2.7
2017-06-19,21,3.8
2017-06-20,21,3.8
2017-06-21,43,7.7
2017-06-22,47,8.4
2017-06-23,25,4.5
2017-06-24,18,3.3
2017-06-25,15,2.7
2017-06-26,18,3.3
2017-06-27,34,6.1
2017-06-28,38,6.9
2017-06-29,32,5.7
2017-06-30,65,16.7
2017-07-01,29,5.3
2017-07-02,41,7.3
2017-07-03,34,6.1
2017-07-04,39,7.1
2017-07-05,55,11.0
2017-07-06,56,11.9
2017-07-07,35,6.3
2017-07-08,32,5.8
2017-07-09,44,8.0
2017-07-10,34,6.2
2017-07-11,39,7.0
2017-07-12,42,7.5
2017-07-13,45,8.1
2017-07-14,19,3.4
2017-07-15,28,5.0
2017-07-16,23,4.2
2017-07-17,46,8.2
2017-07-18,58,12.9
2017-07-19,47,8.4
2017-07-20,23,4.1
2017-07-21,52,9.5
2017-07-22,24,4.3
2017-07-23,36,6.4
2017-07-24,18,3.2
2017-07-25,31,5.5
2017-07-26,58,13.1
2017-07-27,54,10.8
2017-07-28,34,6.1
2017-07-29,21,3.8
2017-07-30,41,7.3
2017-07-31,56,11.9
2017-08-01,66,17.4
2017-08-02,53,10.3
2017-08-03,54,10.6
2017-08-04,17,3.1
2017-08-05,30,5.4
2017-08-06,56,11.7
2017-08-07,36,6.4
2017-08-08,52,9.5
2017-08-09,,12.444444
2017-08-10,59,13.3
2017-08-11,31,5.5
2017-08-12,30,5.4
2017-08-13,47,8.4
2017-08-14,58,13.0
2017-08-15,52,9.4
2017-08-16,53,10.4
2017-08-17,30,5.4
2017-08-18,35,6.3
2017-08-19,56,12.0
2017-08-20,61,14.6
2017-08-21,52,9.4
2017-08-22,25,4.5
2017-08-23,36,6.5
2017-08-24,28,5.0
2017-08-25,41,7.4
2017-08-26,52,9.5
2017-08-27,61,14.2
2017-08-28,58,13.1
2017-08-29,53,10.0
2017-08-30,51,9.1
2017-08-31,54,10.7
2017-09-01,21,3.8
2017-09-02,49,8.9
2017-09-03,60,14.1
2017-09-04,60,13.9
2017-09-05,36,6.5
2017-09-06,19,3.4
2017-09-07,23,4.2
2017-09-08,22,3.9
2017-09-09,26,4.6
2017-09-10,32,5.8
2017-09-11,48,8.7
2017-09-12,36,6.5
2017-09-13,52,9.7
2017-09-14,54,10.9
2017-09-15,52,9.4
2017-09-16,60,13.9
2017-09-19,44,8.0
2017-09-22,62,15.0
2017-09-25,55,11.1
2017-09-27,,5.35
2017-09-28,28,5.0
2017-09-29,23,4.1
2017-09-30,14,2.5
2017-10-01,29,5.2
2017-10-02,47,8.4
2017-10-03,54,10.5
2017-10-04,37,6.6
2017-10-05,16,2.8
2017-10-06,44,7.9
2017-10-07,40,7.2
2017-10-08,32,5.8
2017-10-09,49,8.8
2017-10-10,24,4.3
2017-10-11,18,3.2
2017-10-12,34,6.1
2017-10-13,38,6.9
2017-10-14,44,7.9
2017-10-15,,4.5
2017-10-16,22,3.9
2017-10-17,,8.8
2017-10-18,,1.2
2017-10-19,32,5.8
2017-10-20,69,18.5
2017-10-21,45,8.1
2017-10-22,34,6.2
2017-10-23,11,2.0
2017-10-24,11,1.9
2017-10-25,21,3.8
2017-10-26,41,7.3
2017-10-27,14,2.6
2017-10-28,8,1.5
2017-10-29,14,2.5
2017-10-30,26,4.7
2017-10-31,17,3.1
2017-11-01,41,7.3
2017-11-02,36,6.4
2017-11-03,28,5.0
2017-11-04,39,7.1
2017-11-05,42,7.5
2017-11-06,28,5.0
2017-11-07,36,6.5
2017-11-08,53,10.3
2017-11-09,35,6.3
2017-11-10,49,8.8
2017-11-11,50,9.0
2017-11-12,66,17.0
2017-11-13,70,19.3
2017-11-14,55,11.0
2017-11-15,43,7.7
2017-11-16,17,3.1
2017-11-17,53,10.1
2017-11-18,29,5.2
2017-11-19,39,7.0
2017-11-20,37,6.6
2017-11-21,32,5.8
2017-11-22,34,6.1
2017-11-23,55,11.1
2017-11-24,52,9.6
2017-11-25,27,4.9
2017-11-26,51,9.3
2017-11-27,63,15.8
2017-11-28,51,9.3
2017-11-29,26,4.6
2017-11-30,27,4.9
2017-12-01,52,9.9
2017-12-02,70,19.1
2017-12-03,74,21.4
2017-12-04,57,12.4
2017-12-05,23,4.1
2017-12-06,16,2.8
2017-12-07,21,3.8
2017-12-08,36,6.5
2017-12-09,34,6.1
2017-12-10,43,7.8
2017-12-11,63,15.4
2017-12-12,,0.066667
2017-12-13,,4.982353
2017-12-14,34,6.2
2017-12-15,23,4.1
2017-12-16,55,11.0
2017-12-17,75,22.1
2017-12-18,57,12.4
2017-12-19,43,7.8
2017-12-20,27,4.9
2017-12-21,52,9.4
2017-12-22,62,14.9
2017-12-23,59,13.6
2017-12-24,44,7.9
2017-12-25,31,5.5
2017-12-26,28,5.1
2017-12-27,63,15.5
2017-12-28,60,13.7
2017-12-29,69,18.5
2017-12-30,39,7.0
2017-12-31,31,5.5
2018-01-01,46,8.2
2018-01-02,48,8.6
2018-01-03,54,10.5
2018-01-04,31,5.6
2018-01-05,32,5.7
2018-01-06,52,9.7
2018-01-07,60,14.0
2018-01-08,64,16.0
2018-01-09,83,26.2
2018-01-10,56,11.8
2018-01-11,27,4.8
2018-01-12,19,3.5
2018-01-13,33,5.9
2018-01-14,43,7.8
2018-01-15,61,14.4
2018-01-16,49,8.9
2018-01-17,54,10.7
2018-01-18,61,14.2
2018-01-19,57,12.2
2018-01-20,56,12.0
2018-01-21,65,16.8
2018-01-22,31,5.5
2018-01-23,16,2.9
2018-01-24,43,7.8
2018-01-25,60,13.9
2018-01-26,34,6.1
2018-01-27,49,8.9
2018-01-28,50,9.0
2018-01-29,14,2.6
2018-01-30,38,6.8
2018-01-31,47,8.4
2018-02-01,20,3.6
2018-02-02,27,4.9
2018-02-03,35,6.3
2018-02-04,21,3.7
2018-02-05,39,7.1
2018-02-06,57,12.1
2018-02-07,57,12.5
2018-02-08,62,15.2
2018-02-09,56,11.8
2018-02-10,51,9.3
2018-02-11,48,8.7
2018-02-12,58,12.7
2018-02-13,68,18.3
2018-02-14,78,23.7
2018-02-15,66,16.9
2018-02-16,31,5.5
2018-02-17,60,13.7
2018-02-18,59,13.4
2018-02-19,30,5.4
2018-02-20,24,4.4
2018-02-21,33,5.9
2018-02-22,25,4.5
2018-02-23,49,8.8
2018-02-24,55,11.4
2018-02-25,16,2.8
2018-02-26,41,7.3
2018-02-27,32,5.7
2018-02-28,31,5.6
2018-03-01,43,7.8
2018-03-02,44,8.0
2018-03-03,23,4.2
2018-03-04,26,4.7
2018-03-05,23,4.2
2018-03-06,45,8.1
2018-03-07,23,4.2
2018-03-08,34,6.2
2018-03-09,21,3.8
2018-03-10,37,6.6
2018-03-11,20,3.6
2018-03-12,43,7.8
2018-03-13,35,6.3
2018-03-14,35,6.3
2018-03-15,31,5.6
2018-03-16,32,5.7
2018-03-17,41,7.4
2018-03-18,52,9.9
2018-03-19,34,6.1
2018-03-20,21,3.8
2018-03-21,16,2.8
2018-03-22,34,6.1
2018-03-23,20,3.6
2018-03-24,21,3.7
2018-03-25,24,4.4
2018-03-26,53,10.3
2018-03-27,34,6.1
2018-03-28,59,13.3
2018-03-29,60,13.7
2018-03-30,23,4.1
2018-03-31,34,6.2
2018-04-01,32,5.8
2018-04-02,49,8.9
2018-04-03,39,7.1
2018-04-04,31,5.5
2018-04-05,53,10.0
2018-04-06,49,8.9
2018-04-07,34,6.2
2018-04-08,26,4.7
2018-04-09,44,8.0
2018-04-10,54,10.8
2018-04-11,66,17.3
2018-04-12,59,13.4
2018-04-13,36,6.5
2018-04-14,7,1.3
2018-04-15,4,0.8
2018-04-16,28,5.0
2018-04-17,11,2.0
2018-04-18,27,4.9
2018-04-19,24,4.4
2018-04-20,27,4.9
2018-04-21,33,5.9
2018-04-22,41,7.4
2018-04-23,32,5.7
2018-04-24,47,8.4
2018-04-25,15,2.7
2018-04-26,32,5.8
2018-04-27,19,3.5
2018-04-28,,4.8
2018-04-29,22,3.9
2018-05-01,,15.08
2018-05-02,51,9.3
2018-05-03,27,4.8
2018-05-04,38,6.9
2018-05-05,44,8.0
2018-05-06,45,8.1
2018-05-07,44,8.0
2018-05-08,48,8.6
2018-05-09,57,12.5
2018-05-10,23,4.1
2018-05-11,20,3.6
2018-05-12,26,4.7
2018-05-13,49,8.8
2018-05-14,49,8.8
2018-05-15,24,4.4
2018-05-16,46,8.2
2018-05-17,37,6.6
2018-05-18,30,5.4
2018-05-19,49,8.9
2018-05-20,22,4.0
2018-05-21,29,5.2
2018-05-22,29,5.2
2018-05-23,38,6.8
2018-05-24,54,10.6
2018-05-25,56,12.0
2018-05-26,38,6.8
2018-05-27,65,16.7
2018-05-28,62,15.0
2018-05-29,52,9.5
2018-05-30,55,11.1
2018-05-31,42,7.5
2018-06-01,19,3.5
2018-06-02,19,3.4
2018-06-03,17,3.1
2018-06-04,22,3.9
2018-06-05,19,3.5
2018-06-06,41,7.3
2018-06-07,47,8.5
2018-06-08,23,4.1
2018-06-09,48,8.7
2018-06-10,48,8.6
2018-06-11,47,8.5
2018-06-12,53,10.3
2018-06-13,32,5.8
2018-06-14,44,7.9
2018-06-15,55,11.1
2018-06-16,58,13.0
2018-06-17,59,13.3
2018-06-18,53,10.2
2018-06-19,42,7.5
2018-06-20,50,9.0
2018-06-21,48,8.7
2018-06-22,32,5.7
2018-06-23,37,6.7
2018-06-24,41,7.4
2018-06-25,46,8.2
2018-06-26,49,8.9
2018-06-27,39,7.0
2018-06-28,51,9.2
2018-06-29,53,10.2
2018-06-30,56,12.0
2018-07-01,61,14.4
2018-07-02,27,4.9
2018-07-03,40,7.2
2018-07-04,55,11.4
2018-07-05,54,10.8
2018-07-06,19,3.4
2018-07-07,20,3.6
2018-07-08,52,9.4
2018-07-09,49,8.9
2018-07-10,44,7.9
2018-07-11,54,10.9
2018-07-12,60,14.0
2018-07-13,61,14.6
2018-07-14,51,9.1
2018-07-15,65,16.7
2018-07-16,55,11.0
2018-07-17,20,3.6
2018-07-18,18,3.3
2018-07-19,39,7.0
2018-07-20,34,6.1
2018-07-21,35,6.3
2018-07-22,54,10.7
2018-07-23,54,10.6
2018-07-24,42,7.6
2018-07-25,33,6.0
2018-07-26,36,6.4
2018-07-27,28,5.1
2018-07-28,39,7.0
2018-07-29,54,10.6
2018-07-30,52,9.7
2018-07-31,53,10.4
2018-08-01,52,9.6
2018-08-02,56,11.9
2018-08-03,41,7.4
2018-08-04,56,11.6
2018-08-05,55,11.4
2018-08-06,29,5.3
2018-08-07,44,7.9
2018-08-08,29,5.3
2018-08-09,48,8.6
2018-08-10,52,9.8
2018-08-11,55,11.3
2018-08-12,61,14.3
2018-08-13,61,14.4
2018-08-14,76,22.6
2018-08-15,70,19.2
2018-08-16,52,9.7
2018-08-17,33,5.9
2018-08-18,57,12.5
2018-08-19,63,15.7
2018-08-20,59,13.6
2018-08-21,57,12.4
2018-08-22,54,10.7
2018-08-23,57,12.2
2018-08-24,53,10.2
2018-08-25,73,20.8
2018-08-26,72,20.2
2018-08-27,70,19.3
2018-08-28,35,6.3
2018-08-29,8,1.5
2018-08-30,22,4.0
2018-08-31,49,8.8
2018-09-01,41,7.4
2018-09-02,22,3.9
2018-09-03,18,3.3
2018-09-04,46,8.3
2018-09-05,33,6.0
2018-09-06,19,3.5
2018-09-07,23,4.2
2018-09-08,18,3.2
2018-09-09,12,2.1
2018-09-10,21,3.8
2018-09-11,38,6.8
2018-09-12,41,7.4
2018-09-13,47,8.4
2018-09-14,55,11.3
2018-09-15,54,10.9
2018-09-16,52,9.7
2018-09-17,52,9.6
2018-09-18,26,4.6
2018-09-19,14,2.6
2018-09-20,58,12.9
2018-09-21,36,6.4
2018-09-22,29,5.2
2018-09-23,39,7.0
2018-09-24,47,8.5
2018-09-25,32,5.8
2018-09-26,23,4.1
2018-09-27,,6.963636
2018-09-28,20,3.6
2018-09-29,18,3.2
2018-09-30,25,4.5
2018-10-01,28,5.1
2018-10-02,15,2.7
2018-10-03,30,5.4
2018-10-04,16,2.9
2018-10-05,35,6.3
2018-10-06,15,2.7
2018-10-07,18,3.3
2018-10-08,54,10.8
2018-10-09,54,10.8
2018-10-10,15,2.7
2018-10-11,17,3.1
2018-10-12,27,4.9
2018-10-13,50,9.0
2018-10-14,54,10.5
2018-10-15,26,4.6
2018-10-16,23,4.2
2018-10-17,18,3.2
2018-10-18,34,6.2
2018-10-19,31,5.5
2018-10-20,20,3.6
2018-10-21,23,4.1
2018-10-22,44,7.9
2018-10-23,,4.31
2018-10-26,54,10.8
2018-10-27,55,11.2
2018-10-28,32,5.7
2018-10-29,41,7.4
2018-10-30,56,11.6
2018-10-31,52,9.4
2018-11-01,14,2.6
2018-11-02,29,5.2
2018-11-03,26,4.7
2018-11-04,52,9.8
2018-11-05,27,4.9
2018-11-06,21,3.7
2018-11-07,17,3.1
2018-11-08,51,9.3
2018-11-09,51,9.3
2018-11-10,21,3.8
2018-11-11,52,9.8
2018-11-12,54,10.5
2018-11-13,26,4.7
2018-11-14,41,7.3
2018-11-15,63,15.8
2018-11-16,56,12.0
2018-11-17,44,7.9
2018-11-18,46,8.3
2018-11-19,60,14.1
2018-11-20,39,7.0
2018-11-21,44,7.9
2018-11-22,58,13.0
2018-11-23,66,17.2
2018-11-24,52,9.6
2018-11-25,26,4.6
2018-11-27,,10.355556
2018-11-28,53,10.3
2018-11-29,76,22.7
2018-11-30,83,26.2
2018-12-01,61,14.5
2018-12-02,17,3.0
2018-12-03,21,3.7
2018-12-04,17,3.0
2018-12-05,51,9.3
2018-12-06,50,9.0
2018-12-07,52,9.6
2018-12-08,60,14.0
2018-12-09,76,22.4
2018-12-10,74,21.5
2018-12-11,79,24.1
2018-12-12,72,20.6
2018-12-13,80,24.4
2018-12-14,78,23.4
2018-12-15,63,15.5
2018-12-16,58,13.0
2018-12-17,33,6.0
2018-12-18,60,14.1
2018-12-19,59,13.3
2018-12-20,73,20.7
2018-12-21,30,5.4
2018-12-22,46,8.2
2018-12-23,52,9.5
2018-12-24,55,11.4
2018-12-25,69,18.8
2018-12-26,94,32.0
2018-12-27,44,8.0
2018-12-28,16,2.9
2018-12-29,37,6.6
2018-12-30,50,9.0
2018-12-31,47,8.5
2019-01-01,37,6.6
2019-01-02,51,9.1
2019-01-03,47,8.5
2019-01-04,52,9.9
2019-01-05,57,12.1
2019-01-06,20,3.6
2019-01-07,52,9.4
2019-01-08,51,9.3
2019-01-09,25,4.5
2019-01-10,43,7.8
2019-01-11,69,18.6
2019-01-12,63,15.8
2019-01-13,22,4.0
2019-01-14,57,12.3
2019-01-15,41,7.3
2019-01-16,23,4.1
2019-01-17,60,13.7
2019-01-18,43,7.8
2019-01-19,19,3.4
2019-01-20,26,4.7
2019-01-21,36,6.4
2019-01-22,55,11.3
2019-01-23,53,10.2
2019-01-24,68,18.2
2019-01-25,32,5.7
2019-01-26,56,12.0
2019-01-27,58,13.0
2019-01-28,58,12.6
2019-01-29,33,5.9
2019-01-30,26,4.6
2019-01-31,45,8.1
2019-02-01,72,20.3
2019-02-02,80,24.5
2019-02-03,58,12.8
2019-02-04,53,10.0
2019-02-05,41,7.3
2019-02-06,41,7.4
2019-02-07,22,3.9
2019-02-08,13,2.4
2019-02-09,44,7.9
2019-02-10,64,16.0
2019-02-11,61,14.5
2019-02-12,30,5.4
2019-02-13,53,10.4
2019-02-14,37,6.6
2019-02-15,55,11.3
2019-02-16,27,4.9
2019-02-17,36,6.4
2019-02-18,51,9.2
2019-02-19,54,10.7
2019-02-20,53,10.3
2019-02-21,61,14.5
2019-02-22,75,21.8
2019-02-23,74,21.7
2019-02-24,41,7.3
2019-02-25,21,3.7
2019-02-26,23,4.2
2019-02-27,62,14.9
2019-02-28,55,11.5
2019-03-01,55,11.0
2019-03-02,53,10.2
2019-03-03,36,6.4
2019-03-04,48,8.7
2019-03-05,38,6.8
2019-03-06,35,6.3
2019-03-07,55,11.0
2019-03-08,72,20.5
2019-03-09,68,18.3
2019-03-10,33,6.0
2019-03-11,44,8.0
2019-03-12,60,14.0
2019-03-13,52,9.4
2019-03-14,33,5.9
2019-03-15,21,3.7
2019-03-16,24,4.4
2019-03-17,56,11.6
2019-03-18,57,12.4
2019-03-19,49,8.8
2019-03-20,66,17.1
2019-03-21,58,12.7
2019-03-22,13,2.4
2019-03-23,54,10.5
2019-03-24,58,12.8
2019-03-25,11,1.9
2019-03-26,23,4.2
2019-03-27,55,11.5
2019-03-28,54,10.8
2019-03-29,,6.4125
2019-03-30,10,1.8
2019-03-31,14,2.6
2019-04-01,50,9.0
2019-04-02,54,10.9
2019-04-03,37,6.7
2019-04-04,49,8.8
2019-04-05,64,16.0
2019-04-06,74,21.7
2019-04-07,58,12.7
2019-04-08,31,5.6
2019-04-09,18,3.2
2019-04-10,22,3.9
2019-04-11,45,8.1
2019-04-12,22,4.0
2019-04-13,16,2.9
2019-04-14,18,3.2
2019-04-15,18,3.3
2019-04-16,52,9.4
2019-04-17,59,13.3
2019-04-18,21,3.7
2019-04-19,,2.564286
2019-04-20,11,1.9
2019-04-21,34,6.1
2019-04-22,51,9.2
2019-04-23,34,6.2
2019-04-24,19,3.4
2019-04-25,57,12.2
2019-04-26,27,4.9
2019-04-27,12,2.1
2019-04-28,21,3.8
2019-04-29,52,9.5
2019-04-30,47,8.4
2019-05-01,23,4.2
2019-05-02,22,4.0
2019-05-03,11,2.0
2019-05-04,52,9.5
2019-05-05,55,11.0
2019-05-06,24,4.3
2019-05-07,17,3.1
2019-05-08,36,6.5
2019-05-09,24,4.3
2019-05-10,21,3.7
2019-05-11,15,2.7
2019-05-12,16,2.9
2019-05-13,30,5.4
2019-05-14,52,9.6
2019-05-15,43,7.7
2019-05-16,56,11.9
2019-05-17,17,3.1
2019-05-18,26,4.6
2019-05-19,29,5.3
2019-05-20,13,2.4
2019-05-21,18,3.2
2019-05-22,44,8.0
2019-05-23,24,4.3
2019-05-24,22,4.0
2019-05-25,41,7.3
2019-05-26,30,5.4
2019-05-27,38,6.9
2019-05-28,18,3.3
2019-05-29,29,5.2
2019-05-30,20,3.6
2019-05-31,51,9.1
2019-06-01,52,9.6
2019-06-02,32,5.8
2019-06-03,20,3.6
2019-06-04,58,12.7
2019-06-05,31,5.6
2019-06-06,51,9.2
2019-06-07,39,7.1
2019-06-08,44,7.9
2019-06-09,54,10.5
2019-06-10,28,5.1
2019-06-11,42,7.6
2019-06-12,39,7.1
2019-06-13,14,2.6
2019-06-14,30,5.4
2019-06-15,47,8.5
2019-06-16,20,3.6
2019-06-17,41,7.4
2019-06-18,31,5.5
2019-06-19,23,4.1
2019-06-20,34,6.2
2019-06-21,34,6.1
2019-06-22,,4.4
2019-06-23,37,6.6
2019-06-25,,7.442857
2019-06-26,40,7.2
2019-06-27,41,7.4
2019-06-28,52,9.6
2019-06-29,53,10.0
2019-06-30,52,9.6
2019-07-01,35,6.3
2019-07-02,52,9.7
2019-07-03,37,6.7
2019-07-04,56,11.8
2019-07-05,53,10.4
2019-07-06,71,20.0
2019-07-07,57,12.3
2019-07-08,32,5.7
2019-07-09,66,17.0
2019-07-10,55,11.1
2019-07-11,24,4.4
2019-07-12,43,7.8
2019-07-13,50,9.0
2019-07-14,39,7.1
2019-07-15,39,7.0
2019-07-16,57,12.1
2019-07-17,46,8.3
2019-07-18,43,7.8
2019-07-19,55,11.5
2019-07-20,37,6.6
2019-07-21,27,4.9
2019-07-22,26,4.7
2019-07-23,38,6.9
2019-07-24,32,5.7
2019-07-25,52,9.9
2019-07-26,59,13.4
2019-07-27,62,14.8
2019-07-28,58,13.0
2019-07-29,54,10.8
2019-07-30,20,3.6
2019-07-31,17,3.0
2019-08-01,25,4.5
2019-08-02,46,8.2
2019-08-03,46,8.3
2019-08-04,51,9.1
2019-08-05,54,10.5
2019-08-06,23,4.1
2019-08-07,33,6.0
2019-08-08,38,6.9
2019-08-09,37,6.6
2019-08-10,41,7.4
2019-08-11,54,10.7
2019-08-12,51,9.1
2019-08-13,32,5.7
2019-08-14,35,6.3
2019-08-15,32,5.7
2019-08-16,42,7.6
2019-08-17,51,9.3
2019-08-18,19,3.5
2019-08-19,51,9.1
2019-08-20,36,6.5
2019-08-21,29,5.2
2019-08-22,30,5.4
2019-08-23,12,2.2
2019-08-24,21,3.7
2019-08-25,31,5.5
2019-08-26,21,3.8
2019-08-27,18,3.3
2019-08-28,22,3.9
2019-08-29,31,5.5
2019-08-30,33,5.9
2019-08-31,19,3.5
2019-09-01,34,6.2
2019-09-02,46,8.2
2019-09-03,46,8.3
2019-09-04,17,3.0
2019-09-05,24,4.3
2019-09-06,21,3.8
2019-09-07,26,4.7
2019-09-08,18,3.2
2019-09-09,50,9.0
2019-09-10,56,11.8
2019-09-11,59,13.3
2019-09-12,23,4.2
2019-09-13,20,3.6
2019-09-14,31,5.5
2019-09-15,41,7.3
2019-09-16,37,6.6
2019-09-17,51,9.3
2019-09-18,51,9.3
2019-09-19,55,11.1
2019-09-20,68,18.1
2019-09-21,55,11.0
2019-09-22,40,7.2
2019-09-23,22,4.0
2019-09-24,31,5.5
2019-09-25,36,6.5
2019-09-26,32,5.8
2019-09-27,34,6.2
2019-09-28,17,3.0
2019-09-29,29,5.3
2019-09-30,50,9.0
2019-10-01,54,10.8
2019-10-02,7,1.2
2019-10-03,8,1.4
2019-10-04,6,1.1
2019-10-05,34,6.1
2019-10-06,22,4.0
2019-10-07,27,4.8
2019-10-08,51,9.2
2019-10-09,41,7.3
2019-10-10,49,8.9
2019-10-11,16,2.9
2019-10-12,17,3.1
2019-10-13,22,3.9
2019-10-14,29,5.3
2019-10-15,43,7.7
2019-10-16,18,3.3
2019-10-17,28,5.0
2019-10-18,47,8.5
2019-10-19,54,10.8
2019-10-20,52,9.9
2019-10-21,28,5.1
2019-10-22,19,3.4
2019-10-23,35,6.3
2019-10-24,16,2.9
2019-10-25,46,8.3
2019-10-26,47,8.4
2019-10-27,39,7.0
2019-10-28,45,8.1
2019-10-29,39,7.1
2019-10-30,15,2.7
2019-10-31,31,5.5
2019-11-01,52,9.7
2019-11-02,28,5.1
2019-11-03,33,5.9
2019-11-04,34,6.2
2019-11-05,26,4.6
2019-11-06,51,9.1
2019-11-07,28,5.0
2019-11-08,21,3.8
2019-11-09,55,11.5
2019-11-10,59,13.4
2019-11-11,9,1.6
2019-11-12,24,4.4
2019-11-13,42,7.6
2019-11-14,63,15.4
2019-11-15,65,16.4
2019-11-16,59,13.4
2019-11-17,66,17.1
2019-11-18,67,17.5
2019-11-19,63,15.7
2019-11-20,54,10.7
2019-11-21,,9.078571
2019-11-22,13,2.4
2019-11-23,56,11.7
2019-11-24,51,9.3
2019-11-25,57,12.5
2019-11-26,47,8.4
2019-11-27,26,4.6
2019-11-28,12,2.2
2019-11-29,42,7.5
2019-11-30,58,13.0
2019-12-01,19,3.5
2019-12-02,23,4.1
2019-12-03,41,7.4
2019-12-04,29,5.2
2019-12-05,43,7.7
2019-12-06,49,8.9
2019-12-07,53,10.2
2019-12-08,69,18.8
2019-12-09,49,8.9
2019-12-10,41,7.3
2019-12-11,52,9.6
2019-12-12,55,11.4
2019-12-13,57,12.1
2019-12-14,74,21.3
2019-12-15,55,11.4
2019-12-16,55,11.5
2019-12-17,46,8.3
2019-12-18,28,5.1
2019-12-19,69,19.0
2019-12-20,89,29.6
2019-12-21,65,16.7
2019-12-22,61,14.2
2019-12-23,60,13.9
2019-12-24,61,14.3
2019-12-25,51,9.2
2019-12-26,52,9.5
2019-12-27,61,14.4
2019-12-28,85,27.3
2019-12-29,24,4.3
2019-12-30,23,4.2
2019-12-31,26,4.7
2020-01-01,42,7.5
2020-01-02,40,7.2
2020-01-03,46,8.3
2020-01-04,33,6.0
2020-01-05,35,6.3
2020-01-06,23,4.2
2020-01-07,16,2.8
2020-01-08,17,3.0
2020-01-09,39,7.0
2020-01-10,59,13.6
2020-01-11,9,1.6
2020-01-12,34,6.1
2020-01-13,50,9.0
2020-01-14,58,12.6
2020-01-15,62,15.0
2020-01-16,50,9.0
2020-01-17,33,6.0
2020-01-18,44,8.0
2020-01-19,35,6.3
2020-01-20,33,5.9
2020-01-21,58,12.8
2020-01-22,61,14.5
2020-01-23,63,15.5
2020-01-24,59,13.3
2020-01-25,34,6.1
2020-01-26,50,9.0
2020-01-27,57,12.2
2020-01-28,28,5.0
2020-01-29,47,8.4
2020-01-30,62,15.1
2020-01-31,69,19.0
2020-02-01,58,12.8
2020-02-02,31,5.6
2020-02-03,21,3.8
2020-02-04,13,2.3
2020-02-05,9,1.7
2020-02-06,12,2.2
2020-02-07,47,8.4
2020-02-08,55,11.3
2020-02-09,54,10.9
2020-02-10,53,10.1
2020-02-11,54,10.9
2020-02-12,54,10.9
2020-02-13,26,4.7
2020-02-14,51,9.3
2020-02-15,46,8.2
2020-02-16,57,12.3
2020-02-17,59,13.6
2020-02-18,44,7.9
2020-02-19,27,4.8
2020-02-20,33,6.0
2020-02-21,53,10.2
2020-02-22,50,9.0
2020-02-23,54,10.6
2020-02-24,28,5.1
2020-02-25,20,3.6
2020-02-26,17,3.1
2020-02-27,17,3.1
2020-02-28,24,4.3
2020-02-29,28,5.0
2020-03-01,44,8.0
2020-03-02,43,7.7
2020-03-03,44,7.9
2020-03-04,16,2.9
2020-03-05,32,5.8
2020-03-06,23,4.1
2020-03-07,39,7.0
2020-03-08,45,8.1
2020-03-09,51,9.3
2020-03-10,32,5.7
2020-03-11,59,13.3
2020-03-12,56,11.6
2020-03-13,24,4.4
2020-03-14,26,4.6
2020-03-15,14,2.6
2020-03-16,52,9.4
2020-03-17,33,6.0
2020-03-18,57,12.2
2020-03-19,52,9.9
2020-03-20,26,4.7
2020-03-21,22,4.0
2020-03-22,49,8.8
2020-03-23,54,10.5
2020-03-24,62,14.9
2020-03-25,56,11.9
2020-03-26,42,7.6
2020-03-27,50,9.0
2020-03-28,51,9.1
2020-03-29,13,2.4
2020-03-30,16,2.8
2020-03-31,16,2.9
2020-04-01,22,3.9
2020-04-02,20,3.6
2020-04-03,37,6.6
2020-04-04,23,4.2
2020-04-05,18,3.3
2020-04-06,40,7.2
2020-04-07,57,12.1
2020-04-08,39,7.1
2020-04-09,14,2.5
2020-04-10,22,3.9
2020-04-11,56,11.7
2020-04-12,49,8.9
2020-04-13,26,4.6
2020-04-14,29,5.3
2020-04-15,31,5.6
2020-04-16,31,5.6
2020-04-17,41,7.3
2020-04-18,53,10.2
2020-04-19,34,6.1
2020-04-20,28,5.1
2020-04-21,17,3.0
2020-04-22,,7.111765
2020-04-23,,15.354545
2020-04-24,58,12.6
2020-04-25,45,8.1
2020-04-26,23,4.2
2020-04-27,57,12.3
2020-04-28,51,9.1
2020-04-29,16,2.9
2020-04-30,9,1.7
2020-05-01,36,6.5
2020-05-02,48,8.7
2020-05-03,21,3.8
2020-05-04,9,1.7
2020-05-05,20,3.6
2020-05-06,26,4.6
2020-05-07,19,3.4
2020-05-08,16,2.9
2020-05-09,28,5.1
2020-05-10,24,4.3
2020-05-11,25,4.5
2020-05-12,27,4.9
2020-05-13,36,6.5
2020-05-14,38,6.9
2020-05-15,23,4.2
2020-05-16,19,3.5
2020-05-17,47,8.4
2020-05-18,21,3.7
2020-05-19,28,5.0
2020-05-20,31,5.5
2020-05-21,31,5.6
2020-05-22,42,7.5
2020-05-23,33,6.0
2020-05-24,52,9.5
2020-05-25,44,7.9
2020-05-26,50,9.0
2020-05-27,53,10.0
2020-05-28,25,4.5
2020-05-29,29,5.2
2020-05-30,22,3.9
2020-05-31,17,3.1
2020-06-01,42,7.5
2020-06-02,48,8.6
2020-06-03,29,5.2
2020-06-04,51,9.1
2020-06-05,57,12.3
2020-06-06,33,5.9
2020-06-07,34,6.1
2020-06-08,44,8.0
2020-06-09,35,6.3
2020-06-10,31,5.5
2020-06-11,17,3.1
2020-06-12,17,3.0
2020-06-13,13,2.4
2020-06-14,21,3.8
2020-06-15,31,5.5
2020-06-16,49,8.9
2020-06-17,56,11.8
2020-06-18,55,11.2
2020-06-19,59,13.6
2020-06-20,58,12.7
2020-06-21,40,7.2
2020-06-22,47,8.5
2020-06-23,18,3.2
2020-06-24,21,3.8
2020-06-25,33,5.9
2020-06-26,49,8.8
2020-06-27,36,6.5
2020-06-28,44,7.9
2020-06-29,56,11.8
2020-06-30,52,9.9
2020-07-01,46,8.2
2020-07-02,53,10.4
2020-07-03,59,13.2
2020-07-04,59,13.3
2020-07-05,55,11.3
2020-07-06,58,13.0
2020-07-07,56,12.0
2020-07-08,49,8.8
2020-07-09,58,12.9
2020-07-10,21,3.8
2020-07-11,32,5.7
2020-07-12,21,3.8
2020-07-13,24,4.4
2020-07-14,36,6.5
2020-07-15,51,9.3
2020-07-16,22,4.0
2020-07-17,42,7.6
2020-07-18,58,12.9
2020-07-19,31,5.6
2020-07-20,27,4.9
2020-07-21,33,5.9
2020-07-22,36,6.4
2020-07-23,18,3.3
2020-07-24,29,5.3
2020-07-25,56,11.7
2020-07-26,38,6.8
2020-07-27,28,5.0
2020-07-28,28,5.0
2020-07-29,35,6.3
2020-07-30,17,3.0
2020-07-31,17,3.0
2020-08-01,35,6.3
2020-08-02,42,7.5
2020-08-03,13,2.4
2020-08-04,18,3.3
2020-08-05,38,6.9
2020-08-06,46,8.2
2020-08-07,53,10.2
2020-08-08,56,11.6
2020-08-09,42,7.6
2020-08-10,48,8.6
2020-08-11,32,5.8
2020-08-12,33,6.0
2020-08-13,42,7.6
2020-08-14,47,8.5
2020-08-15,53,10.4
2020-08-16,25,4.5
2020-08-17,36,6.5
2020-08-18,13,2.3
2020-08-19,18,3.3
2020-08-20,42,7.5
2020-08-21,53,10.4
2020-08-22,51,9.2
2020-08-23,58,12.6
2020-08-24,58,12.8
2020-08-25,39,7.1
2020-08-26,,11.933333
2020-09-12,34,6.1
2020-09-13,23,4.1
2020-09-15,42,7.5
2020-09-16,48,8.7
2020-09-21,34,6.2
2020-09-24,60,13.8
2020-09-27,47,8.4
2020-09-30,24,4.3
2020-10-03,26,4.6
2020-10-06,29,5.3
2020-10-09,65,16.7
2020-10-12,32,5.8
2020-10-15,12,2.2
2020-10-18,31,5.6
2020-10-21,40,7.2
2020-10-24,16,2.8
2020-10-27,23,4.2
2020-10-30,39,7.0
2020-11-02,24,4.3
2020-11-07,61,14.5
2020-11-08,52,9.5
2020-11-11,23,4.2
2020-11-17,19,3.5
2020-11-20,40,7.2
2020-11-21,39,7.0
2020-11-23,56,11.9
2020-11-26,37,6.6
2020-12-01,24,4.4
2020-12-02,32,5.8
2020-12-05,30,5.4
2020-12-08,62,15.0
2020-12-11,60,14.0
2020-12-14,31,5.6
2020-12-17,60,14.0
2020-12-20,63,15.4
2020-12-23,27,4.8
2020-12-26,38,6.9
2020-12-29,47,8.4
2021-01-01,56,11.8
2021-01-04,55,11.4
2021-01-07,14,2.6
2021-01-10,52,9.8
2021-01-13,61,14.5
2021-01-16,38,6.9
2021-01-19,56,11.9
2021-01-22,19,3.5
2021-01-25,57,12.4
2021-01-28,31,5.6
2021-01-31,32,5.7
2021-02-03,54,10.9
2021-02-06,28,5.0
2021-02-09,49,8.9
2021-02-12,39,7.1
2021-02-15,23,4.2
2021-02-18,59,13.6
2021-02-21,72,20.2
2021-02-24,36,6.5
2021-03-02,53,10.0
2021-03-08,58,12.9
2021-03-11,47,8.4
2021-03-14,24,4.3
2021-03-17,53,10.0
2021-03-20,52,9.4
2021-03-23,55,11.5
2021-03-26,28,5.0
2021-03-29,33,6.0
2021-04-01,17,3.1
2021-04-04,84,26.7
2021-04-07,55,11.0
2021-04-10,34,6.2
2021-04-13,25,4.5
2021-04-16,16,2.9
2021-04-22,44,8.0
2021-04-25,12,2.2
2021-04-28,34,6.1
2021-05-01,34,6.2
2021-05-04,21,3.8
2021-05-07,17,3.0
2021-05-10,12,2.1
2021-05-19,53,10.1
2021-05-22,55,11.0
2021-05-25,52,9.5
2021-05-28,17,3.0
2021-05-31,44,8.0
2021-06-03,48,8.7
2021-06-04,35,6.3
2021-06-05,51,9.3
2021-06-06,53,10.0
2021-06-07,47,8.4
2021-06-08,38,6.8
2021-06-09,44,7.9
2021-06-10,46,8.2
2021-06-11,47,8.4
2021-06-12,51,9.1
2021-06-13,44,7.9
2021-06-14,27,4.9
2021-06-15,60,13.9
2021-06-16,22,4.0
2021-06-17,38,6.8
2021-06-18,50,9.0
2021-06-19,43,7.8
2021-06-20,40,7.2
2021-06-21,18,3.2
2021-06-22,16,2.8
2021-06-23,28,5.0
2021-06-24,47,8.4
2021-06-25,39,7.0
2021-06-26,27,4.9
2021-06-27,21,3.8
2021-06-28,26,4.7
2021-06-29,29,5.3
2021-06-30,31,5.5
2021-07-01,33,6.0
2021-07-02,15,2.7
2021-07-03,44,7.9
2021-07-04,59,13.6
2021-07-05,65,16.6
2021-07-06,62,15.1
2021-07-07,59,13.4
2021-07-08,23,4.2
2021-07-09,22,4.0
2021-07-10,35,6.3
2021-07-11,43,7.7
2021-07-12,38,6.9
2021-07-13,53,10.2
2021-07-14,54,10.7
2021-07-15,34,6.1
2021-07-16,61,14.7
2021-07-17,54,10.8
2021-07-18,42,7.6
2021-07-19,60,13.9
2021-07-20,75,22.1
2021-07-21,56,11.6
2021-07-22,77,23.3
2021-07-23,103,36.2
2021-07-24,73,20.7
2021-07-25,72,20.2
2021-07-26,64,16.1
2021-07-27,54,10.5
2021-07-28,67,17.8
2021-07-29,67,17.5
2021-07-30,17,3.0
2021-07-31,63,15.4
2021-08-01,89,29.5
2021-08-02,47,8.5
2021-08-03,53,10.4
2021-08-04,61,14.7
2021-08-05,60,13.8
2021-08-06,63,15.6
2021-08-07,72,20.4
2021-08-08,62,15.0
2021-08-09,56,11.7
2021-08-10,58,13.0
2021-08-11,55,11.2
2021-08-12,54,10.8
2021-08-13,36,6.5
2021-08-14,36,6.5
2021-08-15,40,7.2
2021-08-16,33,6.0
2021-08-17,50,9.0
2021-08-18,51,9.3
2021-08-19,54,10.7
2021-08-20,57,12.4
2021-08-21,58,12.8
2021-08-22,34,6.2
2021-08-23,50,9.0
2021-08-24,53,10.4
2021-08-25,38,6.9
2021-08-26,48,8.6
2021-08-27,57,12.2
2021-08-28,62,14.8
2021-08-29,53,10.0
2021-08-30,53,10.2
2021-08-31,49,8.8
2021-09-01,32,5.7
2021-09-02,41,7.3
2021-09-03,43,7.8
2021-09-04,48,8.6
2021-09-05,32,5.7
2021-09-06,33,6.0
2021-09-07,55,11.5
2021-09-08,26,4.7
2021-09-09,23,4.1
2021-09-10,29,5.3
2021-09-11,54,10.6
2021-09-12,57,12.4
2021-09-13,57,12.3
2021-09-14,53,10.4
2021-09-15,29,5.2
2021-09-16,40,7.2
2021-09-17,53,10.4
2021-09-18,30,5.4
2021-09-19,57,12.3
2021-09-20,39,7.1
2021-09-21,23,4.2
2021-09-22,9,1.6
2021-09-23,18,3.2
2021-09-24,31,5.5
2021-09-25,31,5.5
2021-09-26,28,5.0
2021-09-27,53,10.0
2021-09-28,27,4.9
2021-09-29,38,6.8
2021-09-30,39,7.1
2021-10-01,66,16.9
2021-10-02,52,9.5
2021-10-03,47,8.4
2021-10-04,23,4.2
2021-10-05,35,6.3
2021-10-06,59,13.3
2021-10-07,46,8.2
2021-10-08,53,10.0
2021-10-09,54,10.9
2021-10-10,61,14.2
2021-10-11,58,12.6
2021-10-12,30,5.4
2021-10-13,57,12.4
2021-10-14,35,6.3
2021-10-15,29,5.2
2021-10-16,21,3.8
2021-10-17,29,5.3
2021-10-18,39,7.0
2021-10-19,55,11.3
2021-10-20,49,8.9
2021-10-21,29,5.2
2021-10-22,14,2.6
2021-10-23,31,5.5
2021-10-24,39,7.0
2021-10-25,8,1.4
2021-10-26,15,2.7
2021-10-27,26,4.7
2021-10-28,34,6.2
2021-10-29,27,4.8
2021-10-30,32,5.7
2021-10-31,27,4.8
2021-11-01,24,4.3
2021-11-02,22,4.0
2021-11-03,23,4.2
2021-11-04,53,10.0
2021-11-05,58,12.9
2021-11-06,58,12.8
2021-11-07,58,13.0
2021-11-08,60,13.8
2021-11-09,46,8.3
2021-11-10,50,9.0
2021-11-11,58,12.8
2021-11-12,16,2.9
2021-11-13,17,3.0
2021-11-14,25,4.5
2021-11-15,27,4.9
2021-11-16,58,12.8
2021-11-17,57,12.3
2021-11-18,19,3.4
2021-11-19,27,4.8
2021-11-20,55,11.4
2021-11-21,63,15.5
2021-11-22,21,3.8
2021-11-23,46,8.2
2021-11-24,52,9.8
2021-11-25,48,8.7
2021-11-26,21,3.8
2021-11-27,42,7.5
2021-11-28,36,6.4
2021-11-29,38,6.8
2021-11-30,47,8.5
2021-12-01,58,13.0
2021-12-02,34,6.2
2021-12-03,32,5.7
2021-12-04,26,4.7
2021-12-05,40,7.2
2021-12-06,35,6.3
2021-12-07,22,4.0
2021-12-08,50,9.0
2021-12-09,55,11.2
2021-12-10,64,16.2
2021-12-11,22,4.0
2021-12-12,23,4.2
2021-12-13,44,8.0
2021-12-14,59,13.4
2021-12-15,48,8.7
2021-12-16,66,17.0
2021-12-17,31,5.6
2021-12-18,33,6.0
2021-12-19,46,8.3
2021-12-20,62,14.9
2021-12-21,55,11.4
2021-12-22,42,7.5
2021-12-23,52,9.6
2021-12-24,57,12.2
2021-12-25,53,10.0
2021-12-26,55,11.3
2021-12-27,36,6.5
2021-12-28,31,5.5
2021-12-29,54,10.9
2021-12-30,59,13.5
2021-12-31,60,14.1
2022-01-01,29,5.2
2022-01-02,24,4.4
2022-01-03,47,8.5
2022-01-04,53,10.3
2022-01-05,55,11.4
2022-01-06,28,5.1
2022-01-07,38,6.8
2022-01-08,52,9.6
2022-01-09,52,9.7
2022-01-10,31,5.5
2022-01-11,53,10.0
2022-01-12,51,9.2
2022-01-13,58,12.6
2022-01-14,21,3.8
2022-01-15,24,4.4
2022-01-16,57,12.5
2022-01-17,54,10.8
2022-01-18,52,9.8
2022-01-19,42,7.5
2022-01-20,37,6.6
2022-01-21,38,6.8
2022-01-22,50,9.0
2022-01-23,29,5.3
2022-01-24,42,7.6
2022-01-25,31,5.5
2022-01-26,53,10.0
2022-01-27,41,7.3
2022-01-28,28,5.1
2022-01-29,60,14.0
2022-01-30,60,14.0
2022-01-31,81,25.3
2022-02-01,74,21.5
2022-02-02,41,7.4
2022-02-03,24,4.4
2022-02-04,44,8.0
2022-02-05,55,11.3
2022-02-06,59,13.2
2022-02-07,53,10.4
2022-02-08,67,17.8
2022-02-09,45,8.1
2022-02-10,22,4.0
2022-02-11,29,5.2
2022-02-12,18,3.3
2022-02-13,26,4.7
2022-02-14,54,10.8
2022-02-15,71,19.7
2022-02-16,57,12.2
2022-02-17,55,11.3
2022-02-18,30,5.4
2022-02-19,22,3.9
2022-02-20,35,6.3
2022-02-21,55,11.3
2022-02-22,35,6.3
2022-02-23,25,4.5
2022-02-24,32,5.8
2022-02-25,28,5.0
2022-02-26,53,10.4
2022-02-27,55,11.2
2022-02-28,57,12.5
2022-03-01,54,10.8
2022-03-02,62,15.2
2022-03-03,10,1.8
2022-03-04,33,6.0
2022-03-05,56,11.7
2022-03-06,37,6.6
2022-03-07,,5.014286
2022-03-08,38,6.8
2022-03-09,49,8.8
2022-03-10,29,5.3
2022-03-11,31,5.6
2022-03-12,24,4.3
2022-03-13,32,5.7
2022-03-14,50,9.0
2022-03-15,44,7.9
2022-03-16,70,19.3
2022-03-17,70,19.5
2022-03-18,39,7.1
2022-03-19,22,4.0
2022-03-20,36,6.5
2022-03-21,54,10.5
2022-03-22,52,9.6
2022-03-23,52,9.9
2022-03-24,8,1.5
2022-03-25,25,4.5
2022-03-26,14,2.5
2022-03-27,13,2.4
2022-03-28,20,3.6
2022-03-29,29,5.2
2022-03-30,52,9.6
2022-03-31,16,2.8
2022-04-01,21,3.7
2022-04-02,44,7.9
2022-04-03,55,11.5
2022-04-04,52,9.9
2022-04-05,56,11.8
2022-04-06,30,5.4
2022-04-07,16,2.8
2022-04-08,11,1.9
2022-04-09,12,2.1
2022-04-10,36,6.4
2022-04-11,43,7.8
2022-04-12,52,9.4
2022-04-13,38,6.8
2022-04-14,28,5.1
2022-04-15,23,4.1
2022-04-16,28,5.1
2022-04-17,17,3.0
2022-04-18,33,5.9
2022-04-19,21,3.8
2022-04-20,37,6.6
2022-04-21,23,4.1
2022-04-22,42,7.5
2022-04-23,58,12.9
2022-04-24,45,8.1
2022-04-25,15,2.7
2022-04-26,14,2.5
2022-04-27,19,3.4
2022-04-28,37,6.6
2022-04-29,55,11.5
2022-04-30,53,10.2
2022-05-01,13,2.4
2022-05-02,18,3.3
2022-05-03,41,7.3
2022-05-04,8,1.5
2022-05-05,36,6.5
2022-05-06,37,6.6
2022-05-07,24,4.4
2022-05-08,38,6.8
2022-05-09,41,7.3
2022-05-10,66,17.3
2022-05-11,76,22.5
2022-05-12,65,16.8
2022-05-13,36,6.4
2022-05-14,54,10.5
2022-05-15,39,7.1
2022-05-16,29,5.2
2022-05-17,16,2.9
2022-05-18,37,6.7
2022-05-19,59,13.4
2022-05-20,55,11.2
2022-05-21,29,5.2
2022-05-22,21,3.8
2022-05-23,17,3.0
2022-05-24,33,5.9
2022-05-25,52,9.9
2022-05-26,43,7.7
2022-05-27,20,3.6
2022-05-28,34,6.1
2022-05-29,39,7.1
2022-05-30,53,10.2
2022-05-31,57,12.1
2022-06-01,29,5.3
2022-06-02,27,4.9
2022-06-03,31,5.5
2022-06-04,42,7.6
2022-06-05,36,6.5
2022-06-06,52,9.8
2022-06-07,21,3.7
2022-06-08,31,5.5
2022-06-09,29,5.2
2022-06-10,47,8.4
2022-06-11,49,8.9
2022-06-12,40,7.2
2022-06-13,36,6.5
2022-06-14,64,16.1
2022-06-15,88,29.1
2022-06-16,55,11.0
2022-06-17,27,4.8
2022-06-18,16,2.9
2022-06-19,33,5.9
2022-06-20,34,6.2
2022-06-21,54,10.5
2022-06-22,40,7.2
2022-06-23,27,4.9
2022-06-24,37,6.6
2022-06-25,44,8.0
2022-06-26,36,6.5
2022-06-27,28,5.0
2022-06-28,47,8.5
2022-06-29,54,10.5
2022-06-30,49,8.9
2022-07-01,44,7.9
2022-07-02,52,9.7
2022-07-03,55,11.1
2022-07-04,61,14.3
2022-07-05,47,8.4
2022-07-06,38,6.8
2022-07-07,50,9.0
2022-07-08,48,8.6
2022-07-09,25,4.5
2022-07-10,44,8.0
2022-07-11,39,7.0
2022-07-12,31,5.6
2022-07-13,32,5.8
2022-07-14,34,6.2
2022-07-15,33,5.9
2022-07-16,26,4.7
2022-07-17,47,8.4
2022-07-18,48,8.6
2022-07-19,53,10.4
2022-07-20,58,13.0
2022-07-21,60,14.0
2022-07-22,46,8.2
2022-07-23,32,5.8
2022-07-24,47,8.5
2022-07-25,24,4.3
2022-07-26,29,5.2
2022-07-27,45,8.1
2022-07-28,36,6.5
2022-07-29,21,3.8
2022-07-30,32,5.7
2022-07-31,48,8.7
2022-08-01,41,7.3
2022-08-02,41,7.3
2022-08-03,48,8.7
2022-08-04,33,5.9
2022-08-05,31,5.6
2022-08-06,53,10.3
2022-08-07,33,6.0
2022-08-08,24,4.4
2022-08-09,17,3.1
2022-08-10,34,6.1
2022-08-11,20,3.6
2022-08-12,32,5.8
2022-08-13,32,5.8
2022-08-14,34,6.2
2022-08-15,43,7.8
2022-08-16,34,6.1
2022-08-17,47,8.4
2022-08-18,52,9.4
2022-08-19,54,10.9
2022-08-20,42,7.6
2022-08-21,41,7.3
2022-08-22,44,7.9
2022-08-23,45,8.1
2022-08-24,51,9.2
2022-08-25,51,9.3
2022-08-26,42,7.5
2022-08-27,54,10.5
2022-08-28,51,9.3
2022-08-29,36,6.5
2022-08-30,41,7.3
2022-08-31,43,7.7
2022-09-01,41,7.4
2022-09-02,53,10.4
2022-09-03,39,7.1
2022-09-04,30,5.4
2022-09-05,24,4.3
2022-09-06,35,6.3
2022-09-07,32,5.8
2022-09-08,50,9.0
2022-09-09,44,8.0
2022-09-10,55,11.3
2022-09-11,35,6.3
2022-09-12,19,3.4
2022-09-13,32,5.8
2022-09-14,41,7.3
2022-09-15,44,8.0
2022-09-16,52,9.6
2022-09-17,61,14.4
2022-09-18,56,11.6
2022-09-19,38,6.8
2022-09-20,52,9.9
2022-09-21,42,7.6
2022-09-22,13,2.3
2022-09-23,27,4.8
2022-09-24,32,5.8
2022-09-25,27,4.9
2022-09-26,19,3.4
2022-09-27,15,2.7
2022-09-28,,1.86
2022-09-29,21,3.8
2022-10-02,27,4.8
2022-10-05,59,13.4
2022-10-07,9,1.7
2022-10-08,33,5.9
2022-10-09,36,6.4
2022-10-10,56,11.6
2022-10-11,56,12.0
2022-10-12,54,10.5
2022-10-13,44,8.0
2022-10-14,49,8.9
2022-10-15,26,4.6
2022-10-16,25,4.5
2022-10-17,10,1.8
2022-10-18,13,2.4
2022-10-19,18,3.3
2022-10-20,63,15.8
2022-10-21,56,11.9
2022-10-22,59,13.6
2022-10-23,56,12.0
2022-10-24,53,10.1
2022-10-25,52,9.7
2022-10-26,22,4.0
2022-10-27,39,7.1
2022-10-28,39,7.1
2022-10-29,56,12.0
2022-10-30,69,18.8
2022-10-31,70,19.3
2022-11-01,61,14.7
2022-11-02,67,17.7
2022-11-03,56,11.6
2022-11-04,56,11.6
2022-11-05,42,7.5
2022-11-06,24,4.3
2022-11-07,34,6.1
2022-11-08,29,5.2
2022-11-09,52,9.9
2022-11-10,58,12.6
2022-11-11,26,4.6
2022-11-12,21,3.8
2022-11-13,16,2.9
2022-11-14,45,8.1
2022-11-15,47,8.4
2022-11-16,27,4.9
2022-11-17,49,8.8
2022-11-18,27,4.9
2022-11-19,29,5.3
2022-11-20,26,4.7
2022-11-21,61,14.5
2022-11-22,74,21.2
2022-11-23,69,18.7
2022-11-24,67,17.5
2022-11-25,56,12.0
2022-11-26,49,8.9
2022-11-27,52,9.9
2022-11-28,48,8.6
2022-11-29,54,10.5
2022-11-30,23,4.1
2022-12-01,37,6.6
2022-12-02,29,5.2
2022-12-03,29,5.3
2022-12-04,43,7.8
2022-12-05,57,12.2
2022-12-06,66,17.0
2022-12-07,80,24.4
2022-12-08,48,8.6
2022-12-09,56,12.0
2022-12-10,57,12.3
2022-12-11,48,8.6
2022-12-12,42,7.5
2022-12-13,56,11.7
2022-12-14,49,8.9
2022-12-15,27,4.8
2022-12-16,36,6.5
2022-12-17,37,6.6
2022-12-18,26,4.6
2022-12-19,58,12.9
2022-12-20,57,12.3
2022-12-21,60,13.8
2022-12-22,72,20.2
2022-12-23,30,5.4
2022-12-24,22,4.0
2022-12-25,18,3.2
2022-12-26,25,4.5
2022-12-27,52,9.9
2022-12-28,56,11.6
2022-12-29,52,9.5
2022-12-30,58,12.8
2022-12-31,64,16.1
2023-01-01,75,22.1
2023-01-02,66,17.4
2023-01-03,25,4.5
2023-01-04,38,6.9
2023-01-05,58,12.8
2023-01-06,29,5.3
2023-01-07,52,9.5
2023-01-08,57,12.5
2023-01-09,69,19.0
2023-01-10,66,17.2
2023-01-11,78,23.6
2023-01-12,54,10.6
2023-01-13,19,3.5
2023-01-14,48,8.6
2023-01-15,43,7.7
2023-01-16,42,7.6
2023-01-17,54,10.6
2023-01-18,26,4.7
2023-01-19,31,5.5
2023-01-20,23,4.1
2023-01-21,42,7.5
2023-01-22,56,11.9
2023-01-23,53,10.4
2023-01-24,59,13.6
2023-01-25,56,11.7
2023-01-26,57,12.2
2023-01-27,38,6.8
2023-01-28,37,6.6
2023-01-29,24,4.3
2023-01-30,30,5.4
2023-01-31,42,7.5
2023-02-01,51,9.2
2023-02-02,44,7.9
2023-02-03,22,4.0
2023-02-04,41,7.4
2023-02-05,54,10.5
2023-02-06,71,20.1
2023-02-07,55,11.0
2023-02-08,63,15.6
2023-02-09,55,11.5
2023-02-10,29,5.2
2023-02-11,26,4.7
2023-02-12,36,6.4
2023-02-13,30,5.4
2023-02-14,34,6.2
2023-02-15,27,4.8
2023-02-16,16,2.8
2023-02-17,18,3.2
2023-02-18,32,5.7
2023-02-19,31,5.5
2023-02-20,53,10.3
2023-02-21,37,6.6
2023-02-22,38,6.8
2023-02-23,18,3.2
2023-02-24,19,3.5
2023-02-25,52,9.6
2023-02-26,46,8.2
2023-02-27,55,11.5
2023-02-28,38,6.8
2023-03-01,49,8.8
2023-03-02,25,4.5
2023-03-03,52,9.7
2023-03-04,59,13.4
2023-03-05,57,12.4
2023-03-06,52,9.5
2023-03-07,13,2.4
2023-03-08,21,3.7
2023-03-09,18,3.3
2023-03-10,9,1.6
2023-03-11,19,3.4
2023-03-12,44,7.9
2023-03-13,17,3.0
2023-03-14,26,4.7
2023-03-15,54,10.6
2023-03-16,53,10.1
2023-03-17,22,4.0
2023-03-18,22,3.9
2023-03-19,16,2.8
2023-03-20,51,9.1
2023-03-21,61,14.5
2023-03-22,64,16.1
2023-03-23,57,12.3
2023-03-24,29,5.3
2023-03-25,22,3.9
2023-03-26,42,7.6
2023-03-27,39,7.1
2023-03-28,34,6.1
2023-03-29,45,8.1
2023-03-30,46,8.3
2023-03-31,48,8.7
2023-04-01,27,4.8
2023-04-02,34,6.1
2023-04-03,21,3.7
2023-04-04,44,8.0
2023-04-05,48,8.6
2023-04-06,18,3.3
2023-04-07,23,4.2
2023-04-08,43,7.7
2023-04-09,54,10.5
2023-04-10,56,11.9
2023-04-11,49,8.9
2023-04-12,52,9.9
2023-04-13,54,10.5
2023-04-14,60,14.1
2023-04-15,55,11.2
2023-04-16,18,3.3
2023-04-17,10,1.8
2023-04-18,21,3.8
2023-04-19,43,7.8
2023-04-20,52,9.8
2023-04-21,16,2.8
2023-04-22,18,3.3
2023-04-23,20,3.6
2023-04-24,33,6.0
2023-04-25,47,8.4
2023-04-26,18,3.3
2023-04-27,44,7.9
2023-04-28,55,11.3
2023-04-29,53,10.2
2023-04-30,7,1.2
2023-05-01,7,1.2
2023-05-02,11,2.0
2023-05-03,16,2.9
2023-05-04,47,8.4
2023-05-05,32,5.8
2023-05-06,52,9.5
2023-05-07,59,13.6
2023-05-08,38,6.9
2023-05-09,22,4.0
2023-05-10,52,9.5
2023-05-11,51,9.2
2023-05-12,62,15.2
2023-05-13,55,11.5
2023-05-14,38,6.9
2023-05-15,24,4.3
2023-05-16,46,8.2
2023-05-17,19,3.5
2023-05-18,38,6.9
2023-05-19,85,27.5
2023-05-20,39,7.0
2023-05-21,39,7.0
2023-05-22,44,7.9
2023-05-23,51,9.2
2023-05-24,38,6.9
2023-05-25,20,3.6
2023-05-26,28,5.0
2023-05-27,29,5.3
2023-05-28,35,6.3
2023-05-29,39,7.0
2023-05-30,53,10.4
2023-05-31,52,9.8
2023-06-01,56,11.7
2023-06-02,54,10.9
2023-06-03,60,14.1
2023-06-04,83,26.2
2023-06-05,60,13.7
2023-06-06,75,21.9
2023-06-07,59,13.6
2023-06-08,59,13.3
2023-06-09,66,17.1
2023-06-10,65,16.6
2023-06-11,22,4.0
2023-06-12,37,6.6
2023-06-13,55,11.3
2023-06-14,55,11.1
2023-06-15,70,19.4
2023-06-16,57,12.2
2023-06-17,68,18.3
2023-06-18,86,27.8
2023-06-19,75,22.2
2023-06-20,66,17.0
2023-06-21,70,19.3
2023-06-22,73,20.9
2023-06-23,73,21.0
2023-06-24,55,11.0
2023-06-25,55,11.3
2023-06-26,85,27.5
2023-06-27,208,132.6
2023-06-28,213,137.9
2023-06-29,147,54.1
2023-06-30,93,31.7
2023-07-01,78,23.8
2023-07-02,56,11.8
2023-07-03,59,13.2
2023-07-04,79,24.3
2023-07-05,81,25.0
2023-07-06,53,10.4
2023-07-07,51,9.3
2023-07-08,36,6.4
2023-07-09,51,9.1
2023-07-10,51,9.1
2023-07-11,36,6.4
2023-07-12,34,6.1
2023-07-13,39,7.1
2023-07-14,31,5.5
2023-07-15,71,19.8
2023-07-16,118,42.5
2023-07-17,55,11.4
2023-07-18,33,6.0
2023-07-19,38,6.9
2023-07-20,47,8.4
2023-07-21,39,7.0
2023-07-22,54,10.6
2023-07-23,47,8.5
2023-07-24,90,30.3
2023-07-25,135,49.4
2023-07-26,66,17.3
2023-07-27,54,10.5
2023-07-28,49,8.8
2023-07-29,22,4.0
2023-07-30,33,6.0
2023-07-31,39,7.1
2023-08-01,43,7.7
2023-08-02,57,12.1
2023-08-03,64,16.2
2023-08-04,57,12.3
2023-08-05,68,18.3
2023-08-06,59,13.4
2023-08-07,32,5.7
2023-08-08,63,15.8
2023-08-09,69,18.9
2023-08-10,61,14.4
2023-08-11,54,10.7
2023-08-12,23,4.2
2023-08-13,19,3.5
2023-08-14,28,5.0
2023-08-15,58,12.6
2023-08-16,42,7.5
2023-08-17,54,10.9
2023-08-18,69,18.9
2023-08-19,60,13.7
2023-08-20,66,16.9
2023-08-21,71,19.8
2023-08-22,63,15.6
2023-08-23,73,20.9
2023-08-24,70,19.3
2023-08-25,21,3.7
2023-08-26,29,5.3
2023-08-27,34,6.1
2023-08-28,54,10.9
2023-08-29,59,13.3
2023-08-30,19,3.5
2023-08-31,22,4.0
2023-09-01,38,6.8
2023-09-02,41,7.3
2023-09-03,47,8.5
2023-09-04,52,9.7
2023-09-05,41,7.3
2023-09-06,52,9.7
2023-09-07,21,3.8
2023-09-08,44,7.9
2023-09-09,42,7.6
2023-09-10,56,11.9
2023-09-11,56,12.0
2023-09-12,27,4.8
2023-09-13,31,5.6
2023-09-14,28,5.1
2023-09-15,43,7.7
2023-09-16,59,13.3
2023-09-17,49,8.8
2023-09-18,21,3.8
2023-09-19,51,9.1
2023-09-20,65,16.7
2023-09-21,56,12.0
2023-09-22,60,13.9
2023-09-23,54,10.6
2023-09-24,51,9.2
2023-09-25,48,8.7
2023-09-26,39,7.0
2023-09-27,41,7.3
2023-09-28,29,5.3
2023-09-29,55,11.1
2023-09-30,52,9.8
2023-10-01,56,11.9
2023-10-02,59,13.3
2023-10-03,53,10.2
2023-10-04,71,19.9
2023-10-05,54,10.7
2023-10-06,17,3.1
2023-10-07,17,3.1
2023-10-08,25,4.5
2023-10-09,18,3.2
2023-10-10,27,4.9
2023-10-11,52,9.8
2023-10-12,33,6.0
2023-10-13,36,6.5
2023-10-14,14,2.6
2023-10-15,11,2.0
2023-10-16,26,4.6
2023-10-17,50,9.0
2023-10-18,43,7.7
2023-10-19,61,14.4
2023-10-20,31,5.5
2023-10-21,38,6.8
2023-10-22,26,4.7
2023-10-23,35,6.3
2023-10-24,51,9.2
2023-10-25,65,16.8
2023-10-26,57,12.4
2023-10-27,50,9.0
2023-10-28,19,3.4
2023-10-29,37,6.7
2023-10-30,25,4.5
2023-10-31,41,7.4
2023-11-01,30,5.4
2023-11-02,34,6.2
2023-11-03,45,8.1
2023-11-04,61,14.6
2023-11-05,65,16.5
2023-11-06,41,7.4
2023-11-07,19,3.5
2023-11-08,34,6.2
2023-11-09,32,5.8
2023-11-10,29,5.2
2023-11-11,41,7.3
2023-11-12,40,7.2
2023-11-13,31,5.5
2023-11-14,46,8.2
2023-11-15,62,15.2
2023-11-16,58,12.7
2023-11-17,25,4.5
2023-11-18,52,9.7
2023-11-19,42,7.5
2023-11-20,22,3.9
2023-11-21,25,4.5
2023-11-22,34,6.2
2023-11-23,29,5.3
2023-11-24,21,3.8
2023-11-25,45,8.1
2023-11-26,56,11.9
2023-11-27,20,3.6
2023-11-28,27,4.8
2023-11-29,53,10.0
2023-11-30,56,11.8
2023-12-01,48,8.7
2023-12-02,8,1.4
2023-12-03,29,5.2
2023-12-04,27,4.8
2023-12-05,44,7.9
2023-12-06,54,10.5
2023-12-07,50,9.0
2023-12-08,50,9.0
2023-12-09,26,4.6
2023-12-10,17,3.1
2023-12-11,44,7.9
2023-12-12,30,5.4
2023-12-13,26,4.7
2023-12-14,51,9.1
2023-12-15,57,12.4
2023-12-16,52,9.8
2023-12-17,38,6.8
2023-12-18,18,3.2
2023-12-19,25,4.5
2023-12-20,48,8.6
2023-12-21,62,15.0
2023-12-22,66,17.2
2023-12-23,57,12.3
2023-12-24,67,17.8
2023-12-25,47,8.5
2023-12-26,16,2.9
2023-12-27,31,5.6
2023-12-28,13,2.4
2023-12-29,12,2.2
2023-12-30,56,11.6
2023-12-31,31,5.5
2024-01-01,11,2.0
2024-01-02,44,8.0
2024-01-03,44,8.0
2024-01-04,22,4.0
2024-01-05,55,11.2
2024-01-06,76,22.6
2024-01-07,66,17.0
2024-01-08,55,11.0
2024-01-09,24,4.3
2024-01-10,26,4.7
2024-01-11,57,12.4
2024-01-12,52,9.4
2024-01-13,16,2.9
2024-01-14,33,5.9
2024-01-15,37,6.7
2024-01-16,28,5.0
2024-01-17,24,4.4
2024-01-18,50,9.0
2024-01-19,24,4.4
2024-01-20,28,5.1
2024-01-21,41,7.3
2024-01-22,43,7.7
2024-01-23,49,8.8
2024-01-24,44,8.0
2024-01-25,28,5.1
2024-01-26,24,4.3
2024-01-27,29,5.2
2024-01-28,23,4.2
2024-01-29,50,9.0
2024-01-30,53,10.0
2024-01-31,27,4.9
2024-02-01,43,7.8
2024-02-02,22,3.9
2024-02-03,55,11.5
2024-02-04,58,12.7
2024-02-05,24,4.3
2024-02-06,75,21.8
2024-02-07,74,21.6
2024-02-08,50,9.0
2024-02-09,12,2.2
2024-02-10,29,5.2
2024-02-11,39,7.1
2024-02-12,53,10.2
2024-02-13,35,6.3
2024-02-14,46,8.3
2024-02-15,24,4.4
2024-02-16,22,4.0
2024-02-17,23,4.2
2024-02-18,21,3.7
2024-02-19,55,11.2
2024-02-20,64,16.2
2024-02-21,61,14.7
2024-02-22,68,18.3
2024-02-23,38,6.8
2024-02-24,11,1.9
2024-02-25,43,7.7
2024-02-26,52,9.9
2024-02-27,59,13.6
2024-02-28,18,3.3
2024-02-29,23,4.2
2024-03-01,27,4.9
2024-03-02,63,15.8
2024-03-03,56,11.9
2024-03-04,51,9.3
2024-03-05,11,2.0
2024-03-06,13,2.4
2024-03-07,22,4.0
2024-03-08,38,6.8
2024-03-09,17,3.1
2024-03-10,12,2.2
2024-03-11,29,5.3
2024-03-12,37,6.7
2024-03-13,50,9.0
2024-03-14,26,4.7
2024-03-15,27,4.9
2024-03-16,23,4.2
2024-03-17,13,2.3
2024-03-18,14,2.5
2024-03-19,22,4.0
2024-03-20,16,2.9
2024-03-21,23,4.1
2024-03-22,31,5.6
2024-03-23,21,3.7
2024-03-24,25,4.5
2024-03-25,42,7.6
2024-03-26,22,4.0
2024-03-27,22,4.0
2024-03-28,38,6.9
2024-03-29,22,3.9
2024-03-30,52,9.5
2024-03-31,18,3.2
2024-04-01,51,9.1
2024-04-02,13,2.4
2024-04-03,8,1.5
2024-04-04,9,1.7
2024-04-05,14,2.6
2024-04-06,17,3.0
2024-04-07,20,3.6
2024-04-08,26,4.7
2024-04-09,26,4.7
2024-04-10,28,5.1
2024-04-11,28,5.0
2024-04-12,16,2.9
2024-04-13,25,4.5
2024-04-14,51,9.2
2024-04-15,21,3.8
2024-04-16,41,7.4
2024-04-17,26,4.7
2024-04-18,23,4.1
2024-04-19,18,3.3
2024-04-20,15,2.7
2024-04-21,21,3.7
2024-04-22,41,7.3
2024-04-23,34,6.2
2024-04-24,18,3.3
2024-04-25,22,3.9
2024-04-26,39,7.0
2024-04-27,47,8.5
2024-04-28,31,5.5
2024-04-29,25,4.5
2024-04-30,22,3.9
2024-05-01,20,3.6
2024-05-02,29,5.3
2024-05-03,21,3.8
2024-05-04,32,5.7
2024-05-05,13,2.4
2024-05-06,16,2.9
2024-05-07,34,6.2
2024-05-08,17,3.1
2024-05-09,17,3.0
2024-05-10,20,3.6
2024-05-11,22,4.0
2024-05-12,39,7.1
2024-05-13,49,8.9
2024-05-14,42,7.5
2024-05-15,21,3.7
2024-05-16,52,9.4
2024-05-17,58,12.9
2024-05-18,46,8.3
2024-05-19,29,5.3
2024-05-20,34,6.1
2024-05-21,44,7.9
2024-05-22,29,5.2
2024-05-23,38,6.8
2024-05-24,34,6.1
2024-05-25,17,3.0
2024-05-26,26,4.6
2024-05-27,19,3.5
2024-05-28,26,4.6
2024-05-29,22,3.9
2024-05-30,18,3.2
2024-05-31,32,5.7
2024-06-01,46,8.3
2024-06-02,34,6.2
2024-06-03,51,9.3
2024-06-04,53,10.2
2024-06-05,23,4.2
2024-06-06,18,3.2
2024-06-07,24,4.4
2024-06-08,38,6.8
2024-06-09,22,4.0
2024-06-10,21,3.7
2024-06-11,32,5.8
2024-06-12,36,6.5
2024-06-13,54,10.7
2024-06-14,28,5.1
2024-06-15,29,5.3
2024-06-16,48,8.6
2024-06-17,56,12.0
2024-06-18,46,8.3
2024-06-19,60,14.0
2024-06-20,35,6.3
2024-06-21,52,9.9
2024-06-22,49,8.8
2024-06-23,12,2.2
2024-06-24,31,5.6
2024-06-25,46,8.2
2024-06-26,31,5.5
2024-06-27,13,2.4
2024-06-28,51,9.3
2024-06-29,36,6.4
2024-06-30,11,2.0
2024-07-01,13,2.4
2024-07-02,31,5.6
2024-07-03,25,4.5
2024-07-04,79,23.9
2024-07-05,74,21.7
2024-07-06,45,8.1
2024-07-07,55,11.1
2024-07-08,44,7.9
2024-07-09,45,8.1
2024-07-10,49,8.9
2024-07-11,47,8.5
2024-07-12,56,12.0
2024-07-13,57,12.2
2024-07-14,33,5.9
2024-07-15,44,7.9
2024-07-16,52,9.5
2024-07-17,35,6.3
2024-07-18,22,3.9
2024-07-19,40,7.2
2024-07-20,52,9.9
2024-07-21,54,10.8
2024-07-22,40,7.2
2024-07-23,62,15.0
2024-07-24,32,5.8
2024-07-25,33,6.0
2024-07-26,30,5.4
2024-07-27,53,10.1
2024-07-28,56,12.0
2024-07-29,38,6.9
2024-07-30,42,7.6
2024-07-31,52,9.6
2024-08-01,47,8.4
2024-08-02,62,14.9
2024-08-03,65,16.8
2024-08-04,52,9.8
2024-08-05,55,11.4
2024-08-06,33,5.9
2024-08-07,26,4.7
2024-08-08,44,7.9
2024-08-09,23,4.1
2024-08-10,21,3.8
2024-08-11,26,4.6
2024-08-12,28,5.1
2024-08-13,42,7.5
2024-08-14,56,11.9
2024-08-15,58,13.1
2024-08-16,34,6.2
2024-08-17,34,6.2
2024-08-18,56,11.6
2024-08-19,52,9.7
2024-08-20,27,4.9
2024-08-21,26,4.7
2024-08-22,48,8.6
2024-08-23,58,12.6
2024-08-24,64,16.1
2024-08-25,61,14.7
2024-08-26,68,18.4
2024-08-27,66,16.9
2024-08-28,21,3.7
2024-08-29,38,6.8
2024-08-30,31,5.5
2024-08-31,30,5.4
2024-09-01,42,7.6
2024-09-02,34,6.1
2024-09-03,29,5.2
2024-09-04,31,5.6
2024-09-05,51,9.2
2024-09-06,22,4.0
2024-09-07,19,3.4
2024-09-08,33,5.9
2024-09-09,33,5.9
2024-09-10,31,5.6
2024-09-11,41,7.3
2024-09-12,48,8.7
2024-09-13,57,12.3
2024-09-14,52,9.4
2024-09-15,48,8.7
2024-09-16,53,10.1
2024-09-17,54,10.7
2024-09-18,57,12.5
2024-09-19,54,10.7
2024-09-20,57,12.3
2024-09-21,49,8.9
2024-09-22,29,5.3
2024-09-23,13,2.4
2024-09-24,19,3.5
2024-09-25,,4.092308
2024-09-26,,4.070588
2024-09-27,25,4.5
2024-09-28,23,4.2
2024-09-29,21,3.8
2024-09-30,32,5.8
2024-10-01,28,5.0
2024-10-02,28,5.0
2024-10-03,39,7.1
2024-10-04,15,2.7
2024-10-05,44,7.9
2024-10-06,49,8.8
2024-10-07,21,3.8
2024-10-08,29,5.3
2024-10-09,18,3.3
2024-10-10,20,3.6
2024-10-11,53,10.1
2024-10-12,23,4.2
2024-10-13,19,3.5
2024-10-14,11,1.9
2024-10-15,7,1.3
2024-10-16,14,2.5
2024-10-17,,4.869231
2024-10-18,41,7.4
2024-10-19,52,9.7
2024-10-20,62,14.9
2024-10-21,54,10.6
2024-10-22,52,9.6
2024-10-23,31,5.5
2024-10-24,34,6.1
2024-10-25,32,5.7
2024-10-26,27,4.8
2024-10-27,51,9.3
2024-10-28,40,7.2
2024-10-29,62,15.0
2024-10-30,58,13.0
2024-10-31,18,3.2
2024-11-01,13,2.3
2024-11-02,36,6.5
2024-11-03,34,6.1
2024-11-04,24,4.4
2024-11-05,14,2.6
2024-11-06,12,2.2
2024-11-07,21,3.7
2024-11-08,14,2.6
2024-11-09,38,6.8
2024-11-10,27,4.9
2024-11-11,11,1.9
2024-11-12,11,1.9
2024-11-13,32,5.7
2024-11-14,19,3.5
2024-11-15,45,8.1
2024-11-16,56,11.8
2024-11-17,48,8.7
2024-11-18,62,15.0
2024-11-19,25,4.5
2024-11-20,18,3.2
2024-11-21,14,2.5
2024-11-22,9,1.6
2024-11-23,24,4.3
2024-11-24,59,13.2
2024-11-25,51,9.2
2024-11-26,20,3.6
2024-11-27,39,7.0
2024-11-28,23,4.2
2024-11-29,29,5.2
2024-11-30,32,5.7
2024-12-01,34,6.2
2024-12-02,23,4.2
2024-12-03,43,7.7
2024-12-04,48,8.6
2024-12-05,11,2.0
2024-12-06,25,4.5
2024-12-07,39,7.1
2024-12-08,37,6.7
2024-12-09,32,5.7
2024-12-10,24,4.4
2024-12-11,17,3.1
2024-12-12,22,3.9
2024-12-13,29,5.2
2024-12-14,57,12.5
2024-12-15,55,11.3
2024-12-16,46,8.2
2024-12-17,43,7.7
2024-12-18,43,7.8
2024-12-19,56,11.8
2024-12-20,30,5.4
2024-12-21,22,3.9
2024-12-22,49,8.8
2024-12-23,41,7.3
2024-12-24,41,7.4
2024-12-25,53,10.4
2024-12-26,68,18.3
2024-12-27,56,11.8
2024-12-28,41,7.4
2024-12-29,53,10.1
2024-12-30,46,8.2
2024-12-31,34,6.1
2025-01-01,16,2.8
2025-01-02,22,3.9
2025-01-03,28,5.0
2025-01-04,13,2.4
2025-01-05,17,3.1
2025-01-06,11,2.0
2025-01-07,27,4.8
2025-01-08,25,4.5
2025-01-09,54,10.7
2025-01-10,74,21.2
2025-01-11,51,9.1
2025-01-12,51,9.3
2025-01-13,19,3.4
2025-01-14,29,5.3
2025-01-15,41,7.4
2025-01-16,40,7.2
2025-01-17,36,6.4
2025-01-18,15,2.7
2025-01-19,15,2.7
2025-01-20,17,3.1
2025-01-21,19,3.5
2025-01-22,31,5.5
2025-01-23,33,5.9
2025-01-24,38,6.9
2025-01-25,23,4.2
2025-01-26,20,3.6
2025-01-27,24,4.3
2025-01-28,16,2.8
2025-01-29,17,3.0
2025-01-30,42,7.6
2025-01-31,22,3.9
2025-02-01,13,2.3
2025-02-02,57,12.1
2025-02-03,44,8.0
2025-02-04,15,2.7
2025-02-05,27,4.9
2025-02-06,23,4.2
2025-02-07,25,4.5
2025-02-08,34,6.2
2025-02-09,33,6.0
2025-02-10,28,5.1
2025-02-11,31,5.6
2025-02-12,47,8.4
2025-02-13,31,5.6
2025-02-14,52,9.8
2025-02-15,58,12.6
2025-02-16,24,4.3
2025-02-17,24,4.3
2025-02-18,24,4.3
2025-02-19,23,4.1
2025-02-20,28,5.1
2025-02-21,54,10.5
2025-02-22,43,7.7
2025-02-23,62,15.2
2025-02-24,52,9.5
2025-02-25,36,6.5
2025-02-26,53,10.2
2025-02-27,44,7.9
2025-02-28,18,3.3
2025-03-01,20,3.6
2025-03-02,56,11.9
2025-03-03,51,9.1
2025-03-04,46,8.3
2025-03-05,25,4.5
2025-03-06,13,2.3
2025-03-07,37,6.7
2025-03-08,14,2.5
2025-03-09,19,3.5
2025-03-10,27,4.9
2025-03-11,14,2.6
2025-03-12,14,2.6
2025-03-13,39,7.1
2025-03-14,52,9.7
2025-03-15,82,25.6
2025-03-16,22,3.9
2025-03-17,19,3.4
2025-03-18,46,8.2
2025-03-19,23,4.1
2025-03-20,14,2.5
2025-03-21,32,5.7
2025-03-22,16,2.8
2025-03-23,29,5.3
2025-03-24,24,4.4
2025-03-25,31,5.5
2025-03-26,35,6.3
2025-03-27,52,9.8
2025-03-28,46,8.2
2025-03-29,21,3.7
2025-03-30,24,4.3
2025-03-31,13,2.3
2025-04-01,14,2.5
2025-04-02,41,7.3
2025-04-03,21,3.7
2025-04-04,18,3.3
2025-04-05,23,4.1
2025-04-06,24,4.3
2025-04-07,20,3.6
2025-04-08,19,3.5
2025-04-09,39,7.1
2025-04-10,50,9.0
2025-04-11,52,9.4
2025-04-12,55,11.3
2025-04-13,40,7.2
2025-04-14,26,4.6
2025-04-15,11,2.0
2025-04-16,15,2.7
2025-04-17,35,6.3
2025-04-18,58,12.7
2025-04-19,32,5.8
2025-04-20,32,5.7
2025-04-21,15,2.7
2025-04-22,27,4.8
2025-04-23,34,6.1
2025-04-24,41,7.3
2025-04-25,17,3.0
2025-04-26,11,2.0
2025-04-27,23,4.2
2025-04-28,43,7.7
2025-04-29,25,4.5
2025-04-30,13,2.3
2025-05-01,34,6.2
2025-05-02,21,3.8
2025-05-03,9,1.7
2025-05-04,14,2.5
2025-05-05,24,4.3
2025-05-06,42,7.5
2025-05-07,27,4.8
2025-05-08,13,2.4
2025-05-09,23,4.1
2025-05-10,26,4.6
2025-05-11,18,3.3
2025-05-12,32,5.8
2025-05-13,32,5.7
2025-05-14,24,4.3
2025-05-15,53,10.2
2025-05-16,48,8.6
2025-05-17,13,2.3
2025-05-18,13,2.3
2025-05-19,13,2.3
2025-05-20,31,5.5
2025-05-21,12,2.2
2025-05-22,11,2.0
2025-05-23,10,1.8
2025-05-24,8,1.5
2025-05-25,11,2.0
2025-05-26,18,3.3
2025-05-27,25,4.5
2025-05-28,35,6.3
2025-05-29,57,12.5
2025-05-30,59,13.3
2025-05-31,29,5.2
2025-06-01,23,4.2
2025-06-02,48,8.6
2025-06-03,57,12.2
2025-06-04,98,34.2
2025-06-05,127,46.0
2025-06-06,76,22.3
2025-06-07,75,21.9
2025-06-08,76,22.5
2025-06-09,57,12.1
2025-06-10,68,18.2
2025-06-11,76,22.7
2025-06-12,70,19.2
2025-06-13,71,19.8
2025-06-14,46,8.3
2025-06-15,48,8.7
2025-06-16,56,11.7
2025-06-17,53,10.0
2025-06-18,37,6.6
2025-06-19,42,7.5
2025-06-20,41,7.3
2025-06-21,53,10.1
2025-06-22,58,13.1
2025-06-23,55,11.5
2025-06-24,24,4.3
2025-06-25,34,6.1
2025-06-26,44,7.9
2025-06-27,24,4.4
2025-06-28,17,3.0
2025-06-29,29,5.3
2025-06-30,29,5.3
2025-07-01,29,5.2
2025-07-02,51,9.1
2025-07-03,47,8.5
2025-07-04,53,10.1
2025-07-05,64,16.2
2025-07-06,41,7.4
2025-07-07,53,10.3
2025-07-08,56,11.8
2025-07-09,43,7.7
2025-07-10,31,5.6
2025-07-11,21,3.7
2025-07-12,28,5.0
2025-07-13,71,20.0
2025-07-14,90,29.8
2025-07-15,76,22.6
2025-07-16,26,4.6
2025-07-17,11,1.9
2025-07-18,25,4.5
2025-07-19,28,5.0
2025-07-20,51,9.1
2025-07-21,88,29.1
2025-07-22,68,18.2
2025-07-23,56,11.6
2025-07-24,53,10.3
2025-07-25,43,7.8
2025-07-26,40,7.2
2025-07-27,33,6.0
2025-07-28,43,7.7
2025-07-29,47,8.4
2025-07-30,55,11.5
2025-07-31,155,61.3
2025-08-01,105,37.1
2025-08-02,75,22.1
2025-08-05,89,29.3
2025-08-06,81,25.4
2025-08-07,62,15.1
2025-08-08,56,11.6
2025-08-09,57,12.1
2025-08-10,41,7.4
2025-08-11,39,7.0
2025-08-12,38,6.8
2025-08-13,54,10.6
2025-08-14,60,13.8
2025-08-15,69,18.9
2025-08-16,53,10.2
2025-08-17,26,4.6
2025-08-18,38,6.8
2025-08-19,24,4.3
2025-08-20,16,2.8
2025-08-21,16,2.8
2025-08-22,32,5.8
2025-08-23,31,5.5
2025-08-24,15,2.7
2025-08-25,14,2.6
2025-08-26,21,3.8
2025-08-27,27,4.8
2025-08-28,24,4.3
2025-08-29,11,1.9
2025-08-30,16,2.8
2025-08-31,21,3.7
2025-09-01,25,4.5
2025-09-02,29,5.3
2025-09-03,54,10.7
2025-09-04,40,7.2
2025-09-05,32,5.8
2025-09-06,15,2.7
2025-09-07,18,3.3
2025-09-08,24,4.3
2025-09-09,26,4.6
2025-09-10,51,9.2
2025-09-11,35,6.3
2025-09-12,44,7.9
2025-09-13,56,11.9
2025-09-14,54,10.7
2025-09-15,52,9.9
2025-09-16,51,9.3
2025-09-17,49,8.8
2025-09-18,53,10.3
2025-09-19,56,11.7
2025-09-20,56,11.8
2025-09-21,51,9.1
2025-09-22,39,7.0
2025-09-23,29,5.2
2025-09-24,19,3.4
2025-09-25,23,4.1
2025-09-26,39,7.1
2025-09-27,49,8.8
2025-09-28,40,7.2
2025-09-29,47,8.5
2025-09-30,40,7.2
2025-10-01,28,5.1
2025-10-02,34,6.1
2025-10-03,56,11.9
2025-10-04,56,11.7
2025-10-05,46,8.3
2025-10-06,32,5.7
2025-10-07,17,3.1
2025-10-08,15,2.7
2025-10-09,16,2.8
2025-10-10,34,6.2
2025-10-11,11,2.0
2025-10-12,19,3.5
2025-10-13,52,9.5
2025-10-14,33,5.9
2025-10-15,9,1.7
2025-10-16,20,3.6
2025-10-17,26,4.7
2025-10-18,56,12.0
2025-10-19,15,2.7
2025-10-20,17,3.0
2025-10-21,14,2.5
2025-10-22,7,1.3
2025-10-23,11,2.0
2025-10-24,19,3.5
2025-10-25,31,5.5
2025-10-26,27,4.8
2025-10-27,16,2.9
2025-10-28,19,3.5
2025-10-29,18,3.3
2025-10-30,18,3.3
2025-10-31,34,6.2
2025-11-01,29,5.3
2025-11-02,25,4.5
2025-11-03,18,3.2
2025-11-04,24,4.4
2025-11-05,31,5.6
2025-11-06,23,4.2
2025-11-07,29,5.3
2025-11-08,7,1.3
2025-11-09,8,1.5
2025-11-10,8,1.5
2025-11-11,24,4.4
2025-11-12,16,2.9
2025-11-13,28,5.1
2025-11-14,56,11.6
2025-11-15,35,6.3
2025-11-16,14,2.5
2025-11-17,22,3.9
2025-11-18,23,4.1
2025-11-19,53,10.1
2025-11-20,68,18.0
2025-11-21,52,9.7
2025-11-22,52,9.4
2025-11-23,52,9.5
2025-11-24,61,14.4
2025-11-25,53,10.1
2025-11-26,9,1.7
2025-11-27,7,1.2
2025-11-28,27,4.9
2025-11-29,34,6.1
2025-11-30,19,3.4
2025-12-01,37,6.6
2025-12-02,59,13.4
2025-12-03,56,11.8
2025-12-04,33,6.0
2025-12-05,53,10.4
2025-12-06,60,14.1
2025-12-07,38,6.8
2025-12-08,29,5.2
2025-12-09,58,12.8
2025-12-10,23,4.2
2025-12-11,35,6.3
2025-12-12,64,16.0
2025-12-13,24,4.3
2025-12-14,19,3.4
2025-12-15,52,9.6
2025-12-16,55,11.2
2025-12-17,55,11.4
2025-12-18,38,6.8
2025-12-19,21,3.7
2025-12-20,18,3.3
2025-12-21,21,3.8
2025-12-22,23,4.2
2025-12-23,46,8.2
2025-12-24,56,11.9
2025-12-25,60,14.0
2025-12-26,52,9.8
2025-12-27,55,11.5
2025-12-28,24,4.4
2025-12-29,13,2.4
2025-12-30,19,3.4
2025-12-31,26,4.6
