date,aqi,value
1999-02-05,55,11.1
1999-02-12,74,21.3
1999-02-17,52,9.9
1999-02-23,59,13.4
1999-02-26,51,9.3
1999-03-01,64,15.9
1999-03-04,55,11.3
1999-03-07,41,7.3
1999-03-10,42,7.6
1999-03-13,55,11.3
1999-03-19,54,10.8
1999-03-22,37,6.7
1999-03-25,50,9.0
1999-03-28,41,7.3
1999-03-31,32,5.8
1999-04-06,16,2.8
1999-04-12,56,11.7
1999-04-18,57,12.3
1999-04-24,61,14.6
1999-04-30,63,15.6
1999-05-06,51,9.1
1999-05-12,43,7.7
1999-05-18,23,4.1
1999-05-24,33,6.0
1999-05-30,52,9.5
1999-06-05,28,5.1
1999-06-11,39,7.0
1999-06-17,39,7.1
1999-06-23,14,2.6
1999-06-29,65,16.5
1999-07-05,58,12.7
1999-07-11,70,19.3
1999-07-17,45,8.1
1999-07-23,33,5.9
1999-07-29,23,4.1
1999-08-04,26,4.7
1999-08-10,27,4.8
1999-08-16,41,7.3
1999-08-22,61,14.3
1999-08-28,51,9.2
1999-09-03,55,11.2
1999-09-09,43,7.8
1999-09-15,54,10.6
1999-09-21,67,17.8
1999-09-27,88,29.2
1999-10-01,76,22.4
1999-10-02,69,18.8
1999-10-03,67,17.5
1999-10-04,57,12.2
1999-10-05,49,8.9
1999-10-06,44,8.0
1999-10-07,58,12.6
1999-10-08,63,15.6
1999-10-09,71,19.7
1999-10-10,72,20.3
1999-10-11,74,21.3
1999-10-12,72,20.6
1999-10-13,70,19.2
1999-10-14,62,15.0
1999-10-15,78,23.6
1999-10-16,97,33.9
1999-10-17,102,35.9
1999-10-18,97,33.7
1999-10-19,132,47.9
1999-10-20,143,52.4
1999-10-21,133,48.3
1999-10-22,113,40.3
1999-10-24,54,10.8
1999-10-25,54,10.8
1999-10-27,34,6.1
1999-10-30,68,18.0
1999-10-31,69,18.8
1999-11-01,72,20.6
1999-11-02,66,17.3
1999-11-03,63,15.7
1999-11-04,79,24.3
1999-11-05,84,26.7
1999-11-06,73,20.8
1999-11-07,25,4.5
1999-11-08,48,8.7
1999-11-09,54,10.6
1999-11-10,43,7.7
1999-11-11,57,12.3
1999-11-12,90,30.1
1999-11-13,103,36.5
1999-11-14,67,17.9
1999-11-16,39,7.0
1999-11-17,43,7.7
1999-11-18,58,12.6
1999-11-19,31,5.6
1999-11-20,42,7.5
1999-11-21,24,4.3
1999-11-22,47,8.5
1999-11-23,66,17.4
1999-11-25,63,15.6
1999-11-26,33,6.0
1999-11-27,58,13.1
1999-11-28,127,46.0
1999-11-29,78,23.4
1999-11-30,27,4.9
1999-12-01,38,6.8
1999-12-02,42,7.5
1999-12-03,33,6.0
1999-12-04,65,16.6
1999-12-05,101,35.6
1999-12-06,60,13.8
1999-12-07,40,7.2
1999-12-08,58,12.9
1999-12-09,33,5.9
1999-12-10,33,6.0
1999-12-11,62,14.9
1999-12-12,90,29.9
1999-12-13,32,5.8
1999-12-14,66,17.1
1999-12-15,81,25.3
1999-12-16,81,25.1
1999-12-18,72,20.5
1999-12-19,65,16.4
1999-12-20,76,22.4
1999-12-21,76,22.6
1999-12-22,60,14.1
1999-12-23,96,33.3
1999-12-24,130,47.4
1999-12-25,150,55.2
1999-12-26,158,64.9
1999-12-27,162,71.2
1999-12-28,125,45.4
1999-12-29,110,39.2
1999-12-30,116,41.6
1999-12-31,68,18.3
2000-01-01,57,12.2
2000-01-02,27,4.8
2000-01-03,58,13.0
2000-01-04,72,20.3
2000-01-05,56,11.9
2000-01-06,72,20.6
2000-01-07,111,39.7
2000-01-08,52,9.7
2000-01-09,52,9.9
2000-01-10,24,4.4
2000-01-11,21,3.8
2000-01-12,61,14.6
2000-01-13,56,11.8
2000-01-14,64,16.0
2000-01-15,58,12.7
2000-01-16,37,6.6
2000-01-18,56,11.8
2000-01-19,53,10.4
2000-01-20,43,7.8
2000-01-21,52,9.7
2000-01-22,62,15.2
2000-01-23,37,6.6
2000-01-24,27,4.8
2000-01-25,29,5.3
2000-01-26,48,8.7
2000-01-27,62,15.2
2000-01-28,68,18.0
2000-01-29,84,27.0
2000-01-30,34,6.1
2000-01-31,48,8.7
2000-02-01,57,12.2
2000-02-03,66,17.2
2000-02-04,42,7.5
2000-02-05,44,8.0
2000-02-07,75,21.9
2000-02-08,73,20.8
2000-02-09,51,9.3
2000-02-10,33,5.9
2000-02-11,38,6.9
2000-02-12,26,4.6
2000-02-13,15,2.7
2000-02-14,48,8.6
2000-02-15,63,15.3
2000-02-16,54,10.6
2000-02-17,57,12.2
2000-02-18,56,11.8
2000-02-19,57,12.4
2000-02-20,39,7.1
2000-02-21,31,5.6
2000-02-22,26,4.7
2000-02-23,38,6.9
2000-02-24,38,6.8
2000-02-25,43,7.7
2000-02-26,27,4.8
2000-02-27,34,6.1
2000-03-01,55,11.5
2000-03-02,40,7.2
2000-03-03,52,9.5
2000-03-04,41,7.3
2000-03-05,37,6.6
2000-03-06,52,9.5
2000-03-07,38,6.8
2000-03-08,34,6.2
2000-03-09,47,8.4
2000-03-10,66,17.0
2000-03-11,53,10.3
2000-03-12,60,13.8
2000-03-13,53,10.0
2000-03-16,54,10.6
2000-03-17,61,14.5
2000-03-18,67,17.6
2000-03-19,47,8.4
2000-03-20,21,3.8
2000-03-21,32,5.8
2000-03-22,58,12.7
2000-03-23,46,8.3
2000-03-24,53,10.3
2000-03-25,51,9.3
2000-03-26,46,8.2
2000-03-27,32,5.7
2000-03-28,44,7.9
2000-03-29,60,14.0
2000-03-30,65,16.5
2000-03-31,42,7.6
2000-04-06,50,9.0
2000-04-12,45,8.1
2000-05-18,61,14.5
2000-05-24,55,11.2
2000-05-30,57,12.3
2000-06-05,34,6.2
2000-06-11,41,7.3
2000-06-17,34,6.1
2000-06-23,58,12.9
2000-06-29,49,8.8
2000-07-05,19,3.4
2000-07-11,43,7.8
2000-07-17,48,8.7
2000-07-23,36,6.4
2000-07-29,28,5.0
2000-08-04,51,9.1
2000-08-10,22,4.0
2000-08-16,67,17.7
2000-08-22,46,8.2
2000-08-28,50,9.0
2000-09-03,30,5.4
2000-09-09,56,11.6
2000-09-15,37,6.6
2000-09-21,28,5.1
2000-09-27,45,8.1
2000-10-01,52,9.8
2000-10-02,52,9.5
2000-10-03,58,12.9
2000-10-05,63,15.7
2000-10-06,57,12.5
2000-10-07,53,10.4
2000-10-08,43,7.7
2000-10-09,27,4.9
2000-10-10,36,6.4
2000-10-11,52,9.7
2000-10-12,55,11.0
2000-10-13,52,9.9
2000-10-14,39,7.1
2000-10-15,41,7.4
2000-10-16,33,6.0
2000-10-20,32,5.8
2000-10-21,31,5.5
2000-10-22,20,3.6
2000-10-23,52,9.6
2000-10-24,59,13.5
2000-10-26,27,4.9
2000-10-27,41,7.4
2000-10-28,28,5.0
2000-10-29,31,5.6
2000-10-31,60,14.0
2000-11-01,63,15.6
2000-11-02,72,20.5
2000-11-03,59,13.6
2000-11-04,59,13.2
2000-11-05,36,6.4
2000-11-06,46,8.3
2000-11-07,53,10.2
2000-11-08,53,10.2
2000-11-09,28,5.0
2000-11-10,29,5.3
2000-11-11,63,15.4
2000-11-12,62,15.0
2000-11-13,51,9.1
2000-11-14,70,19.1
2000-11-15,58,12.8
2000-11-16,58,12.8
2000-11-17,68,18.2
2000-11-18,94,32.0
2000-11-19,104,36.8
2000-11-20,97,33.7
2000-11-21,88,29.0
2000-11-23,84,27.0
2000-11-24,87,28.3
2000-11-25,108,38.3
2000-11-26,93,31.9
2000-11-28,90,30.0
2000-11-29,55,11.4
2000-11-30,76,22.4
2000-12-01,75,22.0
2000-12-02,70,19.3
2000-12-03,132,47.9
2000-12-04,100,35.3
2000-12-05,98,34.2
2000-12-06,90,30.2
2000-12-07,94,32.0
2000-12-08,90,29.9
2000-12-09,70,19.5
2000-12-10,46,8.3
2000-12-11,59,13.2
2000-12-12,45,8.1
2000-12-13,49,8.8
2000-12-14,45,8.1
2000-12-16,59,13.5
2000-12-17,61,14.3
2000-12-18,64,16.0
2000-12-19,100,35.3
2000-12-22,62,15.0
2000-12-23,78,23.6
2000-12-24,64,16.2
2000-12-25,70,19.1
2000-12-26,91,30.8
2000-12-27,117,42.0
2000-12-28,75,22.0
2000-12-29,125,45.4
2000-12-30,97,33.9
2000-12-31,92,31.0
2001-01-01,154,59.2
2001-01-02,140,51.3
2001-01-03,140,51.5
2001-01-04,107,37.8
2001-01-05,124,44.8
2001-01-06,147,54.0
2001-01-07,150,55.4
2001-01-08,46,8.2
2001-01-09,52,9.4
2001-01-10,33,6.0
2001-01-11,25,4.5
2001-01-12,36,6.5
2001-01-13,32,5.8
2001-01-14,41,7.4
2001-01-15,20,3.6
2001-01-16,27,4.8
2001-01-17,42,7.6
2001-01-18,81,25.4
2001-01-19,111,39.7
2001-01-20,161,69.9
2001-01-21,166,76.6
2001-01-22,111,39.7
2001-01-23,52,9.8
2001-01-24,29,5.3
2001-01-25,51,9.1
2001-01-26,44,8.0
2001-01-27,28,5.0
2001-01-28,57,12.4
2001-01-29,33,6.0
2001-01-30,51,9.3
2001-02-01,89,29.5
2001-02-02,117,41.9
2001-02-03,79,24.2
2001-02-06,51,9.1
2001-02-07,35,6.3
2001-02-08,44,8.0
2001-02-09,23,4.2
2001-02-10,18,3.3
2001-02-11,16,2.8
2001-02-12,23,4.1
2001-02-13,31,5.5
2001-02-14,51,9.1
2001-02-15,56,11.7
2001-02-16,44,7.9
2001-02-17,33,6.0
2001-02-18,30,5.4
2001-02-19,24,4.4
2001-02-20,39,7.0
2001-02-21,26,4.7
2001-02-22,13,2.4
2001-02-23,19,3.4
2001-02-24,35,6.3
2001-02-25,31,5.6
2001-02-26,54,10.5
2001-02-27,55,11.1
2001-02-28,46,8.2
2001-03-01,61,14.5
2001-03-02,53,10.1
2001-03-03,64,16.0
2001-03-04,22,4.0
2001-03-05,39,7.1
2001-03-06,32,5.7
2001-03-07,54,10.9
2001-03-08,53,10.4
2001-03-09,53,10.0
2001-03-10,46,8.3
2001-03-11,65,16.5
2001-03-12,70,19.3
2001-03-13,55,11.1
2001-03-14,62,14.9
2001-03-15,54,10.5
2001-03-16,42,7.5
2001-03-18,40,7.2
2001-03-19,60,13.9
2001-03-21,49,8.9
2001-03-22,28,5.1
2001-03-23,29,5.2
2001-03-24,24,4.3
2001-03-25,43,7.8
2001-03-26,55,11.1
2001-03-27,57,12.3
2001-03-30,67,17.6
2001-03-31,58,12.7
2001-04-01,42,7.6
2001-04-07,26,4.7
2001-04-13,43,7.8
2001-04-19,42,7.6
2001-04-25,43,7.8
2001-05-01,61,14.3
2001-05-07,71,19.8
2001-05-13,37,6.7
2001-05-19,69,18.8
2001-05-25,31,5.6
2001-05-31,68,18.4
2001-06-06,51,9.3
2001-06-12,41,7.4
2001-06-18,71,19.8
2001-06-24,39,7.1
2001-06-30,55,11.4
2001-07-06,58,12.8
2001-07-12,33,5.9
2001-07-18,54,10.7
2001-07-24,34,6.1
2001-07-30,24,4.3
2001-08-05,27,4.9
2001-08-11,31,5.5
2001-08-17,57,12.5
2001-08-23,24,4.3
2001-08-29,38,6.8
2001-09-04,44,7.9
2001-09-12,41,7.3
2001-09-16,37,6.6
2001-09-22,54,10.8
2001-09-25,38,6.8
2001-09-28,49,8.8
2001-10-01,57,12.2
2001-10-02,52,9.4
2001-10-04,52,9.6
2001-10-05,52,9.6
2001-10-06,52,9.9
2001-10-07,53,10.1
2001-10-08,52,9.9
2001-10-09,63,15.5
2001-10-10,70,19.3
2001-10-11,45,8.1
2001-10-12,65,16.5
2001-10-13,60,13.9
2001-10-14,60,14.1
2001-10-15,68,18.0
2001-10-16,58,12.7
2001-10-17,47,8.5
2001-10-18,57,12.4
2001-10-19,69,18.6
2001-10-20,58,12.7
2001-10-21,49,8.8
2001-10-22,53,10.0
2001-10-23,55,11.2
2001-10-24,63,15.3
2001-10-25,66,17.0
2001-10-26,78,23.6
2001-10-27,67,17.9
2001-10-28,60,13.7
2001-10-29,55,11.1
2001-10-30,30,5.4
2001-10-31,47,8.4
2001-11-01,73,20.7
2001-11-02,57,12.5
2001-11-03,59,13.3
2001-11-04,55,11.1
2001-11-05,58,12.9
2001-11-06,52,9.8
2001-11-07,64,16.1
2001-11-08,88,28.7
2001-11-09,113,40.2
2001-11-10,90,30.1
2001-11-11,18,3.3
2001-11-12,17,3.0
2001-11-14,52,9.6
2001-11-15,82,25.8
2001-11-16,70,19.5
2001-11-17,55,11.1
2001-11-18,74,21.6
2001-11-19,94,32.0
2001-11-20,52,9.8
2001-11-22,52,9.9
2001-11-23,43,7.7
2001-11-24,25,4.5
2001-11-25,53,10.1
2001-11-27,37,6.6
2001-11-28,47,8.4
2001-11-29,47,8.4
2001-11-30,53,10.4
2001-12-01,26,4.6
2001-12-02,31,5.5
2001-12-03,31,5.5
2001-12-04,42,7.6
2001-12-05,33,5.9
2001-12-06,52,9.9
2001-12-07,57,12.4
2001-12-08,80,24.9
2001-12-09,24,4.3
2001-12-10,30,5.4
2001-12-11,31,5.6
2001-12-12,56,11.9
2001-12-13,59,13.3
2001-12-14,30,5.4
2001-12-15,41,7.4
2001-12-16,55,11.2
2001-12-17,26,4.7
2001-12-18,55,11.4
2001-12-19,57,12.3
2001-12-20,23,4.2
2001-12-22,53,10.4
2001-12-23,52,9.7
2001-12-24,66,17.2
2002-01-01,54,10.9
2002-01-02,20,3.6
2002-01-03,63,15.8
2002-01-04,61,14.2
2002-01-05,84,27.0
2002-01-06,103,36.3
2002-01-07,104,36.9
2002-01-09,55,11.2
2002-01-10,61,14.2
2002-01-11,103,36.3
2002-01-12,125,45.1
2002-01-15,51,9.1
2002-01-16,55,11.1
2002-01-17,81,25.1
2002-01-18,80,24.8
2002-01-23,51,9.1
2002-01-24,73,20.9
2002-01-25,76,22.7
2002-01-26,44,7.9
2002-01-27,24,4.3
2002-01-28,17,3.0
2002-01-29,54,10.8
2002-01-30,55,11.2
2002-01-31,73,20.9
2002-02-01,114,40.6
2002-02-02,83,26.5
2002-02-03,76,22.4
2002-02-04,76,22.7
2002-02-05,79,24.1
2002-02-06,72,20.4
2002-02-08,44,8.0
2002-02-09,46,8.2
2002-02-10,88,28.7
2002-02-11,85,27.6
2002-02-12,70,19.4
2002-02-13,63,15.4
2002-02-14,80,24.5
2002-02-15,40,7.2
2002-02-16,35,6.3
2002-02-17,17,3.1
2002-02-18,22,4.0
2002-02-19,21,3.7
2002-02-20,28,5.1
2002-02-21,57,12.5
2002-02-22,71,20.1
2002-02-23,19,3.5
2002-02-24,35,6.3
2002-02-25,55,11.5
2002-02-26,60,13.9
2002-02-27,62,15.0
2002-02-28,67,17.7
2002-03-01,34,6.1
2002-03-02,55,11.2
2002-03-03,59,13.3
2002-03-04,68,18.4
2002-03-05,48,8.7
2002-03-06,19,3.5
2002-03-07,22,3.9
2002-03-08,25,4.5
2002-03-09,34,6.1
2002-03-10,23,4.2
2002-03-12,41,7.3
2002-03-13,39,7.0
2002-03-14,27,4.8
2002-03-15,31,5.6
2002-03-16,21,3.8
2002-03-17,24,4.4
2002-03-18,27,4.9
2002-03-20,68,18.3
2002-03-21,43,7.8
2002-03-22,31,5.6
2002-03-23,19,3.5
2002-03-24,20,3.6
2002-03-25,26,4.6
2002-03-26,50,9.0
2002-03-27,59,13.4
2002-03-29,69,18.9
2002-03-30,64,16.0
2002-03-31,59,13.2
2002-04-02,60,14.0
2002-04-08,26,4.7
2002-04-14,34,6.1
2002-04-20,59,13.3
2002-04-21,62,14.8
2002-04-26,56,12.0
2002-05-02,42,7.6
2002-05-08,61,14.6
2002-05-14,53,10.3
2002-05-20,26,4.7
2002-05-26,23,4.2
2002-06-01,57,12.4
2002-06-07,67,17.9
2002-06-13,26,4.6
2002-06-19,57,12.1
2002-06-25,44,7.9
2002-07-01,61,14.5
2002-07-07,19,3.5
2002-07-13,38,6.8
2002-07-19,41,7.4
2002-07-25,32,5.8
2002-07-31,50,9.0
2002-08-06,52,9.9
2002-08-12,77,22.8
2002-08-18,80,24.5
2002-08-24,45,8.1
2002-08-30,54,10.9
2002-09-05,31,5.5
2002-09-11,41,7.3
2002-09-17,37,6.6
2002-09-23,52,9.6
2002-09-29,33,5.9
2002-10-03,58,13.0
2002-10-04,54,10.8
2002-10-05,57,12.4
2002-10-06,58,13.0
2002-10-07,61,14.2
2002-10-09,36,6.4
2002-10-10,36,6.4
2002-10-11,52,9.5
2002-10-12,59,13.2
2002-10-13,53,10.4
2002-10-14,56,12.0
2002-10-15,55,11.1
2002-10-16,54,10.7
2002-10-17,56,12.0
2002-10-18,48,8.6
2002-10-19,44,8.0
2002-10-20,42,7.6
2002-10-21,57,12.3
2002-10-22,32,5.8
2002-10-23,27,4.9
2002-10-24,39,7.1
2002-10-25,55,11.1
2002-10-26,54,10.9
2002-10-27,59,13.3
2002-10-28,61,14.7
2002-10-29,55,11.1
2002-10-31,59,13.3
2002-11-01,58,12.8
2002-11-02,62,15.2
2002-11-03,55,11.5
2002-11-04,38,6.9
2002-11-05,63,15.4
2002-11-06,53,10.0
2002-11-07,17,3.1
2002-11-08,25,4.5
2002-11-09,36,6.4
2002-11-10,33,6.0
2002-11-11,53,10.1
2002-11-12,57,12.1
2002-11-13,58,12.6
2002-11-15,132,48.0
2002-11-16,107,38.1
2002-11-17,56,11.9
2002-11-18,62,14.8
2002-11-19,74,21.5
2002-11-20,135,49.2
2002-11-21,160,67.8
2002-11-22,79,24.2
2002-11-23,58,12.7
2002-11-24,61,14.7
2002-11-25,58,12.9
2002-11-27,84,26.9
2002-11-28,153,59.0
2002-11-29,134,48.9
2002-11-30,126,45.8
2002-12-01,160,68.1
2002-12-02,140,51.4
2002-12-03,115,41.2
2002-12-04,145,53.3
2002-12-05,152,57.5
2002-12-06,161,70.2
2002-12-07,159,66.2
2002-12-08,157,64.7
2002-12-09,114,40.7
2002-12-10,41,7.3
2002-12-11,57,12.1
2002-12-12,78,23.7
2002-12-13,17,3.1
2002-12-14,27,4.8
2002-12-15,39,7.0
2002-12-16,46,8.3
2002-12-17,26,4.6
2002-12-18,45,8.1
2002-12-19,28,5.1
2002-12-20,31,5.6
2002-12-21,29,5.3
2002-12-22,23,4.2
2002-12-23,36,6.4
2002-12-24,69,18.7
2002-12-25,90,30.3
2002-12-26,24,4.3
2002-12-27,13,2.3
2002-12-28,17,3.0
2002-12-29,34,6.1
2002-12-30,47,8.5
2003-01-01,69,18.7
2003-01-02,69,18.5
2003-01-03,65,16.7
2003-01-04,65,16.5
2003-01-05,74,21.2
2003-01-06,48,8.6
2003-01-07,94,32.2
2003-01-08,104,36.9
2003-01-09,96,33.0
2003-01-10,24,4.4
2003-01-11,59,13.4
2003-01-12,52,9.7
2003-01-13,52,9.7
2003-01-14,43,7.8
2003-01-15,52,9.5
2003-01-16,60,14.0
2003-01-17,87,28.3
2003-01-18,102,35.8
2003-01-19,104,36.8
2003-01-20,116,41.6
2003-01-21,78,23.8
2003-01-22,57,12.4
2003-01-25,64,15.9
2003-01-26,73,20.8
2003-01-27,67,17.6
2003-01-28,52,9.4
2003-01-29,63,15.3
2003-01-31,95,32.7
2003-02-01,29,5.2
2003-02-02,38,6.8
2003-02-04,51,9.2
2003-02-05,19,3.5
2003-02-06,44,7.9
2003-02-07,39,7.1
2003-02-08,61,14.4
2003-02-12,87,28.5
2003-02-13,66,17.4
2003-02-14,21,3.7
2003-02-15,18,3.3
2003-02-16,19,3.5
2003-02-17,35,6.3
2003-02-18,41,7.3
2003-02-19,20,3.6
2003-02-20,42,7.5
2003-02-22,53,10.1
2003-02-23,57,12.1
2003-02-24,67,17.5
2003-02-25,43,7.7
2003-02-26,33,6.0
2003-02-27,31,5.6
2003-02-28,44,7.9
2003-03-05,34,6.2
2003-03-06,52,9.8
2003-03-08,33,6.0
2003-03-09,50,9.0
2003-03-10,44,8.0
2003-03-11,19,3.4
2003-03-13,15,2.7
2003-03-14,26,4.6
2003-03-15,35,6.3
2003-03-16,27,4.8
2003-03-17,24,4.3
2003-03-18,34,6.1
2003-03-19,32,5.8
2003-03-20,33,5.9
2003-03-21,42,7.6
2003-03-22,13,2.3
2003-03-23,31,5.5
2003-03-24,39,7.1
2003-03-25,36,6.5
2003-03-26,18,3.2
2003-03-27,37,6.6
2003-03-28,29,5.2
2003-03-29,51,9.3
2003-03-30,47,8.4
2003-03-31,44,7.9
2003-04-03,20,3.6
2003-04-09,42,7.6
2003-04-15,18,3.2
2003-04-16,11,2.0
2003-04-21,22,3.9
2003-04-27,21,3.8
2003-05-03,32,5.7
2003-05-09,27,4.9
2003-05-14,47,8.5
2003-05-15,53,10.3
2003-05-21,62,15.1
2003-05-27,51,9.1
2003-06-02,72,20.2
2003-06-08,24,4.4
2003-06-14,42,7.5
2003-06-20,37,6.6
2003-06-26,59,13.6
2003-07-02,51,9.1
2003-07-08,41,7.3
2003-07-14,53,10.3
2003-07-18,57,12.1
2003-07-20,54,10.6
2003-07-26,47,8.5
2003-08-07,38,6.9
2003-08-10,27,4.9
2003-08-13,42,7.5
2003-08-19,24,4.3
2003-08-21,37,6.6
2003-08-25,59,13.4
2003-08-31,41,7.3
2003-09-06,36,6.5
2003-09-12,68,18.2
2003-09-15,57,12.1
2003-09-18,58,12.6
2003-09-24,52,9.6
2003-09-30,51,9.3
2003-10-01,35,6.3
2003-10-02,43,7.8
2003-10-04,54,10.6
2003-10-05,54,10.5
2003-10-06,39,7.0
2003-10-07,28,5.0
2003-10-08,31,5.6
2003-10-09,52,9.7
2003-10-10,53,10.3
2003-10-11,60,13.9
2003-10-12,55,11.5
2003-10-13,64,16.0
2003-10-14,59,13.5
2003-10-16,33,5.9
2003-10-17,56,12.0
2003-10-18,41,7.3
2003-10-19,42,7.5
2003-10-20,52,9.4
2003-10-21,52,9.4
2003-10-23,54,10.5
2003-10-24,69,18.7
2003-10-25,63,15.6
2003-10-26,58,12.6
2003-10-27,65,16.8
2003-10-28,71,19.6
2003-10-29,52,9.6
2003-10-30,28,5.1
2003-10-31,32,5.8
2003-11-01,41,7.3
2003-11-02,31,5.5
2003-11-03,36,6.4
2003-11-05,58,13.0
2003-11-06,95,32.6
2003-11-07,80,24.9
2003-11-08,22,4.0
2003-11-09,31,5.5
2003-11-10,54,10.9
2003-11-11,53,10.4
2003-11-12,54,10.8
2003-11-13,55,11.2
2003-11-14,38,6.8
2003-11-15,31,5.6
2003-11-16,52,9.4
2003-11-17,59,13.6
2003-11-18,61,14.4
2003-11-21,24,4.4
2003-11-22,36,6.4
2003-11-23,61,14.4
2003-11-24,74,21.2
2003-11-25,52,9.5
2003-11-26,38,6.9
2003-11-27,70,19.3
2003-11-28,103,36.3
2003-11-29,72,20.2
2003-11-30,50,9.0
2003-12-01,33,5.9
2003-12-02,37,6.7
2003-12-03,69,18.7
2003-12-04,92,31.2
2003-12-05,60,14.1
2003-12-06,35,6.3
2003-12-07,21,3.7
2003-12-08,44,8.0
2003-12-09,43,7.8
2003-12-10,31,5.6
2003-12-11,46,8.3
2003-12-12,53,10.0
2003-12-13,23,4.1
2003-12-14,34,6.1
2003-12-15,52,9.8
2003-12-16,70,19.3
2003-12-17,55,11.4
2003-12-18,78,23.8
2003-12-19,98,34.1
2003-12-20,54,10.9
2003-12-21,56,11.9
2003-12-22,71,19.8
2003-12-23,56,11.9
2003-12-24,29,5.2
2003-12-25,29,5.2
2003-12-26,32,5.8
2003-12-27,64,16.1
2003-12-28,64,16.1
2003-12-29,20,3.6
2003-12-30,55,11.0
2003-12-31,64,16.2
2004-01-01,33,6.0
2004-01-02,38,6.8
2004-01-03,41,7.3
2004-01-04,60,14.1
2004-01-05,43,7.7
2004-01-07,45,8.1
2004-01-08,62,15.2
2004-01-09,55,11.2
2004-01-10,54,10.8
2004-01-11,61,14.7
2004-01-12,126,45.8
2004-01-13,93,31.9
2004-01-14,110,39.2
2004-01-15,61,14.7
2004-01-16,60,13.9
2004-01-17,70,19.2
2004-01-18,84,26.6
2004-01-19,62,14.9
2004-01-20,57,12.3
2004-01-21,55,11.2
2004-01-22,58,13.0
2004-01-23,78,23.4
2004-01-24,64,16.1
2004-01-25,36,6.4
2004-01-26,43,7.7
2004-01-27,19,3.4
2004-01-28,50,9.0
2004-01-29,58,13.0
2004-01-30,25,4.5
2004-01-31,19,3.5
2004-02-01,34,6.1
2004-02-02,26,4.6
2004-02-03,28,5.0
2004-02-04,47,8.5
2004-02-05,64,16.3
2004-02-06,55,11.4
2004-02-07,28,5.0
2004-02-08,39,7.1
2004-02-09,52,9.6
2004-02-10,36,6.4
2004-02-11,67,17.9
2004-02-12,83,26.3
2004-02-13,60,13.9
2004-02-14,55,11.3
2004-02-15,63,15.8
2004-02-16,17,3.0
2004-02-17,14,2.6
2004-02-18,35,6.3
2004-02-19,32,5.8
2004-02-20,22,3.9
2004-02-21,37,6.7
2004-02-22,45,8.1
2004-02-23,43,7.7
2004-02-24,39,7.0
2004-02-25,39,7.0
2004-03-02,19,3.5
2004-03-03,43,7.8
2004-03-04,43,7.8
2004-03-05,34,6.1
2004-03-06,35,6.3
2004-03-07,55,11.1
2004-03-08,61,14.3
2004-03-09,63,15.4
2004-03-10,57,12.2
2004-03-11,67,17.9
2004-03-12,69,18.6
2004-03-13,70,19.5
2004-03-14,61,14.7
2004-03-15,64,16.2
2004-03-16,59,13.6
2004-03-17,65,16.6
2004-03-18,58,13.0
2004-03-19,50,9.0
2004-03-20,57,12.4
2004-03-21,55,11.2
2004-03-22,39,7.1
2004-03-23,31,5.5
2004-03-24,43,7.7
2004-03-25,33,5.9
2004-03-26,33,5.9
2004-03-27,37,6.6
2004-03-28,49,8.8
2004-03-29,54,10.9
2004-03-30,33,6.0
2004-03-31,43,7.7
2004-04-01,43,7.8
2004-04-03,55,11.5
2004-04-09,58,12.9
2004-04-15,29,5.2
2004-04-21,31,5.5
2004-04-27,62,15.1
2004-05-03,35,6.3
2004-05-09,33,5.9
2004-05-15,43,7.7
2004-05-21,34,6.1
2004-05-27,11,2.0
2004-06-02,49,8.9
2004-06-08,39,7.0
2004-06-14,57,12.2
2004-06-20,46,8.3
2004-06-26,32,5.7
2004-07-02,46,8.3
2004-07-08,28,5.1
2004-07-14,41,7.3
2004-07-20,29,5.2
2004-07-26,39,7.0
2004-07-28,33,6.0
2004-08-01,28,5.1
2004-08-03,33,6.0
2004-08-07,26,4.6
2004-08-13,49,8.8
2004-08-19,26,4.6
2004-08-25,31,5.5
2004-08-31,44,7.9
2004-09-06,58,13.1
2004-09-12,32,5.7
2004-09-18,23,4.2
2004-09-24,58,13.0
2004-09-30,51,9.1
2004-10-01,49,8.9
2004-10-02,57,12.4
2004-10-03,38,6.9
2004-10-04,38,6.8
2004-10-05,33,5.9
2004-10-06,41,7.3
2004-10-07,18,3.3
2004-10-08,23,4.1
2004-10-09,31,5.5
2004-10-13,73,20.8
2004-10-14,66,17.0
2004-10-15,62,14.9
2004-10-16,46,8.3
2004-10-17,29,5.3
2004-10-18,22,4.0
2004-10-19,20,3.6
2004-10-20,25,4.5
2004-10-21,43,7.7
2004-10-22,38,6.9
2004-10-24,51,9.1
2004-10-25,29,5.2
2004-10-26,20,3.6
2004-10-27,26,4.7
2004-10-28,53,10.3
2004-10-29,67,17.9
2004-10-30,37,6.7
2004-10-31,43,7.8
2004-11-01,36,6.5
2004-11-02,73,21.0
2004-11-03,24,4.4
2004-11-04,26,4.6
2004-11-05,51,9.2
2004-11-06,58,12.9
2004-11-07,64,16.3
2004-11-08,54,10.6
2004-11-09,36,6.4
2004-11-10,40,7.2
2004-11-11,34,6.1
2004-11-12,39,7.1
2004-11-13,53,10.2
2004-11-14,74,21.4
2004-11-15,98,34.1
2004-11-16,124,44.9
2004-11-17,92,31.2
2004-11-18,94,32.4
2004-11-19,65,16.5
2004-11-20,43,7.8
2004-11-21,24,4.3
2004-11-22,52,9.4
2004-11-23,66,17.1
2004-11-24,85,27.2
2004-11-25,38,6.8
2004-11-26,89,29.4
2004-11-27,17,3.0
2004-11-30,92,31.0
2004-12-01,90,30.0
2004-12-02,53,10.1
2004-12-03,54,10.9
2004-12-04,67,17.7
2004-12-05,102,36.1
2004-12-06,32,5.7
2004-12-07,26,4.6
2004-12-08,22,4.0
2004-12-09,55,11.4
2004-12-10,67,17.5
2004-12-11,79,24.1
2004-12-12,62,14.9
2004-12-13,64,16.2
2004-12-14,71,20.0
2004-12-15,65,16.4
2004-12-16,82,25.6
2004-12-17,94,32.2
2004-12-21,78,23.7
2004-12-23,54,10.5
2004-12-24,93,31.5
2004-12-25,94,32.0
2004-12-26,39,7.1
2004-12-27,23,4.1
2004-12-28,57,12.2
2004-12-29,30,5.4
2004-12-30,22,4.0
2004-12-31,20,3.6
2005-01-01,26,4.7
2005-01-02,19,3.5
2005-01-03,30,5.4
2005-01-05,70,19.1
2005-01-06,73,20.8
2005-01-07,19,3.5
2005-01-08,20,3.6
2005-01-09,39,7.0
2005-01-10,53,10.1
2005-01-11,24,4.4
2005-01-12,61,14.2
2005-01-13,82,26.0
2005-01-14,79,24.2
2005-01-15,105,37.1
2005-01-16,92,31.3
2005-01-17,94,32.3
2005-01-19,87,28.2
2005-01-20,92,31.1
2005-01-21,89,29.4
2005-01-22,103,36.2
2005-01-23,79,24.2
2005-01-25,111,39.4
2005-01-26,54,10.7
2005-01-27,41,7.4
2005-01-28,32,5.7
2005-01-29,42,7.5
2005-01-30,49,8.9
2005-01-31,59,13.4
2005-02-02,51,9.1
2005-02-03,83,26.5
2005-02-04,121,43.6
2005-02-05,65,16.6
2005-02-06,39,7.0
2005-02-07,19,3.4
2005-02-08,32,5.8
2005-02-09,58,13.0
2005-02-10,53,10.4
2005-02-11,67,17.5
2005-02-12,60,13.9
2005-02-13,56,11.9
2005-02-14,52,9.8
2005-02-15,55,11.3
2005-02-16,45,8.1
2005-02-17,36,6.5
2005-02-18,33,5.9
2005-02-20,19,3.4
2005-02-21,19,3.5
2005-02-22,44,7.9
2005-02-23,38,6.9
2005-02-24,39,7.0
2005-02-25,36,6.5
2005-02-26,43,7.7
2005-02-27,22,4.0
2005-02-28,34,6.1
2005-03-01,37,6.6
2005-03-02,46,8.2
2005-03-03,49,8.8
2005-03-04,33,5.9
2005-03-05,53,10.4
2005-03-06,55,11.0
2005-03-07,53,10.2
2005-03-08,62,15.1
2005-03-09,64,16.0
2005-03-10,64,16.3
2005-03-11,60,13.7
2005-03-12,57,12.4
2005-03-13,43,7.8
2005-03-14,30,5.4
2005-03-15,51,9.1
2005-03-16,53,10.4
2005-03-17,53,10.2
2005-03-18,42,7.6
2005-03-19,31,5.6
2005-03-20,34,6.1
2005-03-21,30,5.4
2005-03-22,21,3.8
2005-03-23,35,6.3
2005-03-24,32,5.7
2005-03-25,24,4.4
2005-03-26,38,6.8
2005-03-27,26,4.6
2005-03-28,29,5.2
2005-03-29,32,5.8
2005-03-30,38,6.9
2005-03-31,53,10.1
2005-04-04,27,4.8
2005-04-10,45,8.1
2005-04-16,35,6.3
2005-04-22,53,10.4
2005-04-28,26,4.7
2005-05-04,27,4.9
2005-05-10,22,4.0
2005-05-16,38,6.9
2005-05-22,52,9.4
2005-05-28,36,6.4
2005-06-03,59,13.3
2005-06-09,17,3.0
2005-06-13,57,12.4
2005-06-15,38,6.8
2005-06-21,29,5.3
2005-06-27,18,3.3
2005-07-09,14,2.6
2005-07-15,40,7.2
2005-07-18,26,4.7
2005-07-21,45,8.1
2005-07-27,47,8.4
2005-08-02,52,9.6
2005-08-08,34,6.1
2005-08-14,28,5.1
2005-08-20,23,4.2
2005-08-26,60,13.8
2005-08-27,43,7.7
2005-09-01,53,10.4
2005-09-07,48,8.6
2005-09-13,38,6.8
2005-09-19,51,9.1
2005-09-25,54,10.8
2005-10-01,16,2.8
2005-10-02,25,4.5
2005-10-03,22,4.0
2005-10-04,31,5.5
2005-10-05,52,9.8
2005-10-06,55,11.3
2005-10-07,44,7.9
2005-10-08,48,8.6
2005-10-09,41,7.3
2005-10-10,58,12.6
2005-10-11,46,8.2
2005-10-12,56,11.9
2005-10-13,66,17.1
2005-10-14,42,7.5
2005-10-15,36,6.5
2005-10-16,46,8.2
2005-10-17,56,11.6
2005-10-18,44,8.0
2005-10-19,34,6.2
2005-10-20,51,9.1
2005-10-21,53,10.3
2005-10-22,41,7.3
2005-10-23,28,5.0
2005-10-24,16,2.9
2005-10-25,29,5.3
2005-10-26,32,5.8
2005-10-27,26,4.6
2005-10-28,31,5.6
2005-10-29,35,6.3
2005-10-30,40,7.2
2005-10-31,55,11.0
2005-11-01,55,11.1
2005-11-02,34,6.2
2005-11-03,22,3.9
2005-11-04,34,6.1
2005-11-05,34,6.1
2005-11-06,23,4.1
2005-11-07,26,4.6
2005-11-08,34,6.1
2005-11-09,46,8.2
2005-11-10,48,8.6
2005-11-11,33,6.0
2005-11-12,46,8.3
2005-11-13,51,9.3
2005-11-14,49,8.9
2005-11-15,42,7.6
2005-11-17,64,16.0
2005-11-18,69,19.0
2005-11-19,71,19.8
2005-11-20,90,29.9
2005-11-21,87,28.2
2005-11-22,73,21.0
2005-11-23,68,18.3
2005-11-24,57,12.2
2005-11-30,52,9.6
2005-12-01,16,2.8
2005-12-02,27,4.8
2005-12-03,26,4.6
2005-12-04,37,6.6
2005-12-05,68,18.1
2005-12-06,68,18.3
2005-12-07,92,31.0
2005-12-08,111,39.4
2005-12-09,68,18.2
2005-12-10,70,19.4
2005-12-11,95,32.6
2005-12-12,67,17.5
2005-12-13,58,12.6
2005-12-14,74,21.2
2005-12-15,80,24.5
2005-12-16,120,43.4
2005-12-17,95,32.5
2005-12-18,27,4.8
2005-12-19,48,8.6
2005-12-20,58,12.7
2005-12-21,35,6.3
2005-12-22,20,3.6
2005-12-23,57,12.1
2005-12-25,29,5.2
2005-12-26,52,9.8
2005-12-27,34,6.2
2005-12-28,31,5.6
2005-12-29,62,15.2
2005-12-30,18,3.3
2005-12-31,32,5.8
2006-01-01,29,5.2
2006-01-02,26,4.7
2006-01-03,25,4.5
2006-01-04,49,8.9
2006-01-05,67,17.6
2006-01-06,63,15.3
2006-01-07,24,4.3
2006-01-08,42,7.6
2006-01-09,61,14.2
2006-01-10,74,21.5
2006-01-11,61,14.3
2006-01-12,68,18.2
2006-01-13,72,20.4
2006-01-14,17,3.1
2006-01-15,28,5.1
2006-01-16,62,14.9
2006-01-17,54,10.9
2006-01-18,27,4.9
2006-01-19,42,7.5
2006-01-20,55,11.1
2006-01-21,56,11.6
2006-01-22,49,8.9
2006-01-24,74,21.7
2006-01-25,67,17.9
2006-01-26,34,6.1
2006-01-27,43,7.7
2006-01-28,43,7.7
2006-01-29,42,7.6
2006-01-30,44,8.0
2006-01-31,47,8.5
2006-02-01,44,7.9
2006-02-02,24,4.3
2006-02-03,61,14.4
2006-02-04,32,5.8
2006-02-05,24,4.3
2006-02-07,67,17.5
2006-02-08,65,16.7
2006-02-09,93,31.5
2006-02-10,86,27.7
2006-02-11,66,16.9
2006-02-12,58,12.7
2006-02-13,63,15.5
2006-02-14,58,13.0
2006-02-17,53,10.1
2006-02-18,46,8.2
2006-02-19,48,8.6
2006-02-20,58,12.7
2006-02-21,56,11.7
2006-02-22,58,12.8
2006-02-23,76,22.6
2006-02-24,77,23.3
2006-02-25,72,20.5
2006-02-26,68,18.3
2006-02-27,19,3.5
2006-02-28,29,5.2
2006-03-01,33,5.9
2006-03-02,26,4.7
2006-03-03,23,4.2
2006-03-04,29,5.3
2006-03-05,12,2.2
2006-03-06,22,4.0
2006-03-07,23,4.1
2006-03-08,35,6.3
2006-03-09,27,4.8
2006-03-10,22,4.0
2006-03-11,24,4.4
2006-03-12,14,2.5
2006-03-13,28,5.1
2006-03-14,24,4.4
2006-03-15,22,3.9
2006-03-16,29,5.3
2006-03-17,26,4.7
2006-03-18,28,5.0
2006-03-19,29,5.2
2006-03-20,26,4.7
2006-03-21,16,2.9
2006-03-22,44,8.0
2006-03-23,37,6.7
2006-03-24,18,3.3
2006-03-25,24,4.3
2006-03-26,27,4.8
2006-03-27,32,5.7
2006-03-28,29,5.3
2006-03-29,29,5.2
2006-03-30,23,4.2
2006-03-31,19,3.5
2006-04-05,22,3.9
2006-04-11,13,2.3
2006-04-17,18,3.3
2006-04-23,48,8.6
2006-04-26,54,10.6
2006-04-29,45,8.1
2006-05-05,52,9.8
2006-05-11,59,13.5
2006-05-17,46,8.3
2006-05-23,29,5.3
2006-05-29,26,4.6
2006-06-02,24,4.3
2006-06-04,21,3.7
2006-06-10,52,9.8
2006-06-16,53,10.4
2006-06-22,71,19.8
2006-06-28,33,5.9
2006-07-04,48,8.6
2006-07-07,52,9.4
2006-07-10,22,3.9
2006-07-16,52,9.4
2006-07-22,56,11.8
2006-07-28,31,5.5
2006-08-03,56,11.9
2006-08-09,58,12.8
2006-08-15,38,6.9
2006-08-21,46,8.2
2006-08-27,44,7.9
2006-09-02,52,9.6
2006-09-08,34,6.1
2006-09-14,56,11.6
2006-09-20,57,12.4
2006-09-26,57,12.3
2006-10-01,43,7.7
2006-10-02,35,6.3
2006-10-03,38,6.8
2006-10-04,37,6.7
2006-10-05,30,5.4
2006-10-06,48,8.7
2006-10-07,53,10.0
2006-10-08,52,9.7
2006-10-09,58,13.0
2006-10-10,54,10.6
2006-10-11,54,10.7
2006-10-12,60,13.7
2006-10-13,52,9.5
2006-10-14,52,9.5
2006-10-15,26,4.6
2006-10-16,27,4.8
2006-10-17,36,6.4
2006-10-18,47,8.4
2006-10-19,55,11.0
2006-10-20,56,12.0
2006-10-21,57,12.1
2006-10-22,67,17.5
2006-10-23,72,20.4
2006-10-24,58,13.1
2006-10-25,38,6.9
2006-10-26,61,14.4
2006-10-27,63,15.8
2006-10-28,61,14.5
2006-10-29,54,10.8
2006-10-30,49,8.8
2006-10-31,41,7.4
2006-11-01,57,12.5
2006-11-02,37,6.7
2006-11-03,51,9.1
2006-11-04,48,8.6
2006-11-05,43,7.8
2006-11-06,50,9.0
2006-11-07,33,5.9
2006-11-08,26,4.7
2006-11-09,35,6.3
2006-11-10,47,8.5
2006-11-11,26,4.6
2006-11-12,36,6.5
2006-11-13,29,5.3
2006-11-14,37,6.7
2006-11-16,44,7.9
2006-11-17,42,7.6
2006-11-18,60,14.0
2006-11-19,81,25.0
2006-11-20,86,27.8
2006-11-21,44,7.9
2006-11-22,42,7.5
2006-11-23,19,3.4
2006-11-24,33,5.9
2006-11-25,29,5.2
2006-11-26,33,6.0
2006-11-27,19,3.5
2006-11-28,21,3.8
2006-11-29,32,5.7
2006-11-30,64,15.9
2006-12-01,74,21.5
2006-12-02,57,12.3
2006-12-03,99,34.6
2006-12-04,73,20.9
2006-12-05,77,23.2
2006-12-06,104,36.9
2006-12-07,105,37.2
2006-12-08,77,23.0
2006-12-09,20,3.6
2006-12-10,53,10.3
2006-12-11,58,12.6
2006-12-12,31,5.5
2006-12-13,47,8.4
2006-12-14,42,7.6
2006-12-15,29,5.2
2006-12-16,36,6.5
2006-12-18,63,15.5
2006-12-21,79,24.1
2006-12-22,67,17.5
2006-12-23,68,18.3
2006-12-24,95,32.7
2006-12-25,147,54.3
2006-12-26,58,13.1
2006-12-27,34,6.2
2006-12-28,37,6.7
2006-12-29,59,13.6
2006-12-30,68,18.1
2006-12-31,81,25.2
2007-01-01,84,27.0
2007-01-02,73,20.9
2007-01-03,58,12.7
2007-01-04,16,2.8
2007-01-05,18,3.3
2007-01-06,36,6.5
2007-01-07,47,8.4
2007-01-08,61,14.4
2007-01-09,85,27.4
2007-01-10,59,13.5
2007-01-11,14,2.6
2007-01-12,18,3.3
2007-01-13,28,5.0
2007-01-14,68,18.0
2007-01-15,57,12.1
2007-01-16,65,16.5
2007-01-17,59,13.5
2007-01-18,68,18.1
2007-01-19,72,20.3
2007-01-20,65,16.4
2007-01-21,31,5.6
2007-01-22,34,6.2
2007-01-24,123,44.5
2007-01-25,96,33.0
2007-01-26,101,35.7
2007-01-27,95,32.7
2007-01-28,83,26.3
2007-01-29,73,20.7
2007-01-30,61,14.2
2007-01-31,57,12.2
2007-02-01,51,9.2
2007-02-02,77,23.2
2007-02-03,104,36.8
2007-02-04,108,38.3
2007-02-05,125,45.2
2007-02-06,71,20.1
2007-02-07,34,6.2
2007-02-08,42,7.6
2007-02-09,20,3.6
2007-02-10,14,2.5
2007-02-11,22,4.0
2007-02-12,35,6.3
2007-02-13,32,5.8
2007-02-14,50,9.0
2007-02-15,52,9.6
2007-02-16,52,9.8
2007-02-17,31,5.5
2007-02-18,39,7.0
2007-02-19,34,6.1
2007-02-20,19,3.4
2007-02-21,12,2.1
2007-02-22,13,2.3
2007-02-23,18,3.3
2007-02-24,18,3.2
2007-02-25,33,5.9
2007-02-26,19,3.5
2007-02-27,21,3.7
2007-02-28,23,4.2
2007-03-01,53,10.1
2007-03-02,20,3.6
2007-03-03,38,6.9
2007-03-04,58,12.9
2007-03-05,53,10.4
2007-03-06,54,10.9
2007-03-07,29,5.2
2007-03-08,27,4.8
2007-03-09,32,5.8
2007-03-10,31,5.5
2007-03-11,42,7.6
2007-03-12,55,11.2
2007-03-13,37,6.7
2007-03-14,43,7.7
2007-03-15,54,10.6
2007-03-16,59,13.6
2007-03-17,28,5.0
2007-03-18,18,3.3
2007-03-19,16,2.8
2007-03-20,22,4.0
2007-03-21,43,7.7
2007-03-22,52,9.8
2007-03-23,53,10.2
2007-03-24,25,4.5
2007-03-25,8,1.5
2007-03-26,11,2.0
2007-03-27,36,6.5
2007-03-28,48,8.7
2007-03-29,54,10.8
2007-03-30,55,11.2
2007-03-31,37,6.6
2007-04-01,26,4.7
2007-04-06,18,3.2
2007-04-12,31,5.5
2007-04-18,23,4.2
2007-04-24,32,5.8
2007-04-30,53,10.1
2007-05-06,36,6.4
2007-05-12,42,7.5
2007-05-18,38,6.9
2007-05-24,58,12.9
2007-05-30,36,6.4
2007-06-05,25,4.5
2007-06-11,53,10.4
2007-06-17,56,11.6
2007-06-23,43,7.8
2007-06-29,21,3.8
2007-07-05,48,8.6
2007-07-11,14,2.5
2007-07-17,18,3.3
2007-07-23,15,2.7
2007-07-28,24,4.4
2007-07-29,24,4.4
2007-07-31,49,8.9
2007-08-02,52,9.5
2007-08-04,33,5.9
2007-08-10,43,7.8
2007-08-16,21,3.8
2007-08-22,53,10.2
2007-08-28,39,7.1
2007-09-03,19,3.4
2007-09-09,54,10.6
2007-09-15,29,5.3
2007-09-21,46,8.3
2007-09-27,55,11.2
2007-10-01,31,5.6
2007-10-02,49,8.8
2007-10-03,36,6.5
2007-10-04,28,5.0
2007-10-05,29,5.2
2007-10-06,46,8.3
2007-10-07,40,7.2
2007-10-08,44,8.0
2007-10-09,19,3.4
2007-10-10,27,4.9
2007-10-11,40,7.2
2007-10-12,36,6.4
2007-10-13,41,7.3
2007-10-14,43,7.7
2007-10-15,39,7.0
2007-10-16,22,4.0
2007-10-17,41,7.4
2007-10-18,38,6.9
2007-10-19,26,4.7
2007-10-20,31,5.6
2007-10-21,43,7.8
2007-10-22,54,10.5
2007-10-23,59,13.5
2007-10-24,59,13.6
2007-10-25,56,11.9
2007-10-26,58,13.1
2007-10-27,59,13.4
2007-10-28,66,17.1
2007-10-29,59,13.2
2007-10-30,53,10.0
2007-10-31,53,10.1
2007-11-01,57,12.1
2007-11-02,66,17.4
2007-11-03,61,14.5
2007-11-04,57,12.5
2007-11-05,72,20.2
2007-11-06,64,15.9
2007-11-07,74,21.2
2007-11-08,58,12.9
2007-11-09,58,12.6
2007-11-10,59,13.5
2007-11-11,37,6.6
2007-11-12,53,10.1
2007-11-13,50,9.0
2007-11-14,49,8.8
2007-11-15,37,6.6
2007-11-16,22,4.0
2007-11-17,34,6.1
2007-11-18,53,10.2
2007-11-19,42,7.5
2007-11-20,44,8.0
2007-11-21,54,10.6
2007-11-22,57,12.5
2007-11-23,51,9.2
2007-11-24,63,15.7
2007-11-25,84,26.7
2007-11-26,83,26.5
2007-11-27,59,13.3
2007-11-28,53,10.3
2007-11-29,60,14.1
2007-11-30,31,5.5
2007-12-01,27,4.9
2007-12-02,18,3.2
2007-12-03,26,4.6
2007-12-04,65,16.7
2007-12-05,68,18.3
2007-12-06,52,9.4
2007-12-07,34,6.1
2007-12-08,18,3.2
2007-12-09,26,4.7
2007-12-10,44,7.9
2007-12-11,28,5.0
2007-12-12,63,15.7
2007-12-13,69,18.6
2007-12-14,71,20.1
2007-12-15,52,9.6
2007-12-16,38,6.9
2007-12-17,25,4.5
2007-12-18,27,4.8
2007-12-19,37,6.6
2007-12-20,20,3.6
2007-12-21,33,6.0
2007-12-22,54,10.6
2007-12-23,55,11.4
2007-12-24,34,6.1
2007-12-25,22,4.0
2007-12-26,19,3.4
2007-12-27,22,4.0
2007-12-28,71,20.0
2007-12-29,56,11.6
2007-12-30,34,6.1
2007-12-31,27,4.8
2008-01-01,70,19.4
2008-01-02,72,20.4
2008-01-03,41,7.3
2008-01-04,26,4.6
2008-01-05,32,5.7
2008-01-06,23,4.2
2008-01-07,34,6.1
2008-01-08,34,6.1
2008-01-09,61,14.6
2008-01-10,65,16.8
2008-01-11,70,19.3
2008-01-12,68,18.0
2008-01-13,52,9.5
2008-01-14,89,29.4
2008-01-16,41,7.3
2008-01-19,84,26.8
2008-01-22,35,6.3
2008-01-25,11,1.9
2008-01-28,16,2.9
2008-01-31,31,5.6
2008-02-03,26,4.7
2008-02-06,31,5.6
2008-02-09,55,11.4
2008-02-12,44,7.9
2008-02-15,53,10.2
2008-02-18,26,4.7
2008-02-21,24,4.4
2008-02-24,46,8.2
2008-02-27,44,8.0
2008-03-01,24,4.4
2008-03-04,54,10.9
2008-03-07,57,12.3
2008-03-10,42,7.6
2008-03-13,16,2.9
2008-03-16,23,4.1
2008-03-19,33,6.0
2008-03-22,46,8.2
2008-03-25,24,4.3
2008-03-28,22,3.9
2008-03-31,38,6.8
2008-04-06,19,3.4
2008-04-12,61,14.4
2008-04-18,56,11.7
2008-04-24,32,5.8
2008-04-30,25,4.5
2008-05-06,57,12.5
2008-05-12,61,14.2
2008-05-18,33,5.9
2008-05-21,48,8.6
2008-05-24,46,8.3
2008-05-30,30,5.4
2008-06-05,39,7.1
2008-06-11,58,12.8
2008-06-17,58,12.8
2008-06-23,61,14.5
2008-06-29,51,9.1
2008-07-05,25,4.5
2008-07-11,52,9.9
2008-07-17,52,9.6
2008-07-23,57,12.3
2008-07-29,38,6.9
2008-08-04,35,6.3
2008-08-10,39,7.0
2008-08-16,18,3.2
2008-08-22,43,7.8
2008-08-28,60,14.1
2008-09-03,64,15.9
2008-09-09,32,5.8
2008-09-15,55,11.5
2008-09-21,37,6.7
2008-09-27,46,8.2
2008-10-03,32,5.7
2008-10-06,42,7.6
2008-10-09,49,8.8
2008-10-15,61,14.7
2008-10-16,60,13.7
2008-10-21,45,8.1
2008-10-22,56,11.9
2008-10-24,69,18.9
2008-10-27,61,14.3
2008-10-30,66,17.4
2008-11-02,23,4.2
2008-11-05,42,7.5
2008-11-08,31,5.5
2008-11-11,31,5.6
2008-11-14,44,7.9
2008-11-19,54,10.9
2008-11-20,43,7.7
2008-11-23,68,18.4
2008-11-26,73,20.7
2008-11-29,76,22.6
2008-12-02,54,10.9
2008-12-05,78,23.8
2008-12-08,69,18.6
2008-12-11,75,22.1
2008-12-14,26,4.7
2008-12-17,36,6.5
2008-12-20,39,7.0
2009-01-01,84,27.0
2009-01-04,55,11.0
2009-01-07,88,28.7
2009-01-10,52,9.4
2009-01-13,49,8.9
2009-01-16,78,23.6
2009-01-19,59,13.3
2009-01-22,64,16.1
2009-01-25,21,3.8
2009-01-28,53,10.2
2009-01-31,72,20.4
2009-02-03,94,32.1
2009-02-06,26,4.6
2009-02-09,24,4.4
2009-02-12,23,4.1
2009-02-15,15,2.7
2009-02-18,36,6.4
2009-02-21,59,13.6
2009-02-24,30,5.4
2009-02-27,26,4.6
2009-03-02,21,3.8
2009-03-05,21,3.7
2009-03-11,33,6.0
2009-03-14,24,4.4
2009-03-17,23,4.2
2009-03-20,24,4.3
2009-03-23,23,4.1
2009-03-26,44,7.9
2009-03-29,41,7.3
2009-04-01,51,9.3
2009-04-07,40,7.2
2009-04-13,49,8.8
2009-04-19,57,12.1
2009-04-25,55,11.4
2009-05-01,31,5.5
2009-05-07,42,7.6
2009-05-13,54,10.5
2009-05-19,39,7.0
2009-05-25,59,13.6
2009-06-06,28,5.0
2009-06-07,25,4.5
2009-06-12,31,5.5
2009-06-18,53,10.1
2009-06-24,54,10.5
2009-06-30,55,11.2
2009-07-06,43,7.8
2009-07-12,37,6.6
2009-07-18,37,6.7
2009-07-24,12,2.1
2009-07-30,11,1.9
2009-08-05,28,5.1
2009-08-11,15,2.7
2009-08-17,52,9.9
2009-08-23,56,11.8
2009-08-29,59,13.2
2009-09-04,31,5.6
2009-09-10,37,6.7
2009-09-16,24,4.4
2009-09-22,31,5.5
2009-10-01,58,12.9
2009-10-02,65,16.8
2009-10-03,59,13.4
2009-10-04,56,11.9
2009-10-05,57,12.5
2009-10-06,61,14.3
2009-10-07,60,14.0
2009-10-08,52,9.8
2009-10-09,54,10.8
2009-10-10,57,12.2
2009-10-11,54,10.5
2009-10-12,46,8.2
2009-10-13,28,5.1
2009-10-14,52,9.6
2009-10-15,56,11.7
2009-10-16,52,9.8
2009-10-17,30,5.4
2009-10-18,33,6.0
2009-10-19,41,7.3
2009-10-20,55,11.5
2009-10-21,40,7.2
2009-10-22,61,14.3
2009-10-23,66,17.1
2009-10-24,54,10.6
2009-10-25,64,15.9
2009-10-26,59,13.2
2009-10-27,30,5.4
2009-10-28,34,6.1
2009-10-29,57,12.5
2009-10-30,59,13.2
2009-10-31,55,11.3
2009-11-01,58,12.7
2009-11-02,60,14.0
2009-11-03,70,19.5
2009-11-04,56,11.7
2009-11-05,36,6.4
2009-11-06,37,6.7
2009-11-07,52,9.7
2009-11-08,52,9.4
2009-11-09,61,14.7
2009-11-10,62,14.9
2009-11-11,54,10.7
2009-11-12,52,9.8
2009-11-13,45,8.1
2009-11-14,57,12.5
2009-11-15,62,14.8
2009-11-16,68,18.3
2009-11-17,61,14.3
2009-11-18,43,7.8
2009-11-19,60,13.7
2009-11-20,40,7.2
2009-11-21,42,7.5
2009-11-22,44,7.9
2009-11-23,60,13.7
2009-11-24,65,16.8
2009-11-25,72,20.4
2009-11-26,77,22.8
2009-11-27,47,8.5
2009-11-28,44,7.9
2009-11-29,52,9.4
2009-11-30,71,19.9
2009-12-01,89,29.4
2009-12-02,63,15.7
2009-12-03,68,18.0
2009-12-04,88,29.2
2009-12-05,65,16.4
2009-12-06,56,12.0
2009-12-07,41,7.4
2009-12-08,57,12.5
2009-12-09,71,20.1
2009-12-10,87,28.3
2009-12-11,69,19.0
2009-12-12,36,6.5
2009-12-13,42,7.5
2009-12-14,59,13.6
2009-12-15,55,11.3
2009-12-16,59,13.6
2009-12-17,66,16.9
2009-12-18,66,16.9
2009-12-19,101,35.5
2009-12-20,81,25.1
2009-12-21,53,10.4
2009-12-22,29,5.2
2009-12-23,53,10.0
2009-12-24,66,17.1
2009-12-25,90,29.9
2009-12-26,85,27.2
2009-12-27,69,18.7
2009-12-28,51,9.2
2009-12-29,59,13.3
2009-12-30,53,10.0
2009-12-31,66,17.4
2010-01-01,,11.363636
2010-01-02,55,11.5
2010-01-03,66,17.0
2010-01-04,83,26.4
2010-01-05,103,36.3
2010-01-06,115,41.0
2010-01-07,125,45.3
2010-01-08,97,33.8
2010-01-09,75,21.8
2010-01-10,82,25.5
2010-01-11,78,23.8
2010-01-12,26,4.6
2010-01-13,55,11.0
2010-01-14,65,16.6
2010-01-15,79,24.3
2010-01-16,92,31.0
2010-01-17,26,4.6
2010-01-18,46,8.2
2010-01-19,55,11.2
2010-01-20,41,7.3
2010-01-21,38,6.8
2010-01-22,38,6.8
2010-01-23,53,10.1
2010-01-24,51,9.2
2010-01-25,33,5.9
2010-01-26,55,11.3
2010-01-27,55,11.5
2010-01-28,74,21.4
2010-01-29,73,21.0
2010-01-30,53,10.4
2010-01-31,,11.307692
2010-02-01,66,16.9
2010-02-02,60,13.9
2010-02-03,57,12.3
2010-02-04,52,9.5
2010-02-05,45,8.1
2010-02-06,32,5.8
2010-02-07,42,7.5
2010-02-08,51,9.3
2010-02-09,40,7.2
2010-02-10,48,8.6
2010-02-11,46,8.3
2010-02-12,32,5.8
2010-02-13,59,13.3
2010-02-14,61,14.5
2010-02-15,63,15.8
2010-02-16,60,13.8
2010-02-17,63,15.4
2010-02-18,61,14.6
2010-02-19,54,10.8
2010-02-20,43,7.7
2010-02-21,31,5.5
2010-02-22,54,10.8
2010-02-23,52,9.8
2010-02-24,34,6.1
2010-02-25,55,11.2
2010-02-26,44,7.9
2010-02-27,46,8.2
2010-02-28,58,12.9
2010-03-01,53,10.0
2010-03-02,38,6.8
2010-03-03,34,6.1
2010-03-04,44,8.0
2010-03-05,47,8.4
2010-03-06,53,10.2
2010-03-07,55,11.5
2010-03-08,42,7.5
2010-03-09,36,6.5
2010-03-10,47,8.5
2010-03-11,55,11.0
2010-03-12,54,10.5
2010-03-15,,12.846154
2010-03-16,71,20.0
2010-03-17,68,18.4
2010-03-18,66,17.3
2010-03-19,53,10.3
2010-03-20,62,15.0
2010-03-21,57,12.2
2010-03-22,53,10.4
2010-03-23,58,13.0
2010-03-24,56,12.0
2010-03-25,46,8.2
2010-03-26,46,8.2
2010-03-27,55,11.5
2010-03-28,59,13.5
2010-03-29,49,8.8
2010-03-30,52,9.7
2010-03-31,33,6.0
2010-04-01,40,7.2
2010-04-02,52,9.6
2010-04-03,53,10.3
2010-04-04,44,8.0
2010-04-05,47,8.5
2010-04-06,52,9.9
2010-04-07,55,11.5
2010-04-08,63,15.7
2010-04-09,63,15.5
2010-04-10,61,14.6
2010-04-11,52,9.9
2010-04-12,44,8.0
2010-04-13,58,13.0
2010-04-14,56,11.6
2010-04-15,53,10.1
2010-04-16,44,8.0
2010-04-17,48,8.7
2010-04-18,54,10.9
2010-04-19,55,11.2
2010-04-20,39,7.0
2010-04-21,54,10.5
2010-04-22,64,15.9
2010-04-23,79,24.0
2010-04-24,65,16.5
2010-04-25,66,17.0
2010-04-26,58,13.0
2010-04-27,46,8.3
2010-04-28,45,8.1
2010-04-29,38,6.9
2010-04-30,54,10.7
2010-05-01,60,13.9
2010-05-02,61,14.4
2010-05-03,63,15.5
2010-05-04,60,14.0
2010-05-05,58,13.1
2010-05-06,51,9.1
2010-05-07,58,12.7
2010-05-08,53,10.0
2010-05-09,34,6.2
2010-05-10,42,7.5
2010-05-11,47,8.5
2010-05-12,65,16.5
2010-05-13,65,16.5
2010-05-14,58,12.7
2010-05-15,51,9.3
2010-05-16,47,8.4
2010-05-17,41,7.4
2010-05-18,36,6.5
2010-05-19,51,9.1
2010-05-20,53,10.1
2010-05-21,45,8.1
2010-05-22,37,6.6
2010-05-23,46,8.2
2010-05-24,33,6.0
2010-05-25,32,5.7
2010-05-26,44,8.0
2010-05-27,40,7.2
2010-05-28,41,7.3
2010-05-29,52,9.9
2010-05-30,62,14.9
2010-05-31,45,8.1
2010-06-01,44,8.0
2010-06-02,29,5.2
2010-06-03,33,5.9
2010-06-04,35,6.3
2010-06-05,38,6.9
2010-06-06,33,5.9
2010-06-07,52,9.9
2010-06-08,55,11.1
2010-06-09,46,8.2
2010-06-10,56,11.7
2010-06-11,62,14.9
2010-06-12,54,10.7
2010-06-13,71,20.1
2010-06-14,76,22.6
2010-06-15,74,21.2
2010-06-16,68,18.3
2010-06-17,65,16.4
2010-06-18,61,14.5
2010-06-19,54,10.7
2010-06-20,58,12.9
2010-06-21,65,16.6
2010-06-22,58,12.7
2010-06-23,47,8.5
2010-06-24,47,8.5
2010-06-25,39,7.0
2010-06-26,58,12.7
2010-06-27,67,17.5
2010-06-28,66,17.2
2010-06-29,65,16.4
2010-06-30,65,16.4
2010-07-01,61,14.3
2010-07-02,60,14.1
2010-07-03,72,20.2
2010-07-04,72,20.2
2010-07-05,61,14.2
2010-07-06,51,9.3
2010-07-07,54,10.6
2010-07-08,52,9.7
2010-07-09,47,8.5
2010-07-10,40,7.2
2010-07-11,46,8.2
2010-07-12,52,9.4
2010-07-13,43,7.7
2010-07-14,52,9.7
2010-07-15,51,9.2
2010-07-16,57,12.5
2010-07-17,61,14.2
2010-07-18,66,17.2
2010-07-19,,22.0
2010-07-20,19,3.5
2010-07-21,19,3.5
2010-07-22,18,3.3
2010-07-23,,7.153846
2010-07-24,36,6.4
2010-07-25,37,6.7
2010-07-26,43,7.7
2010-07-27,29,5.2
2010-07-28,22,4.0
2010-07-29,22,3.9
2010-07-30,26,4.6
2010-07-31,43,7.7
2010-08-01,35,6.3
2010-08-02,16,2.9
2010-08-03,18,3.2
2010-08-04,,4.375
2010-08-05,17,3.1
2010-08-06,15,2.7
2010-08-07,19,3.4
2010-08-08,9,1.6
2010-08-09,21,3.8
2010-08-10,27,4.9
2010-08-11,7,1.2
2010-08-12,9,1.7
2010-08-13,21,3.7
2010-08-14,22,3.9
2010-08-15,18,3.2
2010-08-16,16,2.8
2010-08-17,9,1.6
2010-08-18,18,3.2
2010-08-19,34,6.2
2010-08-20,26,4.7
2010-08-21,31,5.5
2010-08-22,51,9.2
2010-08-23,63,15.3
2010-08-24,63,15.4
2010-08-25,67,17.6
2010-08-26,53,10.1
2010-08-27,61,14.4
2010-08-28,49,8.8
2010-08-29,54,10.7
2010-08-30,39,7.0
2010-08-31,40,7.2
2010-09-01,55,11.1
2010-09-02,55,11.2
2010-09-03,21,3.7
2010-09-04,33,5.9
2010-09-05,68,18.2
2010-09-06,70,19.5
2010-09-07,48,8.7
2010-09-08,36,6.5
2010-09-09,52,9.5
2010-09-10,56,11.9
2010-09-11,44,8.0
2010-09-13,,7.0625
2010-09-14,36,6.4
2010-09-15,18,3.3
2010-09-16,13,2.4
2010-09-17,11,2.0
2010-09-18,8,1.4
2010-09-19,12,2.1
2010-09-20,34,6.2
2010-09-21,46,8.2
2010-09-22,36,6.5
2010-09-23,48,8.6
2010-09-24,56,11.7
2010-09-25,52,9.4
2010-09-26,42,7.5
2010-09-27,60,13.9
2010-09-28,61,14.6
2010-09-29,49,8.8
2010-09-30,23,4.2
2010-10-01,31,5.6
2010-10-02,25,4.5
2010-10-03,29,5.3
2010-10-04,56,11.9
2010-10-05,63,15.7
2010-10-06,59,13.6
2010-10-07,52,9.4
2010-10-08,54,10.8
2010-10-09,46,8.2
2010-10-10,35,6.3
2010-10-11,65,16.4
2010-10-12,64,15.9
2010-10-13,63,15.5
2010-10-14,66,17.4
2010-10-15,58,12.6
2010-10-16,55,11.0
2010-10-17,55,11.2
2010-10-18,61,14.2
2010-10-19,70,19.5
2010-10-20,58,12.7
2010-10-21,47,8.4
2010-10-22,47,8.4
2010-10-23,27,4.8
2010-10-24,11,2.0
2010-10-25,56,12.0
2010-10-26,52,9.5
2010-10-27,52,9.4
2010-10-28,49,8.8
2010-10-29,56,11.7
2010-10-30,28,5.1
2010-10-31,36,6.4
2010-11-01,52,9.6
2010-11-02,61,14.3
2010-11-03,77,23.0
2010-11-04,70,19.1
2010-11-05,52,9.7
2010-11-06,34,6.1
2010-11-07,28,5.1
2010-11-08,31,5.6
2010-11-09,29,5.3
2010-11-10,34,6.2
2010-11-11,33,5.9
2010-11-12,56,11.8
2010-11-13,57,12.5
2010-11-14,51,9.2
2010-11-15,51,9.3
2010-11-16,62,14.9
2010-11-17,62,15.0
2010-11-18,57,12.1
2010-11-19,38,6.8
2010-11-20,25,4.5
2010-11-21,23,4.2
2010-11-22,28,5.0
2010-11-23,22,3.9
2010-11-24,17,3.0
2010-11-25,20,3.6
2010-11-26,59,13.6
2010-11-27,15,2.7
2010-11-28,27,4.9
2010-11-29,28,5.1
2010-11-30,65,16.6
2010-12-01,75,22.1
2010-12-02,80,24.4
2010-12-03,77,23.3
2010-12-04,71,19.7
2010-12-05,57,12.5
2010-12-06,43,7.8
2010-12-07,56,11.7
2010-12-08,51,9.2
2010-12-09,55,11.3
2010-12-10,22,3.9
2010-12-11,52,9.5
2010-12-12,73,20.7
2010-12-13,79,23.9
2010-12-14,43,7.7
2010-12-15,52,9.5
2010-12-16,55,11.0
2010-12-17,45,8.1
2010-12-18,16,2.9
2010-12-19,18,3.3
2010-12-20,17,3.1
2010-12-21,11,1.9
2010-12-22,21,3.8
2010-12-23,39,7.1
2010-12-24,54,10.9
2010-12-25,47,8.5
2010-12-26,21,3.7
2010-12-27,47,8.4
2010-12-28,51,9.3
2010-12-29,25,4.5
2010-12-30,13,2.3
2010-12-31,44,8.0
2011-01-01,32,5.7
2011-01-02,28,5.0
2011-01-03,57,12.5
2011-01-04,55,11.1
2011-01-05,54,10.5
2011-01-06,69,19.0
2011-01-07,77,23.3
2011-01-08,72,20.3
2011-01-09,50,9.0
2011-01-10,52,9.9
2011-01-11,69,19.0
2011-01-12,69,18.7
2011-01-13,76,22.7
2011-01-14,54,10.5
2011-01-15,52,9.7
2011-01-16,73,20.9
2011-01-17,73,20.8
2011-01-18,61,14.5
2011-01-19,47,8.4
2011-01-20,47,8.5
2011-01-21,85,27.5
2011-01-22,81,25.2
2011-01-23,41,7.3
2011-01-24,79,24.1
2011-01-25,71,20.1
2011-01-26,69,18.6
2011-01-27,74,21.6
2011-01-28,70,19.5
2011-01-29,21,3.8
2011-01-30,30,5.4
2011-01-31,52,9.7
2011-02-01,45,8.1
2011-02-02,19,3.5
2011-02-03,60,14.1
2011-02-04,65,16.5
2011-02-05,59,13.3
2011-02-06,34,6.2
2011-02-07,59,13.2
2011-02-08,9,1.7
2011-02-09,17,3.1
2011-02-10,52,9.4
2011-02-11,63,15.7
2011-02-12,73,21.0
2011-02-13,61,14.6
2011-02-14,18,3.2
2011-02-15,18,3.3
2011-02-16,22,3.9
2011-02-17,12,2.2
2011-02-18,29,5.2
2011-02-19,14,2.5
2011-02-20,26,4.7
2011-02-21,21,3.7
2011-02-22,31,5.5
2011-02-23,39,7.1
2011-02-24,18,3.3
2011-02-25,12,2.2
2011-02-26,15,2.7
2011-02-27,34,6.2
2011-02-28,34,6.1
2011-03-01,33,6.0
2011-03-02,22,4.0
2011-03-03,39,7.0
2011-03-04,46,8.3
2011-03-05,40,7.2
2011-03-06,22,4.0
2011-03-07,23,4.1
2011-03-08,26,4.6
2011-03-09,53,10.3
2011-03-10,44,7.9
2011-03-11,39,7.0
2011-03-12,28,5.0
2011-03-13,32,5.7
2011-03-14,30,5.4
2011-03-15,28,5.1
2011-03-16,50,9.0
2011-03-17,53,10.3
2011-03-18,37,6.7
2011-03-19,14,2.6
2011-03-20,21,3.8
2011-03-21,28,5.0
2011-03-22,18,3.2
2011-03-23,19,3.5
2011-03-24,25,4.5
2011-03-25,24,4.3
2011-03-26,23,4.2
2011-03-27,29,5.3
2011-03-28,17,3.1
2011-03-29,37,6.7
2011-03-30,37,6.7
2011-03-31,54,10.5
2011-04-01,55,11.2
2011-04-02,53,10.0
2011-04-03,37,6.7
2011-04-04,49,8.9
2011-04-05,54,10.8
2011-04-06,54,10.6
2011-04-07,22,4.0
2011-04-08,12,2.2
2011-04-09,52,9.7
2011-04-10,32,5.7
2011-04-11,38,6.8
2011-04-12,34,6.1
2011-04-13,27,4.9
2011-04-14,34,6.1
2011-04-15,37,6.7
2011-04-16,13,2.3
2011-04-17,6,1.1
2011-04-18,23,4.2
2011-04-19,22,3.9
2011-04-20,22,4.0
2011-04-21,26,4.7
2011-04-22,39,7.1
2011-04-23,25,4.5
2011-04-24,14,2.5
2011-04-25,32,5.8
2011-04-26,38,6.9
2011-04-27,39,7.0
2011-04-28,32,5.7
2011-04-29,17,3.1
2011-04-30,28,5.0
2011-05-01,44,8.0
2011-05-02,49,8.8
2011-05-03,52,9.5
2011-05-04,60,14.0
2011-05-05,67,17.5
2011-05-06,40,7.2
2011-05-07,33,6.0
2011-05-08,14,2.5
2011-05-09,33,6.0
2011-05-10,54,10.7
2011-05-11,27,4.9
2011-05-12,33,5.9
2011-05-13,46,8.3
2011-05-14,36,6.5
2011-05-15,10,1.8
2011-05-16,18,3.3
2011-05-17,19,3.5
2011-05-18,27,4.8
2011-05-19,58,12.7
2011-05-20,57,12.1
2011-05-21,53,10.2
2011-05-22,48,8.7
2011-05-23,52,9.4
2011-05-24,42,7.5
2011-05-25,36,6.5
2011-05-26,27,4.8
2011-05-27,39,7.1
2011-05-28,33,6.0
2011-05-29,39,7.0
2011-05-30,24,4.4
2011-05-31,18,3.3
2011-06-01,12,2.2
2011-06-02,16,2.8
2011-06-03,30,5.4
2011-06-04,17,3.0
2011-06-05,22,4.0
2011-06-06,34,6.1
2011-06-07,37,6.7
2011-06-08,57,12.1
2011-06-09,54,10.5
2011-06-10,56,12.0
2011-06-11,33,6.0
2011-06-12,25,4.5
2011-06-13,24,4.4
2011-06-14,54,10.5
2011-06-15,69,18.7
2011-06-16,67,17.7
2011-06-17,61,14.3
2011-06-18,52,9.4
2011-06-19,54,10.6
2011-06-20,65,16.7
2011-06-21,58,12.7
2011-06-22,31,5.6
2011-06-23,56,11.8
2011-06-24,58,12.7
2011-06-25,56,11.8
2011-06-26,53,10.4
2011-06-27,25,4.5
2011-06-28,14,2.6
2011-06-29,16,2.9
2011-06-30,29,5.2
2011-07-01,55,11.4
2011-07-02,58,13.0
2011-07-03,63,15.7
2011-07-04,62,14.9
2011-07-05,47,8.5
2011-07-06,29,5.3
2011-07-07,21,3.7
2011-07-08,58,12.7
2011-07-09,58,13.0
2011-07-10,55,11.3
2011-07-11,16,2.9
2011-07-12,14,2.5
2011-07-13,25,4.5
2011-07-14,23,4.1
2011-07-15,12,2.2
2011-07-16,6,1.1
2011-07-17,6,1.0
2011-07-18,7,1.2
2011-07-19,14,2.5
2011-07-20,52,9.7
2011-07-21,,9.555556
2011-07-25,,4.928571
2011-07-26,17,3.0
2011-07-27,23,4.2
2011-07-28,30,5.4
2011-07-29,24,4.4
2011-07-30,34,6.1
2011-07-31,23,4.2
2011-08-01,27,4.9
2011-08-02,22,3.9
2011-08-03,26,4.7
2011-08-04,8,1.5
2011-08-05,12,2.1
2011-08-06,11,2.0
2011-08-07,28,5.0
2011-08-08,32,5.7
2011-08-09,54,10.6
2011-08-10,52,9.8
2011-08-11,23,4.1
2011-08-12,51,9.3
2011-08-13,53,10.4
2011-08-14,40,7.2
2011-08-15,37,6.6
2011-08-16,33,6.0
2011-08-17,42,7.5
2011-08-18,55,11.4
2011-08-19,47,8.5
2011-08-20,29,5.2
2011-08-21,15,2.7
2011-08-22,24,4.4
2011-08-23,43,7.7
2011-08-24,17,3.1
2011-08-25,12,2.2
2011-08-26,22,3.9
2011-08-27,21,3.7
2011-08-28,20,3.6
2011-08-29,56,11.7
2011-08-30,53,10.0
2011-08-31,62,14.9
2011-09-01,66,17.2
2011-09-02,61,14.5
2011-09-03,49,8.9
2011-09-04,52,9.7
2011-09-05,53,10.2
2011-09-06,48,8.6
2011-09-07,39,7.0
2011-09-08,41,7.4
2011-09-09,46,8.3
2011-09-10,54,10.5
2011-09-11,51,9.3
2011-09-12,47,8.5
2011-09-13,50,9.0
2011-09-14,52,9.6
2011-09-15,57,12.2
2011-09-16,56,11.8
2011-09-17,55,11.5
2011-09-18,55,11.3
2011-09-19,57,12.2
2011-09-20,56,11.8
2011-09-21,53,10.0
2011-09-22,51,9.2
2011-09-23,37,6.7
2011-09-24,17,3.1
2011-09-25,29,5.2
2011-09-26,44,7.9
2011-09-27,56,12.0
2011-09-28,71,19.8
2011-09-29,54,10.5
2011-09-30,44,8.0
2011-10-01,24,4.3
2011-10-02,28,5.1
2011-10-03,31,5.6
2011-10-04,34,6.1
2011-10-05,37,6.7
2011-10-06,37,6.6
2011-10-07,53,10.1
2011-10-08,53,10.4
2011-10-09,41,7.4
2011-10-10,13,2.4
2011-10-11,20,3.6
2011-10-12,60,13.7
2011-10-13,69,18.9
2011-10-14,69,18.9
2011-10-15,56,11.8
2011-10-16,54,10.5
2011-10-17,62,15.1
2011-10-18,51,9.1
2011-10-19,61,14.2
2011-10-20,56,11.8
2011-10-21,57,12.2
2011-10-22,61,14.2
2011-10-23,64,16.2
2011-10-24,62,15.1
2011-10-25,63,15.8
2011-10-26,63,15.8
2011-10-27,64,16.2
2011-10-28,64,16.0
2011-10-29,58,12.8
2011-10-30,61,14.2
2011-10-31,55,11.3
2011-11-01,46,8.2
2011-11-02,48,8.6
2011-11-03,38,6.9
2011-11-04,42,7.5
2011-11-05,38,6.9
2011-11-06,33,5.9
2011-11-07,47,8.5
2011-11-08,56,11.6
2011-11-09,77,23.2
2011-11-10,78,23.5
2011-11-11,58,12.6
2011-11-12,62,14.8
2011-11-13,54,10.6
2011-11-14,55,11.2
2011-11-15,59,13.4
2011-11-16,60,13.7
2011-11-17,27,4.8
2011-11-18,37,6.7
2011-11-19,33,6.0
2011-11-20,25,4.5
2011-11-21,57,12.1
2011-11-22,44,8.0
2011-11-23,32,5.7
2011-11-24,28,5.0
2011-11-25,51,9.1
2011-11-26,61,14.2
2011-11-27,79,24.2
2011-11-28,79,23.9
2011-11-29,61,14.7
2011-11-30,53,10.2
2011-12-01,18,3.3
2011-12-02,45,8.1
2011-12-03,29,5.2
2011-12-04,55,11.4
2011-12-05,57,12.3
2011-12-06,82,25.7
2011-12-07,78,23.6
2011-12-08,82,25.6
2011-12-09,98,34.5
2011-12-10,101,35.6
2011-12-11,53,10.2
2011-12-12,73,20.9
2011-12-13,81,25.2
2011-12-14,67,17.9
2011-12-15,56,11.6
2011-12-16,61,14.2
2011-12-17,84,27.0
2011-12-18,61,14.7
2011-12-19,56,11.7
2011-12-20,70,19.1
2011-12-21,83,26.4
2011-12-22,30,5.4
2011-12-23,66,17.3
2011-12-24,88,29.0
2011-12-25,131,47.5
2011-12-26,87,28.4
2011-12-27,59,13.6
2011-12-28,64,16.0
2011-12-29,57,12.5
2011-12-30,29,5.3
2011-12-31,33,5.9
2012-01-01,72,20.2
2012-01-02,71,19.9
2012-01-03,71,19.8
2012-01-04,60,13.8
2012-01-05,60,14.1
2012-01-06,68,18.0
2012-01-07,47,8.5
2012-01-08,31,5.5
2012-01-09,88,29.0
2012-01-10,101,35.7
2012-01-11,74,21.6
2012-01-12,57,12.4
2012-01-13,74,21.6
2012-01-14,79,24.2
2012-01-15,44,7.9
2012-01-16,21,3.7
2012-01-17,43,7.8
2012-01-18,53,10.3
2012-01-19,57,12.4
2012-01-20,18,3.2
2012-01-21,47,8.5
2012-01-22,41,7.4
2012-01-23,34,6.2
2012-01-24,54,10.6
2012-01-25,58,13.1
2012-01-26,36,6.4
2012-01-27,54,10.7
2012-01-28,52,9.4
2012-01-29,69,18.9
2012-01-30,54,10.5
2012-01-31,37,6.7
2012-02-01,42,7.5
2012-02-02,51,9.2
2012-02-03,62,14.9
2012-02-04,74,21.5
2012-02-05,60,13.8
2012-02-06,64,16.0
2012-02-07,47,8.5
2012-02-08,66,17.2
2012-02-09,60,14.0
2012-02-10,58,13.1
2012-02-11,28,5.1
2012-02-12,47,8.5
2012-02-13,53,10.0
2012-02-14,55,11.0
2012-02-15,32,5.7
2012-02-16,40,7.2
2012-02-17,52,9.5
2012-02-18,47,8.4
2012-02-19,43,7.8
2012-02-20,52,9.4
2012-02-21,58,12.7
2012-02-22,,16.461538
2012-02-23,,8.125
2012-02-24,,8.785714
2012-02-27,,6.6875
2012-02-28,32,5.7
2012-02-29,31,5.5
2012-03-01,31,5.6
2012-03-02,44,8.0
2012-03-03,54,10.9
2012-03-04,54,10.7
2012-03-05,24,4.4
2012-03-06,24,4.3
2012-03-07,22,4.0
2012-03-08,54,10.7
2012-03-09,58,12.6
2012-03-10,37,6.6
2012-03-11,41,7.3
2012-03-12,53,10.2
2012-03-13,22,4.0
2012-03-14,21,3.7
2012-03-15,20,3.6
2012-03-16,24,4.3
2012-03-17,32,5.7
2012-03-18,34,6.2
2012-03-19,33,6.0
2012-03-20,46,8.3
2012-03-21,49,8.9
2012-03-22,28,5.1
2012-03-23,28,5.0
2012-03-24,17,3.0
2012-03-25,20,3.6
2012-03-26,26,4.7
2012-03-27,26,4.7
2012-03-28,53,10.1
2012-03-29,57,12.1
2012-03-30,52,9.6
2012-03-31,46,8.2
2012-04-01,53,10.0
2012-04-02,51,9.2
2012-04-03,47,8.5
2012-04-04,35,6.3
2012-04-05,31,5.6
2012-04-06,38,6.9
2012-04-07,43,7.7
2012-04-08,36,6.4
2012-04-09,50,9.0
2012-04-10,26,4.7
2012-04-11,18,3.3
2012-04-12,46,8.2
2012-04-13,22,4.0
2012-04-14,41,7.3
2012-04-15,46,8.2
2012-04-16,,5.5
2012-04-17,,1.363636
2012-04-18,31,5.6
2012-04-19,28,5.0
2012-04-20,41,7.4
2012-04-21,55,11.2
2012-04-22,27,4.8
2012-04-23,21,3.7
2012-04-24,22,3.9
2012-04-25,27,4.9
2012-04-26,22,4.0
2012-04-27,34,6.2
2012-04-28,55,11.5
2012-04-29,58,12.9
2012-04-30,54,10.7
2012-05-01,51,9.3
2012-05-02,49,8.8
2012-05-03,18,3.3
2012-05-04,42,7.6
2012-05-05,59,13.5
2012-05-06,62,15.2
2012-05-07,72,20.4
2012-05-08,66,17.1
2012-05-09,74,21.2
2012-05-10,73,20.8
2012-05-11,72,20.3
2012-05-12,52,9.5
2012-05-13,55,11.5
2012-05-14,53,10.1
2012-05-15,51,9.1
2012-05-16,54,10.8
2012-05-17,69,18.8
2012-05-18,69,19.0
2012-05-19,64,16.1
2012-05-20,51,9.1
2012-05-21,22,4.0
2012-05-22,35,6.3
2012-05-23,51,9.1
2012-05-24,52,9.7
2012-05-25,53,10.1
2012-05-26,54,10.9
2012-05-27,41,7.3
2012-05-28,27,4.9
2012-05-29,45,8.1
2012-05-30,54,10.6
2012-05-31,56,11.6
2012-06-01,44,7.9
2012-06-02,16,2.8
2012-06-03,26,4.6
2012-06-04,24,4.4
2012-06-05,30,5.4
2012-06-06,37,6.7
2012-06-07,44,7.9
2012-06-08,,6.0
2012-06-12,,8.75
2012-06-13,55,11.4
2012-06-14,75,22.2
2012-06-15,71,19.6
2012-06-16,69,18.9
2012-06-17,51,9.1
2012-06-18,49,8.9
2012-06-19,64,16.2
2012-06-20,68,18.3
2012-06-21,49,8.8
2012-06-22,22,3.9
2012-06-23,16,2.9
2012-06-24,19,3.5
2012-06-25,22,4.0
2012-06-26,23,4.2
2012-06-27,45,8.1
2012-06-28,26,4.7
2012-06-29,23,4.1
2012-06-30,17,3.1
2012-07-01,33,6.0
2012-07-02,55,11.4
2012-07-03,58,12.7
2012-07-04,59,13.3
2012-07-05,47,8.5
2012-07-06,42,7.6
2012-07-07,49,8.8
2012-07-08,27,4.9
2012-07-09,,5.5
2012-07-11,,6.75
2012-07-12,,5.142857
2012-07-18,,1.6875
2012-07-19,17,3.0
2012-07-20,22,3.9
2012-07-21,47,8.5
2012-07-22,53,10.0
2012-07-23,53,10.1
2012-07-24,49,8.9
2012-07-25,26,4.6
2012-07-26,6,1.1
2012-07-27,3,0.5
2012-07-28,9,1.6
2012-07-29,27,4.8
2012-07-30,52,9.8
2012-07-31,50,9.0
2012-08-01,47,8.5
2012-08-02,41,7.4
2012-08-03,6,1.1
2012-08-04,7,1.2
2012-08-05,6,1.1
2012-08-06,11,2.0
2012-08-07,23,4.1
2012-08-08,42,7.6
2012-08-09,40,7.2
2012-08-10,51,9.1
2012-08-11,39,7.0
2012-08-12,15,2.7
2012-08-13,15,2.7
2012-08-14,21,3.8
2012-08-15,54,10.7
2012-08-16,13,2.3
2012-08-17,13,2.3
2012-08-18,9,1.7
2012-08-19,13,2.4
2012-08-20,17,3.1
2012-08-21,31,5.5
2012-08-22,21,3.8
2012-08-23,26,4.6
2012-08-24,53,10.2
2012-08-25,31,5.6
2012-08-26,19,3.5
2012-08-27,33,6.0
2012-08-28,28,5.0
2012-08-29,51,9.3
2012-08-30,42,7.6
2012-08-31,38,6.9
2012-09-01,33,5.9
2012-09-02,52,9.7
2012-09-03,33,5.9
2012-09-04,19,3.5
2012-09-05,44,8.0
2012-09-06,48,8.7
2012-09-07,24,4.3
2012-09-08,28,5.0
2012-09-09,34,6.1
2012-09-10,52,9.5
2012-09-11,62,15.0
2012-09-12,50,9.0
2012-09-13,27,4.9
2012-09-14,47,8.5
2012-09-15,26,4.7
2012-09-16,36,6.4
2012-09-17,39,7.0
2012-09-18,29,5.2
2012-09-19,51,9.2
2012-09-20,54,10.5
2012-09-21,54,10.5
2012-09-22,56,12.0
2012-09-23,39,7.1
2012-09-24,41,7.4
2012-09-25,54,10.7
2012-09-26,55,11.3
2012-09-27,47,8.4
2012-09-28,19,3.4
2012-09-29,42,7.6
2012-09-30,48,8.7
2012-10-01,64,16.3
2012-10-02,68,18.3
2012-10-03,64,16.2
2012-10-04,56,11.7
2012-10-05,47,8.4
2012-10-06,41,7.4
2012-10-07,29,5.2
2012-10-08,29,5.2
2012-10-09,37,6.7
2012-10-10,44,7.9
2012-10-11,52,9.4
2012-10-12,14,2.5
2012-10-13,28,5.0
2012-10-14,,1.153846
2012-10-15,26,4.6
2012-10-16,31,5.5
2012-10-17,53,10.0
2012-10-18,46,8.3
2012-10-19,1,0.2
2012-10-20,21,3.7
2012-10-21,19,3.5
2012-10-22,5,0.9
2012-10-23,11,2.0
2012-10-24,8,1.5
2012-10-25,13,2.4
2012-10-26,29,5.3
2012-10-27,40,7.2
2012-10-28,29,5.3
2012-10-29,23,4.2
2012-10-30,10,1.8
2012-10-31,3,0.6
2012-11-01,18,3.3
2012-11-02,38,6.9
2012-11-03,45,8.1
2012-11-04,58,12.8
2012-11-05,58,13.0
2012-11-06,73,20.8
2012-11-07,37,6.6
2012-11-08,7,1.2
2012-11-09,8,1.4
2012-11-10,16,2.9
2012-11-11,48,8.6
2012-11-12,53,10.0
2012-11-13,52,9.9
2012-11-14,55,11.4
2012-11-15,67,17.5
2012-11-16,59,13.4
2012-11-17,9,1.7
2012-11-18,19,3.4
2012-11-19,28,5.0
2012-11-20,18,3.2
2012-11-21,22,3.9
2012-11-22,34,6.2
2012-11-23,46,8.2
2012-11-24,45,8.1
2012-11-25,42,7.6
2012-11-26,63,15.6
2012-11-27,63,15.8
2012-11-28,21,3.7
2012-11-29,11,2.0
2012-11-30,9,1.6
2012-12-01,13,2.3
2012-12-02,19,3.4
2012-12-03,52,9.4
2012-12-04,50,9.0
2012-12-05,34,6.2
2012-12-06,30,5.4
2012-12-07,35,6.3
2012-12-08,57,12.2
2012-12-09,48,8.7
2012-12-10,44,8.0
2012-12-11,44,8.0
2012-12-12,14,2.5
2012-12-13,23,4.1
2012-12-14,35,6.3
2012-12-15,53,10.0
2012-12-16,24,4.3
2012-12-17,19,3.4
2012-12-18,17,3.1
2012-12-19,29,5.2
2012-12-20,18,3.2
2012-12-21,9,1.7
2012-12-22,21,3.7
2012-12-23,11,2.0
2012-12-24,26,4.6
2012-12-25,37,6.7
2012-12-26,23,4.1
2012-12-27,20,3.6
2012-12-28,51,9.1
2012-12-29,45,8.1
2012-12-30,52,9.8
2012-12-31,33,5.9
2013-01-01,55,11.2
2013-01-02,57,12.1
2013-01-03,70,19.5
2013-01-04,61,14.3
2013-01-05,65,16.7
2013-01-06,39,7.0
2013-01-07,63,15.4
2013-01-08,73,20.9
2013-01-09,63,15.4
2013-01-10,4,0.8
2013-01-11,13,2.3
2013-01-12,23,4.2
2013-01-13,15,2.7
2013-01-14,17,3.0
2013-01-15,57,12.3
2013-01-16,86,27.9
2013-01-17,79,24.0
2013-01-18,72,20.3
2013-01-19,54,10.5
2013-01-20,53,10.1
2013-01-21,67,17.8
2013-01-22,82,26.0
2013-01-23,105,37.2
2013-01-24,75,21.8
2013-01-25,62,14.8
2013-01-26,21,3.7
2013-01-27,17,3.1
2013-01-28,12,2.2
2013-01-29,41,7.3
2013-01-30,58,12.6
2013-01-31,75,22.0
2013-02-01,79,24.3
2013-02-02,68,18.0
2013-02-03,44,7.9
2013-02-04,53,10.4
2013-02-05,26,4.6
2013-02-06,42,7.5
2013-02-07,23,4.2
2013-02-08,18,3.3
2013-02-09,28,5.0
2013-02-10,47,8.5
2013-02-11,39,7.0
2013-02-12,53,10.2
2013-02-13,57,12.4
2013-02-14,55,11.1
2013-02-15,55,11.0
2013-02-16,61,14.6
2013-02-17,39,7.0
2013-02-18,19,3.4
2013-02-19,3,0.6
2013-02-20,24,4.3
2013-02-21,21,3.8
2013-02-22,52,9.5
2013-02-23,19,3.5
2013-02-24,12,2.1
2013-02-25,47,8.5
2013-02-26,33,6.0
2013-02-27,56,11.7
2013-02-28,24,4.4
2013-03-01,47,8.4
2013-03-02,42,7.6
2013-03-03,37,6.7
2013-03-04,29,5.2
2013-03-05,14,2.5
2013-03-06,13,2.4
2013-03-07,17,3.0
2013-03-08,19,3.4
2013-03-09,32,5.7
2013-03-10,51,9.2
2013-03-11,36,6.5
2013-03-12,29,5.2
2013-03-13,43,7.8
2013-03-14,16,2.8
2013-03-15,32,5.7
2013-03-16,26,4.7
2013-03-17,26,4.7
2013-03-18,37,6.7
2013-03-19,31,5.5
2013-03-20,7,1.2
2013-03-21,24,4.4
2013-03-22,54,10.9
2013-03-23,41,7.4
2013-03-24,41,7.3
2013-03-25,14,2.5
2013-03-26,6,1.1
2013-03-27,12,2.1
2013-03-28,6,1.1
2013-03-29,27,4.8
2013-03-30,7,1.3
2013-03-31,6,1.0
2013-04-01,1,0.1
2013-04-02,6,1.0
2013-04-03,21,3.7
2013-04-04,2,0.3
2013-04-05,,1.428571
2013-04-10,,8.25
2013-04-11,56,12.0
2013-04-12,60,14.1
2013-04-13,60,13.9
2013-04-14,46,8.2
2013-04-15,31,5.6
2013-04-16,51,9.1
2013-04-17,46,8.3
2013-04-18,59,13.5
2013-04-19,63,15.5
2013-04-20,58,12.8
2013-04-21,62,15.1
2013-04-22,62,15.1
2013-04-23,34,6.2
2013-04-24,44,7.9
2013-04-25,29,5.2
2013-04-26,51,9.2
2013-04-27,39,7.0
2013-04-28,60,14.1
2013-04-29,66,17.3
2013-04-30,68,18.2
2013-05-01,63,15.4
2013-05-02,74,21.4
2013-05-03,68,18.2
2013-05-04,70,19.2
2013-05-05,50,9.0
2013-05-06,46,8.3
2013-05-07,56,11.7
2013-05-08,39,7.0
2013-05-09,43,7.7
2013-05-10,51,9.2
2013-05-11,47,8.5
2013-05-12,23,4.2
2013-05-13,26,4.6
2013-05-14,60,13.7
2013-05-15,54,10.6
2013-05-16,19,3.5
2013-05-17,14,2.6
2013-05-18,29,5.3
2013-05-19,53,10.3
2013-05-20,62,15.0
2013-05-21,56,11.6
2013-05-22,45,8.1
2013-05-23,57,12.1
2013-05-24,57,12.3
2013-05-25,47,8.5
2013-05-26,5,0.9
2013-05-27,13,2.3
2013-05-28,13,2.4
2013-05-29,26,4.7
2013-05-30,51,9.1
2013-05-31,58,13.0
2013-06-01,66,17.1
2013-06-02,53,10.1
2013-06-03,38,6.8
2013-06-04,19,3.4
2013-06-05,26,4.7
2013-06-06,14,2.6
2013-06-07,51,9.2
2013-06-08,37,6.6
2013-06-09,22,3.9
2013-06-10,27,4.8
2013-06-11,39,7.1
2013-06-12,56,11.7
2013-06-13,55,11.2
2013-06-14,58,13.0
2013-06-15,44,7.9
2013-06-16,33,5.9
2013-06-17,13,2.4
2013-06-18,32,5.8
2013-06-19,27,4.8
2013-06-20,37,6.7
2013-06-21,48,8.6
2013-06-22,54,10.7
2013-06-23,9,1.7
2013-06-24,18,3.2
2013-06-25,16,2.8
2013-06-26,,1.454545
2013-06-27,,1.647059
2013-06-28,19,3.4
2013-06-29,39,7.1
2013-06-30,33,6.0
2013-07-01,16,2.9
2013-07-02,17,3.1
2013-07-03,22,4.0
2013-07-04,58,12.8
2013-07-05,62,14.9
2013-07-06,47,8.5
2013-07-07,37,6.7
2013-07-08,24,4.4
2013-07-09,25,4.5
2013-07-10,12,2.1
2013-07-11,54,10.6
2013-07-12,59,13.6
2013-07-13,62,14.8
2013-07-14,59,13.2
2013-07-15,44,7.9
2013-07-16,43,7.7
2013-07-17,51,9.1
2013-07-18,56,12.0
2013-07-19,64,15.9
2013-07-20,62,15.0
2013-07-21,55,11.0
2013-07-22,52,9.5
2013-07-23,39,7.1
2013-07-24,38,6.8
2013-07-25,47,8.5
2013-07-26,47,8.4
2013-07-27,47,8.5
2013-07-28,61,14.2
2013-07-29,85,27.5
2013-07-30,80,24.6
2013-07-31,55,11.3
2013-08-01,55,11.2
2013-08-02,58,12.7
2013-08-03,55,11.0
2013-08-04,44,8.0
2013-08-05,37,6.7
2013-08-06,32,5.8
2013-08-07,36,6.5
2013-08-08,38,6.9
2013-08-09,36,6.5
2013-08-10,30,5.4
2013-08-11,43,7.8
2013-08-12,55,11.2
2013-08-13,59,13.6
2013-08-14,50,9.0
2013-08-15,34,6.1
2013-08-16,34,6.2
2013-08-17,53,10.2
2013-08-18,57,12.3
2013-08-19,51,9.1
2013-08-20,55,11.4
2013-08-21,52,9.5
2013-08-22,51,9.2
2013-08-23,48,8.7
2013-08-24,43,7.7
2013-08-25,28,5.1
2013-08-26,40,7.2
2013-08-27,51,9.3
2013-08-28,31,5.6
2013-08-29,29,5.3
2013-08-30,43,7.7
2013-08-31,29,5.2
2013-09-01,48,8.6
2013-09-02,41,7.4
2013-09-03,44,8.0
2013-09-04,44,7.9
2013-09-05,43,7.8
2013-09-06,55,11.0
2013-09-07,59,13.3
2013-09-08,34,6.2
2013-09-09,34,6.1
2013-09-10,33,5.9
2013-09-11,54,10.6
2013-09-12,22,4.0
2013-09-13,37,6.7
2013-09-14,42,7.5
2013-09-15,34,6.2
2013-09-16,42,7.6
2013-09-17,54,10.7
2013-09-18,56,11.9
2013-09-19,56,11.7
2013-09-20,37,6.7
2013-09-21,31,5.6
2013-09-22,40,7.2
2013-09-23,47,8.5
2013-09-24,52,9.5
2013-09-25,49,8.9
2013-09-26,49,8.9
2013-09-27,46,8.3
2013-09-28,52,9.6
2013-09-29,36,6.5
2013-09-30,39,7.0
2013-10-01,59,13.5
2013-10-02,60,13.7
2013-10-03,52,9.9
2013-10-04,56,12.0
2013-10-05,55,11.0
2013-10-06,51,9.2
2013-10-07,59,13.2
2013-10-08,66,16.9
2013-10-09,62,14.9
2013-10-10,69,18.6
2013-10-11,62,15.0
2013-10-12,59,13.5
2013-10-13,57,12.3
2013-10-14,57,12.4
2013-10-15,56,12.0
2013-10-16,63,15.5
2013-10-17,62,15.1
2013-10-18,65,16.8
2013-10-19,58,12.9
2013-10-20,53,10.3
2013-10-21,,8.666667
2013-10-24,,7.416667
2013-10-25,46,8.2
2013-10-26,48,8.7
2013-10-27,51,9.3
2013-10-28,53,10.3
2013-10-29,44,8.0
2013-10-30,59,13.2
2013-10-31,59,13.2
2013-11-01,64,15.9
2013-11-02,54,10.7
2013-11-03,52,9.5
2013-11-04,40,7.2
2013-11-05,47,8.4
2013-11-06,64,16.0
2013-11-07,59,13.5
2013-11-08,41,7.4
2013-11-09,53,10.4
2013-11-10,63,15.3
2013-11-11,71,20.0
2013-11-12,47,8.4
2013-11-13,53,10.1
2013-11-14,54,10.9
2013-11-15,54,10.7
2013-11-16,39,7.0
2013-11-17,33,6.0
2013-11-18,27,4.9
2013-11-19,33,6.0
2013-11-20,29,5.2
2013-11-21,37,6.7
2013-11-22,32,5.7
2013-11-23,49,8.9
2013-11-24,56,11.7
2013-11-25,74,21.6
2013-11-26,71,20.1
2013-11-27,87,28.5
2013-11-28,70,19.2
2013-11-29,73,20.8
2013-11-30,64,16.3
2013-12-01,61,14.5
2013-12-02,32,5.8
2013-12-03,27,4.8
2013-12-04,27,4.9
2013-12-05,45,8.1
2013-12-06,44,7.9
2013-12-07,29,5.3
2013-12-08,36,6.5
2013-12-09,45,8.1
2013-12-10,61,14.2
2013-12-11,70,19.4
2013-12-12,77,23.2
2013-12-13,71,20.1
2013-12-14,71,19.9
2013-12-15,86,28.1
2013-12-16,76,22.3
2013-12-17,133,48.5
2013-12-18,61,14.4
2013-12-19,30,5.4
2013-12-20,53,10.4
2013-12-21,59,13.3
2013-12-22,68,18.2
2013-12-23,91,30.6
2013-12-24,88,29.2
2013-12-25,78,23.5
2013-12-26,72,20.4
2013-12-27,76,22.3
2013-12-28,63,15.8
2013-12-29,53,10.2
2013-12-30,86,27.8
2013-12-31,71,19.6
2014-01-01,75,21.9
2014-01-02,72,20.4
2014-01-03,66,17.0
2014-01-04,58,12.8
2014-01-05,51,9.3
2014-01-06,81,25.0
2014-01-07,64,16.1
2014-01-08,26,4.7
2014-01-09,37,6.6
2014-01-10,52,9.9
2014-01-11,34,6.1
2014-01-12,37,6.6
2014-01-13,42,7.6
2014-01-14,55,11.2
2014-01-15,61,14.5
2014-01-16,67,17.7
2014-01-17,96,33.2
2014-01-18,72,20.3
2014-01-19,75,22.0
2014-01-20,67,17.9
2014-01-21,57,12.4
2014-01-22,61,14.7
2014-01-23,58,13.1
2014-01-24,82,25.7
2014-01-25,68,18.3
2014-01-26,63,15.5
2014-01-27,47,8.4
2014-01-28,35,6.3
2014-01-29,19,3.4
2014-01-30,37,6.7
2014-01-31,29,5.3
2014-02-01,25,4.5
2014-02-02,27,4.9
2014-02-03,29,5.3
2014-02-04,32,5.8
2014-02-05,22,4.0
2014-02-06,35,6.3
2014-02-07,27,4.8
2014-02-08,,2.6875
2014-02-09,19,3.5
2014-02-10,22,3.9
2014-02-11,34,6.2
2014-02-12,40,7.2
2014-02-13,29,5.2
2014-02-14,19,3.4
2014-02-15,33,6.0
2014-02-16,38,6.8
2014-02-17,36,6.5
2014-02-18,43,7.7
2014-02-19,32,5.7
2014-02-20,39,7.1
2014-02-21,44,7.9
2014-02-22,52,9.5
2014-02-23,44,8.0
2014-02-24,50,9.0
2014-02-25,54,10.9
2014-02-26,32,5.8
2014-02-27,32,5.7
2014-02-28,19,3.4
2014-03-01,19,3.4
2014-03-02,20,3.6
2014-03-03,28,5.0
2014-03-04,31,5.6
2014-03-05,45,8.1
2014-03-06,50,9.0
2014-03-07,42,7.6
2014-03-08,52,9.4
2014-03-09,37,6.7
2014-03-10,26,4.7
2014-03-11,17,3.1
2014-03-12,32,5.7
2014-03-13,33,6.0
2014-03-14,55,11.1
2014-03-15,43,7.8
2014-03-16,41,7.3
2014-03-17,37,6.6
2014-03-18,34,6.1
2014-03-19,47,8.4
2014-03-20,58,13.1
2014-03-21,58,13.0
2014-03-22,59,13.4
2014-03-23,51,9.1
2014-03-24,52,9.4
2014-03-25,28,5.0
2014-03-26,34,6.2
2014-03-27,46,8.2
2014-03-28,22,4.0
2014-03-29,26,4.7
2014-03-30,26,4.6
2014-03-31,18,3.2
2014-04-01,22,4.0
2014-04-02,19,3.4
2014-04-03,24,4.4
2014-04-04,18,3.3
2014-04-05,33,6.0
2014-04-06,52,9.5
2014-04-07,53,10.1
2014-04-08,43,7.7
2014-04-09,19,3.4
2014-04-10,35,6.3
2014-04-11,47,8.5
2014-04-12,52,9.5
2014-04-13,55,11.2
2014-04-14,55,11.4
2014-04-15,59,13.2
2014-04-16,60,13.9
2014-04-17,54,10.6
2014-04-18,48,8.6
2014-04-19,26,4.6
2014-04-20,49,8.9
2014-04-21,57,12.2
2014-04-22,18,3.2
2014-04-23,13,2.3
2014-04-24,28,5.1
2014-04-25,13,2.3
2014-04-26,9,1.7
2014-04-27,23,4.2
2014-04-28,46,8.2
2014-04-29,45,8.1
2014-04-30,51,9.2
2014-05-01,51,9.1
2014-05-02,14,2.6
2014-05-03,14,2.6
2014-05-04,14,2.5
2014-05-05,22,3.9
2014-05-06,33,6.0
2014-05-07,48,8.6
2014-05-08,23,4.1
2014-05-09,18,3.2
2014-05-10,16,2.9
2014-05-11,18,3.3
2014-05-12,42,7.5
2014-05-13,52,9.8
2014-05-14,52,9.5
2014-05-15,47,8.5
2014-05-16,48,8.7
2014-05-17,33,6.0
2014-05-18,22,4.0
2014-05-19,17,3.1
2014-05-20,25,4.5
2014-05-21,55,11.2
2014-05-22,26,4.7
2014-05-23,14,2.5
2014-05-24,44,7.9
2014-05-25,54,10.9
2014-05-26,42,7.5
2014-05-27,53,10.2
2014-05-28,38,6.9
2014-05-29,54,10.6
2014-05-30,58,13.1
2014-05-31,44,8.0
2014-06-01,51,9.3
2014-06-02,19,3.5
2014-06-03,33,6.0
2014-06-04,55,11.4
2014-06-05,58,13.1
2014-06-06,53,10.3
2014-06-07,64,16.3
2014-06-08,57,12.1
2014-06-09,59,13.3
2014-06-10,24,4.3
2014-06-11,43,7.8
2014-06-12,25,4.5
2014-06-13,52,9.8
2014-06-14,61,14.5
2014-06-15,60,14.1
2014-06-16,52,9.4
2014-06-17,52,9.6
2014-06-18,56,11.8
2014-06-19,45,8.1
2014-06-20,47,8.5
2014-06-21,57,12.3
2014-06-22,53,10.4
2014-06-23,54,10.5
2014-06-24,39,7.1
2014-06-25,12,2.1
2014-06-26,11,2.0
2014-06-27,6,1.0
2014-06-28,19,3.4
2014-06-29,46,8.2
2014-06-30,60,14.1
2014-07-01,21,3.7
2014-07-02,27,4.8
2014-07-03,50,9.0
2014-07-04,47,8.5
2014-07-05,34,6.1
2014-07-06,18,3.3
2014-07-07,14,2.6
2014-07-08,12,2.2
2014-07-09,11,2.0
2014-07-10,4,0.8
2014-07-11,6,1.1
2014-07-12,9,1.7
2014-07-13,29,5.3
2014-07-14,56,11.9
2014-07-15,31,5.6
2014-07-16,17,3.1
2014-07-17,14,2.5
2014-07-18,7,1.2
2014-07-19,9,1.7
2014-07-20,6,1.0
2014-07-21,7,1.2
2014-07-22,0,0.0
2014-07-23,6,1.0
2014-07-24,35,6.3
2014-07-25,61,14.6
2014-07-26,56,11.7
2014-07-27,53,10.4
2014-07-28,31,5.6
2014-07-29,33,6.0
2014-07-30,21,3.7
2014-07-31,33,6.0
2014-08-01,51,9.2
2014-08-02,41,7.4
2014-08-03,31,5.5
2014-08-04,12,2.2
2014-08-05,22,3.9
2014-08-06,32,5.7
2014-08-07,41,7.3
2014-08-08,61,14.4
2014-08-09,55,11.0
2014-08-10,19,3.4
2014-08-11,37,6.6
2014-08-12,17,3.0
2014-08-13,21,3.7
2014-08-14,14,2.5
2014-08-15,31,5.6
2014-08-16,31,5.5
2014-08-17,18,3.3
2014-08-18,22,3.9
2014-08-19,11,2.0
2014-08-20,16,2.8
2014-08-21,18,3.3
2014-08-22,23,4.1
2014-08-23,23,4.2
2014-08-24,19,3.5
2014-08-25,31,5.6
2014-08-26,19,3.5
2014-08-27,37,6.6
2014-08-28,18,3.2
2014-08-29,25,4.5
2014-08-30,34,6.2
2014-08-31,41,7.3
2014-09-01,55,11.5
2014-09-02,29,5.3
2014-09-03,41,7.4
2014-09-04,56,12.0
2014-09-05,67,17.5
2014-09-06,70,19.5
2014-09-07,56,11.7
2014-09-08,53,10.2
2014-09-09,42,7.5
2014-09-10,56,11.7
2014-09-11,52,9.9
2014-09-12,53,10.0
2014-09-13,53,10.1
2014-09-14,54,10.8
2014-09-15,43,7.8
2014-09-16,38,6.8
2014-09-17,27,4.8
2014-09-18,25,4.5
2014-09-19,27,4.9
2014-09-20,23,4.2
2014-09-21,14,2.6
2014-09-22,24,4.4
2014-09-23,9,1.7
2014-09-24,4,0.8
2014-09-25,14,2.5
2014-09-26,33,6.0
2014-09-27,44,7.9
2014-09-28,51,9.3
2014-09-29,45,8.1
2014-09-30,39,7.1
2014-10-01,45,8.1
2014-10-02,48,8.7
2014-10-03,56,11.7
2014-10-04,54,10.9
2014-10-05,44,8.0
2014-10-06,,6.5
2014-10-10,,5.866667
2014-10-11,34,6.1
2014-10-12,56,12.0
2014-10-13,57,12.4
2014-10-14,44,8.0
2014-10-15,28,5.1
2014-10-16,41,7.3
2014-10-17,31,5.5
2014-10-18,31,5.6
2014-10-19,16,2.9
2014-10-20,21,3.8
2014-10-21,21,3.7
2014-10-22,39,7.1
2014-10-23,35,6.3
2014-10-24,36,6.5
2014-10-25,33,5.9
2014-10-26,33,6.0
2014-10-27,29,5.2
2014-10-28,36,6.4
2014-10-29,55,11.3
2014-10-30,52,9.6
2014-10-31,24,4.4
2014-11-01,27,4.9
2014-11-02,32,5.8
2014-11-03,39,7.1
2014-11-04,54,10.8
2014-11-05,56,11.7
2014-11-06,61,14.4
2014-11-07,49,8.8
2014-11-08,53,10.3
2014-11-09,49,8.8
2014-11-10,56,12.0
2014-11-11,37,6.6
2014-11-12,32,5.8
2014-11-13,24,4.4
2014-11-14,46,8.3
2014-11-15,52,9.7
2014-11-16,30,5.4
2014-11-17,35,6.3
2014-11-18,64,16.2
2014-11-19,52,9.7
2014-11-20,54,10.8
2014-11-21,55,11.1
2014-11-22,20,3.6
2014-11-23,23,4.2
2014-11-24,51,9.2
2014-11-25,63,15.6
2014-11-26,70,19.2
2014-11-27,85,27.3
2014-11-28,60,13.7
2014-11-29,37,6.6
2014-11-30,30,5.4
2014-12-01,58,12.9
2014-12-02,18,3.3
2014-12-03,17,3.1
2014-12-04,31,5.6
2014-12-05,39,7.0
2014-12-06,14,2.6
2014-12-07,55,11.1
2014-12-08,41,7.3
2014-12-09,61,14.5
2014-12-10,59,13.6
2014-12-11,17,3.0
2014-12-12,32,5.8
2014-12-13,55,11.4
2014-12-14,31,5.6
2014-12-15,31,5.5
2014-12-16,27,4.9
2014-12-17,42,7.5
2014-12-18,31,5.6
2014-12-19,30,5.4
2014-12-20,59,13.2
2014-12-21,4,0.8
2014-12-22,43,7.8
2014-12-23,53,10.1
2014-12-24,21,3.8
2014-12-25,5,0.9
2014-12-26,11,2.0
2014-12-27,44,7.9
2014-12-28,59,13.6
2014-12-29,48,8.7
2014-12-30,22,4.0
2014-12-31,30,5.4
2015-01-01,60,13.9
2015-01-02,76,22.6
2015-01-03,86,27.9
2015-01-04,88,28.8
2015-01-05,72,20.6
2015-01-06,91,30.5
2015-01-07,75,21.9
2015-01-08,98,34.3
2015-01-09,82,25.9
2015-01-10,61,14.5
2015-01-11,59,13.6
2015-01-12,56,11.9
2015-01-13,51,9.2
2015-01-14,83,26.5
2015-01-15,100,35.4
2015-01-16,94,32.3
2015-01-17,62,15.0
2015-01-18,63,15.5
2015-01-19,55,11.0
2015-01-20,60,14.1
2015-01-21,57,12.4
2015-01-22,67,17.9
2015-01-23,72,20.5
2015-01-24,72,20.4
2015-01-25,71,19.9
2015-01-26,68,18.3
2015-01-27,53,10.2
2015-01-28,92,31.3
2015-01-29,58,12.7
2015-01-30,55,11.1
2015-01-31,45,8.1
2015-02-01,62,14.8
2015-02-02,84,26.6
2015-02-03,65,16.4
2015-02-04,77,23.0
2015-02-05,46,8.2
2015-02-06,21,3.7
2015-02-07,34,6.2
2015-02-08,23,4.2
2015-02-09,53,10.3
2015-02-10,39,7.0
2015-02-11,48,8.6
2015-02-12,51,9.1
2015-02-13,56,11.8
2015-02-14,59,13.3
2015-02-15,54,10.9
2015-02-16,57,12.2
2015-02-17,55,11.3
2015-02-18,51,9.2
2015-02-19,55,11.5
2015-02-20,59,13.5
2015-02-21,53,10.3
2015-02-22,33,5.9
2015-02-23,24,4.4
2015-02-24,34,6.2
2015-02-25,52,9.8
2015-02-26,56,11.6
2015-02-27,20,3.6
2015-02-28,23,4.1
2015-03-01,26,4.7
2015-03-02,42,7.6
2015-03-03,44,7.9
2015-03-04,48,8.6
2015-03-05,48,8.7
2015-03-06,53,10.4
2015-03-07,54,10.6
2015-03-08,56,11.7
2015-03-09,58,12.9
2015-03-10,64,16.3
2015-03-11,52,9.8
2015-03-12,34,6.1
2015-03-13,49,8.8
2015-03-14,52,9.8
2015-03-15,24,4.3
2015-03-16,41,7.3
2015-03-17,28,5.1
2015-03-18,39,7.1
2015-03-19,57,12.2
2015-03-20,40,7.2
2015-03-21,26,4.7
2015-03-22,31,5.5
2015-03-23,38,6.8
2015-03-24,36,6.5
2015-03-25,39,7.1
2015-03-26,51,9.2
2015-03-27,18,3.2
2015-03-28,43,7.7
2015-03-29,54,10.9
2015-03-30,55,11.0
2015-03-31,37,6.6
2015-04-01,43,7.8
2015-04-02,47,8.5
2015-04-03,57,12.3
2015-04-04,37,6.7
2015-04-05,33,6.0
2015-04-06,19,3.5
2015-04-07,14,2.5
2015-04-08,23,4.2
2015-04-09,28,5.0
2015-04-10,26,4.7
2015-04-11,28,5.1
2015-04-12,29,5.3
2015-04-13,22,3.9
2015-04-14,29,5.2
2015-04-15,28,5.0
2015-04-16,21,3.8
2015-04-17,52,9.7
2015-04-18,52,9.8
2015-04-19,37,6.7
2015-04-20,44,8.0
2015-04-21,28,5.1
2015-04-22,46,8.2
2015-04-23,60,14.0
2015-04-24,29,5.3
2015-04-25,22,4.0
2015-04-26,19,3.5
2015-04-27,30,5.4
2015-04-28,34,6.1
2015-04-29,58,13.1
2015-04-30,54,10.6
2015-05-01,62,15.1
2015-05-02,54,10.9
2015-05-03,34,6.2
2015-05-04,42,7.6
2015-05-05,55,11.0
2015-05-06,57,12.5
2015-05-07,59,13.3
2015-05-08,61,14.3
2015-05-09,33,5.9
2015-05-10,33,5.9
2015-05-11,52,9.4
2015-05-12,31,5.6
2015-05-13,19,3.5
2015-05-14,17,3.0
2015-05-15,28,5.0
2015-05-16,31,5.6
2015-05-17,11,2.0
2015-05-18,21,3.8
2015-05-19,29,5.3
2015-05-20,17,3.1
2015-05-21,9,1.7
2015-05-22,14,2.5
2015-05-23,38,6.9
2015-05-24,44,7.9
2015-05-25,11,2.0
2015-05-26,10,1.8
2015-05-27,16,2.8
2015-05-28,9,1.6
2015-05-29,16,2.8
2015-05-30,22,4.0
2015-05-31,29,5.3
2015-06-01,4,0.7
2015-06-02,13,2.4
2015-06-03,39,7.1
2015-06-04,47,8.4
2015-06-05,42,7.6
2015-06-06,7,1.3
2015-06-07,0,-1.7
2015-06-08,9,1.7
2015-06-09,0,0.0
2015-06-10,4,0.8
2015-06-11,22,4.0
2015-06-12,43,7.8
2015-06-13,41,7.3
2015-06-14,59,13.6
2015-06-15,54,10.6
2015-06-16,54,10.9
2015-06-17,48,8.6
2015-06-18,41,7.4
2015-06-19,23,4.2
2015-06-20,18,3.2
2015-06-21,36,6.4
2015-06-22,28,5.0
2015-06-23,47,8.5
2015-06-24,46,8.2
2015-06-25,48,8.7
2015-06-26,37,6.6
2015-06-27,15,2.7
2015-06-28,0,-2.4
2015-06-29,6,1.0
2015-06-30,9,1.6
2015-07-01,7,1.2
2015-07-02,0,0.0
2015-07-03,0,-0.7
2015-07-04,0,-3.0
2015-07-05,0,-2.1
2015-07-06,8,1.5
2015-07-07,0,0.0
2015-07-08,0,-0.1
2015-07-09,17,3.0
2015-07-10,16,2.9
2015-07-11,0,-1.7
2015-07-12,2,0.4
2015-07-13,4,0.8
2015-07-14,6,1.1
2015-07-15,23,4.2
2015-07-16,13,2.3
2015-07-17,14,2.6
2015-07-18,9,1.7
2015-07-19,0,-0.1
2015-07-20,18,3.3
2015-07-21,7,1.3
2015-07-22,37,6.6
2015-07-23,34,6.1
2015-07-24,17,3.0
2015-07-25,0,0.0
2015-07-26,21,3.7
2015-07-27,41,7.3
2015-07-28,52,9.9
2015-07-29,19,3.5
2015-07-30,19,3.4
2015-07-31,19,3.5
2015-08-01,18,3.3
2015-08-02,17,3.0
2015-08-03,,-0.142857
2015-08-04,7,1.2
2015-08-05,0,-0.7
2015-08-06,40,7.2
2015-08-07,29,5.2
2015-08-08,3,0.6
2015-08-09,0,-0.9
2015-08-10,0,-2.2
2015-08-11,1,0.1
2015-08-12,0,-2.2
2015-08-13,0,-3.5
2015-08-14,7,1.3
2015-08-15,64,15.9
2015-08-16,82,25.7
2015-08-17,70,19.4
2015-08-18,65,16.7
2015-08-19,52,9.7
2015-08-20,39,7.0
2015-08-21,32,5.8
2015-08-22,20,3.6
2015-08-23,37,6.7
2015-08-24,54,10.9
2015-08-25,58,12.8
2015-08-26,51,9.3
2015-08-27,26,4.6
2015-08-28,14,2.5
2015-08-29,0,-3.5
2015-08-30,7,1.2
2015-08-31,41,7.3
2015-09-01,42,7.6
2015-09-02,11,1.9
2015-09-03,32,5.8
2015-09-04,32,5.8
2015-09-05,31,5.6
2015-09-06,25,4.5
2015-09-07,33,5.9
2015-09-08,49,8.8
2015-09-09,53,10.0
2015-09-10,24,4.4
2015-09-11,19,3.4
2015-09-12,22,3.9
2015-09-13,11,2.0
2015-09-14,9,1.7
2015-09-15,23,4.2
2015-09-16,6,1.0
2015-09-17,14,2.6
2015-09-18,34,6.2
2015-09-19,43,7.7
2015-09-20,43,7.8
2015-09-21,54,10.7
2015-09-22,47,8.5
2015-09-23,36,6.4
2015-09-24,16,2.9
2015-09-25,26,4.7
2015-09-26,18,3.3
2015-09-27,53,10.0
2015-09-28,32,5.8
2015-09-29,28,5.1
2015-09-30,,5.181818
2015-10-01,,-0.25
2015-10-02,31,5.6
2015-10-03,52,9.9
2015-10-04,46,8.3
2015-10-05,34,6.1
2015-10-06,32,5.7
2015-10-07,52,9.9
2015-10-08,51,9.2
2015-10-09,12,2.2
2015-10-10,0,-1.2
2015-10-11,26,4.7
2015-10-12,48,8.7
2015-10-13,53,10.1
2015-10-14,33,6.0
2015-10-15,24,4.4
2015-10-16,7,1.2
2015-10-17,0,-0.2
2015-10-18,0,-1.1
2015-10-19,0,-1.2
2015-10-20,27,4.8
2015-10-21,34,6.2
2015-10-22,52,9.7
2015-10-23,51,9.3
2015-10-24,55,11.0
2015-10-25,16,2.9
2015-10-26,26,4.7
2015-10-27,14,2.5
2015-10-28,1,0.2
2015-10-29,24,4.4
2015-10-30,45,8.1
2015-10-31,20,3.6
2015-11-01,0,-2.6
2015-11-02,,-2.222222
2015-11-06,,8.8
2015-11-07,46,8.3
2015-11-08,29,5.2
2015-11-09,22,4.0
2015-11-10,36,6.5
2015-11-11,53,10.1
2015-11-12,52,9.4
2015-11-13,59,13.6
2015-11-14,70,19.4
2015-11-15,25,4.5
2015-11-16,17,3.0
2015-11-17,24,4.4
2015-11-18,52,9.9
2015-11-19,52,9.9
2015-11-20,43,7.8
2015-11-21,60,14.0
2015-11-22,63,15.3
2015-11-23,51,9.3
2015-11-24,33,6.0
2015-11-25,35,6.3
2015-11-26,28,5.1
2015-11-27,32,5.7
2015-11-28,29,5.3
2015-11-29,39,7.0
2015-11-30,60,14.1
2015-12-01,52,9.7
2015-12-02,72,20.2
2015-12-03,61,14.2
2015-12-04,49,8.8
2015-12-05,57,12.5
2015-12-06,34,6.2
2015-12-07,56,11.8
2015-12-08,58,12.9
2015-12-09,33,6.0
2015-12-10,38,6.8
2015-12-11,42,7.6
2015-12-12,39,7.1
2015-12-13,21,3.8
2015-12-14,32,5.7
2015-12-15,23,4.1
2015-12-16,57,12.2
2015-12-17,55,11.0
2015-12-18,44,8.0
2015-12-19,23,4.1
2015-12-20,22,3.9
2015-12-21,1,0.2
2015-12-22,22,3.9
2015-12-23,45,8.1
2015-12-24,28,5.0
2015-12-25,23,4.1
2015-12-26,35,6.3
2015-12-27,56,12.0
2015-12-28,57,12.2
2015-12-29,53,10.1
2015-12-30,60,14.1
2015-12-31,55,11.3
2016-01-01,58,12.8
2016-01-02,59,13.2
2016-01-03,71,19.6
2016-01-04,66,17.1
2016-01-05,36,6.5
2016-01-06,26,4.6
2016-01-07,50,9.0
2016-01-08,60,13.9
2016-01-09,52,9.8
2016-01-10,52,9.5
2016-01-11,60,14.0
2016-01-12,61,14.2
2016-01-13,51,9.3
2016-01-14,43,7.7
2016-01-15,55,11.4
2016-01-16,40,7.2
2016-01-17,31,5.5
2016-01-18,33,5.9
2016-01-19,48,8.7
2016-01-20,55,11.4
2016-01-21,52,9.4
2016-01-22,8,1.5
2016-01-23,34,6.2
2016-01-24,23,4.1
2016-01-25,32,5.7
2016-01-26,57,12.3
2016-01-27,57,12.4
2016-01-28,63,15.8
2016-01-29,19,3.5
2016-01-30,22,3.9
2016-01-31,25,4.5
2016-02-01,26,4.7
2016-02-02,37,6.6
2016-02-03,48,8.6
2016-02-04,54,10.7
2016-02-05,57,12.5
2016-02-06,57,12.5
2016-02-07,54,10.9
2016-02-08,54,10.6
2016-02-09,70,19.3
2016-02-10,65,16.5
2016-02-11,61,14.5
2016-02-12,51,9.1
2016-02-13,49,8.9
2016-02-14,51,9.3
2016-02-15,32,5.7
2016-02-16,66,17.0
2016-02-17,37,6.7
2016-02-18,35,6.3
2016-02-19,33,6.0
2016-02-20,45,8.1
2016-02-21,36,6.5
2016-02-22,45,8.1
2016-02-23,46,8.2
2016-02-24,57,12.5
2016-02-25,67,17.5
2016-02-26,24,4.4
2016-02-27,24,4.4
2016-02-28,44,7.9
2016-02-29,54,10.5
2016-03-01,33,5.9
2016-03-02,26,4.7
2016-03-03,15,2.7
2016-03-04,17,3.1
2016-03-05,0,-0.4
2016-03-06,27,4.9
2016-03-07,25,4.5
2016-03-08,28,5.1
2016-03-09,38,6.8
2016-03-10,22,4.0
2016-03-11,27,4.8
2016-03-12,31,5.5
2016-03-13,34,6.1
2016-03-14,44,7.9
2016-03-15,46,8.2
2016-03-16,52,9.5
2016-03-17,34,6.1
2016-03-18,29,5.2
2016-03-19,17,3.0
2016-03-20,7,1.2
2016-03-21,39,7.1
2016-03-22,38,6.8
2016-03-23,27,4.8
2016-03-24,42,7.5
2016-03-25,55,11.2
2016-03-26,53,10.2
2016-03-27,23,4.1
2016-03-28,35,6.3
2016-03-29,47,8.5
2016-03-30,51,9.3
2016-03-31,51,9.2
2016-04-01,41,7.3
2016-04-02,48,8.6
2016-04-03,41,7.4
2016-04-04,46,8.2
2016-04-05,58,12.9
2016-04-06,48,8.6
2016-04-07,57,12.1
2016-04-08,51,9.2
2016-04-09,28,5.1
2016-04-10,32,5.7
2016-04-11,48,8.6
2016-04-12,47,8.4
2016-04-13,53,10.0
2016-04-14,53,10.0
2016-04-15,51,9.2
2016-04-16,34,6.1
2016-04-17,52,9.4
2016-04-18,54,10.9
2016-04-19,53,10.1
2016-04-20,45,8.1
2016-04-21,34,6.1
2016-04-22,40,7.2
2016-04-23,40,7.2
2016-04-24,43,7.7
2016-04-25,51,9.3
2016-04-26,55,11.4
2016-04-27,54,10.7
2016-04-28,56,11.8
2016-04-29,59,13.5
2016-04-30,51,9.3
2016-05-01,62,14.8
2016-05-02,62,15.1
2016-05-03,53,10.3
2016-05-04,55,11.5
2016-05-05,53,10.2
2016-05-06,59,13.3
2016-05-07,44,8.0
2016-05-08,50,9.0
2016-05-09,52,9.9
2016-05-10,52,9.9
2016-05-11,51,9.1
2016-05-12,46,8.3
2016-05-13,30,5.4
2016-05-14,13,2.4
2016-05-15,21,3.8
2016-05-16,36,6.4
2016-05-17,55,11.0
2016-05-18,61,14.2
2016-05-19,52,9.8
2016-05-20,29,5.2
2016-05-21,11,2.0
2016-05-22,13,2.3
2016-05-23,3,0.6
2016-05-24,8,1.5
2016-05-25,24,4.3
2016-05-26,48,8.7
2016-05-27,58,13.0
2016-05-28,60,13.7
2016-05-29,58,12.8
2016-05-30,47,8.5
2016-05-31,44,8.0
2016-06-01,28,5.0
2016-06-02,39,7.1
2016-06-03,40,7.2
2016-06-04,21,3.8
2016-06-05,8,1.5
2016-06-06,1,0.2
2016-06-07,0,0.0
2016-06-08,23,4.1
2016-06-09,7,1.2
2016-06-10,34,6.1
2016-06-11,52,9.7
2016-06-12,56,11.6
2016-06-13,49,8.8
2016-06-14,32,5.8
2016-06-15,23,4.2
2016-06-16,5,0.9
2016-06-17,8,1.5
2016-06-18,23,4.2
2016-06-19,26,4.6
2016-06-20,47,8.4
2016-06-21,53,10.4
2016-06-22,51,9.3
2016-06-23,37,6.7
2016-06-24,34,6.2
2016-06-25,59,13.4
2016-06-26,52,9.5
2016-06-27,47,8.4
2016-06-28,53,10.0
2016-06-29,56,11.6
2016-06-30,62,14.8
2016-07-01,57,12.2
2016-07-02,14,2.6
2016-07-03,4,0.8
2016-07-04,18,3.2
2016-07-05,22,3.9
2016-07-06,43,7.8
2016-07-07,15,2.7
2016-07-08,2,0.3
2016-07-09,0,-1.2
2016-07-10,27,4.8
2016-07-11,47,8.5
2016-07-12,42,7.5
2016-07-13,51,9.3
2016-07-14,51,9.1
2016-07-15,24,4.4
2016-07-16,28,5.1
2016-07-17,31,5.5
2016-07-18,13,2.4
2016-07-19,12,2.1
2016-07-20,18,3.3
2016-07-21,17,3.1
2016-07-22,21,3.7
2016-07-23,58,12.6
2016-07-24,53,10.2
2016-07-25,26,4.7
2016-07-26,20,3.6
2016-07-27,31,5.5
2016-07-28,14,2.5
2016-07-29,10,1.8
2016-07-30,5,0.9
2016-07-31,10,1.8
2016-08-01,22,3.9
2016-08-02,24,4.3
2016-08-03,55,11.0
2016-08-04,28,5.0
2016-08-05,12,2.2
2016-08-06,53,10.1
2016-08-07,41,7.4
2016-08-08,46,8.2
2016-08-09,44,7.9
2016-08-10,21,3.7
2016-08-11,19,3.5
2016-08-12,16,2.9
2016-08-13,8,1.5
2016-08-14,15,2.7
2016-08-15,13,2.3
2016-08-16,22,4.0
2016-08-17,21,3.7
2016-08-18,19,3.4
2016-08-19,52,9.9
2016-08-20,33,6.0
2016-08-21,22,4.0
2016-08-22,20,3.6
2016-08-23,30,5.4
2016-08-24,29,5.2
2016-08-25,29,5.3
2016-08-26,18,3.2
2016-08-27,44,7.9
2016-08-28,35,6.3
2016-08-29,22,4.0
2016-08-30,16,2.9
2016-08-31,19,3.4
2016-09-01,44,8.0
2016-09-02,56,11.9
2016-09-03,53,10.0
2016-09-04,55,11.1
2016-09-05,57,12.1
2016-09-06,65,16.4
2016-09-07,58,13.1
2016-09-08,46,8.2
2016-09-09,50,9.0
2016-09-10,52,9.5
2016-09-11,44,7.9
2016-09-12,53,10.0
2016-09-13,52,9.8
2016-09-14,40,7.2
2016-09-15,,3.3125
2016-09-16,17,3.1
2016-09-17,13,2.3
2016-09-18,3,0.5
2016-09-19,,7.0
2016-09-27,,-1.307692
2016-09-28,23,4.2
2016-09-29,53,10.3
2016-09-30,47,8.5
2016-10-01,32,5.7
2016-10-02,32,5.7
2016-10-03,27,4.9
2016-10-04,27,4.8
2016-10-05,38,6.8
2016-10-06,32,5.7
2016-10-07,47,8.4
2016-10-08,47,8.4
2016-10-09,39,7.1
2016-10-10,28,5.0
2016-10-11,28,5.0
2016-10-12,11,2.0
2016-10-13,3,0.6
2016-10-14,0,0.0
2016-10-15,14,2.6
2016-10-16,16,2.8
2016-10-17,37,6.6
2016-10-18,28,5.0
2016-10-19,47,8.4
2016-10-20,41,7.4
2016-10-21,44,7.9
2016-10-22,36,6.4
2016-10-23,33,6.0
2016-10-24,31,5.5
2016-10-25,4,0.7
2016-10-26,8,1.4
2016-10-27,19,3.5
2016-10-28,14,2.5
2016-10-29,9,1.6
2016-10-30,14,2.5
2016-10-31,29,5.2
2016-11-01,44,7.9
2016-11-02,49,8.8
2016-11-03,42,7.6
2016-11-04,60,14.1
2016-11-05,52,9.9
2016-11-06,25,4.5
2016-11-07,39,7.0
2016-11-08,23,4.2
2016-11-09,54,10.8
2016-11-10,54,10.8
2016-11-11,57,12.5
2016-11-12,26,4.7
2016-11-13,53,10.2
2016-11-14,,12.4
2016-11-15,,10.1875
2016-11-16,56,11.6
2016-11-17,59,13.5
2016-11-18,59,13.3
2016-11-19,53,10.0
2016-11-20,56,11.7
2016-11-21,57,12.1
2016-11-22,57,12.4
2016-11-23,58,12.6
2016-11-24,60,14.1
2016-11-25,64,16.3
2016-11-26,54,10.9
2016-11-27,53,10.2
2016-11-28,55,11.5
2016-11-29,56,11.6
2016-11-30,57,12.1
2016-12-01,53,10.2
2016-12-02,55,11.0
2016-12-03,62,15.0
2016-12-04,60,14.1
2016-12-05,55,11.2
2016-12-06,,9.375
2016-12-07,,10.375
2016-12-08,42,7.6
2016-12-09,15,2.7
2016-12-10,10,1.8
2016-12-11,40,7.2
2016-12-12,52,9.9
2016-12-13,64,16.0
2016-12-14,51,9.3
2016-12-15,19,3.4
2016-12-16,53,10.4
2016-12-17,56,11.6
2016-12-18,61,14.4
2016-12-19,,15.4
2016-12-22,,8.076923
2016-12-23,25,4.5
2016-12-24,17,3.1
2016-12-25,49,8.9
2016-12-26,19,3.4
2016-12-27,47,8.5
2016-12-28,52,9.6
2016-12-29,70,19.1
2016-12-30,65,16.7
2016-12-31,31,5.6
2017-01-01,37,6.6
2017-01-02,22,4.0
2017-01-03,12,2.2
2017-01-04,4,0.8
2017-01-05,21,3.8
2017-01-06,30,5.4
2017-01-07,21,3.7
2017-01-08,0,-1.3
2017-01-09,2,0.4
2017-01-10,7,1.2
2017-01-11,17,3.0
2017-01-12,22,4.0
2017-01-13,52,9.4
2017-01-14,46,8.3
2017-01-15,62,15.0
2017-01-16,70,19.2
2017-01-17,84,27.0
2017-01-18,61,14.7
2017-01-19,40,7.2
2017-01-20,29,5.2
2017-01-21,33,6.0
2017-01-22,31,5.6
2017-01-23,31,5.5
2017-01-24,36,6.5
2017-01-25,28,5.1
2017-01-26,52,9.9
2017-01-27,43,7.8
2017-01-28,57,12.2
2017-01-29,55,11.3
2017-01-30,62,14.8
2017-01-31,82,25.9
2017-02-01,81,25.0
2017-02-02,24,4.4
2017-02-03,16,2.8
2017-02-04,26,4.6
2017-02-05,21,3.8
2017-02-06,22,3.9
2017-02-07,23,4.1
2017-02-08,16,2.9
2017-02-09,7,1.2
2017-02-10,17,3.1
2017-02-11,27,4.9
2017-02-12,40,7.2
2017-02-13,55,11.1
2017-02-14,57,12.2
2017-02-15,55,11.0
2017-02-16,43,7.8
2017-02-17,24,4.3
2017-02-18,21,3.7
2017-02-19,21,3.7
2017-02-20,29,5.3
2017-02-21,41,7.3
2017-02-22,22,4.0
2017-02-23,29,5.2
2017-02-24,28,5.1
2017-02-25,31,5.5
2017-02-26,34,6.1
2017-02-27,24,4.3
2017-02-28,29,5.2
2017-03-01,32,5.8
2017-03-02,52,9.9
2017-03-03,42,7.6
2017-03-04,8,1.5
2017-03-05,24,4.4
2017-03-06,30,5.4
2017-03-07,42,7.5
2017-03-08,26,4.7
2017-03-09,37,6.6
2017-03-10,27,4.9
2017-03-11,36,6.4
2017-03-12,38,6.8
2017-03-13,53,10.0
2017-03-14,53,10.1
2017-03-15,22,4.0
2017-03-16,14,2.6
2017-03-17,49,8.8
2017-03-18,29,5.2
2017-03-19,31,5.6
2017-03-20,42,7.6
2017-03-21,32,5.7
2017-03-22,27,4.9
2017-03-23,33,5.9
2017-03-24,32,5.8
2017-03-25,37,6.7
2017-03-26,22,4.0
2017-03-27,39,7.0
2017-03-28,51,9.3
2017-03-29,60,14.0
2017-03-30,55,11.4
2017-03-31,46,8.3
2017-04-01,53,10.4
2017-04-02,61,14.5
2017-04-03,60,13.7
2017-04-04,51,9.3
2017-04-05,43,7.7
2017-04-06,43,7.7
2017-04-07,46,8.3
2017-04-08,17,3.0
2017-04-09,28,5.0
2017-04-10,34,6.2
2017-04-11,33,6.0
2017-04-12,0,-0.7
2017-04-13,23,4.2
2017-04-14,28,5.0
2017-04-15,39,7.1
2017-04-16,33,5.9
2017-04-17,15,2.7
2017-04-18,19,3.4
2017-04-19,32,5.8
2017-04-20,34,6.1
2017-04-21,44,7.9
2017-04-22,23,4.1
2017-04-23,21,3.8
2017-04-24,22,3.9
2017-04-25,23,4.2
2017-04-26,11,1.9
2017-04-27,48,8.6
2017-04-28,52,9.4
2017-04-29,45,8.1
2017-04-30,55,11.2
2017-05-01,55,11.2
2017-05-02,52,9.7
2017-05-03,52,9.8
2017-05-04,18,3.2
2017-05-05,36,6.5
2017-05-06,56,11.6
2017-05-07,64,16.0
2017-05-08,67,17.5
2017-05-09,65,16.6
2017-05-10,44,8.0
2017-05-11,23,4.2
2017-05-12,21,3.7
2017-05-13,26,4.6
2017-05-14,48,8.7
2017-05-15,52,9.8
2017-05-16,22,4.0
2017-05-17,38,6.8
2017-05-18,56,11.6
2017-05-19,60,14.1
2017-05-20,40,7.2
2017-05-21,52,9.9
2017-05-22,32,5.7
2017-05-23,16,2.9
2017-05-24,24,4.3
2017-05-25,32,5.8
2017-05-26,29,5.2
2017-05-27,22,4.0
2017-05-28,28,5.1
2017-05-29,29,5.2
2017-05-30,34,6.2
2017-05-31,15,2.7
2017-06-01,19,3.4
2017-06-02,40,7.2
2017-06-03,45,8.1
2017-06-04,54,10.9
2017-06-05,61,14.2
2017-06-06,55,11.5
2017-06-07,39,7.1
2017-06-08,25,4.5
2017-06-09,20,3.6
2017-06-10,31,5.5
2017-06-11,43,7.8
2017-06-12,56,12.0
2017-06-13,56,12.0
2017-06-14,56,11.7
2017-06-15,35,6.3
2017-06-16,40,7.2
2017-06-17,56,11.8
2017-06-18,63,15.6
2017-06-19,56,11.7
2017-06-20,55,11.5
2017-06-21,55,11.2
2017-06-22,55,11.5
2017-06-23,7,1.3
2017-06-24,2,0.4
2017-06-25,0,-0.1
2017-06-26,1,0.1
2017-06-27,14,2.5
2017-06-28,44,8.0
2017-06-29,56,11.6
2017-06-30,52,9.9
2017-07-01,52,9.6
2017-07-02,21,3.8
2017-07-03,14,2.6
2017-07-04,21,3.7
2017-07-05,9,1.6
2017-07-06,29,5.3
2017-07-07,44,8.0
2017-07-08,58,13.0
2017-07-09,37,6.7
2017-07-10,49,8.8
2017-07-11,58,12.7
2017-07-12,55,11.0
2017-07-13,36,6.5
2017-07-14,41,7.3
2017-07-15,56,11.6
2017-07-16,61,14.5
2017-07-17,61,14.7
2017-07-18,52,9.6
2017-07-19,51,9.2
2017-07-20,45,8.1
2017-07-21,48,8.6
2017-07-22,56,11.6
2017-07-23,17,3.1
2017-07-24,20,3.6
2017-07-25,27,4.8
2017-07-26,15,2.7
2017-07-27,17,3.0
2017-07-28,48,8.7
2017-07-29,47,8.5
2017-07-30,,2.2
2017-07-31,,2.625
2017-08-01,12,2.1
2017-08-02,14,2.5
2017-08-03,38,6.9
2017-08-04,21,3.7
2017-08-05,0,0.0
2017-08-06,52,9.5
2017-08-07,51,9.1
2017-08-08,21,3.7
2017-08-09,33,5.9
2017-08-10,46,8.3
2017-08-11,44,7.9
2017-08-12,50,9.0
2017-08-13,13,2.3
2017-08-14,52,9.7
2017-08-15,52,9.6
2017-08-16,52,9.6
2017-08-17,52,9.5
2017-08-18,50,9.0
2017-08-19,41,7.3
2017-08-20,55,11.4
2017-08-21,47,8.4
2017-08-22,59,13.6
2017-08-23,57,12.5
2017-08-24,40,7.2
2017-08-25,57,12.2
2017-08-26,56,11.6
2017-08-27,57,12.4
2017-08-28,58,12.8
2017-08-29,52,9.6
2017-08-30,39,7.0
2017-08-31,73,20.8
2017-09-01,125,45.3
2017-09-02,103,36.3
2017-09-03,136,49.7
2017-09-04,125,45.4
2017-09-05,58,13.1
2017-09-06,54,10.9
2017-09-07,58,12.6
2017-09-08,34,6.2
2017-09-09,51,9.3
2017-09-10,59,13.4
2017-09-11,59,13.3
2017-09-12,54,10.8
2017-09-13,22,4.0
2017-09-14,53,10.2
2017-09-15,46,8.2
2017-09-16,61,14.5
2017-09-17,52,9.5
2017-09-18,21,3.7
2017-09-19,40,7.2
2017-09-20,33,6.0
2017-09-21,32,5.7
2017-09-22,29,5.2
2017-09-23,48,8.6
2017-09-24,55,11.2
2017-09-25,61,14.2
2017-09-26,58,12.8
2017-09-27,63,15.5
2017-09-28,47,8.5
2017-09-29,32,5.7
2017-09-30,54,10.9
2017-10-01,57,12.5
2017-10-02,54,10.7
2017-10-03,53,10.2
2017-10-04,46,8.2
2017-10-05,41,7.4
2017-10-06,56,11.9
2017-10-07,61,14.5
2017-10-08,62,15.1
2017-10-09,100,35.2
2017-10-10,127,45.9
2017-10-11,80,24.8
2017-10-12,136,49.9
2017-10-13,98,34.5
2017-10-14,73,20.8
2017-10-15,52,9.5
2017-10-16,77,23.1
2017-10-17,92,31.1
2017-10-18,45,8.1
2017-10-19,0,-1.1
2017-10-20,26,4.6
2017-10-21,26,4.7
2017-10-22,26,4.6
2017-10-23,40,7.2
2017-10-24,41,7.3
2017-10-25,54,10.6
2017-10-26,59,13.3
2017-10-27,,5.714286
2017-10-31,,10.882353
2017-11-01,55,11.2
2017-11-02,57,12.1
2017-11-03,47,8.4
2017-11-04,28,5.0
2017-11-05,22,3.9
2017-11-06,27,4.9
2017-11-07,51,9.3
2017-11-08,46,8.2
2017-11-09,21,3.8
2017-11-10,34,6.2
2017-11-11,42,7.5
2017-11-12,34,6.2
2017-11-13,28,5.0
2017-11-14,44,7.9
2017-11-15,36,6.4
2017-11-16,30,5.4
2017-11-17,38,6.8
2017-11-18,55,11.1
2017-11-19,63,15.5
2017-11-20,78,23.5
2017-11-21,63,15.7
2017-11-22,72,20.6
2017-11-23,60,14.1
2017-11-24,25,4.5
2017-11-25,53,10.3
2017-11-26,18,3.2
2017-11-27,39,7.1
2017-11-28,52,9.8
2017-11-29,55,11.2
2017-11-30,55,11.3
2017-12-01,62,14.8
2017-12-02,67,17.6
2017-12-03,36,6.4
2017-12-04,32,5.8
2017-12-05,45,8.1
2017-12-06,60,14.1
2017-12-07,65,16.5
2017-12-08,78,23.7
2017-12-09,80,24.7
2017-12-10,65,16.5
2017-12-11,66,17.0
2017-12-12,68,18.4
2017-12-13,79,24.3
2017-12-14,82,26.0
2017-12-15,116,41.4
2017-12-16,43,7.8
2017-12-17,36,6.5
2017-12-18,76,22.7
2017-12-19,67,17.5
2017-12-20,26,4.6
2017-12-21,42,7.6
2017-12-22,81,25.0
2017-12-23,82,26.0
2017-12-24,71,19.9
2017-12-25,70,19.1
2017-12-26,61,14.6
2017-12-27,68,18.2
2017-12-28,65,16.7
2017-12-29,76,22.7
2017-12-30,73,20.9
2017-12-31,70,19.1
2018-01-01,75,22.1
2018-01-02,84,26.7
2018-01-03,111,39.5
2018-01-04,63,15.6
2018-01-05,29,5.2
2018-01-06,45,8.1
2018-01-07,58,12.7
2018-01-08,50,9.0
2018-01-09,24,4.4
2018-01-10,43,7.7
2018-01-11,61,14.6
2018-01-12,59,13.5
2018-01-13,61,14.2
2018-01-14,75,22.2
2018-01-15,82,25.8
2018-01-16,72,20.5
2018-01-17,79,23.9
2018-01-18,71,20.0
2018-01-19,42,7.5
2018-01-20,51,9.3
2018-01-21,54,10.8
2018-01-22,25,4.5
2018-01-23,53,10.0
2018-01-24,52,9.8
2018-01-25,44,7.9
2018-01-26,52,9.6
2018-01-27,41,7.4
2018-01-28,28,5.0
2018-01-29,66,17.0
2018-01-30,58,13.1
2018-01-31,66,17.1
2018-02-01,60,13.8
2018-02-02,58,13.0
2018-02-03,57,12.4
2018-02-04,55,11.0
2018-02-05,64,16.1
2018-02-06,42,7.6
2018-02-07,63,15.5
2018-02-08,84,26.7
2018-02-09,63,15.6
2018-02-10,50,9.0
2018-02-11,48,8.6
2018-02-12,31,5.5
2018-02-13,37,6.6
2018-02-14,54,10.5
2018-02-15,47,8.5
2018-02-16,59,13.6
2018-02-17,55,11.4
2018-02-18,,8.0
2018-02-20,,6.133333
2018-02-21,47,8.5
2018-02-22,39,7.0
2018-02-23,40,7.2
2018-02-24,45,8.1
2018-02-25,40,7.2
2018-02-26,31,5.5
2018-02-27,29,5.2
2018-02-28,42,7.5
2018-03-01,28,5.1
2018-03-02,28,5.1
2018-03-03,33,5.9
2018-03-04,26,4.7
2018-03-05,25,4.5
2018-03-06,43,7.8
2018-03-07,51,9.3
2018-03-08,26,4.7
2018-03-09,13,2.4
2018-03-10,22,3.9
2018-03-11,54,10.7
2018-03-12,24,4.4
2018-03-13,4,0.7
2018-03-14,9,1.7
2018-03-15,26,4.6
2018-03-16,31,5.5
2018-03-17,31,5.5
2018-03-18,47,8.5
2018-03-19,48,8.7
2018-03-20,42,7.5
2018-03-21,10,1.8
2018-03-22,19,3.4
2018-03-23,39,7.0
2018-03-24,42,7.5
2018-03-25,34,6.2
2018-03-26,40,7.2
2018-03-27,54,10.6
2018-03-28,60,14.0
2018-03-29,60,13.8
2018-03-30,58,13.0
2018-03-31,53,10.1
2018-04-01,59,13.4
2018-04-02,57,12.1
2018-04-03,58,12.9
2018-04-04,42,7.6
2018-04-05,41,7.3
2018-04-06,4,0.7
2018-04-07,46,8.2
2018-04-08,54,10.7
2018-04-09,56,12.0
2018-04-10,39,7.0
2018-04-11,24,4.3
2018-04-12,42,7.6
2018-04-13,49,8.9
2018-04-14,58,13.0
2018-04-15,42,7.5
2018-04-16,29,5.2
2018-04-17,32,5.8
2018-04-18,24,4.3
2018-04-19,38,6.8
2018-04-20,,10.692308
2018-04-23,,15.3125
2018-04-24,41,7.3
2018-04-25,31,5.6
2018-04-26,27,4.9
2018-04-27,14,2.6
2018-04-28,0,-0.3
2018-04-29,0,-1.3
2018-04-30,21,3.8
2018-05-01,47,8.5
2018-05-02,43,7.8
2018-05-03,13,2.3
2018-05-04,13,2.4
2018-05-05,24,4.4
2018-05-06,0,-1.3
2018-05-07,0,-1.0
2018-05-08,1,0.1
2018-05-09,8,1.5
2018-05-10,39,7.1
2018-05-11,46,8.3
2018-05-12,46,8.2
2018-05-13,14,2.6
2018-05-14,0,-0.2
2018-05-15,0,-1.8
2018-05-16,0,-2.1
2018-05-17,6,1.0
2018-05-18,4,0.7
2018-05-19,36,6.5
2018-05-20,31,5.5
2018-05-21,31,5.6
2018-05-22,21,3.8
2018-05-23,0,-0.5
2018-05-24,2,0.3
2018-05-25,0,-1.0
2018-05-26,5,0.9
2018-05-27,32,5.7
2018-05-28,52,9.9
2018-05-29,63,15.3
2018-05-30,52,9.9
2018-05-31,26,4.7
2018-06-01,20,3.6
2018-06-02,51,9.3
2018-06-03,44,8.0
2018-06-04,53,10.0
2018-06-05,45,8.1
2018-06-06,19,3.5
2018-06-07,25,4.5
2018-06-08,6,1.1
2018-06-09,0,-0.2
2018-06-10,22,3.9
2018-06-11,24,4.3
2018-06-12,49,8.9
2018-06-13,43,7.7
2018-06-14,44,8.0
2018-06-15,48,8.7
2018-06-16,36,6.5
2018-06-17,28,5.0
2018-06-18,11,1.9
2018-06-19,0,-0.5
2018-06-20,6,1.0
2018-06-21,14,2.5
2018-06-22,52,9.9
2018-06-23,61,14.3
2018-06-24,51,9.2
2018-06-25,36,6.5
2018-06-26,56,12.0
2018-06-27,58,12.7
2018-06-28,61,14.6
2018-06-29,59,13.3
2018-06-30,56,12.0
2018-07-01,27,4.8
2018-07-02,22,3.9
2018-07-03,63,15.4
2018-07-04,54,10.5
2018-07-05,48,8.7
2018-07-06,34,6.2
2018-07-07,39,7.1
2018-07-08,53,10.1
2018-07-09,50,9.0
2018-07-10,47,8.5
2018-07-11,27,4.8
2018-07-12,30,5.4
2018-07-13,22,3.9
2018-07-14,13,2.4
2018-07-15,36,6.4
2018-07-16,32,5.8
2018-07-17,28,5.1
2018-07-18,37,6.6
2018-07-19,37,6.7
2018-07-20,34,6.2
2018-07-21,18,3.3
2018-07-22,28,5.0
2018-07-23,47,8.5
2018-07-24,53,10.2
2018-07-25,41,7.4
2018-07-26,51,9.1
2018-07-27,37,6.6
2018-07-28,31,5.6
2018-07-29,17,3.0
2018-07-30,38,6.8
2018-07-31,36,6.4
2018-08-01,36,6.5
2018-08-02,42,7.5
2018-08-03,58,12.9
2018-08-04,49,8.9
2018-08-05,39,7.0
2018-08-06,38,6.9
2018-08-07,25,4.5
2018-08-08,24,4.3
2018-08-09,18,3.3
2018-08-10,29,5.2
2018-08-11,29,5.3
2018-08-12,52,9.4
2018-08-13,35,6.3
2018-08-14,31,5.6
2018-08-15,63,15.3
2018-08-16,67,17.7
2018-08-17,61,14.6
2018-08-18,42,7.5
2018-08-19,72,20.4
2018-08-20,74,21.5
2018-08-21,61,14.2
2018-08-22,85,27.2
2018-08-23,128,46.4
2018-08-24,71,20.1
2018-08-25,65,16.7
2018-08-26,59,13.5
2018-08-27,,14.625
2018-08-28,43,7.7
2018-08-29,46,8.2
2018-08-30,49,8.9
2018-08-31,41,7.4
2018-09-01,54,10.5
2018-09-02,63,15.3
2018-09-03,66,17.0
2018-09-04,64,15.9
2018-09-05,54,10.8
2018-09-06,55,11.1
2018-09-07,55,11.4
2018-09-08,48,8.7
2018-09-09,49,8.8
2018-09-10,55,11.2
2018-09-11,58,12.7
2018-09-12,50,9.0
2018-09-13,36,6.5
2018-09-14,32,5.7
2018-09-15,28,5.0
2018-09-16,23,4.1
2018-09-17,28,5.0
2018-09-18,51,9.3
2018-09-19,59,13.4
2018-09-20,74,21.3
2018-09-21,66,16.9
2018-09-22,52,9.6
2018-09-23,54,10.5
2018-09-24,61,14.3
2018-09-25,60,13.7
2018-09-26,55,11.3
2018-09-27,34,6.1
2018-09-28,55,11.3
2018-09-29,34,6.2
2018-09-30,14,2.6
2018-10-01,46,8.2
2018-10-02,31,5.5
2018-10-03,0,-0.5
2018-10-04,11,2.0
2018-10-05,35,6.3
2018-10-06,31,5.6
2018-10-07,46,8.2
2018-10-08,41,7.3
2018-10-09,35,6.3
2018-10-10,44,7.9
2018-10-11,41,7.3
2018-10-12,36,6.5
2018-10-13,52,9.7
2018-10-14,55,11.5
2018-10-15,39,7.1
2018-10-16,52,9.8
2018-10-17,67,17.8
2018-10-18,59,13.5
2018-10-19,64,16.2
2018-10-20,59,13.6
2018-10-21,55,11.2
2018-10-22,,12.5
2018-10-25,,6.272727
2018-10-26,39,7.0
2018-10-27,13,2.4
2018-10-28,26,4.6
2018-10-29,40,7.2
2018-10-30,49,8.9
2018-10-31,58,12.9
2018-11-01,55,11.2
2018-11-02,56,11.9
2018-11-03,56,11.8
2018-11-04,55,11.1
2018-11-05,53,10.2
2018-11-06,55,11.0
2018-11-07,58,12.8
2018-11-08,79,23.9
2018-11-09,158,65.5
2018-11-10,180,96.5
2018-11-11,173,87.2
2018-11-12,170,82.8
2018-11-13,169,80.7
2018-11-14,181,97.6
2018-11-15,221,145.4
2018-11-16,252,177.4
2018-11-17,161,69.7
2018-11-18,151,55.7
2018-11-19,182,99.2
2018-11-20,158,65.4
2018-11-21,60,13.9
2018-11-22,13,2.4
2018-11-23,18,3.3
2018-11-24,22,3.9
2018-11-25,52,9.5
2018-11-26,53,10.3
2018-11-27,52,9.4
2018-11-28,31,5.6
2018-11-29,36,6.5
2018-11-30,38,6.8
2018-12-01,26,4.6
2018-12-02,21,3.7
2018-12-03,32,5.8
2018-12-04,53,10.2
2018-12-05,38,6.9
2018-12-06,44,7.9
2018-12-07,57,12.5
2018-12-08,69,18.8
2018-12-09,90,30.3
2018-12-10,74,21.6
2018-12-11,56,11.7
2018-12-12,55,11.2
2018-12-13,61,14.5
2018-12-14,67,17.8
2018-12-15,53,10.2
2018-12-16,24,4.3
2018-12-17,47,8.5
2018-12-18,48,8.6
2018-12-19,43,7.7
2018-12-20,69,18.6
2018-12-21,56,11.7
2018-12-22,36,6.5
2018-12-23,47,8.4
2018-12-24,48,8.7
2018-12-25,27,4.9
2018-12-26,24,4.3
2018-12-27,17,3.0
2018-12-28,31,5.5
2018-12-29,43,7.8
2018-12-30,52,9.5
2018-12-31,14,2.6
2019-01-01,21,3.8
2019-01-02,55,11.5
2019-01-03,74,21.7
2019-01-04,81,25.4
2019-01-05,33,6.0
2019-01-06,24,4.3
2019-01-07,34,6.2
2019-01-08,33,5.9
2019-01-09,34,6.2
2019-01-10,56,12.0
2019-01-11,52,9.6
2019-01-12,41,7.4
2019-01-13,52,9.8
2019-01-14,37,6.7
2019-01-15,13,2.4
2019-01-16,18,3.3
2019-01-17,57,12.4
2019-01-18,61,14.2
2019-01-19,56,11.6
2019-01-20,21,3.7
2019-01-21,27,4.9
2019-01-22,32,5.7
2019-01-23,,10.2
2019-01-24,,10.733333
2019-01-25,61,14.7
2019-01-26,60,14.1
2019-01-27,74,21.6
2019-01-28,56,11.7
2019-01-29,39,7.0
2019-01-30,53,10.3
2019-01-31,54,10.5
2019-02-01,25,4.5
2019-02-02,23,4.2
2019-02-03,19,3.5
2019-02-04,23,4.1
2019-02-05,24,4.4
2019-02-06,35,6.3
2019-02-07,34,6.2
2019-02-08,39,7.0
2019-02-09,28,5.1
2019-02-10,19,3.4
2019-02-11,34,6.2
2019-02-12,38,6.8
2019-02-13,15,2.7
2019-02-14,22,3.9
2019-02-15,29,5.3
2019-02-16,32,5.8
2019-02-17,20,3.6
2019-02-18,26,4.6
2019-02-19,29,5.3
2019-02-20,20,3.6
2019-02-21,22,4.0
2019-02-22,23,4.1
2019-02-23,34,6.1
2019-02-24,32,5.7
2019-02-25,31,5.5
2019-02-26,19,3.5
2019-02-27,17,3.1
2019-02-28,26,4.7
2019-03-01,38,6.9
2019-03-02,34,6.2
2019-03-03,25,4.5
2019-03-04,32,5.7
2019-03-05,30,5.4
2019-03-06,18,3.2
2019-03-07,24,4.4
2019-03-08,19,3.4
2019-03-09,21,3.8
2019-03-10,18,3.3
2019-03-11,36,6.5
2019-03-12,43,7.8
2019-03-13,33,5.9
2019-03-14,30,5.4
2019-03-15,34,6.2
2019-03-16,44,7.9
2019-03-17,53,10.2
2019-03-18,57,12.2
2019-03-19,51,9.2
2019-03-20,31,5.5
2019-03-21,36,6.5
2019-03-22,26,4.7
2019-03-23,35,6.3
2019-03-24,33,6.0
2019-03-25,27,4.9
2019-03-26,23,4.1
2019-03-27,19,3.5
2019-03-28,32,5.7
2019-03-29,30,5.4
2019-03-30,29,5.2
2019-03-31,37,6.7
2019-04-01,33,6.0
2019-04-02,15,2.7
2019-04-03,11,2.0
2019-04-04,6,1.1
2019-04-05,13,2.3
2019-04-06,23,4.2
2019-04-07,32,5.7
2019-04-08,29,5.2
2019-04-09,33,6.0
2019-04-10,39,7.1
2019-04-11,47,8.5
2019-04-12,36,6.5
2019-04-13,52,9.9
2019-04-14,38,6.9
2019-04-15,37,6.7
2019-04-16,26,4.6
2019-04-17,36,6.4
2019-04-18,44,8.0
2019-04-19,23,4.2
2019-04-20,38,6.9
2019-04-21,56,12.0
2019-04-22,61,14.2
2019-04-23,63,15.3
2019-04-24,67,17.6
2019-04-25,62,15.1
2019-04-26,60,13.9
2019-04-27,62,15.0
2019-04-28,61,14.3
2019-04-29,57,12.5
2019-04-30,57,12.3
2019-05-01,58,12.7
2019-05-02,55,11.3
2019-05-03,55,11.5
2019-05-04,48,8.7
2019-05-05,19,3.5
2019-05-06,11,2.0
2019-05-07,14,2.5
2019-05-08,26,4.7
2019-05-09,27,4.8
2019-05-10,28,5.0
2019-05-11,31,5.6
2019-05-12,36,6.5
2019-05-13,26,4.7
2019-05-14,27,4.8
2019-05-15,21,3.7
2019-05-16,43,7.7
2019-05-17,36,6.5
2019-05-18,21,3.7
2019-05-19,22,4.0
2019-05-20,23,4.2
2019-05-21,34,6.2
2019-05-22,48,8.6
2019-05-23,57,12.2
2019-05-24,24,4.3
2019-05-25,51,9.1
2019-05-26,33,6.0
2019-05-27,37,6.7
2019-05-28,50,9.0
2019-05-29,57,12.2
2019-05-30,22,3.9
2019-05-31,38,6.8
2019-06-01,39,7.0
2019-06-02,8,1.5
2019-06-03,39,7.0
2019-06-04,63,15.4
2019-06-05,58,13.1
2019-06-06,47,8.5
2019-06-07,50,9.0
2019-06-08,42,7.5
2019-06-09,58,12.7
2019-06-10,57,12.5
2019-06-11,62,14.8
2019-06-12,54,10.8
2019-06-13,24,4.4
2019-06-14,36,6.4
2019-06-15,27,4.9
2019-06-16,34,6.1
2019-06-17,52,9.5
2019-06-18,34,6.2
2019-06-19,28,5.0
2019-06-20,53,10.3
2019-06-21,56,11.8
2019-06-22,65,16.8
2019-06-23,58,12.6
2019-06-24,53,10.0
2019-06-25,50,9.0
2019-06-26,29,5.2
2019-06-27,28,5.1
2019-06-28,33,6.0
2019-06-29,39,7.1
2019-06-30,37,6.6
2019-07-01,48,8.6
2019-07-02,53,10.3
2019-07-03,52,9.9
2019-07-04,51,9.1
2019-07-05,47,8.4
2019-07-06,55,11.2
2019-07-07,53,10.3
2019-07-08,41,7.4
2019-07-09,24,4.4
2019-07-10,22,4.0
2019-07-11,12,2.2
2019-07-12,21,3.7
2019-07-13,29,5.2
2019-07-14,33,5.9
2019-07-15,43,7.7
2019-07-16,23,4.1
2019-07-17,48,8.6
2019-07-18,23,4.2
2019-07-19,52,9.8
2019-07-20,29,5.3
2019-07-21,36,6.5
2019-07-22,39,7.1
2019-07-23,34,6.1
2019-07-24,57,12.4
2019-07-25,53,10.2
2019-07-26,19,3.5
2019-07-27,29,5.2
2019-07-28,56,11.7
2019-07-29,58,13.0
2019-07-30,50,9.0
2019-07-31,47,8.4
2019-08-01,15,2.7
2019-08-02,16,2.9
2019-08-03,12,2.2
2019-08-04,39,7.1
2019-08-05,53,10.4
2019-08-06,53,10.1
2019-08-07,50,9.0
2019-08-08,33,6.0
2019-08-09,23,4.2
2019-08-10,5,0.9
2019-08-11,23,4.2
2019-08-12,40,7.2
2019-08-13,46,8.2
2019-08-14,57,12.2
2019-08-15,62,15.1
2019-08-16,63,15.7
2019-08-17,54,10.7
2019-08-18,28,5.1
2019-08-19,19,3.5
2019-08-20,30,5.4
2019-08-21,27,4.9
2019-08-22,37,6.6
2019-08-23,43,7.7
2019-08-24,37,6.7
2019-08-25,27,4.9
2019-08-26,19,3.4
2019-08-27,26,4.7
2019-08-28,35,6.3
2019-08-29,52,9.4
2019-08-30,40,7.2
2019-08-31,39,7.0
2019-09-01,23,4.2
2019-09-02,34,6.2
2019-09-03,24,4.4
2019-09-04,29,5.3
2019-09-05,19,3.5
2019-09-06,18,3.3
2019-09-07,20,3.6
2019-09-08,33,6.0
2019-09-09,29,5.2
2019-09-10,37,6.7
2019-09-11,52,9.5
2019-09-12,52,9.8
2019-09-13,,11.0
2019-09-17,27,4.9
2019-09-18,19,3.4
2019-09-19,29,5.3
2019-09-20,39,7.1
2019-09-21,42,7.5
2019-09-22,33,6.0
2019-09-23,32,5.7
2019-09-24,57,12.4
2019-09-25,56,11.8
2019-09-26,56,11.7
2019-09-27,22,4.0
2019-09-28,49,8.9
2019-09-29,34,6.2
2019-09-30,23,4.1
2019-10-01,22,4.0
2019-10-02,38,6.9
2019-10-03,36,6.5
2019-10-04,35,6.3
2019-10-05,37,6.6
2019-10-06,44,8.0
2019-10-07,53,10.2
2019-10-08,55,11.0
2019-10-09,53,10.2
2019-10-10,38,6.8
2019-10-11,48,8.7
2019-10-12,54,10.8
2019-10-13,33,6.0
2019-10-14,52,9.9
2019-10-15,56,11.6
2019-10-16,20,3.6
2019-10-17,32,5.7
2019-10-18,53,10.2
2019-10-19,53,10.0
2019-10-20,46,8.2
2019-10-21,54,10.6
2019-10-22,56,11.6
2019-10-23,57,12.4
2019-10-24,42,7.6
2019-10-25,69,18.9
2019-10-26,66,17.4
2019-10-27,32,5.7
2019-10-28,63,15.5
2019-10-29,55,11.4
2019-10-30,38,6.9
2019-10-31,55,11.2
2019-11-01,60,14.1
2019-11-02,62,14.8
2019-11-03,58,12.7
2019-11-04,54,10.8
2019-11-05,53,10.0
2019-11-06,52,9.9
2019-11-07,59,13.2
2019-11-08,75,22.0
2019-11-09,69,18.5
2019-11-10,55,11.0
2019-11-11,60,14.0
2019-11-12,55,11.4
2019-11-13,52,9.4
2019-11-14,48,8.6
2019-11-15,17,3.1
2019-11-16,51,9.2
2019-11-17,59,13.6
2019-11-18,67,17.5
2019-11-19,43,7.7
2019-11-20,47,8.4
2019-11-21,55,11.4
2019-11-22,60,14.0
2019-11-23,62,15.2
2019-11-24,57,12.4
2019-11-25,52,9.5
2019-11-26,32,5.8
2019-11-27,36,6.4
2019-11-28,34,6.1
2019-11-29,31,5.6
2019-11-30,18,3.3
2019-12-01,9,1.6
2019-12-02,21,3.8
2019-12-03,28,5.1
2019-12-04,47,8.5
2019-12-05,54,10.7
2019-12-06,18,3.3
2019-12-07,21,3.8
2019-12-08,23,4.1
2019-12-09,37,6.7
2019-12-10,51,9.3
2019-12-11,44,8.0
2019-12-12,12,2.2
2019-12-13,28,5.0
2019-12-14,23,4.1
2019-12-15,23,4.2
2019-12-16,32,5.7
2019-12-17,54,10.9
2019-12-18,21,3.7
2019-12-19,38,6.8
2019-12-20,61,14.5
2019-12-21,58,12.6
2019-12-22,26,4.6
2019-12-23,30,5.4
2019-12-24,29,5.3
2019-12-25,19,3.5
2019-12-26,39,7.0
2019-12-27,46,8.2
2019-12-28,51,9.2
2019-12-29,36,6.4
2019-12-30,41,7.4
2019-12-31,52,9.9
2020-01-01,49,8.9
2020-01-02,51,9.1
2020-01-03,64,16.3
2020-01-04,38,6.9
2020-01-05,28,5.1
2020-01-06,40,7.2
2020-01-07,37,6.7
2020-01-08,29,5.2
2020-01-09,27,4.8
2020-01-10,42,7.6
2020-01-11,32,5.7
2020-01-12,29,5.2
2020-01-13,18,3.3
2020-01-14,34,6.1
2020-01-15,34,6.2
2020-01-16,27,4.9
2020-01-17,39,7.1
2020-01-18,28,5.1
2020-01-19,40,7.2
2020-01-20,55,11.4
2020-01-21,19,3.4
2020-01-22,40,7.2
2020-01-23,53,10.2
2020-01-24,41,7.4
2020-01-25,43,7.8
2020-01-26,25,4.5
2020-01-27,43,7.7
2020-01-28,44,7.9
2020-01-29,54,10.6
2020-01-30,45,8.1
2020-01-31,60,14.0
2020-02-01,71,19.9
2020-02-02,31,5.5
2020-02-03,16,2.8
2020-02-04,28,5.0
2020-02-05,48,8.7
2020-02-06,54,10.9
2020-02-07,57,12.5
2020-02-08,49,8.9
2020-02-09,21,3.8
2020-02-10,34,6.1
2020-02-11,41,7.4
2020-02-12,59,13.5
2020-02-13,42,7.6
2020-02-14,47,8.4
2020-02-15,50,9.0
2020-02-16,36,6.5
2020-02-17,51,9.3
2020-02-18,45,8.1
2020-02-19,52,9.4
2020-02-20,60,13.7
2020-02-21,57,12.4
2020-02-22,58,12.8
2020-02-23,37,6.7
2020-02-24,51,9.1
2020-02-25,55,11.4
2020-02-26,58,13.1
2020-02-27,63,15.4
2020-02-28,61,14.4
2020-02-29,46,8.2
2020-03-01,27,4.9
2020-03-02,27,4.9
2020-03-03,57,12.4
2020-03-04,59,13.3
2020-03-05,51,9.3
2020-03-06,14,2.5
2020-03-07,6,1.0
2020-03-08,19,3.5
2020-03-09,28,5.0
2020-03-10,35,6.3
2020-03-11,33,5.9
2020-03-12,52,9.5
2020-03-13,58,12.6
2020-03-14,11,1.9
2020-03-15,18,3.2
2020-03-16,8,1.5
2020-03-17,11,2.0
2020-03-18,19,3.5
2020-03-19,25,4.5
2020-03-20,32,5.8
2020-03-21,31,5.5
2020-03-22,34,6.2
2020-03-23,37,6.6
2020-03-24,11,2.0
2020-03-25,9,1.6
2020-03-26,19,3.4
2020-03-27,41,7.3
2020-03-28,51,9.1
2020-03-29,31,5.5
2020-03-30,8,1.5
2020-03-31,8,1.5
2020-04-01,27,4.9
2020-04-02,31,5.6
2020-04-03,22,4.0
2020-04-04,16,2.9
2020-04-05,13,2.4
2020-04-06,31,5.5
2020-04-07,30,5.4
2020-04-08,34,6.1
2020-04-09,17,3.0
2020-04-10,29,5.3
2020-04-11,18,3.3
2020-04-12,57,12.1
2020-04-13,58,12.9
2020-04-14,49,8.9
2020-04-15,55,11.5
2020-04-16,26,4.6
2020-04-17,39,7.0
2020-04-18,31,5.5
2020-04-19,26,4.7
2020-04-20,29,5.2
2020-04-21,36,6.5
2020-04-22,31,5.5
2020-04-23,23,4.2
2020-04-24,52,9.5
2020-04-25,36,6.5
2020-04-26,24,4.4
2020-04-27,34,6.1
2020-04-28,21,3.7
2020-04-29,15,2.7
2020-04-30,29,5.3
2020-05-01,32,5.7
2020-05-02,9,1.6
2020-05-03,28,5.0
2020-05-04,39,7.1
2020-05-05,26,4.7
2020-05-06,52,9.5
2020-05-07,62,15.0
2020-05-08,58,12.8
2020-05-09,47,8.5
2020-05-10,41,7.3
2020-05-11,24,4.3
2020-05-12,25,4.5
2020-05-13,29,5.3
2020-05-14,18,3.3
2020-05-15,17,3.1
2020-05-16,9,1.7
2020-05-17,24,4.4
2020-05-18,20,3.6
2020-05-19,27,4.9
2020-05-20,38,6.8
2020-05-21,48,8.7
2020-05-22,46,8.3
2020-05-23,54,10.6
2020-05-24,57,12.2
2020-05-25,57,12.1
2020-05-26,57,12.1
2020-05-27,54,10.9
2020-05-28,21,3.8
2020-05-29,16,2.9
2020-05-30,21,3.7
2020-05-31,21,3.8
2020-06-01,47,8.5
2020-06-02,58,13.0
2020-06-03,62,15.2
2020-06-04,68,18.0
2020-06-05,50,9.0
2020-06-06,27,4.8
2020-06-07,30,5.4
2020-06-08,33,5.9
2020-06-09,43,7.8
2020-06-10,26,4.6
2020-06-11,26,4.7
2020-06-12,29,5.2
2020-06-13,23,4.1
2020-06-14,11,2.0
2020-06-15,29,5.2
2020-06-16,44,7.9
2020-06-17,42,7.5
2020-06-18,60,14.0
2020-06-19,41,7.3
2020-06-20,20,3.6
2020-06-21,26,4.7
2020-06-22,37,6.6
2020-06-23,25,4.5
2020-06-24,36,6.5
2020-06-25,21,3.7
2020-06-26,25,4.5
2020-06-27,31,5.6
2020-06-28,60,13.8
2020-06-29,60,14.0
2020-06-30,60,13.8
2020-07-01,55,11.2
2020-07-02,52,9.8
2020-07-03,53,10.4
2020-07-04,77,23.0
2020-07-05,61,14.3
2020-07-06,53,10.0
2020-07-07,54,10.7
2020-07-08,56,11.7
2020-07-09,57,12.3
2020-07-10,36,6.5
2020-07-11,53,10.0
2020-07-12,55,11.2
2020-07-13,58,12.8
2020-07-14,52,9.6
2020-07-15,26,4.6
2020-07-16,23,4.2
2020-07-17,20,3.6
2020-07-18,23,4.2
2020-07-19,12,2.2
2020-07-20,14,2.5
2020-07-21,11,1.9
2020-07-22,12,2.2
2020-07-23,17,3.0
2020-07-24,49,8.9
2020-07-25,43,7.8
2020-07-26,38,6.8
2020-07-27,21,3.7
2020-07-28,52,9.4
2020-07-29,14,2.6
2020-07-30,21,3.8
2020-07-31,29,5.2
2020-08-01,17,3.1
2020-08-02,29,5.3
2020-08-03,39,7.0
2020-08-04,44,7.9
2020-08-05,43,7.8
2020-08-06,38,6.9
2020-08-07,58,12.6
2020-08-08,50,9.0
2020-08-09,33,5.9
2020-08-10,39,7.0
2020-08-11,24,4.3
2020-08-12,24,4.3
2020-08-13,59,13.2
2020-08-14,53,10.2
2020-08-15,56,11.7
2020-08-16,53,10.2
2020-08-17,38,6.9
2020-08-18,55,11.4
2020-08-19,111,39.7
2020-08-20,68,18.3
2020-08-21,83,26.5
2020-08-22,75,22.2
2020-08-23,77,23.2
2020-08-24,71,20.1
2020-08-25,80,24.5
2020-08-26,44,8.0
2020-08-27,43,7.8
2020-08-28,97,33.7
2020-08-29,62,15.0
2020-08-30,62,15.1
2020-08-31,84,27.0
2020-09-01,73,21.0
2020-09-02,53,10.4
2020-09-03,75,22.0
2020-09-04,67,17.6
2020-09-05,77,23.2
2020-09-06,95,32.7
2020-09-07,79,24.0
2020-09-08,55,11.5
2020-09-09,93,31.4
2020-09-10,198,123.1
2020-09-11,223,147.3
2020-09-12,179,96.0
2020-09-13,190,110.7
2020-09-14,190,111.7
2020-09-15,71,19.8
2020-09-16,9,1.6
2020-09-17,21,3.7
2020-09-18,31,5.6
2020-09-19,49,8.9
2020-09-20,59,13.2
2020-09-21,53,10.1
2020-09-22,22,4.0
2020-09-23,21,3.7
2020-09-24,25,4.5
2020-09-25,53,10.0
2020-09-26,47,8.5
2020-09-27,67,17.9
2020-09-28,67,17.8
2020-09-29,20,3.6
2020-09-30,70,19.2
2020-10-01,130,47.2
2020-10-02,126,45.7
2020-10-03,61,14.2
2020-10-04,45,8.1
2020-10-05,48,8.6
2020-10-06,59,13.3
2020-10-07,84,26.8
2020-10-08,64,16.2
2020-10-09,7,1.3
2020-10-10,16,2.8
2020-10-11,41,7.3
2020-10-12,54,10.5
2020-10-13,55,11.5
2020-10-14,56,11.7
2020-10-15,61,14.3
2020-10-16,54,10.5
2020-10-17,57,12.5
2020-10-18,57,12.5
2020-10-19,44,7.9
2020-10-20,49,8.9
2020-10-21,59,13.2
2020-10-22,54,10.6
2020-10-23,41,7.4
2020-10-24,45,8.1
2020-10-25,38,6.9
2020-10-26,49,8.9
2020-10-27,52,9.7
2020-10-28,56,12.0
2020-10-29,60,14.0
2020-10-30,56,11.9
2020-10-31,58,13.1
2020-11-01,68,18.2
2020-11-02,64,16.2
2020-11-03,41,7.3
2020-11-04,18,3.2
2020-11-05,29,5.2
2020-11-06,13,2.4
2020-11-07,28,5.1
2020-11-08,33,6.0
2020-11-09,33,6.0
2020-11-10,39,7.0
2020-11-11,29,5.2
2020-11-12,43,7.8
2020-11-13,20,3.6
2020-11-14,34,6.2
2020-11-15,54,10.9
2020-11-16,53,10.0
2020-11-17,26,4.7
2020-11-18,8,1.5
2020-11-19,37,6.6
2020-11-20,46,8.3
2020-11-21,55,11.0
2020-11-22,49,8.9
2020-11-23,17,3.1
2020-11-24,43,7.7
2020-11-25,23,4.2
2020-11-26,14,2.5
2020-11-27,33,6.0
2020-11-28,61,14.5
2020-11-29,61,14.5
2020-11-30,55,11.1
2020-12-01,47,8.4
2020-12-02,55,11.2
2020-12-03,72,20.5
2020-12-04,88,28.7
2020-12-05,67,17.5
2020-12-06,40,7.2
2020-12-07,26,4.6
2020-12-08,52,9.7
2020-12-09,81,25.0
2020-12-10,64,16.2
2020-12-11,24,4.3
2020-12-12,9,1.6
2020-12-13,29,5.2
2020-12-14,32,5.8
2020-12-15,53,10.2
2020-12-16,57,12.1
2020-12-17,27,4.8
2020-12-18,44,8.0
2020-12-19,62,15.0
2020-12-20,60,14.0
2020-12-21,64,16.3
2020-12-22,32,5.8
2020-12-23,40,7.2
2020-12-24,72,20.3
2020-12-25,57,12.2
2020-12-26,33,5.9
2020-12-27,37,6.7
2020-12-28,31,5.5
2020-12-29,47,8.4
2020-12-30,29,5.3
2020-12-31,44,8.0
2021-01-01,71,19.7
2021-01-02,52,9.6
2021-01-03,60,13.8
2021-01-04,52,9.7
2021-01-05,45,8.1
2021-01-06,55,11.3
2021-01-07,54,10.6
2021-01-08,61,14.2
2021-01-09,53,10.2
2021-01-10,57,12.5
2021-01-11,63,15.3
2021-01-12,70,19.5
2021-01-13,57,12.3
2021-01-14,61,14.3
2021-01-15,60,14.1
2021-01-16,61,14.2
2021-01-17,54,10.6
2021-01-18,47,8.5
2021-01-19,37,6.7
2021-01-20,62,15.0
2021-01-21,52,9.8
2021-01-22,27,4.9
2021-01-23,48,8.6
2021-01-24,27,4.9
2021-01-25,22,4.0
2021-01-26,26,4.7
2021-01-27,29,5.2
2021-01-28,22,4.0
2021-01-29,22,4.0
2021-01-30,37,6.7
2021-01-31,40,7.2
2021-02-01,37,6.6
2021-02-02,17,3.1
2021-02-03,17,3.1
2021-02-04,31,5.6
2021-02-05,54,10.6
2021-02-06,52,9.7
2021-02-07,53,10.2
2021-02-08,52,9.8
2021-02-09,31,5.5
2021-02-10,32,5.7
2021-02-11,24,4.4
2021-02-12,19,3.5
2021-02-13,26,4.6
2021-02-14,26,4.6
2021-02-15,19,3.5
2021-02-16,38,6.8
2021-02-17,32,5.8
2021-02-18,36,6.5
2021-02-19,25,4.5
2021-02-20,31,5.5
2021-02-21,31,5.5
2021-02-22,,10.111111
2021-02-26,,9.529412
2021-02-27,43,7.7
2021-02-28,22,4.0
2021-03-01,38,6.9
2021-03-02,46,8.2
2021-03-03,52,9.5
2021-03-04,47,8.5
2021-03-05,37,6.7
2021-03-06,14,2.5
2021-03-07,21,3.8
2021-03-08,30,5.4
2021-03-09,21,3.7
2021-03-10,13,2.3
2021-03-11,15,2.7
2021-03-12,36,6.4
2021-03-13,33,6.0
2021-03-14,13,2.3
2021-03-15,26,4.6
2021-03-16,25,4.5
2021-03-17,25,4.5
2021-03-18,31,5.5
2021-03-19,18,3.2
2021-03-20,18,3.2
2021-03-21,29,5.2
2021-03-22,31,5.5
2021-03-23,9,1.6
2021-03-24,27,4.9
2021-03-25,44,8.0
2021-03-26,38,6.8
2021-03-27,53,10.0
2021-03-28,46,8.2
2021-03-29,53,10.4
2021-03-30,47,8.4
2021-03-31,52,9.4
2021-04-01,53,10.3
2021-04-02,44,7.9
2021-04-03,31,5.6
2021-04-04,12,2.2
2021-04-05,26,4.7
2021-04-06,47,8.5
2021-04-07,39,7.1
2021-04-08,36,6.4
2021-04-09,51,9.1
2021-04-10,49,8.8
2021-04-11,58,13.0
2021-04-12,69,18.7
2021-04-13,61,14.2
2021-04-14,61,14.3
2021-04-15,55,11.2
2021-04-16,51,9.1
2021-04-17,51,9.1
2021-04-18,52,9.8
2021-04-19,54,10.9
2021-04-20,53,10.3
2021-04-21,62,15.2
2021-04-22,59,13.5
2021-04-23,55,11.5
2021-04-24,18,3.2
2021-04-25,21,3.7
2021-04-26,22,4.0
2021-04-27,29,5.2
2021-04-28,38,6.9
2021-04-29,32,5.8
2021-04-30,16,2.8
2021-05-01,31,5.5
2021-05-02,55,11.3
2021-05-03,59,13.6
2021-05-04,59,13.3
2021-05-05,37,6.7
2021-05-06,28,5.0
2021-05-07,56,11.9
2021-05-08,59,13.4
2021-05-09,60,14.0
2021-05-10,62,15.1
2021-05-11,45,8.1
2021-05-12,18,3.3
2021-05-13,20,3.6
2021-05-14,49,8.9
2021-05-15,36,6.5
2021-05-16,26,4.6
2021-05-17,15,2.7
2021-05-18,37,6.6
2021-05-19,39,7.1
2021-05-20,34,6.2
2021-05-21,48,8.6
2021-05-22,54,10.7
2021-05-23,27,4.8
2021-05-24,20,3.6
2021-05-25,24,4.4
2021-05-26,42,7.6
2021-05-27,25,4.5
2021-05-28,49,8.9
2021-05-29,54,10.7
2021-05-30,59,13.2
2021-05-31,62,14.9
2021-06-01,19,3.5
2021-06-02,6,1.1
2021-06-03,23,4.2
2021-06-04,38,6.9
2021-06-05,55,11.4
2021-06-06,59,13.4
2021-06-07,39,7.0
2021-06-08,14,2.6
2021-06-09,6,1.1
2021-06-10,9,1.6
2021-06-11,11,2.0
2021-06-12,0,-0.7
2021-06-13,0,-0.8
2021-06-14,6,1.0
2021-06-15,27,4.9
2021-06-16,54,10.7
2021-06-17,63,15.6
2021-06-18,69,18.5
2021-06-19,62,14.8
2021-06-20,24,4.3
2021-06-21,13,2.3
2021-06-22,0,-0.1
2021-06-23,0,-1.7
2021-06-24,0,0.0
2021-06-25,0,0.0
2021-06-26,4,0.7
2021-06-27,3,0.5
2021-06-28,11,2.0
2021-06-29,31,5.6
2021-06-30,19,3.5
2021-07-01,15,2.7
2021-07-02,4,0.8
2021-07-03,8,1.5
2021-07-04,18,3.3
2021-07-05,0,0.0
2021-07-06,9,1.6
2021-07-07,21,3.8
2021-07-08,54,10.7
2021-07-09,56,11.6
2021-07-10,43,7.7
2021-07-11,46,8.3
2021-07-12,29,5.3
2021-07-13,31,5.5
2021-07-14,22,4.0
2021-07-15,13,2.4
2021-07-16,31,5.6
2021-07-17,35,6.3
2021-07-18,37,6.7
2021-07-19,52,9.5
2021-07-20,32,5.8
2021-07-21,53,10.4
2021-07-22,55,11.3
2021-07-23,52,9.5
2021-07-24,21,3.7
2021-07-25,24,4.3
2021-07-26,9,1.7
2021-07-27,14,2.5
2021-07-28,3,0.6
2021-07-29,14,2.5
2021-07-30,8,1.5
2021-07-31,5,0.9
2021-08-01,12,2.1
2021-08-02,1,0.1
2021-08-03,10,1.8
2021-08-04,0,-1.0
2021-08-05,6,1.0
2021-08-06,29,5.3
2021-08-07,0,-1.0
2021-08-08,14,2.6
2021-08-09,44,8.0
2021-08-10,44,8.0
2021-08-11,34,6.2
2021-08-12,53,10.3
2021-08-13,23,4.1
2021-08-14,32,5.7
2021-08-15,26,4.7
2021-08-16,53,10.2
2021-08-17,52,9.9
2021-08-18,57,12.3
2021-08-19,55,11.3
2021-08-20,61,14.3
2021-08-21,64,16.1
2021-08-22,22,4.0
2021-08-23,44,8.0
2021-08-24,42,7.5
2021-08-25,51,9.2
2021-08-26,53,10.0
2021-08-27,61,14.5
2021-08-28,76,22.4
2021-08-29,46,8.2
2021-08-30,58,12.9
2021-08-31,55,11.4
2021-09-01,56,11.7
2021-09-02,70,19.5
2021-09-03,65,16.8
2021-09-04,66,17.0
2021-09-05,67,17.5
2021-09-06,39,7.0
2021-09-07,47,8.5
2021-09-08,42,7.5
2021-09-09,33,6.0
2021-09-10,19,3.4
2021-09-11,41,7.4
2021-09-12,49,8.9
2021-09-13,58,13.1
2021-09-14,52,9.5
2021-09-15,56,11.8
2021-09-16,47,8.5
2021-09-17,52,9.9
2021-09-18,25,4.5
2021-09-19,19,3.4
2021-09-20,38,6.9
2021-09-21,47,8.5
2021-09-22,27,4.9
2021-09-23,48,8.7
2021-09-24,19,3.5
2021-09-25,29,5.3
2021-09-26,27,4.9
2021-09-27,0,-0.3
2021-09-28,28,5.0
2021-09-29,47,8.5
2021-09-30,48,8.7
2021-10-01,52,9.8
2021-10-02,56,11.9
2021-10-03,55,11.1
2021-10-04,48,8.7
2021-10-05,22,4.0
2021-10-06,23,4.1
2021-10-07,42,7.6
2021-10-08,22,4.0
2021-10-09,17,3.1
2021-10-10,40,7.2
2021-10-11,29,5.3
2021-10-12,15,2.7
2021-10-13,32,5.7
2021-10-14,42,7.5
2021-10-15,52,9.5
2021-10-16,54,10.5
2021-10-17,28,5.1
2021-10-18,8,1.5
2021-10-19,19,3.5
2021-10-20,11,2.0
2021-10-21,0,-0.2
2021-10-22,16,2.8
2021-10-23,16,2.8
2021-10-24,0,-0.6
2021-10-25,22,4.0
2021-10-26,35,6.3
2021-10-27,33,6.0
2021-10-28,49,8.9
2021-10-29,48,8.6
2021-10-30,6,1.0
2021-10-31,4,0.7
2021-11-01,14,2.5
2021-11-02,28,5.0
2021-11-03,36,6.5
2021-11-04,37,6.6
2021-11-05,35,6.3
2021-11-06,19,3.4
2021-11-07,19,3.4
2021-11-08,24,4.3
2021-11-09,20,3.6
2021-11-10,25,4.5
2021-11-11,52,9.4
2021-11-12,57,12.2
2021-11-13,65,16.5
2021-11-14,68,18.0
2021-11-15,71,19.7
2021-11-16,30,5.4
2021-11-17,46,8.2
2021-11-18,64,16.1
2021-11-19,50,9.0
2021-11-20,50,9.0
2021-11-21,41,7.4
2021-11-22,57,12.5
2021-11-23,56,11.9
2021-11-24,42,7.6
2021-11-25,61,14.6
2021-11-26,66,17.0
2021-11-27,57,12.5
2021-11-28,74,21.7
2021-11-29,67,17.6
2021-11-30,60,13.7
2021-12-01,72,20.4
2021-12-02,,30.9
2021-12-06,86,27.7
2021-12-07,61,14.3
2021-12-08,12,2.2
2021-12-09,31,5.6
2021-12-10,32,5.7
2021-12-11,37,6.7
2021-12-12,10,1.8
2021-12-13,4,0.7
2021-12-14,18,3.3
2021-12-15,9,1.6
2021-12-16,18,3.3
2021-12-17,35,6.3
2021-12-18,55,11.1
2021-12-20,,9.705882
2021-12-21,59,13.6
2021-12-22,44,8.0
2021-12-23,14,2.5
2021-12-24,26,4.6
2021-12-25,19,3.4
2021-12-26,19,3.5
2021-12-27,14,2.5
2021-12-28,13,2.3
2021-12-29,13,2.3
2021-12-30,13,2.4
2021-12-31,14,2.6
2022-01-01,24,4.3
2022-01-02,46,8.2
2022-01-03,13,2.4
2022-01-04,10,1.8
2022-01-05,16,2.9
2022-01-06,20,3.6
2022-01-07,1,0.2
2022-01-08,23,4.2
2022-01-09,50,9.0
2022-01-10,54,10.8
2022-01-11,54,10.7
2022-01-12,72,20.2
2022-01-13,79,23.9
2022-01-14,52,9.7
2022-01-15,53,10.3
2022-01-16,65,16.4
2022-01-17,58,12.6
2022-01-18,28,5.0
2022-01-19,50,9.0
2022-01-20,44,8.0
2022-01-21,39,7.1
2022-01-22,23,4.1
2022-01-23,60,13.7
2022-01-24,59,13.5
2022-01-25,57,12.1
2022-01-26,69,18.8
2022-01-27,62,15.1
2022-01-28,67,17.8
2022-01-29,61,14.7
2022-01-30,46,8.3
2022-01-31,52,9.4
2022-02-01,16,2.9
2022-02-02,16,2.9
2022-02-03,40,7.2
2022-02-04,67,17.7
2022-02-05,68,18.3
2022-02-06,53,10.1
2022-02-07,57,12.1
2022-02-08,60,14.1
2022-02-09,52,9.8
2022-02-10,46,8.2
2022-02-11,49,8.9
2022-02-12,66,17.3
2022-02-13,61,14.7
2022-02-14,28,5.1
2022-02-15,9,1.7
2022-02-16,20,3.6
2022-02-17,18,3.3
2022-02-18,48,8.7
2022-02-19,54,10.7
2022-02-20,28,5.0
2022-02-21,16,2.8
2022-02-22,13,2.3
2022-02-23,11,2.0
2022-02-24,27,4.8
2022-02-25,43,7.8
2022-02-26,52,9.9
2022-02-27,55,11.5
2022-02-28,43,7.8
2022-03-01,24,4.3
2022-03-02,24,4.4
2022-03-03,12,2.2
2022-03-04,34,6.1
2022-03-05,14,2.5
2022-03-06,39,7.0
2022-03-07,29,5.3
2022-03-08,45,8.1
2022-03-09,55,11.2
2022-03-10,34,6.1
2022-03-11,28,5.0
2022-03-12,27,4.8
2022-03-13,37,6.6
2022-03-14,41,7.4
2022-03-15,11,2.0
2022-03-16,51,9.3
2022-03-17,46,8.2
2022-03-18,31,5.5
2022-03-19,21,3.7
2022-03-20,42,7.5
2022-03-21,55,11.0
2022-03-22,48,8.6
2022-03-23,26,4.6
2022-03-24,26,4.7
2022-03-25,15,2.7
2022-03-26,12,2.2
2022-03-27,17,3.0
2022-03-28,22,3.9
2022-03-29,24,4.3
2022-03-30,36,6.4
2022-03-31,55,11.2
2022-04-01,61,14.7
2022-04-02,57,12.1
2022-04-03,59,13.2
2022-04-04,37,6.7
2022-04-05,52,9.7
2022-04-06,54,10.9
2022-04-07,56,11.8
2022-04-08,61,14.7
2022-04-09,61,14.6
2022-04-10,47,8.5
2022-04-11,33,5.9
2022-04-12,33,5.9
2022-04-13,25,4.5
2022-04-14,18,3.2
2022-04-15,17,3.1
2022-04-16,18,3.3
2022-04-17,18,3.2
2022-04-18,18,3.2
2022-04-19,13,2.4
2022-04-20,16,2.8
2022-04-21,34,6.2
2022-04-22,23,4.2
2022-04-23,37,6.6
2022-04-24,36,6.4
2022-04-25,54,10.7
2022-04-26,56,11.7
2022-04-27,42,7.6
2022-04-28,33,5.9
2022-04-29,44,7.9
2022-04-30,38,6.8
2022-05-01,44,8.0
2022-05-02,49,8.9
2022-05-03,46,8.3
2022-05-04,53,10.0
2022-05-05,42,7.6
2022-05-06,12,2.2
2022-05-07,31,5.6
2022-05-08,37,6.6
2022-05-09,28,5.0
2022-05-10,12,2.1
2022-05-11,22,3.9
2022-05-12,20,3.6
2022-05-13,19,3.5
2022-05-14,19,3.5
2022-05-15,18,3.3
2022-05-16,24,4.3
2022-05-17,52,9.4
2022-05-18,55,11.5
2022-05-19,59,13.2
2022-05-20,52,9.9
2022-05-21,66,17.3
2022-05-22,61,14.3
2022-05-23,61,14.2
2022-05-24,58,12.9
2022-05-25,51,9.3
2022-05-26,11,2.0
2022-05-27,21,3.8
2022-05-28,6,1.0
2022-05-29,32,5.7
2022-05-30,47,8.5
2022-05-31,51,9.2
2022-06-01,39,7.0
2022-06-02,20,3.6
2022-06-03,0,-0.4
2022-06-04,7,1.2
2022-06-05,0,-1.4
2022-06-06,23,4.1
2022-06-07,30,5.4
2022-06-08,16,2.9
2022-06-09,52,9.7
2022-06-10,34,6.1
2022-06-11,6,1.1
2022-06-12,4,0.7
2022-06-13,38,6.8
2022-06-14,57,12.2
2022-06-15,55,11.4
2022-06-16,21,3.7
2022-06-17,14,2.6
2022-06-18,23,4.2
2022-06-19,43,7.8
2022-06-20,52,9.5
2022-06-21,55,11.1
2022-06-22,56,12.0
2022-06-23,22,4.0
2022-06-24,39,7.1
2022-06-25,52,9.6
2022-06-26,17,3.0
2022-06-27,28,5.1
2022-06-28,34,6.2
2022-06-29,33,6.0
2022-06-30,27,4.8
2022-07-01,22,3.9
2022-07-02,15,2.7
2022-07-03,12,2.1
2022-07-04,43,7.8
2022-07-05,7,1.3
2022-07-06,8,1.4
2022-07-07,2,0.3
2022-07-08,9,1.7
2022-07-09,14,2.6
2022-07-10,28,5.0
2022-07-11,28,5.0
2022-07-12,1,0.2
2022-07-13,8,1.4
2022-07-14,49,8.9
2022-07-15,33,6.0
2022-07-16,25,4.5
2022-07-17,54,10.9
2022-07-18,53,10.0
2022-07-19,16,2.9
2022-07-20,2,0.3
2022-07-21,12,2.1
2022-07-22,34,6.2
2022-07-23,10,1.8
2022-07-24,19,3.4
2022-07-25,0,-0.2
2022-07-26,3,0.5
2022-07-27,0,-0.9
2022-07-28,1,0.1
2022-07-29,0,0.0
2022-07-30,0,-0.6
2022-07-31,0,0.0
2022-08-01,17,3.0
2022-08-02,15,2.7
2022-08-03,14,2.5
2022-08-04,36,6.5
2022-08-05,14,2.5
2022-08-06,,-2.285714
2022-08-08,,1.727273
2022-08-09,16,2.8
2022-08-10,9,1.6
2022-08-11,12,2.1
2022-08-12,23,4.1
2022-08-13,29,5.3
2022-08-14,52,9.4
2022-08-15,54,10.7
2022-08-16,47,8.4
2022-08-17,11,1.9
2022-08-18,6,1.1
2022-08-19,17,3.0
2022-08-20,33,6.0
2022-08-21,7,1.3
2022-08-22,3,0.6
2022-08-23,,-1.142857
2022-08-24,4,0.8
2022-08-25,3,0.5
2022-08-26,0,-0.6
2022-08-27,18,3.2
2022-08-28,55,11.2
2022-08-29,52,9.8
2022-08-30,55,11.1
2022-08-31,37,6.7
2022-09-01,35,6.3
2022-09-02,49,8.8
2022-09-03,36,6.5
2022-09-04,52,9.4
2022-09-05,58,13.1
2022-09-06,64,16.0
2022-09-07,60,14.1
2022-09-08,69,18.5
2022-09-09,69,18.6
2022-09-10,56,12.0
2022-09-11,57,12.1
2022-09-12,60,14.0
2022-09-13,21,3.8
2022-09-14,29,5.3
2022-09-15,36,6.5
2022-09-16,34,6.1
2022-09-17,12,2.2
2022-09-18,9,1.6
2022-09-19,13,2.4
2022-09-20,14,2.5
2022-09-21,12,2.2
2022-09-22,29,5.2
2022-09-23,39,7.0
2022-09-24,42,7.6
2022-09-25,30,5.4
2022-09-26,24,4.4
2022-09-27,25,4.5
2022-09-28,1,0.1
2022-09-29,33,6.0
2022-09-30,47,8.4
2022-10-01,11,2.0
2022-10-02,19,3.4
2022-10-03,25,4.5
2022-10-04,26,4.6
2022-10-05,22,3.9
2022-10-06,14,2.5
2022-10-07,6,1.1
2022-10-08,1,0.1
2022-10-09,4,0.7
2022-10-10,9,1.6
2022-10-11,56,11.6
2022-10-12,42,7.5
2022-10-13,13,2.4
2022-10-14,20,3.6
2022-10-15,43,7.7
2022-10-16,52,9.8
2022-10-17,51,9.2
2022-10-18,57,12.3
2022-10-19,54,10.6
2022-10-20,53,10.0
2022-10-21,57,12.2
2022-10-22,17,3.1
2022-10-23,21,3.7
2022-10-24,13,2.3
2022-10-25,14,2.6
2022-10-26,41,7.3
2022-10-27,42,7.5
2022-10-28,31,5.5
2022-10-29,31,5.6
2022-10-30,43,7.8
2022-10-31,55,11.0
2022-11-01,12,2.2
2022-11-02,9,1.6
2022-11-03,19,3.4
2022-11-04,15,2.7
2022-11-05,0,-0.4
2022-11-06,17,3.0
2022-11-07,9,1.6
2022-11-08,1,0.1
2022-11-09,21,3.7
2022-11-10,22,4.0
2022-11-11,40,7.2
2022-11-12,27,4.8
2022-11-13,7,1.2
2022-11-14,36,6.5
2022-11-15,35,6.3
2022-11-16,43,7.7
2022-11-17,52,9.4
2022-11-18,55,11.1
2022-11-19,33,6.0
2022-11-20,56,11.6
2022-11-21,48,8.7
2022-11-22,52,9.6
2022-11-23,53,10.3
2022-11-24,62,14.8
2022-11-25,76,22.7
2022-11-26,55,11.2
2022-11-27,58,12.8
2022-11-28,22,3.9
2022-11-29,12,2.2
2022-11-30,14,2.5
2022-12-01,8,1.5
2022-12-02,21,3.7
2022-12-03,37,6.7
2022-12-04,13,2.3
2022-12-05,15,2.7
2022-12-06,14,2.5
2022-12-07,34,6.2
2022-12-08,19,3.5
2022-12-09,26,4.6
2022-12-10,6,1.0
2022-12-11,7,1.3
2022-12-12,19,3.5
2022-12-13,31,5.6
2022-12-14,42,7.6
2022-12-15,47,8.4
2022-12-16,55,11.1
2022-12-17,58,12.8
2022-12-18,71,19.6
2022-12-19,77,23.3
2022-12-20,75,22.2
2022-12-21,69,18.6
2022-12-22,88,29.0
2022-12-23,88,29.0
2022-12-24,66,17.4
2022-12-25,63,15.8
2022-12-26,69,18.6
2022-12-27,34,6.2
2022-12-28,51,9.1
2022-12-29,13,2.3
2022-12-30,0,-1.2
2022-12-31,0,-0.7
2023-01-01,17,3.0
2023-01-02,16,2.8
2023-01-03,14,2.6
2023-01-04,11,2.0
2023-01-05,46,8.2
2023-01-06,50,9.0
2023-01-07,18,3.2
2023-01-08,40,7.2
2023-01-09,51,9.2
2023-01-10,37,6.7
2023-01-11,15,2.7
2023-01-12,31,5.6
2023-01-13,16,2.9
2023-01-14,23,4.2
2023-01-15,13,2.3
2023-01-16,17,3.0
2023-01-17,29,5.3
2023-01-18,27,4.9
2023-01-19,17,3.0
2023-01-20,25,4.5
2023-01-21,39,7.0
2023-01-22,29,5.2
2023-01-23,27,4.8
2023-01-24,37,6.7
2023-01-25,55,11.0
2023-01-26,25,4.5
2023-01-27,40,7.2
2023-01-28,42,7.5
2023-01-29,19,3.5
2023-01-30,26,4.7
2023-01-31,33,6.0
2023-02-01,60,14.1
2023-02-02,65,16.7
2023-02-03,31,5.5
2023-02-04,49,8.8
2023-02-05,22,3.9
2023-02-06,26,4.6
2023-02-07,52,9.5
2023-02-08,55,11.0
2023-02-09,56,11.7
2023-02-10,28,5.0
2023-02-11,28,5.0
2023-02-12,48,8.7
2023-02-13,57,12.2
2023-02-14,19,3.5
2023-02-15,19,3.4
2023-02-16,43,7.7
2023-02-17,52,9.9
2023-02-18,55,11.4
2023-02-19,53,10.2
2023-02-20,54,10.7
2023-02-21,43,7.7
2023-02-22,24,4.3
2023-02-23,9,1.7
2023-02-24,11,2.0
2023-02-25,9,1.6
2023-02-26,18,3.2
2023-02-27,23,4.2
2023-02-28,19,3.4
2023-03-01,18,3.2
2023-03-02,24,4.3
2023-03-03,27,4.8
2023-03-04,27,4.9
2023-03-05,17,3.1
2023-03-06,11,1.9
2023-03-07,8,1.5
2023-03-08,12,2.2
2023-03-09,21,3.7
2023-03-10,19,3.4
2023-03-11,27,4.9
2023-03-12,3,0.5
2023-03-13,8,1.4
2023-03-14,13,2.3
2023-03-15,27,4.8
2023-03-16,,5.5
2023-03-20,,5.125
2023-03-21,20,3.6
2023-03-22,18,3.3
2023-03-23,28,5.1
2023-03-24,33,5.9
2023-03-25,31,5.5
2023-03-26,24,4.4
2023-03-27,23,4.1
2023-03-28,23,4.2
2023-03-29,22,3.9
2023-03-30,26,4.7
2023-03-31,42,7.5
2023-04-01,25,4.5
2023-04-02,22,4.0
2023-04-03,23,4.1
2023-04-04,12,2.2
2023-04-05,27,4.8
2023-04-06,24,4.4
2023-04-07,18,3.3
2023-04-08,18,3.2
2023-04-09,31,5.6
2023-04-10,17,3.0
2023-04-11,21,3.7
2023-04-12,35,6.3
2023-04-13,36,6.4
2023-04-14,24,4.3
2023-04-15,17,3.0
2023-04-16,19,3.4
2023-04-17,28,5.1
2023-04-18,29,5.2
2023-04-19,31,5.5
2023-04-20,49,8.9
2023-04-21,48,8.7
2023-04-22,28,5.1
2023-04-23,24,4.3
2023-04-24,52,9.7
2023-04-25,51,9.3
2023-04-26,41,7.3
2023-04-27,34,6.2
2023-04-28,17,3.1
2023-04-29,12,2.2
2023-04-30,39,7.0
2023-05-01,24,4.3
2023-05-02,11,1.9
2023-05-03,9,1.6
2023-05-04,22,4.0
2023-05-05,19,3.4
2023-05-06,15,2.7
2023-05-07,27,4.8
2023-05-08,29,5.2
2023-05-09,18,3.2
2023-05-10,18,3.3
2023-05-11,24,4.4
2023-05-12,40,7.2
2023-05-13,37,6.7
2023-05-14,18,3.2
2023-05-15,8,1.5
2023-05-16,16,2.9
2023-05-17,16,2.9
2023-05-18,30,5.4
2023-05-19,24,4.3
2023-05-20,10,1.8
2023-05-21,27,4.8
2023-05-22,62,15.2
2023-05-23,64,15.9
2023-05-24,52,9.7
2023-05-25,23,4.2
2023-05-26,1,0.1
2023-05-27,7,1.2
2023-05-28,43,7.7
2023-05-29,4,0.7
2023-05-30,6,1.0
2023-05-31,51,9.1
2023-06-01,54,10.5
2023-06-02,51,9.1
2023-06-03,55,11.0
2023-06-04,55,11.1
2023-06-05,19,3.5
2023-06-06,20,3.6
2023-06-07,14,2.5
2023-06-08,6,1.0
2023-06-09,6,1.1
2023-06-10,18,3.2
2023-06-11,14,2.6
2023-06-12,4,0.7
2023-06-13,10,1.8
2023-06-14,23,4.1
2023-06-15,42,7.5
2023-06-16,28,5.1
2023-06-17,31,5.5
2023-06-18,34,6.2
2023-06-19,26,4.6
2023-06-20,30,5.4
2023-06-21,36,6.5
2023-06-22,31,5.6
2023-06-23,18,3.3
2023-06-24,31,5.6
2023-06-25,7,1.3
2023-06-26,18,3.3
2023-06-27,18,3.3
2023-06-28,15,2.7
2023-06-29,14,2.5
2023-06-30,20,3.6
2023-07-01,36,6.5
2023-07-02,43,7.7
2023-07-03,36,6.5
2023-07-04,36,6.5
2023-07-05,23,4.2
2023-07-06,8,1.4
2023-07-07,25,4.5
2023-07-08,22,4.0
2023-07-09,,1.384615
2023-07-11,,5.071429
2023-07-12,7,1.2
2023-07-13,13,2.3
2023-07-14,17,3.0
2023-07-15,26,4.7
2023-07-16,41,7.4
2023-07-17,54,10.7
2023-07-18,52,9.4
2023-07-19,29,5.2
2023-07-20,45,8.1
2023-07-21,44,8.0
2023-07-22,53,10.0
2023-07-23,44,8.0
2023-07-24,16,2.8
2023-07-25,14,2.6
2023-07-26,52,9.6
2023-07-27,52,9.5
2023-07-28,34,6.2
2023-07-29,28,5.0
2023-07-30,40,7.2
2023-07-31,53,10.1
2023-08-01,27,4.8
2023-08-02,21,3.7
2023-08-03,12,2.2
2023-08-04,18,3.2
2023-08-05,30,5.4
2023-08-06,50,9.0
2023-08-07,,14.153846
2023-09-05,,9.647059
2023-09-06,36,6.5
2023-09-07,26,4.6
2023-09-08,33,6.0
2023-09-09,36,6.4
2023-09-10,38,6.9
2023-09-11,33,6.0
2023-09-12,44,8.0
2023-09-13,35,6.3
2023-09-14,24,4.3
2023-09-15,42,7.5
2023-09-16,46,8.3
2023-09-17,32,5.8
2023-09-18,34,6.1
2023-09-19,98,34.3
2023-09-20,117,42.1
2023-09-21,90,29.9
2023-09-22,94,32.4
2023-09-23,76,22.7
2023-09-24,26,4.7
2023-09-25,17,3.0
2023-09-26,30,5.4
2023-09-27,34,6.2
2023-09-28,54,10.5
2023-09-29,25,4.5
2023-09-30,47,8.5
2023-10-01,53,10.1
2023-10-02,51,9.1
2023-10-03,51,9.2
2023-10-04,52,9.5
2023-10-05,44,7.9
2023-10-06,51,9.2
2023-10-07,46,8.2
2023-10-08,18,3.2
2023-10-09,24,4.4
2023-10-10,28,5.0
2023-10-11,48,8.6
2023-10-12,38,6.8
2023-10-13,39,7.0
2023-10-14,35,6.3
2023-10-15,43,7.8
2023-10-16,20,3.6
2023-10-17,18,3.3
2023-10-18,54,10.5
2023-10-19,55,11.1
2023-10-20,42,7.6
2023-10-21,27,4.8
2023-10-22,8,1.5
2023-10-23,38,6.8
2023-10-24,55,11.0
2023-10-25,29,5.3
2023-10-26,24,4.4
2023-10-27,33,6.0
2023-10-28,49,8.8
2023-10-29,28,5.0
2023-10-30,50,9.0
2023-10-31,58,13.1
2023-11-01,63,15.7
2023-11-02,64,16.1
2023-11-03,59,13.4
2023-11-04,26,4.7
2023-11-05,22,3.9
2023-11-06,26,4.6
2023-11-07,35,6.3
2023-11-08,34,6.2
2023-11-09,44,8.0
2023-11-10,51,9.2
2023-11-11,52,9.8
2023-11-12,51,9.3
2023-11-13,29,5.2
2023-11-14,29,5.3
2023-11-15,54,10.7
2023-11-16,52,9.5
2023-11-17,49,8.9
2023-11-18,16,2.9
2023-11-19,26,4.7
2023-11-20,18,3.2
2023-11-21,53,10.2
2023-11-22,56,11.6
2023-11-23,41,7.3
2023-11-24,17,3.0
2023-11-25,23,4.1
2023-11-26,31,5.6
2023-11-27,58,12.8
2023-11-28,56,11.8
2023-11-29,51,9.1
2023-11-30,30,5.4
2023-12-01,19,3.4
2023-12-02,20,3.6
2023-12-03,29,5.3
2023-12-04,43,7.7
2023-12-05,57,12.1
2023-12-06,38,6.9
2023-12-07,30,5.4
2023-12-08,18,3.2
2023-12-09,34,6.2
2023-12-10,53,10.0
2023-12-11,49,8.9
2023-12-12,41,7.3
2023-12-13,52,9.5
2023-12-14,74,21.3
2023-12-15,71,19.7
2023-12-16,66,17.0
2023-12-17,62,15.2
2023-12-18,26,4.7
2023-12-19,9,1.7
2023-12-20,14,2.6
2023-12-21,37,6.6
2023-12-22,49,8.8
2023-12-23,34,6.2
2023-12-24,52,9.8
2023-12-25,54,10.7
2023-12-26,61,14.5
2023-12-27,35,6.3
2023-12-28,36,6.4
2023-12-29,11,2.0
2023-12-30,22,3.9
2023-12-31,35,6.3
2024-01-01,57,12.2
2024-01-02,37,6.6
2024-01-03,26,4.6
2024-01-04,21,3.7
2024-01-05,46,8.2
2024-01-06,30,5.4
2024-01-07,19,3.5
2024-01-08,21,3.8
2024-01-09,27,4.9
2024-01-10,29,5.3
2024-01-11,21,3.8
2024-01-12,33,6.0
2024-01-13,19,3.5
2024-01-14,25,4.5
2024-01-15,21,3.7
2024-01-16,54,10.8
2024-01-17,24,4.4
2024-01-18,47,8.5
2024-01-19,55,11.4
2024-01-20,19,3.4
2024-01-21,11,2.0
2024-01-22,17,3.0
2024-01-23,14,2.6
2024-01-24,28,5.0
2024-01-25,55,11.5
2024-01-26,54,10.8
2024-01-27,40,7.2
2024-01-28,43,7.7
2024-01-29,56,11.8
2024-01-30,37,6.6
2024-01-31,19,3.4
2024-02-01,18,3.3
2024-02-02,30,5.4
2024-02-03,19,3.5
2024-02-04,18,3.2
2024-02-05,40,7.2
2024-02-06,31,5.6
2024-02-07,29,5.3
2024-02-08,27,4.8
2024-02-09,44,7.9
2024-02-10,22,3.9
2024-02-11,32,5.8
2024-02-12,54,10.8
2024-02-13,21,3.8
2024-02-14,18,3.2
2024-02-15,32,5.8
2024-02-16,48,8.7
2024-02-17,37,6.6
2024-02-18,18,3.3
2024-02-19,35,6.3
2024-02-20,36,6.5
2024-02-21,22,4.0
2024-02-22,33,5.9
2024-02-23,26,4.7
2024-02-24,37,6.6
2024-02-25,29,5.3
2024-02-26,20,3.6
2024-02-27,26,4.6
2024-02-28,36,6.5
2024-02-29,17,3.0
2024-03-01,24,4.4
2024-03-02,22,3.9
2024-03-03,22,4.0
2024-03-04,21,3.7
2024-03-05,14,2.5
2024-03-06,21,3.8
2024-03-07,27,4.8
2024-03-08,38,6.9
2024-03-09,13,2.3
2024-03-10,18,3.3
2024-03-11,28,5.1
2024-03-12,36,6.5
2024-03-13,28,5.0
2024-03-14,,1.928571
2024-03-18,,7.214286
2024-03-19,40,7.2
2024-03-20,34,6.1
2024-03-21,19,3.4
2024-03-22,19,3.5
2024-03-23,29,5.3
2024-03-24,26,4.7
2024-03-25,25,4.5
2024-03-26,18,3.3
2024-03-27,19,3.4
2024-03-28,31,5.6
2024-03-29,22,4.0
2024-03-30,18,3.3
2024-03-31,52,9.5
2024-04-01,53,10.0
2024-04-02,52,9.8
2024-04-03,21,3.8
2024-04-04,10,1.8
2024-04-05,19,3.4
2024-04-06,19,3.5
2024-04-07,12,2.2
2024-04-08,35,6.3
2024-04-09,50,9.0
2024-04-10,44,8.0
2024-04-11,51,9.3
2024-04-12,14,2.6
2024-04-13,7,1.2
2024-04-14,6,1.1
2024-04-15,18,3.2
2024-04-16,38,6.9
2024-04-17,51,9.3
2024-04-18,55,11.5
2024-04-19,35,6.3
2024-04-20,23,4.2
2024-04-21,40,7.2
2024-04-22,54,10.8
2024-04-23,25,4.5
2024-04-24,28,5.1
2024-04-25,14,2.6
2024-04-26,11,1.9
2024-04-27,18,3.2
2024-04-28,16,2.9
2024-04-29,37,6.6
2024-04-30,37,6.7
2024-05-01,45,8.1
2024-05-02,28,5.1
2024-05-03,17,3.0
2024-05-04,4,0.8
2024-05-05,15,2.7
2024-05-06,11,2.0
2024-05-07,,6.823529
2024-05-08,24,4.4
2024-05-09,26,4.7
2024-05-10,51,9.2
2024-05-11,31,5.6
2024-05-12,22,3.9
2024-05-13,16,2.9
2024-05-14,13,2.4
2024-05-15,22,3.9
2024-05-16,13,2.4
2024-05-17,3,0.5
2024-05-18,23,4.1
2024-05-19,52,9.6
2024-05-20,55,11.0
2024-05-21,59,13.2
2024-05-22,46,8.2
2024-05-23,53,10.2
2024-05-24,31,5.5
2024-05-25,22,4.0
2024-05-26,37,6.6
2024-05-27,24,4.3
2024-05-28,39,7.1
2024-05-29,52,9.6
2024-05-30,56,11.6
2024-05-31,63,15.3
2024-06-01,48,8.6
2024-06-02,11,2.0
2024-06-03,12,2.2
2024-06-04,52,9.5
2024-06-05,59,13.4
2024-06-06,65,16.5
2024-06-07,59,13.2
2024-06-08,44,8.0
2024-06-09,47,8.5
2024-06-10,29,5.3
2024-06-11,56,11.6
2024-06-12,62,15.1
2024-06-13,55,11.5
2024-06-14,56,11.6
2024-06-15,52,9.4
2024-06-16,51,9.3
2024-06-17,37,6.7
2024-06-18,53,10.3
2024-06-19,29,5.2
2024-06-20,21,3.8
2024-06-21,32,5.7
2024-06-22,48,8.7
2024-06-23,44,7.9
2024-06-24,48,8.7
2024-06-25,40,7.2
2024-06-26,14,2.5
2024-06-27,33,5.9
2024-06-28,42,7.5
2024-06-29,38,6.9
2024-06-30,34,6.2
2024-07-01,46,8.2
2024-07-02,61,14.3
2024-07-03,59,13.3
2024-07-04,42,7.5
2024-07-05,37,6.6
2024-07-06,34,6.1
2024-07-07,17,3.0
2024-07-08,14,2.6
2024-07-09,16,2.8
2024-07-10,24,4.3
2024-07-11,53,10.1
2024-07-12,55,11.2
2024-07-13,22,4.0
2024-07-14,12,2.2
2024-07-15,17,3.0
2024-07-16,13,2.3
2024-07-17,9,1.7
2024-07-18,16,2.9
2024-07-19,28,5.0
2024-07-20,44,7.9
2024-07-21,27,4.8
2024-07-22,36,6.4
2024-07-23,35,6.3
2024-07-24,56,12.0
2024-07-25,43,7.8
2024-07-26,45,8.1
2024-07-27,16,2.9
2024-07-30,,0.636364
2024-07-31,0,-0.5
2024-08-01,0,-0.7
2024-08-02,5,0.9
2024-08-03,9,1.7
2024-08-04,13,2.3
2024-08-05,36,6.5
2024-08-08,,0.428571
2024-08-09,22,4.0
2024-08-10,38,6.8
2024-08-11,9,1.7
2024-08-12,,3.222222
2024-08-14,,3.2
2024-08-15,13,2.3
2024-08-16,42,7.6
2024-08-17,,6.5
2024-08-19,,8.142857
2024-08-20,49,8.9
2024-08-21,51,9.3
2024-08-22,44,8.0
2024-08-23,49,8.8
2024-08-24,49,8.9
2024-08-25,53,10.1
2024-08-26,54,10.8
2024-08-27,53,10.0
2024-08-28,55,11.3
2024-08-29,57,12.3
2024-08-30,58,12.6
2024-08-31,55,11.2
2024-09-01,49,8.8
2024-09-02,47,8.5
2024-09-03,53,10.2
2024-09-04,39,7.0
2024-09-05,37,6.6
2024-09-06,39,7.1
2024-09-07,34,6.2
2024-09-08,38,6.9
2024-09-09,48,8.6
2024-09-10,,10.0
2024-09-11,,5.375
2024-09-12,52,9.4
2024-09-13,60,14.0
2024-09-14,53,10.0
2024-09-15,53,10.3
2024-09-16,61,14.3
2024-09-17,54,10.6
2024-09-18,35,6.3
2024-09-19,31,5.5
2024-09-20,39,7.1
2024-09-21,53,10.0
2024-09-22,51,9.3
2024-09-23,54,10.7
2024-09-24,55,11.0
2024-09-25,51,9.1
2024-09-26,41,7.3
2024-09-27,58,12.9
2024-09-28,48,8.7
2024-09-29,61,14.7
2024-09-30,66,17.0
2024-10-01,62,14.8
2024-10-02,71,19.6
2024-10-03,82,25.5
2024-10-04,73,21.0
2024-10-05,61,14.6
2024-10-06,58,12.8
2024-10-07,58,12.7
2024-10-08,43,7.8
2024-10-09,8,1.5
2024-10-10,44,7.9
2024-10-11,18,3.3
2024-10-12,7,1.3
2024-10-13,9,1.7
2024-10-14,9,1.6
2024-10-15,14,2.6
2024-10-16,3,0.5
2024-10-17,25,4.5
2024-10-18,21,3.7
2024-10-19,43,7.7
2024-10-20,42,7.5
2024-10-21,14,2.6
2024-10-22,22,3.9
2024-10-23,47,8.4
2024-10-24,33,6.0
2024-10-25,,7.4375
2024-10-26,,7.0
2024-10-29,,4.571429
2024-10-30,19,3.4
2024-10-31,14,2.6
2024-11-01,31,5.6
2024-11-02,19,3.5
2024-11-03,14,2.6
2024-11-04,31,5.6
2024-11-05,31,5.6
2024-11-06,7,1.2
2024-11-07,27,4.8
2024-11-08,44,8.0
2024-11-09,53,10.4
2024-11-10,47,8.5
2024-11-11,12,2.2
2024-11-12,21,3.8
2024-11-13,22,4.0
2024-11-14,17,3.0
2024-11-15,19,3.5
2024-11-16,18,3.3
2024-11-17,24,4.4
2024-11-18,19,3.5
2024-11-19,23,4.1
2024-11-20,3,0.6
2024-11-21,,0.0
2024-11-23,11,1.9
2024-11-24,9,1.6
2024-11-25,8,1.5
2024-11-26,16,2.9
2024-11-27,17,3.0
2024-11-28,,7.0
2024-12-02,,8.769231
2024-12-03,54,10.7
2024-12-04,62,15.2
2024-12-05,56,11.8
2024-12-06,60,13.7
2024-12-07,94,32.2
2024-12-08,78,23.5
2024-12-09,36,6.5
2024-12-10,65,16.4
2024-12-11,73,20.8
2024-12-12,40,7.2
2024-12-13,21,3.7
2024-12-14,32,5.7
2024-12-15,43,7.8
2024-12-16,44,7.9
2024-12-17,47,8.4
2024-12-18,39,7.1
2024-12-19,63,15.6
2024-12-20,69,18.8
2024-12-21,46,8.3
2024-12-22,26,4.7
2024-12-23,34,6.1
2024-12-24,12,2.2
2024-12-25,29,5.2
2024-12-26,19,3.4
2024-12-27,51,9.1
2024-12-28,23,4.2
2024-12-29,11,2.0
2024-12-30,18,3.3
2024-12-31,20,3.6
