date,aqi,daily_max
1998-04-01,31,0.034
1998-04-02,19,0.021
1998-04-03,26,0.028
1998-04-04,41,0.044
1998-04-05,17,0.018
1998-04-06,33,0.036
1998-04-07,35,0.038
1998-04-08,29,0.031
1998-04-09,28,0.03
1998-04-10,31,0.034
1998-04-11,42,0.045
1998-04-12,47,0.051
1998-04-13,46,0.05
1998-04-14,18,0.019
1998-04-15,30,0.032
1998-04-16,35,0.038
1998-04-17,31,0.033
1998-04-18,36,0.039
1998-04-19,38,0.041
1998-04-20,40,0.043
1998-04-21,50,0.054
1998-04-22,46,0.05
1998-04-23,42,0.045
1998-04-24,40,0.043
1998-04-25,33,0.036
1998-04-26,34,0.037
1998-04-27,25,0.027
1998-04-28,33,0.036
1998-04-29,19,0.021
1998-04-30,12,0.013
1998-05-01,24,0.026
1998-05-02,17,0.018
1998-05-03,33,0.036
1998-05-04,20,0.022
1998-05-05,44,0.047
1998-05-06,77,0.063
1998-05-07,44,0.048
1998-05-08,45,0.049
1998-05-09,40,0.043
1998-05-10,39,0.042
1998-05-11,20,0.022
1998-05-12,31,0.034
1998-05-13,46,0.05
1998-05-14,151,0.086
1998-05-15,143,0.083
1998-05-16,45,0.049
1998-05-17,48,0.052
1998-05-18,48,0.052
1998-05-19,93,0.068
1998-05-20,50,0.054
1998-05-21,44,0.047
1998-05-22,31,0.034
1998-05-23,54,0.056
1998-05-24,43,0.046
1998-05-25,39,0.042
1998-05-26,46,0.05
1998-05-27,84,0.065
1998-05-28,47,0.051
1998-05-29,43,0.046
1998-05-30,50,0.054
1998-05-31,47,0.051
1998-06-01,28,0.03
1998-06-02,39,0.042
1998-06-03,14,0.015
1998-06-04,28,0.03
1998-06-05,10,0.011
1998-06-06,18,0.019
1998-06-07,24,0.026
1998-06-08,31,0.034
1998-06-09,18,0.019
1998-06-10,19,0.02
1998-06-11,17,0.018
1998-06-12,44,0.048
1998-06-13,41,0.044
1998-06-14,42,0.045
1998-06-15,37,0.04
1998-06-16,37,0.04
1998-06-17,29,0.031
1998-06-18,61,0.058
1998-06-19,47,0.051
1998-06-20,51,0.055
1998-06-21,51,0.055
1998-06-22,100,0.07
1998-06-23,108,0.073
1998-06-24,84,0.065
1998-06-25,74,0.062
1998-06-26,67,0.06
1998-06-27,49,0.053
1998-06-28,64,0.059
1998-06-29,44,0.047
1998-06-30,29,0.031
1998-07-01,38,0.041
1998-07-02,49,0.053
1998-07-03,71,0.061
1998-07-04,45,0.049
1998-07-05,31,0.033
1998-07-06,58,0.057
1998-07-07,31,0.033
1998-07-08,43,0.046
1998-07-09,54,0.056
1998-07-10,33,0.036
1998-07-11,42,0.045
1998-07-12,77,0.063
1998-07-13,58,0.057
1998-07-14,129,0.079
1998-07-15,77,0.063
1998-07-16,51,0.055
1998-07-17,33,0.036
1998-07-18,93,0.068
1998-07-19,48,0.052
1998-07-20,41,0.044
1998-07-21,50,0.054
1998-07-22,42,0.045
1998-07-23,36,0.039
1998-07-24,31,0.033
1998-07-25,40,0.043
1998-07-26,58,0.057
1998-07-27,47,0.051
1998-07-28,41,0.044
1998-07-29,31,0.034
1998-07-30,35,0.038
1998-07-31,38,0.041
1998-08-01,39,0.042
1998-08-02,101,0.071
1998-08-03,101,0.071
1998-08-04,31,0.034
1998-08-05,24,0.026
1998-08-06,35,0.038
1998-08-07,42,0.045
1998-08-08,90,0.067
1998-08-09,49,0.053
1998-08-10,42,0.045
1998-08-11,44,0.048
1998-08-12,31,0.034
1998-08-13,43,0.046
1998-08-14,90,0.067
1998-08-15,51,0.055
1998-08-16,54,0.056
1998-08-17,36,0.039
1998-08-18,25,0.027
1998-08-19,38,0.041
1998-08-20,44,0.047
1998-08-21,33,0.036
1998-08-22,37,0.04
1998-08-23,51,0.055
1998-08-24,31,0.034
1998-08-25,27,0.029
1998-08-26,38,0.041
1998-08-27,34,0.037
1998-08-28,31,0.033
1998-08-29,49,0.053
1998-08-30,44,0.048
1998-08-31,27,0.029
1998-09-01,23,0.025
1998-09-02,24,0.026
1998-09-03,44,0.048
1998-09-04,28,0.03
1998-09-05,54,0.056
1998-09-06,97,0.069
1998-09-07,21,0.023
1998-09-08,16,0.017
1998-09-09,21,0.023
1998-09-10,28,0.03
1998-09-11,39,0.042
1998-09-12,105,0.072
1998-09-13,126,0.078
1998-09-14,49,0.053
1998-09-15,21,0.023
1998-09-16,0,0.0
1998-09-17,39,0.042
1998-09-18,43,0.046
1998-09-19,122,0.077
1998-09-20,51,0.055
1998-09-21,32,0.035
1998-09-22,20,0.022
1998-09-23,27,0.029
1998-09-24,11,0.012
1998-09-25,32,0.035
1998-09-26,67,0.06
1998-09-27,44,0.047
1998-09-28,28,0.03
1998-09-29,36,0.039
1998-09-30,22,0.024
1998-10-01,19,0.02
1998-10-02,19,0.02
1998-10-03,16,0.017
1998-10-04,32,0.035
1998-10-05,31,0.033
1998-10-06,24,0.026
1998-10-07,3,0.003
1998-10-08,10,0.011
1998-10-09,16,0.017
1998-10-10,26,0.028
1998-10-11,27,0.029
1998-10-12,29,0.031
1998-10-13,15,0.016
1998-10-14,6,0.007
1998-10-15,11,0.012
1998-10-16,20,0.022
1998-10-17,45,0.049
1998-10-18,29,0.031
1998-10-19,14,0.015
1998-10-20,11,0.012
1998-10-21,6,0.006
1998-10-22,19,0.02
1998-10-23,15,0.016
1998-10-24,19,0.021
1998-10-25,22,0.024
1998-10-26,19,0.021
1998-10-27,6,0.006
1998-10-28,8,0.009
1998-10-29,25,0.027
1998-10-30,6,0.007
1998-10-31,9,0.01
1999-03-31,0,0.0
1999-04-01,0,0.0
1999-04-02,1,0.001
1999-04-03,1,0.001
1999-04-04,2,0.002
1999-04-05,2,0.002
1999-04-06,1,0.001
1999-04-07,1,0.001
1999-04-08,41,0.044
1999-04-09,20,0.022
1999-04-10,35,0.038
1999-04-11,18,0.019
1999-04-12,26,0.028
1999-04-13,27,0.029
1999-04-14,31,0.034
1999-04-15,27,0.029
1999-04-16,15,0.016
1999-04-17,21,0.023
1999-04-18,24,0.026
1999-04-19,23,0.025
1999-04-20,23,0.025
1999-04-21,17,0.018
1999-04-22,29,0.031
1999-04-23,18,0.019
1999-04-24,26,0.028
1999-04-25,32,0.035
1999-04-26,35,0.038
1999-04-27,29,0.031
1999-04-28,33,0.036
1999-04-29,37,0.04
1999-04-30,33,0.036
1999-05-01,37,0.04
1999-05-02,42,0.045
1999-05-03,41,0.044
1999-05-04,44,0.047
1999-05-05,35,0.038
1999-05-06,30,0.032
1999-05-07,34,0.037
1999-05-08,19,0.02
1999-05-09,31,0.034
1999-05-10,41,0.044
1999-05-11,37,0.04
1999-05-12,37,0.04
1999-05-13,30,0.032
1999-05-14,27,0.029
1999-05-15,42,0.045
1999-05-16,42,0.045
1999-05-17,40,0.043
1999-05-18,22,0.024
1999-05-19,30,0.032
1999-05-20,6,0.007
1999-05-24,20,0.022
1999-05-25,35,0.038
1999-05-26,32,0.035
1999-05-27,37,0.04
1999-05-28,43,0.046
1999-05-29,28,0.03
1999-05-30,34,0.037
1999-05-31,36,0.039
1999-06-01,16,0.017
1999-06-02,36,0.039
1999-06-03,32,0.035
1999-06-04,42,0.045
1999-06-05,35,0.038
1999-06-06,34,0.037
1999-06-07,28,0.03
1999-06-08,67,0.06
1999-06-09,54,0.056
1999-06-10,147,0.084
1999-06-11,169,0.093
1999-06-12,115,0.075
1999-06-13,61,0.058
1999-06-14,34,0.037
1999-06-15,30,0.032
1999-06-16,34,0.037
1999-06-17,34,0.037
1999-06-18,34,0.037
1999-06-19,71,0.061
1999-06-20,105,0.072
1999-06-21,93,0.068
1999-06-22,108,0.073
1999-06-23,122,0.077
1999-06-24,28,0.03
1999-06-25,54,0.056
1999-06-26,108,0.073
1999-06-27,31,0.033
1999-06-28,43,0.046
1999-06-29,34,0.037
1999-06-30,50,0.054
1999-07-01,31,0.034
1999-07-02,44,0.047
1999-07-03,37,0.04
1999-07-04,41,0.044
1999-07-05,45,0.049
1999-07-06,41,0.044
1999-07-07,36,0.039
1999-07-08,43,0.046
1999-07-09,48,0.052
1999-07-10,37,0.04
1999-07-11,45,0.049
1999-07-12,74,0.062
1999-07-13,51,0.055
1999-07-14,61,0.058
1999-07-15,47,0.051
1999-07-16,44,0.047
1999-07-17,47,0.051
1999-07-18,31,0.033
1999-07-19,39,0.042
1999-07-20,39,0.042
1999-07-21,47,0.051
1999-07-22,48,0.052
1999-07-23,46,0.05
1999-07-24,50,0.054
1999-07-25,41,0.044
1999-07-26,27,0.029
1999-07-27,58,0.057
1999-07-28,54,0.056
1999-07-29,44,0.047
1999-07-30,112,0.074
1999-07-31,64,0.059
1999-08-01,39,0.042
1999-08-02,24,0.026
1999-08-03,35,0.038
1999-08-04,33,0.036
1999-08-05,30,0.032
1999-08-06,39,0.042
1999-08-07,37,0.04
1999-08-08,31,0.034
1999-08-09,17,0.018
1999-08-10,5,0.005
1999-08-11,36,0.039
1999-08-12,34,0.037
1999-08-13,31,0.034
1999-08-14,19,0.021
1999-08-15,21,0.023
1999-08-16,44,0.048
1999-08-17,44,0.047
1999-08-18,22,0.024
1999-08-19,9,0.01
1999-08-20,31,0.034
1999-08-21,0,0.0
1999-08-25,34,0.037
1999-08-26,13,0.014
1999-08-27,41,0.044
1999-08-28,46,0.05
1999-08-29,33,0.036
1999-08-30,21,0.023
1999-08-31,34,0.037
1999-09-01,49,0.053
1999-09-02,80,0.064
1999-09-03,77,0.063
1999-09-04,143,0.083
1999-09-05,43,0.046
1999-09-06,35,0.038
1999-09-07,25,0.027
1999-09-08,37,0.04
1999-09-09,22,0.024
1999-09-10,19,0.021
1999-09-11,40,0.043
1999-09-12,64,0.059
1999-09-13,18,0.019
1999-09-14,14,0.015
1999-09-15,21,0.023
1999-09-16,19,0.02
1999-09-17,22,0.024
1999-09-18,43,0.046
1999-09-19,50,0.054
1999-09-20,14,0.015
1999-09-21,9,0.01
1999-09-22,20,0.022
1999-09-23,31,0.033
1999-09-24,21,0.023
1999-09-25,35,0.038
1999-09-26,97,0.069
1999-09-27,48,0.052
1999-09-28,31,0.033
1999-09-29,8,0.009
1999-09-30,17,0.018
1999-10-01,16,0.017
1999-10-02,13,0.014
1999-10-03,19,0.021
1999-10-04,10,0.011
1999-10-05,16,0.017
1999-10-06,20,0.022
1999-10-07,19,0.021
1999-10-08,7,0.008
1999-10-09,12,0.013
1999-10-10,14,0.015
1999-10-11,20,0.022
1999-10-12,18,0.019
1999-10-13,15,0.016
1999-10-14,12,0.013
1999-10-15,12,0.013
1999-10-16,42,0.045
1999-10-17,13,0.014
1999-10-18,8,0.009
1999-10-19,9,0.01
1999-10-20,9,0.01
1999-10-21,15,0.016
1999-10-22,12,0.013
1999-10-23,17,0.018
1999-10-24,17,0.018
1999-10-25,12,0.013
1999-10-26,14,0.015
1999-10-27,19,0.02
1999-10-28,19,0.021
1999-10-29,36,0.039
1999-10-30,54,0.056
1999-10-31,29,0.031
2000-03-31,3,0.003
2000-04-01,31,0.033
2000-04-02,29,0.031
2000-04-03,15,0.016
2000-04-04,22,0.024
2000-04-05,27,0.029
2000-04-06,26,0.028
2000-04-07,24,0.026
2000-04-08,29,0.031
2000-04-09,32,0.035
2000-04-10,27,0.029
2000-04-11,26,0.028
2000-04-12,31,0.034
2000-04-13,34,0.037
2000-04-14,33,0.036
2000-04-15,40,0.043
2000-04-16,25,0.027
2000-04-17,17,0.018
2000-04-18,14,0.015
2000-04-19,18,0.019
2000-04-20,15,0.016
2000-04-21,23,0.025
2000-04-22,34,0.037
2000-04-23,38,0.041
2000-04-24,34,0.037
2000-04-25,35,0.038
2000-04-26,35,0.038
2000-04-27,51,0.055
2000-04-28,45,0.049
2000-04-29,67,0.06
2000-04-30,43,0.046
2000-05-01,15,0.016
2000-05-02,32,0.035
2000-05-03,51,0.055
2000-05-04,35,0.038
2000-05-05,49,0.053
2000-05-06,58,0.057
2000-05-07,44,0.047
2000-05-08,39,0.042
2000-05-09,31,0.034
2000-05-10,28,0.03
2000-05-11,33,0.036
2000-05-12,38,0.041
2000-05-13,38,0.041
2000-05-14,37,0.04
2000-05-15,35,0.038
2000-05-16,27,0.029
2000-05-17,29,0.031
2000-05-18,31,0.033
2000-05-19,21,0.023
2000-05-20,36,0.039
2000-05-21,46,0.05
2000-05-22,42,0.045
2000-05-23,20,0.022
2000-05-24,49,0.053
2000-05-25,36,0.039
2000-05-26,47,0.051
2000-05-27,46,0.05
2000-05-28,32,0.035
2000-05-29,46,0.05
2000-05-30,45,0.049
2000-05-31,45,0.049
2000-06-01,93,0.068
2000-06-02,38,0.041
2000-06-03,35,0.038
2000-06-04,44,0.048
2000-06-05,22,0.024
2000-06-06,41,0.044
2000-06-07,41,0.044
2000-06-08,97,0.069
2000-06-09,112,0.074
2000-06-10,112,0.074
2000-06-11,32,0.035
2000-06-12,17,0.018
2000-06-13,37,0.04
2000-06-14,43,0.046
2000-06-15,27,0.029
2000-06-16,37,0.04
2000-06-17,47,0.051
2000-06-18,40,0.043
2000-06-19,44,0.048
2000-06-20,45,0.049
2000-06-21,34,0.037
2000-06-22,34,0.037
2000-06-23,48,0.052
2000-06-24,39,0.042
2000-06-25,45,0.049
2000-06-26,39,0.042
2000-06-27,31,0.034
2000-06-28,31,0.033
2000-06-29,30,0.032
2000-06-30,33,0.036
2000-07-01,50,0.054
2000-07-02,74,0.062
2000-07-03,38,0.041
2000-07-04,43,0.046
2000-07-05,97,0.069
2000-07-06,22,0.024
2000-07-07,31,0.034
2000-07-08,40,0.043
2000-07-09,50,0.054
2000-07-10,19,0.021
2000-07-11,37,0.04
2000-07-12,49,0.053
2000-07-13,90,0.067
2000-07-14,42,0.045
2000-07-15,35,0.038
2000-07-16,41,0.044
2000-07-17,42,0.045
2000-07-18,35,0.038
2000-07-19,30,0.032
2000-07-20,40,0.043
2000-07-21,31,0.033
2000-07-22,36,0.039
2000-07-23,35,0.038
2000-07-24,37,0.04
2000-07-25,93,0.068
2000-07-26,101,0.071
2000-07-27,105,0.072
2000-07-28,97,0.069
2000-07-29,44,0.048
2000-07-30,34,0.037
2000-07-31,41,0.044
2000-08-01,43,0.046
2000-08-02,33,0.036
2000-08-03,30,0.032
2000-08-04,44,0.048
2000-08-05,49,0.053
2000-08-06,37,0.04
2000-08-07,37,0.04
2000-08-08,31,0.033
2000-08-09,35,0.038
2000-08-10,39,0.042
2000-08-11,42,0.045
2000-08-12,43,0.046
2000-08-13,32,0.035
2000-08-14,47,0.051
2000-08-15,64,0.059
2000-08-16,31,0.034
2000-08-17,19,0.021
2000-08-18,19,0.021
2000-08-19,31,0.034
2000-08-20,32,0.035
2000-08-21,36,0.039
2000-08-22,41,0.044
2000-08-23,36,0.039
2000-08-24,31,0.033
2000-08-25,44,0.048
2000-08-26,74,0.062
2000-08-27,74,0.062
2000-08-28,84,0.065
2000-08-29,74,0.062
2000-08-30,84,0.065
2000-08-31,46,0.05
2000-09-01,48,0.052
2000-09-02,84,0.065
2000-09-03,54,0.056
2000-09-04,25,0.027
2000-09-05,30,0.032
2000-09-06,35,0.038
2000-09-07,44,0.047
2000-09-08,33,0.036
2000-09-09,29,0.031
2000-09-10,15,0.016
2000-09-11,29,0.031
2000-09-12,19,0.021
2000-09-13,23,0.025
2000-09-14,12,0.013
2000-09-15,15,0.016
2000-09-16,22,0.024
2000-09-17,43,0.046
2000-09-18,31,0.034
2000-09-19,48,0.052
2000-09-20,51,0.055
2000-09-21,19,0.021
2000-09-22,26,0.028
2000-09-23,23,0.025
2000-09-24,21,0.023
2000-09-25,21,0.023
2000-09-26,23,0.025
2000-09-27,29,0.031
2000-09-28,21,0.023
2000-09-29,23,0.025
2000-09-30,28,0.03
2000-10-01,44,0.048
2000-10-02,44,0.047
2000-10-03,26,0.028
2000-10-04,23,0.025
2000-10-05,26,0.028
2000-10-06,19,0.021
2000-10-07,19,0.02
2000-10-08,19,0.021
2000-10-09,19,0.02
2000-10-10,25,0.027
2000-10-11,24,0.026
2000-10-12,31,0.033
2000-10-13,34,0.037
2000-10-14,44,0.048
2000-10-15,18,0.019
2000-10-16,12,0.013
2000-10-17,26,0.028
2000-10-18,22,0.024
2000-10-19,22,0.024
2000-10-20,30,0.032
2000-10-21,34,0.037
2000-10-22,31,0.033
2000-10-23,9,0.01
2000-10-24,10,0.011
2000-10-25,13,0.014
2000-10-26,11,0.012
2000-10-27,25,0.027
2000-10-28,30,0.032
2000-10-29,23,0.025
2000-10-30,8,0.009
2000-10-31,7,0.008
2001-03-31,26,0.028
2001-04-01,29,0.031
2001-04-02,31,0.033
2001-04-03,35,0.038
2001-04-04,39,0.042
2001-04-05,36,0.039
2001-04-06,25,0.027
2001-04-07,29,0.031
2001-04-08,90,0.067
2001-04-09,20,0.022
2001-04-10,21,0.023
2001-04-11,17,0.018
2001-04-12,32,0.035
2001-04-13,32,0.035
2001-04-14,37,0.04
2001-04-15,33,0.036
2001-04-16,26,0.028
2001-04-17,31,0.033
2001-04-18,27,0.029
2001-04-19,34,0.037
2001-04-20,23,0.025
2001-04-21,36,0.039
2001-04-22,22,0.024
2001-04-23,38,0.041
2001-04-24,31,0.033
2001-04-25,38,0.041
2001-04-26,37,0.04
2001-04-27,41,0.044
2001-04-28,40,0.043
2001-04-29,49,0.053
2001-04-30,61,0.058
2001-05-01,64,0.059
2001-05-02,29,0.031
2001-05-03,87,0.066
2001-05-04,87,0.066
2001-05-05,48,0.052
2001-05-06,48,0.052
2001-05-07,37,0.04
2001-05-08,39,0.042
2001-05-09,45,0.049
2001-05-10,90,0.067
2001-05-11,42,0.045
2001-05-12,41,0.044
2001-05-13,47,0.051
2001-05-14,43,0.046
2001-05-15,27,0.029
2001-05-16,22,0.024
2001-05-17,25,0.027
2001-05-18,21,0.023
2001-05-19,50,0.054
2001-05-20,48,0.052
2001-05-21,35,0.038
2001-05-22,31,0.033
2001-05-23,29,0.031
2001-05-24,31,0.033
2001-05-25,33,0.036
2001-05-26,42,0.045
2001-05-27,39,0.042
2001-05-28,45,0.049
2001-05-29,30,0.032
2001-05-30,38,0.041
2001-05-31,45,0.049
2001-06-01,20,0.022
2001-06-02,38,0.041
2001-06-03,31,0.034
2001-06-04,29,0.031
2001-06-05,40,0.043
2001-06-06,21,0.023
2001-06-07,30,0.032
2001-06-08,47,0.051
2001-06-09,64,0.059
2001-06-10,61,0.058
2001-06-11,44,0.048
2001-06-12,51,0.055
2001-06-13,143,0.083
2001-06-14,151,0.086
2001-06-15,48,0.052
2001-06-16,51,0.055
2001-06-17,50,0.054
2001-06-18,67,0.06
2001-06-19,115,0.075
2001-06-20,36,0.039
2001-06-21,36,0.039
2001-06-22,45,0.049
2001-06-23,39,0.042
2001-06-24,97,0.069
2001-06-25,90,0.067
2001-06-26,143,0.083
2001-06-27,93,0.068
2001-06-28,129,0.079
2001-06-29,93,0.068
2001-06-30,105,0.072
2001-07-01,35,0.038
2001-07-02,38,0.041
2001-07-03,35,0.038
2001-07-04,46,0.05
2001-07-05,33,0.036
2001-07-06,33,0.036
2001-07-07,39,0.042
2001-07-08,119,0.076
2001-07-09,115,0.075
2001-07-10,49,0.053
2001-07-11,33,0.036
2001-07-12,34,0.037
2001-07-13,41,0.044
2001-07-14,45,0.049
2001-07-15,51,0.055
2001-07-16,100,0.07
2001-07-17,97,0.069
2001-07-18,133,0.08
2001-07-19,136,0.081
2001-07-20,151,0.086
2001-07-21,74,0.062
2001-07-22,100,0.07
2001-07-23,43,0.046
2001-07-24,67,0.06
2001-07-25,26,0.028
2001-07-26,37,0.04
2001-07-27,44,0.048
2001-07-28,115,0.075
2001-07-29,67,0.06
2001-07-30,93,0.068
2001-07-31,100,0.07
2001-08-01,151,0.086
2001-08-02,50,0.054
2001-08-03,41,0.044
2001-08-04,47,0.051
2001-08-05,58,0.057
2001-08-06,80,0.064
2001-08-07,84,0.065
2001-08-08,84,0.065
2001-08-09,45,0.049
2001-08-10,37,0.04
2001-08-11,40,0.043
2001-08-12,58,0.057
2001-08-13,51,0.055
2001-08-14,41,0.044
2001-08-15,74,0.062
2001-08-16,31,0.033
2001-08-17,27,0.029
2001-08-18,48,0.052
2001-08-19,41,0.044
2001-08-20,21,0.023
2001-08-21,32,0.035
2001-08-22,6,0.007
2001-08-23,40,0.043
2001-08-24,48,0.052
2001-08-25,64,0.059
2001-08-26,33,0.036
2001-08-27,42,0.045
2001-08-28,45,0.049
2001-08-29,39,0.042
2001-08-30,50,0.054
2001-08-31,29,0.031
2001-09-01,33,0.036
2001-09-02,54,0.056
2001-09-03,77,0.063
2001-09-04,41,0.044
2001-09-05,38,0.041
2001-09-06,84,0.065
2001-09-07,41,0.044
2001-09-08,40,0.043
2001-09-09,31,0.033
2001-09-10,24,0.026
2001-09-11,35,0.038
2001-09-12,39,0.042
2001-09-13,15,0.016
2001-09-14,26,0.028
2001-09-15,29,0.031
2001-09-16,44,0.048
2001-09-17,43,0.046
2001-09-18,54,0.056
2001-09-19,27,0.029
2001-09-20,28,0.03
2001-09-21,23,0.025
2001-09-22,29,0.031
2001-09-23,45,0.049
2001-09-24,13,0.014
2001-09-25,12,0.013
2001-09-26,14,0.015
2001-09-27,13,0.014
2001-09-28,16,0.017
2001-09-29,23,0.025
2001-09-30,31,0.033
2001-10-01,28,0.03
2001-10-02,33,0.036
2001-10-03,46,0.05
2001-10-04,21,0.023
2001-10-05,16,0.017
2001-10-06,25,0.027
2001-10-07,28,0.03
2001-10-08,27,0.029
2001-10-09,30,0.032
2001-10-10,25,0.027
2001-10-11,9,0.01
2001-10-12,21,0.023
2001-10-13,26,0.028
2001-10-14,22,0.024
2001-10-15,18,0.019
2001-10-16,16,0.017
2001-10-17,22,0.024
2001-10-18,16,0.017
2001-10-19,12,0.013
2001-10-20,31,0.033
2001-10-21,29,0.031
2001-10-22,20,0.022
2001-10-23,18,0.019
2001-10-24,21,0.023
2001-10-25,22,0.024
2001-10-26,18,0.019
2001-10-27,19,0.021
2001-10-28,26,0.028
2001-10-29,14,0.015
2001-10-30,21,0.023
2001-10-31,22,0.024
2002-03-31,17,0.018
2002-04-01,27,0.029
2002-04-02,19,0.021
2002-04-03,25,0.027
2002-04-04,30,0.032
2002-04-05,27,0.029
2002-04-06,36,0.039
2002-04-07,33,0.036
2002-04-08,32,0.035
2002-04-09,20,0.022
2002-04-10,31,0.034
2002-04-11,33,0.036
2002-04-12,30,0.032
2002-04-13,17,0.018
2002-04-14,19,0.021
2002-04-15,44,0.048
2002-04-16,43,0.046
2002-04-17,33,0.036
2002-04-18,46,0.05
2002-04-19,44,0.047
2002-04-20,36,0.039
2002-04-21,40,0.043
2002-04-22,20,0.022
2002-04-23,36,0.039
2002-04-24,43,0.046
2002-04-25,31,0.033
2002-04-26,33,0.036
2002-04-27,41,0.044
2002-04-28,29,0.031
2002-04-29,18,0.019
2002-04-30,31,0.033
2002-05-01,24,0.026
2002-05-02,29,0.031
2002-05-03,35,0.038
2002-05-04,33,0.036
2002-05-05,64,0.059
2002-05-06,16,0.017
2002-05-07,28,0.03
2002-05-08,19,0.021
2002-05-09,31,0.033
2002-05-10,43,0.046
2002-05-11,47,0.051
2002-05-12,36,0.039
2002-05-13,28,0.03
2002-05-14,39,0.042
2002-05-15,42,0.045
2002-05-16,31,0.033
2002-05-17,24,0.026
2002-05-18,30,0.032
2002-05-19,38,0.041
2002-05-20,28,0.03
2002-05-21,31,0.033
2002-05-22,35,0.038
2002-05-23,49,0.053
2002-05-24,31,0.033
2002-05-25,34,0.037
2002-05-26,42,0.045
2002-05-27,93,0.068
2002-05-28,43,0.046
2002-05-29,36,0.039
2002-05-30,44,0.047
2002-05-31,50,0.054
2002-06-01,93,0.068
2002-06-02,44,0.047
2002-06-03,27,0.029
2002-06-04,38,0.041
2002-06-05,27,0.029
2002-06-06,29,0.031
2002-06-07,44,0.047
2002-06-08,100,0.07
2002-06-09,174,0.095
2002-06-10,80,0.064
2002-06-11,44,0.048
2002-06-12,42,0.045
2002-06-13,36,0.039
2002-06-14,33,0.036
2002-06-15,36,0.039
2002-06-16,31,0.034
2002-06-17,40,0.043
2002-06-18,67,0.06
2002-06-19,119,0.076
2002-06-20,147,0.084
2002-06-21,41,0.044
2002-06-22,166,0.092
2002-06-23,169,0.093
2002-06-24,156,0.088
2002-06-25,84,0.065
2002-06-26,49,0.053
2002-06-27,40,0.043
2002-06-28,77,0.063
2002-06-29,122,0.077
2002-06-30,122,0.077
2002-07-01,77,0.063
2002-07-02,39,0.042
2002-07-03,90,0.067
2002-07-04,50,0.054
2002-07-05,29,0.031
2002-07-06,45,0.049
2002-07-07,84,0.065
2002-07-08,119,0.076
2002-07-09,44,0.047
2002-07-10,37,0.04
2002-07-11,42,0.045
2002-07-12,48,0.052
2002-07-13,150,0.085
2002-07-14,159,0.089
2002-07-15,100,0.07
2002-07-16,87,0.066
2002-07-17,136,0.081
2002-07-18,101,0.071
2002-07-19,93,0.068
2002-07-20,84,0.065
2002-07-21,74,0.062
2002-07-22,30,0.032
2002-07-23,37,0.04
2002-07-24,40,0.043
2002-07-25,40,0.043
2002-07-26,39,0.042
2002-07-27,34,0.037
2002-07-28,33,0.036
2002-07-29,35,0.038
2002-07-30,49,0.053
2002-07-31,80,0.064
2002-08-01,97,0.069
2002-08-02,58,0.057
2002-08-03,64,0.059
2002-08-04,112,0.074
2002-08-05,47,0.051
2002-08-06,25,0.027
2002-08-07,30,0.032
2002-08-08,40,0.043
2002-08-09,49,0.053
2002-08-10,164,0.091
2002-08-11,151,0.086
2002-08-12,71,0.061
2002-08-13,93,0.068
2002-08-14,29,0.031
2002-08-15,38,0.041
2002-08-16,30,0.032
2002-08-17,37,0.04
2002-08-18,43,0.046
2002-08-19,30,0.032
2002-08-20,42,0.045
2002-08-21,67,0.06
2002-08-22,26,0.028
2002-08-23,36,0.039
2002-08-24,32,0.035
2002-08-25,45,0.049
2002-08-26,36,0.039
2002-08-27,34,0.037
2002-08-28,38,0.041
2002-08-29,48,0.052
2002-08-30,54,0.056
2002-08-31,74,0.062
2002-09-01,77,0.063
2002-09-02,61,0.058
2002-09-03,40,0.043
2002-09-04,35,0.038
2002-09-05,15,0.016
2002-09-06,64,0.059
2002-09-07,126,0.078
2002-09-08,172,0.094
2002-09-09,159,0.089
2002-09-10,97,0.069
2002-09-11,37,0.04
2002-09-12,36,0.039
2002-09-13,77,0.063
2002-09-14,49,0.053
2002-09-15,48,0.052
2002-09-16,34,0.037
2002-09-17,49,0.053
2002-09-18,40,0.043
2002-09-19,25,0.027
2002-09-20,23,0.025
2002-09-21,38,0.041
2002-09-22,22,0.024
2002-09-23,28,0.03
2002-09-24,28,0.03
2002-09-25,41,0.044
2002-09-26,36,0.039
2002-09-27,21,0.023
2002-09-28,44,0.047
2002-09-29,54,0.056
2002-09-30,44,0.047
2002-10-01,41,0.044
2002-10-02,30,0.032
2002-10-03,19,0.02
2002-10-04,26,0.028
2002-10-05,30,0.032
2002-10-06,28,0.03
2002-10-07,23,0.025
2002-10-08,24,0.026
2002-10-09,10,0.011
2002-10-10,13,0.014
2002-10-11,31,0.034
2002-10-12,26,0.028
2002-10-13,26,0.028
2002-10-14,28,0.03
2002-10-15,14,0.015
2002-10-16,16,0.017
2002-10-17,13,0.014
2002-10-18,25,0.027
2002-10-19,23,0.025
2002-10-20,27,0.029
2002-10-21,25,0.027
2002-10-22,17,0.018
2002-10-23,15,0.016
2002-10-24,23,0.025
2002-10-25,8,0.009
2002-10-26,4,0.004
2002-10-27,13,0.014
2002-10-28,26,0.028
2002-10-29,17,0.018
2002-10-30,12,0.013
2002-10-31,13,0.014
2003-03-31,26,0.028
2003-04-01,35,0.038
2003-04-02,44,0.048
2003-04-03,25,0.027
2003-04-04,27,0.029
2003-04-05,32,0.035
2003-04-06,38,0.041
2003-04-07,29,0.031
2003-04-08,20,0.022
2003-04-09,37,0.04
2003-04-10,38,0.041
2003-04-11,32,0.035
2003-04-12,38,0.041
2003-04-13,41,0.044
2003-04-14,42,0.045
2003-04-15,49,0.053
2003-04-16,37,0.04
2003-04-17,31,0.034
2003-04-18,17,0.018
2003-04-19,36,0.039
2003-04-20,40,0.043
2003-04-21,20,0.022
2003-04-22,20,0.022
2003-04-23,37,0.04
2003-04-24,44,0.048
2003-04-25,43,0.046
2003-04-26,46,0.05
2003-04-27,64,0.059
2003-04-28,80,0.064
2003-04-29,37,0.04
2003-04-30,29,0.031
2003-05-01,36,0.039
2003-05-02,21,0.023
2003-05-03,39,0.042
2003-05-04,45,0.049
2003-05-05,42,0.045
2003-05-06,41,0.044
2003-05-07,33,0.036
2003-05-08,28,0.03
2003-05-09,34,0.037
2003-05-10,38,0.041
2003-05-11,34,0.037
2003-05-12,29,0.031
2003-05-13,45,0.049
2003-05-14,39,0.042
2003-05-15,28,0.03
2003-05-16,42,0.045
2003-05-17,41,0.044
2003-05-18,34,0.037
2003-05-19,42,0.045
2003-05-20,18,0.019
2003-05-21,28,0.03
2003-05-22,43,0.046
2003-05-23,31,0.033
2003-05-24,31,0.033
2003-05-25,58,0.057
2003-05-26,33,0.036
2003-05-27,41,0.044
2003-05-28,37,0.04
2003-05-29,50,0.054
2003-05-30,34,0.037
2003-05-31,28,0.03
2003-06-01,44,0.048
2003-06-02,47,0.051
2003-06-03,34,0.037
2003-06-04,13,0.014
2003-06-05,35,0.038
2003-06-06,47,0.051
2003-06-07,90,0.067
2003-06-08,34,0.037
2003-06-09,35,0.038
2003-06-10,31,0.034
2003-06-11,26,0.028
2003-06-12,8,0.009
2003-06-13,30,0.032
2003-06-14,64,0.059
2003-06-15,47,0.051
2003-06-16,58,0.057
2003-06-17,31,0.034
2003-06-18,90,0.067
2003-06-19,32,0.035
2003-06-20,38,0.041
2003-06-21,49,0.053
2003-06-22,119,0.076
2003-06-23,151,0.086
2003-06-24,156,0.088
2003-06-25,156,0.088
2003-06-26,41,0.044
2003-06-27,42,0.045
2003-06-28,58,0.057
2003-06-29,49,0.053
2003-06-30,48,0.052
2003-07-01,101,0.071
2003-07-02,164,0.091
2003-07-03,129,0.079
2003-07-04,47,0.051
2003-07-05,50,0.054
2003-07-06,67,0.06
2003-07-07,31,0.034
2003-07-08,37,0.04
2003-07-09,44,0.048
2003-07-10,40,0.043
2003-07-11,29,0.031
2003-07-12,37,0.04
2003-07-13,71,0.061
2003-07-14,100,0.07
2003-07-15,35,0.038
2003-07-16,38,0.041
2003-07-17,67,0.06
2003-07-18,39,0.042
2003-07-19,54,0.056
2003-07-20,47,0.051
2003-07-21,39,0.042
2003-07-22,26,0.028
2003-07-23,31,0.033
2003-07-24,38,0.041
2003-07-25,50,0.054
2003-07-26,61,0.058
2003-07-27,45,0.049
2003-07-28,31,0.033
2003-07-29,42,0.045
2003-07-30,100,0.07
2003-07-31,105,0.072
2003-08-01,77,0.063
2003-08-02,46,0.05
2003-08-03,41,0.044
2003-08-04,32,0.035
2003-08-05,37,0.04
2003-08-06,39,0.042
2003-08-07,47,0.051
2003-08-08,36,0.039
2003-08-09,43,0.046
2003-08-10,31,0.033
2003-08-11,31,0.034
2003-08-12,37,0.04
2003-08-13,45,0.049
2003-08-14,61,0.058
2003-08-15,35,0.038
2003-08-16,43,0.046
2003-08-17,34,0.037
2003-08-18,38,0.041
2003-08-19,87,0.066
2003-08-20,87,0.066
2003-08-21,54,0.056
2003-08-22,54,0.056
2003-08-23,36,0.039
2003-08-24,36,0.039
2003-08-25,67,0.06
2003-08-26,44,0.047
2003-08-27,71,0.061
2003-08-28,51,0.055
2003-08-29,27,0.029
2003-08-30,34,0.037
2003-08-31,33,0.036
2003-09-01,31,0.033
2003-09-02,40,0.043
2003-09-03,30,0.032
2003-09-04,19,0.021
2003-09-05,24,0.026
2003-09-06,48,0.052
2003-09-07,77,0.063
2003-09-08,43,0.046
2003-09-09,41,0.044
2003-09-10,74,0.062
2003-09-11,61,0.058
2003-09-12,71,0.061
2003-09-13,64,0.059
2003-09-14,44,0.047
2003-09-15,27,0.029
2003-09-16,31,0.034
2003-09-17,119,0.076
2003-09-18,64,0.059
2003-09-19,36,0.039
2003-09-20,27,0.029
2003-09-21,61,0.058
2003-09-22,25,0.027
2003-09-23,21,0.023
2003-09-24,26,0.028
2003-09-25,18,0.019
2003-09-26,24,0.026
2003-09-27,24,0.026
2003-09-28,15,0.016
2003-09-29,16,0.017
2003-09-30,18,0.019
2003-10-01,19,0.02
2003-10-02,18,0.019
2003-10-03,18,0.019
2003-10-04,25,0.027
2003-10-05,29,0.031
2003-10-06,21,0.023
2003-10-07,23,0.025
2003-10-08,31,0.033
2003-10-09,28,0.03
2003-10-10,31,0.033
2003-10-11,39,0.042
2003-10-12,31,0.033
2003-10-13,29,0.031
2003-10-14,23,0.025
2003-10-15,23,0.025
2003-10-16,15,0.016
2003-10-17,20,0.022
2003-10-18,27,0.029
2003-10-19,31,0.033
2003-10-20,34,0.037
2003-10-21,17,0.018
2003-10-22,19,0.02
2003-10-23,26,0.028
2003-10-24,19,0.02
2003-10-25,11,0.012
2003-10-26,15,0.016
2003-10-27,9,0.01
2003-10-28,6,0.007
2003-10-29,8,0.009
2003-10-30,19,0.02
2003-10-31,25,0.027
2004-03-31,20,0.022
2004-04-01,30,0.032
2004-04-02,22,0.024
2004-04-03,36,0.039
2004-04-04,33,0.036
2004-04-05,28,0.03
2004-04-06,23,0.025
2004-04-07,27,0.029
2004-04-08,18,0.019
2004-04-09,31,0.034
2004-04-10,32,0.035
2004-04-11,32,0.035
2004-04-12,29,0.031
2004-04-13,22,0.024
2004-04-14,33,0.036
2004-04-15,31,0.034
2004-04-16,44,0.047
2004-04-17,48,0.052
2004-04-18,44,0.047
2004-04-19,32,0.035
2004-04-20,27,0.029
2004-04-21,23,0.025
2004-04-22,31,0.034
2004-04-23,27,0.029
2004-04-24,39,0.042
2004-04-25,35,0.038
2004-04-26,31,0.034
2004-04-27,19,0.021
2004-04-28,31,0.033
2004-04-29,47,0.051
2004-04-30,21,0.023
2004-05-01,31,0.033
2004-05-02,31,0.033
2004-05-03,23,0.025
2004-05-04,31,0.034
2004-05-05,31,0.033
2004-05-06,44,0.047
2004-05-07,37,0.04
2004-05-08,31,0.034
2004-05-09,42,0.045
2004-05-10,43,0.046
2004-05-11,30,0.032
2004-05-12,45,0.049
2004-05-13,38,0.041
2004-05-14,32,0.035
2004-05-15,18,0.019
2004-05-16,36,0.039
2004-05-17,33,0.036
2004-05-18,36,0.039
2004-05-19,44,0.047
2004-05-20,33,0.036
2004-05-21,31,0.034
2004-05-22,44,0.047
2004-05-23,39,0.042
2004-05-24,24,0.026
2004-05-25,25,0.027
2004-05-26,31,0.033
2004-05-27,33,0.036
2004-05-28,19,0.02
2004-05-29,44,0.047
2004-05-30,61,0.058
2004-05-31,42,0.045
2004-06-01,34,0.037
2004-06-02,19,0.021
2004-06-03,40,0.043
2004-06-04,44,0.047
2004-06-05,67,0.06
2004-06-06,64,0.059
2004-06-07,90,0.067
2004-06-08,42,0.045
2004-06-09,36,0.039
2004-06-10,25,0.027
2004-06-11,40,0.043
2004-06-12,33,0.036
2004-06-13,35,0.038
2004-06-14,42,0.045
2004-06-15,105,0.072
2004-06-16,35,0.038
2004-06-17,30,0.032
2004-06-18,36,0.039
2004-06-19,39,0.042
2004-06-20,40,0.043
2004-06-21,46,0.05
2004-06-22,33,0.036
2004-06-23,46,0.05
2004-06-24,38,0.041
2004-06-25,35,0.038
2004-06-26,33,0.036
2004-06-27,40,0.043
2004-06-28,25,0.027
2004-06-29,39,0.042
2004-06-30,45,0.049
2004-07-01,84,0.065
2004-07-02,51,0.055
2004-07-03,80,0.064
2004-07-04,40,0.043
2004-07-05,44,0.048
2004-07-06,49,0.053
2004-07-07,35,0.038
2004-07-08,26,0.028
2004-07-09,44,0.047
2004-07-10,74,0.062
2004-07-11,105,0.072
2004-07-12,40,0.043
2004-07-13,46,0.05
2004-07-14,36,0.039
2004-07-15,34,0.037
2004-07-16,45,0.049
2004-07-17,48,0.052
2004-07-18,44,0.048
2004-07-19,37,0.04
2004-07-20,51,0.055
2004-07-21,51,0.055
2004-07-22,38,0.041
2004-07-23,40,0.043
2004-07-24,31,0.034
2004-07-25,31,0.034
2004-07-26,28,0.03
2004-07-27,31,0.033
2004-07-28,43,0.046
2004-07-29,43,0.046
2004-07-30,37,0.04
2004-07-31,44,0.048
2004-08-01,61,0.058
2004-08-02,44,0.047
2004-08-03,80,0.064
2004-08-04,22,0.024
2004-08-05,31,0.034
2004-08-06,23,0.025
2004-08-07,34,0.037
2004-08-08,40,0.043
2004-08-09,48,0.052
2004-08-10,27,0.029
2004-08-11,23,0.025
2004-08-12,25,0.027
2004-08-13,19,0.02
2004-08-14,31,0.034
2004-08-15,19,0.021
2004-08-16,42,0.045
2004-08-17,45,0.049
2004-08-18,42,0.045
2004-08-19,8,0.009
2004-08-20,10,0.011
2004-08-21,36,0.039
2004-08-22,44,0.047
2004-08-23,45,0.049
2004-08-24,67,0.06
2004-08-25,33,0.036
2004-08-26,32,0.035
2004-08-27,18,0.019
2004-08-28,27,0.029
2004-08-29,12,0.013
2004-08-30,33,0.036
2004-08-31,36,0.039
2004-09-01,43,0.046
2004-09-02,67,0.06
2004-09-03,39,0.042
2004-09-04,43,0.046
2004-09-05,67,0.06
2004-09-06,40,0.043
2004-09-07,34,0.037
2004-09-08,17,0.018
2004-09-09,19,0.021
2004-09-10,33,0.036
2004-09-11,71,0.061
2004-09-12,80,0.064
2004-09-13,71,0.061
2004-09-14,34,0.037
2004-09-15,41,0.044
2004-09-16,28,0.03
2004-09-17,20,0.022
2004-09-18,33,0.036
2004-09-19,32,0.035
2004-09-20,31,0.033
2004-09-21,36,0.039
2004-09-22,67,0.06
2004-09-23,105,0.072
2004-09-24,44,0.047
2004-09-25,30,0.032
2004-09-26,38,0.041
2004-09-27,33,0.036
2004-09-28,17,0.018
2004-09-29,16,0.017
2004-09-30,28,0.03
2004-10-01,35,0.038
2004-10-02,26,0.028
2004-10-03,31,0.033
2004-10-04,24,0.026
2004-10-05,19,0.02
2004-10-06,19,0.021
2004-10-07,25,0.027
2004-10-08,43,0.046
2004-10-09,32,0.035
2004-10-10,24,0.026
2004-10-11,20,0.022
2004-10-12,21,0.023
2004-10-13,6,0.007
2004-10-14,24,0.026
2004-10-15,11,0.012
2004-10-16,19,0.02
2004-10-17,17,0.018
2004-10-18,23,0.025
2004-10-19,6,0.007
2004-10-20,3,0.003
2004-10-21,9,0.01
2004-10-22,13,0.014
2004-10-23,12,0.013
2004-10-24,11,0.012
2004-10-25,13,0.014
2004-10-26,21,0.023
2004-10-27,19,0.02
2004-10-28,14,0.015
2004-10-29,17,0.018
2004-10-30,34,0.037
2004-10-31,17,0.018
2005-03-31,5,0.005
2005-04-01,23,0.025
2005-04-02,26,0.028
2005-04-03,33,0.036
2005-04-04,38,0.041
2005-04-05,46,0.05
2005-04-06,45,0.049
2005-04-07,28,0.03
2005-04-08,44,0.048
2005-04-09,43,0.046
2005-04-10,54,0.056
2005-04-11,45,0.049
2005-04-12,44,0.048
2005-04-13,37,0.04
2005-04-14,39,0.042
2005-04-15,45,0.049
2005-04-16,44,0.048
2005-04-17,51,0.055
2005-04-18,50,0.054
2005-04-19,74,0.062
2005-04-20,36,0.039
2005-04-21,40,0.043
2005-04-22,31,0.033
2005-04-23,29,0.031
2005-04-24,29,0.031
2005-04-25,34,0.037
2005-04-26,19,0.02
2005-04-27,25,0.027
2005-04-28,31,0.033
2005-04-29,29,0.031
2005-04-30,41,0.044
2005-05-01,34,0.037
2005-05-02,19,0.021
2005-05-03,19,0.02
2005-05-04,43,0.046
2005-05-05,46,0.05
2005-05-06,97,0.069
2005-05-07,108,0.073
2005-05-08,108,0.073
2005-05-09,100,0.07
2005-05-10,46,0.05
2005-05-11,31,0.034
2005-05-12,40,0.043
2005-05-13,28,0.03
2005-05-14,33,0.036
2005-05-15,24,0.026
2005-05-16,25,0.027
2005-05-17,33,0.036
2005-05-18,54,0.056
2005-05-19,47,0.051
2005-05-20,58,0.057
2005-05-21,50,0.054
2005-05-22,36,0.039
2005-05-23,30,0.032
2005-05-24,27,0.029
2005-05-25,44,0.048
2005-05-26,45,0.049
2005-05-27,41,0.044
2005-05-28,39,0.042
2005-05-29,41,0.044
2005-05-30,61,0.058
2005-05-31,67,0.06
2005-06-01,49,0.053
2005-06-02,74,0.062
2005-06-03,45,0.049
2005-06-04,49,0.053
2005-06-05,74,0.062
2005-06-06,51,0.055
2005-06-07,80,0.064
2005-06-08,93,0.068
2005-06-09,74,0.062
2005-06-10,64,0.059
2005-06-11,38,0.041
2005-06-12,40,0.043
2005-06-13,31,0.034
2005-06-14,50,0.054
2005-06-15,27,0.029
2005-06-16,26,0.028
2005-06-17,19,0.02
2005-06-18,19,0.02
2005-06-19,35,0.038
2005-06-20,47,0.051
2005-06-21,71,0.061
2005-06-22,48,0.052
2005-06-23,97,0.069
2005-06-24,133,0.08
2005-06-25,100,0.07
2005-06-26,126,0.078
2005-06-27,166,0.092
2005-06-28,45,0.049
2005-06-29,45,0.049
2005-06-30,35,0.038
2005-07-01,41,0.044
2005-07-02,35,0.038
2005-07-03,97,0.069
2005-07-04,108,0.073
2005-07-05,37,0.04
2005-07-06,31,0.034
2005-07-07,47,0.051
2005-07-08,51,0.055
2005-07-09,84,0.065
2005-07-10,164,0.091
2005-07-11,147,0.084
2005-07-12,105,0.072
2005-07-13,34,0.037
2005-07-14,50,0.054
2005-07-15,61,0.058
2005-07-16,37,0.04
2005-07-17,38,0.041
2005-07-18,31,0.034
2005-07-19,34,0.037
2005-07-20,80,0.064
2005-07-21,41,0.044
2005-07-22,58,0.057
2005-07-23,44,0.047
2005-07-24,46,0.05
2005-07-25,35,0.038
2005-07-26,34,0.037
2005-07-27,27,0.029
2005-07-28,40,0.043
2005-07-29,54,0.056
2005-07-30,46,0.05
2005-07-31,64,0.059
2005-08-01,47,0.051
2005-08-02,80,0.064
2005-08-03,84,0.065
2005-08-04,35,0.038
2005-08-05,40,0.043
2005-08-06,77,0.063
2005-08-07,126,0.078
2005-08-08,77,0.063
2005-08-09,58,0.057
2005-08-10,45,0.049
2005-08-11,36,0.039
2005-08-12,50,0.054
2005-08-13,51,0.055
2005-08-14,42,0.045
2005-08-15,33,0.036
2005-08-16,40,0.043
2005-08-17,77,0.063
2005-08-18,87,0.066
2005-08-19,44,0.048
2005-08-20,37,0.04
2005-08-21,37,0.04
2005-08-22,24,0.026
2005-08-23,24,0.026
2005-08-24,40,0.043
2005-08-25,50,0.054
2005-08-26,115,0.075
2005-08-27,44,0.047
2005-08-28,54,0.056
2005-08-29,40,0.043
2005-08-30,31,0.033
2005-08-31,29,0.031
2005-09-01,40,0.043
2005-09-02,34,0.037
2005-09-03,39,0.042
2005-09-04,39,0.042
2005-09-05,47,0.051
2005-09-06,67,0.06
2005-09-07,87,0.066
2005-09-08,50,0.054
2005-09-09,35,0.038
2005-09-10,67,0.06
2005-09-11,74,0.062
2005-09-12,80,0.064
2005-09-13,84,0.065
2005-09-14,24,0.026
2005-09-15,31,0.033
2005-09-16,13,0.014
2005-09-17,28,0.03
2005-09-18,40,0.043
2005-09-19,30,0.032
2005-09-20,34,0.037
2005-09-21,42,0.045
2005-09-22,45,0.049
2005-09-23,28,0.03
2005-09-24,27,0.029
2005-09-25,22,0.024
2005-09-26,22,0.024
2005-09-27,27,0.029
2005-09-28,36,0.039
2005-09-29,19,0.021
2005-09-30,22,0.024
2005-10-01,45,0.049
2005-10-02,47,0.051
2005-10-03,43,0.046
2005-10-04,49,0.053
2005-10-05,58,0.057
2005-10-06,33,0.036
2005-10-07,19,0.02
2005-10-08,21,0.023
2005-10-09,25,0.027
2005-10-10,6,0.007
2005-10-11,8,0.009
2005-10-12,6,0.006
2005-10-13,11,0.012
2005-10-14,29,0.031
2005-10-15,35,0.038
2005-10-16,24,0.026
2005-10-17,14,0.015
2005-10-18,20,0.022
2005-10-19,24,0.026
2005-10-20,19,0.021
2005-10-21,25,0.027
2005-10-22,19,0.02
2005-10-23,21,0.023
2005-10-24,10,0.011
2005-10-25,19,0.02
2005-10-26,12,0.013
2005-10-27,15,0.016
2005-10-28,20,0.022
2005-10-29,19,0.021
2005-10-30,26,0.028
2005-10-31,15,0.016
2006-03-31,12,0.013
2006-04-01,23,0.025
2006-04-02,25,0.027
2006-04-03,21,0.023
2006-04-04,30,0.032
2006-04-05,31,0.033
2006-04-06,31,0.033
2006-04-07,28,0.03
2006-04-08,30,0.032
2006-04-09,38,0.041
2006-04-10,40,0.043
2006-04-11,44,0.047
2006-04-12,39,0.042
2006-04-13,35,0.038
2006-04-14,33,0.036
2006-04-15,45,0.049
2006-04-16,34,0.037
2006-04-17,33,0.036
2006-04-18,34,0.037
2006-04-19,38,0.041
2006-04-20,39,0.042
2006-04-21,42,0.045
2006-04-22,46,0.05
2006-04-23,31,0.034
2006-04-24,31,0.034
2006-04-25,23,0.025
2006-04-26,31,0.034
2006-04-27,34,0.037
2006-04-28,44,0.048
2006-04-29,44,0.047
2006-04-30,47,0.051
2006-05-01,43,0.046
2006-05-02,17,0.018
2006-05-03,45,0.049
2006-05-04,35,0.038
2006-05-05,33,0.036
2006-05-06,45,0.049
2006-05-07,45,0.049
2006-05-08,54,0.056
2006-05-09,49,0.053
2006-05-10,38,0.041
2006-05-11,31,0.033
2006-05-12,12,0.013
2006-05-13,28,0.03
2006-05-14,43,0.046
2006-05-15,11,0.012
2006-05-16,24,0.026
2006-05-17,29,0.031
2006-05-18,24,0.026
2006-05-19,18,0.019
2006-05-20,37,0.04
2006-05-21,34,0.037
2006-05-22,37,0.04
2006-05-23,42,0.045
2006-05-24,54,0.056
2006-05-25,39,0.042
2006-05-26,33,0.036
2006-05-27,90,0.067
2006-05-28,61,0.058
2006-05-29,74,0.062
2006-05-30,43,0.046
2006-05-31,30,0.032
2006-06-01,37,0.04
2006-06-02,29,0.031
2006-06-03,38,0.041
2006-06-04,39,0.042
2006-06-05,42,0.045
2006-06-06,54,0.056
2006-06-07,37,0.04
2006-06-08,77,0.063
2006-06-09,32,0.035
2006-06-10,43,0.046
2006-06-11,48,0.052
2006-06-12,31,0.034
2006-06-13,42,0.045
2006-06-14,43,0.046
2006-06-15,47,0.051
2006-06-16,101,0.071
2006-06-17,115,0.075
2006-06-18,38,0.041
2006-06-19,35,0.038
2006-06-20,46,0.05
2006-06-21,33,0.036
2006-06-22,24,0.026
2006-06-23,40,0.043
2006-06-24,61,0.058
2006-06-25,61,0.058
2006-06-26,41,0.044
2006-06-27,44,0.047
2006-06-28,41,0.044
2006-06-29,29,0.031
2006-06-30,43,0.046
2006-07-01,84,0.065
2006-07-02,35,0.038
2006-07-03,32,0.035
2006-07-04,39,0.042
2006-07-05,31,0.034
2006-07-06,44,0.047
2006-07-07,37,0.04
2006-07-08,58,0.057
2006-07-09,61,0.058
2006-07-10,35,0.038
2006-07-11,27,0.029
2006-07-12,13,0.014
2006-07-13,44,0.047
2006-07-14,44,0.047
2006-07-15,44,0.048
2006-07-16,54,0.056
2006-07-17,54,0.056
2006-07-18,58,0.057
2006-07-19,43,0.046
2006-07-20,41,0.044
2006-07-21,44,0.048
2006-07-22,40,0.043
2006-07-23,38,0.041
2006-07-24,47,0.051
2006-07-25,45,0.049
2006-07-26,48,0.052
2006-07-27,22,0.024
2006-07-28,43,0.046
2006-07-29,54,0.056
2006-07-30,43,0.046
2006-07-31,47,0.051
2006-08-01,39,0.042
2006-08-02,34,0.037
2006-08-03,28,0.03
2006-08-04,36,0.039
2006-08-05,40,0.043
2006-08-06,93,0.068
2006-08-07,40,0.043
2006-08-08,51,0.055
2006-08-09,101,0.071
2006-08-10,119,0.076
2006-08-11,40,0.043
2006-08-12,47,0.051
2006-08-13,100,0.07
2006-08-14,34,0.037
2006-08-15,39,0.042
2006-08-16,58,0.057
2006-08-17,129,0.079
2006-08-18,136,0.081
2006-08-19,44,0.048
2006-08-20,44,0.048
2006-08-21,44,0.048
2006-08-22,87,0.066
2006-08-23,41,0.044
2006-08-24,45,0.049
2006-08-25,90,0.067
2006-08-26,115,0.075
2006-08-27,43,0.046
2006-08-28,35,0.038
2006-08-29,28,0.03
2006-08-30,39,0.042
2006-08-31,39,0.042
2006-09-01,38,0.041
2006-09-02,29,0.031
2006-09-03,41,0.044
2006-09-04,44,0.048
2006-09-05,38,0.041
2006-09-06,43,0.046
2006-09-07,43,0.046
2006-09-08,45,0.049
2006-09-09,49,0.053
2006-09-10,36,0.039
2006-09-11,40,0.043
2006-09-12,19,0.021
2006-09-13,22,0.024
2006-09-14,24,0.026
2006-09-15,31,0.034
2006-09-16,44,0.048
2006-09-17,80,0.064
2006-09-18,14,0.015
2006-09-19,9,0.01
2006-09-20,17,0.018
2006-09-21,38,0.041
2006-09-22,19,0.02
2006-09-23,23,0.025
2006-09-24,21,0.023
2006-09-25,27,0.029
2006-09-26,35,0.038
2006-09-27,31,0.033
2006-09-28,10,0.011
2006-09-29,15,0.016
2006-09-30,17,0.018
2006-10-01,23,0.025
2006-10-02,20,0.022
2006-10-03,33,0.036
2006-10-04,17,0.018
2006-10-05,21,0.023
2006-10-06,22,0.024
2006-10-07,24,0.026
2006-10-08,25,0.027
2006-10-09,36,0.039
2006-10-10,19,0.02
2006-10-11,20,0.022
2006-10-12,14,0.015
2006-10-13,17,0.018
2006-10-14,20,0.022
2006-10-15,20,0.022
2006-10-16,21,0.023
2006-10-17,10,0.011
2006-10-18,9,0.01
2006-10-19,6,0.006
2006-10-20,9,0.01
2006-10-21,21,0.023
2006-10-22,21,0.023
2006-10-23,10,0.011
2006-10-24,12,0.013
2006-10-25,13,0.014
2006-10-26,13,0.014
2006-10-27,6,0.007
2006-10-28,25,0.027
2006-10-29,26,0.028
2006-10-30,25,0.027
2006-10-31,12,0.013
2007-03-31,12,0.013
2007-04-01,39,0.042
2007-04-02,29,0.031
2007-04-03,32,0.035
2007-04-04,25,0.027
2007-04-05,29,0.031
2007-04-06,26,0.028
2007-04-07,22,0.024
2007-04-08,24,0.026
2007-04-09,24,0.026
2007-04-10,34,0.037
2007-04-11,26,0.028
2007-04-12,22,0.024
2007-04-13,32,0.035
2007-04-14,34,0.037
2007-04-15,42,0.045
2007-04-16,33,0.036
2007-04-17,37,0.04
2007-04-18,33,0.036
2007-04-19,40,0.043
2007-04-20,37,0.04
2007-04-21,46,0.05
2007-04-22,77,0.063
2007-04-23,42,0.045
2007-04-24,33,0.036
2007-04-25,39,0.042
2007-04-26,15,0.016
2007-04-27,13,0.014
2007-04-28,39,0.042
2007-04-29,40,0.043
2007-04-30,38,0.041
2007-05-01,27,0.029
2007-05-02,37,0.04
2007-05-03,36,0.039
2007-05-04,41,0.044
2007-05-05,40,0.043
2007-05-06,39,0.042
2007-05-07,40,0.043
2007-05-08,71,0.061
2007-05-09,19,0.021
2007-05-10,41,0.044
2007-05-11,50,0.054
2007-05-12,31,0.033
2007-05-13,44,0.047
2007-05-14,49,0.053
2007-05-15,54,0.056
2007-05-16,16,0.017
2007-05-17,26,0.028
2007-05-18,34,0.037
2007-05-19,40,0.043
2007-05-20,34,0.037
2007-05-21,29,0.031
2007-05-22,58,0.057
2007-05-23,100,0.07
2007-05-24,54,0.056
2007-05-25,33,0.036
2007-05-26,26,0.028
2007-05-27,31,0.034
2007-05-28,84,0.065
2007-05-29,77,0.063
2007-05-30,77,0.063
2007-05-31,67,0.06
2007-06-01,48,0.052
2007-06-02,44,0.048
2007-06-03,43,0.046
2007-06-04,25,0.027
2007-06-05,18,0.019
2007-06-06,32,0.035
2007-06-07,58,0.057
2007-06-08,30,0.032
2007-06-09,42,0.045
2007-06-10,61,0.058
2007-06-11,126,0.078
2007-06-12,41,0.044
2007-06-13,44,0.047
2007-06-14,67,0.06
2007-06-15,87,0.066
2007-06-16,169,0.093
2007-06-17,169,0.093
2007-06-18,136,0.081
2007-06-19,36,0.039
2007-06-20,46,0.05
2007-06-21,42,0.045
2007-06-22,40,0.043
2007-06-23,41,0.044
2007-06-24,50,0.054
2007-06-25,93,0.068
2007-06-26,50,0.054
2007-06-27,41,0.044
2007-06-28,35,0.038
2007-06-29,42,0.045
2007-06-30,84,0.065
2007-07-01,37,0.04
2007-07-02,33,0.036
2007-07-03,87,0.066
2007-07-04,48,0.052
2007-07-05,44,0.047
2007-07-06,45,0.049
2007-07-07,51,0.055
2007-07-08,58,0.057
2007-07-09,64,0.059
2007-07-10,47,0.051
2007-07-11,35,0.038
2007-07-12,40,0.043
2007-07-13,31,0.033
2007-07-14,49,0.053
2007-07-15,40,0.043
2007-07-16,41,0.044
2007-07-17,27,0.029
2007-07-18,43,0.046
2007-07-19,28,0.03
2007-07-20,37,0.04
2007-07-21,36,0.039
2007-07-22,43,0.046
2007-07-23,42,0.045
2007-07-24,54,0.056
2007-07-25,20,0.022
2007-07-26,46,0.05
2007-07-27,51,0.055
2007-07-28,105,0.072
2007-07-29,44,0.047
2007-07-30,71,0.061
2007-07-31,185,0.099
2007-08-01,122,0.077
2007-08-02,119,0.076
2007-08-03,80,0.064
2007-08-04,47,0.051
2007-08-05,21,0.023
2007-08-06,35,0.038
2007-08-07,31,0.033
2007-08-08,40,0.043
2007-08-09,25,0.027
2007-08-10,61,0.058
2007-08-11,38,0.041
2007-08-12,49,0.053
2007-08-13,46,0.05
2007-08-14,43,0.046
2007-08-15,30,0.032
2007-08-16,25,0.027
2007-08-17,33,0.036
2007-08-18,25,0.027
2007-08-19,23,0.025
2007-08-20,15,0.016
2007-08-21,23,0.025
2007-08-22,26,0.028
2007-08-23,31,0.034
2007-08-24,31,0.034
2007-08-25,24,0.026
2007-08-26,34,0.037
2007-08-27,39,0.042
2007-08-28,67,0.06
2007-08-29,84,0.065
2007-08-30,36,0.039
2007-08-31,35,0.038
2007-09-01,42,0.045
2007-09-02,48,0.052
2007-09-03,49,0.053
2007-09-04,67,0.06
2007-09-05,100,0.07
2007-09-06,41,0.044
2007-09-07,30,0.032
2007-09-08,20,0.022
2007-09-09,30,0.032
2007-09-10,26,0.028
2007-09-11,23,0.025
2007-09-12,19,0.021
2007-09-13,41,0.044
2007-09-14,26,0.028
2007-09-15,21,0.023
2007-09-16,33,0.036
2007-09-17,42,0.045
2007-09-18,74,0.062
2007-09-19,46,0.05
2007-09-20,38,0.041
2007-09-21,74,0.062
2007-09-22,37,0.04
2007-09-23,44,0.047
2007-09-24,51,0.055
2007-09-25,17,0.018
2007-09-26,3,0.003
2007-09-27,22,0.024
2007-09-28,27,0.029
2007-09-29,40,0.043
2007-09-30,44,0.048
2007-10-01,20,0.022
2007-10-02,25,0.027
2007-10-03,23,0.025
2007-10-04,50,0.054
2007-10-05,31,0.034
2007-10-06,28,0.03
2007-10-07,40,0.043
2007-10-08,35,0.038
2007-10-09,25,0.027
2007-10-10,7,0.008
2007-10-11,9,0.01
2007-10-12,16,0.017
2007-10-13,18,0.019
2007-10-14,12,0.013
2007-10-15,18,0.019
2007-10-16,14,0.015
2007-10-17,34,0.037
2007-10-18,18,0.019
2007-10-19,19,0.021
2007-10-20,31,0.034
2007-10-21,38,0.041
2007-10-22,33,0.036
2007-10-23,16,0.017
2007-10-24,18,0.019
2007-10-25,32,0.035
2007-10-26,12,0.013
2007-10-27,21,0.023
2007-10-28,31,0.033
2007-10-29,22,0.024
2007-10-30,19,0.021
2007-10-31,31,0.033
2008-03-31,29,0.031
2008-04-01,35,0.038
2008-04-02,38,0.041
2008-04-03,29,0.031
2008-04-04,21,0.023
2008-04-05,49,0.053
2008-04-06,51,0.055
2008-04-07,46,0.05
2008-04-08,33,0.036
2008-04-09,29,0.031
2008-04-10,36,0.039
2008-04-11,39,0.042
2008-04-12,25,0.027
2008-04-13,34,0.037
2008-04-14,33,0.036
2008-04-15,40,0.043
2008-04-16,44,0.047
2008-04-17,54,0.056
2008-04-18,84,0.065
2008-04-19,48,0.052
2008-04-20,44,0.047
2008-04-21,45,0.049
2008-04-22,46,0.05
2008-04-23,71,0.061
2008-04-24,58,0.057
2008-04-25,48,0.052
2008-04-26,43,0.046
2008-04-27,48,0.052
2008-04-28,44,0.048
2008-04-29,40,0.043
2008-04-30,45,0.049
2008-05-01,36,0.039
2008-05-02,31,0.034
2008-05-03,41,0.044
2008-05-04,46,0.05
2008-05-05,49,0.053
2008-05-06,45,0.049
2008-05-07,35,0.038
2008-05-08,39,0.042
2008-05-09,36,0.039
2008-05-10,49,0.053
2008-05-11,32,0.035
2008-05-12,31,0.034
2008-05-13,45,0.049
2008-05-14,19,0.02
2008-05-15,28,0.03
2008-05-16,46,0.05
2008-05-17,49,0.053
2008-05-18,37,0.04
2008-05-19,36,0.039
2008-05-20,39,0.042
2008-05-21,29,0.031
2008-05-22,25,0.027
2008-05-23,26,0.028
2008-05-24,44,0.048
2008-05-25,54,0.056
2008-05-26,46,0.05
2008-05-27,30,0.032
2008-05-28,35,0.038
2008-05-29,58,0.057
2008-05-30,45,0.049
2008-05-31,51,0.055
2008-06-01,48,0.052
2008-06-02,90,0.067
2008-06-03,32,0.035
2008-06-04,34,0.037
2008-06-05,22,0.024
2008-06-06,42,0.045
2008-06-07,30,0.032
2008-06-08,34,0.037
2008-06-09,36,0.039
2008-06-10,51,0.055
2008-06-11,108,0.073
2008-06-12,126,0.078
2008-06-13,19,0.021
2008-06-14,77,0.063
2008-06-15,77,0.063
2008-06-16,47,0.051
2008-06-17,33,0.036
2008-06-18,22,0.024
2008-06-19,30,0.032
2008-06-20,71,0.061
2008-06-21,39,0.042
2008-06-22,42,0.045
2008-06-23,33,0.036
2008-06-24,45,0.049
2008-06-25,30,0.032
2008-06-26,6,0.007
2008-06-29,20,0.022
2008-06-30,38,0.041
2008-07-01,50,0.054
2008-07-02,71,0.061
2008-07-03,35,0.038
2008-07-04,50,0.054
2008-07-05,67,0.06
2008-07-06,108,0.073
2008-07-07,45,0.049
2008-07-08,19,0.021
2008-07-09,32,0.035
2008-07-10,42,0.045
2008-07-11,58,0.057
2008-07-12,33,0.036
2008-07-13,40,0.043
2008-07-14,34,0.037
2008-07-15,49,0.053
2008-07-16,80,0.064
2008-07-17,80,0.064
2008-07-18,101,0.071
2008-07-19,44,0.048
2008-07-20,44,0.047
2008-07-21,32,0.035
2008-07-22,42,0.045
2008-07-23,31,0.033
2008-07-24,30,0.032
2008-07-25,43,0.046
2008-07-26,42,0.045
2008-07-27,44,0.048
2008-07-28,80,0.064
2008-07-29,71,0.061
2008-07-30,42,0.045
2008-07-31,47,0.051
2008-08-01,9,0.01
2008-08-03,39,0.042
2008-08-04,37,0.04
2008-08-05,38,0.041
2008-08-06,33,0.036
2008-08-07,30,0.032
2008-08-08,25,0.027
2008-08-09,37,0.04
2008-08-10,21,0.023
2008-08-11,31,0.034
2008-08-12,43,0.046
2008-08-13,32,0.035
2008-08-14,37,0.04
2008-08-15,31,0.033
2008-08-16,31,0.034
2008-08-17,44,0.048
2008-08-18,25,0.027
2008-08-19,30,0.032
2008-08-20,37,0.04
2008-08-21,90,0.067
2008-08-22,48,0.052
2008-08-23,74,0.062
2008-08-24,43,0.046
2008-08-25,33,0.036
2008-08-26,39,0.042
2008-08-27,40,0.043
2008-08-28,31,0.033
2008-08-29,37,0.04
2008-08-30,48,0.052
2008-08-31,61,0.058
2008-09-01,47,0.051
2008-09-02,74,0.062
2008-09-03,100,0.07
2008-09-04,36,0.039
2008-09-05,25,0.027
2008-09-06,39,0.042
2008-09-07,31,0.034
2008-09-08,31,0.033
2008-09-09,25,0.027
2008-09-10,30,0.032
2008-09-11,44,0.048
2008-09-12,8,0.009
2008-09-13,18,0.019
2008-09-14,23,0.025
2008-09-15,19,0.021
2008-09-16,23,0.025
2008-09-17,29,0.031
2008-09-18,26,0.028
2008-09-19,38,0.041
2008-09-20,36,0.039
2008-09-21,32,0.035
2008-09-22,30,0.032
2008-09-23,39,0.042
2008-09-24,42,0.045
2008-09-25,49,0.053
2008-09-26,37,0.04
2008-09-27,25,0.027
2008-09-28,41,0.044
2008-09-29,37,0.04
2008-09-30,20,0.022
2008-10-01,15,0.016
2008-10-02,14,0.015
2008-10-03,25,0.027
2008-10-04,30,0.032
2008-10-05,36,0.039
2008-10-06,31,0.034
2008-10-07,30,0.032
2008-10-08,17,0.018
2008-10-09,22,0.024
2008-10-10,29,0.031
2008-10-11,36,0.039
2008-10-12,45,0.049
2008-10-13,27,0.029
2008-10-14,22,0.024
2008-10-15,3,0.003
2008-10-16,19,0.021
2008-10-17,19,0.02
2008-10-18,28,0.03
2008-10-19,27,0.029
2008-10-20,24,0.026
2008-10-21,21,0.023
2008-10-22,25,0.027
2008-10-23,19,0.02
2008-10-24,9,0.01
2008-10-25,17,0.018
2008-10-26,30,0.032
2008-10-27,11,0.012
2008-10-28,18,0.019
2008-10-29,16,0.017
2008-10-30,16,0.017
2008-10-31,33,0.036
2009-03-31,26,0.028
2009-04-01,38,0.041
2009-04-02,49,0.053
2009-04-03,35,0.038
2009-04-04,35,0.038
2009-04-05,36,0.039
2009-04-06,34,0.037
2009-04-07,34,0.037
2009-04-08,37,0.04
2009-04-09,44,0.047
2009-04-10,41,0.044
2009-04-11,42,0.045
2009-04-12,44,0.048
2009-04-13,40,0.043
2009-04-14,31,0.034
2009-04-15,35,0.038
2009-04-16,44,0.048
2009-04-17,45,0.049
2009-04-18,61,0.058
2009-04-19,41,0.044
2009-04-20,21,0.023
2009-04-21,26,0.028
2009-04-22,37,0.04
2009-04-23,37,0.04
2009-04-24,45,0.049
2009-04-25,47,0.051
2009-04-26,44,0.048
2009-04-27,41,0.044
2009-04-28,19,0.021
2009-04-29,39,0.042
2009-04-30,25,0.027
2009-05-01,30,0.032
2009-05-02,46,0.05
2009-05-03,51,0.055
2009-05-04,48,0.052
2009-05-05,49,0.053
2009-05-06,32,0.035
2009-05-07,24,0.026
2009-05-08,37,0.04
2009-05-09,29,0.031
2009-05-10,28,0.03
2009-05-11,43,0.046
2009-05-12,46,0.05
2009-05-13,26,0.028
2009-05-14,41,0.044
2009-05-15,47,0.051
2009-05-16,32,0.035
2009-05-17,41,0.044
2009-05-18,40,0.043
2009-05-19,48,0.052
2009-05-20,80,0.064
2009-05-21,67,0.06
2009-05-22,41,0.044
2009-05-23,61,0.058
2009-05-24,49,0.053
2009-05-25,44,0.047
2009-05-26,33,0.036
2009-05-27,20,0.022
2009-05-28,23,0.025
2009-05-29,40,0.043
2009-05-30,44,0.047
2009-05-31,37,0.04
2009-06-01,39,0.042
2009-06-02,26,0.028
2009-06-03,33,0.036
2009-06-04,36,0.039
2009-06-05,48,0.052
2009-06-06,67,0.06
2009-06-07,84,0.065
2009-06-08,42,0.045
2009-06-09,38,0.041
2009-06-10,41,0.044
2009-06-11,30,0.032
2009-06-12,48,0.052
2009-06-13,40,0.043
2009-06-14,71,0.061
2009-06-15,80,0.064
2009-06-16,61,0.058
2009-06-17,39,0.042
2009-06-18,54,0.056
2009-06-19,30,0.032
2009-06-20,41,0.044
2009-06-21,51,0.055
2009-06-22,34,0.037
2009-06-23,67,0.06
2009-06-24,74,0.062
2009-06-25,77,0.063
2009-06-26,64,0.059
2009-06-27,44,0.047
2009-06-28,42,0.045
2009-06-29,33,0.036
2009-06-30,16,0.017
2009-07-01,19,0.02
2009-07-02,14,0.015
2009-07-03,29,0.031
2009-07-04,31,0.033
2009-07-05,46,0.05
2009-07-06,34,0.037
2009-07-07,31,0.034
2009-07-08,35,0.038
2009-07-09,34,0.037
2009-07-10,74,0.062
2009-07-11,42,0.045
2009-07-12,42,0.045
2009-07-13,37,0.04
2009-07-14,38,0.041
2009-07-15,48,0.052
2009-07-16,38,0.041
2009-07-17,28,0.03
2009-07-18,19,0.02
2009-07-19,33,0.036
2009-07-20,39,0.042
2009-07-21,48,0.052
2009-07-22,30,0.032
2009-07-23,34,0.037
2009-07-24,47,0.051
2009-07-25,36,0.039
2009-07-26,31,0.033
2009-07-27,35,0.038
2009-07-28,34,0.037
2009-07-29,32,0.035
2009-07-30,40,0.043
2009-07-31,38,0.041
2009-08-02,32,0.035
2009-08-03,35,0.038
2009-08-04,38,0.041
2009-08-05,36,0.039
2009-08-06,34,0.037
2009-08-07,34,0.037
2009-08-08,26,0.028
2009-08-09,36,0.039
2009-08-10,39,0.042
2009-08-11,31,0.034
2009-08-12,41,0.044
2009-08-13,47,0.051
2009-08-14,90,0.067
2009-08-15,80,0.064
2009-08-16,46,0.05
2009-08-17,33,0.036
2009-08-18,32,0.035
2009-08-19,49,0.053
2009-08-20,36,0.039
2009-08-21,22,0.024
2009-08-22,15,0.016
2009-08-23,21,0.023
2009-08-24,33,0.036
2009-08-25,41,0.044
2009-08-26,21,0.023
2009-08-27,28,0.03
2009-08-28,21,0.023
2009-08-29,29,0.031
2009-08-30,28,0.03
2009-08-31,35,0.038
2009-09-01,43,0.046
2009-09-02,44,0.048
2009-09-03,49,0.053
2009-09-04,93,0.068
2009-09-05,87,0.066
2009-09-06,48,0.052
2009-09-07,24,0.026
2009-09-08,36,0.039
2009-09-09,41,0.044
2009-09-10,61,0.058
2009-09-11,44,0.048
2009-09-12,43,0.046
2009-09-13,44,0.047
2009-09-14,42,0.045
2009-09-15,41,0.044
2009-09-16,28,0.03
2009-09-17,31,0.034
2009-09-18,42,0.045
2009-09-19,31,0.033
2009-09-20,47,0.051
2009-09-21,17,0.018
2009-09-22,21,0.023
2009-09-23,28,0.03
2009-09-24,17,0.018
2009-09-25,27,0.029
2009-09-26,18,0.019
2009-09-27,31,0.034
2009-09-28,16,0.017
2009-09-29,16,0.017
2009-09-30,22,0.024
2009-10-01,24,0.026
2009-10-02,13,0.014
2009-10-03,11,0.012
2009-10-04,10,0.011
2009-10-05,11,0.012
2009-10-06,19,0.02
2009-10-07,19,0.021
2009-10-08,13,0.014
2009-10-09,12,0.013
2009-10-10,22,0.024
2009-10-11,22,0.024
2009-10-12,13,0.014
2009-10-13,21,0.023
2009-10-14,15,0.016
2009-10-15,17,0.018
2009-10-16,17,0.018
2009-10-17,27,0.029
2009-10-18,26,0.028
2009-10-19,25,0.027
2009-10-20,20,0.022
2009-10-21,30,0.032
2009-10-22,18,0.019
2009-10-23,13,0.014
2009-10-24,13,0.014
2009-10-25,22,0.024
2009-10-26,25,0.027
2009-10-27,8,0.009
2009-10-28,20,0.022
2009-10-29,22,0.024
2009-10-30,24,0.026
2009-10-31,19,0.021
2010-03-31,24,0.026
2010-04-01,44,0.048
2010-04-02,44,0.047
2010-04-03,41,0.044
2010-04-04,42,0.045
2010-04-05,44,0.048
2010-04-06,40,0.043
2010-04-07,27,0.029
2010-04-08,27,0.029
2010-04-09,33,0.036
2010-04-10,45,0.049
2010-04-11,39,0.042
2010-04-12,42,0.045
2010-04-13,43,0.046
2010-04-14,41,0.044
2010-04-15,64,0.059
2010-04-16,35,0.038
2010-04-17,38,0.041
2010-04-18,27,0.029
2010-04-19,38,0.041
2010-04-20,36,0.039
2010-04-21,48,0.052
2010-04-22,35,0.038
2010-04-23,46,0.05
2010-04-24,37,0.04
2010-04-25,31,0.034
2010-04-26,41,0.044
2010-04-27,37,0.04
2010-04-28,32,0.035
2010-04-29,46,0.05
2010-04-30,42,0.045
2010-05-01,38,0.041
2010-05-02,26,0.028
2010-05-03,41,0.044
2010-05-04,40,0.043
2010-05-05,48,0.052
2010-05-06,30,0.032
2010-05-07,26,0.028
2010-05-08,31,0.034
2010-05-09,40,0.043
2010-05-10,43,0.046
2010-05-11,23,0.025
2010-05-12,37,0.04
2010-05-13,24,0.026
2010-05-14,39,0.042
2010-05-15,41,0.044
2010-05-16,36,0.039
2010-05-17,32,0.035
2010-05-18,33,0.036
2010-05-19,34,0.037
2010-05-20,61,0.058
2010-05-21,38,0.041
2010-05-22,39,0.042
2010-05-23,67,0.06
2010-05-24,61,0.058
2010-05-25,44,0.048
2010-05-26,77,0.063
2010-05-27,143,0.083
2010-05-28,101,0.071
2010-05-29,49,0.053
2010-05-30,61,0.058
2010-05-31,44,0.047
2010-06-01,51,0.055
2010-06-02,38,0.041
2010-06-03,42,0.045
2010-06-04,47,0.051
2010-06-05,31,0.033
2010-06-06,35,0.038
2010-06-07,39,0.042
2010-06-08,39,0.042
2010-06-09,37,0.04
2010-06-10,41,0.044
2010-06-11,40,0.043
2010-06-12,29,0.031
2010-06-13,35,0.038
2010-06-14,41,0.044
2010-06-15,40,0.043
2010-06-16,36,0.039
2010-06-17,44,0.047
2010-06-18,58,0.057
2010-06-19,44,0.047
2010-06-20,39,0.042
2010-06-21,49,0.053
2010-06-22,44,0.047
2010-06-23,31,0.033
2010-06-24,39,0.042
2010-06-25,61,0.058
2010-06-26,49,0.053
2010-06-27,34,0.037
2010-06-28,39,0.042
2010-06-29,31,0.033
2010-06-30,31,0.033
2010-07-01,40,0.043
2010-07-02,51,0.055
2010-07-03,61,0.058
2010-07-04,64,0.059
2010-07-05,51,0.055
2010-07-06,58,0.057
2010-07-07,64,0.059
2010-07-08,58,0.057
2010-07-09,34,0.037
2010-07-10,44,0.047
2010-07-11,45,0.049
2010-07-12,44,0.048
2010-07-13,44,0.048
2010-07-14,51,0.055
2010-07-15,43,0.046
2010-07-16,45,0.049
2010-07-17,51,0.055
2010-07-18,44,0.047
2010-07-19,45,0.049
2010-07-20,38,0.041
2010-07-21,42,0.045
2010-07-22,45,0.049
2010-07-23,37,0.04
2010-07-24,40,0.043
2010-07-25,43,0.046
2010-07-26,49,0.053
2010-07-27,74,0.062
2010-07-28,34,0.037
2010-07-29,39,0.042
2010-07-30,44,0.047
2010-07-31,40,0.043
2010-08-01,51,0.055
2010-08-02,67,0.06
2010-08-03,39,0.042
2010-08-04,31,0.034
2010-08-05,44,0.047
2010-08-06,34,0.037
2010-08-07,48,0.052
2010-08-08,47,0.051
2010-08-09,54,0.056
2010-08-10,67,0.06
2010-08-11,33,0.036
2010-08-12,46,0.05
2010-08-13,47,0.051
2010-08-14,33,0.036
2010-08-15,37,0.04
2010-08-16,31,0.034
2010-08-17,33,0.036
2010-08-18,40,0.043
2010-08-19,48,0.052
2010-08-20,77,0.063
2010-08-21,25,0.027
2010-08-22,34,0.037
2010-08-23,30,0.032
2010-08-24,32,0.035
2010-08-25,32,0.035
2010-08-26,38,0.041
2010-08-27,44,0.047
2010-08-28,64,0.059
2010-08-29,64,0.059
2010-08-30,58,0.057
2010-08-31,46,0.05
2010-09-01,40,0.043
2010-09-02,34,0.037
2010-09-03,30,0.032
2010-09-04,30,0.032
2010-09-05,33,0.036
2010-09-06,40,0.043
2010-09-07,46,0.05
2010-09-08,26,0.028
2010-09-09,21,0.023
2010-09-10,26,0.028
2010-09-11,22,0.024
2010-09-12,31,0.033
2010-09-13,37,0.04
2010-09-14,29,0.031
2010-09-15,34,0.037
2010-09-16,22,0.024
2010-09-17,22,0.024
2010-09-18,37,0.04
2010-09-19,32,0.035
2010-09-20,32,0.035
2010-09-21,54,0.056
2010-09-22,30,0.032
2010-09-23,45,0.049
2010-09-24,35,0.038
2010-09-25,18,0.019
2010-09-26,19,0.02
2010-09-27,7,0.008
2010-09-28,7,0.008
2010-09-29,34,0.037
2010-09-30,33,0.036
2010-10-01,26,0.028
2010-10-02,19,0.02
2010-10-03,20,0.022
2010-10-04,20,0.022
2010-10-05,24,0.026
2010-10-06,26,0.028
2010-10-07,28,0.03
2010-10-08,31,0.034
2010-10-09,38,0.041
2010-10-10,45,0.049
2010-10-11,36,0.039
2010-10-12,20,0.022
2010-10-13,15,0.016
2010-10-14,23,0.025
2010-10-15,29,0.031
2010-10-16,27,0.029
2010-10-17,31,0.034
2010-10-18,11,0.012
2010-10-19,21,0.023
2010-10-20,27,0.029
2010-10-21,18,0.019
2010-10-22,19,0.021
2010-10-23,18,0.019
2010-10-24,39,0.042
2010-10-25,18,0.019
2010-10-26,18,0.019
2010-10-27,30,0.032
2010-10-28,14,0.015
2010-10-29,23,0.025
2010-10-30,25,0.027
2010-10-31,28,0.03
2011-03-31,20,0.022
2011-04-01,42,0.045
2011-04-02,41,0.044
2011-04-03,38,0.041
2011-04-04,38,0.041
2011-04-05,40,0.043
2011-04-06,35,0.038
2011-04-07,37,0.04
2011-04-08,39,0.042
2011-04-09,31,0.034
2011-04-10,41,0.044
2011-04-11,34,0.037
2011-04-12,40,0.043
2011-04-13,45,0.049
2011-04-14,37,0.04
2011-04-15,40,0.043
2011-04-16,42,0.045
2011-04-17,44,0.047
2011-04-18,38,0.041
2011-04-19,39,0.042
2011-04-20,42,0.045
2011-04-21,45,0.049
2011-04-22,40,0.043
2011-04-23,47,0.051
2011-04-24,40,0.043
2011-04-25,36,0.039
2011-04-26,44,0.047
2011-04-27,25,0.027
2011-04-28,23,0.025
2011-04-29,30,0.032
2011-04-30,31,0.033
2011-05-01,26,0.028
2011-05-02,25,0.027
2011-05-03,17,0.018
2011-05-04,25,0.027
2011-05-05,30,0.032
2011-05-06,25,0.027
2011-05-07,30,0.032
2011-05-08,35,0.038
2011-05-09,31,0.033
2011-05-10,32,0.035
2011-05-11,41,0.044
2011-05-12,31,0.034
2011-05-13,23,0.025
2011-05-16,20,0.022
2011-05-17,9,0.01
2011-05-18,10,0.011
2011-05-19,18,0.019
2011-05-20,37,0.04
2011-05-21,45,0.049
2011-05-22,39,0.042
2011-05-23,35,0.038
2011-05-24,40,0.043
2011-05-25,31,0.033
2011-05-26,25,0.027
2011-05-27,6,0.006
2011-05-28,29,0.031
2011-05-29,36,0.039
2011-05-30,39,0.042
2011-05-31,33,0.036
2011-06-01,33,0.036
2011-06-02,35,0.038
2011-06-03,37,0.04
2011-06-04,43,0.046
2011-06-05,45,0.049
2011-06-06,48,0.052
2011-06-07,45,0.049
2011-06-08,43,0.046
2011-06-09,27,0.029
2011-06-10,28,0.03
2011-06-11,38,0.041
2011-06-12,27,0.029
2011-06-13,40,0.043
2011-06-14,35,0.038
2011-06-15,27,0.029
2011-06-16,24,0.026
2011-06-17,48,0.052
2011-06-18,51,0.055
2011-06-19,33,0.036
2011-06-20,21,0.023
2011-06-21,31,0.033
2011-06-22,27,0.029
2011-06-23,14,0.015
2011-06-24,14,0.015
2011-06-25,25,0.027
2011-06-26,35,0.038
2011-06-27,36,0.039
2011-06-28,32,0.035
2011-06-29,35,0.038
2011-06-30,74,0.062
2011-07-01,101,0.071
2011-07-02,46,0.05
2011-07-03,46,0.05
2011-07-04,42,0.045
2011-07-05,71,0.061
2011-07-06,45,0.049
2011-07-07,34,0.037
2011-07-08,50,0.054
2011-07-09,71,0.061
2011-07-10,77,0.063
2011-07-11,31,0.034
2011-07-12,42,0.045
2011-07-13,42,0.045
2011-07-14,36,0.039
2011-07-15,47,0.051
2011-07-16,67,0.06
2011-07-17,87,0.066
2011-07-18,37,0.04
2011-07-19,105,0.072
2011-07-20,61,0.058
2011-07-21,64,0.059
2011-07-22,48,0.052
2011-07-23,50,0.054
2011-07-24,64,0.059
2011-07-25,36,0.039
2011-07-26,33,0.036
2011-07-27,43,0.046
2011-07-28,45,0.049
2011-07-29,36,0.039
2011-07-30,54,0.056
2011-07-31,64,0.059
2011-08-01,33,0.036
2011-08-02,46,0.05
2011-08-03,31,0.034
2011-08-04,37,0.04
2011-08-05,46,0.05
2011-08-06,47,0.051
2011-08-07,43,0.046
2011-08-08,50,0.054
2011-08-09,33,0.036
2011-08-10,24,0.026
2011-08-11,30,0.032
2011-08-12,47,0.051
2011-08-13,80,0.064
2011-08-14,41,0.044
2011-08-15,35,0.038
2011-08-16,46,0.05
2011-08-17,49,0.053
2011-08-18,49,0.053
2011-08-19,71,0.061
2011-08-20,42,0.045
2011-08-21,28,0.03
2011-08-22,27,0.029
2011-08-23,36,0.039
2011-08-24,45,0.049
2011-08-25,21,0.023
2011-08-26,33,0.036
2011-08-27,61,0.058
2011-08-28,28,0.03
2011-08-29,25,0.027
2011-08-30,42,0.045
2011-08-31,46,0.05
2011-09-01,87,0.066
2011-09-02,67,0.06
2011-09-03,64,0.059
2011-09-04,32,0.035
2011-09-05,19,0.021
2011-09-06,19,0.021
2011-09-07,15,0.016
2011-09-08,21,0.023
2011-09-09,28,0.03
2011-09-10,28,0.03
2011-09-11,32,0.035
2011-09-12,38,0.041
2011-09-13,43,0.046
2011-09-14,23,0.025
2011-09-15,20,0.022
2011-09-16,16,0.017
2011-09-17,31,0.033
2011-09-18,37,0.04
2011-09-19,12,0.013
2011-09-20,31,0.033
2011-09-21,27,0.029
2011-09-22,22,0.024
2011-09-23,15,0.016
2011-09-24,31,0.034
2011-09-25,42,0.045
2011-09-26,30,0.032
2011-09-27,31,0.034
2011-09-28,18,0.019
2011-09-29,17,0.018
2011-09-30,24,0.026
2011-10-01,29,0.031
2011-10-02,25,0.027
2011-10-03,13,0.014
2011-10-04,25,0.027
2011-10-05,40,0.043
2011-10-06,42,0.045
2011-10-07,50,0.054
2011-10-08,58,0.057
2011-10-09,49,0.053
2011-10-10,39,0.042
2011-10-11,29,0.031
2011-10-12,22,0.024
2011-10-13,29,0.031
2011-10-14,23,0.025
2011-10-15,28,0.03
2011-10-16,13,0.014
2011-10-17,25,0.027
2011-10-18,6,0.007
2011-10-19,9,0.01
2011-10-20,12,0.013
2011-10-21,16,0.017
2011-10-22,21,0.023
2011-10-23,31,0.033
2011-10-24,16,0.017
2011-10-26,10,0.011
2011-10-27,8,0.009
2011-10-28,11,0.012
2011-10-29,13,0.014
2011-10-30,15,0.016
2011-10-31,7,0.008
2012-03-31,24,0.026
2012-04-01,28,0.03
2012-04-02,40,0.043
2012-04-03,32,0.035
2012-04-04,41,0.044
2012-04-05,36,0.039
2012-04-06,42,0.045
2012-04-07,49,0.053
2012-04-08,44,0.048
2012-04-09,44,0.048
2012-04-10,27,0.029
2012-04-11,32,0.035
2012-04-12,41,0.044
2012-04-13,45,0.049
2012-04-14,29,0.031
2012-04-15,47,0.051
2012-04-16,41,0.044
2012-04-17,33,0.036
2012-04-18,42,0.045
2012-04-19,44,0.048
2012-04-20,48,0.052
2012-04-21,43,0.046
2012-04-22,43,0.046
2012-04-23,44,0.047
2012-04-24,44,0.048
2012-04-25,35,0.038
2012-04-26,36,0.039
2012-04-27,45,0.049
2012-04-28,44,0.047
2012-04-29,58,0.057
2012-04-30,32,0.035
2012-05-01,42,0.045
2012-05-02,40,0.043
2012-05-03,45,0.049
2012-05-04,35,0.038
2012-05-05,37,0.04
2012-05-06,54,0.056
2012-05-07,31,0.034
2012-05-08,44,0.048
2012-05-09,35,0.038
2012-05-10,41,0.044
2012-05-11,50,0.054
2012-05-12,80,0.064
2012-05-13,46,0.05
2012-05-14,64,0.059
2012-05-15,100,0.07
2012-05-16,47,0.051
2012-05-17,46,0.05
2012-05-18,58,0.057
2012-05-19,150,0.085
2012-05-20,105,0.072
2012-05-21,54,0.056
2012-05-22,40,0.043
2012-05-23,58,0.057
2012-05-24,74,0.062
2012-05-25,97,0.069
2012-05-26,50,0.054
2012-05-27,93,0.068
2012-05-28,100,0.07
2012-05-29,45,0.049
2012-05-30,42,0.045
2012-05-31,33,0.036
2012-06-01,26,0.028
2012-06-02,50,0.054
2012-06-03,58,0.057
2012-06-04,32,0.035
2012-06-05,37,0.04
2012-06-06,40,0.043
2012-06-07,36,0.039
2012-06-08,48,0.052
2012-06-09,105,0.072
2012-06-10,136,0.081
2012-06-11,31,0.034
2012-06-12,46,0.05
2012-06-13,44,0.048
2012-06-14,47,0.051
2012-06-15,119,0.076
2012-06-16,93,0.068
2012-06-17,42,0.045
2012-06-18,44,0.048
2012-06-19,61,0.058
2012-06-20,64,0.059
2012-06-21,64,0.059
2012-06-22,49,0.053
2012-06-23,54,0.056
2012-06-24,87,0.066
2012-06-25,39,0.042
2012-06-26,41,0.044
2012-06-27,54,0.056
2012-06-28,166,0.092
2012-06-29,40,0.043
2012-06-30,100,0.07
2012-07-01,115,0.075
2012-07-02,159,0.089
2012-07-03,112,0.074
2012-07-04,84,0.065
2012-07-05,48,0.052
2012-07-06,143,0.083
2012-07-07,105,0.072
2012-07-08,46,0.05
2012-07-09,42,0.045
2012-07-10,43,0.046
2012-07-11,47,0.051
2012-07-12,90,0.067
2012-07-13,90,0.067
2012-07-14,74,0.062
2012-07-15,80,0.064
2012-07-16,93,0.068
2012-07-17,48,0.052
2012-07-18,41,0.044
2012-07-19,40,0.043
2012-07-20,35,0.038
2012-07-21,47,0.051
2012-07-22,93,0.068
2012-07-23,71,0.061
2012-07-24,44,0.048
2012-07-25,44,0.047
2012-07-26,39,0.042
2012-07-27,41,0.044
2012-07-28,44,0.048
2012-07-29,47,0.051
2012-07-30,50,0.054
2012-07-31,46,0.05
2012-08-01,44,0.047
2012-08-02,67,0.06
2012-08-03,105,0.072
2012-08-04,43,0.046
2012-08-05,34,0.037
2012-08-06,42,0.045
2012-08-07,101,0.071
2012-08-08,108,0.073
2012-08-09,30,0.032
2012-08-10,14,0.015
2012-08-11,18,0.019
2012-08-12,25,0.027
2012-08-13,38,0.041
2012-08-14,40,0.043
2012-08-15,41,0.044
2012-08-16,46,0.05
2012-08-17,27,0.029
2012-08-18,43,0.046
2012-08-19,67,0.06
2012-08-20,39,0.042
2012-08-21,47,0.051
2012-08-22,67,0.06
2012-08-23,97,0.069
2012-08-24,136,0.081
2012-08-25,108,0.073
2012-08-26,74,0.062
2012-08-27,29,0.031
2012-08-28,34,0.037
2012-08-29,39,0.042
2012-08-30,49,0.053
2012-08-31,44,0.048
2012-09-01,31,0.033
2012-09-02,36,0.039
2012-09-03,41,0.044
2012-09-04,35,0.038
2012-09-05,28,0.03
2012-09-06,41,0.044
2012-09-07,39,0.042
2012-09-08,22,0.024
2012-09-09,31,0.033
2012-09-10,37,0.04
2012-09-11,46,0.05
2012-09-12,61,0.058
2012-09-13,45,0.049
2012-09-14,26,0.028
2012-09-15,37,0.04
2012-09-16,49,0.053
2012-09-17,38,0.041
2012-09-18,19,0.021
2012-09-19,31,0.034
2012-09-20,30,0.032
2012-09-21,29,0.031
2012-09-22,23,0.025
2012-09-23,21,0.023
2012-09-24,32,0.035
2012-09-25,29,0.031
2012-09-26,19,0.021
2012-09-27,31,0.033
2012-09-28,32,0.035
2012-09-29,34,0.037
2012-09-30,34,0.037
2012-10-01,32,0.035
2012-10-02,21,0.023
2012-10-03,16,0.017
2012-10-04,37,0.04
2012-10-05,8,0.009
2012-10-06,19,0.02
2012-10-07,15,0.016
2012-10-08,27,0.029
2012-10-09,29,0.031
2012-10-10,17,0.018
2012-10-11,26,0.028
2012-10-12,20,0.022
2012-10-13,21,0.023
2012-10-14,28,0.03
2012-10-15,14,0.015
2012-10-16,21,0.023
2012-10-17,28,0.03
2012-10-18,22,0.024
2012-10-19,14,0.015
2012-10-20,16,0.017
2012-10-21,23,0.025
2012-10-22,19,0.021
2012-10-23,15,0.016
2012-10-24,34,0.037
2012-10-25,33,0.036
2012-10-26,10,0.011
2012-10-27,19,0.02
2012-10-28,22,0.024
2012-10-29,19,0.021
2012-10-30,14,0.015
2012-10-31,11,0.012
2013-03-31,31,0.034
2013-04-01,30,0.032
2013-04-02,32,0.035
2013-04-03,33,0.036
2013-04-04,33,0.036
2013-04-05,27,0.029
2013-04-06,25,0.027
2013-04-07,17,0.018
2013-04-08,28,0.03
2013-04-09,18,0.019
2013-04-10,19,0.02
2013-04-11,25,0.027
2013-04-12,18,0.019
2013-04-13,25,0.027
2013-04-14,27,0.029
2013-04-15,32,0.035
2013-04-16,22,0.024
2013-04-17,25,0.027
2013-04-18,35,0.038
2013-04-19,31,0.034
2013-04-20,41,0.044
2013-04-21,45,0.049
2013-04-22,50,0.054
2013-04-23,43,0.046
2013-04-24,29,0.031
2013-04-25,40,0.043
2013-04-26,47,0.051
2013-04-27,74,0.062
2013-04-28,28,0.03
2013-04-29,43,0.046
2013-04-30,43,0.046
2013-05-01,58,0.057
2013-05-02,71,0.061
2013-05-03,45,0.049
2013-05-04,48,0.052
2013-05-05,58,0.057
2013-05-06,54,0.056
2013-05-07,31,0.033
2013-05-08,41,0.044
2013-05-09,47,0.051
2013-05-10,36,0.039
2013-05-11,28,0.03
2013-05-12,28,0.03
2013-05-13,40,0.043
2013-05-14,47,0.051
2013-05-15,50,0.054
2013-05-16,44,0.048
2013-05-17,40,0.043
2013-05-18,48,0.052
2013-05-19,61,0.058
2013-05-20,39,0.042
2013-05-21,46,0.05
2013-05-22,40,0.043
2013-05-23,19,0.02
2013-05-24,31,0.034
2013-05-25,40,0.043
2013-05-26,39,0.042
2013-05-27,27,0.029
2013-05-28,34,0.037
2013-05-29,47,0.051
2013-05-30,39,0.042
2013-05-31,31,0.034
2013-06-01,43,0.046
2013-06-02,27,0.029
2013-06-03,40,0.043
2013-06-04,41,0.044
2013-06-05,49,0.053
2013-06-06,32,0.035
2013-06-07,29,0.031
2013-06-08,50,0.054
2013-06-09,49,0.053
2013-06-10,29,0.031
2013-06-11,45,0.049
2013-06-12,44,0.048
2013-06-13,35,0.038
2013-06-14,44,0.047
2013-06-15,44,0.047
2013-06-16,44,0.047
2013-06-17,45,0.049
2013-06-18,37,0.04
2013-06-19,40,0.043
2013-06-20,80,0.064
2013-06-21,90,0.067
2013-06-22,61,0.058
2013-06-23,77,0.063
2013-06-24,61,0.058
2013-06-25,43,0.046
2013-06-26,40,0.043
2013-06-27,40,0.043
2013-06-28,37,0.04
2013-06-29,33,0.036
2013-06-30,27,0.029
2013-07-01,19,0.02
2013-07-02,30,0.032
2013-07-03,44,0.047
2013-07-04,42,0.045
2013-07-05,44,0.047
2013-07-06,27,0.029
2013-07-07,38,0.041
2013-07-08,33,0.036
2013-07-09,38,0.041
2013-07-10,33,0.036
2013-07-11,44,0.048
2013-07-12,35,0.038
2013-07-13,39,0.042
2013-07-14,58,0.057
2013-07-15,43,0.046
2013-07-16,31,0.033
2013-07-17,34,0.037
2013-07-18,40,0.043
2013-07-19,40,0.043
2013-07-20,31,0.034
2013-07-21,35,0.038
2013-07-22,31,0.034
2013-07-23,34,0.037
2013-07-24,37,0.04
2013-07-25,41,0.044
2013-07-26,40,0.043
2013-07-27,25,0.027
2013-07-28,19,0.021
2013-07-29,19,0.021
2013-07-30,36,0.039
2013-07-31,26,0.028
2013-08-01,19,0.021
2013-08-02,17,0.018
2013-08-03,23,0.025
2013-08-04,20,0.022
2013-08-05,18,0.019
2013-08-06,21,0.023
2013-08-07,22,0.024
2013-08-08,25,0.027
2013-08-09,22,0.024
2013-08-10,23,0.025
2013-08-11,29,0.031
2013-08-12,24,0.026
2013-08-13,19,0.02
2013-08-14,19,0.021
2013-08-15,23,0.025
2013-08-16,25,0.027
2013-08-17,35,0.038
2013-08-18,44,0.048
2013-08-19,36,0.039
2013-08-20,31,0.034
2013-08-21,39,0.042
2013-08-22,31,0.033
2013-08-23,42,0.045
2013-08-24,39,0.042
2013-08-25,51,0.055
2013-08-26,44,0.048
2013-08-27,31,0.034
2013-08-28,44,0.047
2013-08-29,41,0.044
2013-08-30,44,0.048
2013-08-31,43,0.046
2013-09-01,39,0.042
2013-09-02,32,0.035
2013-09-03,28,0.03
2013-09-04,44,0.047
2013-09-05,42,0.045
2013-09-06,36,0.039
2013-09-07,47,0.051
2013-09-08,30,0.032
2013-09-09,41,0.044
2013-09-10,51,0.055
2013-09-11,46,0.05
2013-09-12,31,0.034
2013-09-13,24,0.026
2013-09-14,35,0.038
2013-09-15,33,0.036
2013-09-16,28,0.03
2013-09-17,37,0.04
2013-09-18,40,0.043
2013-09-19,37,0.04
2013-09-20,34,0.037
2013-09-21,23,0.025
2013-09-22,31,0.033
2013-09-23,31,0.034
2013-09-24,40,0.043
2013-09-25,42,0.045
2013-09-26,36,0.039
2013-09-27,34,0.037
2013-09-28,51,0.055
2013-09-29,21,0.023
2013-09-30,27,0.029
2013-10-01,27,0.029
2013-10-02,43,0.046
2013-10-03,20,0.022
2013-10-04,22,0.024
2013-10-05,16,0.017
2013-10-06,21,0.023
2013-10-07,14,0.015
2013-10-08,31,0.034
2013-10-09,39,0.042
2013-10-10,37,0.04
2013-10-11,38,0.041
2013-10-12,39,0.042
2013-10-13,34,0.037
2013-10-14,30,0.032
2013-10-15,11,0.012
2013-10-16,19,0.021
2013-10-17,8,0.009
2013-10-18,25,0.027
2013-10-19,17,0.018
2013-10-20,26,0.028
2013-10-21,19,0.02
2013-10-22,17,0.018
2013-10-23,18,0.019
2013-10-24,15,0.016
2013-10-25,19,0.021
2013-10-26,20,0.022
2013-10-27,20,0.022
2013-10-28,17,0.018
2013-10-29,17,0.018
2013-10-30,19,0.021
2013-10-31,19,0.021
2014-05-16,32,0.035
2014-05-17,37,0.04
2014-05-18,50,0.054
2014-05-19,48,0.052
2014-05-20,44,0.047
2014-05-21,44,0.047
2014-05-22,34,0.037
2014-05-23,38,0.041
2014-05-24,48,0.052
2014-05-25,67,0.06
2014-05-26,48,0.052
2014-05-27,37,0.04
2014-05-28,34,0.037
2014-05-29,39,0.042
2014-05-30,35,0.038
2014-05-31,50,0.054
2014-06-01,100,0.07
2014-06-02,29,0.031
2014-06-03,45,0.049
2014-06-04,32,0.035
2014-06-05,42,0.045
2014-06-06,61,0.058
2014-06-07,115,0.075
2014-06-08,90,0.067
2014-06-09,58,0.057
2014-06-10,48,0.052
2014-06-11,28,0.03
2014-06-12,31,0.034
2014-06-13,33,0.036
2014-06-14,45,0.049
2014-06-15,58,0.057
2014-06-16,44,0.048
2014-06-17,38,0.041
2014-06-18,29,0.031
2014-06-19,39,0.042
2014-06-20,41,0.044
2014-06-21,51,0.055
2014-06-22,58,0.057
2014-06-23,35,0.038
2014-06-24,25,0.027
2014-06-25,31,0.034
2014-06-26,45,0.049
2014-06-27,41,0.044
2014-06-28,74,0.062
2014-06-29,44,0.047
2014-06-30,37,0.04
2014-07-01,35,0.038
2014-07-02,29,0.031
2014-07-03,29,0.031
2014-07-04,36,0.039
2014-07-05,48,0.052
2014-07-06,48,0.052
2014-07-07,38,0.041
2014-07-08,37,0.04
2014-07-09,31,0.034
2014-07-10,48,0.052
2014-07-11,47,0.051
2014-07-12,71,0.061
2014-07-13,44,0.047
2014-07-14,46,0.05
2014-07-15,22,0.024
2014-07-16,21,0.023
2014-07-17,32,0.035
2014-07-18,67,0.06
2014-07-19,48,0.052
2014-07-20,100,0.07
2014-07-21,74,0.062
2014-07-22,64,0.059
2014-07-23,28,0.03
2014-07-24,41,0.044
2014-07-25,41,0.044
2014-07-26,50,0.054
2014-07-27,43,0.046
2014-07-28,23,0.025
2014-07-29,30,0.032
2014-07-30,36,0.039
2014-07-31,43,0.046
2014-08-01,54,0.056
2014-08-02,87,0.066
2014-08-03,105,0.072
2014-08-04,50,0.054
2014-08-05,50,0.054
2014-08-06,47,0.051
2014-08-07,71,0.061
2014-08-08,48,0.052
2014-08-09,37,0.04
2014-08-10,115,0.075
2014-08-11,22,0.024
2014-08-12,31,0.033
2014-08-13,29,0.031
2014-08-14,32,0.035
2014-08-15,41,0.044
2014-08-16,71,0.061
2014-08-17,32,0.035
2014-08-18,42,0.045
2014-08-19,47,0.051
2014-08-20,36,0.039
2014-08-21,35,0.038
2014-08-22,44,0.048
2014-08-23,42,0.045
2014-08-24,43,0.046
2014-08-25,48,0.052
2014-08-26,42,0.045
2014-08-27,43,0.046
2014-08-28,41,0.044
2014-08-29,49,0.053
2014-08-30,42,0.045
2014-08-31,38,0.041
2014-09-01,31,0.034
2014-09-02,26,0.028
2014-09-03,44,0.047
2014-09-04,43,0.046
2014-09-05,37,0.04
2014-09-06,23,0.025
2014-09-07,39,0.042
2014-09-08,44,0.048
2014-09-09,35,0.038
2014-09-10,22,0.024
2014-09-11,19,0.021
2014-09-12,17,0.018
2014-09-13,19,0.02
2014-09-14,26,0.028
2014-09-15,20,0.022
2014-09-16,28,0.03
2014-09-17,35,0.038
2014-09-18,36,0.039
2014-09-19,37,0.04
2014-09-20,46,0.05
2014-09-21,29,0.031
2014-09-22,22,0.024
2014-09-23,34,0.037
2014-09-24,39,0.042
2014-09-25,41,0.044
2014-09-26,45,0.049
2014-09-27,47,0.051
2014-09-28,71,0.061
2014-09-29,61,0.058
2014-09-30,6,0.007
2014-10-01,29,0.031
2014-10-02,31,0.033
2014-10-03,28,0.03
2014-10-04,17,0.018
2014-10-05,25,0.027
2014-10-06,15,0.016
2014-10-07,8,0.009
2014-10-08,31,0.033
2014-10-09,22,0.024
2014-10-10,21,0.023
2014-10-11,31,0.034
2014-10-12,38,0.041
2014-10-13,23,0.025
2014-10-14,21,0.023
2014-10-15,19,0.021
2014-10-16,17,0.018
2014-10-17,26,0.028
2014-10-18,22,0.024
2014-10-19,24,0.026
2014-10-20,12,0.013
2014-10-21,19,0.02
2014-10-22,18,0.019
2014-10-23,19,0.02
2014-10-24,20,0.022
2014-10-25,34,0.037
2014-10-26,31,0.034
2014-10-27,40,0.043
2014-10-28,22,0.024
2014-10-29,11,0.012
2014-10-30,15,0.016
2014-10-31,19,0.02
2015-04-02,41,0.044
2015-04-06,15,0.016
2015-04-07,35,0.038
2015-04-08,20,0.022
2015-04-14,28,0.03
2015-04-15,34,0.037
2015-04-16,23,0.025
2015-04-17,43,0.046
2015-04-18,39,0.042
2015-04-19,28,0.03
2015-04-20,23,0.025
2015-04-21,28,0.03
2015-04-22,24,0.026
2015-04-23,35,0.038
2015-04-24,51,0.055
2015-04-25,48,0.052
2015-04-26,44,0.048
2015-04-27,32,0.035
2015-04-28,50,0.054
2015-04-29,58,0.057
2015-04-30,25,0.027
2015-05-01,45,0.049
2015-05-02,67,0.06
2015-05-03,74,0.062
2015-05-04,38,0.041
2015-05-05,34,0.037
2015-05-06,42,0.045
2015-05-07,48,0.052
2015-05-08,54,0.056
2015-05-09,43,0.046
2015-05-10,37,0.04
2015-05-11,24,0.026
2015-05-12,21,0.023
2015-05-13,31,0.033
2015-05-14,45,0.049
2015-05-15,44,0.047
2015-05-16,14,0.015
2015-05-17,11,0.012
2015-05-18,38,0.041
2015-05-19,19,0.021
2015-05-20,44,0.048
2015-05-21,40,0.043
2015-05-22,44,0.047
2015-05-23,61,0.058
2015-05-24,51,0.055
2015-05-25,34,0.037
2015-05-26,26,0.028
2015-05-27,35,0.038
2015-05-28,44,0.048
2015-05-29,41,0.044
2015-05-30,37,0.04
2015-05-31,24,0.026
2015-06-01,33,0.036
2015-06-02,41,0.044
2015-06-03,41,0.044
2015-06-04,44,0.048
2015-06-05,50,0.054
2015-06-06,36,0.039
2015-06-07,47,0.051
2015-06-08,43,0.046
2015-06-09,37,0.04
2015-06-10,67,0.06
2015-06-11,42,0.045
2015-06-12,42,0.045
2015-06-13,41,0.044
2015-06-14,31,0.033
2015-06-15,31,0.033
2015-06-16,41,0.044
2015-06-17,44,0.047
2015-06-18,34,0.037
2015-06-19,41,0.044
2015-06-20,36,0.039
2015-06-21,44,0.048
2015-06-22,35,0.038
2015-06-23,43,0.046
2015-06-24,40,0.043
2015-06-25,38,0.041
2015-06-26,41,0.044
2015-06-27,38,0.041
2015-06-28,35,0.038
2015-06-29,38,0.041
2015-06-30,39,0.042
2015-07-01,35,0.038
2015-07-02,44,0.047
2015-07-03,43,0.046
2015-07-04,44,0.047
2015-07-05,61,0.058
2015-07-06,61,0.058
2015-07-07,19,0.021
2015-07-08,31,0.033
2015-07-09,23,0.025
2015-07-10,44,0.048
2015-07-11,77,0.063
2015-07-12,41,0.044
2015-07-13,40,0.043
2015-07-14,35,0.038
2015-07-15,37,0.04
2015-07-16,43,0.046
2015-07-17,39,0.042
2015-07-18,47,0.051
2015-07-19,40,0.043
2015-07-20,40,0.043
2015-07-21,32,0.035
2015-07-22,34,0.037
2015-07-23,43,0.046
2015-07-24,43,0.046
2015-07-25,77,0.063
2015-07-26,34,0.037
2015-07-27,39,0.042
2015-07-28,44,0.048
2015-07-29,45,0.049
2015-07-30,34,0.037
2015-07-31,42,0.045
2015-08-01,31,0.034
2015-08-02,46,0.05
2015-08-03,36,0.039
2015-08-04,39,0.042
2015-08-05,34,0.037
2015-08-06,28,0.03
2015-08-07,34,0.037
2015-08-08,35,0.038
2015-08-09,40,0.043
2015-08-10,31,0.034
2015-08-11,26,0.028
2015-08-12,26,0.028
2015-08-13,37,0.04
2015-08-14,37,0.04
2015-08-15,58,0.057
2015-08-16,44,0.048
2015-08-17,43,0.046
2015-08-18,39,0.042
2015-08-19,34,0.037
2015-08-20,30,0.032
2015-08-21,39,0.042
2015-08-22,51,0.055
2015-08-23,49,0.053
2015-08-24,24,0.026
2015-08-25,20,0.022
2015-08-26,16,0.017
2015-08-27,32,0.035
2015-08-28,44,0.048
2015-08-29,61,0.058
2015-08-30,51,0.055
2015-08-31,71,0.061
2015-09-01,64,0.059
2015-09-02,44,0.048
2015-09-03,47,0.051
2015-09-04,44,0.048
2015-09-05,46,0.05
2015-09-06,74,0.062
2015-09-07,71,0.061
2015-09-08,58,0.057
2015-09-09,37,0.04
2015-09-10,41,0.044
2015-09-11,18,0.019
2015-09-12,24,0.026
2015-09-13,31,0.034
2015-09-14,43,0.046
2015-09-15,61,0.058
2015-09-16,77,0.063
2015-09-17,74,0.062
2015-09-18,47,0.051
2015-09-19,27,0.029
2015-09-20,31,0.033
2015-09-21,34,0.037
2015-09-22,43,0.046
2015-09-23,51,0.055
2015-09-24,64,0.059
2015-09-25,87,0.066
2015-09-26,51,0.055
2015-09-27,38,0.041
2015-09-28,34,0.037
2015-09-29,23,0.025
2015-09-30,27,0.029
2015-10-01,25,0.027
2015-10-02,26,0.028
2015-10-03,24,0.026
2015-10-04,27,0.029
2015-10-05,30,0.032
2015-10-06,18,0.019
2015-10-07,38,0.041
2015-10-08,39,0.042
2015-10-09,21,0.023
2015-10-10,37,0.04
2015-10-11,44,0.048
2015-10-12,49,0.053
2015-10-13,12,0.013
2015-10-14,20,0.022
2015-10-15,36,0.039
2015-10-16,28,0.03
2015-10-17,32,0.035
2015-10-18,38,0.041
2015-10-19,41,0.044
2015-10-20,48,0.052
2015-10-21,51,0.055
2015-10-22,27,0.029
2015-10-23,36,0.039
2015-10-24,29,0.031
2015-10-25,34,0.037
2015-10-26,33,0.036
2015-10-27,26,0.028
2015-10-28,19,0.021
2015-10-29,19,0.02
2015-10-30,17,0.018
2015-10-31,17,0.018
2016-04-01,25,0.027
2016-04-02,27,0.029
2016-04-03,31,0.034
2016-04-04,25,0.027
2016-04-05,31,0.034
2016-04-06,25,0.027
2016-04-07,28,0.03
2016-04-08,28,0.03
2016-04-09,34,0.037
2016-04-10,27,0.029
2016-04-11,24,0.026
2016-04-12,31,0.034
2016-04-13,33,0.036
2016-04-14,35,0.038
2016-04-15,46,0.05
2016-04-16,61,0.058
2016-04-17,46,0.05
2016-04-18,90,0.067
2016-04-19,34,0.037
2016-04-20,42,0.045
2016-04-21,31,0.033
2016-04-22,28,0.03
2016-04-23,42,0.045
2016-04-24,43,0.046
2016-04-25,39,0.042
2016-04-26,31,0.033
2016-04-27,40,0.043
2016-04-28,35,0.038
2016-04-29,26,0.028
2016-04-30,35,0.038
2016-05-01,29,0.031
2016-05-02,25,0.027
2016-05-03,31,0.034
2016-05-04,31,0.034
2016-05-05,37,0.04
2016-05-06,44,0.048
2016-05-07,47,0.051
2016-05-08,38,0.041
2016-05-09,31,0.034
2016-05-10,32,0.035
2016-05-11,40,0.043
2016-05-12,45,0.049
2016-05-13,32,0.035
2016-05-14,25,0.027
2016-05-15,35,0.038
2016-05-16,41,0.044
2016-05-17,33,0.036
2016-05-18,44,0.048
2016-05-19,50,0.054
2016-05-20,46,0.05
2016-05-21,44,0.048
2016-05-22,50,0.054
2016-05-23,51,0.055
2016-05-24,112,0.074
2016-05-25,64,0.059
2016-05-26,44,0.048
2016-05-27,45,0.049
2016-05-28,46,0.05
2016-05-29,48,0.052
2016-05-30,48,0.052
2016-05-31,64,0.059
2016-06-01,39,0.042
2016-06-02,47,0.051
2016-06-03,54,0.056
2016-06-04,58,0.057
2016-06-05,43,0.046
2016-06-06,61,0.058
2016-06-07,25,0.027
2016-06-08,35,0.038
2016-06-09,41,0.044
2016-06-10,77,0.063
2016-06-11,100,0.07
2016-06-12,44,0.047
2016-06-13,46,0.05
2016-06-14,44,0.047
2016-06-15,74,0.062
2016-06-16,31,0.034
2016-06-17,41,0.044
2016-06-18,44,0.048
2016-06-19,77,0.063
2016-06-20,50,0.054
2016-06-21,48,0.052
2016-06-22,58,0.057
2016-06-23,44,0.048
2016-06-24,45,0.049
2016-06-25,54,0.056
2016-06-26,71,0.061
2016-06-27,48,0.052
2016-06-28,27,0.029
2016-06-29,44,0.048
2016-06-30,74,0.062
2016-07-01,39,0.042
2016-07-02,42,0.045
2016-07-03,50,0.054
2016-07-04,51,0.055
2016-07-05,45,0.049
2016-07-06,45,0.049
2016-07-07,58,0.057
2016-07-08,48,0.052
2016-07-09,39,0.042
2016-07-10,39,0.042
2016-07-11,71,0.061
2016-07-12,48,0.052
2016-07-13,47,0.051
2016-07-14,38,0.041
2016-07-15,32,0.035
2016-07-16,31,0.034
2016-07-17,44,0.048
2016-07-18,39,0.042
2016-07-19,51,0.055
2016-07-20,49,0.053
2016-07-21,44,0.047
2016-07-22,51,0.055
2016-07-23,108,0.073
2016-07-24,32,0.035
2016-07-25,39,0.042
2016-07-26,39,0.042
2016-07-27,61,0.058
2016-07-28,74,0.062
2016-07-29,49,0.053
2016-07-30,40,0.043
2016-07-31,43,0.046
2016-08-01,54,0.056
2016-08-02,44,0.048
2016-08-03,42,0.045
2016-08-04,61,0.058
2016-08-05,44,0.047
2016-08-06,35,0.038
2016-08-07,39,0.042
2016-08-08,35,0.038
2016-08-09,49,0.053
2016-08-10,112,0.074
2016-08-11,33,0.036
2016-08-12,31,0.033
2016-08-13,25,0.027
2016-08-14,31,0.034
2016-08-15,17,0.018
2016-08-16,22,0.024
2016-08-17,37,0.04
2016-08-18,44,0.047
2016-08-19,43,0.046
2016-08-20,31,0.034
2016-08-21,24,0.026
2016-09-19,3,0.003
2016-09-20,67,0.06
2016-09-21,50,0.054
2016-09-22,49,0.053
2016-09-23,58,0.057
2016-09-24,31,0.033
2016-09-25,38,0.041
2016-09-26,24,0.026
2016-09-27,31,0.034
2016-09-28,32,0.035
2016-09-29,27,0.029
2016-09-30,18,0.019
2016-10-01,30,0.032
2016-10-02,33,0.036
2016-10-03,12,0.013
2016-10-04,44,0.047
2016-10-05,44,0.048
2016-10-06,47,0.051
2016-10-07,44,0.047
2016-10-08,31,0.034
2016-10-09,22,0.024
2016-10-10,31,0.034
2016-10-11,31,0.034
2016-10-12,45,0.049
2016-10-13,23,0.025
2016-10-14,29,0.031
2016-10-15,40,0.043
2016-10-16,30,0.032
2016-10-17,38,0.041
2016-10-18,28,0.03
2016-10-19,31,0.034
2016-10-20,29,0.031
2016-10-21,14,0.015
2016-10-22,27,0.029
2016-10-23,38,0.041
2016-10-24,23,0.025
2016-10-25,29,0.031
2016-10-26,26,0.028
2016-10-27,19,0.02
2016-10-28,25,0.027
2016-10-29,31,0.033
2016-10-30,23,0.025
2016-10-31,24,0.026
2017-02-28,21,0.023
2017-03-01,33,0.036
2017-03-02,32,0.035
2017-03-03,34,0.037
2017-03-04,37,0.04
2017-03-05,30,0.032
2017-03-06,29,0.031
2017-03-07,31,0.033
2017-03-08,39,0.042
2017-03-09,34,0.037
2017-03-10,35,0.038
2017-03-11,35,0.038
2017-03-12,37,0.04
2017-03-13,34,0.037
2017-03-14,35,0.038
2017-03-15,38,0.041
2017-03-16,37,0.04
2017-03-17,27,0.029
2017-03-18,18,0.019
2017-03-19,32,0.035
2017-03-20,16,0.017
2017-03-21,39,0.042
2017-03-22,33,0.036
2017-03-23,33,0.036
2017-03-24,46,0.05
2017-03-25,32,0.035
2017-03-26,22,0.024
2017-03-27,22,0.024
2017-03-28,23,0.025
2017-03-29,36,0.039
2017-03-30,28,0.03
2017-03-31,29,0.031
2017-04-01,42,0.045
2017-04-02,39,0.042
2017-04-03,31,0.033
2017-04-04,34,0.037
2017-04-05,35,0.038
2017-04-06,29,0.031
2017-04-07,38,0.041
2017-04-08,44,0.047
2017-04-09,48,0.052
2017-04-10,44,0.047
2017-04-11,30,0.032
2017-04-12,34,0.037
2017-04-13,41,0.044
2017-04-14,44,0.047
2017-04-15,50,0.054
2017-04-16,44,0.048
2017-04-17,42,0.045
2017-04-18,35,0.038
2017-04-19,33,0.036
2017-04-20,35,0.038
2017-04-21,29,0.031
2017-04-22,43,0.046
2017-04-23,44,0.047
2017-04-24,44,0.047
2017-04-25,38,0.041
2017-04-26,49,0.053
2017-04-27,36,0.039
2017-04-28,28,0.03
2017-04-29,37,0.04
2017-04-30,30,0.032
2017-05-01,37,0.04
2017-05-02,34,0.037
2017-05-03,42,0.045
2017-05-04,38,0.041
2017-05-05,34,0.037
2017-05-06,33,0.036
2017-05-07,40,0.043
2017-05-08,38,0.041
2017-05-09,43,0.046
2017-05-10,44,0.047
2017-05-11,31,0.034
2017-05-12,46,0.05
2017-05-13,54,0.056
2017-05-14,44,0.047
2017-05-15,32,0.035
2017-05-16,80,0.064
2017-05-17,50,0.054
2017-05-18,47,0.051
2017-05-19,26,0.028
2017-05-20,34,0.037
2017-05-21,36,0.039
2017-05-22,45,0.049
2017-05-23,61,0.058
2017-05-24,39,0.042
2017-05-25,28,0.03
2017-05-26,36,0.039
2017-05-27,44,0.047
2017-05-28,43,0.046
2017-05-29,43,0.046
2017-05-30,38,0.041
2017-05-31,42,0.045
2017-06-01,44,0.047
2017-06-02,44,0.047
2017-06-03,45,0.049
2017-06-04,71,0.061
2017-06-05,41,0.044
2017-06-06,31,0.034
2017-06-07,37,0.04
2017-06-08,44,0.047
2017-06-09,48,0.052
2017-06-10,87,0.066
2017-06-11,77,0.063
2017-06-12,51,0.055
2017-06-13,84,0.065
2017-06-14,64,0.059
2017-06-15,58,0.057
2017-06-16,71,0.061
2017-06-17,87,0.066
2017-06-18,47,0.051
2017-06-19,35,0.038
2017-06-20,43,0.046
2017-06-21,61,0.058
2017-06-22,21,0.023
2017-06-23,27,0.029
2017-06-24,37,0.04
2017-06-25,35,0.038
2017-06-26,31,0.033
2017-06-27,29,0.031
2017-06-28,46,0.05
2017-06-29,49,0.053
2017-06-30,35,0.038
2017-07-01,46,0.05
2017-07-02,47,0.051
2017-07-03,51,0.055
2017-07-04,31,0.034
2017-07-05,40,0.043
2017-07-06,50,0.054
2017-07-07,37,0.04
2017-07-08,31,0.033
2017-07-09,38,0.041
2017-07-10,27,0.029
2017-07-11,40,0.043
2017-07-12,41,0.044
2017-07-13,35,0.038
2017-07-14,33,0.036
2017-07-15,39,0.042
2017-07-16,43,0.046
2017-07-17,44,0.048
2017-07-18,51,0.055
2017-07-19,50,0.054
2017-07-20,43,0.046
2017-07-21,54,0.056
2017-07-22,41,0.044
2017-07-23,40,0.043
2017-07-24,25,0.027
2017-07-25,37,0.04
2017-07-26,42,0.045
2017-07-27,67,0.06
2017-07-28,27,0.029
2017-07-29,29,0.031
2017-07-30,33,0.036
2017-07-31,37,0.04
2017-08-01,61,0.058
2017-08-02,44,0.047
2017-08-03,42,0.045
2017-08-04,24,0.026
2017-08-05,25,0.027
2017-08-06,31,0.034
2017-08-07,40,0.043
2017-08-08,31,0.034
2017-08-09,41,0.044
2017-08-10,47,0.051
2017-08-11,39,0.042
2017-08-12,42,0.045
2017-08-13,40,0.043
2017-08-14,43,0.046
2017-08-15,58,0.057
2017-08-16,47,0.051
2017-08-17,31,0.033
2017-08-18,36,0.039
2017-08-19,42,0.045
2017-08-20,49,0.053
2017-08-21,41,0.044
2017-08-22,33,0.036
2017-08-23,27,0.029
2017-08-24,28,0.03
2017-08-25,35,0.038
2017-08-26,37,0.04
2017-08-27,43,0.046
2017-08-28,25,0.027
2017-08-29,29,0.031
2017-08-30,40,0.043
2017-08-31,27,0.029
2017-09-01,30,0.032
2017-09-02,30,0.032
2017-09-03,35,0.038
2017-09-04,38,0.041
2017-09-05,35,0.038
2017-09-06,19,0.021
2017-09-07,17,0.018
2017-09-08,28,0.03
2017-09-09,27,0.029
2017-09-10,28,0.03
2017-09-11,27,0.029
2017-09-12,34,0.037
2017-09-13,21,0.023
2017-09-14,27,0.029
2017-09-15,33,0.036
2017-09-16,37,0.04
2017-09-17,37,0.04
2017-09-18,20,0.022
2017-09-19,29,0.031
2017-09-20,39,0.042
2017-09-21,44,0.048
2017-09-22,46,0.05
2017-09-23,87,0.066
2017-09-24,50,0.054
2017-09-25,51,0.055
2017-09-26,44,0.048
2017-09-27,26,0.028
2017-09-28,28,0.03
2017-09-29,28,0.03
2017-09-30,31,0.033
2017-10-01,35,0.038
2017-10-02,38,0.041
2017-10-03,38,0.041
2017-10-04,26,0.028
2017-10-05,29,0.031
2017-10-06,15,0.016
2017-10-07,35,0.038
2017-10-08,29,0.031
2017-10-09,35,0.038
2017-10-10,26,0.028
2017-10-11,17,0.018
2017-10-12,6,0.006
2017-10-13,21,0.023
2017-10-14,43,0.046
2017-10-15,24,0.026
2017-10-16,23,0.025
2017-10-17,31,0.033
2017-10-18,33,0.036
2017-10-19,32,0.035
2017-10-20,35,0.038
2017-10-21,37,0.04
2017-10-22,33,0.036
2017-10-23,26,0.028
2017-10-24,19,0.02
2017-10-25,19,0.021
2017-10-26,22,0.024
2017-10-27,17,0.018
2017-10-28,17,0.018
2017-10-29,16,0.017
2017-10-30,14,0.015
2017-10-31,19,0.02
2018-02-28,29,0.031
2018-03-01,31,0.033
2018-03-02,35,0.038
2018-03-03,35,0.038
2018-03-04,38,0.041
2018-03-05,38,0.041
2018-03-06,27,0.029
2018-03-07,32,0.035
2018-03-08,31,0.033
2018-03-09,29,0.031
2018-03-10,39,0.042
2018-03-11,39,0.042
2018-03-12,28,0.03
2018-03-13,35,0.038
2018-03-14,36,0.039
2018-03-15,37,0.04
2018-03-16,34,0.037
2018-03-17,37,0.04
2018-03-18,42,0.045
2018-03-19,39,0.042
2018-03-20,35,0.038
2018-03-21,35,0.038
2018-03-22,39,0.042
2018-03-23,36,0.039
2018-03-24,39,0.042
2018-03-25,41,0.044
2018-03-26,43,0.046
2018-03-27,19,0.021
2018-03-28,35,0.038
2018-03-29,27,0.029
2018-03-30,37,0.04
2018-03-31,34,0.037
2018-04-01,41,0.044
2018-04-02,41,0.044
2018-04-03,29,0.031
2018-04-04,37,0.04
2018-04-05,38,0.041
2018-04-06,40,0.043
2018-04-07,37,0.04
2018-04-08,43,0.046
2018-04-09,44,0.047
2018-04-10,42,0.045
2018-04-11,40,0.043
2018-04-12,45,0.049
2018-04-13,30,0.032
2018-04-14,37,0.04
2018-04-15,32,0.035
2018-04-16,30,0.032
2018-04-17,34,0.037
2018-04-18,36,0.039
2018-04-19,46,0.05
2018-04-20,46,0.05
2018-04-21,44,0.047
2018-04-22,54,0.056
2018-04-23,48,0.052
2018-04-24,42,0.045
2018-04-25,44,0.047
2018-04-26,39,0.042
2018-04-27,48,0.052
2018-04-28,33,0.036
2018-04-29,44,0.047
2018-04-30,51,0.055
2018-05-01,67,0.06
2018-05-02,46,0.05
2018-05-03,36,0.039
2018-05-04,43,0.046
2018-05-05,61,0.058
2018-05-06,61,0.058
2018-05-07,44,0.047
2018-05-08,51,0.055
2018-05-09,58,0.057
2018-05-10,40,0.043
2018-05-11,47,0.051
2018-05-12,34,0.037
2018-05-13,36,0.039
2018-05-14,32,0.035
2018-05-15,48,0.052
2018-05-16,48,0.052
2018-05-17,87,0.066
2018-05-18,41,0.044
2018-05-19,37,0.04
2018-05-20,35,0.038
2018-05-21,41,0.044
2018-05-22,37,0.04
2018-05-23,61,0.058
2018-05-24,87,0.066
2018-05-25,97,0.069
2018-05-26,58,0.057
2018-05-27,112,0.074
2018-05-28,122,0.077
2018-05-29,108,0.073
2018-05-30,31,0.033
2018-05-31,87,0.066
2018-06-01,58,0.057
2018-06-02,29,0.031
2018-06-03,42,0.045
2018-06-04,36,0.039
2018-06-05,35,0.038
2018-06-06,46,0.05
2018-06-07,100,0.07
2018-06-08,87,0.066
2018-06-09,54,0.056
2018-06-10,31,0.033
2018-06-11,41,0.044
2018-06-12,30,0.032
2018-06-13,45,0.049
2018-06-14,45,0.049
2018-06-15,47,0.051
2018-06-16,74,0.062
2018-06-17,87,0.066
2018-06-18,45,0.049
2018-06-19,31,0.033
2018-06-20,39,0.042
2018-06-21,45,0.049
2018-06-22,34,0.037
2018-06-23,34,0.037
2018-06-24,36,0.039
2018-06-25,36,0.039
2018-06-26,48,0.052
2018-06-27,38,0.041
2018-06-28,74,0.062
2018-06-29,77,0.063
2018-06-30,54,0.056
2018-07-01,48,0.052
2018-07-02,46,0.05
2018-07-03,61,0.058
2018-07-04,46,0.05
2018-07-05,45,0.049
2018-07-06,49,0.053
2018-07-07,41,0.044
2018-07-08,90,0.067
2018-07-09,77,0.063
2018-07-10,140,0.082
2018-07-11,61,0.058
2018-07-12,46,0.05
2018-07-13,97,0.069
2018-07-14,97,0.069
2018-07-15,100,0.07
2018-07-16,46,0.05
2018-07-17,36,0.039
2018-07-18,45,0.049
2018-07-19,50,0.054
2018-07-20,39,0.042
2018-07-21,37,0.04
2018-07-22,47,0.051
2018-07-23,40,0.043
2018-07-24,35,0.038
2018-07-25,42,0.045
2018-07-26,42,0.045
2018-07-27,34,0.037
2018-07-28,33,0.036
2018-07-29,37,0.04
2018-07-30,36,0.039
2018-07-31,39,0.042
2018-08-01,40,0.043
2018-08-02,45,0.049
2018-08-03,47,0.051
2018-08-04,80,0.064
2018-08-05,46,0.05
2018-08-06,36,0.039
2018-08-07,31,0.034
2018-08-08,38,0.041
2018-08-09,44,0.048
2018-08-10,42,0.045
2018-08-11,44,0.047
2018-08-12,51,0.055
2018-08-13,58,0.057
2018-08-14,44,0.047
2018-08-15,43,0.046
2018-08-16,16,0.017
2018-08-17,31,0.033
2018-08-18,41,0.044
2018-08-19,31,0.034
2018-08-20,43,0.046
2018-08-21,38,0.041
2018-08-22,27,0.029
2018-08-23,34,0.037
2018-08-24,40,0.043
2018-08-25,34,0.037
2018-08-26,35,0.038
2018-08-27,37,0.04
2018-08-28,38,0.041
2018-08-29,35,0.038
2018-08-30,31,0.034
2018-08-31,42,0.045
2018-09-01,31,0.033
2018-09-02,30,0.032
2018-09-03,34,0.037
2018-09-04,42,0.045
2018-09-05,38,0.041
2018-09-06,27,0.029
2018-09-07,28,0.03
2018-09-08,22,0.024
2018-09-09,20,0.022
2018-09-10,11,0.012
2018-09-11,34,0.037
2018-09-12,25,0.027
2018-09-13,35,0.038
2018-09-14,49,0.053
2018-09-15,31,0.034
2018-09-16,33,0.036
2018-09-17,32,0.035
2018-09-18,44,0.047
2018-09-19,29,0.031
2018-09-20,42,0.045
2018-09-21,39,0.042
2018-09-22,28,0.03
2018-09-23,35,0.038
2018-09-24,10,0.011
2018-09-25,16,0.017
2018-09-26,29,0.031
2018-09-27,22,0.024
2018-09-28,34,0.037
2018-09-29,31,0.033
2018-09-30,42,0.045
2018-10-01,20,0.022
2018-10-02,19,0.021
2018-10-03,30,0.032
2018-10-04,28,0.03
2018-10-05,15,0.016
2018-10-06,29,0.031
2018-10-07,16,0.017
2018-10-08,18,0.019
2018-10-09,30,0.032
2018-10-10,22,0.024
2018-10-11,22,0.024
2018-10-12,23,0.025
2018-10-13,26,0.028
2018-10-14,30,0.032
2018-10-15,21,0.023
2018-10-16,26,0.028
2018-10-17,23,0.025
2018-10-18,26,0.028
2018-10-19,27,0.029
2018-10-20,23,0.025
2018-10-21,24,0.026
2018-10-22,21,0.023
2018-10-23,21,0.023
2018-10-24,22,0.024
2018-10-25,19,0.021
2018-10-26,24,0.026
2018-10-27,13,0.014
2018-10-28,16,0.017
2018-10-29,16,0.017
2018-10-30,23,0.025
2018-10-31,13,0.014
2019-02-28,25,0.027
2019-03-01,41,0.044
2019-03-02,36,0.039
2019-03-03,38,0.041
2019-03-04,31,0.034
2019-03-05,31,0.034
2019-03-06,33,0.036
2019-03-07,39,0.042
2019-03-08,38,0.041
2019-03-09,58,0.057
2019-03-10,39,0.042
2019-03-11,42,0.045
2019-03-12,43,0.046
2019-03-13,26,0.028
2019-03-14,35,0.038
2019-03-15,29,0.031
2019-03-16,38,0.041
2019-03-17,34,0.037
2019-03-18,34,0.037
2019-03-19,36,0.039
2019-03-20,37,0.04
2019-03-21,32,0.035
2019-03-22,34,0.037
2019-03-23,38,0.041
2019-03-24,31,0.033
2019-03-25,38,0.041
2019-03-26,39,0.042
2019-03-27,39,0.042
2019-03-28,42,0.045
2019-03-29,35,0.038
2019-03-30,35,0.038
2019-03-31,38,0.041
2019-04-01,38,0.041
2019-04-02,38,0.041
2019-04-03,40,0.043
2019-04-04,41,0.044
2019-04-05,30,0.032
2019-04-06,61,0.058
2019-04-07,31,0.034
2019-04-08,41,0.044
2019-04-09,42,0.045
2019-04-10,34,0.037
2019-04-11,34,0.037
2019-04-12,38,0.041
2019-04-13,43,0.046
2019-04-14,33,0.036
2019-04-15,42,0.045
2019-04-16,44,0.047
2019-04-17,40,0.043
2019-04-18,41,0.044
2019-04-19,33,0.036
2019-04-20,29,0.031
2019-04-21,38,0.041
2019-04-22,45,0.049
2019-04-23,37,0.04
2019-04-24,41,0.044
2019-04-25,31,0.034
2019-04-26,44,0.048
2019-04-27,45,0.049
2019-04-28,45,0.049
2019-04-29,35,0.038
2019-04-30,39,0.042
2019-05-01,31,0.033
2019-05-02,29,0.031
2019-05-03,24,0.026
2019-05-04,31,0.033
2019-05-05,48,0.052
2019-05-06,50,0.054
2019-05-07,30,0.032
2019-05-08,43,0.046
2019-05-09,31,0.034
2019-05-10,31,0.034
2019-05-11,38,0.041
2019-05-12,31,0.034
2019-05-13,29,0.031
2019-05-14,36,0.039
2019-05-15,51,0.055
2019-05-16,46,0.05
2019-05-17,33,0.036
2019-05-18,42,0.045
2019-05-19,44,0.047
2019-05-20,22,0.024
2019-05-21,29,0.031
2019-05-22,32,0.035
2019-05-23,47,0.051
2019-05-24,38,0.041
2019-05-25,42,0.045
2019-05-26,31,0.034
2019-05-27,38,0.041
2019-05-28,34,0.037
2019-05-29,36,0.039
2019-05-30,41,0.044
2019-05-31,45,0.049
2019-06-01,44,0.047
2019-06-02,36,0.039
2019-06-03,31,0.034
2019-06-04,39,0.042
2019-06-05,49,0.053
2019-06-06,49,0.053
2019-06-07,44,0.047
2019-06-08,42,0.045
2019-06-09,41,0.044
2019-06-10,29,0.031
2019-06-11,47,0.051
2019-06-12,58,0.057
2019-06-13,31,0.034
2019-06-14,44,0.047
2019-06-15,32,0.035
2019-06-16,31,0.033
2019-06-17,36,0.039
2019-06-18,49,0.053
2019-06-19,74,0.062
2019-06-20,35,0.038
2019-06-21,34,0.037
2019-06-22,31,0.033
2019-06-23,48,0.052
2019-06-24,39,0.042
2019-06-25,47,0.051
2019-06-26,51,0.055
2019-06-27,97,0.069
2019-06-28,74,0.062
2019-06-29,61,0.058
2019-06-30,43,0.046
2019-07-01,74,0.062
2019-07-02,47,0.051
2019-07-03,84,0.065
2019-07-04,49,0.053
2019-07-05,50,0.054
2019-07-06,44,0.047
2019-07-07,43,0.046
2019-07-08,36,0.039
2019-07-09,49,0.053
2019-07-10,58,0.057
2019-07-11,43,0.046
2019-07-12,45,0.049
2019-07-13,67,0.06
2019-07-14,54,0.056
2019-07-15,47,0.051
2019-07-16,25,0.027
2019-07-17,50,0.054
2019-07-18,36,0.039
2019-07-19,36,0.039
2019-07-20,43,0.046
2019-07-21,51,0.055
2019-07-22,31,0.034
2019-07-23,31,0.034
2019-07-24,35,0.038
2019-07-25,45,0.049
2019-07-26,50,0.054
2019-07-27,67,0.06
2019-07-28,50,0.054
2019-07-29,43,0.046
2019-07-30,41,0.044
2019-07-31,42,0.045
2019-08-01,58,0.057
2019-08-02,61,0.058
2019-08-03,50,0.054
2019-08-04,43,0.046
2019-08-05,46,0.05
2019-08-06,41,0.044
2019-08-07,37,0.04
2019-08-08,32,0.035
2019-08-09,33,0.036
2019-08-10,34,0.037
2019-08-11,46,0.05
2019-08-12,44,0.048
2019-08-13,50,0.054
2019-08-14,40,0.043
2019-08-15,38,0.041
2019-08-16,41,0.044
2019-08-17,38,0.041
2019-08-18,35,0.038
2019-08-19,44,0.047
2019-08-20,44,0.047
2019-08-21,44,0.048
2019-08-22,34,0.037
2019-08-23,38,0.041
2019-08-24,27,0.029
2019-08-25,37,0.04
2019-08-26,22,0.024
2019-08-27,30,0.032
2019-08-28,32,0.035
2019-08-29,37,0.04
2019-08-30,31,0.033
2019-08-31,31,0.033
2019-09-01,30,0.032
2019-09-02,36,0.039
2019-09-03,31,0.034
2019-09-04,22,0.024
2019-09-05,31,0.034
2019-09-06,34,0.037
2019-09-07,31,0.034
2019-09-08,28,0.03
2019-09-09,32,0.035
2019-09-10,46,0.05
2019-09-11,43,0.046
2019-09-12,25,0.027
2019-09-13,38,0.041
2019-09-14,33,0.036
2019-09-15,30,0.032
2019-09-16,44,0.048
2019-09-17,39,0.042
2019-09-18,41,0.044
2019-09-19,58,0.057
2019-09-20,74,0.062
2019-09-21,44,0.047
2019-09-22,44,0.047
2019-09-23,31,0.033
2019-09-24,33,0.036
2019-09-25,39,0.042
2019-09-26,32,0.035
2019-09-27,39,0.042
2019-09-28,28,0.03
2019-09-29,27,0.029
2019-09-30,31,0.034
2019-10-01,31,0.033
2019-10-02,16,0.017
2019-10-03,18,0.019
2019-10-04,25,0.027
2019-10-05,31,0.033
2019-10-06,27,0.029
2019-10-07,23,0.025
2019-10-08,38,0.041
2019-10-09,33,0.036
2019-10-10,35,0.038
2019-10-11,21,0.023
2019-10-12,31,0.033
2019-10-13,35,0.038
2019-10-14,24,0.026
2019-10-15,34,0.037
2019-10-16,23,0.025
2019-10-17,21,0.023
2019-10-18,24,0.026
2019-10-19,33,0.036
2019-10-20,36,0.039
2019-10-21,25,0.027
2019-10-22,23,0.025
2019-10-23,27,0.029
2019-10-24,25,0.027
2019-10-25,8,0.009
2019-10-26,22,0.024
2019-10-27,28,0.03
2019-10-28,30,0.032
2019-10-29,18,0.019
2019-10-30,10,0.011
2019-10-31,22,0.024
2020-02-29,19,0.02
2020-03-01,33,0.036
2020-03-02,28,0.03
2020-03-03,31,0.033
2020-03-04,31,0.033
2020-03-05,30,0.032
2020-03-06,31,0.033
2020-03-07,34,0.037
2020-03-08,36,0.039
2020-03-09,36,0.039
2020-03-10,24,0.026
2020-03-11,17,0.018
2020-03-12,24,0.026
2020-03-13,34,0.037
2020-03-14,30,0.032
2020-03-15,36,0.039
2020-03-16,31,0.034
2020-03-17,25,0.027
2020-03-18,22,0.024
2020-03-19,22,0.024
2020-03-20,31,0.034
2020-03-21,33,0.036
2020-03-22,38,0.041
2020-03-23,31,0.033
2020-03-24,37,0.04
2020-03-25,31,0.034
2020-03-26,31,0.034
2020-03-27,34,0.037
2020-03-28,25,0.027
2020-03-29,33,0.036
2020-03-30,31,0.033
2020-03-31,23,0.025
2020-04-01,23,0.025
2020-04-02,38,0.041
2020-04-03,43,0.046
2020-04-04,32,0.035
2020-04-05,29,0.031
2020-04-06,34,0.037
2020-04-07,37,0.04
2020-04-08,38,0.041
2020-04-09,39,0.042
2020-04-10,35,0.038
2020-04-11,41,0.044
2020-04-12,36,0.039
2020-04-13,35,0.038
2020-04-14,36,0.039
2020-04-15,31,0.034
2020-04-16,37,0.04
2020-04-17,36,0.039
2020-04-18,42,0.045
2020-04-19,39,0.042
2020-04-20,41,0.044
2020-04-21,37,0.04
2020-04-22,31,0.034
2020-04-23,31,0.034
2020-04-24,33,0.036
2020-04-25,41,0.044
2020-04-26,41,0.044
2020-04-27,39,0.042
2020-04-28,39,0.042
2020-04-29,39,0.042
2020-04-30,28,0.03
2020-05-01,44,0.047
2020-05-02,51,0.055
2020-05-03,47,0.051
2020-05-04,34,0.037
2020-05-05,34,0.037
2020-05-06,43,0.046
2020-05-07,44,0.048
2020-05-08,31,0.034
2020-05-09,36,0.039
2020-05-10,37,0.04
2020-05-11,24,0.026
2020-05-12,43,0.046
2020-05-13,41,0.044
2020-05-14,26,0.028
2020-05-15,35,0.038
2020-05-16,40,0.043
2020-05-17,32,0.035
2020-05-18,29,0.031
2020-05-19,38,0.041
2020-05-20,42,0.045
2020-05-21,40,0.043
2020-05-22,28,0.03
2020-05-23,38,0.041
2020-05-24,46,0.05
2020-05-25,42,0.045
2020-05-26,44,0.047
2020-05-27,39,0.042
2020-05-28,34,0.037
2020-05-29,37,0.04
2020-05-30,31,0.033
2020-05-31,40,0.043
2020-06-01,44,0.048
2020-06-02,71,0.061
2020-06-03,44,0.047
2020-06-04,46,0.05
2020-06-05,71,0.061
2020-06-06,50,0.054
2020-06-07,44,0.048
2020-06-08,34,0.037
2020-06-09,108,0.073
2020-06-10,37,0.04
2020-06-11,36,0.039
2020-06-12,39,0.042
2020-06-13,36,0.039
2020-06-14,33,0.036
2020-06-15,43,0.046
2020-06-16,49,0.053
2020-06-17,61,0.058
2020-06-18,46,0.05
2020-06-19,47,0.051
2020-06-20,105,0.072
2020-06-21,49,0.053
2020-06-22,61,0.058
2020-06-23,35,0.038
2020-06-24,32,0.035
2020-06-25,42,0.045
2020-06-26,48,0.052
2020-06-27,42,0.045
2020-06-28,41,0.044
2020-06-29,46,0.05
2020-06-30,44,0.048
2020-07-01,42,0.045
2020-07-02,90,0.067
2020-07-03,50,0.054
2020-07-04,38,0.041
2020-07-05,87,0.066
2020-07-06,97,0.069
2020-07-07,112,0.074
2020-07-08,93,0.068
2020-07-09,84,0.065
2020-07-10,42,0.045
2020-07-11,32,0.035
2020-07-12,31,0.034
2020-07-13,36,0.039
2020-07-14,58,0.057
2020-07-15,77,0.063
2020-07-16,37,0.04
2020-07-17,74,0.062
2020-07-18,49,0.053
2020-07-19,35,0.038
2020-07-20,36,0.039
2020-07-21,44,0.048
2020-07-22,30,0.032
2020-07-23,50,0.054
2020-07-24,64,0.059
2020-07-25,71,0.061
2020-07-26,46,0.05
2020-07-27,32,0.035
2020-07-28,41,0.044
2020-07-29,42,0.045
2020-07-30,31,0.034
2020-07-31,33,0.036
2020-08-01,30,0.032
2020-08-02,24,0.026
2020-08-03,35,0.038
2020-08-04,22,0.024
2020-08-05,32,0.035
2020-08-06,44,0.047
2020-08-07,46,0.05
2020-08-08,48,0.052
2020-08-09,49,0.053
2020-08-10,49,0.053
2020-08-11,41,0.044
2020-08-12,43,0.046
2020-08-13,48,0.052
2020-08-14,58,0.057
2020-08-15,48,0.052
2020-08-16,40,0.043
2020-08-17,34,0.037
2020-08-18,24,0.026
2020-08-19,39,0.042
2020-08-20,44,0.047
2020-08-21,77,0.063
2020-08-22,61,0.058
2020-08-23,50,0.054
2020-08-24,46,0.05
2020-08-25,36,0.039
2020-08-26,51,0.055
2020-08-27,42,0.045
2020-08-28,29,0.031
2020-08-29,32,0.035
2020-08-30,31,0.034
2020-08-31,41,0.044
2020-09-01,40,0.043
2020-09-02,31,0.034
2020-09-03,43,0.046
2020-09-04,31,0.033
2020-09-05,39,0.042
2020-09-06,31,0.033
2020-09-07,28,0.03
2020-09-08,27,0.029
2020-09-09,31,0.034
2020-09-10,14,0.015
2020-09-11,31,0.033
2020-09-12,40,0.043
2020-09-13,30,0.032
2020-09-14,19,0.021
2020-09-15,24,0.026
2020-09-16,36,0.039
2020-09-17,32,0.035
2020-09-18,30,0.032
2020-09-19,33,0.036
2020-09-20,34,0.037
2020-09-21,39,0.042
2020-09-22,41,0.044
2020-09-23,43,0.046
2020-09-24,45,0.049
2020-09-25,74,0.062
2020-09-26,33,0.036
2020-09-27,32,0.035
2020-09-28,17,0.018
2020-09-29,17,0.018
2020-09-30,25,0.027
2020-10-01,21,0.023
2020-10-02,21,0.023
2020-10-03,30,0.032
2020-10-04,18,0.019
2020-10-05,26,0.028
2020-10-06,32,0.035
2020-10-07,35,0.038
2020-10-08,31,0.033
2020-10-09,42,0.045
2020-10-10,33,0.036
2020-10-11,26,0.028
2020-10-12,23,0.025
2020-10-13,31,0.034
2020-10-14,31,0.034
2020-10-15,22,0.024
2020-10-16,27,0.029
2020-10-17,30,0.032
2020-10-18,24,0.026
2020-10-19,19,0.02
2020-10-20,32,0.035
2020-10-21,19,0.02
2020-10-22,19,0.021
2020-10-23,27,0.029
2020-10-24,23,0.025
2020-10-25,22,0.024
2020-10-26,19,0.021
2020-10-27,10,0.011
2020-10-28,19,0.021
2020-10-29,22,0.024
2020-10-30,28,0.03
2020-10-31,28,0.03
2021-02-28,26,0.028
2021-03-01,28,0.03
2021-03-02,26,0.028
2021-03-03,26,0.028
2021-03-04,25,0.027
2021-03-05,28,0.03
2021-03-06,31,0.033
2021-03-07,28,0.03
2021-03-08,34,0.037
2021-03-09,30,0.032
2021-03-10,38,0.041
2021-03-11,30,0.032
2021-03-12,33,0.036
2021-03-13,32,0.035
2021-03-14,34,0.037
2021-03-15,29,0.031
2021-03-16,22,0.024
2021-03-17,26,0.028
2021-03-18,23,0.025
2021-03-19,24,0.026
2021-03-20,25,0.027
2021-03-21,27,0.029
2021-03-22,37,0.04
2021-03-23,38,0.041
2021-03-24,37,0.04
2021-03-25,30,0.032
2021-03-26,25,0.027
2021-03-27,28,0.03
2021-03-28,28,0.03
2021-03-29,36,0.039
2021-03-30,45,0.049
2021-03-31,32,0.035
2021-04-01,31,0.034
2021-04-02,38,0.041
2021-04-03,45,0.049
2021-04-04,54,0.056
2021-04-05,31,0.033
2021-04-06,46,0.05
2021-04-07,49,0.053
2021-04-08,36,0.039
2021-04-09,44,0.047
2021-04-10,40,0.043
2021-04-11,29,0.031
2021-04-12,29,0.031
2021-04-13,42,0.045
2021-04-14,37,0.04
2021-04-15,24,0.026
2021-04-16,31,0.033
2021-04-17,31,0.033
2021-04-18,37,0.04
2021-04-19,42,0.045
2021-04-20,29,0.031
2021-04-21,33,0.036
2021-04-22,40,0.043
2021-04-23,46,0.05
2021-04-24,37,0.04
2021-04-25,34,0.037
2021-04-26,35,0.038
2021-04-27,51,0.055
2021-04-28,28,0.03
2021-04-29,27,0.029
2021-04-30,35,0.038
2021-05-01,43,0.046
2021-05-02,48,0.052
2021-05-03,21,0.023
2021-05-04,29,0.031
2021-05-05,29,0.031
2021-05-06,28,0.03
2021-05-07,38,0.041
2021-05-08,34,0.037
2021-05-09,33,0.036
2021-05-10,32,0.035
2021-05-11,29,0.031
2021-05-12,35,0.038
2021-05-13,41,0.044
2021-05-14,50,0.054
2021-05-15,67,0.06
2021-05-16,74,0.062
2021-05-17,54,0.056
2021-05-18,100,0.07
2021-05-19,49,0.053
2021-05-20,74,0.062
2021-05-21,54,0.056
2021-05-22,64,0.059
2021-05-23,43,0.046
2021-05-24,39,0.042
2021-05-25,54,0.056
2021-05-26,38,0.041
2021-05-27,34,0.037
2021-05-28,28,0.03
2021-05-29,40,0.043
2021-05-30,46,0.05
2021-05-31,50,0.054
2021-06-01,67,0.06
2021-06-02,28,0.03
2021-06-03,40,0.043
2021-06-04,80,0.064
2021-06-05,77,0.063
2021-06-06,58,0.057
2021-06-07,20,0.022
2021-06-08,28,0.03
2021-06-09,41,0.044
2021-06-10,40,0.043
2021-06-11,41,0.044
2021-06-12,87,0.066
2021-06-13,45,0.049
2021-06-14,48,0.052
2021-06-15,41,0.044
2021-06-16,42,0.045
2021-06-17,77,0.063
2021-06-18,44,0.048
2021-06-19,51,0.055
2021-06-20,77,0.063
2021-06-21,21,0.023
2021-06-22,17,0.018
2021-06-23,22,0.024
2021-06-24,31,0.034
2021-06-25,13,0.014
2021-06-26,19,0.021
2021-06-27,19,0.021
2021-06-28,22,0.024
2021-06-29,30,0.032
2021-06-30,13,0.014
2021-07-01,37,0.04
2021-07-02,22,0.024
2021-07-03,29,0.031
2021-07-04,29,0.031
2021-07-05,39,0.042
2021-07-06,43,0.046
2021-07-07,42,0.045
2021-07-08,38,0.041
2021-07-09,29,0.031
2021-07-10,37,0.04
2021-07-11,36,0.039
2021-07-12,36,0.039
2021-07-13,30,0.032
2021-07-14,36,0.039
2021-07-15,31,0.033
2021-07-16,30,0.032
2021-07-17,49,0.053
2021-07-18,27,0.029
2021-07-19,31,0.033
2021-07-20,42,0.045
2021-07-21,38,0.041
2021-07-22,44,0.048
2021-07-23,35,0.038
2021-07-24,42,0.045
2021-07-25,39,0.042
2021-07-26,44,0.048
2021-07-27,58,0.057
2021-07-28,64,0.059
2021-07-29,46,0.05
2021-07-30,41,0.044
2021-07-31,40,0.043
2021-08-01,11,0.012
2021-08-02,31,0.033
2021-08-03,40,0.043
2021-08-04,61,0.058
2021-08-05,54,0.056
2021-08-06,49,0.053
2021-08-07,47,0.051
2021-08-08,43,0.046
2021-08-09,32,0.035
2021-08-10,35,0.038
2021-08-11,28,0.03
2021-08-12,36,0.039
2021-08-13,30,0.032
2021-08-14,46,0.05
2021-08-15,33,0.036
2021-08-16,31,0.033
2021-08-17,41,0.044
2021-08-18,36,0.039
2021-08-19,49,0.053
2021-08-20,48,0.052
2021-08-21,45,0.049
2021-08-22,48,0.052
2021-08-23,43,0.046
2021-08-24,38,0.041
2021-08-25,33,0.036
2021-08-26,45,0.049
2021-08-27,38,0.041
2021-08-28,37,0.04
2021-08-29,30,0.032
2021-08-30,37,0.04
2021-08-31,43,0.046
2021-09-01,35,0.038
2021-09-02,44,0.047
2021-09-03,31,0.034
2021-09-04,40,0.043
2021-09-05,38,0.041
2021-09-06,36,0.039
2021-09-07,44,0.048
2021-09-08,31,0.034
2021-09-09,28,0.03
2021-09-10,31,0.033
2021-09-11,42,0.045
2021-09-12,43,0.046
2021-09-13,34,0.037
2021-09-14,31,0.034
2021-09-15,31,0.034
2021-09-16,40,0.043
2021-09-17,43,0.046
2021-09-18,42,0.045
2021-09-19,46,0.05
2021-09-20,27,0.029
2021-09-21,20,0.022
2021-09-22,17,0.018
2021-09-23,21,0.023
2021-09-24,33,0.036
2021-09-25,31,0.034
2021-09-26,40,0.043
2021-09-27,31,0.034
2021-10-18,4,0.004
2021-10-19,38,0.041
2021-10-20,38,0.041
2021-10-21,21,0.023
2021-10-22,22,0.024
2021-10-23,19,0.02
2021-10-24,30,0.032
2021-10-25,24,0.026
2021-10-26,19,0.02
2021-10-27,9,0.01
2021-10-28,23,0.025
2021-10-29,24,0.026
2021-10-30,17,0.018
2021-10-31,23,0.025
2022-02-28,25,0.027
2022-03-01,23,0.025
2022-03-02,33,0.036
2022-03-03,34,0.037
2022-03-04,33,0.036
2022-03-05,36,0.039
2022-03-06,34,0.037
2022-03-07,33,0.036
2022-03-08,33,0.036
2022-03-09,37,0.04
2022-03-10,32,0.035
2022-03-11,36,0.039
2022-03-12,35,0.038
2022-03-13,33,0.036
2022-03-14,39,0.042
2022-03-15,23,0.025
2022-03-16,44,0.048
2022-03-17,46,0.05
2022-03-18,45,0.049
2022-03-19,31,0.033
2022-03-20,40,0.043
2022-03-21,43,0.046
2022-03-22,34,0.037
2022-03-23,30,0.032
2022-03-24,24,0.026
2022-03-25,28,0.03
2022-03-26,21,0.023
2022-03-27,34,0.037
2022-03-28,35,0.038
2022-03-29,39,0.042
2022-03-30,35,0.038
2022-03-31,29,0.031
2022-04-01,33,0.036
2022-04-02,38,0.041
2022-04-03,31,0.034
2022-04-04,30,0.032
2022-04-05,34,0.037
2022-04-06,32,0.035
2022-04-07,31,0.034
2022-04-08,29,0.031
2022-04-09,31,0.034
2022-04-10,42,0.045
2022-04-11,37,0.04
2022-04-12,46,0.05
2022-04-13,31,0.034
2022-04-14,39,0.042
2022-04-15,40,0.043
2022-04-16,35,0.038
2022-04-17,34,0.037
2022-04-18,28,0.03
2022-04-19,31,0.033
2022-04-20,37,0.04
2022-04-21,41,0.044
2022-04-22,40,0.043
2022-04-23,46,0.05
2022-04-24,42,0.045
2022-04-25,29,0.031
2022-04-26,27,0.029
2022-04-27,35,0.038
2022-04-28,41,0.044
2022-04-29,44,0.048
2022-04-30,44,0.047
2022-05-01,35,0.038
2022-05-02,30,0.032
2022-05-03,26,0.028
2022-05-04,36,0.039
2022-05-05,32,0.035
2022-05-06,39,0.042
2022-05-07,46,0.05
2022-05-08,45,0.049
2022-05-09,49,0.053
2022-05-10,45,0.049
2022-05-11,64,0.059
2022-05-12,97,0.069
2022-05-13,44,0.048
2022-05-14,42,0.045
2022-05-15,67,0.06
2022-05-16,46,0.05
2022-05-17,31,0.033
2022-05-18,31,0.033
2022-05-19,46,0.05
2022-05-20,41,0.044
2022-05-21,43,0.046
2022-05-22,34,0.037
2022-05-23,35,0.038
2022-05-24,41,0.044
2022-05-25,30,0.032
2022-05-26,32,0.035
2022-05-27,38,0.041
2022-05-28,40,0.043
2022-05-29,44,0.047
2022-05-30,48,0.052
2022-05-31,44,0.048
2022-06-01,43,0.046
2022-06-02,37,0.04
2022-06-03,61,0.058
2022-06-04,37,0.04
2022-06-05,64,0.059
2022-06-06,48,0.052
2022-06-07,38,0.041
2022-06-08,45,0.049
2022-06-09,39,0.042
2022-06-10,41,0.044
2022-06-11,67,0.06
2022-06-12,51,0.055
2022-06-13,46,0.05
2022-06-14,46,0.05
2022-06-15,51,0.055
2022-06-16,71,0.061
2022-06-17,46,0.05
2022-06-18,42,0.045
2022-06-19,45,0.049
2022-06-20,97,0.069
2022-06-21,87,0.066
2022-06-22,84,0.065
2022-06-23,54,0.056
2022-06-24,77,0.063
2022-06-25,97,0.069
2022-06-26,47,0.051
2022-06-27,41,0.044
2022-06-28,61,0.058
2022-06-29,84,0.065
2022-06-30,97,0.069
2022-07-01,77,0.063
2022-07-02,50,0.054
2022-07-03,46,0.05
2022-07-04,77,0.063
2022-07-05,44,0.047
2022-07-06,42,0.045
2022-07-07,44,0.048
2022-07-08,41,0.044
2022-07-09,37,0.04
2022-07-10,44,0.048
2022-07-11,71,0.061
2022-07-12,41,0.044
2022-07-13,42,0.045
2022-07-14,50,0.054
2022-07-15,47,0.051
2022-07-16,48,0.052
2022-07-17,41,0.044
2022-07-18,46,0.05
2022-07-19,64,0.059
2022-07-20,49,0.053
2022-07-21,40,0.043
2022-07-22,40,0.043
2022-07-23,50,0.054
2022-07-24,44,0.047
2022-07-25,31,0.033
2022-07-26,42,0.045
2022-07-27,36,0.039
2022-07-28,44,0.048
2022-07-29,32,0.035
2022-07-30,35,0.038
2022-07-31,45,0.049
2022-08-01,42,0.045
2022-08-02,31,0.033
2022-08-03,38,0.041
2022-08-04,35,0.038
2022-08-05,38,0.041
2022-08-06,40,0.043
2022-08-07,36,0.039
2022-08-08,29,0.031
2022-08-09,31,0.034
2022-08-10,44,0.048
2022-08-11,40,0.043
2022-08-12,41,0.044
2022-08-13,26,0.028
2022-08-14,36,0.039
2022-08-15,45,0.049
2022-08-16,51,0.055
2022-08-17,51,0.055
2022-08-18,40,0.043
2022-08-19,47,0.051
2022-08-20,36,0.039
2022-08-21,43,0.046
2022-08-22,42,0.045
2022-08-23,35,0.038
2022-08-24,44,0.047
2022-08-25,44,0.048
2022-08-26,30,0.032
2022-08-27,32,0.035
2022-08-28,43,0.046
2022-08-29,33,0.036
2022-08-30,32,0.035
2022-08-31,28,0.03
2022-09-01,45,0.049
2022-09-02,40,0.043
2022-09-03,44,0.047
2022-09-04,24,0.026
2022-09-05,30,0.032
2022-09-06,33,0.036
2022-09-07,46,0.05
2022-09-08,41,0.044
2022-09-09,48,0.052
2022-09-10,35,0.038
2022-09-11,24,0.026
2022-09-12,26,0.028
2022-09-13,31,0.033
2022-09-14,34,0.037
2022-09-15,31,0.034
2022-09-16,44,0.047
2022-09-17,43,0.046
2022-09-18,45,0.049
2022-09-19,39,0.042
2022-09-20,39,0.042
2022-09-21,42,0.045
2022-09-22,23,0.025
2022-09-23,30,0.032
2022-09-24,33,0.036
2022-09-25,24,0.026
2022-09-26,23,0.025
2022-09-27,20,0.022
2022-09-28,14,0.015
2022-09-29,26,0.028
2022-09-30,32,0.035
2022-10-01,34,0.037
2022-10-02,31,0.033
2022-10-03,32,0.035
2022-10-04,40,0.043
2022-10-05,41,0.044
2022-10-06,46,0.05
2022-10-07,23,0.025
2022-10-08,28,0.03
2022-10-09,34,0.037
2022-10-10,36,0.039
2022-10-11,44,0.047
2022-10-12,38,0.041
2022-10-13,27,0.029
2022-10-14,31,0.034
2022-10-15,22,0.024
2022-10-16,30,0.032
2022-10-17,14,0.015
2022-10-18,19,0.021
2022-10-19,21,0.023
2022-10-20,21,0.023
2022-10-21,41,0.044
2022-10-22,48,0.052
2022-10-23,50,0.054
2022-10-24,44,0.048
2022-10-25,38,0.041
2022-10-26,24,0.026
2022-10-27,29,0.031
2022-10-28,28,0.03
2022-10-29,27,0.029
2022-10-30,22,0.024
2022-10-31,19,0.02
2023-02-28,23,0.025
2023-03-01,29,0.031
2023-03-02,31,0.034
2023-03-03,35,0.038
2023-03-04,39,0.042
2023-03-05,44,0.047
2023-03-06,33,0.036
2023-03-07,38,0.041
2023-03-08,40,0.043
2023-03-09,39,0.042
2023-03-10,35,0.038
2023-03-11,38,0.041
2023-03-12,34,0.037
2023-03-13,34,0.037
2023-03-14,39,0.042
2023-03-15,37,0.04
2023-03-16,35,0.038
2023-03-17,34,0.037
2023-03-18,32,0.035
2023-03-19,39,0.042
2023-03-20,39,0.042
2023-03-21,39,0.042
2023-03-22,29,0.031
2023-03-23,32,0.035
2023-03-24,40,0.043
2023-03-25,43,0.046
2023-03-26,43,0.046
2023-03-27,36,0.039
2023-03-28,39,0.042
2023-03-29,41,0.044
2023-03-30,40,0.043
2023-03-31,38,0.041
2023-04-01,38,0.041
2023-04-02,41,0.044
2023-04-03,41,0.044
2023-04-04,45,0.049
2023-04-05,34,0.037
2023-04-06,39,0.042
2023-04-07,44,0.048
2023-04-08,43,0.046
2023-04-09,49,0.053
2023-04-10,50,0.054
2023-04-11,51,0.055
2023-04-12,47,0.051
2023-04-13,61,0.058
2023-04-14,105,0.072
2023-04-15,54,0.056
2023-04-16,34,0.037
2023-04-17,32,0.035
2023-04-18,42,0.045
2023-04-19,44,0.048
2023-04-20,39,0.042
2023-04-21,30,0.032
2023-04-22,38,0.041
2023-04-23,30,0.032
2023-04-24,36,0.039
2023-04-25,32,0.035
2023-04-26,35,0.038
2023-04-27,45,0.049
2023-04-28,36,0.039
2023-04-29,47,0.051
2023-04-30,35,0.038
2023-05-01,28,0.03
2023-05-02,30,0.032
2023-05-03,27,0.029
2023-05-04,38,0.041
2023-05-05,47,0.051
2023-05-06,42,0.045
2023-05-07,48,0.052
2023-05-08,33,0.036
2023-05-09,46,0.05
2023-05-10,54,0.056
2023-05-11,80,0.064
2023-05-12,71,0.061
2023-05-13,45,0.049
2023-05-14,40,0.043
2023-05-15,47,0.051
2023-05-16,44,0.048
2023-05-17,43,0.046
2023-05-18,47,0.051
2023-05-19,61,0.058
2023-05-20,29,0.031
2023-05-21,43,0.046
2023-05-22,49,0.053
2023-05-23,74,0.062
2023-05-24,47,0.051
2023-05-25,37,0.04
2023-05-26,43,0.046
2023-05-27,45,0.049
2023-05-28,71,0.061
2023-05-29,100,0.07
2023-05-30,80,0.064
2023-05-31,71,0.061
2023-06-01,105,0.072
2023-06-02,115,0.075
2023-06-03,58,0.057
2023-06-04,43,0.046
2023-06-05,58,0.057
2023-06-06,50,0.054
2023-06-07,61,0.058
2023-06-08,43,0.046
2023-06-09,41,0.044
2023-06-10,84,0.065
2023-06-11,45,0.049
2023-06-12,31,0.034
2023-06-13,35,0.038
2023-06-14,49,0.053
2023-06-15,49,0.053
2023-06-16,37,0.04
2023-06-17,61,0.058
2023-06-18,80,0.064
2023-06-19,74,0.062
2023-06-20,84,0.065
2023-06-21,71,0.061
2023-06-22,45,0.049
2023-06-23,25,0.027
2023-06-24,45,0.049
2023-06-25,67,0.06
2023-06-26,37,0.04
2023-06-27,30,0.032
2023-06-28,101,0.071
2023-06-29,126,0.078
2023-06-30,71,0.061
2023-07-01,38,0.041
2023-07-02,41,0.044
2023-07-03,37,0.04
2023-07-04,67,0.06
2023-07-05,80,0.064
2023-07-06,54,0.056
2023-07-07,54,0.056
2023-07-08,44,0.047
2023-07-09,44,0.047
2023-07-10,77,0.063
2023-07-11,58,0.057
2023-07-12,39,0.042
2023-07-13,36,0.039
2023-07-14,58,0.057
2023-07-15,37,0.04
2023-07-16,58,0.057
2023-07-17,48,0.052
2023-07-18,47,0.051
2023-07-19,61,0.058
2023-07-20,42,0.045
2023-07-21,39,0.042
2023-07-22,38,0.041
2023-07-23,44,0.048
2023-07-24,54,0.056
2023-07-25,93,0.068
2023-07-26,42,0.045
2023-07-27,67,0.06
2023-07-28,44,0.048
2023-07-29,35,0.038
2023-07-30,33,0.036
2023-07-31,32,0.035
2023-08-01,36,0.039
2023-08-02,48,0.052
2023-08-03,74,0.062
2023-08-04,58,0.057
2023-08-05,40,0.043
2023-08-06,31,0.034
2023-08-07,30,0.032
2023-08-08,33,0.036
2023-08-09,44,0.047
2023-08-10,44,0.047
2023-08-11,39,0.042
2023-08-12,36,0.039
2023-08-13,37,0.04
2023-08-14,31,0.033
2023-08-15,22,0.024
2023-08-16,34,0.037
2023-08-17,32,0.035
2023-08-18,35,0.038
2023-08-19,42,0.045
2023-08-20,43,0.046
2023-08-21,35,0.038
2023-08-22,31,0.034
2023-08-23,39,0.042
2023-08-24,37,0.04
2023-08-25,25,0.027
2023-08-26,35,0.038
2023-08-27,28,0.03
2023-08-28,47,0.051
2023-08-29,49,0.053
2023-08-30,28,0.03
2023-08-31,31,0.034
2023-09-01,37,0.04
2023-09-02,47,0.051
2023-09-03,37,0.04
2023-09-04,31,0.034
2023-09-05,40,0.043
2023-09-06,28,0.03
2023-09-07,23,0.025
2023-09-08,17,0.018
2023-09-09,30,0.032
2023-09-10,38,0.041
2023-09-11,35,0.038
2023-09-12,22,0.024
2023-09-13,30,0.032
2023-09-14,34,0.037
2023-09-15,39,0.042
2023-09-16,46,0.05
2023-09-17,49,0.053
2023-09-18,22,0.024
2023-09-19,31,0.034
2023-09-20,42,0.045
2023-09-21,58,0.057
2023-09-22,45,0.049
2023-09-23,43,0.046
2023-09-24,36,0.039
2023-09-25,31,0.034
2023-09-26,27,0.029
2023-09-27,16,0.017
2023-09-28,16,0.017
2023-09-29,30,0.032
2023-09-30,43,0.046
2023-10-01,33,0.036
2023-10-02,43,0.046
2023-10-03,50,0.054
2023-10-04,44,0.048
2023-10-05,29,0.031
2023-10-06,27,0.029
2023-10-07,21,0.023
2023-10-08,27,0.029
2023-10-09,27,0.029
2023-10-10,23,0.025
2023-10-11,35,0.038
2023-10-12,24,0.026
2023-10-13,20,0.022
2023-10-14,19,0.021
2023-10-15,23,0.025
2023-10-16,19,0.02
2023-10-17,24,0.026
2023-10-18,27,0.029
2023-10-19,19,0.021
2023-10-20,16,0.017
2023-10-21,13,0.014
2023-10-22,21,0.023
2023-10-23,23,0.025
2023-10-24,39,0.042
2023-10-25,30,0.032
2023-10-26,31,0.033
2023-10-27,31,0.033
2023-10-28,19,0.021
2023-10-29,16,0.017
2023-10-30,24,0.026
2023-10-31,23,0.025
2024-02-29,8,0.009
2024-03-01,29,0.031
2024-03-02,28,0.03
2024-03-03,34,0.037
2024-03-04,25,0.027
2024-03-05,21,0.023
2024-03-06,21,0.023
2024-03-07,31,0.034
2024-03-08,20,0.022
2024-03-09,29,0.031
2024-03-10,34,0.037
2024-03-11,34,0.037
2024-03-12,41,0.044
2024-03-13,39,0.042
2024-03-14,31,0.034
2024-03-15,33,0.036
2024-03-16,37,0.04
2024-03-17,33,0.036
2024-03-18,31,0.033
2024-03-19,32,0.035
2024-03-20,33,0.036
2024-03-21,31,0.034
2024-03-22,35,0.038
2024-03-23,40,0.043
2024-03-24,39,0.042
2024-03-25,42,0.045
2024-03-26,34,0.037
2024-03-27,25,0.027
2024-03-28,38,0.041
2024-03-29,42,0.045
2024-03-30,30,0.032
2024-03-31,37,0.04
2024-04-01,40,0.043
2024-04-02,31,0.033
2024-04-03,33,0.036
2024-04-04,30,0.032
2024-04-05,39,0.042
2024-04-06,42,0.045
2024-04-07,42,0.045
2024-04-08,40,0.043
2024-04-09,43,0.046
2024-04-10,44,0.048
2024-04-11,34,0.037
2024-04-12,37,0.04
2024-04-13,42,0.045
2024-04-14,49,0.053
2024-04-15,44,0.048
2024-04-16,49,0.053
2024-04-17,35,0.038
2024-04-18,41,0.044
2024-04-19,42,0.045
2024-04-20,32,0.035
2024-04-21,39,0.042
2024-04-22,45,0.049
2024-04-23,33,0.036
2024-04-24,30,0.032
2024-04-25,40,0.043
2024-04-26,40,0.043
2024-04-27,45,0.049
2024-04-28,39,0.042
2024-04-29,41,0.044
2024-04-30,41,0.044
2024-05-01,58,0.057
2024-05-02,38,0.041
2024-05-03,44,0.048
2024-05-04,33,0.036
2024-05-05,38,0.041
2024-05-06,40,0.043
2024-05-07,41,0.044
2024-05-08,44,0.048
2024-05-09,33,0.036
2024-05-10,33,0.036
2024-05-11,35,0.038
2024-05-12,38,0.041
2024-05-13,49,0.053
2024-05-14,45,0.049
2024-05-15,50,0.054
2024-05-16,44,0.047
2024-05-17,50,0.054
2024-05-18,44,0.047
2024-05-19,64,0.059
2024-05-20,54,0.056
2024-05-21,58,0.057
2024-05-22,58,0.057
2024-05-23,64,0.059
2024-05-24,67,0.06
2024-05-25,49,0.053
2024-05-26,54,0.056
2024-05-27,35,0.038
2024-05-28,32,0.035
2024-05-29,31,0.033
2024-05-30,49,0.053
2024-05-31,71,0.061
2024-06-01,64,0.059
2024-06-02,38,0.041
2024-06-03,49,0.053
2024-06-04,54,0.056
2024-06-05,35,0.038
2024-06-06,47,0.051
2024-06-07,39,0.042
2024-06-08,43,0.046
2024-06-09,41,0.044
2024-06-10,37,0.04
2024-06-11,41,0.044
2024-06-12,64,0.059
2024-06-13,80,0.064
2024-06-14,61,0.058
2024-06-15,43,0.046
2024-06-16,54,0.056
2024-06-17,61,0.058
2024-06-18,41,0.044
2024-06-19,77,0.063
2024-06-20,84,0.065
2024-06-21,90,0.067
2024-06-22,58,0.057
2024-06-23,35,0.038
2024-06-24,46,0.05
2024-06-25,47,0.051
2024-06-26,30,0.032
2024-06-27,44,0.047
2024-06-28,43,0.046
2024-06-29,38,0.041
2024-06-30,30,0.032
2024-07-01,33,0.036
2024-07-02,48,0.052
2024-07-03,64,0.059
2024-07-04,44,0.048
2024-07-05,43,0.046
2024-07-06,44,0.048
2024-07-07,61,0.058
2024-07-08,67,0.06
2024-07-09,46,0.05
2024-07-10,41,0.044
2024-07-11,43,0.046
2024-07-12,51,0.055
2024-07-13,64,0.059
2024-07-14,40,0.043
2024-07-15,54,0.056
2024-07-16,50,0.054
2024-07-17,39,0.042
2024-07-18,34,0.037
2024-07-19,48,0.052
2024-07-20,49,0.053
2024-07-21,48,0.052
2024-07-22,54,0.056
2024-07-23,67,0.06
2024-07-24,38,0.041
2024-07-25,43,0.046
2024-07-26,40,0.043
2024-07-27,47,0.051
2024-07-28,67,0.06
2024-07-29,33,0.036
2024-07-30,39,0.042
2024-07-31,47,0.051
2024-08-01,48,0.052
2024-08-02,30,0.032
2024-08-03,41,0.044
2024-08-04,41,0.044
2024-08-05,36,0.039
2024-08-06,30,0.032
2024-08-07,36,0.039
2024-08-08,44,0.047
2024-08-09,33,0.036
2024-08-10,31,0.034
2024-08-11,30,0.032
2024-08-12,28,0.03
2024-08-13,41,0.044
2024-08-14,47,0.051
2024-08-15,43,0.046
2024-08-16,39,0.042
2024-08-17,31,0.033
2024-08-18,31,0.033
2024-08-19,27,0.029
2024-08-20,36,0.039
2024-08-21,40,0.043
2024-08-22,39,0.042
2024-08-23,58,0.057
2024-08-24,64,0.059
2024-08-25,46,0.05
2024-08-26,54,0.056
2024-08-27,51,0.055
2024-08-28,42,0.045
2024-08-29,31,0.033
2024-08-30,54,0.056
2024-08-31,33,0.036
2024-09-01,35,0.038
2024-09-02,38,0.041
2024-09-03,38,0.041
2024-09-04,46,0.05
2024-09-05,48,0.052
2024-09-06,26,0.028
2024-09-07,24,0.026
2024-09-08,33,0.036
2024-09-09,39,0.042
2024-09-10,45,0.049
2024-09-11,64,0.059
2024-09-12,74,0.062
2024-09-13,50,0.054
2024-09-14,43,0.046
2024-09-15,61,0.058
2024-09-16,51,0.055
2024-09-17,47,0.051
2024-09-18,39,0.042
2024-09-19,37,0.04
2024-09-20,47,0.051
2024-09-21,46,0.05
2024-09-22,43,0.046
2024-09-23,28,0.03
2024-09-24,26,0.028
2024-09-25,29,0.031
2024-09-26,31,0.033
2024-09-27,31,0.034
2024-09-28,22,0.024
2024-09-29,15,0.016
2024-09-30,31,0.033
2024-10-01,28,0.03
2024-10-02,35,0.038
2024-10-03,43,0.046
2024-10-04,41,0.044
2024-10-05,36,0.039
2024-10-06,41,0.044
2024-10-07,31,0.033
2024-10-08,33,0.036
2024-10-09,31,0.033
2024-10-10,26,0.028
2024-10-11,44,0.048
2024-10-12,29,0.031
2024-10-13,22,0.024
2024-10-14,22,0.024
2024-10-15,23,0.025
2024-10-16,26,0.028
2024-10-17,27,0.029
2024-10-18,34,0.037
2024-10-19,42,0.045
2024-10-20,46,0.05
2024-10-21,44,0.048
2024-10-22,43,0.046
2024-10-23,31,0.034
2024-10-24,26,0.028
2024-10-25,21,0.023
2024-10-26,31,0.034
2024-10-27,32,0.035
2024-10-28,32,0.035
2024-10-29,35,0.038
2024-10-30,37,0.04
2024-10-31,28,0.03
2025-02-28,31,0.033
2025-03-01,36,0.039
2025-03-02,32,0.035
2025-03-03,29,0.031
2025-03-04,30,0.032
2025-03-05,34,0.037
2025-03-06,39,0.042
2025-03-07,28,0.03
2025-03-08,38,0.041
2025-03-09,38,0.041
2025-03-10,40,0.043
2025-03-11,41,0.044
2025-03-12,41,0.044
2025-03-13,38,0.041
2025-03-14,39,0.042
2025-03-15,34,0.037
2025-03-16,25,0.027
2025-03-17,28,0.03
2025-03-18,37,0.04
2025-03-19,42,0.045
2025-03-20,31,0.033
2025-03-21,37,0.04
2025-03-22,39,0.042
2025-03-23,31,0.034
2025-03-24,28,0.03
2025-03-25,35,0.038
2025-03-26,39,0.042
2025-03-27,40,0.043
2025-03-28,34,0.037
2025-03-29,39,0.042
2025-03-30,40,0.043
2025-03-31,36,0.039
2025-04-01,42,0.045
2025-04-02,36,0.039
2025-04-03,32,0.035
2025-04-04,38,0.041
2025-04-05,34,0.037
2025-04-06,41,0.044
2025-04-07,40,0.043
2025-04-08,38,0.041
2025-04-09,39,0.042
2025-04-10,34,0.037
2025-04-11,44,0.048
2025-04-12,44,0.048
2025-04-13,43,0.046
2025-04-14,43,0.046
2025-04-15,33,0.036
2025-04-16,38,0.041
2025-04-17,43,0.046
2025-04-18,47,0.051
2025-04-19,32,0.035
2025-04-20,39,0.042
2025-04-21,40,0.043
2025-04-22,48,0.052
2025-04-23,48,0.052
2025-04-24,87,0.066
2025-04-25,35,0.038
2025-04-26,39,0.042
2025-04-27,48,0.052
2025-04-28,46,0.05
2025-04-29,39,0.042
2025-04-30,39,0.042
2025-05-01,38,0.041
2025-05-02,38,0.041
2025-05-03,32,0.035
2025-05-04,30,0.032
2025-05-05,36,0.039
2025-05-06,25,0.027
2025-05-07,39,0.042
2025-05-08,36,0.039
2025-05-09,43,0.046
2025-05-10,74,0.062
2025-05-11,40,0.043
2025-05-12,48,0.052
2025-05-13,32,0.035
2025-05-14,39,0.042
2025-05-15,43,0.046
2025-05-16,50,0.054
2025-05-17,27,0.029
2025-05-18,29,0.031
2025-05-19,32,0.035
2025-05-20,32,0.035
2025-05-21,21,0.023
2025-05-22,21,0.023
2025-05-23,27,0.029
2025-05-24,31,0.033
2025-05-25,37,0.04
2025-05-26,44,0.047
2025-05-27,42,0.045
2025-05-28,38,0.041
2025-05-29,39,0.042
2025-05-30,42,0.045
2025-05-31,38,0.041
2025-06-01,39,0.042
2025-06-02,47,0.051
2025-06-03,54,0.056
2025-06-04,49,0.053
2025-06-05,39,0.042
2025-06-06,47,0.051
2025-06-07,54,0.056
2025-06-08,54,0.056
2025-06-09,48,0.052
2025-06-10,44,0.048
2025-06-11,80,0.064
2025-06-12,42,0.045
2025-06-13,42,0.045
2025-06-14,37,0.04
2025-06-15,47,0.051
2025-06-16,37,0.04
2025-06-17,40,0.043
2025-06-18,39,0.042
2025-06-19,41,0.044
2025-06-20,48,0.052
2025-06-21,45,0.049
2025-06-22,42,0.045
2025-06-23,42,0.045
2025-06-24,54,0.056
2025-06-25,84,0.065
2025-06-26,41,0.044
2025-06-27,42,0.045
2025-06-28,44,0.048
2025-06-29,97,0.069
2025-06-30,38,0.041
2025-07-01,46,0.05
2025-07-02,51,0.055
2025-07-03,47,0.051
2025-07-04,77,0.063
2025-07-05,74,0.062
2025-07-06,51,0.055
2025-07-07,20,0.022
2025-07-08,48,0.052
2025-07-09,46,0.05
2025-07-10,44,0.048
2025-07-11,43,0.046
2025-07-12,33,0.036
2025-07-13,47,0.051
2025-07-14,77,0.063
2025-07-15,136,0.081
2025-07-16,28,0.03
2025-07-17,30,0.032
2025-07-18,33,0.036
2025-07-19,39,0.042
2025-07-20,35,0.038
2025-07-21,47,0.051
2025-07-22,42,0.045
2025-07-23,77,0.063
2025-07-24,44,0.048
2025-07-25,42,0.045
2025-07-26,36,0.039
2025-07-27,42,0.045
2025-07-28,32,0.035
2025-07-29,61,0.058
2025-07-30,71,0.061
2025-07-31,40,0.043
2025-08-01,41,0.044
2025-08-02,33,0.036
2025-08-03,43,0.046
2025-08-04,58,0.057
2025-08-05,93,0.068
2025-08-06,90,0.067
2025-08-07,61,0.058
2025-08-08,47,0.051
2025-08-09,44,0.047
2025-08-10,49,0.053
2025-08-11,42,0.045
2025-08-12,46,0.05
2025-08-13,41,0.044
2025-08-14,36,0.039
2025-08-15,54,0.056
2025-08-16,44,0.047
2025-08-17,38,0.041
2025-08-18,30,0.032
2025-08-19,31,0.033
2025-08-20,26,0.028
2025-08-21,31,0.034
2025-08-22,50,0.054
2025-08-23,39,0.042
2025-08-24,28,0.03
2025-08-25,23,0.025
2025-08-26,31,0.033
2025-08-27,34,0.037
2025-08-28,28,0.03
2025-08-29,31,0.033
2025-08-30,37,0.04
2025-08-31,41,0.044
2025-09-01,40,0.043
2025-09-02,44,0.048
2025-09-03,44,0.048
2025-09-04,24,0.026
2025-09-05,32,0.035
2025-09-06,29,0.031
2025-09-07,32,0.035
2025-09-08,34,0.037
2025-09-09,49,0.053
2025-09-10,49,0.053
2025-09-11,100,0.07
2025-09-12,64,0.059
2025-09-13,44,0.047
2025-09-14,77,0.063
2025-09-15,44,0.047
2025-09-16,40,0.043
2025-09-17,58,0.057
2025-09-18,64,0.059
2025-09-19,32,0.035
2025-09-20,33,0.036
2025-09-21,58,0.057
2025-09-22,30,0.032
2025-09-23,38,0.041
2025-09-24,40,0.043
2025-09-25,36,0.039
2025-09-26,35,0.038
2025-09-27,46,0.05
2025-09-28,46,0.05
2025-09-29,44,0.048
2025-09-30,58,0.057
2025-10-01,35,0.038
2025-10-02,43,0.046
2025-10-03,74,0.062
2025-10-04,51,0.055
2025-10-05,49,0.053
2025-10-06,33,0.036
2025-10-07,27,0.029
2025-10-08,31,0.033
2025-10-09,30,0.032
2025-10-10,38,0.041
2025-10-11,29,0.031
2025-10-12,36,0.039
2025-10-13,34,0.037
2025-10-14,41,0.044
2025-10-15,26,0.028
2025-10-16,31,0.033
2025-10-17,31,0.033
2025-10-18,43,0.046
2025-10-19,28,0.03
2025-10-20,28,0.03
2025-10-21,26,0.028
2025-10-22,15,0.016
2025-10-23,13,0.014
2025-10-24,19,0.02
2025-10-25,28,0.03
2025-10-26,30,0.032
2025-10-27,34,0.037
2025-10-28,35,0.038
2025-10-29,25,0.027
2025-10-30,13,0.014
2025-10-31,27,0.029
