date,aqi,value
1999-01-01,72,20.6
1999-01-02,62,14.8
1999-01-03,86,27.8
1999-01-04,103,36.3
1999-01-05,115,41.1
1999-01-06,54,10.7
1999-01-07,55,11.0
1999-01-08,56,12.0
1999-01-09,79,24.2
1999-01-10,75,22.0
1999-01-11,56,12.0
1999-01-12,51,9.2
1999-01-13,34,6.2
1999-01-14,28,5.0
1999-01-15,19,3.4
1999-01-16,23,4.1
1999-01-17,16,2.8
1999-01-18,22,4.0
1999-01-19,13,2.4
1999-01-20,14,2.5
1999-01-21,11,1.9
1999-01-22,18,3.2
1999-01-23,52,9.4
1999-01-24,55,11.3
1999-01-25,56,11.6
1999-01-26,71,19.8
1999-01-27,42,7.6
1999-01-29,14,2.5
1999-01-30,53,10.0
1999-01-31,39,7.1
1999-02-01,21,3.7
1999-02-02,44,7.9
1999-02-03,26,4.7
1999-02-04,32,5.8
1999-02-05,18,3.3
1999-02-06,11,2.0
1999-02-07,21,3.8
1999-02-08,24,4.4
1999-02-09,36,6.4
1999-02-10,25,4.5
1999-02-12,39,7.0
1999-02-13,43,7.8
1999-02-14,58,12.8
1999-02-15,23,4.1
1999-02-16,24,4.3
1999-02-17,29,5.3
1999-02-18,11,1.9
1999-02-19,31,5.6
1999-02-20,53,10.2
1999-02-21,11,2.0
1999-02-22,6,1.0
1999-02-23,4,0.8
1999-02-24,11,2.0
1999-02-26,3,0.6
1999-02-27,5,0.9
1999-02-28,21,3.7
1999-03-01,29,5.3
1999-03-02,52,9.5
1999-03-03,19,3.5
1999-03-04,34,6.2
1999-03-05,52,9.8
1999-03-06,72,20.4
1999-03-07,46,8.3
1999-03-08,28,5.1
1999-03-09,32,5.8
1999-03-10,37,6.7
1999-03-11,48,8.6
1999-03-13,29,5.3
1999-03-16,40,7.2
1999-03-18,74,21.5
1999-03-19,69,19.0
1999-03-20,36,6.5
1999-03-21,22,4.0
1999-03-22,23,4.2
1999-03-23,19,3.5
1999-03-24,22,3.9
1999-03-25,17,3.0
1999-03-26,18,3.3
1999-03-27,17,3.1
1999-03-28,21,3.7
1999-03-29,16,2.8
1999-03-30,19,3.5
1999-03-31,28,5.0
1999-04-03,27,4.8
1999-04-04,28,5.0
1999-04-06,61,14.3
1999-04-07,52,9.8
1999-04-08,20,3.6
1999-04-09,18,3.3
1999-04-10,19,3.4
1999-04-11,42,7.6
1999-04-12,29,5.3
1999-04-13,36,6.5
1999-04-14,54,10.5
1999-04-15,53,10.2
1999-04-16,58,12.6
1999-04-17,52,9.8
1999-04-18,52,9.5
1999-04-19,41,7.3
1999-04-20,19,3.5
1999-04-21,31,5.6
1999-04-22,45,8.1
1999-04-23,54,10.9
1999-04-24,52,9.5
1999-04-25,16,2.8
1999-04-26,22,4.0
1999-04-27,13,2.3
1999-04-28,31,5.6
1999-04-29,49,8.8
1999-04-30,41,7.4
1999-05-01,11,2.0
1999-05-02,7,1.2
1999-05-03,13,2.3
1999-05-04,20,3.6
1999-05-05,27,4.8
1999-05-06,31,5.6
1999-05-07,24,4.4
1999-05-08,28,5.1
1999-05-09,22,3.9
1999-05-10,31,5.6
1999-05-11,21,3.8
1999-05-12,19,3.5
1999-05-13,22,3.9
1999-05-14,11,1.9
1999-05-15,16,2.8
1999-05-16,23,4.1
1999-05-17,14,2.6
1999-05-18,11,2.0
1999-05-19,26,4.7
1999-05-20,25,4.5
1999-05-21,29,5.3
1999-05-22,49,8.8
1999-05-23,54,10.8
1999-05-24,32,5.8
1999-05-25,25,4.5
1999-05-26,46,8.3
1999-05-27,51,9.1
1999-05-28,34,6.2
1999-05-29,37,6.7
1999-05-30,41,7.3
1999-05-31,27,4.9
1999-06-01,27,4.8
1999-06-02,22,4.0
1999-06-03,33,6.0
1999-06-04,29,5.2
1999-06-05,16,2.9
1999-06-06,21,3.8
1999-06-07,14,2.5
1999-06-08,11,1.9
1999-06-09,29,5.3
1999-06-10,28,5.0
1999-06-11,33,6.0
1999-06-12,31,5.6
1999-06-13,22,4.0
1999-06-14,21,3.8
1999-06-15,14,2.5
1999-06-16,39,7.0
1999-06-17,26,4.6
1999-06-18,14,2.5
1999-06-19,18,3.3
1999-06-20,37,6.7
1999-06-21,11,2.0
1999-06-22,22,3.9
1999-06-23,31,5.6
1999-06-24,7,1.3
1999-06-25,13,2.4
1999-06-26,16,2.8
1999-06-27,22,4.0
1999-06-28,40,7.2
1999-06-29,32,5.7
1999-06-30,10,1.8
1999-07-01,8,1.5
1999-07-02,11,1.9
1999-07-03,17,3.1
1999-07-04,57,12.2
1999-07-05,76,22.4
1999-07-06,29,5.2
1999-07-07,16,2.9
1999-07-08,53,10.3
1999-07-09,63,15.7
1999-07-10,62,14.9
1999-07-11,54,10.9
1999-07-13,41,7.3
1999-07-14,28,5.0
1999-07-15,34,6.2
1999-07-16,14,2.5
1999-07-17,26,4.6
1999-07-18,42,7.5
1999-07-19,54,10.6
1999-07-20,23,4.1
1999-07-21,37,6.7
1999-07-22,52,9.9
1999-07-23,35,6.3
1999-07-24,11,1.9
1999-07-25,29,5.2
1999-07-26,52,9.4
1999-07-27,53,10.0
1999-07-28,41,7.4
1999-07-29,26,4.6
1999-07-30,47,8.5
1999-07-31,30,5.4
1999-08-01,27,4.9
1999-08-03,27,4.8
1999-08-04,28,5.0
1999-08-05,36,6.4
1999-08-06,33,5.9
1999-08-07,10,1.8
1999-08-08,18,3.2
1999-08-09,46,8.2
1999-08-10,49,8.9
1999-08-11,13,2.3
1999-08-12,25,4.5
1999-08-13,10,1.8
1999-08-14,11,2.0
1999-08-15,16,2.8
1999-08-16,34,6.1
1999-08-17,42,7.5
1999-08-18,16,2.8
1999-08-19,44,8.0
1999-08-20,28,5.0
1999-08-21,20,3.6
1999-08-22,44,7.9
1999-08-23,60,13.9
1999-08-24,52,9.8
1999-08-25,38,6.9
1999-08-26,46,8.3
1999-08-27,63,15.8
1999-08-28,53,10.0
1999-08-29,13,2.4
1999-08-30,17,3.0
1999-08-31,22,3.9
1999-09-01,41,7.4
1999-09-02,38,6.9
1999-09-03,43,7.8
1999-09-04,45,8.1
1999-09-05,25,4.5
1999-09-06,21,3.7
1999-09-07,36,6.4
1999-09-08,54,10.9
1999-09-09,44,7.9
1999-09-10,36,6.5
1999-09-11,43,7.7
1999-09-12,27,4.9
1999-09-13,48,8.6
1999-09-14,54,10.8
1999-09-15,58,12.6
1999-09-16,44,8.0
1999-09-17,60,14.0
1999-09-18,65,16.6
1999-09-19,60,13.9
1999-09-20,55,11.1
1999-09-21,59,13.3
1999-09-22,63,15.5
1999-09-23,38,6.9
1999-09-24,27,4.9
1999-09-25,23,4.1
1999-09-26,31,5.5
1999-09-27,47,8.5
1999-09-28,53,10.0
1999-09-29,48,8.7
1999-09-30,46,8.2
1999-10-01,61,14.4
1999-10-02,57,12.5
1999-10-03,58,12.7
1999-10-04,60,14.0
1999-10-05,52,9.9
1999-10-06,23,4.2
1999-10-07,24,4.3
1999-10-08,26,4.7
1999-10-09,53,10.2
1999-10-10,60,14.0
1999-10-11,56,11.7
1999-10-12,37,6.7
1999-10-13,32,5.8
1999-10-14,32,5.7
1999-10-15,55,11.3
1999-10-16,57,12.4
1999-10-17,56,12.0
1999-10-18,64,16.0
1999-10-19,62,14.9
1999-10-20,66,17.2
1999-10-21,83,26.1
1999-10-22,83,26.3
1999-10-23,77,23.3
1999-10-24,50,9.0
1999-10-25,51,9.1
1999-10-26,43,7.8
1999-10-27,52,9.6
1999-10-28,40,7.2
1999-10-29,58,13.1
1999-10-30,65,16.5
1999-10-31,56,12.0
1999-11-01,68,18.2
1999-11-02,90,30.2
1999-11-03,62,15.0
1999-11-04,52,9.7
1999-11-05,64,16.2
1999-11-06,53,10.4
1999-11-07,80,24.5
1999-11-08,53,10.1
1999-11-09,31,5.5
1999-11-10,24,4.4
1999-11-11,54,10.8
1999-11-12,56,11.7
1999-11-13,61,14.2
1999-11-14,63,15.5
1999-11-15,55,11.4
1999-11-16,48,8.7
1999-11-17,54,10.6
1999-11-18,71,19.6
1999-11-19,59,13.4
1999-11-20,28,5.0
1999-11-21,28,5.0
1999-11-22,19,3.5
1999-11-23,25,4.5
1999-11-24,12,2.2
1999-11-25,6,1.1
1999-11-26,36,6.4
1999-11-27,37,6.6
1999-11-28,56,12.0
1999-11-29,64,16.1
1999-11-30,18,3.3
1999-12-01,12,2.2
1999-12-02,27,4.8
1999-12-03,56,12.0
1999-12-04,70,19.2
1999-12-05,26,4.7
1999-12-06,14,2.6
1999-12-07,17,3.0
1999-12-08,28,5.0
1999-12-11,8,1.5
1999-12-12,16,2.9
1999-12-13,12,2.2
1999-12-14,13,2.3
1999-12-15,15,2.7
1999-12-16,13,2.4
1999-12-17,13,2.3
1999-12-18,55,11.5
1999-12-19,56,12.0
1999-12-20,62,14.9
1999-12-21,74,21.6
1999-12-22,103,36.3
1999-12-23,113,40.2
1999-12-24,95,32.8
1999-12-25,102,36.0
1999-12-26,143,52.6
1999-12-27,137,50.2
1999-12-28,136,49.8
1999-12-29,109,38.8
1999-12-30,87,28.5
1999-12-31,55,11.5
2000-01-01,26,4.7
2000-01-02,17,3.0
2000-01-03,29,5.3
2000-01-04,33,6.0
2000-01-05,51,9.3
2000-01-06,41,7.4
2000-01-07,21,3.7
2000-01-08,22,3.9
2000-01-09,26,4.6
2000-01-10,33,6.0
2000-01-11,11,1.9
2000-01-12,17,3.0
2000-01-13,52,9.7
2000-01-14,52,9.6
2000-01-15,55,11.0
2000-01-16,29,5.3
2000-01-17,67,17.5
2000-01-18,67,17.8
2000-01-19,80,24.4
2000-01-20,65,16.5
2000-01-21,16,2.9
2000-01-22,40,7.2
2000-01-23,58,13.0
2000-01-24,60,14.0
2000-01-25,54,10.5
2000-01-26,62,15.1
2000-01-27,62,14.8
2000-01-28,78,23.8
2000-01-29,102,35.8
2000-01-30,97,33.6
2000-01-31,17,3.1
2000-02-04,61,14.7
2000-02-06,59,13.4
2000-02-09,36,6.5
2000-02-10,64,16.0
2000-02-11,50,9.0
2000-02-12,28,5.1
2000-02-13,52,9.4
2000-02-14,29,5.2
2000-02-15,41,7.4
2000-02-16,57,12.3
2000-02-17,54,10.8
2000-02-18,59,13.3
2000-02-19,72,20.2
2000-02-20,98,34.1
2000-02-21,58,13.0
2000-02-22,12,2.1
2000-02-23,19,3.5
2000-02-24,21,3.8
2000-02-25,18,3.3
2000-02-26,19,3.4
2000-02-27,17,3.1
2000-02-28,19,3.5
2000-02-29,27,4.9
2000-03-01,23,4.1
2000-03-02,31,5.6
2000-03-03,26,4.7
2000-03-04,38,6.9
2000-03-05,57,12.1
2000-03-06,43,7.7
2000-03-07,58,12.7
2000-03-08,37,6.7
2000-03-09,13,2.4
2000-03-10,13,2.3
2000-03-11,41,7.4
2000-03-12,52,9.6
2000-03-13,25,4.5
2000-03-14,35,6.3
2000-03-15,55,11.5
2000-03-16,33,5.9
2000-03-17,36,6.4
2000-03-18,29,5.3
2000-03-19,17,3.1
2000-03-20,34,6.1
2000-03-21,30,5.4
2000-03-22,26,4.6
2000-03-23,34,6.2
2000-03-24,53,10.4
2000-03-25,47,8.5
2000-03-26,53,10.2
2000-03-27,17,3.1
2000-03-28,21,3.8
2000-03-29,47,8.4
2000-03-30,58,12.8
2000-03-31,58,12.7
2000-04-01,54,10.5
2000-04-02,57,12.3
2000-04-03,59,13.2
2000-04-04,33,5.9
2000-04-05,42,7.6
2000-04-06,25,4.5
2000-04-07,54,10.9
2000-04-08,53,10.2
2000-04-09,38,6.9
2000-04-10,57,12.5
2000-04-11,67,17.5
2000-04-12,51,9.1
2000-04-13,16,2.8
2000-04-14,13,2.3
2000-04-15,13,2.4
2000-04-16,35,6.3
2000-04-17,49,8.8
2000-04-18,24,4.4
2000-04-19,23,4.1
2000-04-20,29,5.3
2000-04-21,23,4.2
2000-04-22,17,3.0
2000-04-23,19,3.5
2000-04-24,49,8.8
2000-04-25,32,5.8
2000-04-26,54,10.6
2000-04-27,28,5.0
2000-04-28,22,3.9
2000-04-29,33,5.9
2000-04-30,23,4.2
2000-05-01,27,4.9
2000-05-02,17,3.1
2000-05-03,20,3.6
2000-05-04,18,3.2
2000-05-05,15,2.7
2000-05-06,37,6.6
2000-05-07,41,7.3
2000-05-08,18,3.2
2000-05-09,14,2.6
2000-05-10,12,2.2
2000-05-11,17,3.0
2000-05-12,26,4.7
2000-05-13,28,5.1
2000-05-14,34,6.2
2000-05-15,16,2.8
2000-05-16,32,5.7
2000-05-17,38,6.8
2000-05-18,26,4.7
2000-05-19,27,4.8
2000-05-20,47,8.5
2000-05-21,42,7.5
2000-05-22,24,4.3
2000-05-23,28,5.0
2000-05-24,34,6.1
2000-05-25,32,5.8
2000-05-26,19,3.5
2000-05-27,10,1.8
2000-05-28,12,2.2
2000-05-29,18,3.3
2000-05-30,21,3.8
2000-05-31,27,4.8
2000-06-01,41,7.4
2000-06-02,42,7.5
2000-06-03,52,9.5
2000-06-04,51,9.1
2000-06-05,22,4.0
2000-06-09,13,2.4
2000-06-10,13,2.4
2000-06-11,12,2.2
2000-06-12,8,1.5
2000-06-13,26,4.6
2000-06-14,32,5.8
2000-06-15,25,4.5
2000-06-16,38,6.9
2000-06-17,43,7.8
2000-06-18,19,3.5
2000-06-19,27,4.9
2000-06-20,44,7.9
2000-06-21,32,5.7
2000-06-22,24,4.4
2000-06-23,31,5.6
2000-06-24,27,4.8
2000-06-25,29,5.3
2000-06-26,44,8.0
2000-06-27,54,10.5
2000-06-28,54,10.6
2000-06-29,38,6.8
2000-06-30,17,3.1
2000-07-01,18,3.3
2000-07-02,14,2.6
2000-07-04,55,11.2
2000-07-06,19,3.5
2000-07-07,33,5.9
2000-07-08,30,5.4
2000-07-09,21,3.8
2000-07-10,27,4.9
2000-07-11,46,8.2
2000-07-12,39,7.1
2000-07-13,19,3.5
2000-07-14,19,3.4
2000-07-15,35,6.3
2000-07-16,50,9.0
2000-07-17,33,5.9
2000-07-18,31,5.6
2000-07-19,39,7.0
2000-07-20,49,8.8
2000-07-25,9,1.7
2000-07-26,15,2.7
2000-07-28,14,2.6
2000-07-29,27,4.9
2000-07-30,40,7.2
2000-07-31,25,4.5
2000-08-01,37,6.7
2000-08-02,52,9.8
2000-08-03,55,11.2
2000-08-04,52,9.5
2000-08-05,49,8.8
2000-08-06,35,6.3
2000-08-07,37,6.7
2000-08-08,48,8.7
2000-08-09,33,5.9
2000-08-10,19,3.4
2000-08-11,36,6.4
2000-08-12,35,6.3
2000-08-13,30,5.4
2000-08-14,37,6.7
2000-08-15,34,6.2
2000-08-16,38,6.9
2000-08-17,24,4.3
2000-08-18,16,2.8
2000-08-19,22,3.9
2000-08-20,24,4.4
2000-08-21,40,7.2
2000-08-22,51,9.3
2000-08-23,49,8.8
2000-08-24,37,6.7
2000-08-25,34,6.1
2000-08-26,18,3.2
2000-08-27,22,4.0
2000-08-28,41,7.4
2000-08-29,41,7.3
2000-08-30,37,6.6
2000-08-31,21,3.8
2000-09-01,26,4.7
2000-09-02,14,2.5
2000-09-03,12,2.1
2000-09-04,32,5.8
2000-09-05,28,5.0
2000-09-06,29,5.3
2000-09-07,34,6.1
2000-09-08,19,3.5
2000-09-09,24,4.4
2000-09-10,22,3.9
2000-09-11,27,4.9
2000-09-12,50,9.0
2000-09-13,54,10.9
2000-09-14,37,6.7
2000-09-15,21,3.8
2000-09-16,23,4.1
2000-09-17,39,7.0
2000-09-18,40,7.2
2000-09-19,34,6.2
2000-09-20,38,6.8
2000-09-21,23,4.2
2000-09-22,24,4.4
2000-09-23,44,8.0
2000-09-24,52,9.4
2000-09-25,52,9.7
2000-09-26,54,10.7
2000-09-27,52,9.8
2000-09-28,42,7.5
2000-09-29,30,5.4
2000-09-30,15,2.7
2000-10-01,8,1.5
2000-10-02,33,6.0
2000-10-03,54,10.7
2000-10-04,59,13.5
2000-10-05,52,9.5
2000-10-06,54,10.7
2000-10-07,55,11.5
2000-10-08,42,7.6
2000-10-09,30,5.4
2000-10-10,32,5.7
2000-10-11,48,8.6
2000-10-12,36,6.5
2000-10-13,24,4.3
2000-10-14,65,16.7
2000-10-15,71,19.7
2000-10-16,38,6.8
2000-10-18,43,7.8
2000-10-19,37,6.6
2000-10-20,29,5.3
2000-10-21,51,9.2
2000-10-22,77,23.1
2000-10-24,74,21.4
2000-10-25,89,29.4
2000-10-26,76,22.4
2000-10-27,70,19.3
2000-10-30,69,18.8
2000-11-02,46,8.2
2000-11-03,46,8.2
2000-11-04,55,11.3
2000-11-05,37,6.7
2000-11-06,57,12.4
2000-11-07,65,16.5
2000-11-08,32,5.8
2000-11-09,58,13.0
2000-11-10,78,23.8
2000-11-11,96,33.5
2000-11-12,96,33.0
2000-11-13,80,24.5
2000-11-14,99,34.6
2000-11-15,91,30.7
2000-11-16,119,43.0
2000-11-17,146,53.8
2000-11-18,153,58.7
2000-11-19,142,52.0
2000-11-20,121,43.8
2000-11-21,126,45.6
2000-11-22,95,32.8
2000-11-23,60,13.7
2000-11-24,58,13.0
2000-11-25,45,8.1
2000-11-26,34,6.2
2000-11-27,60,14.1
2000-11-28,105,37.0
2000-11-29,58,12.6
2000-11-30,43,7.7
2000-12-01,51,9.3
2000-12-02,45,8.1
2000-12-03,55,11.0
2000-12-04,66,17.4
2000-12-05,72,20.2
2000-12-06,61,14.7
2000-12-07,74,21.7
2000-12-08,74,21.6
2000-12-09,59,13.3
2000-12-10,65,16.5
2000-12-11,55,11.1
2000-12-12,73,20.7
2000-12-13,29,5.3
2000-12-14,22,4.0
2000-12-15,27,4.8
2000-12-16,18,3.2
2000-12-17,57,12.3
2000-12-18,79,24.2
2000-12-19,60,13.9
2000-12-20,67,17.8
2000-12-21,35,6.3
2000-12-22,10,1.8
2000-12-23,29,5.3
2000-12-24,39,7.0
2000-12-25,75,22.2
2000-12-26,111,39.5
2000-12-27,79,24.0
2000-12-28,66,17.2
2000-12-29,44,8.0
2000-12-30,60,14.0
2000-12-31,60,14.1
2001-01-01,61,14.5
2001-01-02,98,34.3
2001-01-03,69,18.6
2001-01-04,57,12.2
2001-01-05,55,11.4
2001-01-06,57,12.4
2001-01-07,75,22.0
2001-01-08,69,19.0
2001-01-09,23,4.1
2001-01-10,65,16.8
2001-01-11,75,22.0
2001-01-13,12,2.2
2001-01-14,38,6.9
2001-01-15,65,16.4
2001-01-16,67,17.5
2001-01-17,78,23.5
2001-01-18,59,13.4
2001-01-19,36,6.4
2001-01-20,55,11.0
2001-01-21,71,20.1
2001-01-22,59,13.2
2001-01-23,58,12.6
2001-01-24,41,7.4
2001-01-25,52,9.6
2001-01-26,70,19.3
2001-01-27,93,31.8
2001-01-28,61,14.5
2001-01-29,30,5.4
2001-01-30,41,7.4
2001-01-31,64,16.2
2001-02-01,28,5.0
2001-02-02,33,5.9
2001-02-03,36,6.5
2001-02-04,18,3.3
2001-02-05,30,5.4
2001-02-06,55,11.4
2001-02-07,74,21.7
2001-02-08,39,7.1
2001-02-09,73,20.8
2001-02-10,62,14.9
2001-02-11,60,14.0
2001-02-12,72,20.2
2001-02-13,87,28.3
2001-02-14,67,17.6
2001-02-15,49,8.8
2001-02-16,49,8.8
2001-02-17,66,17.1
2001-02-18,54,10.8
2001-02-19,69,18.8
2001-02-20,73,20.9
2001-02-21,41,7.3
2001-02-22,56,11.9
2001-02-23,21,3.7
2001-02-24,57,12.5
2001-02-25,78,23.7
2001-02-26,83,26.2
2001-02-27,79,24.3
2001-02-28,69,19.0
2001-03-01,37,6.7
2001-03-02,36,6.5
2001-03-03,66,17.3
2001-03-04,75,22.0
2001-03-05,60,13.9
2001-03-06,62,15.1
2001-03-07,50,9.0
2001-03-08,13,2.4
2001-03-09,34,6.2
2001-03-10,59,13.4
2001-03-11,54,10.9
2001-03-12,58,12.6
2001-03-13,36,6.4
2001-03-14,51,9.1
2001-03-15,41,7.3
2001-03-16,31,5.6
2001-03-17,22,4.0
2001-03-18,11,1.9
2001-03-19,33,6.0
2001-03-20,55,11.1
2001-03-21,69,19.0
2001-03-22,75,21.8
2001-03-23,58,12.8
2001-03-24,52,9.8
2001-03-25,19,3.5
2001-03-26,32,5.8
2001-03-27,23,4.1
2001-03-28,12,2.2
2001-03-29,36,6.4
2001-03-30,37,6.6
2001-03-31,42,7.6
2001-04-01,23,4.2
2001-04-02,15,2.7
2001-04-03,33,6.0
2001-04-04,54,10.9
2001-04-05,37,6.6
2001-04-06,17,3.0
2001-04-07,26,4.7
2001-04-10,14,2.5
2001-04-11,18,3.3
2001-04-12,27,4.8
2001-04-13,43,7.8
2001-04-14,53,10.0
2001-04-15,48,8.6
2001-04-16,46,8.3
2001-04-17,28,5.0
2001-04-18,26,4.6
2001-04-19,28,5.0
2001-04-20,41,7.4
2001-04-21,51,9.3
2001-04-22,43,7.8
2001-04-23,35,6.3
2001-04-24,42,7.5
2001-04-25,49,8.8
2001-04-26,25,4.5
2001-04-27,26,4.6
2001-04-28,23,4.1
2001-04-29,17,3.0
2001-04-30,27,4.8
2001-05-01,27,4.8
2001-05-02,37,6.7
2001-05-03,36,6.4
2001-05-04,31,5.5
2001-05-05,31,5.6
2001-05-06,44,7.9
2001-05-07,52,9.7
2001-05-08,36,6.5
2001-05-09,44,7.9
2001-05-10,46,8.2
2001-05-11,54,10.7
2001-05-12,45,8.1
2001-05-13,23,4.2
2001-05-14,15,2.7
2001-05-15,13,2.3
2001-05-16,26,4.6
2001-05-17,34,6.1
2001-05-18,31,5.6
2001-05-19,40,7.2
2001-05-20,28,5.1
2001-05-21,46,8.2
2001-05-22,54,10.9
2001-05-23,55,11.2
2001-05-24,48,8.6
2001-05-25,52,9.9
2001-05-26,51,9.3
2001-05-27,39,7.0
2001-05-28,17,3.0
2001-05-29,27,4.9
2001-05-30,32,5.8
2001-05-31,45,8.1
2001-06-01,17,3.1
2001-06-02,13,2.4
2001-06-03,15,2.7
2001-06-04,20,3.6
2001-06-05,12,2.1
2001-06-06,23,4.1
2001-06-07,28,5.1
2001-06-08,11,2.0
2001-06-09,9,1.7
2001-06-10,9,1.6
2001-06-11,5,0.9
2001-06-12,13,2.3
2001-06-13,23,4.2
2001-06-14,16,2.9
2001-06-15,23,4.2
2001-06-16,27,4.8
2001-06-17,23,4.2
2001-06-18,28,5.0
2001-06-19,43,7.8
2001-06-20,49,8.8
2001-06-21,31,5.6
2001-06-22,21,3.8
2001-06-23,18,3.3
2001-06-24,16,2.8
2001-06-25,29,5.3
2001-06-26,51,9.1
2001-06-27,14,2.5
2001-06-28,26,4.7
2001-06-29,39,7.1
2001-06-30,34,6.1
2001-07-01,31,5.6
2001-07-02,51,9.3
2001-07-03,56,11.8
2001-07-04,59,13.4
2001-07-05,31,5.6
2001-07-06,32,5.7
2001-07-07,31,5.5
2001-07-08,36,6.5
2001-07-09,47,8.4
2001-07-10,54,10.7
2001-07-11,32,5.7
2001-07-12,37,6.6
2001-07-13,38,6.8
2001-07-14,31,5.6
2001-07-15,19,3.5
2001-07-16,16,2.8
2001-07-17,18,3.2
2001-07-18,26,4.7
2001-07-19,38,6.9
2001-07-20,22,3.9
2001-07-21,36,6.5
2001-07-22,32,5.8
2001-07-23,40,7.2
2001-07-24,26,4.6
2001-07-25,37,6.7
2001-07-26,35,6.3
2001-07-27,26,4.7
2001-07-28,9,1.7
2001-07-29,24,4.3
2001-07-30,18,3.3
2001-07-31,29,5.2
2001-08-01,27,4.9
2001-08-02,13,2.4
2001-08-03,12,2.1
2001-08-04,18,3.2
2001-08-05,17,3.0
2001-08-06,18,3.3
2001-08-07,32,5.8
2001-08-08,50,9.0
2001-08-09,58,13.1
2001-08-10,37,6.7
2001-08-11,48,8.6
2001-08-12,55,11.0
2001-08-14,43,7.8
2001-08-15,61,14.4
2001-08-16,35,6.3
2001-08-17,40,7.2
2001-08-18,16,2.9
2001-08-19,22,3.9
2001-08-20,28,5.1
2001-08-21,11,2.0
2001-08-22,10,1.8
2001-08-23,19,3.4
2001-08-24,33,5.9
2001-08-25,38,6.9
2001-08-26,44,8.0
2001-08-27,36,6.5
2001-08-28,31,5.6
2001-08-29,47,8.4
2001-08-30,30,5.4
2001-08-31,12,2.2
2001-09-01,11,2.0
2001-09-02,24,4.4
2001-09-03,31,5.6
2001-09-04,29,5.3
2001-09-05,25,4.5
2001-09-06,28,5.1
2001-09-07,28,5.0
2001-09-08,38,6.9
2001-09-09,37,6.6
2001-09-10,44,8.0
2001-09-11,52,9.4
2001-09-12,39,7.1
2001-09-13,41,7.3
2001-09-14,54,10.8
2001-09-15,56,11.7
2001-09-16,38,6.8
2001-09-17,40,7.2
2001-09-18,43,7.8
2001-09-19,41,7.4
2001-09-20,48,8.6
2001-09-21,41,7.4
2001-09-22,46,8.2
2001-09-23,43,7.8
2001-09-24,34,6.1
2001-09-25,22,3.9
2001-09-26,28,5.1
2001-09-27,39,7.1
2001-09-28,25,4.5
2001-09-29,35,6.3
2001-09-30,43,7.7
2001-10-01,54,10.8
2001-10-02,54,10.5
2001-10-03,55,11.0
2001-10-04,64,16.0
2001-10-05,54,10.6
2001-10-06,49,8.8
2001-10-07,57,12.2
2001-10-08,51,9.1
2001-10-09,52,9.5
2001-10-10,28,5.0
2001-10-11,38,6.9
2001-10-12,18,3.3
2001-10-13,39,7.0
2001-10-14,41,7.4
2001-10-15,58,13.1
2001-10-16,50,9.0
2001-10-17,57,12.4
2001-10-18,73,20.9
2001-10-19,70,19.2
2001-10-20,65,16.8
2001-10-21,69,18.6
2001-10-22,23,4.1
2001-10-23,63,15.5
2001-10-24,58,12.8
2001-10-25,56,11.9
2001-10-26,67,17.5
2001-10-27,66,17.3
2001-10-28,63,15.5
2001-10-29,81,25.1
2001-10-30,53,10.1
2001-10-31,53,10.0
2001-11-01,47,8.4
2001-11-02,64,16.2
2001-11-03,82,25.5
2001-11-04,56,12.0
2001-11-05,44,7.9
2001-11-06,47,8.5
2001-11-07,89,29.5
2001-11-08,137,50.3
2001-11-09,138,50.6
2001-11-10,134,48.7
2001-11-11,129,46.7
2001-11-12,113,40.3
2001-11-13,16,2.8
2001-11-14,22,3.9
2001-11-15,37,6.7
2001-11-16,51,9.3
2001-11-17,55,11.5
2001-11-18,80,24.8
2001-11-19,69,18.9
2001-11-20,26,4.7
2001-11-21,26,4.7
2001-11-22,17,3.0
2001-11-23,33,6.0
2001-11-24,38,6.8
2001-11-25,23,4.2
2001-11-26,42,7.5
2001-11-27,55,11.4
2001-11-28,8,1.5
2001-11-29,25,4.5
2001-11-30,16,2.8
2001-12-01,11,1.9
2001-12-02,18,3.3
2001-12-03,20,3.6
2001-12-04,18,3.2
2001-12-05,17,3.0
2001-12-06,31,5.6
2001-12-07,42,7.5
2001-12-08,31,5.5
2001-12-09,69,18.9
2001-12-10,24,4.3
2001-12-11,38,6.9
2001-12-12,12,2.2
2001-12-13,4,0.8
2001-12-14,19,3.5
2001-12-15,8,1.5
2001-12-16,6,1.0
2001-12-17,38,6.9
2001-12-18,16,2.9
2001-12-19,48,8.6
2001-12-20,58,13.1
2001-12-21,40,7.2
2001-12-22,56,11.7
2001-12-23,73,20.8
2001-12-24,107,38.1
2001-12-25,121,43.8
2001-12-26,94,32.3
2001-12-27,77,23.0
2001-12-28,43,7.7
2001-12-29,63,15.8
2001-12-30,70,19.2
2001-12-31,66,17.2
2002-01-01,73,21.0
2002-01-02,64,16.1
2002-01-03,36,6.4
2002-01-04,55,11.1
2002-01-05,59,13.5
2002-01-06,10,1.8
2002-01-07,21,3.8
2002-01-08,53,10.3
2002-01-09,55,11.0
2002-01-10,59,13.2
2002-01-11,82,25.5
2002-01-12,39,7.0
2002-01-13,52,9.7
2002-01-14,61,14.4
2002-01-16,65,16.5
2002-01-17,61,14.6
2002-01-18,22,3.9
2002-01-19,22,3.9
2002-01-20,12,2.2
2002-01-21,17,3.0
2002-01-22,14,2.5
2002-01-23,17,3.1
2002-01-24,23,4.1
2002-01-25,12,2.1
2002-01-26,9,1.7
2002-01-27,38,6.9
2002-01-28,66,17.2
2002-01-29,57,12.3
2002-01-30,31,5.6
2002-01-31,30,5.4
2002-02-01,53,10.0
2002-02-02,29,5.3
2002-02-03,53,10.2
2002-02-04,82,26.0
2002-02-05,61,14.2
2002-02-06,21,3.7
2002-02-07,16,2.8
2002-02-08,29,5.2
2002-02-09,76,22.6
2002-02-10,59,13.4
2002-02-11,52,9.5
2002-02-12,86,27.8
2002-02-13,92,30.9
2002-02-14,89,29.4
2002-02-15,79,24.3
2002-02-16,83,26.5
2002-02-17,90,30.1
2002-02-18,18,3.3
2002-02-19,16,2.8
2002-02-20,17,3.0
2002-02-21,31,5.5
2002-02-22,24,4.4
2002-02-23,9,1.7
2002-02-24,61,14.6
2002-02-25,56,11.7
2002-02-26,61,14.2
2002-02-27,81,25.2
2002-02-28,75,22.2
2002-03-01,78,23.8
2002-03-02,83,26.5
2002-03-03,78,23.7
2002-03-04,65,16.5
2002-03-05,61,14.6
2002-03-06,32,5.8
2002-03-07,27,4.8
2002-03-08,38,6.8
2002-03-09,27,4.9
2002-03-10,10,1.8
2002-03-11,11,1.9
2002-03-13,19,3.5
2002-03-14,22,3.9
2002-03-17,35,6.3
2002-03-18,26,4.6
2002-03-19,51,9.1
2002-03-20,55,11.0
2002-03-21,43,7.7
2002-03-22,59,13.6
2002-03-23,24,4.4
2002-03-24,26,4.6
2002-03-25,55,11.5
2002-03-26,29,5.2
2002-03-27,47,8.4
2002-03-28,49,8.8
2002-03-29,47,8.4
2002-03-30,57,12.5
2002-03-31,56,12.0
2002-04-01,37,6.7
2002-04-02,53,10.4
2002-04-03,57,12.5
2002-04-04,60,13.9
2002-04-05,33,6.0
2002-04-11,18,3.2
2002-04-12,13,2.4
2002-04-13,12,2.2
2002-04-14,23,4.2
2002-04-15,25,4.5
2002-04-16,30,5.4
2002-04-17,13,2.4
2002-04-18,37,6.7
2002-04-19,51,9.3
2002-04-20,54,10.5
2002-04-21,54,10.9
2002-04-22,41,7.3
2002-04-23,37,6.6
2002-04-24,54,10.5
2002-04-25,55,11.2
2002-04-26,31,5.5
2002-04-27,28,5.0
2002-04-28,47,8.5
2002-04-29,43,7.8
2002-04-30,44,8.0
2002-05-01,49,8.8
2002-05-02,27,4.8
2002-05-03,33,5.9
2002-05-04,46,8.2
2002-05-05,13,2.4
2002-05-06,18,3.2
2002-05-07,28,5.1
2002-05-08,33,6.0
2002-05-09,33,6.0
2002-05-10,42,7.5
2002-05-11,53,10.0
2002-05-12,47,8.5
2002-05-14,22,4.0
2002-05-15,32,5.7
2002-05-16,36,6.4
2002-05-17,24,4.3
2002-05-18,34,6.1
2002-05-19,32,5.8
2002-05-20,18,3.3
2002-05-21,15,2.7
2002-05-22,17,3.1
2002-05-23,29,5.2
2002-05-24,38,6.8
2002-05-26,14,2.5
2002-05-27,13,2.3
2002-05-29,12,2.2
2002-05-30,32,5.7
2002-05-31,34,6.2
2002-06-01,36,6.5
2002-06-02,24,4.3
2002-06-03,28,5.0
2002-06-04,14,2.6
2002-06-05,9,1.7
2002-06-06,19,3.5
2002-06-07,20,3.6
2002-06-08,18,3.3
2002-06-09,26,4.7
2002-06-10,36,6.5
2002-06-11,43,7.8
2002-06-12,53,10.0
2002-06-13,39,7.1
2002-06-14,22,4.0
2002-06-15,43,7.7
2002-06-16,22,3.9
2002-06-17,11,2.0
2002-06-18,11,1.9
2002-06-19,26,4.7
2002-06-20,36,6.4
2002-06-21,36,6.5
2002-06-22,17,3.1
2002-06-23,21,3.7
2002-06-24,29,5.3
2002-06-25,43,7.7
2002-06-26,36,6.5
2002-06-27,11,2.0
2002-06-28,13,2.4
2002-07-02,26,4.7
2002-07-03,27,4.8
2002-07-04,60,13.8
2002-07-05,51,9.3
2002-07-06,24,4.4
2002-07-07,21,3.8
2002-07-08,19,3.4
2002-07-09,45,8.1
2002-07-10,54,10.5
2002-07-11,46,8.3
2002-07-12,69,19.0
2002-07-13,43,7.7
2002-07-14,33,5.9
2002-07-15,31,5.6
2002-07-16,27,4.8
2002-07-17,24,4.4
2002-07-18,12,2.1
2002-07-19,19,3.4
2002-07-20,27,4.8
2002-07-21,42,7.6
2002-07-22,46,8.3
2002-07-23,41,7.3
2002-07-24,25,4.5
2002-07-25,32,5.7
2002-07-26,28,5.1
2002-07-27,40,7.2
2002-07-28,32,5.8
2002-07-30,23,4.2
2002-07-31,27,4.8
2002-08-01,32,5.8
2002-08-02,26,4.7
2002-08-03,23,4.2
2002-08-04,15,2.7
2002-08-05,19,3.5
2002-08-06,24,4.3
2002-08-07,34,6.1
2002-08-08,40,7.2
2002-08-09,43,7.7
2002-08-10,23,4.1
2002-08-11,32,5.8
2002-08-12,52,9.4
2002-08-13,53,10.1
2002-08-14,52,9.6
2002-08-15,51,9.2
2002-08-16,55,11.0
2002-08-17,44,8.0
2002-08-18,27,4.8
2002-08-19,90,29.9
2002-08-20,27,4.8
2002-08-21,37,6.6
2002-08-22,51,9.3
2002-08-23,49,8.9
2002-08-24,26,4.6
2002-08-25,15,2.7
2002-08-26,19,3.5
2002-08-27,51,9.3
2002-08-28,53,10.2
2002-08-29,37,6.7
2002-08-30,37,6.7
2002-08-31,36,6.5
2002-09-01,28,5.0
2002-09-02,17,3.0
2002-09-03,28,5.1
2002-09-04,36,6.5
2002-09-05,28,5.0
2002-09-06,32,5.7
2002-09-07,22,4.0
2002-09-08,22,3.9
2002-09-09,37,6.6
2002-09-10,40,7.2
2002-09-11,52,9.5
2002-09-12,55,11.3
2002-09-13,52,9.6
2002-09-14,25,4.5
2002-09-15,18,3.2
2002-09-16,17,3.0
2002-09-17,14,2.6
2002-09-18,41,7.4
2002-09-19,37,6.7
2002-09-20,29,5.2
2002-09-25,53,10.0
2002-09-26,47,8.5
2002-09-27,38,6.8
2002-09-28,46,8.3
2002-09-29,21,3.7
2002-09-30,15,2.7
2002-10-01,51,9.3
2002-10-02,54,10.5
2002-10-03,36,6.4
2002-10-04,46,8.2
2002-10-05,32,5.7
2002-10-06,52,9.6
2002-10-07,55,11.1
2002-10-08,53,10.1
2002-10-09,52,9.6
2002-10-10,55,11.4
2002-10-11,56,12.0
2002-10-12,70,19.2
2002-10-13,72,20.5
2002-10-14,71,19.8
2002-10-15,64,16.3
2002-10-16,59,13.3
2002-10-17,48,8.7
2002-10-18,52,9.6
2002-10-19,48,8.6
2002-10-20,55,11.3
2002-10-21,57,12.5
2002-10-22,65,16.6
2002-10-23,59,13.5
2002-10-24,67,17.6
2002-10-25,74,21.5
2002-10-26,83,26.4
2002-10-27,67,17.8
2002-10-28,62,15.0
2002-10-29,43,7.8
2002-10-30,67,17.5
2002-10-31,81,25.4
2002-11-01,96,33.4
2002-11-02,146,53.7
2002-11-03,127,46.2
2002-11-04,92,30.9
2002-11-05,69,18.7
2002-11-06,86,27.7
2002-11-07,58,12.8
2002-11-08,24,4.3
2002-11-09,40,7.2
2002-11-10,21,3.8
2002-11-11,38,6.9
2002-11-12,58,12.8
2002-11-13,67,17.8
2002-11-14,81,25.1
2002-11-15,79,23.9
2002-11-16,61,14.6
2002-11-17,36,6.4
2002-11-18,40,7.2
2002-11-19,50,9.0
2002-11-20,62,15.0
2002-11-21,73,20.8
2002-11-22,61,14.4
2002-11-23,59,13.3
2002-11-24,63,15.7
2002-11-25,83,26.2
2002-11-26,132,47.9
2002-11-27,151,56.2
2002-11-28,146,53.7
2002-11-29,142,52.0
2002-11-30,131,47.5
2002-12-01,82,25.6
2002-12-02,75,22.0
2002-12-03,53,10.1
2002-12-04,65,16.7
2002-12-05,66,17.2
2002-12-06,77,22.8
2002-12-07,65,16.8
2002-12-08,69,18.6
2002-12-09,64,15.9
2002-12-10,43,7.7
2002-12-11,38,6.8
2002-12-12,36,6.5
2002-12-13,33,6.0
2002-12-14,14,2.5
2002-12-15,23,4.1
2002-12-16,19,3.5
2002-12-17,19,3.4
2002-12-18,13,2.4
2002-12-19,42,7.5
2002-12-20,8,1.4
2002-12-21,55,11.3
2002-12-22,50,9.0
2002-12-23,66,17.3
2002-12-24,17,3.0
2002-12-25,23,4.2
2002-12-26,27,4.9
2002-12-27,15,2.7
2002-12-28,29,5.2
2002-12-29,13,2.4
2002-12-30,8,1.4
2002-12-31,18,3.2
2003-01-01,29,5.3
2003-01-03,12,2.2
2003-01-06,80,24.5
2003-01-09,76,22.6
2003-01-12,74,21.6
2003-01-15,58,13.1
2003-01-18,111,39.5
2003-01-21,55,11.5
2003-01-24,19,3.4
2003-01-27,55,11.2
2003-01-30,7,1.2
2003-02-02,32,5.7
2003-02-05,89,29.5
2003-02-08,96,33.5
2003-02-11,88,29.0
2003-02-14,52,9.4
2003-02-17,10,1.8
2003-02-20,10,1.8
2003-02-23,64,16.1
2003-02-26,70,19.4
2003-03-01,50,9.0
2003-03-04,39,7.1
2003-03-07,6,1.1
2003-03-10,24,4.3
2003-03-13,14,2.6
2003-03-16,33,6.0
2003-03-19,23,4.2
2003-03-22,21,3.7
2003-03-25,12,2.1
2003-03-28,44,7.9
2003-03-31,23,4.1
2003-04-03,13,2.3
2003-04-06,23,4.2
2003-04-09,22,4.0
2003-04-12,22,3.9
2003-04-15,16,2.8
2003-04-18,44,7.9
2003-04-21,39,7.0
2003-04-24,13,2.3
2003-04-27,27,4.8
2003-04-30,11,1.9
2003-05-03,30,5.4
2003-05-06,33,5.9
2003-05-09,33,5.9
2003-05-12,33,5.9
2003-05-15,31,5.6
2003-05-21,49,8.9
2003-05-24,11,2.0
2003-05-27,41,7.4
2003-05-30,34,6.2
2003-06-02,49,8.8
2003-06-05,58,12.6
2003-06-08,43,7.7
2003-06-11,48,8.6
2003-06-14,26,4.6
2003-06-17,37,6.7
2003-06-20,12,2.2
2003-06-23,22,3.9
2003-06-26,43,7.7
2003-06-29,57,12.1
2003-07-02,21,3.8
2003-07-08,17,3.1
2003-07-11,17,3.0
2003-07-14,31,5.5
2003-07-17,29,5.2
2003-07-20,39,7.1
2003-07-23,36,6.4
2003-07-26,38,6.9
2003-07-29,52,9.7
2003-08-01,43,7.7
2003-08-04,54,10.7
2003-08-07,27,4.8
2003-08-10,15,2.7
2003-08-13,33,5.9
2003-08-16,31,5.5
2003-08-19,27,4.9
2003-08-22,29,5.2
2003-08-25,37,6.7
2003-08-28,35,6.3
2003-08-31,38,6.9
2003-09-03,88,28.7
2003-09-06,23,4.2
2003-09-09,14,2.5
2003-09-12,27,4.9
2003-09-15,28,5.1
2003-09-18,55,11.3
2003-09-21,47,8.5
2003-09-24,53,10.3
2003-09-27,63,15.8
2003-09-30,41,7.3
2003-10-03,67,17.9
2003-10-06,36,6.5
2003-10-09,33,5.9
2003-10-12,39,7.0
2003-10-15,50,9.0
2003-10-18,53,10.1
2003-10-21,43,7.8
2003-10-24,63,15.8
2003-10-27,65,16.8
2003-10-30,59,13.2
2003-11-02,57,12.3
2003-11-05,85,27.3
2003-11-08,91,30.7
2003-11-11,55,11.1
2003-11-14,78,23.7
2003-11-17,49,8.9
2003-11-20,59,13.3
2003-11-23,45,8.1
2003-11-26,21,3.8
2003-11-29,48,8.7
2003-12-02,28,5.1
2003-12-05,18,3.3
2003-12-08,23,4.2
2003-12-11,28,5.1
2003-12-14,14,2.6
2003-12-17,51,9.2
2003-12-20,58,12.8
2003-12-23,79,24.0
2003-12-26,46,8.3
2003-12-29,52,9.9
2004-01-01,31,5.5
2004-01-04,50,9.0
2004-01-07,72,20.5
2004-01-10,69,18.7
2004-01-13,107,37.9
2004-01-16,54,10.8
2004-01-19,33,6.0
2004-01-22,33,6.0
2004-01-25,18,3.3
2004-01-28,6,1.0
2004-01-31,18,3.2
2004-02-03,47,8.4
2004-02-06,17,3.1
2004-02-09,69,18.7
2004-02-12,85,27.4
2004-02-15,25,4.5
2004-02-18,16,2.9
2004-02-21,78,23.5
2004-02-24,28,5.0
2004-02-27,9,1.7
2004-03-01,48,8.7
2004-03-04,15,2.7
2004-03-07,47,8.4
2004-03-10,57,12.2
2004-03-13,78,23.7
2004-03-16,49,8.8
2004-03-19,44,8.0
2004-03-22,51,9.1
2004-03-25,17,3.0
2004-03-28,55,11.4
2004-03-31,47,8.5
2004-04-03,54,10.5
2004-04-06,40,7.2
2004-04-09,57,12.3
2004-04-12,30,5.4
2004-04-15,11,2.0
2004-04-18,14,2.6
2004-04-21,21,3.8
2004-04-24,40,7.2
2004-04-27,47,8.4
2004-04-30,42,7.6
2004-05-03,15,2.7
2004-05-06,28,5.1
2004-05-09,17,3.0
2004-05-12,22,4.0
2004-05-15,21,3.7
2004-05-18,21,3.7
2004-05-21,15,2.7
2004-05-24,31,5.5
2004-05-27,8,1.4
2004-05-30,13,2.4
2004-06-02,29,5.3
2004-06-05,12,2.1
2004-06-08,14,2.6
2004-06-14,23,4.1
2004-06-17,37,6.6
2004-06-20,38,6.9
2004-06-23,35,6.3
2004-06-26,16,2.9
2004-06-29,34,6.2
2004-07-02,29,5.2
2004-07-05,53,10.0
2004-07-08,33,5.9
2004-07-11,26,4.6
2004-07-14,31,5.6
2004-07-17,29,5.3
2004-07-20,19,3.5
2004-07-23,53,10.2
2004-07-26,43,7.8
2004-07-29,52,9.7
2004-08-01,38,6.9
2004-08-04,11,2.0
2004-08-07,18,3.2
2004-08-10,45,8.1
2004-08-13,51,9.3
2004-08-16,22,4.0
2004-08-19,37,6.6
2004-08-22,12,2.2
2004-08-25,14,2.6
2004-08-28,30,5.4
2004-08-31,33,6.0
2004-09-03,54,10.5
2004-09-06,36,6.5
2004-09-09,63,15.5
2004-09-12,23,4.1
2004-09-15,17,3.0
2004-09-18,18,3.2
2004-09-21,38,6.9
2004-09-24,52,9.7
2004-09-27,67,17.9
2004-09-30,55,11.4
2004-10-03,60,13.8
2004-10-06,28,5.0
2004-10-09,28,5.0
2004-10-12,56,12.0
2004-10-15,65,16.8
2004-10-18,17,3.1
2004-10-21,56,11.7
2004-10-24,55,11.1
2004-10-27,76,22.3
2004-10-30,55,11.4
2004-11-02,38,6.8
2004-11-05,91,30.5
2004-11-08,66,17.4
2004-11-11,71,19.7
2004-11-14,53,10.3
2004-11-17,64,16.0
2004-11-20,69,18.9
2004-11-23,44,7.9
2004-11-26,56,12.0
2004-11-29,40,7.2
2004-12-02,54,10.5
2004-12-05,47,8.4
2004-12-08,36,6.5
2004-12-11,21,3.7
2004-12-14,50,9.0
2004-12-17,81,25.2
2004-12-20,86,27.8
2004-12-23,52,9.4
2004-12-26,55,11.1
2004-12-29,41,7.4
2005-01-01,32,5.8
2005-01-04,95,32.6
2005-01-07,23,4.1
2005-01-10,58,13.0
2005-01-13,61,14.3
2005-01-16,111,39.6
2005-01-19,19,3.4
2005-01-22,58,12.9
2005-01-25,81,25.0
2005-01-28,50,9.0
2005-01-31,71,19.8
2005-02-03,101,35.6
2005-02-06,32,5.7
2005-02-09,70,19.3
2005-02-12,55,11.3
2005-02-15,82,25.5
2005-02-18,75,22.1
2005-02-21,72,20.3
2005-02-24,61,14.5
2005-02-27,64,16.2
2005-03-02,31,5.5
2005-03-05,55,11.4
2005-03-08,42,7.6
2005-03-11,54,10.9
2005-03-14,50,9.0
2005-03-17,31,5.6
2005-03-20,8,1.5
2005-03-23,25,4.5
2005-03-26,11,2.0
2005-03-29,19,3.5
2005-04-01,32,5.7
2005-04-04,14,2.6
2005-04-07,21,3.7
2005-04-10,28,5.1
2005-04-13,11,2.0
2005-04-16,21,3.8
2005-04-19,40,7.2
2005-04-22,43,7.8
2005-04-25,30,5.4
2005-04-28,23,4.2
2005-05-01,29,5.2
2005-05-04,27,4.8
2005-05-07,13,2.3
2005-05-10,12,2.1
2005-05-13,40,7.2
2005-05-16,17,3.0
2005-05-19,16,2.8
2005-05-22,24,4.4
2005-05-25,31,5.5
2005-05-28,33,6.0
2005-05-31,17,3.1
2005-06-03,29,5.3
2005-06-06,12,2.1
2005-06-09,22,4.0
2005-06-12,18,3.2
2005-06-15,32,5.7
2005-06-18,12,2.2
2005-06-21,28,5.1
2005-06-24,38,6.8
2005-06-27,7,1.2
2005-06-30,27,4.9
2005-07-03,41,7.4
2005-07-06,8,1.4
2005-07-09,15,2.7
2005-07-12,14,2.6
2005-07-15,43,7.7
2005-07-18,48,8.7
2005-07-21,50,9.0
2005-07-24,28,5.1
2005-07-27,54,10.6
2005-07-30,29,5.2
2005-08-02,28,5.1
2005-08-05,53,10.0
2005-08-08,37,6.7
2005-08-11,53,10.3
2005-08-14,37,6.7
2005-08-17,29,5.2
2005-08-20,27,4.9
2005-08-23,29,5.3
2005-08-26,39,7.1
2005-08-29,18,3.2
2005-09-01,33,5.9
2005-09-04,17,3.0
2005-09-07,34,6.1
2005-09-10,16,2.9
2005-09-13,43,7.7
2005-09-16,31,5.6
2005-09-19,38,6.8
2005-09-22,30,5.4
2005-09-25,38,6.8
2005-09-28,52,9.5
2005-10-01,15,2.7
2005-10-04,25,4.5
2005-10-07,32,5.8
2005-10-10,28,5.0
2005-10-13,57,12.5
2005-10-16,34,6.2
2005-10-19,27,4.9
2005-10-22,60,13.8
2005-10-25,45,8.1
2005-10-28,53,10.0
2005-10-31,31,5.6
2005-11-03,38,6.8
2005-11-06,32,5.7
2005-11-09,90,30.1
2005-11-12,28,5.1
2005-11-15,89,29.5
2005-11-18,62,15.1
2005-11-21,65,16.4
2005-11-24,75,22.2
2005-11-27,56,12.0
2005-11-30,41,7.4
2005-12-03,22,4.0
2005-12-06,43,7.8
2005-12-09,97,33.6
2005-12-12,109,38.9
2005-12-15,88,28.9
2005-12-18,71,20.0
2005-12-21,38,6.9
2005-12-24,38,6.8
2005-12-27,10,1.8
2005-12-30,4,0.8
2006-01-02,54,10.5
2006-01-05,41,7.3
2006-01-08,19,3.4
2006-01-11,16,2.8
2006-01-14,29,5.2
2006-01-17,14,2.6
2006-01-20,28,5.1
2006-01-23,53,10.1
2006-01-26,10,1.8
2006-01-29,8,1.5
2006-02-01,17,3.1
2006-02-04,40,7.2
2006-02-07,70,19.5
2006-02-10,59,13.2
2006-02-13,61,14.6
2006-02-16,79,23.9
2006-02-19,90,29.8
2006-02-22,48,8.6
2006-02-25,89,29.5
2006-02-28,18,3.3
2006-03-03,48,8.6
2006-03-06,9,1.7
2006-03-09,12,2.1
2006-03-12,64,16.1
2006-03-15,17,3.0
2006-03-18,37,6.7
2006-03-21,16,2.8
2006-03-24,22,4.0
2006-03-27,49,8.9
2006-03-30,16,2.9
2006-04-02,23,4.2
2006-04-05,36,6.5
2006-04-08,19,3.5
2006-04-11,21,3.8
2006-04-14,13,2.4
2006-04-17,12,2.2
2006-04-20,27,4.9
2006-04-23,42,7.6
2006-04-26,42,7.5
2006-04-29,24,4.4
2006-05-02,34,6.2
2006-05-05,51,9.3
2006-05-08,27,4.8
2006-05-11,35,6.3
2006-05-14,54,10.5
2006-05-17,49,8.8
2006-05-20,24,4.3
2006-05-23,18,3.3
2006-05-26,8,1.4
2006-05-29,21,3.7
2006-06-01,21,3.7
2006-06-04,7,1.3
2006-06-07,25,4.5
2006-06-10,38,6.8
2006-06-13,13,2.3
2006-06-16,16,2.8
2006-06-19,21,3.7
2006-06-22,28,5.0
2006-06-25,55,11.1
2006-06-28,34,6.2
2006-07-01,34,6.1
2006-07-04,37,6.6
2006-07-07,32,5.7
2006-07-10,18,3.3
2006-07-13,13,2.3
2006-07-16,23,4.1
2006-07-19,33,6.0
2006-07-22,64,16.0
2006-07-25,30,5.4
2006-07-28,37,6.7
2006-07-31,20,3.6
2006-08-03,33,6.0
2006-08-06,46,8.2
2006-08-09,28,5.0
2006-08-12,34,6.2
2006-08-15,29,5.2
2006-08-18,60,13.8
2006-08-21,33,5.9
2006-08-24,22,3.9
2006-08-27,55,11.5
2006-08-30,36,6.4
2006-09-02,66,16.9
2006-09-05,53,10.0
2006-09-08,29,5.2
2006-09-11,36,6.5
2006-09-14,19,3.4
2006-09-17,19,3.5
2006-09-20,16,2.8
2006-09-23,40,7.2
2006-09-26,51,9.1
2006-09-29,54,10.8
2006-10-02,37,6.6
2006-10-05,54,10.8
2006-10-08,36,6.4
2006-10-11,52,9.8
2006-10-14,52,9.4
2006-10-17,44,8.0
2006-10-20,51,9.2
2006-10-23,66,17.0
2006-10-26,72,20.6
2006-10-29,72,20.6
2006-11-01,105,37.1
2006-11-04,43,7.7
2006-11-07,25,4.5
2006-11-11,29,5.2
2006-11-12,25,4.5
2006-11-13,23,4.2
2006-11-16,56,11.9
2006-11-19,60,13.7
2006-11-22,9,1.7
2006-11-25,37,6.7
2006-11-28,55,11.0
2006-12-01,34,6.2
2006-12-04,62,15.2
2006-12-07,93,31.8
2006-12-08,120,43.3
2006-12-09,73,20.8
2006-12-10,37,6.6
2006-12-13,41,7.4
2006-12-16,72,20.5
2006-12-19,80,24.9
2006-12-22,25,4.5
2006-12-25,21,3.7
2006-12-28,52,9.5
2006-12-31,56,12.0
2007-01-03,15,2.7
2007-01-06,26,4.7
2007-01-09,21,3.7
2007-01-12,81,25.2
2007-01-15,82,25.6
2007-01-18,38,6.8
2007-01-21,52,9.9
2007-01-24,69,19.0
2007-01-27,74,21.4
2007-01-30,83,26.3
2007-02-02,103,36.3
2007-02-05,119,43.0
2007-02-08,17,3.0
2007-02-11,15,2.7
2007-02-14,12,2.2
2007-02-17,15,2.7
2007-02-20,23,4.2
2007-02-23,8,1.5
2007-02-26,21,3.8
2007-03-01,17,3.1
2007-03-04,40,7.2
2007-03-07,23,4.2
2007-03-10,11,2.0
2007-03-13,31,5.5
2007-03-16,46,8.2
2007-03-19,9,1.7
2007-03-22,29,5.3
2007-03-25,12,2.2
2007-03-28,39,7.1
2007-03-31,27,4.8
2007-04-03,61,14.4
2007-04-06,38,6.9
2007-04-09,14,2.5
2007-04-12,13,2.3
2007-04-15,28,5.1
2007-04-18,9,1.7
2007-04-21,20,3.6
2007-04-24,11,1.9
2007-04-30,47,8.4
2007-05-03,13,2.4
2007-05-06,24,4.4
2007-05-09,33,6.0
2007-05-12,37,6.7
2007-05-15,52,9.8
2007-05-18,27,4.8
2007-05-21,22,3.9
2007-05-24,39,7.1
2007-05-27,17,3.0
2007-05-30,52,9.5
2007-06-02,34,6.2
2007-06-05,16,2.8
2007-06-08,27,4.9
2007-06-11,17,3.1
2007-06-14,19,3.5
2007-06-17,20,3.6
2007-06-20,18,3.2
2007-06-23,13,2.4
2007-06-26,30,5.4
2007-06-29,12,2.1
2007-07-02,13,2.4
2007-07-05,34,6.1
2007-07-08,24,4.3
2007-07-11,29,5.2
2007-07-14,21,3.8
2007-07-17,16,2.8
2007-07-20,14,2.5
2007-07-23,9,1.7
2007-07-26,39,7.0
2007-07-29,11,2.0
2007-08-01,37,6.7
2007-08-04,20,3.6
2007-08-07,17,3.0
2007-08-10,28,5.0
2007-08-13,31,5.5
2007-08-16,14,2.6
2007-08-19,14,2.6
2007-08-22,21,3.7
2007-08-25,23,4.1
2007-08-28,37,6.7
2007-08-31,19,3.5
2007-09-03,11,2.0
2007-09-06,20,3.6
2007-09-09,32,5.7
2007-09-12,23,4.2
2007-09-15,44,8.0
2007-09-18,25,4.5
2007-09-21,36,6.5
2007-09-24,32,5.7
2007-09-27,39,7.0
2007-09-30,14,2.6
2007-10-03,21,3.7
2007-10-06,34,6.1
2007-10-09,56,11.7
2007-10-12,60,13.9
2007-10-15,45,8.1
2007-10-18,22,3.9
2007-10-21,28,5.0
2007-10-24,29,5.3
2007-10-27,73,21.0
2007-10-30,69,18.6
2007-11-02,77,22.9
2007-11-05,47,8.5
2007-11-08,72,20.2
2007-11-11,33,6.0
2007-11-14,77,23.0
2007-11-17,24,4.3
2007-11-20,34,6.2
2007-11-23,114,40.7
2007-11-26,41,7.3
2007-11-29,37,6.6
2007-12-02,7,1.3
2007-12-05,44,8.0
2007-12-08,71,19.6
2007-12-11,74,21.6
2007-12-14,48,8.6
2007-12-17,11,2.0
2007-12-20,32,5.8
2007-12-23,7,1.3
2007-12-26,16,2.8
2007-12-29,11,2.0
2008-01-01,80,24.8
2008-01-02,61,14.3
2008-01-03,21,3.7
2008-01-04,6,1.1
2008-01-05,27,4.9
2008-01-06,10,1.8
2008-01-07,10,1.8
2008-01-08,8,1.4
2008-01-09,15,2.7
2008-01-10,9,1.6
2008-01-11,20,3.6
2008-01-12,39,7.1
2008-01-13,42,7.6
2008-01-14,32,5.7
2008-01-15,60,13.8
2008-01-16,66,17.2
2008-01-17,75,21.8
2008-01-18,70,19.4
2008-01-19,32,5.7
2008-01-20,26,4.6
2008-01-21,25,4.5
2008-01-22,88,28.7
2008-01-23,99,35.1
2008-01-24,112,40.0
2008-01-25,91,30.7
2008-01-26,66,17.4
2008-01-27,49,8.8
2008-01-28,11,2.0
2008-01-29,10,1.8
2008-01-30,7,1.3
2008-01-31,10,1.8
2008-02-01,10,1.8
2008-02-02,11,2.0
2008-02-03,30,5.4
2008-02-04,23,4.2
2008-02-05,24,4.3
2008-02-06,17,3.0
2008-02-07,30,5.4
2008-02-08,36,6.5
2008-02-09,21,3.8
2008-02-10,41,7.3
2008-02-11,55,11.2
2008-02-12,35,6.3
2008-02-13,33,5.9
2008-02-14,62,15.0
2008-02-15,71,19.6
2008-02-16,72,20.6
2008-02-17,81,25.3
2008-02-20,46,8.3
2008-02-21,67,17.8
2008-02-22,54,10.8
2008-02-23,57,12.4
2008-02-24,59,13.4
2008-02-25,41,7.3
2008-02-26,58,13.0
2008-02-27,39,7.1
2008-02-28,48,8.7
2008-02-29,23,4.2
2008-03-01,31,5.5
2008-03-02,54,10.8
2008-03-03,29,5.2
2008-03-04,52,9.9
2008-03-05,63,15.3
2008-03-06,52,9.8
2008-03-07,23,4.2
2008-03-08,27,4.9
2008-03-09,46,8.3
2008-03-10,30,5.4
2008-03-11,28,5.0
2008-03-12,38,6.9
2008-03-13,13,2.3
2008-03-14,4,0.7
2008-03-15,11,1.9
2008-03-16,21,3.7
2008-03-17,14,2.5
2008-03-18,18,3.3
2008-03-19,41,7.4
2008-03-20,16,2.8
2008-03-21,36,6.5
2008-03-22,55,11.3
2008-03-23,24,4.3
2008-03-24,37,6.6
2008-03-25,42,7.6
2008-03-26,19,3.4
2008-03-27,26,4.7
2008-03-28,14,2.5
2008-03-30,25,4.5
2008-03-31,52,9.4
2008-04-01,55,11.3
2008-04-02,23,4.1
2008-04-03,54,10.5
2008-04-04,19,3.5
2008-04-05,8,1.5
2008-04-06,9,1.7
2008-04-07,9,1.7
2008-04-08,15,2.7
2008-04-09,12,2.2
2008-04-10,26,4.7
2008-04-11,58,12.6
2008-04-12,45,8.1
2008-04-13,41,7.3
2008-04-14,25,4.5
2008-04-15,29,5.3
2008-04-16,28,5.0
2008-04-17,37,6.7
2008-04-18,28,5.0
2008-04-19,26,4.6
2008-04-20,13,2.4
2008-04-21,16,2.9
2008-04-22,13,2.4
2008-04-23,11,2.0
2008-04-24,27,4.8
2008-04-25,45,8.1
2008-04-26,49,8.8
2008-04-27,34,6.1
2008-04-28,17,3.1
2008-04-29,15,2.7
2008-04-30,18,3.3
2008-05-01,25,4.5
2008-05-02,38,6.8
2008-05-03,37,6.7
2008-05-04,40,7.2
2008-05-05,43,7.7
2008-05-06,32,5.8
2008-05-07,28,5.1
2008-05-08,34,6.1
2008-05-09,29,5.3
2008-05-10,25,4.5
2008-05-11,10,1.8
2008-05-12,19,3.5
2008-05-13,25,4.5
2008-05-14,24,4.3
2008-05-15,36,6.5
2008-05-16,48,8.7
2008-05-17,34,6.1
2008-05-18,48,8.7
2008-05-19,42,7.6
2008-05-20,14,2.5
2008-05-21,8,1.5
2008-05-22,12,2.2
2008-05-23,21,3.7
2008-05-24,20,3.6
2008-05-25,17,3.1
2008-05-26,19,3.5
2008-05-27,18,3.2
2008-05-28,13,2.3
2008-05-29,9,1.6
2008-05-30,31,5.5
2008-05-31,19,3.5
2008-06-01,9,1.7
2008-06-02,28,5.0
2008-06-03,13,2.4
2008-06-04,9,1.7
2008-06-05,9,1.6
2008-06-06,7,1.3
2008-06-07,8,1.4
2008-06-08,17,3.0
2008-06-09,13,2.4
2008-06-10,22,4.0
2008-06-11,26,4.6
2008-06-12,32,5.8
2008-06-13,32,5.7
2008-06-14,27,4.8
2008-06-15,36,6.5
2008-06-16,36,6.5
2008-06-17,24,4.3
2008-06-18,25,4.5
2008-06-19,24,4.3
2008-06-20,29,5.2
2008-06-21,22,4.0
2008-06-23,27,4.9
2008-06-26,25,4.5
2008-06-28,60,14.0
2008-06-29,93,31.8
2008-06-30,75,22.2
2008-07-01,51,9.1
2008-07-02,41,7.3
2008-07-03,18,3.2
2008-07-05,26,4.7
2008-07-08,45,8.1
2008-07-09,47,8.4
2008-07-10,27,4.8
2008-07-11,39,7.1
2008-07-12,45,8.1
2008-07-13,39,7.0
2008-07-14,35,6.3
2008-07-15,46,8.2
2008-07-16,30,5.4
2008-07-17,36,6.5
2008-07-19,33,5.9
2008-07-20,46,8.2
2008-07-23,36,6.4
2008-07-24,35,6.3
2008-07-25,28,5.0
2008-07-26,16,2.8
2008-07-27,20,3.6
2008-07-28,22,4.0
2008-07-29,15,2.7
2008-07-30,27,4.9
2008-07-31,37,6.6
2008-08-01,17,3.0
2008-08-02,23,4.1
2008-08-03,31,5.6
2008-08-04,47,8.4
2008-08-05,48,8.7
2008-08-06,41,7.3
2008-08-07,28,5.0
2008-08-08,22,4.0
2008-08-09,14,2.5
2008-08-10,15,2.7
2008-08-11,28,5.0
2008-08-12,24,4.4
2008-08-13,34,6.2
2008-08-14,48,8.7
2008-08-15,46,8.3
2008-08-16,52,9.9
2008-08-17,36,6.5
2008-08-18,8,1.5
2008-08-19,22,4.0
2008-08-20,13,2.4
2008-08-21,17,3.1
2008-08-22,34,6.1
2008-08-23,43,7.8
2008-08-24,22,4.0
2008-08-25,18,3.2
2008-08-26,27,4.8
2008-08-27,21,3.7
2008-08-28,35,6.3
2008-08-29,19,3.4
2008-08-30,17,3.0
2008-08-31,19,3.5
2008-09-01,23,4.1
2008-09-02,31,5.5
2008-09-03,34,6.2
2008-09-04,32,5.8
2008-09-05,32,5.8
2008-09-06,28,5.0
2008-09-07,26,4.7
2008-09-08,32,5.8
2008-09-09,50,9.0
2008-09-10,51,9.3
2008-09-11,49,8.8
2008-09-12,38,6.8
2008-09-13,29,5.2
2008-09-14,46,8.2
2008-09-15,57,12.5
2008-09-16,58,12.7
2008-09-17,57,12.4
2008-09-18,52,9.8
2008-09-19,62,15.2
2008-09-20,34,6.1
2008-09-21,27,4.8
2008-09-22,23,4.2
2008-09-23,38,6.8
2008-09-24,33,6.0
2008-09-25,13,2.4
2008-09-26,47,8.5
2008-09-27,50,9.0
2008-09-28,53,10.3
2008-09-29,63,15.7
2008-09-30,53,10.1
2008-10-01,46,8.3
2008-10-02,27,4.9
2008-10-03,15,2.7
2008-10-04,16,2.9
2008-10-05,12,2.1
2008-10-06,12,2.1
2008-10-07,22,4.0
2008-10-08,46,8.3
2008-10-09,26,4.7
2008-10-10,59,13.4
2008-10-11,71,19.7
2008-10-12,54,10.9
2008-10-13,28,5.0
2008-10-14,36,6.5
2008-10-15,49,8.9
2008-10-16,38,6.8
2008-10-17,54,10.6
2008-10-18,51,9.1
2008-10-19,70,19.2
2008-10-20,48,8.7
2008-10-21,56,11.9
2008-10-22,61,14.7
2008-10-23,55,11.2
2008-10-24,69,18.6
2008-10-25,58,12.9
2008-10-26,62,15.1
2008-10-27,68,18.2
2008-10-28,62,15.0
2008-10-29,54,10.5
2008-10-30,69,18.6
2008-10-31,80,24.6
2008-11-01,50,9.0
2008-11-02,19,3.5
2008-11-03,49,8.8
2008-11-04,25,4.5
2008-11-11,22,4.0
2008-11-12,11,1.9
2008-11-13,47,8.4
2008-11-14,68,18.3
2008-11-15,74,21.6
2008-11-16,78,23.4
2008-11-17,77,23.0
2008-11-18,62,14.9
2008-11-19,67,17.5
2008-11-20,53,10.4
2008-11-21,36,6.5
2008-11-22,53,10.2
2008-11-23,54,10.9
2008-11-24,58,12.9
2008-11-25,62,14.9
2008-11-26,51,9.2
2008-11-27,29,5.2
2008-11-28,27,4.9
2008-11-29,55,11.1
2008-11-30,27,4.8
2008-12-01,42,7.5
2008-12-02,45,8.1
2008-12-03,31,5.5
2008-12-04,65,16.6
2008-12-05,95,32.6
2008-12-06,73,20.7
2008-12-07,78,23.8
2008-12-08,61,14.3
2008-12-09,76,22.5
2008-12-10,84,26.7
2008-12-11,66,17.3
2008-12-12,31,5.5
2008-12-13,16,2.8
2008-12-14,29,5.3
2008-12-15,47,8.5
2008-12-16,95,32.7
2008-12-17,65,16.8
2008-12-18,19,3.5
2008-12-19,28,5.0
2008-12-20,14,2.6
2008-12-21,13,2.3
2008-12-22,39,7.0
2008-12-23,76,22.4
2008-12-24,27,4.8
2008-12-25,36,6.4
2008-12-26,21,3.7
2008-12-27,6,1.0
2008-12-28,11,2.0
2008-12-29,17,3.0
2008-12-30,21,3.7
2008-12-31,24,4.3
2009-01-01,8,1.5
2009-01-02,31,5.6
2009-01-07,4,0.8
2009-01-08,27,4.9
2009-01-09,41,7.3
2009-01-10,52,9.6
2009-01-11,56,11.8
2009-01-12,49,8.8
2009-01-13,27,4.8
2009-01-14,49,8.8
2009-01-15,57,12.1
2009-01-16,57,12.3
2009-01-17,70,19.2
2009-01-18,112,40.0
2009-01-19,99,35.1
2009-01-20,108,38.2
2009-01-21,104,36.8
2009-01-22,96,33.5
2009-01-23,75,22.0
2009-01-24,64,15.9
2009-01-25,34,6.1
2009-01-26,59,13.2
2009-01-27,44,7.9
2009-01-28,52,9.9
2009-01-29,55,11.2
2009-01-30,57,12.2
2009-01-31,69,18.5
2009-02-01,82,26.0
2009-02-02,80,24.4
2009-02-03,92,31.0
2009-02-04,102,35.9
2009-02-05,67,17.6
2009-02-06,44,8.0
2009-02-07,58,13.0
2009-02-08,28,5.0
2009-02-09,47,8.5
2009-02-10,12,2.2
2009-02-11,33,6.0
2009-02-12,32,5.7
2009-02-13,53,10.3
2009-02-14,39,7.1
2009-02-15,50,9.0
2009-02-16,55,11.4
2009-02-17,43,7.7
2009-02-18,52,9.5
2009-02-19,65,16.7
2009-02-20,60,13.9
2009-02-21,67,17.8
2009-02-22,56,11.8
2009-02-23,13,2.4
2009-02-24,6,1.1
2009-02-25,7,1.3
2009-02-26,20,3.6
2009-02-27,56,11.8
2009-02-28,66,17.0
2009-03-01,73,21.1
2009-03-02,27,4.8
2009-03-03,14,2.5
2009-03-04,23,4.2
2009-03-05,12,2.1
2009-03-06,46,8.3
2009-03-07,29,5.3
2009-03-08,33,6.0
2009-03-09,33,6.0
2009-03-10,51,9.2
2009-03-11,56,12.0
2009-03-12,59,13.6
2009-03-13,54,10.6
2009-03-14,19,3.5
2009-03-15,14,2.5
2009-03-16,22,4.0
2009-03-17,34,6.1
2009-03-18,49,8.8
2009-03-19,34,6.1
2009-03-20,15,2.7
2009-03-21,14,2.6
2009-03-22,20,3.6
2009-03-23,18,3.2
2009-03-24,8,1.5
2009-03-25,7,1.3
2009-03-26,29,5.3
2009-03-27,27,4.9
2009-03-28,11,1.9
2009-03-29,46,8.3
2009-03-30,38,6.8
2009-03-31,28,5.0
2009-04-01,29,5.3
2009-04-02,9,1.6
2009-04-03,43,7.7
2009-04-04,55,11.5
2009-04-05,53,10.3
2009-04-06,51,9.1
2009-04-07,53,10.3
2009-04-08,21,3.7
2009-04-09,13,2.4
2009-04-10,13,2.3
2009-04-11,13,2.4
2009-04-12,9,1.7
2009-04-14,18,3.2
2009-04-15,31,5.6
2009-04-16,19,3.4
2009-04-17,21,3.8
2009-04-18,41,7.3
2009-04-19,44,8.0
2009-04-20,39,7.1
2009-04-21,47,8.5
2009-04-22,36,6.5
2009-04-23,22,4.0
2009-04-24,35,6.3
2009-04-25,36,6.4
2009-04-26,20,3.6
2009-04-27,31,5.5
2009-04-28,30,5.4
2009-04-29,26,4.7
2009-04-30,38,6.8
2009-05-01,35,6.3
2009-05-02,12,2.1
2009-05-03,13,2.3
2009-05-04,9,1.6
2009-05-05,16,2.8
2009-05-06,12,2.1
2009-05-07,16,2.8
2009-05-08,24,4.4
2009-05-09,26,4.7
2009-05-10,35,6.3
2009-05-11,12,2.1
2009-05-12,20,3.6
2009-05-13,16,2.9
2009-05-14,9,1.7
2009-05-15,32,5.8
2009-05-16,45,8.1
2009-05-17,51,9.2
2009-05-18,21,3.8
2009-05-19,21,3.8
2009-05-20,30,5.4
2009-05-21,31,5.5
2009-05-22,43,7.7
2009-05-23,42,7.6
2009-05-24,48,8.6
2009-05-25,36,6.5
2009-05-26,23,4.2
2009-05-27,35,6.3
2009-05-28,42,7.5
2009-05-29,49,8.9
2009-05-30,38,6.9
2009-05-31,23,4.1
2009-06-01,22,4.0
2009-06-02,36,6.4
2009-06-03,32,5.8
2009-06-04,22,3.9
2009-06-05,22,3.9
2009-06-06,13,2.3
2009-06-07,29,5.3
2009-06-08,36,6.5
2009-06-09,27,4.8
2009-06-10,23,4.1
2009-06-11,31,5.6
2009-06-12,46,8.2
2009-06-13,37,6.6
2009-06-14,17,3.1
2009-06-15,39,7.0
2009-06-16,47,8.5
2009-06-17,26,4.6
2009-06-18,15,2.7
2009-06-19,15,2.7
2009-06-20,23,4.2
2009-06-21,21,3.7
2009-06-22,24,4.3
2009-06-23,30,5.4
2009-06-24,23,4.2
2009-06-25,19,3.5
2009-06-26,34,6.2
2009-06-27,43,7.7
2009-06-28,32,5.8
2009-06-29,35,6.3
2009-06-30,33,5.9
2009-07-01,45,8.1
2009-07-02,53,10.1
2009-07-03,56,11.6
2009-07-04,58,12.6
2009-07-05,29,5.2
2009-07-06,27,4.9
2009-07-07,28,5.0
2009-07-08,16,2.9
2009-07-09,27,4.8
2009-07-10,36,6.4
2009-07-11,19,3.4
2009-07-12,14,2.5
2009-07-13,18,3.3
2009-07-14,45,8.1
2009-07-16,49,8.9
2009-07-17,46,8.3
2009-07-18,31,5.5
2009-07-19,18,3.3
2009-07-20,34,6.2
2009-07-21,29,5.2
2009-07-22,22,4.0
2009-07-23,21,3.8
2009-07-24,32,5.7
2009-07-25,54,10.6
2009-07-26,34,6.1
2009-07-27,48,8.7
2009-07-28,53,10.4
2009-07-29,56,11.7
2009-07-30,29,5.3
2009-07-31,29,5.3
2009-08-01,30,5.4
2009-08-02,22,3.9
2009-08-03,27,4.8
2009-08-04,46,8.2
2009-08-05,47,8.4
2009-08-06,67,17.6
2009-08-07,60,13.9
2009-08-08,57,12.1
2009-08-09,31,5.6
2009-08-10,22,3.9
2009-08-11,11,2.0
2009-08-12,6,1.1
2009-08-13,19,3.4
2009-08-14,31,5.6
2009-08-15,31,5.5
2009-08-16,38,6.8
2009-08-17,47,8.5
2009-08-18,51,9.3
2009-08-19,53,10.0
2009-08-20,25,4.5
2009-08-21,25,4.5
2009-08-22,23,4.1
2009-08-23,38,6.9
2009-08-24,43,7.7
2009-08-25,29,5.3
2009-08-26,41,7.3
2009-08-27,27,4.9
2009-08-28,25,4.5
2009-08-29,26,4.7
2009-08-30,35,6.3
2009-08-31,46,8.3
2009-09-01,34,6.2
2009-09-02,28,5.1
2009-09-03,18,3.3
2009-09-04,31,5.5
2009-09-05,10,1.8
2009-09-06,19,3.5
2009-09-07,21,3.7
2009-09-08,39,7.0
2009-09-09,24,4.4
2009-09-10,32,5.8
2009-09-11,50,9.0
2009-09-12,51,9.1
2009-09-13,27,4.9
2009-09-14,20,3.6
2009-09-15,23,4.1
2009-09-16,15,2.7
2009-09-17,28,5.1
2009-09-18,38,6.9
2009-09-19,18,3.3
2009-09-20,25,4.5
2009-09-21,34,6.2
2009-09-22,55,11.2
2009-09-23,88,28.7
2009-09-24,34,6.2
2009-09-25,43,7.7
2009-09-26,37,6.7
2009-09-27,39,7.0
2009-09-28,29,5.3
2009-09-29,17,3.1
2009-09-30,16,2.9
2009-10-01,23,4.1
2009-10-02,34,6.2
2009-10-03,27,4.9
2009-10-04,39,7.0
2009-10-05,43,7.8
2009-10-06,52,9.4
2009-10-07,54,10.8
2009-10-08,55,11.1
2009-10-09,55,11.5
2009-10-10,58,12.7
2009-10-11,56,11.9
2009-10-12,54,10.7
2009-10-13,42,7.6
2009-10-14,26,4.6
2009-10-15,54,10.5
2009-10-16,55,11.1
2009-10-17,39,7.1
2009-10-18,31,5.6
2009-10-19,32,5.8
2009-10-20,45,8.1
2009-10-21,41,7.3
2009-10-22,49,8.9
2009-10-23,41,7.3
2009-10-24,59,13.4
2009-10-25,57,12.1
2009-10-26,22,3.9
2009-10-27,56,11.8
2009-10-28,62,14.9
2009-10-29,26,4.7
2009-10-30,37,6.7
2009-10-31,29,5.2
2009-11-01,57,12.2
2009-11-02,67,17.6
2009-11-03,73,20.8
2009-11-04,86,27.8
2009-11-05,52,9.7
2009-11-06,27,4.8
2009-11-07,19,3.5
2009-11-08,24,4.4
2009-11-09,29,5.3
2009-11-10,55,11.5
2009-11-11,54,10.5
2009-11-12,29,5.3
2009-11-13,42,7.5
2009-11-14,45,8.1
2009-11-15,28,5.0
2009-11-16,19,3.5
2009-11-17,19,3.5
2009-11-18,21,3.8
2009-11-19,19,3.5
2009-11-20,10,1.8
2009-11-21,12,2.1
2009-11-22,39,7.0
2009-11-23,18,3.3
2009-11-24,52,9.4
2009-11-25,60,14.1
2009-11-26,38,6.8
2009-11-27,55,11.5
2009-11-28,64,15.9
2009-11-29,65,16.8
2009-11-30,30,5.4
2009-12-01,29,5.3
2009-12-02,75,22.0
2009-12-03,90,30.1
2009-12-04,91,30.6
2009-12-05,93,31.5
2009-12-06,68,18.4
2009-12-07,60,14.1
2009-12-08,87,28.3
2009-12-09,120,43.1
2009-12-10,142,52.3
2009-12-11,154,59.9
2009-12-12,128,46.5
2009-12-15,9,1.6
2009-12-16,14,2.5
2009-12-17,36,6.5
2009-12-18,57,12.4
2009-12-19,36,6.5
2009-12-20,11,2.0
2009-12-21,11,2.0
2009-12-22,31,5.5
2009-12-23,53,10.4
2009-12-24,32,5.8
2009-12-25,43,7.7
2009-12-26,71,20.0
2009-12-27,72,20.3
2009-12-28,60,13.7
2009-12-29,21,3.7
2009-12-30,11,1.9
2009-12-31,5,0.9
2010-01-01,13,2.3
2010-01-02,31,5.6
2010-01-03,64,16.0
2010-01-04,52,9.5
2010-01-05,17,3.0
2010-01-06,25,4.5
2010-01-07,55,11.4
2010-01-08,69,18.9
2010-01-13,16,2.8
2010-01-14,22,4.0
2010-01-15,29,5.2
2010-01-16,18,3.2
2010-01-17,18,3.3
2010-01-18,54,10.9
2010-01-19,36,6.5
2010-01-20,52,9.8
2010-01-21,34,6.2
2010-01-22,23,4.2
2010-01-23,16,2.8
2010-01-24,21,3.8
2010-01-25,30,5.4
2010-01-26,56,11.6
2010-01-27,42,7.5
2010-01-28,61,14.5
2010-01-29,73,21.0
2010-01-30,64,16.0
2010-01-31,24,4.4
2010-02-01,19,3.4
2010-02-02,43,7.7
2010-02-03,28,5.0
2010-02-04,21,3.8
2010-02-05,18,3.2
2010-02-06,52,9.5
2010-02-09,62,15.0
2010-02-10,64,16.0
2010-02-11,7,1.2
2010-02-12,16,2.9
2010-02-13,29,5.3
2010-02-14,32,5.7
2010-02-15,17,3.0
2010-02-16,32,5.7
2010-02-17,39,7.0
2010-02-18,46,8.2
2010-02-19,57,12.5
2010-02-20,52,9.9
2010-02-21,46,8.2
2010-02-22,51,9.1
2010-02-23,49,8.8
2010-02-24,15,2.7
2010-02-25,12,2.2
2010-02-26,17,3.1
2010-02-27,29,5.2
2010-02-28,41,7.4
2010-03-01,33,6.0
2010-03-02,22,4.0
2010-03-03,22,4.0
2010-03-04,19,3.5
2010-03-05,46,8.2
2010-03-06,61,14.6
2010-03-07,33,5.9
2010-03-08,32,5.7
2010-03-09,19,3.5
2010-03-10,24,4.3
2010-03-11,13,2.4
2010-03-12,7,1.3
2010-03-13,28,5.0
2010-03-14,33,6.0
2010-03-15,57,12.1
2010-03-16,34,6.1
2010-03-17,23,4.1
2010-03-18,51,9.1
2010-03-19,56,12.0
2010-03-20,51,9.2
2010-03-21,14,2.6
2010-03-22,31,5.5
2010-03-23,50,9.0
2010-03-24,30,5.4
2010-03-25,6,1.1
2010-03-26,22,3.9
2010-03-27,23,4.2
2010-03-28,23,4.2
2010-03-29,12,2.2
2010-03-30,9,1.6
2010-03-31,20,3.6
2010-04-01,25,4.5
2010-04-02,16,2.9
2010-04-03,16,2.8
2010-04-04,14,2.5
2010-04-05,7,1.3
2010-04-06,24,4.3
2010-04-07,26,4.6
2010-04-08,24,4.4
2010-04-09,28,5.0
2010-04-10,34,6.1
2010-04-11,27,4.8
2010-04-12,9,1.7
2010-04-13,22,3.9
2010-04-14,33,5.9
2010-04-15,26,4.7
2010-04-16,26,4.7
2010-04-17,23,4.1
2010-04-18,28,5.1
2010-04-19,33,6.0
2010-04-20,15,2.7
2010-04-21,21,3.7
2010-04-22,38,6.8
2010-04-23,30,5.4
2010-04-24,30,5.4
2010-04-25,38,6.9
2010-04-26,33,6.0
2010-04-27,4,0.8
2010-04-28,7,1.3
2010-04-29,10,1.8
2010-04-30,12,2.2
2010-05-01,9,1.6
2010-05-02,8,1.5
2010-05-03,12,2.1
2010-05-04,18,3.2
2010-05-05,17,3.0
2010-05-06,24,4.3
2010-05-07,29,5.3
2010-05-08,23,4.1
2010-05-09,31,5.5
2010-05-10,15,2.7
2010-05-11,19,3.4
2010-05-12,36,6.5
2010-05-13,57,12.4
2010-05-14,42,7.5
2010-05-15,37,6.7
2010-05-16,41,7.4
2010-05-17,27,4.8
2010-05-18,14,2.5
2010-05-19,13,2.3
2010-05-20,14,2.5
2010-05-21,8,1.5
2010-05-22,9,1.6
2010-05-23,17,3.0
2010-05-24,13,2.4
2010-05-25,12,2.2
2010-05-26,12,2.1
2010-05-27,18,3.3
2010-05-28,16,2.9
2010-05-29,17,3.0
2010-05-30,18,3.2
2010-05-31,9,1.6
2010-06-01,12,2.1
2010-06-02,6,1.1
2010-06-03,17,3.1
2010-06-04,13,2.3
2010-06-05,22,4.0
2010-06-06,10,1.8
2010-06-07,8,1.5
2010-06-08,21,3.7
2010-06-09,8,1.5
2010-06-10,14,2.5
2010-06-11,19,3.4
2010-06-12,32,5.7
2010-06-13,29,5.2
2010-06-14,32,5.8
2010-06-15,17,3.0
2010-06-16,15,2.7
2010-06-17,13,2.4
2010-06-18,17,3.1
2010-06-19,11,2.0
2010-06-20,13,2.3
2010-06-21,21,3.7
2010-06-22,27,4.9
2010-06-23,30,5.4
2010-06-24,23,4.1
2010-06-25,16,2.8
2010-06-26,27,4.8
2010-06-27,23,4.1
2010-06-28,11,2.0
2010-06-29,21,3.8
2010-06-30,20,3.6
2010-07-01,14,2.5
2010-07-02,13,2.3
2010-07-03,29,5.2
2010-07-04,34,6.2
2010-07-05,29,5.3
2010-07-06,28,5.0
2010-07-07,36,6.5
2010-07-08,39,7.0
2010-07-09,48,8.6
2010-07-10,29,5.2
2010-07-11,15,2.7
2010-07-12,19,3.5
2010-07-13,26,4.6
2010-07-14,38,6.8
2010-07-15,42,7.5
2010-07-16,31,5.6
2010-07-17,28,5.1
2010-07-18,31,5.6
2010-07-19,37,6.6
2010-07-20,36,6.4
2010-07-21,43,7.7
2010-07-22,38,6.8
2010-07-23,32,5.7
2010-07-24,45,8.1
2010-07-25,39,7.1
2010-07-26,44,8.0
2010-07-27,44,8.0
2010-07-28,36,6.4
2010-07-29,31,5.5
2010-07-30,27,4.9
2010-07-31,16,2.8
2010-08-01,23,4.2
2010-08-02,30,5.4
2010-08-03,23,4.1
2010-08-04,33,6.0
2010-08-05,52,9.4
2010-08-06,53,10.4
2010-08-07,18,3.2
2010-08-08,12,2.1
2010-08-09,21,3.8
2010-08-10,27,4.8
2010-08-11,26,4.6
2010-08-12,39,7.0
2010-08-13,45,8.1
2010-08-14,36,6.4
2010-08-15,16,2.8
2010-08-16,43,7.7
2010-08-17,38,6.9
2010-08-18,29,5.2
2010-08-19,27,4.8
2010-08-20,35,6.3
2010-08-21,25,4.5
2010-08-22,19,3.5
2010-08-23,28,5.0
2010-08-24,46,8.3
2010-08-25,63,15.5
2010-08-26,16,2.9
2010-08-27,25,4.5
2010-08-28,19,3.5
2010-08-29,21,3.7
2010-08-30,15,2.7
2010-08-31,9,1.7
2010-09-01,9,1.7
2010-09-02,35,6.3
2010-09-03,34,6.2
2010-09-04,20,3.6
2010-09-05,21,3.7
2010-09-06,24,4.3
2010-09-07,11,2.0
2010-09-08,17,3.1
2010-09-09,22,3.9
2010-09-10,26,4.6
2010-09-11,34,6.2
2010-09-12,30,5.4
2010-09-13,34,6.2
2010-09-14,36,6.4
2010-09-15,26,4.7
2010-09-16,18,3.3
2010-09-17,22,4.0
2010-09-18,18,3.2
2010-09-19,9,1.7
2010-09-20,24,4.3
2010-09-21,33,5.9
2010-09-22,41,7.3
2010-09-23,29,5.3
2010-09-24,22,4.0
2010-09-25,24,4.3
2010-09-26,21,3.7
2010-09-27,23,4.1
2010-09-28,31,5.5
2010-09-29,32,5.7
2010-09-30,51,9.3
2010-10-01,36,6.4
2010-10-02,42,7.6
2010-10-03,32,5.8
2010-10-04,31,5.6
2010-10-05,42,7.5
2010-10-06,51,9.1
2010-10-07,39,7.0
2010-10-08,31,5.6
2010-10-09,22,4.0
2010-10-10,23,4.2
2010-10-11,35,6.3
2010-10-12,54,10.6
2010-10-13,57,12.5
2010-10-14,49,8.8
2010-10-15,33,6.0
2010-10-16,55,11.0
2010-10-17,66,17.2
2010-10-18,70,19.4
2010-10-19,67,17.5
2010-10-20,61,14.2
2010-10-21,55,11.0
2010-10-22,30,5.4
2010-10-23,29,5.3
2010-10-24,28,5.0
2010-10-25,41,7.3
2010-10-26,25,4.5
2010-10-27,64,16.0
2010-10-28,67,17.7
2010-10-29,61,14.2
2010-10-30,54,10.9
2010-10-31,28,5.1
2010-11-01,13,2.3
2010-11-02,37,6.6
2010-11-03,51,9.3
2010-11-04,65,16.5
2010-11-05,62,14.8
2010-11-06,41,7.4
2010-11-07,29,5.2
2010-11-08,37,6.7
2010-11-09,44,7.9
2010-11-10,48,8.7
2010-11-11,40,7.2
2010-11-12,59,13.6
2010-11-13,32,5.8
2010-11-14,21,3.8
2010-11-15,10,1.8
2010-11-16,29,5.2
2010-11-17,36,6.4
2010-11-18,18,3.3
2010-11-19,23,4.2
2010-11-20,26,4.7
2010-11-21,36,6.4
2010-11-22,17,3.1
2010-11-23,44,7.9
2010-11-24,56,11.7
2010-11-25,44,8.0
2010-11-26,12,2.2
2010-11-27,42,7.5
2010-11-28,55,11.0
2010-11-30,14,2.6
2010-12-01,17,3.1
2010-12-02,39,7.1
2010-12-03,43,7.7
2010-12-04,52,9.8
2010-12-05,56,12.0
2010-12-06,62,15.0
2010-12-07,71,19.9
2010-12-08,21,3.8
2010-12-09,14,2.5
2010-12-10,39,7.0
2010-12-11,11,2.0
2010-12-12,12,2.2
2010-12-13,7,1.2
2010-12-14,13,2.3
2010-12-15,19,3.5
2010-12-16,53,10.0
2010-12-17,59,13.3
2010-12-18,19,3.5
2010-12-19,17,3.1
2010-12-20,14,2.6
2010-12-21,28,5.0
2010-12-22,23,4.2
2010-12-23,10,1.8
2010-12-24,51,9.3
2010-12-25,53,10.1
2010-12-26,7,1.2
2010-12-27,7,1.2
2010-12-28,7,1.3
2010-12-29,12,2.2
2010-12-30,42,7.5
2010-12-31,40,7.2
2011-01-03,82,26.0
2011-01-06,64,15.9
2011-01-09,70,19.5
2011-01-12,29,5.2
2011-01-15,9,1.7
2011-01-18,13,2.4
2011-01-21,52,9.6
2011-01-24,53,10.1
2011-01-27,65,16.4
2011-01-30,63,15.5
2011-02-02,80,24.6
2011-02-05,16,2.8
2011-02-08,54,10.5
2011-02-11,65,16.5
2011-02-14,17,3.0
2011-02-17,34,6.2
2011-02-20,23,4.1
2011-02-23,16,2.8
2011-02-26,52,9.8
2011-03-01,14,2.6
2011-03-04,13,2.3
2011-03-07,19,3.4
2011-03-10,24,4.4
2011-03-13,8,1.5
2011-03-16,9,1.7
2011-03-19,39,7.1
2011-03-22,34,6.2
2011-03-25,7,1.3
2011-03-28,10,1.8
2011-03-31,10,1.8
2011-04-03,32,5.8
2011-04-06,17,3.0
2011-04-09,38,6.8
2011-04-12,25,4.5
2011-04-15,13,2.3
2011-04-18,29,5.3
2011-04-21,19,3.5
2011-04-24,19,3.5
2011-04-27,17,3.1
2011-04-30,34,6.2
2011-05-03,30,5.4
2011-05-06,16,2.8
2011-05-09,12,2.2
2011-05-12,19,3.5
2011-05-15,19,3.5
2011-05-18,24,4.3
2011-05-21,19,3.5
2011-05-24,18,3.2
2011-05-27,13,2.3
2011-05-30,14,2.5
2011-06-02,12,2.2
2011-06-05,32,5.7
2011-06-08,34,6.2
2011-06-11,38,6.8
2011-06-14,14,2.5
2011-06-17,28,5.0
2011-06-20,13,2.3
2011-06-23,12,2.2
2011-06-26,29,5.2
2011-06-29,7,1.3
2011-07-02,35,6.3
2011-07-05,54,10.6
2011-07-08,23,4.2
2011-07-11,10,1.8
2011-07-14,14,2.5
2011-07-17,11,1.9
2011-07-20,19,3.5
2011-07-23,36,6.4
2011-07-26,13,2.4
2011-07-29,36,6.5
2011-08-01,19,3.5
2011-08-04,20,3.6
2011-08-07,28,5.1
2011-08-10,24,4.4
2011-08-13,30,5.4
2011-08-16,36,6.5
2011-08-19,33,5.9
2011-08-22,11,1.9
2011-08-25,32,5.7
2011-08-28,36,6.4
2011-08-31,28,5.0
2011-09-03,56,11.7
2011-09-06,54,10.5
2011-09-09,56,11.8
2011-09-12,33,5.9
2011-09-15,22,3.9
2011-09-18,17,3.1
2011-09-21,47,8.5
2011-09-24,25,4.5
2011-09-27,21,3.8
2011-09-30,29,5.3
2011-10-03,13,2.4
2011-10-06,22,3.9
2011-10-09,24,4.3
2011-10-12,37,6.7
2011-10-15,63,15.7
2011-10-18,62,14.9
2011-10-21,29,5.3
2011-10-24,43,7.7
2011-10-27,70,19.3
2011-10-30,17,3.0
2011-11-02,58,12.7
2011-11-05,55,11.5
2011-11-08,41,7.4
2011-11-11,53,10.4
2011-11-14,44,7.9
2011-11-17,64,16.0
2011-11-23,14,2.5
2011-11-26,36,6.5
2011-11-29,44,8.0
2011-12-02,74,21.2
2011-12-05,74,21.2
2011-12-08,52,9.6
2011-12-11,61,14.4
2011-12-14,58,12.7
2011-12-17,42,7.5
2011-12-20,23,4.2
2011-12-23,55,11.2
2011-12-26,48,8.6
2011-12-29,7,1.2
2012-01-01,86,27.7
2012-01-04,14,2.6
2012-01-07,52,9.7
2012-01-10,52,9.4
2012-01-13,93,31.6
2012-01-19,3,0.5
2012-01-22,9,1.7
2012-01-25,46,8.3
2012-01-28,62,14.9
2012-01-31,23,4.2
2012-02-03,70,19.3
2012-02-06,81,25.4
2012-02-09,47,8.5
2012-02-12,30,5.4
2012-02-15,53,10.2
2012-02-18,28,5.0
2012-02-21,3,0.5
2012-02-24,17,3.1
2012-02-27,54,10.5
2012-03-01,14,2.6
2012-03-04,58,12.9
2012-03-07,54,10.8
2012-03-10,22,4.0
2012-03-13,9,1.7
2012-03-16,11,1.9
2012-03-19,8,1.5
2012-03-22,28,5.0
2012-03-25,24,4.4
2012-03-28,10,1.8
2012-03-31,8,1.5
2012-04-03,17,3.0
2012-04-06,18,3.3
2012-04-09,36,6.5
2012-04-12,8,1.4
2012-04-15,21,3.7
2012-04-18,17,3.0
2012-04-21,44,8.0
2012-04-24,10,1.8
2012-04-27,10,1.8
2012-04-30,8,1.4
2012-05-03,9,1.6
2012-05-06,42,7.5
2012-05-09,27,4.9
2012-05-12,52,9.6
2012-05-15,52,9.4
2012-05-18,37,6.6
2012-05-21,15,2.7
2012-05-24,12,2.2
2012-05-27,22,4.0
2012-05-30,28,5.0
2012-06-02,11,2.0
2012-06-05,14,2.5
2012-06-08,15,2.7
2012-06-11,23,4.1
2012-06-14,24,4.3
2012-06-17,9,1.6
2012-06-20,26,4.7
2012-06-23,7,1.2
2012-06-26,9,1.7
2012-06-29,21,3.7
2012-07-02,21,3.8
2012-07-05,61,14.6
2012-07-08,47,8.5
2012-07-11,55,11.5
2012-07-14,31,5.6
2012-07-17,21,3.7
2012-07-20,13,2.3
2012-07-23,20,3.6
2012-07-26,24,4.3
2012-07-29,23,4.1
2012-08-01,29,5.2
2012-08-04,52,9.5
2012-08-07,16,2.8
2012-08-10,31,5.6
2012-08-13,55,11.1
2012-08-16,51,9.1
2012-08-19,17,3.0
2012-08-22,28,5.0
2012-08-25,38,6.8
2012-08-28,21,3.8
2012-08-31,31,5.6
2012-09-03,33,5.9
2012-09-06,52,9.8
2012-09-09,20,3.6
2012-09-12,52,9.7
2012-09-15,49,8.8
2012-09-18,59,13.4
2012-09-21,21,3.8
2012-09-24,42,7.5
2012-09-27,58,13.1
2012-09-30,36,6.5
2012-10-03,52,9.7
2012-10-06,57,12.2
2012-10-09,52,9.6
2012-10-12,17,3.0
2012-10-15,7,1.2
2012-10-18,70,19.2
2012-10-21,21,3.8
2012-10-24,16,2.8
2012-10-27,46,8.3
2012-10-30,55,11.2
2012-11-02,41,7.4
2012-11-05,38,6.9
2012-11-08,42,7.6
2012-11-11,24,4.4
2012-11-14,35,6.3
2012-11-17,24,4.3
2012-11-20,10,1.8
2012-11-23,21,3.8
2012-11-26,72,20.5
2012-11-29,18,3.2
2012-12-02,9,1.7
2012-12-05,35,6.3
2012-12-08,48,8.6
2012-12-11,13,2.3
2012-12-14,31,5.6
2012-12-17,23,4.2
2012-12-20,7,1.3
2012-12-23,17,3.0
2012-12-26,14,2.5
2012-12-29,66,16.9
2013-01-01,80,24.4
2013-01-04,88,29.1
2013-01-07,9,1.6
2013-01-10,21,3.8
2013-01-13,54,10.9
2013-01-16,32,5.8
2013-01-19,61,14.6
2013-01-22,86,28.1
2013-01-25,51,9.2
2013-01-28,8,1.4
2013-01-31,34,6.2
2013-02-03,37,6.6
2013-02-06,12,2.1
2013-02-09,51,9.3
2013-02-12,14,2.6
2013-02-15,62,14.8
2013-02-18,54,10.9
2013-02-21,21,3.8
2013-02-24,30,5.4
2013-02-27,17,3.0
2013-03-02,23,4.2
2013-03-05,36,6.5
2013-03-08,53,10.0
2013-03-11,26,4.7
2013-03-14,25,4.5
2013-03-17,22,3.9
2013-03-20,13,2.3
2013-03-23,54,10.7
2013-03-26,34,6.2
2013-03-29,29,5.2
2013-04-01,13,2.3
2013-04-04,29,5.2
2013-04-07,11,2.0
2013-04-10,13,2.3
2013-04-13,23,4.2
2013-04-16,25,4.5
2013-04-19,8,1.4
2013-04-22,18,3.2
2013-04-25,34,6.1
2013-04-28,12,2.2
2013-05-01,34,6.2
2013-05-04,35,6.3
2013-05-07,31,5.5
2013-05-10,46,8.2
2013-05-13,14,2.6
2013-05-16,16,2.9
2013-05-19,13,2.4
2013-05-22,10,1.8
2013-05-25,12,2.1
2013-05-28,8,1.5
2013-05-31,27,4.9
2013-06-03,26,4.7
2013-06-06,29,5.3
2013-06-09,25,4.5
2013-06-12,13,2.4
2013-06-15,28,5.1
2013-06-18,10,1.8
2013-06-21,21,3.7
2013-06-24,6,1.0
2013-06-27,11,1.9
2013-06-30,29,5.2
2013-07-03,23,4.2
2013-07-06,39,7.1
2013-07-09,42,7.5
2013-07-12,22,3.9
2013-07-15,28,5.1
2013-07-18,34,6.2
2013-07-21,25,4.5
2013-07-24,36,6.5
2013-07-27,37,6.6
2013-07-30,28,5.0
2013-08-02,17,3.1
2013-08-05,40,7.2
2013-08-08,19,3.5
2013-08-11,12,2.2
2013-08-14,23,4.1
2013-08-17,13,2.3
2013-08-20,42,7.5
2013-08-23,14,2.6
2013-08-26,17,3.1
2013-08-29,11,1.9
2013-09-01,14,2.6
2013-09-04,25,4.5
2013-09-07,26,4.7
2013-09-10,44,7.9
2013-09-13,33,5.9
2013-09-16,11,2.0
2013-09-19,22,3.9
2013-09-22,12,2.2
2013-09-25,9,1.7
2013-09-28,6,1.0
2013-10-01,24,4.3
2013-10-04,58,13.0
2013-10-07,27,4.9
2013-10-10,56,11.6
2013-10-13,64,16.2
2013-10-16,66,17.3
2013-10-19,72,20.5
2013-10-22,74,21.6
2013-10-25,56,11.9
2013-10-28,52,9.8
2013-10-31,51,9.2
2013-11-03,22,3.9
2013-11-06,52,9.6
2013-11-09,59,13.4
2013-11-12,54,10.9
2013-11-15,35,6.3
2013-11-18,20,3.6
2013-11-21,75,22.0
2013-11-24,112,39.8
2013-11-27,109,38.6
2013-11-30,71,19.6
2013-12-03,55,11.2
2013-12-06,56,11.7
2013-12-09,141,51.9
2013-12-12,92,30.9
2013-12-15,61,14.6
2013-12-18,33,5.9
2013-12-21,11,2.0
2013-12-24,32,5.8
2013-12-27,46,8.2
2013-12-30,58,13.0
2014-01-02,53,10.0
2014-01-05,84,26.9
2014-01-08,8,1.5
2014-01-11,20,3.6
2014-01-14,58,13.0
2014-01-17,56,11.8
2014-01-20,64,16.0
2014-01-23,56,12.0
2014-01-26,101,35.5
2014-01-29,16,2.9
2014-02-01,40,7.2
2014-02-04,46,8.2
2014-02-07,65,16.8
2014-02-10,74,21.6
2014-02-13,17,3.0
2014-02-16,8,1.5
2014-02-19,15,2.7
2014-02-22,59,13.3
2014-02-25,27,4.9
2014-02-28,52,9.5
2014-03-03,17,3.1
2014-03-06,13,2.3
2014-03-09,6,1.0
2014-03-12,36,6.5
2014-03-15,11,2.0
2014-03-18,33,6.0
2014-03-21,41,7.3
2014-03-24,47,8.5
2014-03-27,10,1.8
2014-03-30,12,2.2
2014-04-02,24,4.3
2014-04-05,9,1.6
2014-04-08,20,3.6
2014-04-11,41,7.3
2014-04-14,30,5.4
2014-04-17,25,4.5
2014-04-20,43,7.8
2014-04-23,4,0.7
2014-04-26,11,2.0
2014-04-29,36,6.5
2014-05-02,24,4.4
2014-05-05,16,2.8
2014-05-08,18,3.2
2014-05-11,26,4.6
2014-05-14,53,10.1
2014-05-17,17,3.0
2014-05-20,21,3.8
2014-05-23,21,3.7
2014-05-26,14,2.5
2014-05-29,27,4.8
2014-06-01,31,5.5
2014-06-04,44,8.0
2014-06-10,19,3.5
2014-06-13,18,3.3
2014-06-14,37,6.7
2014-06-15,31,5.6
2014-06-16,11,2.0
2014-06-19,18,3.3
2014-06-22,42,7.5
2014-06-25,23,4.2
2014-06-28,7,1.3
2014-07-01,38,6.8
2014-07-04,30,5.4
2014-07-07,22,4.0
2014-07-10,38,6.8
2014-07-13,14,2.6
2014-07-16,44,8.0
2014-07-19,19,3.4
2014-07-22,19,3.5
2014-07-25,21,3.7
2014-07-28,46,8.2
2014-07-31,37,6.7
2014-08-03,44,8.0
2014-08-06,21,3.8
2014-08-09,28,5.0
2014-08-12,23,4.1
2014-08-15,12,2.1
2014-08-18,33,6.0
2014-08-21,28,5.0
2014-08-24,54,10.8
2014-08-27,54,10.9
2014-08-30,12,2.2
2014-09-02,16,2.9
2014-09-05,26,4.7
2014-09-08,44,7.9
2014-09-11,30,5.4
2014-09-14,63,15.7
2014-09-17,55,11.0
2014-09-20,54,10.6
2014-09-23,37,6.7
2014-09-26,17,3.1
2014-09-29,19,3.4
2014-10-02,44,7.9
2014-10-05,43,7.7
2014-10-08,38,6.8
2014-10-11,22,3.9
2014-10-14,13,2.4
2014-10-17,39,7.0
2014-10-20,24,4.3
2014-10-23,36,6.4
2014-10-26,24,4.3
2014-10-29,47,8.5
2014-11-01,53,10.2
2014-11-04,32,5.7
2014-11-07,56,11.9
2014-11-10,58,12.6
2014-11-13,38,6.8
2014-11-16,91,30.7
2014-11-19,94,32.0
2014-11-22,18,3.3
2014-11-25,21,3.8
2014-11-28,8,1.5
2014-12-01,59,13.3
2014-12-04,69,18.6
2014-12-07,56,12.0
2014-12-10,15,2.7
2014-12-13,68,18.0
2014-12-16,59,13.3
2014-12-19,9,1.7
2014-12-22,25,4.5
2014-12-25,36,6.4
2014-12-28,20,3.6
2014-12-31,82,25.7
2015-01-03,69,18.8
2015-01-06,65,16.5
2015-01-09,64,16.1
2015-01-12,20,3.6
2015-01-15,45,8.1
2015-01-18,33,6.0
2015-01-21,56,11.8
2015-01-24,46,8.3
2015-01-27,52,9.5
2015-01-30,61,14.2
2015-02-02,26,4.6
2015-02-05,16,2.8
2015-02-08,28,5.0
2015-02-11,43,7.7
2015-02-14,55,11.4
2015-02-17,55,11.5
2015-02-20,55,11.0
2015-02-23,62,14.8
2015-02-26,12,2.2
2015-03-01,52,9.9
2015-03-04,62,14.9
2015-03-07,68,18.4
2015-03-10,51,9.1
2015-03-13,36,6.4
2015-03-16,29,5.2
2015-03-19,28,5.1
2015-03-22,20,3.6
2015-03-25,13,2.3
2015-03-28,23,4.1
2015-03-31,11,2.0
2015-04-03,31,5.5
2015-04-06,11,1.9
2015-04-09,27,4.8
2015-04-12,24,4.3
2015-04-15,22,3.9
2015-04-18,48,8.6
2015-04-21,24,4.4
2015-04-24,21,3.8
2015-04-27,27,4.8
2015-04-30,29,5.2
2015-05-03,40,7.2
2015-05-06,16,2.9
2015-05-09,36,6.5
2015-05-12,11,2.0
2015-05-15,16,2.8
2015-05-18,29,5.2
2015-05-21,22,3.9
2015-05-24,28,5.0
2015-05-27,29,5.3
2015-05-30,41,7.3
2015-06-02,7,1.2
2015-06-05,25,4.5
2015-06-08,52,9.4
2015-06-11,35,6.3
2015-06-14,38,6.9
2015-06-17,30,5.4
2015-06-20,19,3.4
2015-06-23,33,5.9
2015-06-26,38,6.8
2015-06-29,28,5.0
2015-07-02,51,9.3
2015-07-05,31,5.5
2015-07-08,30,5.4
2015-07-11,12,2.2
2015-07-14,17,3.0
2015-07-17,29,5.3
2015-07-20,24,4.3
2015-07-23,22,4.0
2015-07-26,13,2.3
2015-07-29,36,6.5
2015-08-01,33,6.0
2015-08-04,21,3.8
2015-08-07,21,3.8
2015-08-10,20,3.6
2015-08-13,59,13.6
2015-08-16,45,8.1
2015-08-19,61,14.5
2015-08-22,150,55.3
2015-08-25,43,7.7
2015-08-28,29,5.2
2015-08-31,19,3.4
2015-09-03,14,2.6
2015-09-06,14,2.5
2015-09-09,23,4.2
2015-09-12,45,8.1
2015-09-15,18,3.3
2015-09-18,17,3.1
2015-09-21,16,2.9
2015-09-24,21,3.8
2015-09-27,22,4.0
2015-09-30,45,8.1
2015-10-03,27,4.8
2015-10-06,44,8.0
2015-10-09,33,6.0
2015-10-12,31,5.6
2015-10-15,56,11.9
2015-10-18,20,3.6
2015-10-21,40,7.2
2015-10-24,55,11.5
2015-10-27,60,14.0
2015-10-30,17,3.1
2015-11-02,36,6.5
2015-11-05,70,19.5
2015-11-08,19,3.5
2015-11-11,62,15.2
2015-11-14,45,8.1
2015-11-17,13,2.3
2015-11-20,56,11.6
2015-11-23,64,16.3
2015-11-26,84,26.7
2015-11-29,90,30.1
2015-12-02,70,19.1
2015-12-05,15,2.7
2015-12-08,8,1.5
2015-12-11,10,1.8
2015-12-14,21,3.8
2015-12-17,2,0.4
2015-12-20,14,2.5
2015-12-23,10,1.8
2015-12-26,30,5.4
2015-12-29,28,5.1
2016-01-01,108,38.2
2016-01-04,72,20.2
2016-01-07,53,10.1
2016-01-10,54,10.5
2016-01-13,9,1.6
2016-01-16,12,2.2
2016-01-19,11,2.0
2016-01-22,27,4.8
2016-01-25,8,1.5
2016-01-28,14,2.5
2016-01-31,23,4.2
2016-02-03,8,1.5
2016-02-06,41,7.3
2016-02-09,67,17.5
2016-02-12,35,6.3
2016-02-15,11,2.0
2016-02-18,7,1.2
2016-02-21,41,7.3
2016-02-24,52,9.7
2016-02-27,16,2.8
2016-03-01,18,3.2
2016-03-04,21,3.7
2016-03-07,14,2.5
2016-03-10,15,2.7
2016-03-13,7,1.2
2016-03-16,12,2.2
2016-03-19,37,6.6
2016-03-22,10,1.8
2016-03-25,22,4.0
2016-03-28,21,3.8
2016-03-31,31,5.6
2016-04-03,23,4.2
2016-04-06,46,8.3
2016-04-09,22,3.9
2016-04-12,16,2.9
2016-04-15,19,3.4
2016-04-18,47,8.4
2016-04-21,28,5.1
2016-04-24,15,2.7
2016-04-27,18,3.2
2016-04-30,31,5.5
2016-05-03,37,6.6
2016-05-06,34,6.2
2016-05-09,29,5.2
2016-05-12,27,4.8
2016-05-15,10,1.8
2016-05-18,29,5.3
2016-05-21,14,2.6
2016-05-24,19,3.4
2016-05-27,21,3.8
2016-05-30,31,5.5
2016-06-02,14,2.5
2016-06-05,49,8.8
2016-06-08,14,2.6
2016-06-11,13,2.3
2016-06-15,13,2.4
2016-06-17,19,3.4
2016-06-20,19,3.5
2016-06-23,8,1.5
2016-06-26,28,5.0
2016-06-29,25,4.5
2016-07-02,17,3.1
2016-07-05,27,4.8
2016-07-08,7,1.2
2016-07-11,19,3.4
2016-07-14,21,3.7
2016-07-17,20,3.6
2016-07-20,19,3.5
2016-07-23,18,3.3
2016-07-26,22,4.0
2016-07-29,35,6.3
2016-08-01,26,4.6
2016-08-04,39,7.0
2016-08-07,14,2.5
2016-08-10,19,3.5
2016-08-13,41,7.3
2016-08-16,29,5.2
2016-08-19,53,10.2
2016-08-22,29,5.3
2016-08-25,38,6.8
2016-08-28,13,2.3
2016-08-31,15,2.7
2016-09-03,16,2.9
2016-09-06,12,2.1
2016-09-09,36,6.5
2016-09-12,25,4.5
2016-09-15,44,7.9
2016-09-18,6,1.0
2016-09-21,27,4.8
2016-09-24,26,4.6
2016-09-27,22,3.9
2016-09-30,40,7.2
2016-10-03,7,1.2
2016-10-06,16,2.9
2016-10-09,13,2.3
2016-10-12,55,11.2
2016-10-15,13,2.3
2016-10-18,42,7.6
2016-10-21,37,6.6
2016-10-24,43,7.7
2016-10-27,21,3.7
2016-10-30,24,4.4
2016-11-02,36,6.4
2016-11-05,40,7.2
2016-11-08,54,10.7
2016-11-11,54,10.5
2016-11-14,18,3.3
2016-11-17,41,7.3
2016-11-20,9,1.7
2016-11-23,12,2.1
2016-11-26,21,3.7
2016-11-29,31,5.5
2016-12-02,23,4.2
2016-12-05,23,4.2
2016-12-08,65,16.5
2016-12-11,8,1.5
2016-12-14,33,5.9
2016-12-17,78,23.8
2016-12-20,56,11.7
2016-12-23,34,6.1
2016-12-26,19,3.4
2016-12-29,54,10.6
2017-01-01,14,2.6
2017-01-04,82,25.7
2017-01-07,79,24.2
2017-01-10,33,6.0
2017-01-13,64,16.0
2017-01-16,116,41.6
2017-01-19,12,2.2
2017-01-22,27,4.8
2017-01-25,26,4.7
2017-01-28,62,15.2
2017-01-31,69,18.5
2017-02-08,12,2.1
2017-02-12,64,16.2
2017-02-14,75,21.9
2017-02-15,24,4.3
2017-02-18,17,3.0
2017-02-21,14,2.6
2017-02-24,18,3.3
2017-02-27,9,1.6
2017-03-02,30,5.4
2017-03-05,6,1.1
2017-03-08,16,2.9
2017-03-11,18,3.3
2017-03-17,22,4.0
2017-03-20,43,7.7
2017-03-23,17,3.0
2017-03-28,21,3.8
2017-03-29,14,2.5
2017-04-01,34,6.2
2017-04-04,30,5.4
2017-04-07,8,1.4
2017-04-10,0,0.0
2017-04-13,7,1.3
2017-04-16,48,8.6
2017-04-19,19,3.4
2017-04-22,22,4.0
2017-04-25,6,1.1
2017-04-28,24,4.4
2017-05-01,22,4.0
2017-05-04,31,5.5
2017-05-07,21,3.7
2017-05-10,28,5.1
2017-05-13,7,1.2
2017-05-16,13,2.4
2017-05-19,23,4.2
2017-05-22,46,8.2
2017-05-25,34,6.2
2017-05-28,14,2.6
2017-05-31,13,2.4
2017-06-03,17,3.0
2017-06-06,31,5.6
2017-06-09,17,3.0
2017-06-12,18,3.2
2017-06-15,9,1.7
2017-06-18,19,3.5
2017-06-21,27,4.8
2017-06-24,44,7.9
2017-06-27,18,3.2
2017-06-30,26,4.6
2017-07-03,22,3.9
2017-07-06,38,6.9
2017-07-09,17,3.0
2017-07-12,24,4.3
2017-07-15,19,3.5
2017-07-18,27,4.9
2017-07-21,18,3.3
2017-07-24,32,5.7
2017-07-27,17,3.1
2017-07-30,18,3.2
2017-08-02,80,24.7
2017-08-05,42,7.5
2017-08-08,93,31.6
2017-08-11,52,9.5
2017-08-14,34,6.1
2017-08-17,23,4.2
2017-08-20,29,5.3
2017-08-23,22,3.9
2017-08-26,46,8.3
2017-08-29,105,37.0
2017-09-01,40,7.2
2017-09-04,221,145.3
2017-09-08,46,8.2
2017-09-09,23,4.2
2017-09-10,14,2.5
2017-09-13,22,4.0
2017-09-16,119,43.0
2017-09-19,14,2.5
2017-09-22,31,5.6
2017-09-25,35,6.3
2017-09-28,36,6.5
2017-10-01,18,3.2
2017-10-04,44,8.0
2017-10-07,24,4.3
2017-10-10,27,4.9
2017-10-13,26,4.6
2017-10-16,62,15.0
2017-10-19,14,2.5
2017-10-22,18,3.3
2017-10-25,51,9.1
2017-10-28,64,16.2
2017-10-31,61,14.6
2017-11-03,40,7.2
2017-11-06,38,6.8
2017-11-09,37,6.7
2017-11-12,27,4.9
2017-11-15,18,3.2
2017-11-18,63,15.6
2017-11-21,32,5.8
2017-11-24,19,3.5
2017-11-27,28,5.0
2017-11-30,29,5.2
2017-12-03,54,10.6
2017-12-06,67,17.5
2017-12-09,113,40.2
2017-12-12,105,37.0
2017-12-15,82,25.6
2017-12-18,43,7.8
2017-12-21,37,6.7
2017-12-24,55,11.5
2017-12-27,22,3.9
2017-12-30,57,12.4
2018-01-02,68,18.3
2018-01-05,56,12.0
2018-01-08,40,7.2
2018-01-11,11,1.9
2018-01-14,72,20.2
2018-01-17,13,2.3
2018-01-20,11,2.0
2018-01-23,9,1.6
2018-01-26,7,1.2
2018-01-29,12,2.1
2018-02-01,37,6.7
2018-02-04,18,3.2
2018-02-07,50,9.0
2018-02-10,54,10.6
2018-02-13,68,18.3
2018-02-16,14,2.6
2018-02-19,43,7.8
2018-02-22,27,4.8
2018-02-25,16,2.9
2018-02-28,9,1.6
2018-03-03,21,3.8
2018-03-06,55,11.3
2018-03-09,22,4.0
2018-03-12,53,10.3
2018-03-15,8,1.5
2018-03-18,22,4.0
2018-03-21,19,3.4
2018-03-24,15,2.7
2018-03-27,14,2.6
2018-03-30,51,9.2
2018-04-02,28,5.1
2018-04-05,34,6.2
2018-04-08,22,3.9
2018-04-11,7,1.3
2018-04-14,42,7.5
2018-04-17,14,2.5
2018-04-20,22,3.9
2018-04-23,37,6.6
2018-04-26,37,6.6
2018-04-29,20,3.6
2018-05-02,35,6.3
2018-05-05,49,8.8
2018-05-08,24,4.4
2018-05-11,17,3.1
2018-05-14,22,3.9
2018-05-17,18,3.3
2018-05-20,25,4.5
2018-05-23,22,4.0
2018-05-26,18,3.2
2018-05-29,21,3.8
2018-06-01,12,2.2
2018-06-04,19,3.5
2018-06-07,17,3.0
2018-06-10,12,2.1
2018-06-13,12,2.2
2018-06-16,22,4.0
2018-06-19,41,7.4
2018-06-22,19,3.5
2018-06-25,12,2.2
2018-06-28,21,3.8
2018-07-01,12,2.1
2018-07-04,61,14.7
2018-07-07,21,3.8
2018-07-10,18,3.2
2018-07-13,42,7.5
2018-07-16,47,8.5
2018-07-19,19,3.4
2018-07-22,38,6.9
2018-07-25,42,7.5
2018-07-28,24,4.3
2018-07-31,33,6.0
2018-08-03,12,2.2
2018-08-06,26,4.7
2018-08-09,55,11.2
2018-08-12,20,3.6
2018-08-15,68,18.0
2018-08-18,54,10.8
2018-08-21,113,40.4
2018-08-24,25,4.5
2018-08-27,20,3.6
2018-08-30,8,1.5
2018-09-02,28,5.1
2018-09-05,64,15.9
2018-09-08,9,1.6
2018-09-11,22,3.9
2018-09-14,22,4.0
2018-09-17,21,3.7
2018-09-20,24,4.3
2018-09-23,26,4.6
2018-09-26,44,8.0
2018-09-29,41,7.3
2018-10-02,30,5.4
2018-10-05,17,3.1
2018-10-08,9,1.7
2018-10-11,39,7.0
2018-10-14,29,5.2
2018-10-17,57,12.3
2018-10-20,72,20.4
2018-10-23,53,10.2
2018-10-26,18,3.3
2018-10-29,27,4.8
2018-11-01,13,2.4
2018-11-04,44,7.9
2018-11-07,72,20.2
2018-11-10,88,29.2
2018-11-13,94,32.0
2018-11-16,65,16.6
2018-11-19,87,28.2
2018-11-22,9,1.7
2018-11-25,59,13.2
2018-11-28,57,12.4
2018-12-01,51,9.3
2018-12-04,73,20.7
2018-12-07,97,33.8
2018-12-10,63,15.7
2018-12-16,44,8.0
2018-12-19,29,5.2
2018-12-22,21,3.8
2018-12-25,47,8.4
2018-12-28,19,3.5
2018-12-31,71,19.7
2019-01-03,41,7.4
2019-01-06,11,1.9
2019-01-09,25,4.5
2019-01-12,74,21.7
2019-01-15,67,17.7
2019-01-18,8,1.4
2019-01-21,31,5.5
2019-01-24,53,10.0
2019-01-27,52,9.5
2019-01-30,81,25.1
2019-02-02,52,9.4
2019-02-05,34,6.2
2019-02-08,66,17.1
2019-02-11,3,0.6
2019-02-14,26,4.6
2019-02-17,48,8.7
2019-02-20,14,2.5
2019-02-23,9,1.7
2019-02-26,61,14.5
2019-03-01,55,11.0
2019-03-04,58,13.1
2019-03-07,24,4.4
2019-03-10,54,10.6
2019-03-13,18,3.2
2019-03-16,53,10.1
2019-03-19,44,8.0
2019-03-22,26,4.6
2019-03-25,28,5.0
2019-03-28,14,2.6
2019-03-31,32,5.7
2019-04-03,7,1.2
2019-04-06,7,1.3
2019-04-09,13,2.4
2019-04-12,5,0.9
2019-04-15,21,3.8
2019-04-18,21,3.8
2019-04-21,27,4.9
2019-04-24,30,5.4
2019-04-27,22,4.0
2019-04-30,24,4.4
2019-05-03,39,7.0
2019-05-06,36,6.5
2019-05-09,33,5.9
2019-05-12,18,3.3
2019-05-15,19,3.4
2019-05-18,20,3.6
2019-05-21,10,1.8
2019-05-24,22,3.9
2019-05-27,18,3.3
2019-05-30,43,7.7
2019-06-02,28,5.1
2019-06-05,14,2.6
2019-06-08,26,4.6
2019-06-11,37,6.7
2019-06-14,17,3.0
2019-06-17,12,2.2
2019-06-20,16,2.8
2019-06-23,13,2.3
2019-06-26,14,2.6
2019-06-29,20,3.6
2019-07-02,18,3.2
2019-07-05,21,3.7
2019-07-08,29,5.3
2019-07-11,9,1.7
2019-07-14,18,3.2
2019-07-17,12,2.1
2019-07-20,31,5.5
2019-07-23,17,3.1
2019-07-26,27,4.9
2019-07-29,27,4.8
2019-08-01,11,1.9
2019-08-04,42,7.5
2019-08-07,23,4.1
2019-08-10,18,3.2
2019-08-13,32,5.8
2019-08-16,28,5.1
2019-08-19,28,5.0
2019-08-22,28,5.0
2019-08-25,22,3.9
2019-08-28,39,7.0
2019-08-31,17,3.0
2019-09-03,17,3.1
2019-09-06,18,3.2
2019-09-09,11,1.9
2019-09-12,19,3.4
2019-09-15,14,2.5
2019-09-18,10,1.8
2019-09-21,27,4.8
2019-09-24,24,4.3
2019-09-27,25,4.5
2019-09-30,29,5.3
2019-10-03,20,3.6
2019-10-06,55,11.3
2019-10-09,39,7.1
2019-10-12,65,16.8
2019-10-15,57,12.1
2019-10-18,37,6.7
2019-10-21,24,4.3
2019-10-24,58,12.9
2019-10-27,56,11.9
2019-10-30,63,15.5
2019-11-02,80,24.8
2019-11-05,82,26.0
2019-11-08,62,14.9
2019-11-11,57,12.2
2019-11-14,60,13.7
2019-11-17,44,7.9
2019-11-20,55,11.4
2019-11-23,90,30.1
2019-11-26,28,5.1
2019-11-29,69,18.8
2019-12-02,75,21.8
2019-12-05,81,25.3
2019-12-08,66,17.2
2019-12-11,53,10.0
2019-12-14,41,7.3
2019-12-17,72,20.4
2019-12-20,13,2.3
2019-12-23,24,4.4
2019-12-26,42,7.5
2019-12-29,50,9.0
2020-01-01,13,2.3
2020-01-04,17,3.0
2020-01-07,7,1.3
2020-01-10,14,2.5
2020-01-13,7,1.3
2020-01-16,33,6.0
2020-01-19,42,7.6
2020-01-22,8,1.5
2020-01-25,11,1.9
2020-01-28,15,2.7
2020-01-31,12,2.2
2020-02-03,46,8.2
2020-02-06,3,0.5
2020-02-09,54,10.7
2020-02-12,51,9.2
2020-02-15,13,2.3
2020-02-18,63,15.7
2020-02-21,66,17.3
2020-02-24,39,7.1
2020-02-27,59,13.6
2020-03-01,50,9.0
2020-03-04,36,6.5
2020-03-07,11,2.0
2020-03-10,46,8.2
2020-03-13,48,8.7
2020-03-16,33,6.0
2020-03-19,37,6.7
2020-03-22,38,6.8
2020-03-25,14,2.6
2020-03-28,29,5.2
2020-03-31,13,2.4
2020-04-03,9,1.7
2020-04-06,9,1.6
2020-04-09,55,11.0
2020-04-12,48,8.6
2020-04-15,18,3.3
2020-04-18,32,5.7
2020-04-21,24,4.4
2020-04-24,17,3.0
2020-04-27,7,1.3
2020-04-30,17,3.1
2020-05-03,18,3.2
2020-05-06,14,2.5
2020-05-09,30,5.4
2020-05-12,14,2.5
2020-05-15,14,2.5
2020-05-18,8,1.5
2020-05-21,10,1.8
2020-05-24,26,4.7
2020-05-27,34,6.2
2020-05-30,25,4.5
2020-06-02,26,4.6
2020-06-05,22,3.9
2020-06-08,14,2.5
2020-06-11,17,3.1
2020-06-14,11,2.0
2020-06-17,14,2.6
2020-06-20,12,2.2
2020-06-23,30,5.4
2020-06-26,28,5.0
2020-06-29,21,3.8
2020-07-02,31,5.5
2020-07-05,27,4.9
2020-07-08,18,3.3
2020-07-11,18,3.2
2020-07-14,34,6.1
2020-07-17,14,2.6
2020-07-20,34,6.2
2020-07-23,14,2.6
2020-07-26,38,6.8
2020-07-29,31,5.6
2020-08-01,12,2.2
2020-08-04,26,4.7
2020-08-07,25,4.5
2020-08-10,26,4.7
2020-08-13,35,6.3
2020-08-16,48,8.6
2020-08-19,16,2.8
2020-08-22,20,3.6
2020-08-25,32,5.7
2020-08-28,31,5.6
2020-08-31,26,4.6
2020-09-03,32,5.7
2020-09-06,47,8.5
2020-09-09,329,239.5
2020-09-12,904,528.3
2020-09-15,441,295.6
2020-09-18,43,7.7
2020-09-21,52,9.8
2020-09-24,24,4.4
2020-09-27,25,4.5
2020-09-30,60,13.8
2020-10-03,64,16.2
2020-10-06,58,13.0
2020-10-09,57,12.1
2020-10-12,14,2.5
2020-10-15,52,9.4
2020-10-18,29,5.2
2020-10-21,29,5.2
2020-10-24,21,3.7
2020-10-27,62,14.8
2020-10-30,58,12.6
2020-11-02,73,21.0
2020-11-05,24,4.4
2020-11-08,58,12.7
2020-11-11,56,11.9
2020-11-14,22,4.0
2020-11-17,21,3.7
2020-11-20,61,14.2
2020-11-23,52,9.4
2020-11-26,57,12.5
2020-11-29,57,12.3
2020-12-02,63,15.3
2020-12-05,83,26.2
2020-12-08,31,5.6
2020-12-11,38,6.8
2020-12-14,22,4.0
2020-12-17,34,6.2
2020-12-20,4,0.7
2020-12-23,28,5.0
2020-12-26,12,2.2
2020-12-29,56,11.7
2021-01-01,11,2.0
2021-01-04,11,1.9
2021-01-07,18,3.2
2021-01-10,31,5.5
2021-01-13,33,6.0
2021-01-22,51,9.2
2021-01-25,41,7.4
2021-01-28,31,5.5
2021-01-31,14,2.6
2021-02-03,25,4.5
2021-02-06,9,1.7
2021-02-09,60,14.1
2021-02-12,28,5.0
2021-02-15,5,0.9
2021-02-18,8,1.4
2021-02-21,11,1.9
2021-02-24,29,5.3
2021-02-27,32,5.8
2021-03-02,52,9.8
2021-03-05,21,3.7
2021-03-08,33,6.0
2021-03-11,55,11.4
2021-03-14,17,3.0
2021-03-17,37,6.7
2021-03-20,10,1.8
2021-03-23,42,7.5
2021-03-26,52,9.7
2021-03-29,29,5.3
2021-04-01,46,8.2
2021-04-04,33,6.0
2021-04-05,29,5.2
2021-04-07,22,4.0
2021-04-10,17,3.0
2021-04-13,27,4.8
2021-04-16,28,5.1
2021-04-17,29,5.3
2021-04-19,27,4.9
2021-04-22,37,6.6
2021-04-25,8,1.5
2021-04-28,29,5.2
2021-05-01,12,2.1
2021-05-04,19,3.5
2021-05-07,14,2.5
2021-05-10,22,3.9
2021-05-13,26,4.7
2021-05-16,37,6.6
2021-05-19,14,2.5
2021-05-22,29,5.2
2021-05-25,8,1.4
2021-05-28,17,3.1
2021-05-31,36,6.5
2021-06-03,15,2.7
2021-06-06,14,2.5
2021-06-09,11,2.0
2021-06-12,15,2.7
2021-06-15,12,2.2
2021-06-18,21,3.7
2021-06-21,53,10.2
2021-06-24,20,3.6
2021-06-27,57,12.1
2021-06-30,31,5.6
2021-07-03,44,7.9
2021-07-06,22,4.0
2021-07-09,25,4.5
2021-07-12,28,5.0
2021-07-15,16,2.9
2021-07-18,16,2.9
2021-07-21,16,2.8
2021-07-24,27,4.9
2021-07-27,33,6.0
2021-07-30,52,9.6
2021-08-02,44,8.0
2021-08-05,17,3.1
2021-08-08,21,3.7
2021-08-11,56,12.0
2021-08-14,54,10.6
2021-08-17,22,3.9
2021-08-20,16,2.9
2021-08-23,36,6.4
2021-08-26,17,3.0
2021-08-29,48,8.7
2021-09-01,27,4.9
2021-09-04,74,21.7
2021-09-07,74,21.7
2021-09-10,13,2.3
2021-09-13,23,4.2
2021-09-16,60,14.0
2021-09-19,14,2.5
2021-09-22,31,5.5
2021-09-25,43,7.8
2021-09-28,15,2.7
2021-10-01,39,7.1
2021-10-04,53,10.0
2021-10-07,40,7.2
2021-10-10,17,3.0
2021-10-13,21,3.7
2021-10-16,49,8.9
2021-10-19,55,11.4
2021-10-22,21,3.7
2021-10-25,15,2.7
2021-10-28,39,7.1
2021-10-31,58,13.0
2021-11-03,53,10.2
2021-11-06,9,1.6
2021-11-09,22,4.0
2021-11-12,16,2.9
2021-11-15,15,2.7
2021-11-18,41,7.4
2021-11-21,60,14.1
2021-11-24,43,7.7
2021-11-27,26,4.7
2021-11-30,22,4.0
2021-12-03,45,8.1
2021-12-06,24,4.4
2021-12-09,21,3.8
2021-12-12,11,2.0
2021-12-15,8,1.4
2021-12-18,7,1.3
2021-12-21,28,5.0
2021-12-24,7,1.3
2021-12-27,14,2.5
2021-12-30,14,2.5
2022-01-01,57,12.3
2022-01-02,7,1.3
2022-01-03,9,1.7
2022-01-04,16,2.8
2022-01-05,18,3.3
2022-01-06,4,0.7
2022-01-07,12,2.1
2022-01-08,52,9.9
2022-01-09,59,13.3
2022-01-10,55,11.5
2022-01-11,23,4.1
2022-01-12,24,4.4
2022-01-13,17,3.1
2022-01-14,28,5.0
2022-01-15,32,5.8
2022-01-16,28,5.1
2022-01-17,37,6.7
2022-01-18,31,5.6
2022-01-19,14,2.6
2022-01-20,7,1.3
2022-01-21,27,4.8
2022-01-22,43,7.7
2022-01-23,57,12.2
2022-01-24,62,14.9
2022-01-25,55,11.3
2022-01-26,66,17.3
2022-01-27,71,20.1
2022-01-28,77,23.3
2022-01-29,81,25.2
2022-01-30,51,9.3
2022-01-31,32,5.7
2022-02-01,32,5.7
2022-02-02,14,2.5
2022-02-03,44,8.0
2022-02-04,26,4.6
2022-02-05,33,5.9
2022-02-06,57,12.5
2022-02-07,49,8.8
2022-02-08,59,13.5
2022-02-09,62,14.9
2022-02-10,59,13.6
2022-02-11,59,13.3
2022-02-12,61,14.5
2022-02-13,56,11.6
2022-02-14,23,4.1
2022-02-15,29,5.3
2022-02-16,29,5.3
2022-02-17,49,8.9
2022-02-18,61,14.4
2022-02-19,38,6.9
2022-02-20,11,1.9
2022-02-21,23,4.2
2022-02-22,27,4.8
2022-02-23,56,11.9
2022-02-24,63,15.6
2022-02-25,67,17.6
2022-02-26,32,5.8
2022-02-27,15,2.7
2022-02-28,8,1.4
2022-03-01,11,1.9
2022-03-02,15,2.7
2022-03-03,13,2.4
2022-03-04,16,2.9
2022-03-05,29,5.2
2022-03-06,49,8.8
2022-03-07,48,8.6
2022-03-08,37,6.7
2022-03-09,33,5.9
2022-03-10,48,8.6
2022-03-11,49,8.8
2022-03-12,24,4.4
2022-03-13,19,3.5
2022-03-14,24,4.3
2022-03-15,17,3.0
2022-03-16,27,4.8
2022-03-17,24,4.4
2022-03-18,17,3.1
2022-03-19,22,4.0
2022-03-20,23,4.1
2022-03-21,15,2.7
2022-03-22,15,2.7
2022-03-23,17,3.1
2022-03-24,27,4.8
2022-03-25,22,3.9
2022-03-26,28,5.0
2022-03-27,36,6.5
2022-03-28,21,3.8
2022-03-29,19,3.5
2022-03-30,20,3.6
2022-03-31,32,5.8
2022-04-01,23,4.2
2022-04-02,24,4.4
2022-04-03,25,4.5
2022-04-04,30,5.4
2022-04-05,26,4.7
2022-04-06,44,7.9
2022-04-07,51,9.2
2022-04-08,22,4.0
2022-04-09,22,3.9
2022-04-10,13,2.3
2022-04-11,18,3.2
2022-04-12,19,3.5
2022-04-13,21,3.7
2022-04-14,18,3.2
2022-04-15,28,5.0
2022-04-16,24,4.3
2022-04-17,23,4.2
2022-04-18,16,2.8
2022-04-19,10,1.8
2022-04-20,14,2.6
2022-04-21,20,3.6
2022-04-22,32,5.7
2022-04-23,29,5.2
2022-04-24,27,4.8
2022-04-25,50,9.0
2022-04-26,22,4.0
2022-04-27,18,3.2
2022-04-28,19,3.5
2022-04-29,14,2.5
2022-04-30,14,2.5
2022-05-01,19,3.5
2022-05-02,13,2.4
2022-05-03,12,2.1
2022-05-04,32,5.7
2022-05-05,16,2.9
2022-05-06,14,2.5
2022-05-07,11,1.9
2022-05-08,11,1.9
2022-05-09,11,2.0
2022-05-10,18,3.2
2022-05-11,17,3.0
2022-05-12,13,2.4
2022-05-13,28,5.1
2022-05-14,11,1.9
2022-05-15,15,2.7
2022-05-16,12,2.2
2022-05-17,23,4.2
2022-05-18,19,3.5
2022-05-19,15,2.7
2022-05-20,27,4.9
2022-05-21,31,5.6
2022-05-22,29,5.2
2022-05-23,19,3.4
2022-05-24,21,3.7
2022-05-25,17,3.1
2022-05-26,28,5.1
2022-05-27,15,2.7
2022-05-28,9,1.7
2022-05-29,9,1.7
2022-05-30,19,3.4
2022-05-31,23,4.2
2022-06-01,21,3.7
2022-06-02,19,3.5
2022-06-03,14,2.6
2022-06-04,16,2.8
2022-06-05,12,2.2
2022-06-06,15,2.7
2022-06-07,32,5.7
2022-06-08,18,3.2
2022-06-09,14,2.6
2022-06-10,8,1.4
2022-06-11,15,2.7
2022-06-12,17,3.0
2022-06-13,18,3.3
2022-06-14,27,4.9
2022-06-15,32,5.8
2022-06-16,17,3.1
2022-06-17,24,4.3
2022-06-18,21,3.7
2022-06-19,11,2.0
2022-06-20,22,3.9
2022-06-21,31,5.6
2022-06-22,17,3.1
2022-06-23,24,4.3
2022-06-24,31,5.6
2022-06-25,30,5.4
2022-06-26,40,7.2
2022-06-27,34,6.2
2022-06-28,23,4.1
2022-06-29,29,5.2
2022-06-30,28,5.1
2022-07-01,36,6.4
2022-07-02,36,6.5
2022-07-03,28,5.1
2022-07-04,27,4.8
2022-07-05,20,3.6
2022-07-06,12,2.1
2022-07-07,17,3.0
2022-07-08,21,3.7
2022-07-09,24,4.4
2022-07-10,20,3.6
2022-07-11,36,6.5
2022-07-12,29,5.3
2022-07-13,23,4.2
2022-07-14,34,6.2
2022-07-15,12,2.2
2022-07-16,14,2.5
2022-07-17,16,2.9
2022-07-18,23,4.2
2022-07-19,38,6.8
2022-07-20,36,6.5
2022-07-21,25,4.5
2022-07-22,14,2.5
2022-07-23,22,4.0
2022-07-24,39,7.0
2022-07-25,52,9.8
2022-07-26,53,10.4
2022-07-27,45,8.1
2022-07-28,49,8.8
2022-07-29,53,10.3
2022-07-30,50,9.0
2022-07-31,31,5.5
2022-08-01,21,3.8
2022-08-02,22,4.0
2022-08-03,21,3.7
2022-08-04,29,5.3
2022-08-05,27,4.9
2022-08-06,43,7.7
2022-08-07,43,7.8
2022-08-08,22,3.9
2022-08-09,36,6.4
2022-08-10,21,3.7
2022-08-11,26,4.7
2022-08-12,22,3.9
2022-08-13,19,3.5
2022-08-14,20,3.6
2022-08-15,26,4.7
2022-08-16,26,4.7
2022-08-17,52,9.5
2022-08-18,66,17.2
2022-08-19,13,2.3
2022-08-20,21,3.7
2022-08-21,27,4.9
2022-08-22,13,2.4
2022-08-23,22,4.0
2022-08-24,32,5.8
2022-08-25,26,4.6
2022-08-26,23,4.2
2022-08-27,17,3.1
2022-08-28,27,4.8
2022-08-29,46,8.2
2022-08-30,49,8.9
2022-08-31,57,12.3
2022-09-01,55,11.3
2022-09-02,52,9.6
2022-09-03,60,13.8
2022-09-04,23,4.2
2022-09-05,18,3.3
2022-09-06,42,7.5
2022-09-07,40,7.2
2022-09-08,41,7.4
2022-09-09,66,17.0
2022-09-10,94,32.2
2022-09-11,68,18.4
2022-09-12,59,13.6
2022-09-13,38,6.8
2022-09-14,34,6.1
2022-09-15,28,5.1
2022-09-16,26,4.6
2022-09-17,30,5.4
2022-09-18,53,10.2
2022-09-19,144,53.0
2022-09-20,70,19.1
2022-09-21,59,13.4
2022-09-22,77,23.3
2022-09-23,51,9.1
2022-09-24,39,7.0
2022-09-25,44,8.0
2022-09-26,79,24.0
2022-09-27,42,7.5
2022-09-28,23,4.1
2022-09-29,10,1.8
2022-09-30,34,6.2
2022-10-01,47,8.4
2022-10-02,57,12.4
2022-10-03,58,12.8
2022-10-04,42,7.6
2022-10-05,54,10.6
2022-10-06,69,18.8
2022-10-07,71,19.8
2022-10-08,74,21.3
2022-10-09,95,32.7
2022-10-10,165,75.0
2022-10-11,32,5.8
2022-10-12,58,12.6
2022-10-13,115,41.1
2022-10-14,100,35.2
2022-10-15,132,48.1
2022-10-16,61,14.5
2022-10-17,67,17.5
2022-10-18,99,34.7
2022-10-19,158,65.6
2022-10-20,154,59.7
2022-10-21,55,11.5
2022-10-22,13,2.3
2022-10-23,21,3.7
2022-10-24,18,3.3
2022-10-25,24,4.3
2022-10-26,22,3.9
2022-10-27,43,7.8
2022-10-28,37,6.7
2022-10-29,53,10.0
2022-10-30,28,5.0
2022-10-31,32,5.7
2022-11-01,17,3.1
2022-11-02,44,7.9
2022-11-03,60,13.9
2022-11-04,28,5.1
2022-11-05,32,5.7
2022-11-06,39,7.0
2022-11-07,21,3.7
2022-11-08,47,8.5
2022-11-09,70,19.2
2022-11-10,76,22.6
2022-11-11,56,11.7
2022-11-12,,7.0
2022-11-14,,24.984615
2022-11-15,66,17.4
2022-11-16,78,23.8
2022-11-17,81,25.1
2022-11-18,70,19.2
2022-11-19,76,22.7
2022-11-20,94,32.0
2022-11-21,90,30.1
2022-11-22,55,11.3
2022-11-23,53,10.2
2022-11-24,55,11.1
2022-11-25,45,8.1
2022-11-26,56,11.8
2022-11-27,29,5.2
2022-11-28,38,6.8
2022-11-29,44,7.9
2022-11-30,19,3.4
2022-12-01,38,6.8
2022-12-02,53,10.2
2022-12-03,40,7.2
2022-12-04,66,17.4
2022-12-05,62,14.8
2022-12-06,52,9.6
2022-12-07,58,12.9
2022-12-08,39,7.0
2022-12-09,29,5.3
2022-12-10,17,3.1
2022-12-11,36,6.5
2022-12-12,44,7.9
2022-12-13,59,13.4
2022-12-14,74,21.5
2022-12-15,67,17.5
2022-12-16,69,18.6
2022-12-17,77,22.8
2022-12-18,49,8.8
2022-12-19,55,11.3
2022-12-20,39,7.1
2022-12-21,32,5.8
2022-12-22,26,4.6
2022-12-23,70,19.1
2022-12-24,48,8.7
2022-12-25,33,5.9
2022-12-26,16,2.9
2022-12-27,18,3.2
2022-12-28,23,4.2
2022-12-29,19,3.4
2022-12-30,22,3.9
2022-12-31,51,9.3
2023-01-01,52,9.4
2023-01-02,31,5.6
2023-01-03,23,4.1
2023-01-04,55,11.5
2023-01-05,19,3.4
2023-01-06,24,4.4
2023-01-07,31,5.5
2023-01-08,25,4.5
2023-01-09,28,5.0
2023-01-10,48,8.6
2023-01-11,18,3.2
2023-01-12,28,5.1
2023-01-13,22,4.0
2023-01-14,16,2.8
2023-01-15,13,2.4
2023-01-16,30,5.4
2023-01-17,23,4.2
2023-01-18,32,5.7
2023-01-19,54,10.9
2023-01-20,52,9.6
2023-01-21,46,8.2
2023-01-22,57,12.3
2023-01-23,68,18.1
2023-01-24,59,13.4
2023-01-25,53,10.1
2023-01-26,,11.858333
2023-01-27,23,4.1
2023-01-28,22,4.0
2023-01-29,41,7.4
2023-01-30,61,14.7
2023-01-31,69,18.5
2023-02-01,,8.978571
2023-02-06,,6.128571
2023-02-07,31,5.6
2023-02-08,47,8.4
2023-02-09,36,6.4
2023-02-10,19,3.5
2023-02-11,51,9.3
2023-02-12,58,12.6
2023-02-13,18,3.2
2023-02-14,34,6.1
2023-02-15,53,10.0
2023-02-16,47,8.5
2023-02-17,44,7.9
2023-02-18,36,6.4
2023-02-19,52,9.9
2023-02-20,36,6.5
2023-02-21,19,3.5
2023-02-22,13,2.4
2023-02-23,11,2.0
2023-02-24,26,4.6
2023-02-25,63,15.8
2023-02-26,13,2.4
2023-02-27,8,1.4
2023-02-28,9,1.7
2023-03-01,32,5.8
2023-03-02,33,6.0
2023-03-03,31,5.5
2023-03-04,16,2.9
2023-03-05,22,4.0
2023-03-06,9,1.7
2023-03-07,17,3.0
2023-03-08,16,2.9
2023-03-09,7,1.2
2023-03-10,14,2.6
2023-03-11,23,4.2
2023-03-12,13,2.3
2023-03-13,13,2.4
2023-03-14,26,4.7
2023-03-15,26,4.6
2023-03-16,50,9.0
2023-03-17,52,9.7
2023-03-18,55,11.5
2023-03-19,44,8.0
2023-03-20,11,1.9
2023-03-21,46,8.2
2023-03-22,26,4.7
2023-03-23,12,2.2
2023-03-24,14,2.5
2023-03-25,11,2.0
2023-03-26,19,3.4
2023-03-27,35,6.3
2023-03-28,18,3.2
2023-03-29,24,4.4
2023-03-30,25,4.5
2023-03-31,13,2.4
2023-04-01,15,2.7
2023-04-02,12,2.2
2023-04-03,12,2.1
2023-04-04,13,2.4
2023-04-05,11,1.9
2023-04-06,10,1.8
2023-04-07,13,2.3
2023-04-08,11,2.0
2023-04-09,19,3.5
2023-04-10,6,1.1
2023-04-11,19,3.4
2023-04-12,9,1.7
2023-04-13,14,2.6
2023-04-14,16,2.8
2023-04-15,14,2.6
2023-04-16,17,3.1
2023-04-17,13,2.4
2023-04-18,11,2.0
2023-04-19,19,3.5
2023-04-20,13,2.3
2023-04-21,10,1.8
2023-04-22,6,1.0
2023-04-23,15,2.7
2023-04-24,8,1.4
2023-04-25,,4.058333
2023-05-02,,3.95
2023-05-03,17,3.1
2023-05-04,21,3.8
2023-05-05,17,3.1
2023-05-06,12,2.2
2023-05-07,14,2.6
2023-05-08,21,3.8
2023-05-09,23,4.1
2023-05-10,24,4.4
2023-05-11,26,4.7
2023-05-12,34,6.1
2023-05-13,36,6.4
2023-05-14,19,3.5
2023-05-15,25,4.5
2023-05-16,31,5.6
2023-05-17,37,6.6
2023-05-18,11,1.9
2023-05-19,28,5.0
2023-05-20,22,3.9
2023-05-21,14,2.6
2023-05-22,24,4.3
2023-05-23,30,5.4
2023-05-24,39,7.0
2023-05-25,43,7.7
2023-05-26,49,8.9
2023-05-27,56,11.8
2023-05-28,35,6.3
2023-05-29,33,6.0
2023-05-30,31,5.5
2023-05-31,22,3.9
2023-06-01,17,3.0
2023-06-02,28,5.0
2023-06-03,23,4.2
2023-06-04,13,2.3
2023-06-05,21,3.8
2023-06-06,39,7.0
2023-06-07,37,6.7
2023-06-08,9,1.6
2023-06-09,19,3.4
2023-06-10,19,3.4
2023-06-11,24,4.3
2023-06-12,38,6.8
2023-06-13,24,4.3
2023-06-14,31,5.5
2023-06-15,34,6.1
2023-06-16,28,5.1
2023-06-17,10,1.8
2023-06-18,6,1.1
2023-06-19,11,1.9
2023-06-20,7,1.3
2023-06-21,19,3.5
2023-06-22,24,4.4
2023-06-23,25,4.5
2023-06-24,34,6.1
2023-06-25,22,3.9
2023-06-26,16,2.9
2023-06-27,20,3.6
2023-06-28,24,4.3
2023-06-29,27,4.8
2023-06-30,20,3.6
2023-07-01,23,4.1
2023-07-02,16,2.8
2023-07-03,28,5.1
2023-07-04,46,8.2
2023-07-05,63,15.3
2023-07-06,43,7.7
2023-07-07,28,5.0
2023-07-08,17,3.0
2023-07-09,16,2.8
2023-07-10,12,2.1
2023-07-11,22,3.9
2023-07-12,16,2.8
2023-07-13,20,3.6
2023-07-14,26,4.7
2023-07-15,25,4.5
2023-07-16,19,3.5
2023-07-17,11,1.9
2023-07-18,16,2.8
2023-07-19,46,8.3
2023-07-20,36,6.5
2023-07-21,25,4.5
2023-07-22,17,3.1
2023-07-23,14,2.6
2023-07-24,16,2.9
2023-07-25,14,2.5
2023-07-26,32,5.7
2023-07-27,18,3.3
2023-07-28,31,5.6
2023-07-29,24,4.3
2023-07-30,21,3.8
2023-07-31,20,3.6
2023-08-01,29,5.3
2023-08-02,26,4.7
2023-08-03,19,3.4
2023-08-04,22,3.9
2023-08-05,46,8.2
2023-08-06,19,3.5
2023-08-07,14,2.5
2023-08-08,22,4.0
2023-08-09,16,2.9
2023-08-10,22,4.0
2023-08-11,24,4.4
2023-08-12,19,3.5
2023-08-13,28,5.0
2023-08-14,66,17.0
2023-08-15,172,85.7
2023-08-16,104,36.8
2023-08-17,61,14.7
2023-08-18,27,4.9
2023-08-19,27,4.9
2023-08-20,112,39.8
2023-08-21,77,23.2
2023-08-22,13,2.4
2023-08-23,46,8.2
2023-08-24,66,17.2
2023-08-25,119,42.8
2023-08-26,86,28.1
2023-08-27,70,19.5
2023-08-28,66,17.1
2023-08-29,43,7.7
2023-08-30,37,6.6
2023-08-31,54,10.8
2023-09-01,31,5.6
2023-09-02,47,8.4
2023-09-03,21,3.8
2023-09-04,13,2.4
2023-09-05,18,3.3
2023-09-06,20,3.6
2023-09-07,14,2.5
2023-09-08,25,4.5
2023-09-09,35,6.3
2023-09-10,15,2.7
2023-09-11,7,1.2
2023-09-12,13,2.4
2023-09-13,16,2.9
2023-09-14,39,7.0
2023-09-15,55,11.1
2023-09-16,40,7.2
2023-09-17,20,3.6
2023-09-18,28,5.0
2023-09-19,20,3.6
2023-09-20,17,3.1
2023-09-21,31,5.5
2023-09-22,52,9.5
2023-09-23,34,6.1
2023-09-24,67,17.9
2023-09-25,52,9.5
2023-09-26,11,1.9
2023-09-27,14,2.5
2023-09-28,14,2.5
2023-09-29,17,3.1
2023-09-30,37,6.6
2023-10-01,40,7.2
2023-10-02,21,3.8
2023-10-03,7,1.3
2023-10-04,23,4.1
2023-10-05,38,6.9
2023-10-06,36,6.5
2023-10-07,38,6.9
2023-10-08,26,4.7
2023-10-09,24,4.4
2023-10-10,14,2.6
2023-10-11,10,1.8
2023-10-12,18,3.3
2023-10-13,24,4.4
2023-10-14,44,7.9
2023-10-15,53,10.1
2023-10-16,17,3.0
2023-10-17,32,5.7
2023-10-18,46,8.3
2023-10-19,60,14.0
2023-10-20,59,13.5
2023-10-21,29,5.2
2023-10-22,36,6.5
2023-10-23,41,7.4
2023-10-24,48,8.6
2023-10-25,19,3.4
2023-10-26,37,6.7
2023-10-27,63,15.5
2023-10-28,63,15.5
2023-10-29,68,18.2
2023-10-30,70,19.3
2023-10-31,72,20.5
2023-11-01,58,12.6
2023-11-02,44,7.9
2023-11-03,53,10.4
2023-11-04,17,3.0
2023-11-05,16,2.8
2023-11-06,13,2.3
2023-11-07,50,9.0
2023-11-08,59,13.4
2023-11-09,56,11.8
2023-11-10,64,16.2
2023-11-11,32,5.8
2023-11-12,21,3.8
2023-11-13,16,2.9
2023-11-14,52,9.8
2023-11-15,66,16.9
2023-11-16,53,10.2
2023-11-17,40,7.2
2023-11-18,56,11.6
2023-11-19,31,5.5
2023-11-20,47,8.4
2023-11-21,51,9.3
2023-11-22,28,5.0
2023-11-23,27,4.8
2023-11-24,56,11.9
2023-11-25,69,18.8
2023-11-26,74,21.6
2023-11-27,77,23.0
2023-11-28,80,24.4
2023-11-29,87,28.5
2023-11-30,57,12.1
2023-12-01,42,7.6
2023-12-02,27,4.9
2023-12-03,3,0.6
2023-12-04,14,2.5
2023-12-05,16,2.9
2023-12-06,15,2.7
2023-12-07,9,1.6
2023-12-08,13,2.3
2023-12-09,20,3.6
2023-12-10,7,1.3
2023-12-11,14,2.5
2023-12-12,28,5.1
2023-12-13,48,8.6
2023-12-14,58,12.9
2023-12-15,56,11.7
2023-12-16,45,8.1
2023-12-17,61,14.7
2023-12-18,71,20.1
2023-12-19,48,8.7
2023-12-20,39,7.1
2023-12-21,17,3.1
2023-12-22,27,4.9
2023-12-23,26,4.6
2023-12-24,16,2.8
2023-12-25,17,3.1
2023-12-26,22,3.9
2023-12-27,20,3.6
2023-12-28,30,5.4
2023-12-29,39,7.0
2023-12-30,28,5.1
2023-12-31,23,4.2
2024-01-01,26,4.6
2024-01-02,41,7.3
2024-01-03,22,3.9
2024-01-04,17,3.1
2024-01-05,24,4.3
2024-01-06,14,2.6
2024-01-07,11,2.0
2024-01-08,5,0.9
2024-01-09,16,2.9
2024-01-10,15,2.7
2024-01-11,8,1.4
2024-01-12,16,2.8
2024-01-13,17,3.0
2024-01-14,33,5.9
2024-01-15,52,9.8
2024-01-16,65,16.7
2024-01-17,22,3.9
2024-01-18,21,3.8
2024-01-19,41,7.3
2024-01-20,48,8.6
2024-01-21,23,4.1
2024-01-22,9,1.6
2024-01-23,16,2.9
2024-01-24,12,2.2
2024-01-25,19,3.5
2024-01-26,13,2.3
2024-01-27,4,0.8
2024-01-28,22,3.9
2024-01-29,44,8.0
2024-01-30,48,8.7
2024-01-31,22,3.9
2024-02-01,17,3.0
2024-02-02,18,3.2
2024-02-03,50,9.0
2024-02-04,54,10.6
2024-02-05,27,4.9
2024-02-06,17,3.0
2024-02-07,13,2.3
2024-02-08,16,2.8
2024-02-09,21,3.7
2024-02-10,26,4.7
2024-02-11,18,3.2
2024-02-12,27,4.9
2024-02-13,42,7.6
2024-02-14,32,5.7
2024-02-15,9,1.7
2024-02-16,19,3.4
2024-02-17,23,4.1
2024-02-18,26,4.6
2024-02-19,39,7.0
2024-02-20,14,2.6
2024-02-21,6,1.0
2024-02-22,23,4.1
2024-02-23,52,9.9
2024-02-24,56,11.9
2024-02-25,39,7.0
2024-02-26,14,2.5
2024-02-27,11,1.9
2024-02-28,11,2.0
2024-02-29,9,1.6
2024-03-01,11,2.0
2024-03-02,20,3.6
2024-03-03,8,1.4
2024-03-04,3,0.6
2024-03-05,24,4.3
2024-03-06,43,7.7
2024-03-07,42,7.5
2024-03-08,32,5.8
2024-03-09,20,3.6
2024-03-10,4,0.7
2024-03-11,12,2.2
2024-03-12,14,2.6
2024-03-13,23,4.2
2024-03-14,43,7.7
2024-03-15,36,6.4
2024-03-16,36,6.4
2024-03-17,39,7.1
2024-03-18,54,10.6
2024-03-19,41,7.4
2024-03-20,21,3.7
2024-03-21,21,3.8
2024-03-22,27,4.9
2024-03-23,12,2.2
2024-03-24,16,2.9
2024-03-25,13,2.4
2024-03-26,7,1.2
2024-03-27,7,1.3
2024-03-28,8,1.4
2024-03-29,22,4.0
2024-03-30,24,4.3
2024-03-31,33,6.0
2024-04-01,28,5.1
2024-04-02,17,3.1
2024-04-03,12,2.2
2024-04-04,22,4.0
2024-04-05,22,4.0
2024-04-06,13,2.4
2024-04-07,8,1.4
2024-04-08,10,1.8
2024-04-09,7,1.2
2024-04-10,35,6.3
2024-04-11,19,3.5
2024-04-12,28,5.0
2024-04-13,51,9.2
2024-04-14,22,4.0
2024-04-15,17,3.0
2024-04-16,15,2.7
2024-04-17,26,4.7
2024-04-18,28,5.0
2024-04-19,32,5.8
2024-04-20,21,3.7
2024-04-21,32,5.8
2024-04-22,28,5.1
2024-04-23,32,5.7
2024-04-24,16,2.9
2024-04-25,8,1.5
2024-04-26,5,0.9
2024-04-27,8,1.5
2024-04-28,17,3.1
2024-04-29,12,2.1
2024-04-30,0,-0.2
2024-05-01,7,1.2
2024-05-02,2,0.4
2024-05-03,3,0.6
2024-05-04,2,0.4
2024-05-05,7,1.2
2024-05-06,4,0.7
2024-05-07,7,1.3
2024-05-08,13,2.4
2024-05-09,17,3.1
2024-05-10,20,3.6
2024-05-11,22,3.9
2024-05-12,22,3.9
2024-05-13,10,1.8
2024-05-14,10,1.8
2024-05-15,18,3.3
2024-05-16,7,1.3
2024-05-17,9,1.7
2024-05-18,9,1.6
2024-05-19,4,0.7
2024-05-20,9,1.7
2024-05-21,11,1.9
2024-05-22,11,1.9
2024-05-23,18,3.3
2024-05-24,,4.43125
2024-05-28,,2.486667
2024-05-29,6,1.1
2024-05-30,8,1.4
2024-05-31,12,2.1
2024-06-01,9,1.7
2024-06-02,3,0.5
2024-06-03,8,1.5
2024-06-04,4,0.8
2024-06-05,13,2.3
2024-06-06,29,5.2
2024-06-07,25,4.5
2024-06-08,29,5.2
2024-06-09,12,2.2
2024-06-10,14,2.6
2024-06-11,14,2.6
2024-06-12,17,3.1
2024-06-13,20,3.6
2024-06-14,8,1.5
2024-06-15,3,0.5
2024-06-16,7,1.2
2024-06-17,10,1.8
2024-06-18,6,1.0
2024-06-19,18,3.2
2024-06-20,26,4.6
2024-06-21,26,4.6
2024-06-22,15,2.7
2024-06-23,1,0.2
2024-06-24,8,1.5
2024-06-25,20,3.6
2024-06-26,3,0.5
2024-06-27,1,0.2
2024-06-28,4,0.8
2024-06-29,7,1.3
2024-06-30,3,0.5
2024-07-01,6,1.0
2024-07-02,12,2.1
2024-07-03,16,2.9
2024-07-04,37,6.6
2024-07-05,55,11.0
2024-07-06,34,6.2
2024-07-07,33,5.9
2024-07-08,43,7.7
2024-07-09,43,7.7
2024-07-10,19,3.5
2024-07-11,21,3.8
2024-07-12,24,4.3
2024-07-13,33,6.0
2024-07-14,26,4.7
2024-07-15,17,3.0
2024-07-16,27,4.9
2024-07-17,8,1.5
2024-07-18,11,1.9
2024-07-19,16,2.9
2024-07-20,12,2.1
2024-07-21,8,1.5
2024-07-22,13,2.4
2024-07-23,16,2.8
2024-07-24,8,1.5
2024-07-25,11,2.0
2024-07-26,16,2.9
2024-07-27,13,2.4
2024-07-28,20,3.6
2024-07-29,2,0.4
2024-07-30,2,0.3
2024-07-31,21,3.7
2024-08-01,39,7.0
2024-08-02,12,2.2
2024-08-03,12,2.2
2024-08-04,28,5.0
2024-08-05,26,4.7
2024-08-06,30,5.4
2024-08-07,52,9.4
2024-08-08,56,11.8
2024-08-09,36,6.5
2024-08-10,34,6.1
2024-08-11,18,3.3
2024-08-12,8,1.4
2024-08-13,20,3.6
2024-08-14,27,4.8
2024-08-15,9,1.7
2024-08-16,17,3.1
2024-08-17,19,3.4
2024-08-18,13,2.3
2024-08-19,12,2.2
2024-08-20,13,2.4
2024-08-21,12,2.2
2024-08-22,7,1.3
2024-08-23,11,1.9
2024-08-24,5,0.9
2024-08-25,15,2.7
2024-08-26,27,4.8
2024-08-27,16,2.9
2024-08-28,22,4.0
2024-08-29,29,5.3
2024-08-30,41,7.3
2024-08-31,38,6.8
2024-09-01,17,3.0
2024-09-02,4,0.7
2024-09-03,9,1.7
2024-09-04,44,8.0
2024-09-05,67,17.8
2024-09-06,67,17.9
2024-09-07,55,11.5
2024-09-08,29,5.3
2024-09-09,17,3.1
2024-09-10,13,2.3
2024-09-11,7,1.3
2024-09-12,6,1.1
2024-09-13,14,2.6
2024-09-14,8,1.5
2024-09-15,0,-0.1
2024-09-16,22,3.9
2024-09-17,7,1.2
2024-09-18,3,0.5
2024-09-19,12,2.2
2024-09-20,12,2.1
2024-09-21,19,3.5
2024-09-22,21,3.8
2024-09-23,9,1.6
2024-09-24,22,4.0
2024-09-25,6,1.1
2024-09-26,7,1.3
2024-09-27,8,1.5
2024-09-28,19,3.4
2024-09-29,11,1.9
2024-09-30,14,2.5
2024-10-01,39,7.1
2024-10-02,22,3.9
2024-10-03,38,6.8
2024-10-04,52,9.5
2024-10-05,34,6.1
2024-10-06,64,16.1
2024-10-07,61,14.2
2024-10-08,35,6.3
2024-10-09,4,0.7
2024-10-10,28,5.1
2024-10-11,58,13.0
2024-10-12,51,9.3
2024-10-13,45,8.1
2024-10-14,29,5.3
2024-10-15,4,0.7
2024-10-16,4,0.7
2024-10-17,4,0.8
2024-10-18,41,7.4
2024-10-19,54,10.7
2024-10-20,16,2.8
2024-10-21,0,-0.5
2024-10-22,22,4.0
2024-10-23,38,6.8
2024-10-24,52,9.7
2024-10-25,47,8.4
2024-10-26,3,0.6
2024-10-27,2,0.3
2024-10-28,3,0.6
2024-10-29,24,4.4
2024-10-30,13,2.4
2024-10-31,4,0.8
2024-11-01,6,1.1
2024-11-02,7,1.3
2024-11-03,41,7.3
2024-11-04,19,3.4
2024-11-05,36,6.5
2024-11-06,64,16.3
2024-11-07,66,16.9
2024-11-08,70,19.4
2024-11-09,62,14.8
2024-11-10,53,10.0
2024-11-11,13,2.4
2024-11-12,35,6.3
2024-11-13,15,2.7
2024-11-14,9,1.7
2024-11-15,42,7.5
2024-11-16,29,5.2
2024-11-17,4,0.8
2024-11-18,4,0.8
2024-11-19,2,0.3
2024-11-20,16,2.9
2024-11-21,34,6.1
2024-11-22,13,2.3
2024-11-23,9,1.7
2024-11-24,9,1.6
2024-11-25,17,3.0
2024-11-26,37,6.6
2024-11-27,31,5.5
2024-11-28,28,5.0
2024-11-29,17,3.1
2024-11-30,26,4.7
2024-12-01,44,8.0
2024-12-02,52,9.5
2024-12-03,53,10.0
2024-12-04,57,12.2
2024-12-05,60,13.8
2024-12-06,75,22.1
2024-12-07,35,6.3
2024-12-08,31,5.6
2024-12-09,23,4.1
2024-12-10,33,5.9
2024-12-11,58,13.1
2024-12-12,61,14.4
2024-12-13,18,3.3
2024-12-14,6,1.1
2024-12-15,6,1.1
2024-12-16,4,0.7
2024-12-17,10,1.8
2024-12-18,2,0.4
2024-12-19,10,1.8
2024-12-20,38,6.9
2024-12-21,34,6.1
2024-12-22,4,0.8
2024-12-23,14,2.5
2024-12-24,15,2.7
2024-12-25,3,0.5
2024-12-26,7,1.3
2024-12-27,1,0.2
2024-12-28,18,3.3
2024-12-29,3,0.6
2024-12-30,22,4.0
2024-12-31,24,4.3
2025-01-01,23,4.2
2025-01-02,26,4.7
2025-01-03,0,0.0
2025-01-04,1,0.1
2025-01-05,6,1.1
2025-01-06,24,4.3
2025-01-07,49,8.8
2025-01-08,64,16.3
2025-01-09,55,11.0
2025-01-10,26,4.7
2025-01-11,32,5.8
2025-01-12,30,5.4
2025-01-13,20,3.6
2025-01-14,29,5.3
2025-01-15,37,6.6
2025-01-16,35,6.3
2025-01-17,28,5.0
2025-01-18,52,9.8
2025-01-19,68,18.0
2025-01-20,66,17.3
2025-01-21,58,13.1
2025-01-22,71,19.8
2025-01-23,75,21.9
2025-01-24,72,20.6
2025-01-25,60,14.0
2025-01-26,58,13.0
2025-01-27,66,17.3
2025-01-28,70,19.5
2025-01-29,70,19.4
2025-01-30,59,13.3
2025-01-31,16,2.9
2025-02-01,15,2.7
2025-02-02,18,3.2
2025-02-03,16,2.8
2025-02-04,34,6.2
2025-02-05,8,1.5
2025-02-06,22,3.9
2025-02-07,18,3.2
2025-02-08,19,3.4
2025-02-09,37,6.7
2025-02-10,54,10.6
2025-02-11,48,8.6
2025-02-12,63,15.5
2025-02-13,34,6.1
2025-02-14,37,6.7
2025-02-15,17,3.1
2025-02-16,5,0.9
2025-02-17,3,0.6
2025-02-18,6,1.0
2025-02-19,7,1.2
2025-02-20,11,1.9
2025-02-21,16,2.9
2025-02-22,14,2.6
2025-02-23,4,0.7
2025-02-24,3,0.5
2025-02-25,22,3.9
2025-02-26,42,7.5
2025-02-27,26,4.7
2025-02-28,47,8.5
2025-03-01,24,4.3
2025-03-02,2,0.3
2025-03-03,0,-1.1
2025-03-04,12,2.1
2025-03-05,37,6.6
2025-03-06,34,6.2
2025-03-07,23,4.2
2025-03-08,10,1.8
2025-03-09,19,3.4
2025-03-10,11,2.0
2025-03-11,22,4.0
2025-03-12,8,1.5
2025-03-13,0,-0.9
2025-03-14,0,-1.3
2025-03-15,3,0.5
2025-03-16,3,0.5
2025-03-17,6,1.0
2025-03-18,8,1.5
2025-03-19,0,-0.4
2025-03-20,0,-0.2
2025-03-21,0,0.0
2025-03-22,6,1.1
2025-03-23,4,0.8
2025-03-24,6,1.0
2025-03-25,24,4.4
2025-03-26,6,1.0
2025-03-27,0,-0.9
2025-03-28,0,0.0
2025-03-29,4,0.7
2025-03-30,17,3.0
2025-03-31,0,0.0
2025-04-01,2,0.3
2025-04-02,5,0.9
2025-04-03,15,2.7
2025-04-04,28,5.0
2025-04-05,9,1.6
2025-04-06,14,2.5
2025-04-07,0,-0.4
2025-04-08,0,-0.9
2025-04-09,1,0.1
2025-04-10,2,0.4
2025-04-11,7,1.3
2025-04-12,9,1.7
2025-04-13,16,2.8
2025-04-14,26,4.6
2025-04-15,29,5.2
2025-04-16,31,5.5
2025-04-17,23,4.2
2025-04-18,22,4.0
2025-04-19,23,4.1
2025-04-20,11,2.0
2025-04-21,5,0.9
2025-04-22,11,1.9
2025-04-23,22,4.0
2025-04-24,24,4.4
2025-04-25,14,2.6
2025-04-26,18,3.3
2025-04-27,13,2.3
2025-04-28,4,0.7
2025-04-29,0,0.0
2025-04-30,3,0.6
2025-05-01,2,0.3
2025-05-02,5,0.9
2025-05-03,0,0.0
2025-05-04,6,1.0
2025-05-05,10,1.8
2025-05-06,2,0.3
2025-05-07,3,0.6
2025-05-08,4,0.7
2025-05-09,3,0.5
2025-05-10,6,1.0
2025-05-11,8,1.5
2025-05-12,4,0.7
2025-05-13,5,0.9
2025-05-14,1,0.2
2025-05-15,,1.290909
2025-05-19,,3.72
2025-05-20,16,2.9
2025-05-21,17,3.0
2025-05-22,15,2.7
2025-05-23,19,3.4
2025-05-24,29,5.3
2025-05-25,13,2.3
2025-05-26,10,1.8
2025-05-27,29,5.2
2025-05-28,21,3.8
2025-05-29,13,2.3
2025-05-30,32,5.7
2025-05-31,33,5.9
2025-06-01,23,4.1
2025-06-02,31,5.6
2025-06-03,30,5.4
2025-06-04,18,3.2
2025-06-05,22,4.0
2025-06-06,32,5.8
2025-06-07,31,5.5
2025-06-08,43,7.8
2025-06-09,49,8.9
2025-06-10,52,9.4
2025-06-11,49,8.8
2025-06-12,38,6.8
2025-06-13,26,4.7
2025-06-14,27,4.8
2025-06-15,26,4.7
2025-06-16,24,4.3
2025-06-17,14,2.5
2025-06-18,19,3.5
2025-06-19,12,2.2
2025-06-20,8,1.5
2025-06-21,11,2.0
2025-06-22,13,2.3
2025-06-23,41,7.3
2025-06-24,49,8.8
2025-06-25,22,3.9
2025-06-26,8,1.5
2025-06-27,14,2.6
2025-06-28,15,2.7
2025-06-29,32,5.8
2025-06-30,46,8.3
2025-07-01,28,5.0
2025-07-02,13,2.3
2025-07-03,12,2.1
2025-07-04,20,3.6
2025-07-05,28,5.0
2025-07-06,21,3.8
2025-07-07,32,5.7
2025-07-08,31,5.5
2025-07-09,12,2.2
2025-07-10,,3.092308
2025-07-11,24,4.3
2025-07-12,22,3.9
2025-07-13,27,4.8
2025-07-14,17,3.1
2025-07-15,40,7.2
2025-07-16,44,7.9
2025-07-17,33,5.9
2025-07-18,32,5.7
2025-07-19,19,3.4
2025-07-20,23,4.1
2025-07-21,18,3.2
2025-07-22,32,5.8
2025-07-23,34,6.1
2025-07-24,18,3.3
2025-07-25,16,2.9
2025-07-26,11,2.0
2025-07-27,13,2.4
2025-07-28,23,4.1
2025-07-29,23,4.2
2025-07-30,26,4.6
2025-07-31,28,5.0
2025-08-01,11,2.0
2025-08-02,13,2.3
2025-08-03,21,3.8
2025-08-04,27,4.8
2025-08-05,19,3.4
2025-08-06,11,2.0
2025-08-07,21,3.8
2025-08-08,24,4.4
2025-08-09,31,5.6
2025-08-10,38,6.9
2025-08-11,48,8.6
2025-08-12,40,7.2
2025-08-13,34,6.2
2025-08-14,13,2.3
2025-08-15,10,1.8
2025-08-16,19,3.4
2025-08-17,17,3.0
2025-08-18,16,2.8
2025-08-19,19,3.4
2025-08-20,25,4.5
2025-08-21,31,5.5
2025-08-22,44,8.0
2025-08-23,53,10.1
2025-08-24,53,10.2
2025-08-25,52,9.4
2025-08-26,57,12.1
2025-08-27,32,5.8
2025-08-28,39,7.1
2025-08-29,26,4.6
2025-08-30,38,6.9
2025-08-31,28,5.1
2025-09-01,26,4.7
2025-09-02,55,11.4
2025-09-03,57,12.2
2025-09-04,61,14.3
2025-09-05,46,8.2
2025-09-06,28,5.1
2025-09-07,31,5.5
2025-09-08,36,6.4
2025-09-09,22,4.0
2025-09-10,33,6.0
2025-09-11,22,3.9
2025-09-12,27,4.8
2025-09-13,18,3.3
2025-09-14,11,2.0
2025-09-15,22,4.0
2025-09-16,36,6.5
2025-09-17,27,4.8
2025-09-18,53,10.2
2025-09-19,47,8.4
2025-09-20,24,4.3
2025-09-21,17,3.0
2025-09-22,26,4.6
2025-09-23,50,9.0
2025-09-24,57,12.4
2025-09-25,36,6.5
2025-09-26,28,5.0
2025-09-27,30,5.4
2025-09-28,55,11.0
2025-09-29,48,8.6
2025-09-30,13,2.3
2025-10-01,7,1.3
2025-10-02,18,3.3
2025-10-03,18,3.2
2025-10-04,13,2.3
2025-10-05,23,4.2
2025-10-06,28,5.0
2025-10-07,32,5.7
2025-10-08,36,6.4
2025-10-09,20,3.6
2025-10-10,24,4.3
2025-10-11,8,1.5
2025-10-12,24,4.3
2025-10-13,16,2.9
2025-10-14,24,4.3
2025-10-15,32,5.8
2025-10-16,42,7.6
2025-10-17,43,7.7
2025-10-18,51,9.2
2025-10-19,17,3.1
2025-10-20,38,6.8
2025-10-21,51,9.1
2025-10-22,40,7.2
2025-10-23,42,7.5
2025-10-24,29,5.2
2025-10-25,16,2.9
2025-10-26,20,3.6
2025-10-27,28,5.0
2025-10-28,39,7.1
2025-10-29,27,4.8
2025-10-30,58,13.0
2025-10-31,56,11.6
2025-11-01,37,6.7
2025-11-02,34,6.2
2025-11-03,48,8.7
2025-11-04,36,6.5
2025-11-05,28,5.1
2025-11-06,27,4.8
2025-11-07,30,5.4
2025-11-08,59,13.6
2025-11-09,63,15.4
2025-11-10,60,13.9
2025-11-11,60,14.1
2025-11-12,59,13.3
2025-11-13,63,15.6
2025-11-14,46,8.2
2025-11-15,53,10.0
2025-11-16,46,8.3
2025-11-17,18,3.3
2025-11-18,54,10.8
2025-11-19,68,18.4
2025-11-20,48,8.7
2025-11-21,51,9.1
2025-11-22,54,10.9
2025-11-23,54,10.6
2025-11-24,30,5.4
2025-11-25,44,7.9
2025-11-26,37,6.7
2025-11-27,16,2.8
2025-11-28,26,4.6
2025-11-29,24,4.4
2025-11-30,44,7.9
2025-12-01,56,11.9
2025-12-02,52,9.6
2025-12-03,57,12.3
2025-12-04,46,8.2
2025-12-05,19,3.5
2025-12-06,33,5.9
2025-12-07,23,4.2
2025-12-08,13,2.3
2025-12-09,18,3.3
2025-12-10,18,3.2
2025-12-11,35,6.3
2025-12-12,58,13.1
2025-12-13,66,17.0
2025-12-14,55,11.5
2025-12-15,23,4.2
2025-12-16,23,4.2
2025-12-17,19,3.5
2025-12-18,18,3.2
2025-12-19,9,1.6
2025-12-20,18,3.3
2025-12-21,19,3.4
2025-12-22,16,2.8
2025-12-23,29,5.2
2025-12-24,48,8.6
2025-12-25,32,5.8
2025-12-26,11,1.9
2025-12-27,26,4.6
2025-12-28,34,6.1
2025-12-29,53,10.2
2025-12-30,66,17.0
2025-12-31,77,22.8
