date,aqi,value
2006-06-10,28,5.1
2006-06-13,34,6.1
2006-06-16,74,21.5
2006-06-19,40,7.2
2006-06-22,51,9.1
2006-06-25,72,20.5
2006-06-28,71,19.9
2006-07-01,71,20.0
2006-07-04,60,14.0
2006-07-07,52,9.8
2006-07-10,53,10.1
2006-07-13,64,15.9
2006-07-16,64,16.0
2006-07-19,68,18.2
2006-07-22,37,6.6
2006-07-25,72,20.2
2006-07-28,62,14.8
2006-07-31,73,20.9
2006-08-03,34,6.2
2006-08-06,80,24.9
2006-08-09,67,17.7
2006-08-12,44,8.0
2006-08-15,41,7.4
2006-08-18,92,31.2
2006-08-21,46,8.2
2006-08-24,51,9.3
2006-08-27,70,19.5
2006-08-30,47,8.4
2006-09-02,39,7.0
2006-09-05,58,12.7
2006-09-08,65,16.4
2006-09-11,57,12.2
2006-09-14,41,7.4
2006-09-17,77,23.2
2006-09-20,27,4.8
2006-09-23,42,7.5
2006-09-26,52,9.7
2006-09-29,22,3.9
2006-10-02,51,9.2
2006-10-05,21,3.7
2006-10-08,60,13.9
2006-10-11,61,14.7
2006-10-14,26,4.7
2006-10-20,51,9.1
2006-10-23,52,9.9
2006-10-26,69,18.9
2006-10-29,44,7.9
2006-11-01,52,9.7
2006-11-04,63,15.5
2006-11-07,71,19.6
2006-11-10,53,10.4
2006-11-13,72,20.4
2006-11-16,36,6.4
2006-11-19,41,7.4
2006-11-22,67,17.7
2006-11-25,73,21.1
2006-11-28,65,16.4
2006-12-01,22,3.9
2006-12-04,55,11.3
2006-12-07,24,4.3
2006-12-10,36,6.5
2006-12-13,65,16.5
2006-12-16,64,16.0
2006-12-19,60,13.9
2006-12-22,39,7.0
2006-12-25,78,23.7
2006-12-28,65,16.7
2006-12-31,66,17.4
2007-01-03,55,11.0
2007-01-06,60,14.0
2007-01-12,49,8.9
2007-01-15,16,2.9
2007-01-18,60,13.9
2007-01-21,62,15.0
2007-01-24,66,17.4
2007-01-27,76,22.5
2007-01-30,56,11.8
2007-02-02,60,14.1
2007-02-05,55,11.3
2007-02-08,64,16.0
2007-02-11,63,15.8
2007-02-14,21,3.7
2007-02-17,62,14.9
2007-02-20,84,26.7
2007-02-23,28,5.0
2007-02-26,57,12.1
2007-03-01,75,21.8
2007-03-04,38,6.9
2007-03-07,53,10.0
2007-03-10,78,23.4
2007-03-13,66,17.2
2007-03-16,33,6.0
2007-03-19,65,16.5
2007-03-22,46,8.3
2007-03-25,63,15.5
2007-03-28,46,8.2
2007-03-31,64,16.3
2007-04-03,52,9.5
2007-04-06,26,4.6
2007-04-09,61,14.2
2007-04-12,37,6.6
2007-04-15,35,6.3
2007-04-18,34,6.1
2007-04-21,58,12.7
2007-04-24,30,5.4
2007-04-27,34,6.2
2007-04-30,27,4.9
2007-05-03,36,6.5
2007-05-06,22,3.9
2007-05-09,59,13.4
2007-05-12,27,4.8
2007-05-24,87,28.6
2007-05-27,56,11.7
2007-05-30,91,30.8
2007-06-05,21,3.8
2007-06-11,67,17.6
2007-06-14,67,17.6
2007-06-17,80,24.5
2007-06-20,54,10.5
2007-06-23,52,9.7
2007-06-26,71,20.1
2007-06-29,37,6.6
2007-07-02,33,5.9
2007-07-05,84,26.6
2007-07-08,61,14.2
2007-07-11,25,4.5
2007-07-17,58,12.9
2007-07-20,24,4.4
2007-07-23,61,14.2
2007-07-26,78,23.6
2007-07-29,54,10.9
2007-08-01,74,21.3
2007-08-04,58,13.0
2007-08-07,55,11.2
2007-08-10,52,9.4
2007-08-13,34,6.1
2007-08-16,59,13.3
2007-08-19,52,9.4
2007-08-22,59,13.5
2007-08-25,38,6.9
2007-08-28,76,22.7
2007-08-31,36,6.5
2007-09-03,70,19.1
2007-09-06,90,30.2
2007-09-09,37,6.7
2007-09-12,21,3.8
2007-09-15,19,3.5
2007-09-18,68,18.4
2007-09-21,90,29.8
2007-09-24,60,14.0
2007-09-27,36,6.5
2007-09-30,58,13.0
2007-10-03,49,8.9
2007-10-06,66,17.4
2007-10-09,21,3.7
2007-10-12,23,4.2
2007-10-15,63,15.5
2007-10-18,47,8.5
2007-10-21,35,6.3
2007-10-24,13,2.4
2007-10-27,51,9.2
2007-10-30,52,9.6
2007-11-02,59,13.5
2007-11-05,43,7.8
2007-11-08,62,15.2
2007-11-11,77,23.0
2007-11-14,53,10.4
2007-11-17,74,21.4
2007-11-20,94,32.4
2007-11-23,32,5.7
2007-11-26,74,21.3
2007-11-29,48,8.6
2007-12-02,60,14.1
2007-12-05,25,4.5
2007-12-08,62,15.0
2007-12-11,54,10.9
2007-12-14,55,11.3
2007-12-17,73,21.0
2007-12-20,116,41.4
2007-12-26,74,21.2
2007-12-29,59,13.4
2008-01-01,60,13.9
2008-01-04,55,11.0
2008-01-07,41,7.4
2008-01-10,69,18.8
2008-01-13,78,23.5
2008-01-16,60,13.9
2008-01-19,57,12.1
2008-01-22,50,9.0
2008-01-25,58,12.8
2008-01-28,68,18.3
2008-01-31,57,12.4
2008-02-03,70,19.2
2008-02-06,18,3.2
2008-02-09,68,18.2
2008-02-12,58,12.9
2008-02-15,55,11.5
2008-02-18,52,9.5
2008-02-21,47,8.5
2008-02-24,93,31.8
2008-02-27,27,4.9
2008-03-01,56,12.0
2008-03-04,31,5.5
2008-03-07,52,9.6
2008-03-13,61,14.7
2008-03-16,34,6.2
2008-03-19,51,9.1
2008-03-22,22,3.9
2008-03-25,55,11.1
2008-03-28,23,4.1
2008-03-31,64,16.3
2008-04-03,51,9.3
2008-04-06,69,18.9
2008-04-09,42,7.6
2008-04-12,11,2.0
2008-04-15,32,5.8
2008-04-18,64,16.0
2008-04-21,81,25.0
2008-04-24,48,8.6
2008-04-27,53,10.3
2008-04-30,58,12.9
2008-05-03,21,3.7
2008-05-06,55,11.5
2008-05-09,28,5.1
2008-05-12,19,3.4
2008-05-15,25,4.5
2008-05-18,13,2.4
2008-05-21,22,3.9
2008-05-24,44,8.0
2008-05-27,21,3.8
2008-05-30,61,14.7
2008-06-02,55,11.5
2008-06-05,51,9.2
2008-06-08,47,8.5
2008-06-11,42,7.5
2008-06-14,32,5.8
2008-06-17,30,5.4
2008-06-23,36,6.4
2008-06-26,56,11.9
2008-06-29,32,5.7
2008-07-02,59,13.6
2008-07-05,66,17.0
2008-07-08,57,12.5
2008-07-11,54,10.5
2008-07-14,47,8.5
2008-07-17,85,27.5
2008-07-20,61,14.2
2008-07-23,33,5.9
2008-07-26,70,19.5
2008-07-29,79,24.0
2008-08-01,55,11.4
2008-08-04,56,11.6
2008-08-07,34,6.2
2008-08-10,13,2.3
2008-08-13,43,7.8
2008-08-16,38,6.8
2008-08-19,61,14.7
2008-08-22,75,22.2
2008-08-25,17,3.1
2008-08-28,75,21.8
2008-08-31,64,16.0
2008-09-03,61,14.4
2008-09-06,49,8.9
2008-09-09,18,3.3
2008-09-12,62,14.8
2008-09-15,9,1.7
2008-09-18,39,7.1
2008-09-21,86,28.0
2008-09-24,75,22.1
2008-09-27,60,14.1
2008-09-30,28,5.0
2008-10-03,16,2.9
2008-10-06,44,8.0
2008-10-09,36,6.4
2008-10-12,61,14.7
2008-10-15,36,6.4
2008-10-16,41,7.4
2008-10-17,51,9.3
2008-10-18,52,9.9
2008-10-19,52,9.8
2008-10-20,58,12.7
2008-10-21,23,4.1
2008-10-22,49,8.8
2008-10-23,58,12.6
2008-10-24,44,8.0
2008-10-25,45,8.1
2008-10-26,29,5.2
2008-10-27,13,2.4
2008-10-28,38,6.8
2008-10-29,49,8.8
2008-10-30,52,9.4
2008-10-31,78,23.8
2008-11-01,85,27.3
2008-11-02,66,17.1
2008-11-03,76,22.3
2008-11-04,78,23.8
2008-11-05,69,18.5
2008-11-06,70,19.1
2008-11-07,48,8.6
2008-11-08,32,5.7
2008-11-09,37,6.6
2008-11-10,74,21.3
2008-11-11,86,28.1
2008-11-12,76,22.4
2008-11-13,58,12.7
2008-11-14,51,9.2
2008-11-15,13,2.3
2008-11-16,45,8.1
2008-11-17,18,3.2
2008-11-18,41,7.3
2008-11-19,58,13.1
2008-11-20,14,2.6
2008-11-21,31,5.5
2008-11-22,66,16.9
2008-11-23,74,21.5
2008-11-24,71,20.1
2008-11-25,34,6.2
2008-11-26,62,15.0
2008-11-27,86,28.0
2008-11-28,53,10.4
2008-11-29,79,24.3
2008-11-30,69,19.0
2008-12-01,42,7.6
2008-12-02,54,10.9
2008-12-03,58,12.7
2008-12-04,51,9.1
2008-12-05,55,11.2
2008-12-06,55,11.1
2008-12-07,34,6.1
2008-12-08,61,14.7
2008-12-09,56,11.9
2008-12-10,34,6.2
2008-12-11,61,14.7
2008-12-12,37,6.6
2008-12-13,58,13.0
2008-12-14,31,5.6
2008-12-15,54,10.5
2008-12-16,63,15.5
2008-12-17,64,16.0
2008-12-18,87,28.2
2008-12-19,60,13.9
2008-12-20,48,8.7
2008-12-21,55,11.5
2008-12-22,61,14.7
2008-12-23,56,11.8
2008-12-24,41,7.4
2008-12-25,74,21.7
2008-12-26,63,15.5
2008-12-27,47,8.4
2008-12-28,47,8.5
2008-12-29,25,4.5
2008-12-30,48,8.6
2008-12-31,36,6.5
2009-01-01,48,8.7
2009-01-02,60,13.9
2009-01-03,74,21.3
2009-01-04,63,15.8
2009-01-05,55,11.4
2009-01-06,64,16.1
2009-01-07,78,23.8
2009-01-08,79,24.3
2009-01-09,79,24.3
2009-01-10,63,15.4
2009-01-11,67,17.6
2009-01-12,80,24.6
2009-01-13,44,8.0
2009-01-14,73,21.0
2009-01-15,67,17.9
2009-01-16,66,17.1
2009-01-19,75,21.9
2009-01-22,92,31.1
2009-01-25,72,20.6
2009-01-28,66,17.3
2009-01-30,,16.957143
2009-01-31,66,17.1
2009-02-01,48,8.7
2009-02-02,57,12.5
2009-02-03,52,9.5
2009-02-04,34,6.2
2009-02-05,68,18.2
2009-02-06,88,28.9
2009-02-07,60,14.0
2009-02-08,75,22.0
2009-02-09,102,35.8
2009-02-10,53,10.4
2009-02-11,40,7.2
2009-02-12,53,10.3
2009-02-13,60,14.0
2009-02-14,55,11.4
2009-02-15,53,10.2
2009-02-16,53,10.3
2009-02-17,61,14.6
2009-02-18,55,11.5
2009-02-19,27,4.9
2009-02-20,54,10.9
2009-02-21,62,14.8
2009-02-22,42,7.6
2009-02-23,57,12.5
2009-02-24,75,22.2
2009-02-25,73,20.7
2009-02-26,94,32.1
2009-02-27,23,4.1
2009-02-28,44,7.9
2009-03-01,34,6.2
2009-03-02,23,4.1
2009-03-03,57,12.5
2009-03-04,63,15.4
2009-03-05,60,13.7
2009-03-06,63,15.8
2009-03-07,61,14.3
2009-03-08,24,4.3
2009-03-09,43,7.8
2009-03-10,59,13.5
2009-03-11,34,6.2
2009-03-12,46,8.3
2009-03-13,63,15.6
2009-03-14,74,21.5
2009-03-15,80,24.5
2009-03-16,64,16.1
2009-03-17,70,19.4
2009-03-18,57,12.5
2009-03-19,50,9.0
2009-03-20,37,6.7
2009-03-21,69,18.6
2009-03-22,94,32.4
2009-03-23,43,7.8
2009-03-24,66,17.2
2009-03-25,55,11.4
2009-03-26,46,8.2
2009-03-27,67,17.8
2009-03-28,62,15.1
2009-03-29,24,4.3
2009-03-30,49,8.8
2009-03-31,59,13.5
2009-04-01,19,3.5
2009-04-02,29,5.3
2009-04-03,28,5.0
2009-04-04,26,4.7
2009-04-05,38,6.8
2009-04-06,8,1.4
2009-04-07,22,3.9
2009-04-08,53,10.0
2009-04-09,57,12.5
2009-04-10,39,7.1
2009-04-11,35,6.3
2009-04-12,52,9.6
2009-04-13,40,7.2
2009-04-14,52,9.4
2009-04-15,37,6.7
2009-04-16,37,6.7
2009-04-17,65,16.5
2009-04-18,96,33.2
2009-04-19,78,23.7
2009-04-20,,7.2
2009-04-22,27,4.9
2009-04-24,,8.683333
2009-04-25,54,10.8
2009-04-26,59,13.2
2009-04-27,55,11.5
2009-04-28,14,2.5
2009-04-29,59,13.2
2009-04-30,66,17.4
2009-05-01,23,4.2
2009-05-02,58,12.6
2009-05-03,59,13.2
2009-05-04,55,11.0
2009-05-05,61,14.6
2009-05-06,68,18.3
2009-05-07,54,10.8
2009-05-08,46,8.3
2009-05-09,31,5.6
2009-05-10,32,5.8
2009-05-11,31,5.6
2009-05-12,53,10.4
2009-05-13,56,11.7
2009-05-14,33,6.0
2009-05-15,52,9.5
2009-05-16,27,4.8
2009-05-17,35,6.3
2009-05-18,43,7.8
2009-05-19,46,8.2
2009-05-20,59,13.2
2009-05-21,61,14.4
2009-05-22,54,10.9
2009-05-23,63,15.7
2009-05-24,66,17.0
2009-05-25,42,7.5
2009-05-26,54,10.9
2009-05-27,67,17.8
2009-05-28,42,7.6
2009-05-29,54,10.7
2009-05-30,53,10.0
2009-05-31,34,6.2
2009-06-01,60,13.8
2009-06-02,59,13.6
2009-06-03,32,5.8
2009-06-04,44,8.0
2009-06-05,55,11.4
2009-06-06,56,12.0
2009-06-07,68,18.3
2009-06-08,66,17.2
2009-06-09,32,5.7
2009-06-10,65,16.4
2009-06-11,69,18.5
2009-06-12,47,8.5
2009-06-13,64,16.1
2009-06-14,59,13.4
2009-06-15,46,8.2
2009-06-16,69,19.0
2009-06-17,85,27.4
2009-06-18,62,15.0
2009-06-19,52,9.7
2009-06-20,56,11.6
2009-06-21,59,13.2
2009-06-22,68,18.3
2009-06-23,73,20.8
2009-06-24,66,16.9
2009-06-25,71,19.6
2009-06-26,59,13.4
2009-06-27,47,8.5
2009-06-28,53,10.4
2009-06-29,43,7.8
2009-06-30,19,3.4
2009-07-01,46,8.2
2009-07-02,52,9.7
2009-07-03,51,9.1
2009-07-04,107,38.0
2009-07-05,91,30.4
2009-07-06,52,9.7
2009-07-07,56,11.6
2009-07-08,51,9.1
2009-07-09,54,10.7
2009-07-10,89,29.3
2009-07-11,63,15.5
2009-07-12,43,7.8
2009-07-13,,11.285714
2009-07-18,22,4.0
2009-07-20,,10.244444
2009-07-21,59,13.4
2009-07-22,58,12.8
2009-07-23,63,15.8
2009-07-24,61,14.5
2009-07-25,35,6.3
2009-07-26,23,4.2
2009-07-27,45,8.1
2009-07-28,45,8.1
2009-07-29,24,4.3
2009-07-30,50,9.0
2009-07-31,42,7.5
2009-08-01,42,7.5
2009-08-02,36,6.4
2009-08-03,48,8.6
2009-08-04,67,17.7
2009-08-05,24,4.3
2009-08-06,33,6.0
2009-08-07,47,8.4
2009-08-08,65,16.6
2009-08-09,67,17.8
2009-08-10,48,8.7
2009-08-11,46,8.3
2009-08-12,42,7.6
2009-08-13,61,14.2
2009-08-14,70,19.4
2009-08-15,84,26.6
2009-08-16,83,26.3
2009-08-17,42,7.5
2009-08-18,58,13.1
2009-08-19,57,12.5
2009-08-20,27,4.8
2009-08-21,15,2.7
2009-08-22,13,2.3
2009-08-23,15,2.7
2009-08-24,47,8.4
2009-08-25,62,15.2
2009-08-26,63,15.4
2009-08-27,20,3.6
2009-08-28,44,8.0
2009-08-29,32,5.7
2009-08-30,17,3.1
2009-08-31,,6.0
2009-09-01,37,6.7
2009-09-02,59,13.6
2009-09-03,71,19.8
2009-09-04,70,19.1
2009-09-05,103,36.5
2009-09-06,90,30.2
2009-09-07,70,19.3
2009-09-08,78,23.6
2009-09-09,82,25.8
2009-09-10,63,15.5
2009-09-11,74,21.7
2009-09-12,73,21.1
2009-09-13,57,12.3
2009-09-14,67,17.6
2009-09-15,69,18.9
2009-09-16,29,5.2
2009-09-17,37,6.7
2009-09-18,62,14.9
2009-09-19,50,9.0
2009-09-20,56,11.9
2009-09-21,53,10.2
2009-09-22,62,14.9
2009-09-23,61,14.3
2009-09-24,59,13.6
2009-09-25,34,6.1
2009-09-26,58,13.1
2009-09-27,62,15.1
2009-09-28,18,3.2
2009-09-29,19,3.5
2009-09-30,27,4.8
2009-10-01,39,7.0
2009-10-02,32,5.7
2009-10-03,20,3.6
2009-10-04,29,5.3
2009-10-05,43,7.7
2009-10-06,43,7.7
2009-10-07,17,3.0
2009-10-08,37,6.7
2009-10-09,33,5.9
2009-10-10,37,6.7
2009-10-11,30,5.4
2009-10-12,52,9.6
2009-10-13,49,8.9
2009-10-14,19,3.5
2009-10-15,22,3.9
2009-10-16,34,6.2
2009-10-17,45,8.1
2009-10-18,52,9.4
2009-10-19,40,7.2
2009-10-20,54,10.9
2009-10-21,55,11.5
2009-10-22,56,11.9
2009-10-23,19,3.4
2009-10-24,24,4.3
2009-10-25,32,5.8
2009-10-26,52,9.7
2009-10-27,56,12.0
2009-10-28,81,25.3
2009-10-29,92,31.2
2009-10-30,48,8.7
2009-10-31,23,4.1
2009-11-01,55,11.3
2009-11-02,61,14.7
2009-11-03,72,20.4
2009-11-04,65,16.7
2009-11-05,55,11.3
2009-11-06,60,13.7
2009-11-07,67,17.8
2009-11-08,88,29.2
2009-11-09,69,18.8
2009-11-10,,8.64
2009-11-12,61,14.5
2009-11-15,54,10.5
2009-11-18,61,14.3
2009-11-21,76,22.4
2009-11-24,73,20.9
2009-11-27,44,8.0
2009-12-03,46,8.3
2009-12-06,61,14.2
2009-12-09,25,4.5
2009-12-10,,6.911111
2009-12-11,52,9.7
2009-12-12,57,12.3
2009-12-13,53,10.1
2009-12-14,58,13.0
2009-12-15,36,6.4
2009-12-16,61,14.5
2009-12-17,67,17.9
2009-12-18,69,18.5
2009-12-19,66,17.3
2009-12-20,71,20.1
2009-12-21,71,19.9
2009-12-22,73,20.7
2009-12-23,39,7.0
2009-12-24,48,8.6
2009-12-25,31,5.5
2009-12-26,20,3.6
2009-12-27,54,10.7
2009-12-28,51,9.2
2009-12-29,28,5.1
2009-12-30,65,16.5
2009-12-31,59,13.5
2010-01-01,52,9.9
2010-01-02,20,3.6
2010-01-03,43,7.8
2010-01-04,16,2.8
2010-01-05,24,4.3
2010-01-06,82,25.7
2010-01-07,86,27.8
2010-01-08,55,11.4
2010-01-09,37,6.7
2010-01-10,62,14.8
2010-01-11,59,13.3
2010-01-12,55,11.4
2010-01-13,66,16.9
2010-01-14,69,18.5
2010-01-15,76,22.6
2010-01-16,62,15.1
2010-01-17,74,21.7
2010-01-18,63,15.5
2010-01-19,60,14.0
2010-01-20,52,9.7
2010-01-21,51,9.1
2010-01-22,66,17.2
2010-01-23,86,27.8
2010-01-24,32,5.8
2010-01-25,41,7.3
2010-01-26,52,9.5
2010-01-27,52,9.8
2010-01-28,36,6.5
2010-01-29,61,14.4
2010-01-30,65,16.8
2010-01-31,79,24.3
2010-02-01,92,31.0
2010-02-02,117,41.9
2010-02-03,114,40.7
2010-02-04,85,27.6
2010-02-05,82,25.6
2010-02-06,19,3.5
2010-02-07,51,9.3
2010-02-08,65,16.4
2010-02-09,43,7.7
2010-02-10,13,2.3
2010-02-11,54,10.8
2010-02-12,82,25.5
2010-02-13,69,18.5
2010-02-14,84,26.8
2010-02-15,75,22.2
2010-02-16,17,3.1
2010-02-17,19,3.5
2010-02-18,47,8.4
2010-02-19,73,20.7
2010-02-20,79,24.3
2010-02-21,122,44.2
2010-02-22,53,10.4
2010-02-23,52,9.5
2010-02-24,81,25.3
2010-02-25,35,6.3
2010-02-26,19,3.4
2010-02-27,13,2.3
2010-02-28,16,2.8
2010-03-01,27,4.8
2010-03-02,54,10.7
2010-03-03,36,6.5
2010-03-04,42,7.5
2010-03-05,65,16.6
2010-03-06,78,23.5
2010-03-07,93,31.7
2010-03-08,111,39.4
2010-03-09,112,39.9
2010-03-10,81,25.3
2010-03-11,55,11.5
2010-03-12,68,18.4
2010-03-13,21,3.8
2010-03-14,7,1.2
2010-03-15,19,3.5
2010-03-16,36,6.5
2010-03-17,54,10.8
2010-03-18,52,9.9
2010-03-19,58,12.8
2010-03-20,31,5.6
2010-03-21,32,5.8
2010-03-22,27,4.9
2010-03-23,36,6.5
2010-03-24,54,10.9
2010-03-25,38,6.9
2010-03-26,32,5.8
2010-03-27,50,9.0
2010-03-28,61,14.5
2010-03-29,39,7.1
2010-03-30,61,14.6
2010-03-31,61,14.7
2010-04-01,60,13.8
2010-04-02,56,12.0
2010-04-03,42,7.5
2010-04-04,41,7.4
2010-04-05,45,8.1
2010-04-06,59,13.2
2010-04-07,49,8.9
2010-04-08,14,2.6
2010-04-09,31,5.6
2010-04-10,72,20.3
2010-04-11,56,12.0
2010-04-12,41,7.3
2010-04-13,53,10.4
2010-04-14,59,13.4
2010-04-15,71,20.1
2010-04-16,34,6.2
2010-04-17,17,3.1
2010-04-18,24,4.3
2010-04-19,46,8.3
2010-04-20,48,8.6
2010-04-21,63,15.7
2010-04-22,55,11.3
2010-04-23,54,10.5
2010-04-24,69,18.9
2010-04-25,27,4.9
2010-04-26,22,4.0
2010-04-27,29,5.2
2010-04-28,45,8.1
2010-04-29,47,8.4
2010-04-30,63,15.8
2010-05-01,51,9.1
2010-05-02,27,4.8
2010-05-03,38,6.9
2010-05-04,39,7.1
2010-05-05,27,4.8
2010-05-06,23,4.2
2010-05-07,55,11.5
2010-05-08,14,2.6
2010-05-09,38,6.8
2010-05-10,52,9.8
2010-05-11,49,8.9
2010-05-12,59,13.3
2010-05-13,67,17.9
2010-05-14,27,4.8
2010-05-15,54,10.6
2010-05-16,52,9.7
2010-05-17,34,6.1
2010-05-18,55,11.0
2010-05-19,53,10.2
2010-05-20,52,9.4
2010-05-21,53,10.3
2010-05-22,71,20.1
2010-05-23,61,14.6
2010-05-24,70,19.5
2010-05-25,66,17.2
2010-05-26,68,18.4
2010-05-27,66,17.4
2010-05-28,41,7.3
2010-05-29,64,16.1
2010-05-30,66,17.3
2010-05-31,66,17.1
2010-06-01,53,10.2
2010-06-02,56,11.6
2010-06-03,57,12.3
2010-06-04,53,10.0
2010-06-05,58,13.1
2010-06-06,41,7.3
2010-06-07,19,3.5
2010-06-08,61,14.7
2010-06-09,59,13.3
2010-06-10,31,5.5
2010-06-11,65,16.6
2010-06-12,70,19.4
2010-06-13,37,6.7
2010-06-14,63,15.5
2010-06-15,68,18.3
2010-06-16,30,5.4
2010-06-17,59,13.3
2010-06-18,75,22.0
2010-06-19,28,5.0
2010-06-20,61,14.6
2010-06-21,55,11.0
2010-06-22,37,6.7
2010-06-23,57,12.5
2010-06-24,54,10.9
2010-06-25,66,17.3
2010-06-26,75,22.1
2010-06-27,62,14.9
2010-06-28,37,6.6
2010-06-29,45,8.1
2010-06-30,55,11.4
2010-07-01,27,4.9
2010-07-02,,14.6
2010-07-03,71,19.8
2010-07-04,78,23.5
2010-07-05,84,26.8
2010-07-06,79,23.9
2010-07-07,68,18.4
2010-07-08,64,16.2
2010-07-09,57,12.1
2010-07-10,54,10.9
2010-07-11,61,14.5
2010-07-12,57,12.4
2010-07-13,57,12.3
2010-07-14,67,17.9
2010-07-15,72,20.3
2010-07-16,55,11.4
2010-07-17,63,15.4
2010-07-18,58,12.9
2010-07-19,49,8.8
2010-07-20,54,10.5
2010-07-21,59,13.4
2010-07-22,61,14.5
2010-07-23,64,16.2
2010-07-24,42,7.5
2010-07-25,30,5.4
2010-07-26,63,15.8
2010-07-27,75,21.8
2010-07-28,63,15.8
2010-07-29,63,15.3
2010-07-30,71,20.1
2010-07-31,68,18.4
2010-08-01,88,28.9
2010-08-02,93,31.9
2010-08-03,58,12.8
2010-08-04,60,13.9
2010-08-05,67,17.9
2010-08-06,57,12.5
2010-08-07,86,28.1
2010-08-08,104,36.6
2010-08-09,77,22.8
2010-08-10,71,20.1
2010-08-11,66,17.3
2010-08-12,52,9.5
2010-08-13,72,20.5
2010-08-14,58,12.6
2010-08-15,45,8.1
2010-08-16,54,10.9
2010-08-17,57,12.1
2010-08-18,52,9.5
2010-08-19,83,26.2
2010-08-20,103,36.2
2010-08-21,61,14.2
2010-08-22,58,13.0
2010-08-23,61,14.6
2010-08-24,52,9.7
2010-08-25,60,13.8
2010-08-26,47,8.5
2010-08-27,39,7.0
2010-08-28,65,16.4
2010-08-29,80,24.7
2010-08-30,62,14.9
2010-08-31,75,21.8
2010-09-01,60,13.9
2010-09-02,42,7.5
2010-09-03,42,7.6
2010-09-04,37,6.6
2010-09-05,31,5.5
2010-09-06,57,12.2
2010-09-07,55,11.0
2010-09-08,14,2.6
2010-09-09,51,9.3
2010-09-10,47,8.5
2010-09-11,57,12.5
2010-09-12,55,11.0
2010-09-13,57,12.1
2010-09-14,32,5.7
2010-09-15,55,11.5
2010-09-16,57,12.4
2010-09-17,32,5.7
2010-09-18,62,15.2
2010-09-19,56,11.7
2010-09-20,39,7.0
2010-09-21,70,19.5
2010-09-22,67,17.6
2010-09-23,56,12.0
2010-09-24,62,14.8
2010-09-25,43,7.7
2010-09-26,14,2.6
2010-09-27,51,9.3
2010-09-28,56,12.0
2010-09-29,53,10.2
2010-09-30,54,10.6
2010-10-01,46,8.3
2010-10-02,14,2.6
2010-10-03,37,6.7
2010-10-04,44,7.9
2010-10-05,41,7.3
2010-10-06,64,16.2
2010-10-07,54,10.9
2010-10-08,52,9.9
2010-10-09,75,21.8
2010-10-10,74,21.5
2010-10-11,64,16.3
2010-10-12,66,17.2
2010-10-13,54,10.7
2010-10-14,24,4.4
2010-10-15,52,9.6
2010-10-16,57,12.4
2010-10-17,53,10.3
2010-10-18,58,13.1
2010-10-19,55,11.3
2010-10-20,39,7.0
2010-10-21,31,5.5
2010-10-22,49,8.9
2010-10-23,52,9.6
2010-10-24,59,13.3
2010-10-25,,9.9
2010-10-26,27,4.8
2010-10-29,38,6.8
2010-11-01,51,9.3
2010-11-04,48,8.6
2010-11-07,54,10.9
2010-11-08,,24.725
2010-11-09,104,36.8
2010-11-10,102,36.0
2010-11-11,90,29.8
2010-11-12,128,46.5
2010-11-13,70,19.3
2010-11-14,31,5.6
2010-11-15,47,8.5
2010-11-16,70,19.3
2010-11-17,82,25.6
2010-11-18,46,8.2
2010-11-19,69,18.6
2010-11-20,82,25.7
2010-11-21,93,31.8
2010-11-22,53,10.0
2010-11-23,42,7.6
2010-11-24,53,10.3
2010-11-25,31,5.6
2010-11-26,29,5.2
2010-11-27,42,7.6
2010-11-28,60,13.7
2010-11-29,65,16.6
2010-11-30,38,6.9
2010-12-01,49,8.9
2010-12-02,57,12.5
2010-12-03,61,14.4
2010-12-04,60,13.8
2010-12-05,17,3.1
2010-12-06,34,6.1
2010-12-07,23,4.2
2010-12-08,71,20.0
2010-12-09,76,22.3
2010-12-10,81,25.0
2010-12-11,94,32.3
2010-12-12,48,8.6
2010-12-13,8,1.5
2010-12-14,28,5.1
2010-12-15,74,21.6
2010-12-16,82,25.5
2010-12-17,69,18.8
2010-12-18,74,21.6
2010-12-19,71,20.0
2010-12-20,75,21.8
2010-12-21,88,28.9
2010-12-22,73,20.9
2010-12-23,19,3.4
2010-12-24,41,7.4
2010-12-25,36,6.5
2010-12-26,21,3.8
2010-12-27,30,5.4
2010-12-28,66,17.2
2010-12-29,86,27.9
2010-12-30,58,13.1
2010-12-31,58,12.9
2011-01-01,24,4.4
2011-01-02,21,3.7
2011-01-03,34,6.2
2011-01-04,,4.7875
2011-01-05,,11.114286
2011-01-06,59,13.6
2011-01-07,51,9.2
2011-01-08,19,3.4
2011-01-09,79,24.2
2011-01-10,86,28.0
2011-01-11,56,11.6
2011-01-12,21,3.8
2011-01-13,63,15.5
2011-01-14,79,24.0
2011-01-15,75,21.8
2011-01-16,17,3.0
2011-01-17,68,18.1
2011-01-18,65,16.8
2011-01-19,44,8.0
2011-01-20,59,13.6
2011-01-21,44,8.0
2011-01-22,58,12.8
2011-01-23,52,9.5
2011-01-24,72,20.4
2011-01-25,77,23.1
2011-01-26,66,17.1
2011-01-27,77,22.9
2011-01-28,68,18.2
2011-01-29,72,20.3
2011-01-30,56,12.0
2011-01-31,36,6.4
2011-02-01,21,3.7
2011-02-02,12,2.1
2011-02-03,59,13.5
2011-02-04,48,8.6
2011-02-05,68,18.1
2011-02-06,69,18.7
2011-02-07,33,6.0
2011-02-08,22,4.0
2011-02-09,62,15.0
2011-02-10,71,20.1
2011-02-11,64,16.0
2011-02-12,57,12.4
2011-02-13,46,8.2
2011-02-14,19,3.4
2011-02-15,52,9.5
2011-02-16,67,17.9
2011-02-17,67,17.7
2011-02-18,22,3.9
2011-02-19,23,4.2
2011-02-20,43,7.8
2011-02-21,32,5.7
2011-02-22,47,8.5
2011-02-23,86,27.9
2011-02-24,75,22.2
2011-02-25,38,6.9
2011-02-26,63,15.6
2011-02-27,65,16.7
2011-02-28,36,6.4
2011-03-01,61,14.5
2011-03-02,,10.6
2011-03-04,63,15.7
2011-03-07,56,12.0
2011-03-08,,17.653333
2011-03-09,47,8.4
2011-03-10,27,4.8
2011-03-11,38,6.8
2011-03-12,49,8.9
2011-03-13,54,10.9
2011-03-14,53,10.4
2011-03-15,67,17.8
2011-03-16,71,19.8
2011-03-17,55,11.1
2011-03-18,61,14.2
2011-03-19,53,10.1
2011-03-20,62,14.9
2011-03-21,63,15.6
2011-03-22,57,12.2
2011-03-23,55,11.5
2011-03-24,21,3.7
2011-03-25,20,3.6
2011-03-26,39,7.0
2011-03-27,27,4.9
2011-03-28,26,4.7
2011-03-29,53,10.3
2011-03-30,47,8.5
2011-03-31,44,8.0
2011-04-01,65,16.6
2011-04-02,56,11.6
2011-04-03,59,13.2
2011-04-04,58,12.8
2011-04-05,24,4.3
2011-04-06,46,8.3
2011-04-07,82,25.7
2011-04-08,55,11.3
2011-04-09,69,18.9
2011-04-10,66,17.0
2011-04-11,34,6.1
2011-04-12,25,4.5
2011-04-13,58,13.1
2011-04-14,58,12.9
2011-04-15,37,6.7
2011-04-16,34,6.1
2011-04-17,40,7.2
2011-04-18,25,4.5
2011-04-19,54,10.6
2011-04-20,34,6.2
2011-04-21,43,7.8
2011-04-22,53,10.3
2011-04-23,51,9.2
2011-04-24,46,8.2
2011-04-25,54,10.7
2011-04-26,40,7.2
2011-04-27,18,3.2
2011-04-28,15,2.7
2011-04-29,41,7.3
2011-04-30,38,6.8
2011-05-01,52,9.5
2011-05-02,46,8.2
2011-05-03,28,5.0
2011-05-04,38,6.8
2011-05-05,55,11.1
2011-05-06,42,7.5
2011-05-07,52,9.9
2011-05-08,62,14.8
2011-05-09,32,5.8
2011-05-10,61,14.7
2011-05-11,75,21.9
2011-05-12,62,14.9
2011-05-13,59,13.3
2011-05-14,36,6.5
2011-05-15,12,2.1
2011-05-16,34,6.2
2011-05-17,40,7.2
2011-05-18,40,7.2
2011-05-19,58,13.0
2011-05-20,56,12.0
2011-05-21,71,20.0
2011-05-22,72,20.2
2011-05-23,47,8.4
2011-05-24,31,5.5
2011-05-25,56,12.0
2011-05-26,27,4.9
2011-05-27,25,4.5
2011-05-28,75,22.0
2011-05-29,70,19.2
2011-05-30,58,12.8
2011-05-31,73,21.0
2011-06-01,,9.166667
2011-06-02,35,6.3
2011-06-03,61,14.6
2011-06-04,85,27.2
2011-06-05,56,11.8
2011-06-06,71,20.1
2011-06-07,90,30.0
2011-06-08,75,22.1
2011-06-09,59,13.3
2011-06-10,77,22.8
2011-06-11,66,17.2
2011-06-12,39,7.0
2011-06-13,52,9.7
2011-06-14,31,5.5
2011-06-15,63,15.3
2011-06-16,61,14.4
2011-06-17,55,11.2
2011-06-18,76,22.4
2011-06-19,71,19.8
2011-06-20,53,10.1
2011-06-21,63,15.4
2011-06-22,53,10.2
2011-06-23,18,3.3
2011-06-24,45,8.1
2011-06-25,58,12.9
2011-06-26,55,11.5
2011-06-27,62,15.1
2011-06-28,52,9.7
2011-06-29,51,9.3
2011-06-30,70,19.4
2011-07-01,63,15.5
2011-07-02,64,16.0
2011-07-03,73,20.7
2011-07-04,79,24.3
2011-07-05,83,26.2
2011-07-06,63,15.5
2011-07-07,72,20.5
2011-07-08,71,19.7
2011-07-09,83,26.1
2011-07-10,90,29.9
2011-07-11,60,14.1
2011-07-12,57,12.1
2011-07-13,48,8.6
2011-07-14,39,7.0
2011-07-15,63,15.4
2011-07-16,76,22.4
2011-07-17,74,21.2
2011-07-18,79,24.3
2011-07-19,75,21.9
2011-07-20,68,18.4
2011-07-21,70,19.5
2011-07-22,58,13.0
2011-07-23,55,11.4
2011-07-24,76,22.4
2011-07-25,69,19.0
2011-07-26,41,7.3
2011-07-27,66,17.3
2011-07-28,76,22.3
2011-07-29,52,9.9
2011-07-30,62,15.2
2011-07-31,65,16.5
2011-08-01,64,16.2
2011-08-02,84,26.8
2011-08-03,56,12.0
2011-08-04,43,7.8
2011-08-05,62,15.0
2011-08-06,82,25.9
2011-08-07,75,21.9
2011-08-10,21,3.7
2011-08-13,53,10.1
2011-08-15,,10.3
2011-08-16,52,9.9
2011-08-17,77,22.8
2011-08-18,77,22.9
2011-08-19,57,12.5
2011-08-20,,26.6
2011-08-22,43,7.7
2011-08-25,32,5.8
2011-08-26,59,13.2
2011-08-27,69,18.5
2011-08-28,28,5.1
2011-08-29,54,10.7
2011-08-30,54,10.8
2011-08-31,60,13.9
2011-09-01,92,31.0
2011-09-02,96,33.3
2011-09-03,73,20.8
2011-09-04,59,13.5
2011-09-05,40,7.2
2011-09-06,22,4.0
2011-09-07,40,7.2
2011-09-08,42,7.5
2011-09-09,66,17.0
2011-09-10,63,15.3
2011-09-11,76,22.3
2011-09-12,55,11.2
2011-09-13,77,22.8
2011-09-14,68,18.0
2011-09-15,18,3.3
2011-09-16,31,5.6
2011-09-17,39,7.1
2011-09-18,51,9.2
2011-09-19,51,9.3
2011-09-20,37,6.7
2011-09-21,44,7.9
2011-09-22,32,5.8
2011-09-23,52,9.8
2011-09-24,48,8.7
2011-09-25,55,11.2
2011-09-26,39,7.1
2011-09-27,34,6.2
2011-09-28,51,9.2
2011-09-29,56,11.7
2011-09-30,8,1.4
2011-10-01,34,6.1
2011-10-02,38,6.9
2011-10-03,38,6.9
2011-10-04,62,15.2
2011-10-05,77,23.0
2011-10-06,64,16.2
2011-10-07,75,21.8
2011-10-08,81,25.2
2011-10-09,74,21.5
2011-10-10,66,17.4
2011-10-11,64,16.0
2011-10-12,56,11.9
2011-10-13,76,22.5
2011-10-14,32,5.8
2011-10-15,17,3.1
2011-10-16,51,9.2
2011-10-17,43,7.7
2011-10-18,43,7.7
2011-10-19,28,5.1
2011-10-20,11,1.9
2011-10-21,26,4.7
2011-10-22,62,15.2
2011-10-23,63,15.6
2011-10-24,32,5.7
2011-10-25,55,11.0
2011-10-26,61,14.5
2011-10-27,22,4.0
2011-10-28,57,12.4
2011-10-29,67,17.9
2011-10-30,62,15.0
2011-10-31,61,14.3
2011-11-01,64,15.9
2011-11-02,55,11.2
2011-11-03,61,14.7
2011-11-04,60,14.1
2011-11-05,55,11.5
2011-11-06,66,16.9
2011-11-07,69,19.0
2011-11-08,54,10.9
2011-11-09,40,7.2
2011-11-10,52,9.7
2011-11-11,43,7.7
2011-11-12,44,7.9
2011-11-13,42,7.6
2011-11-14,41,7.4
2011-11-15,57,12.1
2011-11-16,33,6.0
2011-11-17,37,6.6
2011-11-18,39,7.0
2011-11-19,52,9.8
2011-11-20,44,7.9
2011-11-21,55,11.4
2011-11-22,60,13.8
2011-11-23,58,12.9
2011-11-24,66,17.0
2011-11-25,54,10.6
2011-11-26,35,6.3
2011-11-27,16,2.9
2011-11-28,34,6.2
2011-11-29,20,3.6
2011-11-30,17,3.0
2011-12-01,54,10.6
2011-12-02,42,7.6
2011-12-03,74,21.2
2011-12-04,47,8.4
2011-12-05,39,7.0
2011-12-06,26,4.7
2011-12-07,53,10.0
2011-12-08,55,11.0
2011-12-09,52,9.7
2011-12-10,56,11.8
2011-12-11,55,11.2
2011-12-12,69,18.8
2011-12-13,86,28.1
2011-12-14,57,12.5
2011-12-15,33,6.0
2011-12-16,26,4.7
2011-12-17,57,12.5
2011-12-18,65,16.8
2011-12-19,37,6.6
2011-12-20,44,8.0
2011-12-21,58,13.0
2011-12-22,53,10.2
2011-12-23,21,3.7
2011-12-24,57,12.1
2011-12-25,39,7.0
2011-12-26,36,6.5
2011-12-27,38,6.9
2011-12-28,22,4.0
2011-12-29,49,8.8
2011-12-30,50,9.0
2011-12-31,53,10.4
2012-01-01,31,5.5
2012-01-02,15,2.7
2012-01-03,28,5.0
2012-01-04,40,7.2
2012-01-05,54,10.6
2012-01-06,52,9.5
2012-01-07,34,6.1
2012-01-08,61,14.7
2012-01-09,58,12.9
2012-01-10,58,12.6
2012-01-11,72,20.6
2012-01-12,72,20.4
2012-01-13,46,8.2
2012-01-14,62,15.2
2012-01-15,77,22.9
2012-01-16,56,11.8
2012-01-17,40,7.2
2012-01-18,49,8.8
2012-01-19,42,7.6
2012-01-20,53,10.4
2012-01-21,53,10.2
2012-01-22,66,17.3
2012-01-23,51,9.1
2012-01-24,63,15.5
2012-01-25,81,25.0
2012-01-26,78,23.7
2012-01-27,54,10.6
2012-01-28,28,5.0
2012-01-29,28,5.1
2012-01-30,53,10.4
2012-01-31,48,8.6
2012-02-01,57,12.2
2012-02-02,75,21.8
2012-02-03,92,31.3
2012-02-04,83,26.2
2012-02-05,65,16.7
2012-02-06,62,14.9
2012-02-07,67,17.7
2012-02-08,46,8.3
2012-02-09,59,13.2
2012-02-10,60,13.7
2012-02-11,24,4.4
2012-02-12,24,4.3
2012-02-13,44,7.9
2012-02-14,58,12.7
2012-02-15,62,14.9
2012-02-16,71,20.1
2012-02-17,55,11.0
2012-02-18,36,6.5
2012-02-19,32,5.7
2012-02-20,57,12.3
2012-02-21,54,10.7
2012-02-22,46,8.3
2012-02-23,61,14.6
2012-02-24,38,6.9
2012-02-25,52,9.5
2012-02-26,61,14.3
2012-02-27,52,9.6
2012-02-28,75,21.9
2012-02-29,60,14.0
2012-03-01,52,9.8
2012-03-02,56,11.9
2012-03-03,42,7.5
2012-03-04,52,9.5
2012-03-05,26,4.6
2012-03-06,52,9.4
2012-03-07,46,8.2
2012-03-08,51,9.3
2012-03-09,35,6.3
2012-03-10,31,5.6
2012-03-11,50,9.0
2012-03-12,55,11.4
2012-03-13,42,7.6
2012-03-14,62,14.8
2012-03-15,60,14.1
2012-03-16,52,9.8
2012-03-17,55,11.3
2012-03-18,53,10.4
2012-03-19,51,9.2
2012-03-20,63,15.5
2012-03-21,76,22.3
2012-03-22,66,17.3
2012-03-23,55,11.3
2012-03-24,64,16.0
2012-03-25,33,6.0
2012-03-26,39,7.0
2012-03-27,49,8.8
2012-03-28,35,6.3
2012-03-29,39,7.0
2012-03-30,70,19.4
2012-03-31,53,10.0
2012-04-01,87,28.6
2012-04-02,61,14.3
2012-04-03,56,12.0
2012-04-04,49,8.8
2012-04-05,,5.325
2012-04-06,28,5.0
2012-04-09,22,4.0
2012-04-10,25,4.5
2012-04-11,30,5.4
2012-04-12,38,6.8
2012-04-13,63,15.6
2012-04-14,64,16.2
2012-04-15,63,15.7
2012-04-16,26,4.7
2012-04-17,44,8.0
2012-04-18,41,7.4
2012-04-19,52,9.5
2012-04-20,42,7.5
2012-04-21,20,3.6
2012-04-22,37,6.6
2012-04-23,31,5.6
2012-04-24,22,4.0
2012-04-25,56,11.9
2012-04-26,51,9.2
2012-04-27,23,4.1
2012-04-28,58,12.7
2012-04-29,60,13.8
2012-04-30,56,11.7
2012-05-01,67,17.7
2012-05-02,54,10.8
2012-05-03,42,7.6
2012-05-04,48,8.6
2012-05-05,85,27.1
2012-05-06,43,7.8
2012-05-07,60,14.1
2012-05-08,58,12.7
2012-05-09,26,4.7
2012-05-10,31,5.5
2012-05-11,41,7.3
2012-05-12,46,8.3
2012-05-13,53,10.3
2012-05-14,53,10.0
2012-05-15,51,9.2
2012-05-16,23,4.1
2012-05-17,39,7.1
2012-05-18,52,9.6
2012-05-19,71,19.8
2012-05-20,72,20.6
2012-05-21,25,4.5
2012-05-22,40,7.2
2012-05-23,56,11.6
2012-05-24,58,13.1
2012-05-25,52,9.6
2012-05-26,57,12.5
2012-05-27,55,11.4
2012-05-28,68,18.2
2012-05-29,52,9.6
2012-05-30,21,3.7
2012-05-31,38,6.8
2012-06-01,36,6.5
2012-06-02,23,4.2
2012-06-03,52,9.9
2012-06-04,36,6.5
2012-06-05,16,2.8
2012-06-06,29,5.2
2012-06-07,51,9.1
2012-06-08,54,10.8
2012-06-09,59,13.6
2012-06-10,64,16.1
2012-06-11,54,10.9
2012-06-12,29,5.2
2012-06-13,29,5.2
2012-06-14,39,7.0
2012-06-15,58,13.0
2012-06-16,63,15.8
2012-06-17,25,4.5
2012-06-18,59,13.5
2012-06-19,56,12.0
2012-06-20,55,11.0
2012-06-21,56,11.9
2012-06-22,46,8.3
2012-06-23,36,6.5
2012-06-24,55,11.0
2012-06-25,33,6.0
2012-06-26,23,4.2
2012-06-27,51,9.3
2012-06-28,75,22.1
2012-06-29,59,13.6
2012-06-30,55,11.2
2012-07-01,66,17.1
2012-07-02,66,16.9
2012-07-03,69,18.5
2012-07-04,81,25.1
2012-07-05,76,22.7
2012-07-06,79,24.1
2012-07-07,68,18.1
2012-07-08,39,7.1
2012-07-09,55,11.0
2012-07-10,52,9.9
2012-07-11,36,6.5
2012-07-12,58,12.8
2012-07-13,68,18.1
2012-07-14,52,9.5
2012-07-15,64,16.3
2012-07-16,68,18.2
2012-07-17,58,12.8
2012-07-18,61,14.6
2012-07-19,46,8.2
2012-07-20,52,9.9
2012-07-21,65,16.5
2012-07-22,66,17.0
2012-07-23,64,16.1
2012-07-24,64,16.2
2012-07-25,64,16.0
2012-07-26,52,9.5
2012-07-27,56,11.8
2012-07-28,56,11.8
2012-07-29,54,10.5
2012-07-30,71,19.6
2012-07-31,65,16.6
2012-08-01,52,9.7
2012-08-02,71,19.9
2012-08-03,77,23.2
2012-08-04,59,13.5
2012-08-05,50,9.0
2012-08-06,39,7.0
2012-08-07,49,8.9
2012-08-08,58,13.1
2012-08-09,55,11.2
2012-08-10,16,2.8
2012-08-11,43,7.7
2012-08-12,56,12.0
2012-08-13,52,9.8
2012-08-14,61,14.6
2012-08-15,68,18.3
2012-08-16,54,10.7
2012-08-17,49,8.9
2012-08-18,62,15.1
2012-08-19,58,13.1
2012-08-20,66,16.9
2012-08-21,61,14.6
2012-08-22,43,7.7
2012-08-23,64,16.1
2012-08-24,73,21.1
2012-08-25,68,18.0
2012-08-26,73,21.1
2012-08-27,54,10.9
2012-08-28,38,6.9
2012-08-29,61,14.4
2012-08-30,63,15.5
2012-08-31,54,10.7
2012-09-01,61,14.2
2012-09-02,61,14.3
2012-09-03,55,11.2
2012-09-04,53,10.0
2012-09-05,45,8.1
2012-09-06,49,8.8
2012-09-07,59,13.6
2012-09-08,35,6.3
2012-09-09,17,3.0
2012-09-10,32,5.7
2012-09-11,54,10.9
2012-09-12,53,10.4
2012-09-13,64,16.1
2012-09-14,55,11.0
2012-09-15,59,13.4
2012-09-16,67,17.7
2012-09-17,66,17.3
2012-09-18,11,2.0
2012-09-19,47,8.5
2012-09-20,52,9.6
2012-09-21,33,5.9
2012-09-22,53,10.0
2012-09-23,41,7.3
2012-09-24,22,4.0
2012-09-25,60,13.9
2012-09-26,71,19.6
2012-09-27,31,5.5
2012-09-28,56,11.6
2012-09-29,64,15.9
2012-09-30,44,8.0
2012-10-01,52,9.4
2012-10-02,48,8.6
2012-10-03,56,11.9
2012-10-04,66,17.0
2012-10-05,43,7.8
2012-10-06,29,5.2
2012-10-07,34,6.1
2012-10-08,50,9.0
2012-10-09,34,6.2
2012-10-10,,6.394118
2012-10-11,47,8.5
2012-10-12,36,6.5
2012-10-13,62,15.0
2012-10-14,55,11.0
2012-10-15,,2.142857
2012-10-18,21,3.7
2012-10-19,,4.155556
2012-10-20,38,6.9
2012-10-21,51,9.1
2012-10-22,59,13.4
2012-10-23,52,9.8
2012-10-24,55,11.1
2012-10-25,54,10.8
2012-10-26,21,3.8
2012-10-27,25,4.5
2012-10-28,36,6.4
2012-10-29,21,3.7
2012-10-30,8,1.5
2012-10-31,1,0.1
2012-11-01,23,4.1
2012-11-02,19,3.5
2012-11-03,47,8.5
2012-11-04,60,13.7
2012-11-05,71,19.9
2012-11-06,80,24.6
2012-11-07,74,21.5
2012-11-08,88,29.1
2012-11-09,84,26.6
2012-11-10,63,15.5
2012-11-11,48,8.7
2012-11-12,29,5.2
2012-11-13,43,7.8
2012-11-14,63,15.5
2012-11-15,92,30.9
2012-11-16,103,36.2
2012-11-17,104,36.9
2012-11-18,86,27.8
2012-11-19,84,26.9
2012-11-20,90,30.3
2012-11-21,86,28.0
2012-11-22,85,27.6
2012-11-23,31,5.5
2012-11-24,26,4.7
2012-11-25,58,12.9
2012-11-26,57,12.1
2012-11-27,43,7.8
2012-11-28,56,11.6
2012-11-29,67,17.7
2012-11-30,67,17.8
2012-12-01,79,24.1
2012-12-02,64,16.3
2012-12-03,57,12.2
2012-12-04,24,4.3
2012-12-05,16,2.9
2012-12-06,59,13.2
2012-12-07,69,18.9
2012-12-08,51,9.3
2012-12-09,42,7.6
2012-12-10,48,8.6
2012-12-11,44,7.9
2012-12-12,54,10.6
2012-12-13,58,12.6
2012-12-14,58,12.7
2012-12-15,59,13.6
2012-12-16,37,6.7
2012-12-17,67,17.7
2012-12-18,60,13.8
2012-12-19,71,20.1
2012-12-20,55,11.5
2012-12-21,,1.472727
2012-12-22,41,7.4
2012-12-23,61,14.5
2012-12-24,58,12.6
2012-12-25,53,10.2
2012-12-26,21,3.7
2012-12-27,28,5.1
2012-12-28,65,16.7
2012-12-29,76,22.4
2012-12-30,68,18.3
2012-12-31,55,11.5
2013-01-01,38,6.8
2013-01-02,54,10.7
2013-01-03,61,14.3
2013-01-04,63,15.5
2013-01-05,64,16.1
2013-01-06,59,13.6
2013-01-07,70,19.1
2013-01-08,82,25.8
2013-01-09,42,7.5
2013-01-10,54,10.5
2013-01-11,37,6.7
2013-01-12,27,4.8
2013-01-13,34,6.1
2013-01-14,52,9.8
2013-01-15,65,16.7
2013-01-16,67,17.6
2013-01-17,25,4.5
2013-01-18,44,8.0
2013-01-19,37,6.6
2013-01-20,13,2.3
2013-01-21,21,3.8
2013-01-22,48,8.7
2013-01-23,43,7.7
2013-01-24,24,4.4
2013-01-25,63,15.6
2013-01-26,54,10.8
2013-01-27,76,22.4
2013-01-28,64,16.1
2013-01-29,56,11.6
2013-01-30,2,0.4
2013-01-31,50,9.0
2013-02-01,46,8.3
2013-02-02,41,7.3
2013-02-03,66,17.4
2013-02-04,58,12.7
2013-02-05,76,22.5
2013-02-06,66,17.0
2013-02-07,96,33.0
2013-02-08,55,11.3
2013-02-09,60,13.7
2013-02-10,57,12.4
2013-02-11,30,5.4
2013-02-12,53,10.1
2013-02-13,66,17.3
2013-02-14,55,11.2
2013-02-15,16,2.8
2013-02-16,28,5.1
2013-02-17,32,5.8
2013-02-18,45,8.1
2013-02-19,35,6.3
2013-02-20,19,3.4
2013-02-21,28,5.1
2013-02-22,55,11.2
2013-02-23,55,11.4
2013-02-24,63,15.5
2013-02-25,71,19.7
2013-02-26,44,8.0
2013-02-27,46,8.3
2013-02-28,11,2.0
2013-03-01,14,2.6
2013-03-02,18,3.2
2013-03-03,8,1.4
2013-03-04,45,8.1
2013-03-05,55,11.3
2013-03-06,25,4.5
2013-03-07,23,4.1
2013-03-08,64,16.0
2013-03-09,68,18.3
2013-03-10,71,19.7
2013-03-11,43,7.7
2013-03-12,52,9.4
2013-03-13,17,3.1
2013-03-14,57,12.2
2013-03-15,72,20.2
2013-03-16,57,12.3
2013-03-17,35,6.3
2013-03-18,50,9.0
2013-03-19,18,3.2
2013-03-20,29,5.3
2013-03-21,11,1.9
2013-03-22,34,6.1
2013-03-23,47,8.5
2013-03-24,30,5.4
2013-03-25,9,1.6
2013-03-26,17,3.0
2013-03-27,23,4.1
2013-03-28,29,5.3
2013-03-29,50,9.0
2013-03-30,65,16.6
2013-03-31,56,11.9
2013-04-01,,2.425
2013-04-02,18,3.2
2013-04-03,37,6.7
2013-04-04,60,13.7
2013-04-05,,9.857143
2013-04-07,64,15.9
2013-04-09,,16.446154
2013-04-10,57,12.5
2013-04-11,28,5.0
2013-04-12,24,4.3
2013-04-13,29,5.3
2013-04-14,53,10.0
2013-04-15,49,8.9
2013-04-16,15,2.7
2013-04-17,51,9.3
2013-04-18,43,7.8
2013-04-19,12,2.2
2013-04-20,39,7.1
2013-04-21,52,9.8
2013-04-22,44,8.0
2013-04-23,57,12.5
2013-04-24,27,4.8
2013-04-25,35,6.3
2013-04-26,50,9.0
2013-04-27,58,12.7
2013-04-28,61,14.7
2013-04-29,60,14.0
2013-04-30,58,12.9
2013-05-01,53,10.3
2013-05-02,58,12.9
2013-05-03,48,8.7
2013-05-04,43,7.7
2013-05-05,52,9.4
2013-05-06,58,13.0
2013-05-07,51,9.2
2013-05-08,63,15.6
2013-05-09,67,17.6
2013-05-10,41,7.4
2013-05-11,57,12.5
2013-05-12,35,6.3
2013-05-13,25,4.5
2013-05-14,65,16.4
2013-05-15,64,16.3
2013-05-16,47,8.5
2013-05-17,60,13.7
2013-05-18,65,16.8
2013-05-19,58,12.7
2013-05-20,77,22.8
2013-05-21,58,12.6
2013-05-22,44,8.0
2013-05-23,51,9.3
2013-05-24,48,8.7
2013-05-25,27,4.8
2013-05-26,68,18.4
2013-05-27,64,16.0
2013-05-28,52,9.6
2013-05-29,62,14.9
2013-05-30,66,17.1
2013-05-31,29,5.3
2013-06-01,40,7.2
2013-06-02,45,8.1
2013-06-03,18,3.2
2013-06-04,62,15.0
2013-06-05,61,14.2
2013-06-06,41,7.3
2013-06-07,61,14.7
2013-06-08,71,19.6
2013-06-09,65,16.7
2013-06-10,64,15.9
2013-06-11,68,18.4
2013-06-12,58,12.8
2013-06-13,52,9.7
2013-06-14,65,16.8
2013-06-15,59,13.2
2013-06-16,62,15.1
2013-06-17,64,15.9
2013-06-18,35,6.3
2013-06-19,60,13.8
2013-06-20,74,21.3
2013-06-21,61,14.7
2013-06-22,82,26.0
2013-06-23,70,19.1
2013-06-24,55,11.3
2013-06-25,79,24.1
2013-06-26,64,16.3
2013-06-27,52,9.7
2013-06-28,57,12.2
2013-06-29,58,12.7
2013-06-30,43,7.8
2013-07-01,70,19.1
2013-07-02,67,17.9
2013-07-03,55,11.1
2013-07-04,120,43.3
2013-07-05,155,61.8
2013-07-06,42,7.6
2013-07-07,76,22.7
2013-07-08,76,22.3
2013-07-09,61,14.7
2013-07-10,73,20.7
2013-07-11,71,20.1
2013-07-12,38,6.9
2013-07-13,68,18.1
2013-07-14,68,18.2
2013-07-15,58,13.1
2013-07-16,73,21.1
2013-07-17,77,23.0
2013-07-18,60,14.0
2013-07-19,74,21.4
2013-07-20,56,11.7
2013-07-21,52,9.8
2013-07-22,62,15.2
2013-07-23,55,11.0
2013-07-24,13,2.4
2013-07-25,62,14.9
2013-07-26,66,17.2
2013-07-27,32,5.8
2013-07-28,54,10.9
2013-07-29,60,13.7
2013-07-30,37,6.7
2013-07-31,75,22.0
2013-08-01,63,15.7
2013-08-02,48,8.6
2013-08-03,64,15.9
2013-08-04,58,13.1
2013-08-05,37,6.6
2013-08-06,75,22.0
2013-08-07,67,17.5
2013-08-08,30,5.4
2013-08-09,64,16.0
2013-08-10,68,18.0
2013-08-11,47,8.5
2013-08-12,72,20.2
2013-08-13,55,11.0
2013-08-14,17,3.1
2013-08-15,62,15.2
2013-08-16,68,18.0
2013-08-17,58,12.7
2013-08-20,67,17.8
2013-08-23,43,7.8
2013-08-26,66,17.1
2013-08-27,,20.342857
2013-08-28,62,15.1
2013-08-29,52,9.4
2013-08-30,71,19.7
2013-08-31,59,13.6
2013-09-01,61,14.7
2013-09-02,49,8.9
2013-09-03,47,8.5
2013-09-04,52,9.8
2013-09-05,56,11.7
2013-09-06,59,13.3
2013-09-07,63,15.5
2013-09-08,77,22.9
2013-09-09,75,22.2
2013-09-10,66,17.2
2013-09-11,81,25.0
2013-09-12,53,10.0
2013-09-13,10,1.8
2013-09-14,52,9.6
2013-09-15,58,12.7
2013-09-16,25,4.5
2013-09-17,55,11.3
2013-09-18,65,16.8
2013-09-19,39,7.1
2013-09-20,61,14.6
2013-09-21,38,6.9
2013-09-22,33,6.0
2013-09-23,51,9.3
2013-09-24,60,13.9
2013-09-25,53,10.0
2013-09-26,61,14.3
2013-09-27,56,11.8
2013-09-28,51,9.3
2013-09-29,51,9.3
2013-09-30,57,12.3
2013-10-01,55,11.4
2013-10-02,63,15.7
2013-10-03,64,16.1
2013-10-04,54,10.9
2013-10-05,61,14.7
2013-10-06,36,6.5
2013-10-07,29,5.2
2013-10-08,56,11.8
2013-10-09,60,14.0
2013-10-10,56,11.7
2013-10-11,,22.2
2013-10-13,24,4.3
2013-10-15,,19.357143
2013-10-16,25,4.5
2013-10-17,55,11.4
2013-10-18,63,15.8
2013-10-19,25,4.5
2013-10-20,51,9.2
2013-10-21,,10.290909
2013-10-22,27,4.9
2013-10-24,,6.976923
2013-10-25,26,4.7
2013-10-26,36,6.5
2013-10-27,39,7.1
2013-10-28,48,8.6
2013-10-29,60,14.0
2013-10-30,80,24.7
2013-10-31,26,4.7
2013-11-01,33,6.0
2013-11-02,39,7.1
2013-11-03,23,4.2
2013-11-04,49,8.9
2013-11-05,,13.723077
2013-11-06,27,4.9
2013-11-07,48,8.6
2013-11-08,60,13.8
2013-11-09,28,5.1
2013-11-10,42,7.6
2013-11-11,48,8.6
2013-11-12,18,3.2
2013-11-13,55,11.3
2013-11-14,49,8.9
2013-11-15,60,13.9
2013-11-16,67,17.7
2013-11-17,39,7.0
2013-11-18,24,4.3
2013-11-19,54,10.6
2013-11-20,62,14.8
2013-11-21,64,15.9
2013-11-22,54,10.9
2013-11-23,52,9.6
2013-11-24,19,3.4
2013-11-25,47,8.5
2013-11-26,54,10.9
2013-11-27,32,5.7
2013-11-28,53,10.2
2013-11-29,62,15.0
2013-11-30,68,18.1
2013-12-01,70,19.2
2013-12-02,80,24.5
2013-12-03,85,27.3
2013-12-04,85,27.2
2013-12-05,55,11.4
2013-12-06,31,5.5
2013-12-07,48,8.7
2013-12-08,64,15.9
2013-12-09,63,15.7
2013-12-10,55,11.4
2013-12-11,51,9.2
2013-12-12,56,11.9
2013-12-13,71,20.0
2013-12-14,66,17.0
2013-12-15,63,15.7
2013-12-16,70,19.3
2013-12-17,79,24.2
2013-12-18,50,9.0
2013-12-19,63,15.5
2013-12-20,55,11.3
2013-12-21,31,5.5
2013-12-22,15,2.7
2013-12-23,47,8.4
2013-12-24,52,9.9
2013-12-25,53,10.3
2013-12-26,55,11.2
2013-12-27,54,10.9
2013-12-28,58,13.0
2013-12-29,43,7.8
2013-12-30,39,7.0
2013-12-31,55,11.3
2014-01-01,58,12.8
2014-01-02,22,4.0
2014-01-03,57,12.3
2014-01-04,43,7.7
2014-01-05,59,13.2
2014-01-06,28,5.1
2014-01-07,53,10.4
2014-01-08,85,27.4
2014-01-09,120,43.1
2014-01-10,72,20.2
2014-01-11,57,12.3
2014-01-12,55,11.2
2014-01-13,35,6.3
2014-01-14,60,14.0
2014-01-15,28,5.1
2014-01-16,51,9.3
2014-01-17,52,9.8
2014-01-18,57,12.4
2014-01-19,62,15.0
2014-01-20,30,5.4
2014-01-21,24,4.3
2014-01-22,62,14.8
2014-01-23,11,2.0
2014-01-24,58,12.7
2014-01-25,17,3.0
2014-01-26,32,5.8
2014-01-27,26,4.6
2014-01-28,52,9.4
2014-01-29,44,7.9
2014-01-30,53,10.4
2014-01-31,52,9.6
2014-02-01,91,30.5
2014-02-02,54,10.7
2014-02-03,72,20.4
2014-02-04,93,31.8
2014-02-05,55,11.0
2014-02-06,61,14.5
2014-02-07,61,14.5
2014-02-08,74,21.2
2014-02-09,79,24.2
2014-02-10,66,17.2
2014-02-11,72,20.6
2014-02-12,99,35.1
2014-02-13,121,43.7
2014-02-14,69,18.8
2014-02-15,59,13.6
2014-02-16,76,22.7
2014-02-17,85,27.6
2014-02-18,66,16.9
2014-02-19,69,19.0
2014-02-20,70,19.2
2014-02-21,28,5.0
2014-02-22,33,5.9
2014-02-23,37,6.6
2014-02-24,44,7.9
2014-02-25,46,8.3
2014-02-26,52,9.8
2014-02-27,36,6.5
2014-02-28,43,7.7
2014-03-01,62,14.9
2014-03-02,48,8.6
2014-03-03,56,11.6
2014-03-04,70,19.4
2014-03-05,81,25.3
2014-03-06,69,18.7
2014-03-07,129,46.7
2014-03-08,83,26.2
2014-03-09,67,17.6
2014-03-10,72,20.4
2014-03-11,77,22.9
2014-03-12,20,3.6
2014-03-13,55,11.5
2014-03-14,62,14.9
2014-03-15,23,4.1
2014-03-16,,4.228571
2014-03-18,69,19.0
2014-03-20,,13.745455
2014-03-21,65,16.5
2014-03-22,58,12.7
2014-03-23,23,4.2
2014-03-24,52,9.9
2014-03-25,,10.45
2014-03-27,57,12.2
2014-03-30,47,8.4
2014-04-01,,6.738462
2014-04-02,45,8.1
2014-04-03,42,7.6
2014-04-04,51,9.2
2014-04-05,38,6.8
2014-04-06,66,16.9
2014-04-07,65,16.4
2014-04-08,65,16.8
2014-04-09,58,13.1
2014-04-10,56,11.7
2014-04-11,55,11.2
2014-04-12,54,10.6
2014-04-13,52,9.7
2014-04-14,14,2.6
2014-04-15,27,4.8
2014-04-16,54,10.5
2014-04-17,47,8.5
2014-04-18,69,18.6
2014-04-19,61,14.3
2014-04-20,52,9.7
2014-04-21,67,17.6
2014-04-22,36,6.4
2014-04-23,21,3.7
2014-04-24,,7.342857
2014-04-25,53,10.3
2014-04-26,24,4.3
2014-04-27,46,8.3
2014-04-28,47,8.5
2014-04-29,27,4.8
2014-04-30,27,4.9
2014-05-01,21,3.7
2014-05-02,32,5.8
2014-05-03,41,7.3
2014-05-04,28,5.0
2014-05-05,25,4.5
2014-05-06,48,8.7
2014-05-07,55,11.4
2014-05-08,58,12.9
2014-05-09,33,5.9
2014-05-10,56,11.7
2014-05-11,58,12.8
2014-05-12,41,7.3
2014-05-13,31,5.5
2014-05-14,18,3.3
2014-05-15,11,1.9
2014-05-16,24,4.3
2014-05-17,33,6.0
2014-05-18,50,9.0
2014-05-19,53,10.1
2014-05-20,56,11.8
2014-05-21,57,12.3
2014-05-22,40,7.2
2014-05-23,20,3.6
2014-05-24,56,12.0
2014-05-25,71,19.8
2014-05-26,62,15.0
2014-05-27,47,8.4
2014-05-28,55,11.1
2014-05-29,46,8.3
2014-05-30,62,15.0
2014-05-31,62,14.9
2014-06-01,53,10.2
2014-06-02,51,9.1
2014-06-03,31,5.5
2014-06-04,32,5.8
2014-06-05,36,6.4
2014-06-06,54,10.8
2014-06-07,56,11.7
2014-06-08,57,12.1
2014-06-09,62,15.2
2014-06-10,61,14.2
2014-06-11,56,12.0
2014-06-12,59,13.4
2014-06-13,24,4.3
2014-06-14,55,11.3
2014-06-15,58,13.0
2014-06-16,51,9.2
2014-06-17,64,16.2
2014-06-18,59,13.6
2014-06-19,53,10.4
2014-06-20,59,13.2
2014-06-21,54,10.5
2014-06-22,41,7.3
2014-06-23,,10.35
2014-06-25,52,9.7
2014-06-26,,14.325
2014-06-27,56,11.7
2014-06-28,62,14.9
2014-06-29,51,9.1
2014-06-30,42,7.6
2014-07-01,21,3.7
2014-07-02,37,6.7
2014-07-03,31,5.5
2014-07-04,67,17.9
2014-07-05,89,29.4
2014-07-06,61,14.5
2014-07-07,58,13.0
2014-07-08,44,7.9
2014-07-09,34,6.1
2014-07-10,29,5.3
2014-07-11,51,9.1
2014-07-12,57,12.4
2014-07-13,46,8.3
2014-07-14,61,14.4
2014-07-15,28,5.0
2014-07-16,19,3.5
2014-07-19,64,16.1
2014-07-22,69,18.5
2014-07-25,42,7.5
2014-07-28,19,3.5
2014-07-31,63,15.8
2014-08-03,77,22.8
2014-08-04,,23.075
2014-08-05,69,18.9
2014-08-06,54,10.9
2014-08-07,63,15.8
2014-08-08,66,16.9
2014-08-09,62,14.8
2014-08-12,35,6.3
2014-08-15,42,7.6
2014-08-18,59,13.2
2014-08-21,43,7.7
2014-08-24,57,12.4
2014-08-27,33,6.0
2014-08-30,55,11.0
2014-09-02,42,7.5
2014-09-04,,10.508333
2014-09-05,55,11.0
2014-09-06,31,5.5
2014-09-07,56,11.8
2014-09-08,52,9.4
2014-09-09,58,13.1
2014-09-10,,10.186667
2014-09-11,9,1.6
2014-09-12,9,1.7
2014-09-13,28,5.0
2014-09-14,45,8.1
2014-09-15,54,10.5
2014-09-16,39,7.0
2014-09-17,42,7.5
2014-09-18,56,11.9
2014-09-19,56,11.6
2014-09-20,56,11.6
2014-09-21,21,3.7
2014-09-23,50,9.0
2014-09-24,56,11.6
2014-09-25,61,14.6
2014-09-26,60,13.7
2014-09-27,67,17.6
2014-09-28,60,13.7
2014-09-29,61,14.5
2014-10-02,53,10.0
2014-10-03,,6.983333
2014-10-04,29,5.3
2014-10-05,16,2.8
2014-10-06,38,6.8
2014-10-07,39,7.0
2014-10-08,28,5.1
2014-10-09,34,6.2
2014-10-10,28,5.1
2014-10-11,39,7.1
2014-10-12,52,9.5
2014-10-13,55,11.3
2014-10-14,14,2.5
2014-10-15,33,6.0
2014-10-16,46,8.3
2014-10-17,37,6.7
2014-10-18,21,3.7
2014-10-19,43,7.7
2014-10-20,41,7.4
2014-10-21,31,5.6
2014-10-22,57,12.2
2014-10-23,59,13.4
2014-10-24,73,20.7
2014-10-25,63,15.5
2014-10-26,45,8.1
2014-10-27,60,13.8
2014-10-28,51,9.2
2014-10-29,20,3.6
2014-10-30,54,10.5
2014-10-31,34,6.2
2014-11-01,32,5.7
2014-11-02,58,13.0
2014-11-03,50,9.0
2014-11-04,52,9.4
2014-11-05,47,8.5
2014-11-06,39,7.0
2014-11-07,22,4.0
2014-11-08,43,7.7
2014-11-09,49,8.8
2014-11-10,48,8.6
2014-11-11,51,9.1
2014-11-12,41,7.3
2014-11-13,43,7.7
2014-11-14,56,11.7
2014-11-15,67,17.8
2014-11-16,75,21.9
2014-11-17,63,15.3
2014-11-18,40,7.2
2014-11-19,56,11.7
2014-11-20,,7.694118
2014-11-21,52,9.9
2014-11-22,60,14.0
2014-11-23,56,11.7
2014-11-24,23,4.2
2014-11-25,50,9.0
2014-11-26,56,12.0
2014-11-27,48,8.7
2014-11-28,56,11.7
2014-11-29,59,13.4
2014-11-30,58,13.0
2014-12-01,29,5.3
2014-12-02,61,14.4
2014-12-03,63,15.4
2014-12-04,53,10.2
2014-12-05,85,27.3
2014-12-06,79,24.3
2014-12-07,49,8.9
2014-12-08,56,11.9
2014-12-09,43,7.8
2014-12-10,42,7.6
2014-12-11,73,20.8
2014-12-12,88,29.1
2014-12-13,80,24.5
2014-12-14,75,22.0
2014-12-15,71,19.8
2014-12-16,53,10.0
2014-12-17,29,5.2
2014-12-18,61,14.6
2014-12-19,55,11.5
2014-12-20,61,14.5
2014-12-21,82,25.8
2014-12-22,82,26.0
2014-12-23,54,10.5
2014-12-24,34,6.1
2014-12-25,32,5.7
2014-12-26,41,7.4
2014-12-27,48,8.6
2014-12-28,39,7.0
2014-12-29,54,10.7
2014-12-30,31,5.6
2014-12-31,34,6.1
2015-01-01,34,6.2
2015-01-02,59,13.3
2015-01-03,54,10.7
2015-01-04,34,6.1
2015-01-05,47,8.5
2015-01-06,52,9.4
2015-01-07,36,6.5
2015-01-08,36,6.5
2015-01-09,34,6.1
2015-01-10,52,9.5
2015-01-11,54,10.9
2015-01-12,35,6.3
2015-01-13,54,10.8
2015-01-14,80,24.4
2015-01-15,82,25.5
2015-01-16,70,19.4
2015-01-17,74,21.4
2015-01-18,48,8.7
2015-01-19,62,15.1
2015-01-20,86,28.1
2015-01-21,71,19.7
2015-01-22,56,12.0
2015-01-23,59,13.4
2015-01-24,58,12.9
2015-01-25,57,12.1
2015-01-26,52,9.5
2015-01-27,64,16.2
2015-01-28,66,17.3
2015-01-29,54,10.9
2015-01-30,16,2.9
2015-01-31,56,11.7
2015-02-01,55,11.1
2015-02-02,25,4.5
2015-02-03,57,12.4
2015-02-04,57,12.1
2015-02-05,39,7.0
2015-02-06,63,15.3
2015-02-07,74,21.7
2015-02-08,76,22.3
2015-02-09,57,12.1
2015-02-10,67,17.5
2015-02-11,66,17.3
2015-02-12,21,3.7
2015-02-13,56,11.9
2015-02-14,34,6.2
2015-02-15,38,6.8
2015-02-16,62,15.1
2015-02-17,29,5.3
2015-02-18,42,7.5
2015-02-19,38,6.8
2015-02-20,32,5.7
2015-02-21,72,20.2
2015-02-22,62,15.0
2015-02-23,45,8.1
2015-02-24,53,10.3
2015-02-25,24,4.3
2015-02-26,52,9.7
2015-02-27,56,11.7
2015-02-28,71,20.1
2015-03-01,77,23.2
2015-03-02,60,13.7
2015-03-03,60,14.1
2015-03-04,53,10.0
2015-03-05,31,5.5
2015-03-06,60,14.0
2015-03-07,63,15.5
2015-03-08,61,14.6
2015-03-09,62,14.9
2015-03-10,79,23.9
2015-03-11,62,14.8
2015-03-12,,3.421429
2015-03-13,63,15.7
2015-03-14,49,8.8
2015-03-15,18,3.2
2015-03-16,44,8.0
2015-03-17,11,2.0
2015-03-18,28,5.0
2015-03-19,36,6.5
2015-03-20,59,13.2
2015-03-21,55,11.2
2015-03-22,29,5.3
2015-03-23,39,7.0
2015-03-24,53,10.2
2015-03-25,65,16.4
2015-03-26,29,5.2
2015-03-27,4,0.7
2015-03-28,28,5.0
2015-03-29,33,5.9
2015-03-30,11,1.9
2015-03-31,26,4.6
2015-04-01,43,7.7
2015-04-02,54,10.7
2015-04-03,39,7.0
2015-04-04,41,7.3
2015-04-05,29,5.2
2015-04-06,39,7.0
2015-04-07,64,16.0
2015-04-08,70,19.1
2015-04-09,57,12.5
2015-04-10,35,6.3
2015-04-11,59,13.6
2015-04-12,58,13.0
2015-04-13,,10.364286
2015-04-15,29,5.2
2015-04-16,,20.4625
2015-04-17,75,22.0
2015-04-18,61,14.3
2015-04-19,44,7.9
2015-04-20,44,7.9
2015-04-21,16,2.8
2015-04-22,23,4.2
2015-04-23,41,7.4
2015-04-24,47,8.5
2015-04-25,61,14.2
2015-04-26,33,6.0
2015-04-27,19,3.4
2015-04-28,46,8.3
2015-04-29,42,7.6
2015-04-30,16,2.9
2015-05-01,24,4.3
2015-05-02,69,18.5
2015-05-03,52,9.7
2015-05-04,63,15.6
2015-05-05,68,18.4
2015-05-06,63,15.4
2015-05-07,77,22.9
2015-05-08,60,13.8
2015-05-09,33,6.0
2015-05-10,57,12.4
2015-05-11,38,6.9
2015-05-12,15,2.7
2015-05-13,26,4.6
2015-05-14,51,9.3
2015-05-15,56,11.7
2015-05-16,62,14.8
2015-05-17,64,16.2
2015-05-18,36,6.4
2015-05-19,32,5.7
2015-05-20,34,6.1
2015-05-21,27,4.8
2015-05-22,47,8.5
2015-05-23,65,16.8
2015-05-24,63,15.6
2015-05-25,54,10.9
2015-05-26,51,9.3
2015-05-27,30,5.4
2015-05-28,54,10.8
2015-05-29,65,16.6
2015-05-30,32,5.8
2015-05-31,34,6.2
2015-06-01,20,3.6
2015-06-02,37,6.6
2015-06-03,47,8.5
2015-06-04,62,14.9
2015-06-05,55,11.0
2015-06-06,54,10.6
2015-06-07,57,12.4
2015-06-08,32,5.8
2015-06-09,82,25.8
2015-06-10,59,13.4
2015-06-11,60,14.0
2015-06-12,56,12.0
2015-06-13,52,9.9
2015-06-14,45,8.1
2015-06-15,,8.523077
2015-06-17,46,8.3
2015-06-20,58,12.8
2015-06-23,26,4.6
2015-06-26,55,11.4
2015-06-29,49,8.8
2015-07-02,42,7.5
2015-07-05,134,48.7
2015-07-06,,26.516667
2015-07-07,54,10.7
2015-07-08,49,8.8
2015-07-09,60,13.9
2015-07-10,77,23.2
2015-07-11,68,18.2
2015-07-12,57,12.2
2015-07-13,51,9.1
2015-07-14,28,5.0
2015-07-15,49,8.9
2015-07-16,56,11.7
2015-07-17,57,12.5
2015-07-18,53,10.1
2015-07-19,52,9.8
2015-07-20,44,7.9
2015-07-21,42,7.6
2015-07-22,53,10.1
2015-07-23,54,10.9
2015-07-24,64,15.9
2015-07-25,68,18.4
2015-07-26,56,12.0
2015-07-27,57,12.4
2015-07-28,65,16.6
2015-07-29,53,10.2
2015-07-30,54,10.8
2015-07-31,52,9.7
2015-08-01,33,5.9
2015-08-02,54,10.6
2015-08-03,49,8.9
2015-08-04,41,7.3
2015-08-05,54,10.7
2015-08-06,51,9.1
2015-08-07,33,6.0
2015-08-08,53,10.4
2015-08-09,59,13.6
2015-08-10,63,15.8
2015-08-11,55,11.0
2015-08-12,33,6.0
2015-08-13,29,5.2
2015-08-14,57,12.1
2015-08-15,54,10.6
2015-08-16,57,12.1
2015-08-17,65,16.6
2015-08-18,61,14.5
2015-08-19,41,7.4
2015-08-20,43,7.8
2015-08-21,52,9.4
2015-08-22,49,8.9
2015-08-23,53,10.4
2015-08-24,36,6.5
2015-08-25,19,3.5
2015-08-26,48,8.7
2015-08-27,59,13.4
2015-08-28,57,12.4
2015-08-29,68,18.4
2015-08-30,78,23.7
2015-08-31,68,18.4
2015-09-01,66,17.3
2015-09-02,65,16.8
2015-09-03,64,16.3
2015-09-04,54,10.5
2015-09-05,43,7.7
2015-09-06,66,17.4
2015-09-07,69,19.0
2015-09-08,57,12.1
2015-09-09,27,4.9
2015-09-10,38,6.9
2015-09-11,28,5.0
2015-09-12,13,2.3
2015-09-13,32,5.8
2015-09-14,29,5.3
2015-09-15,40,7.2
2015-09-16,46,8.2
2015-09-17,57,12.5
2015-09-18,53,10.3
2015-09-19,23,4.1
2015-09-20,43,7.7
2015-09-21,32,5.8
2015-09-22,44,7.9
2015-09-23,55,11.2
2015-09-24,50,9.0
2015-09-25,52,9.5
2015-09-26,53,10.4
2015-09-27,34,6.1
2015-09-28,43,7.8
2015-09-29,46,8.2
2015-09-30,16,2.9
2015-10-01,0,-1.1
2015-10-02,11,2.0
2015-10-03,19,3.4
2015-10-04,33,6.0
2015-10-05,53,10.3
2015-10-06,56,12.0
2015-10-07,40,7.2
2015-10-08,46,8.2
2015-10-09,21,3.7
2015-10-10,36,6.5
2015-10-11,32,5.7
2015-10-12,47,8.5
2015-10-13,16,2.9
2015-10-14,31,5.5
2015-10-15,27,4.9
2015-10-16,24,4.3
2015-10-17,47,8.4
2015-10-18,53,10.1
2015-10-19,,6.33
2015-10-21,54,10.9
2015-10-22,,8.55
2015-10-23,38,6.8
2015-10-24,36,6.4
2015-10-25,44,8.0
2015-10-26,61,14.3
2015-10-27,36,6.4
2015-10-28,31,5.6
2015-10-29,52,9.5
2015-10-30,21,3.8
2015-10-31,57,12.4
2015-11-01,44,7.9
2015-11-02,34,6.2
2015-11-03,62,15.0
2015-11-04,75,22.1
2015-11-05,53,10.0
2015-11-06,52,9.5
2015-11-07,55,11.3
2015-11-08,69,18.8
2015-11-09,89,29.6
2015-11-11,68,18.4
2015-11-14,32,5.8
2015-11-17,38,6.8
2015-11-26,53,10.2
2015-11-29,47,8.5
2015-12-01,,7.085714
2015-12-02,43,7.7
2015-12-03,63,15.4
2015-12-04,68,18.0
2015-12-05,56,11.8
2015-12-06,95,32.7
2015-12-07,92,31.3
2015-12-08,80,24.5
2015-12-09,65,16.6
2015-12-10,54,10.6
2015-12-11,32,5.8
2015-12-12,86,27.8
2015-12-13,61,14.7
2015-12-14,16,2.9
2015-12-15,41,7.4
2015-12-16,56,11.6
2015-12-17,22,3.9
2015-12-18,54,10.9
2015-12-19,55,11.0
2015-12-20,34,6.2
2015-12-21,48,8.6
2015-12-22,63,15.4
2015-12-23,39,7.0
2015-12-24,37,6.7
2015-12-25,52,9.8
2015-12-26,47,8.4
2015-12-27,44,8.0
2015-12-28,33,5.9
2015-12-29,16,2.8
2015-12-30,57,12.2
2015-12-31,59,13.5
2016-01-01,57,12.2
2016-01-02,53,10.1
2016-01-03,43,7.8
2016-01-04,19,3.5
2016-01-05,58,13.0
2016-01-06,63,15.8
2016-01-07,62,14.8
2016-01-08,64,16.1
2016-01-09,46,8.3
2016-01-10,14,2.6
2016-01-11,53,10.4
2016-01-12,59,13.2
2016-01-13,57,12.1
2016-01-14,56,11.8
2016-01-15,56,11.7
2016-01-16,25,4.5
2016-01-17,,8.863636
2016-01-19,55,11.2
2016-01-20,,19.7125
2016-01-21,77,23.1
2016-01-22,75,22.2
2016-01-23,60,14.1
2016-01-24,64,16.1
2016-01-25,64,16.2
2016-01-26,58,12.9
2016-01-27,48,8.7
2016-01-28,41,7.3
2016-01-29,36,6.4
2016-01-30,58,13.1
2016-01-31,62,14.9
2016-02-01,61,14.5
2016-02-02,,21.444444
2016-02-03,42,7.5
2016-02-04,55,11.5
2016-02-05,54,10.9
2016-02-06,68,18.3
2016-02-07,56,11.9
2016-02-08,51,9.2
2016-02-09,21,3.8
2016-02-10,33,5.9
2016-02-11,44,8.0
2016-02-12,40,7.2
2016-02-13,36,6.4
2016-02-14,53,10.4
2016-02-15,75,22.2
2016-02-16,66,16.9
2016-02-17,55,11.2
2016-02-18,61,14.7
2016-02-19,46,8.3
2016-02-20,29,5.3
2016-02-21,22,3.9
2016-02-22,56,11.6
2016-02-23,52,9.5
2016-02-24,42,7.6
2016-02-25,26,4.7
2016-02-26,41,7.3
2016-02-27,54,10.8
2016-02-28,53,10.2
2016-02-29,36,6.4
2016-03-01,21,3.8
2016-03-02,47,8.4
2016-03-03,60,13.8
2016-03-04,68,18.1
2016-03-05,78,23.4
2016-03-06,58,13.0
2016-03-07,47,8.4
2016-03-08,55,11.2
2016-03-09,57,12.3
2016-03-10,44,7.9
2016-03-11,53,10.2
2016-03-12,68,18.2
2016-03-13,43,7.7
2016-03-14,51,9.3
2016-03-15,48,8.7
2016-03-16,13,2.3
2016-03-17,30,5.4
2016-03-18,39,7.1
2016-03-19,31,5.5
2016-03-20,41,7.4
2016-03-21,52,9.8
2016-03-22,54,10.7
2016-03-23,60,13.8
2016-03-24,53,10.1
2016-03-25,22,4.0
2016-03-26,57,12.2
2016-03-28,47,8.4
2016-03-31,33,5.9
2016-04-01,,2.245455
2016-04-02,29,5.2
2016-04-03,29,5.2
2016-04-04,42,7.6
2016-04-05,48,8.7
2016-04-06,37,6.7
2016-04-07,33,5.9
2016-04-08,34,6.2
2016-04-09,15,2.7
2016-04-10,40,7.2
2016-04-11,56,11.8
2016-04-12,19,3.5
2016-04-13,46,8.2
2016-04-14,49,8.9
2016-04-15,39,7.0
2016-04-16,60,14.0
2016-04-17,61,14.4
2016-04-18,59,13.3
2016-04-19,61,14.7
2016-04-20,53,10.3
2016-04-21,52,9.5
2016-04-22,52,9.5
2016-04-23,37,6.6
2016-04-24,46,8.2
2016-04-25,54,10.7
2016-04-26,56,11.6
2016-04-27,36,6.5
2016-04-28,54,10.8
2016-04-29,59,13.6
2016-04-30,57,12.3
2016-05-01,23,4.1
2016-05-02,31,5.6
2016-05-03,30,5.4
2016-05-04,29,5.3
2016-05-05,37,6.6
2016-05-06,31,5.6
2016-05-07,47,8.5
2016-05-08,53,10.3
2016-05-09,58,13.0
2016-05-10,58,12.8
2016-05-11,58,12.7
2016-05-12,48,8.7
2016-05-13,40,7.2
2016-05-14,22,3.9
2016-05-15,15,2.7
2016-05-16,36,6.4
2016-05-17,41,7.4
2016-05-18,28,5.0
2016-05-19,44,8.0
2016-05-20,52,9.9
2016-05-21,49,8.8
2016-05-22,56,12.0
2016-05-23,59,13.2
2016-05-24,58,12.7
2016-05-25,60,14.1
2016-05-26,56,11.8
2016-05-27,41,7.4
2016-05-28,65,16.7
2016-05-29,58,13.0
2016-05-30,40,7.2
2016-05-31,57,12.3
2016-06-01,58,13.0
2016-06-02,36,6.5
2016-06-03,,14.666667
2016-06-05,29,5.2
2016-06-08,21,3.8
2016-06-11,54,10.5
2016-06-14,52,9.5
2016-06-15,,16.95
2016-06-16,57,12.1
2016-06-17,39,7.1
2016-06-18,61,14.7
2016-06-19,67,17.9
2016-06-20,59,13.4
2016-06-21,53,10.3
2016-06-22,51,9.2
2016-06-23,33,5.9
2016-06-24,,20.225
2016-06-26,52,9.7
2016-06-29,22,3.9
2016-07-02,68,18.1
2016-07-05,56,11.9
2016-07-08,40,7.2
2016-07-11,55,11.0
2016-07-12,,16.79
2016-07-13,56,11.6
2016-07-14,28,5.0
2016-07-15,41,7.3
2016-07-16,35,6.3
2016-07-17,47,8.5
2016-07-18,,3.471429
2016-07-19,54,10.8
2016-07-20,55,11.1
2016-07-21,52,9.8
2016-07-22,43,7.7
2016-07-23,52,9.4
2016-07-24,53,10.3
2016-07-25,36,6.5
2016-07-26,46,8.3
2016-07-27,54,10.6
2016-07-28,55,11.4
2016-07-29,52,9.5
2016-07-30,41,7.4
2016-07-31,52,9.5
2016-08-01,46,8.2
2016-08-02,47,8.4
2016-08-03,52,9.9
2016-08-04,54,10.7
2016-08-05,52,9.5
2016-08-06,40,7.2
2016-08-07,28,5.1
2016-08-08,27,4.9
2016-08-09,45,8.1
2016-08-10,58,13.0
2016-08-11,58,12.6
2016-08-12,48,8.7
2016-08-13,23,4.1
2016-08-14,37,6.6
2016-08-15,37,6.6
2016-08-16,12,2.2
2016-08-17,42,7.5
2016-08-18,40,7.2
2016-08-19,31,5.5
2016-08-20,31,5.6
2016-08-21,28,5.1
2016-08-22,26,4.7
2016-08-23,42,7.5
2016-08-24,44,7.9
2016-08-25,36,6.5
2016-08-26,41,7.3
2016-08-27,35,6.3
2016-08-28,49,8.9
2016-08-29,51,9.1
2016-08-30,49,8.9
2016-08-31,35,6.3
2016-09-01,14,2.6
2016-09-02,33,5.9
2016-09-03,37,6.7
2016-09-04,44,8.0
2016-09-05,55,11.1
2016-09-06,56,12.0
2016-09-07,49,8.9
2016-09-08,26,4.7
2016-09-09,39,7.1
2016-09-10,37,6.7
2016-09-11,24,4.4
2016-09-12,26,4.6
2016-09-13,52,9.4
2016-09-14,32,5.7
2016-09-15,26,4.6
2016-09-16,47,8.5
2016-09-17,32,5.8
2016-09-18,44,7.9
2016-09-19,48,8.6
2016-09-20,39,7.0
2016-09-21,53,10.1
2016-09-22,62,14.9
2016-09-23,61,14.7
2016-09-24,33,5.9
2016-09-25,49,8.9
2016-09-26,27,4.8
2016-09-27,21,3.7
2016-09-28,30,5.4
2016-09-29,23,4.2
2016-09-30,13,2.4
2016-10-01,23,4.1
2016-10-02,26,4.7
2016-10-03,28,5.0
2016-10-04,34,6.2
2016-10-05,54,10.6
2016-10-06,57,12.2
2016-10-07,49,8.8
2016-10-08,46,8.3
2016-10-09,29,5.3
2016-10-10,38,6.8
2016-10-11,,10.845455
2016-10-12,48,8.7
2016-10-14,,7.190909
2016-10-15,43,7.7
2016-10-16,58,13.1
2016-10-17,55,11.1
2016-10-18,41,7.4
2016-10-19,42,7.5
2016-10-20,51,9.3
2016-10-21,9,1.7
2016-10-22,37,6.6
2016-10-23,51,9.1
2016-10-24,20,3.6
2016-10-25,36,6.4
2016-10-26,32,5.7
2016-10-27,15,2.7
2016-10-28,52,9.9
2016-10-29,68,18.3
2016-10-30,42,7.5
2016-10-31,39,7.0
2016-11-01,61,14.7
2016-11-02,72,20.3
2016-11-03,48,8.7
2016-11-04,52,9.8
2016-11-05,52,9.4
2016-11-06,67,17.8
2016-11-07,77,23.1
2016-11-08,56,12.0
2016-11-09,31,5.6
2016-11-10,41,7.3
2016-11-11,17,3.1
2016-11-12,57,12.3
2016-11-13,51,9.1
2016-11-14,46,8.3
2016-11-15,70,19.2
2016-11-16,84,27.0
2016-11-17,69,18.8
2016-11-18,53,10.2
2016-11-19,17,3.0
2016-11-20,11,2.0
2016-11-21,30,5.4
2016-11-22,41,7.4
2016-11-23,57,12.4
2016-11-24,49,8.9
2016-11-25,57,12.3
2016-11-26,47,8.4
2016-11-27,66,16.9
2016-11-28,48,8.7
2016-11-29,23,4.2
2016-11-30,48,8.7
2016-12-01,22,4.0
2016-12-02,17,3.1
2016-12-03,52,9.8
2016-12-04,58,12.6
2016-12-05,54,10.7
2016-12-06,57,12.2
2016-12-07,27,4.9
2016-12-08,51,9.1
2016-12-09,42,7.5
2016-12-10,42,7.6
2016-12-11,51,9.2
2016-12-12,63,15.4
2016-12-13,61,14.4
2016-12-14,55,11.2
2016-12-15,33,5.9
2016-12-16,41,7.3
2016-12-17,55,11.5
2016-12-18,36,6.4
2016-12-19,56,11.6
2016-12-20,46,8.2
2016-12-21,58,12.8
2016-12-22,47,8.5
2016-12-23,64,16.3
2016-12-24,,7.847059
2016-12-26,27,4.9
2017-01-01,61,14.6
2017-01-04,26,4.7
2017-01-07,57,12.1
2017-01-10,44,8.0
2017-01-13,46,8.2
2017-01-16,86,27.9
2017-01-17,,6.14
2017-01-18,52,9.7
2017-01-19,63,15.3
2017-01-20,54,10.8
2017-01-21,63,15.5
2017-01-22,57,12.5
2017-01-23,42,7.6
2017-01-24,34,6.1
2017-01-25,53,10.3
2017-01-26,22,3.9
2017-01-27,36,6.5
2017-01-28,61,14.6
2017-01-29,53,10.3
2017-01-30,24,4.3
2017-01-31,32,5.7
2017-02-01,32,5.7
2017-02-02,32,5.7
2017-02-03,24,4.3
2017-02-04,35,6.3
2017-02-05,57,12.4
2017-02-06,72,20.2
2017-02-07,,5.533333
2017-02-12,60,13.8
2017-02-15,13,2.3
2017-02-16,33,5.9
2017-02-17,43,7.7
2017-02-18,55,11.2
2017-02-19,75,22.2
2017-02-20,67,17.7
2017-02-21,58,13.0
2017-02-24,56,11.7
2017-02-27,53,10.2
2017-02-28,,5.369231
2017-03-01,15,2.7
2017-03-02,14,2.6
2017-03-03,32,5.7
2017-03-04,41,7.4
2017-03-05,49,8.9
2017-03-06,30,5.4
2017-03-07,20,3.6
2017-03-08,41,7.4
2017-03-09,9,1.7
2017-03-10,16,2.9
2017-03-11,14,2.6
2017-03-12,31,5.5
2017-03-13,31,5.6
2017-03-14,29,5.3
2017-03-15,21,3.7
2017-03-16,59,13.2
2017-03-17,64,16.0
2017-03-18,26,4.7
2017-03-19,22,3.9
2017-03-20,57,12.5
2017-03-21,37,6.7
2017-03-22,19,3.5
2017-03-23,41,7.4
2017-03-24,57,12.1
2017-03-25,57,12.3
2017-03-26,43,7.7
2017-03-27,,5.325
2017-03-29,26,4.7
2017-03-30,,6.541667
2017-03-31,28,5.1
2017-04-01,32,5.8
2017-04-02,63,15.5
2017-04-03,46,8.2
2017-04-04,24,4.4
2017-04-05,33,6.0
2017-04-06,18,3.3
2017-04-07,6,1.1
2017-04-08,32,5.7
2017-04-09,50,9.0
2017-04-10,49,8.8
2017-04-11,38,6.9
2017-04-12,36,6.4
2017-04-13,42,7.6
2017-04-14,43,7.8
2017-04-15,56,11.7
2017-04-16,27,4.8
2017-04-17,47,8.5
2017-04-18,32,5.8
2017-04-19,52,9.5
2017-04-20,44,8.0
2017-04-21,9,1.7
2017-04-22,19,3.5
2017-04-23,48,8.7
2017-04-24,47,8.4
2017-04-25,32,5.8
2017-04-26,44,8.0
2017-04-27,19,3.5
2017-04-28,29,5.3
2017-04-29,43,7.7
2017-04-30,31,5.5
2017-05-01,23,4.1
2017-05-02,21,3.7
2017-05-03,21,3.8
2017-05-04,16,2.8
2017-05-05,19,3.5
2017-05-06,17,3.0
2017-05-07,14,2.6
2017-05-08,28,5.1
2017-05-09,33,5.9
2017-05-10,41,7.3
2017-05-11,34,6.1
2017-05-12,52,9.4
2017-05-13,46,8.3
2017-05-14,55,11.5
2017-05-15,28,5.1
2017-05-16,55,11.2
2017-05-17,55,11.3
2017-05-18,43,7.7
2017-05-19,11,2.0
2017-05-20,37,6.6
2017-05-21,26,4.6
2017-05-22,22,3.9
2017-05-23,32,5.7
2017-05-24,47,8.5
2017-05-25,38,6.8
2017-05-26,36,6.4
2017-05-27,41,7.3
2017-05-28,54,10.8
2017-05-29,41,7.3
2017-05-30,34,6.1
2017-05-31,25,4.5
2017-06-01,41,7.4
2017-06-02,55,11.2
2017-06-03,58,12.7
2017-06-04,59,13.3
2017-06-05,55,11.1
2017-06-06,16,2.9
2017-06-07,26,4.7
2017-06-08,45,8.1
2017-06-09,42,7.5
2017-06-10,55,11.3
2017-06-11,63,15.4
2017-06-12,55,11.0
2017-06-13,53,10.2
2017-06-14,43,7.7
2017-06-15,32,5.7
2017-06-16,47,8.4
2017-06-17,53,10.1
2017-06-18,22,3.9
2017-06-19,,8.75
2017-06-21,28,5.0
2017-06-22,,5.641667
2017-06-23,23,4.1
2017-06-24,21,3.7
2017-06-25,18,3.2
2017-06-26,24,4.4
2017-06-27,22,3.9
2017-06-28,34,6.1
2017-06-29,44,7.9
2017-06-30,36,6.4
2017-07-01,52,9.9
2017-07-02,47,8.5
2017-07-03,52,9.4
2017-07-04,66,17.1
2017-07-05,53,10.1
2017-07-06,57,12.2
2017-07-07,43,7.7
2017-07-08,33,6.0
2017-07-09,40,7.2
2017-07-10,35,6.3
2017-07-11,37,6.7
2017-07-12,45,8.1
2017-07-13,35,6.3
2017-07-14,37,6.6
2017-07-15,29,5.2
2017-07-16,29,5.3
2017-07-17,53,10.1
2017-07-18,55,11.5
2017-07-19,55,11.3
2017-07-20,26,4.6
2017-07-21,52,9.7
2017-07-22,18,3.2
2017-07-23,33,6.0
2017-07-24,27,4.8
2017-07-25,31,5.6
2017-07-26,50,9.0
2017-07-27,56,11.7
2017-07-28,37,6.7
2017-07-29,24,4.3
2017-07-30,46,8.2
2017-07-31,56,11.7
2017-08-01,57,12.3
2017-08-02,53,10.2
2017-08-03,56,11.6
2017-08-04,15,2.7
2017-08-05,30,5.4
2017-08-06,44,8.0
2017-08-07,52,9.8
2017-08-08,42,7.5
2017-08-09,52,9.9
2017-08-10,58,12.7
2017-08-11,47,8.4
2017-08-12,37,6.6
2017-08-13,47,8.5
2017-08-14,50,9.0
2017-08-15,56,12.0
2017-08-16,57,12.5
2017-08-17,44,7.9
2017-08-18,44,7.9
2017-08-19,55,11.5
2017-08-20,63,15.7
2017-08-21,53,10.4
2017-08-22,26,4.7
2017-08-23,34,6.2
2017-08-24,37,6.6
2017-08-25,37,6.6
2017-08-26,52,9.6
2017-08-27,48,8.7
2017-08-28,55,11.3
2017-08-29,58,13.1
2017-08-30,52,9.9
2017-08-31,57,12.2
2017-09-01,30,5.4
2017-09-02,31,5.6
2017-09-03,53,10.3
2017-09-04,59,13.2
2017-09-05,41,7.4
2017-09-06,8,1.5
2017-09-07,18,3.2
2017-09-08,41,7.4
2017-09-09,33,6.0
2017-09-10,41,7.3
2017-09-11,33,5.9
2017-09-12,38,6.8
2017-09-13,30,5.4
2017-09-14,30,5.4
2017-09-15,41,7.3
2017-09-16,53,10.4
2017-09-17,61,14.4
2017-09-18,31,5.6
2017-09-19,45,8.1
2017-09-20,53,10.2
2017-09-21,61,14.6
2017-09-22,61,14.5
2017-09-23,63,15.4
2017-09-24,55,11.5
2017-09-25,51,9.3
2017-09-26,60,13.8
2017-09-27,19,3.4
2017-09-28,19,3.5
2017-09-29,32,5.7
2017-09-30,35,6.3
2017-10-01,33,6.0
2017-10-02,40,7.2
2017-10-03,45,8.1
2017-10-04,30,5.4
2017-10-05,27,4.8
2017-10-06,43,7.7
2017-10-07,38,6.9
2017-10-08,24,4.3
2017-10-09,50,9.0
2017-10-10,51,9.2
2017-10-11,15,2.7
2017-10-12,32,5.7
2017-10-13,44,8.0
2017-10-14,50,9.0
2017-10-15,27,4.8
2017-10-16,22,4.0
2017-10-19,45,8.1
2017-10-20,58,12.9
2017-10-21,46,8.3
2017-10-22,36,6.5
2017-10-23,0,-0.1
2017-10-24,7,1.3
2017-10-25,23,4.2
2017-10-26,31,5.6
2017-10-27,18,3.2
2017-10-28,13,2.3
2017-10-29,30,5.4
2017-10-30,23,4.1
2017-10-31,24,4.4
2017-11-01,37,6.7
2017-11-02,23,4.1
2017-11-03,33,5.9
2017-11-04,24,4.4
2017-11-05,36,6.4
2017-11-06,22,4.0
2017-11-07,27,4.8
2017-11-08,73,20.9
2017-11-09,50,9.0
2017-11-10,13,2.4
2017-11-11,32,5.7
2017-11-12,62,14.8
2017-11-13,68,18.1
2017-11-14,58,12.9
2017-11-15,46,8.2
2017-11-16,17,3.1
2017-11-17,27,4.9
2017-11-18,36,6.4
2017-11-19,39,7.0
2017-11-20,27,4.8
2017-11-21,31,5.6
2017-11-22,30,5.4
2017-11-23,39,7.1
2017-11-24,42,7.5
2017-11-25,31,5.6
2017-11-26,44,8.0
2017-11-27,56,11.7
2017-11-28,34,6.2
2017-11-29,26,4.7
2017-11-30,43,7.8
2017-12-01,48,8.6
2017-12-02,65,16.5
2017-12-03,79,24.0
2017-12-04,57,12.4
2017-12-05,26,4.7
2017-12-06,20,3.6
2017-12-07,39,7.0
2017-12-08,22,4.0
2017-12-09,49,8.8
2017-12-10,28,5.0
2017-12-11,55,11.3
2017-12-12,12,2.1
2017-12-13,36,6.5
2017-12-14,29,5.3
2017-12-15,34,6.1
2017-12-16,51,9.1
2017-12-17,63,15.8
2017-12-18,55,11.4
2017-12-19,50,9.0
2017-12-20,28,5.0
2017-12-21,52,9.6
2017-12-22,60,13.9
2017-12-23,55,11.1
2017-12-24,46,8.2
2017-12-25,23,4.2
2017-12-26,51,9.1
2017-12-27,54,10.7
2017-12-28,62,15.1
2017-12-29,66,17.1
2017-12-30,54,10.5
2017-12-31,59,13.6
2018-01-01,40,7.2
2018-01-02,58,13.1
2018-01-03,54,10.9
2018-01-05,36,6.5
2018-01-06,59,13.4
2018-01-07,58,12.9
2018-01-08,67,17.9
2018-01-09,90,30.0
2018-01-10,60,13.9
2018-01-11,25,4.5
2018-01-12,17,3.0
2018-01-13,25,4.5
2018-01-14,54,10.5
2018-01-15,57,12.1
2018-01-16,59,13.2
2018-01-17,66,17.2
2018-01-18,63,15.8
2018-01-19,61,14.4
2018-01-20,55,11.5
2018-01-21,59,13.6
2018-01-22,45,8.1
2018-01-23,11,2.0
2018-01-24,34,6.1
2018-01-25,58,12.6
2018-01-26,38,6.9
2018-01-27,55,11.2
2018-01-28,54,10.7
2018-01-29,19,3.4
2018-01-30,41,7.3
2018-01-31,52,9.4
2018-02-01,37,6.7
2018-02-02,42,7.5
2018-02-03,43,7.8
2018-02-04,16,2.8
2018-02-05,52,9.8
2018-02-06,60,14.0
2018-02-07,65,16.7
2018-02-08,76,22.6
2018-02-09,75,22.1
2018-02-10,57,12.3
2018-02-11,58,12.7
2018-02-12,64,16.2
2018-02-13,69,19.0
2018-02-14,73,20.8
2018-02-15,50,9.0
2018-02-16,53,10.2
2018-02-17,61,14.3
2018-02-18,62,14.8
2018-02-19,33,6.0
2018-02-20,33,5.9
2018-02-21,30,5.4
2018-02-22,42,7.5
2018-02-23,48,8.7
2018-02-24,53,10.4
2018-02-25,27,4.9
2018-02-26,36,6.5
2018-02-27,36,6.5
2018-02-28,33,6.0
2018-03-01,52,9.7
2018-03-02,34,6.2
2018-03-03,42,7.6
2018-03-04,33,6.0
2018-03-05,30,5.4
2018-03-06,48,8.7
2018-03-07,36,6.4
2018-03-08,16,2.9
2018-03-09,33,5.9
2018-03-10,28,5.1
2018-03-11,38,6.8
2018-03-12,51,9.1
2018-03-13,,3.475
2018-03-14,22,3.9
2018-03-15,28,5.1
2018-03-16,24,4.3
2018-03-17,42,7.6
2018-03-18,55,11.2
2018-03-19,42,7.6
2018-03-20,12,2.1
2018-03-21,13,2.3
2018-03-22,19,3.4
2018-03-23,19,3.5
2018-03-24,30,5.4
2018-03-25,12,2.2
2018-03-26,,5.841667
2018-03-27,39,7.0
2018-03-29,,8.316667
2018-03-30,19,3.4
2018-03-31,40,7.2
2018-04-01,37,6.6
2018-04-02,49,8.8
2018-04-03,32,5.8
2018-04-04,33,6.0
2018-04-05,34,6.2
2018-04-06,53,10.3
2018-04-07,34,6.2
2018-04-08,42,7.6
2018-04-09,53,10.3
2018-04-10,64,15.9
2018-04-11,60,13.7
2018-04-12,62,14.8
2018-04-13,64,16.2
2018-04-14,33,6.0
2018-04-15,19,3.4
2018-04-16,28,5.1
2018-04-17,35,6.3
2018-04-18,49,8.9
2018-04-19,33,6.0
2018-04-20,23,4.2
2018-04-21,59,13.4
2018-04-22,54,10.7
2018-04-23,39,7.0
2018-04-24,47,8.5
2018-04-25,35,6.3
2018-04-26,24,4.4
2018-04-27,42,7.5
2018-04-28,28,5.0
2018-04-29,26,4.7
2018-04-30,55,11.2
2018-05-01,54,10.8
2018-05-02,49,8.8
2018-05-03,49,8.9
2018-05-04,40,7.2
2018-05-05,52,9.9
2018-05-06,58,12.6
2018-05-07,52,9.4
2018-05-08,54,10.9
2018-05-09,55,11.2
2018-05-10,52,9.4
2018-05-11,25,4.5
2018-05-12,52,9.8
2018-05-13,52,9.6
2018-05-14,34,6.2
2018-05-15,47,8.4
2018-05-16,54,10.9
2018-05-17,53,10.0
2018-05-18,42,7.6
2018-05-19,54,10.7
2018-05-20,35,6.3
2018-05-21,56,11.7
2018-05-22,58,12.8
2018-05-23,32,5.7
2018-05-24,58,12.6
2018-05-25,56,11.8
2018-05-26,55,11.3
2018-05-27,72,20.4
2018-05-28,71,19.9
2018-05-29,60,13.7
2018-05-30,55,11.2
2018-05-31,48,8.7
2018-06-01,27,4.8
2018-06-02,43,7.8
2018-06-03,44,7.9
2018-06-04,18,3.3
2018-06-05,36,6.4
2018-06-06,46,8.2
2018-06-07,41,7.4
2018-06-08,58,12.6
2018-06-09,66,17.0
2018-06-10,49,8.8
2018-06-11,,10.723077
2018-06-13,40,7.2
2018-06-14,,5.958333
2018-06-15,50,9.0
2018-06-16,57,12.2
2018-06-17,63,15.7
2018-06-18,59,13.2
2018-06-19,23,4.2
2018-06-20,55,11.1
2018-06-21,57,12.2
2018-06-22,53,10.2
2018-06-23,55,11.0
2018-06-24,51,9.1
2018-06-25,53,10.0
2018-06-26,43,7.7
2018-06-27,33,5.9
2018-06-28,54,10.8
2018-06-29,56,11.7
2018-06-30,65,16.5
2018-07-01,55,11.5
2018-07-02,41,7.4
2018-07-03,70,19.3
2018-07-04,77,22.8
2018-07-05,51,9.3
2018-07-06,28,5.0
2018-07-07,36,6.4
2018-07-08,43,7.7
2018-07-09,55,11.4
2018-07-10,55,11.0
2018-07-11,52,9.7
2018-07-12,61,14.3
2018-07-13,56,12.0
2018-07-14,62,15.0
2018-07-15,64,15.9
2018-07-16,52,9.4
2018-07-17,34,6.1
2018-07-18,27,4.8
2018-07-19,47,8.5
2018-07-20,37,6.7
2018-07-21,29,5.3
2018-07-22,51,9.2
2018-07-23,52,9.9
2018-07-24,44,8.0
2018-07-25,39,7.1
2018-07-26,34,6.1
2018-07-27,33,6.0
2018-07-28,44,8.0
2018-07-29,59,13.6
2018-07-30,56,11.9
2018-07-31,57,12.4
2018-08-01,58,13.1
2018-08-02,52,9.4
2018-08-03,53,10.3
2018-08-04,63,15.6
2018-08-05,56,11.8
2018-08-06,53,10.0
2018-08-07,55,11.3
2018-08-08,54,10.5
2018-08-09,46,8.2
2018-08-10,60,13.8
2018-08-11,62,15.1
2018-08-12,57,12.5
2018-08-13,58,12.7
2018-08-14,66,17.4
2018-08-15,63,15.6
2018-08-16,49,8.8
2018-08-17,47,8.5
2018-08-18,55,11.3
2018-08-19,61,14.6
2018-08-20,62,15.2
2018-08-21,48,8.7
2018-08-22,53,10.2
2018-08-23,54,10.5
2018-08-24,47,8.5
2018-08-25,60,14.1
2018-08-26,69,18.6
2018-08-27,69,19.0
2018-08-28,57,12.1
2018-08-29,11,1.9
2018-08-30,21,3.7
2018-08-31,48,8.6
2018-09-01,36,6.5
2018-09-02,35,6.3
2018-09-03,32,5.7
2018-09-04,37,6.6
2018-09-05,36,6.5
2018-09-06,15,2.7
2018-09-07,34,6.2
2018-09-08,27,4.8
2018-09-09,19,3.5
2018-09-10,26,4.7
2018-09-11,33,6.0
2018-09-12,39,7.1
2018-09-13,45,8.1
2018-09-14,53,10.1
2018-09-15,63,15.3
2018-09-16,47,8.5
2018-09-17,44,7.9
2018-09-18,52,9.6
2018-09-19,56,11.8
2018-09-20,53,10.0
2018-09-21,53,10.0
2018-09-22,31,5.5
2018-09-23,52,9.9
2018-09-24,51,9.2
2018-09-25,29,5.2
2018-09-26,21,3.8
2018-09-27,40,7.2
2018-09-28,32,5.8
2018-09-29,19,3.4
2018-09-30,52,9.8
2018-10-01,53,10.1
2018-10-02,17,3.0
2018-10-03,47,8.4
2018-10-04,21,3.7
2018-10-05,27,4.9
2018-10-06,37,6.6
2018-10-07,28,5.0
2018-10-08,49,8.8
2018-10-09,51,9.1
2018-10-10,15,2.7
2018-10-11,11,2.0
2018-10-12,19,3.5
2018-10-13,50,9.0
2018-10-14,42,7.5
2018-10-15,,6.133333
2018-10-17,17,3.1
2018-10-18,,6.718182
2018-10-19,32,5.7
2018-10-20,23,4.1
2018-10-21,11,1.9
2018-10-22,27,4.9
2018-10-23,20,3.6
2018-10-24,26,4.7
2018-10-25,53,10.3
2018-10-26,54,10.6
2018-10-27,56,11.7
2018-10-28,48,8.7
2018-10-29,42,7.5
2018-10-30,52,9.8
2018-10-31,51,9.1
2018-11-01,29,5.3
2018-11-02,22,3.9
2018-11-03,55,11.2
2018-11-04,41,7.3
2018-11-05,26,4.6
2018-11-06,18,3.3
2018-11-07,26,4.7
2018-11-08,60,14.0
2018-11-09,59,13.3
2018-11-10,38,6.9
2018-11-11,53,10.1
2018-11-12,57,12.4
2018-11-13,41,7.3
2018-11-14,58,12.8
2018-11-15,52,9.6
2018-11-16,59,13.3
2018-11-17,57,12.2
2018-11-18,37,6.6
2018-11-19,58,13.0
2018-11-20,52,9.7
2018-11-21,44,8.0
2018-11-22,30,5.4
2018-11-23,56,11.7
2018-11-24,52,9.5
2018-11-25,46,8.3
2018-11-26,16,2.9
2018-11-27,41,7.4
2018-11-28,58,12.6
2018-11-29,60,13.7
2018-11-30,77,23.0
2018-12-01,65,16.5
2018-12-02,24,4.3
2018-12-03,19,3.4
2018-12-04,21,3.8
2018-12-05,44,8.0
2018-12-06,53,10.0
2018-12-07,40,7.2
2018-12-08,54,10.8
2018-12-09,75,22.1
2018-12-10,69,18.6
2018-12-11,83,26.3
2018-12-12,68,18.4
2018-12-13,74,21.2
2018-12-14,59,13.6
2018-12-15,42,7.5
2018-12-16,61,14.7
2018-12-17,49,8.8
2018-12-18,53,10.0
2018-12-19,61,14.6
2018-12-20,62,14.9
2018-12-21,34,6.2
2018-12-22,47,8.5
2018-12-23,57,12.1
2018-12-24,47,8.5
2018-12-25,58,12.8
2018-12-26,63,15.4
2018-12-27,53,10.2
2018-12-28,22,3.9
2018-12-29,37,6.7
2018-12-30,49,8.9
2018-12-31,49,8.8
2019-01-01,26,4.6
2019-01-02,37,6.6
2019-01-03,45,8.1
2019-01-04,56,11.9
2019-01-05,61,14.7
2019-01-06,31,5.6
2019-01-07,41,7.3
2019-01-08,47,8.4
2019-01-09,26,4.6
2019-01-10,29,5.3
2019-01-11,52,9.9
2019-01-12,62,15.2
2019-01-13,55,11.1
2019-01-14,62,15.2
2019-01-15,54,10.5
2019-01-16,52,9.4
2019-01-17,64,16.0
2019-01-18,58,12.6
2019-01-19,39,7.1
2019-01-20,32,5.7
2019-01-21,46,8.3
2019-01-22,54,10.5
2019-01-23,45,8.1
2019-01-24,61,14.3
2019-01-25,53,10.1
2019-01-26,57,12.5
2019-01-27,64,16.1
2019-01-28,62,15.2
2019-01-29,50,9.0
2019-01-30,48,8.6
2019-01-31,54,10.8
2019-02-01,60,13.9
2019-02-02,85,27.1
2019-02-03,61,14.5
2019-02-04,57,12.5
2019-02-05,53,10.2
2019-02-06,42,7.6
2019-02-07,44,8.0
2019-02-08,22,4.0
2019-02-09,52,9.6
2019-02-10,63,15.4
2019-02-11,66,17.2
2019-02-12,41,7.4
2019-02-13,57,12.2
2019-02-14,35,6.3
2019-02-15,61,14.3
2019-02-16,43,7.7
2019-02-17,41,7.3
2019-02-18,54,10.8
2019-02-19,53,10.1
2019-02-20,55,11.2
2019-02-21,66,17.1
2019-02-22,73,20.7
2019-02-23,79,24.2
2019-02-24,52,9.5
2019-02-25,37,6.7
2019-02-26,37,6.6
2019-02-27,56,11.7
2019-02-28,52,9.6
2019-03-01,62,15.0
2019-03-02,63,15.4
2019-03-03,33,6.0
2019-03-04,52,9.5
2019-03-05,52,9.4
2019-03-06,52,9.7
2019-03-07,54,10.5
2019-03-08,70,19.1
2019-03-09,69,18.7
2019-03-10,48,8.7
2019-03-11,53,10.0
2019-03-12,58,13.1
2019-03-13,45,8.1
2019-03-14,47,8.5
2019-03-15,30,5.4
2019-03-16,23,4.2
2019-03-17,54,10.8
2019-03-18,,15.309091
2019-03-19,56,12.0
2019-03-21,,9.246154
2019-03-22,12,2.1
2019-03-23,41,7.3
2019-03-24,70,19.2
2019-03-25,18,3.3
2019-03-26,34,6.1
2019-03-27,55,11.0
2019-03-28,63,15.5
2019-03-31,16,2.8
2019-04-01,,8.5
2019-04-02,55,11.1
2019-04-03,28,5.1
2019-04-04,,9.011111
2019-04-06,61,14.4
2019-04-09,20,3.6
2019-04-10,18,3.3
2019-04-11,33,6.0
2019-04-12,19,3.4
2019-04-13,26,4.7
2019-04-14,15,2.7
2019-04-15,13,2.4
2019-04-16,40,7.2
2019-04-17,57,12.5
2019-04-18,23,4.2
2019-04-19,13,2.4
2019-04-20,19,3.5
2019-04-21,18,3.3
2019-04-22,27,4.8
2019-04-23,18,3.3
2019-04-24,19,3.4
2019-04-25,46,8.3
2019-04-26,31,5.5
2019-04-27,18,3.3
2019-04-28,18,3.2
2019-04-29,33,5.9
2019-04-30,43,7.8
2019-05-01,42,7.6
2019-05-02,52,9.4
2019-05-03,13,2.4
2019-05-04,28,5.0
2019-05-05,66,17.3
2019-05-06,42,7.5
2019-05-07,18,3.3
2019-05-08,19,3.4
2019-05-09,30,5.4
2019-05-10,15,2.7
2019-05-11,28,5.0
2019-05-12,23,4.1
2019-05-13,27,4.9
2019-05-14,25,4.5
2019-05-15,60,13.9
2019-05-16,53,10.1
2019-05-17,48,8.6
2019-05-18,46,8.3
2019-05-19,35,6.3
2019-05-20,11,1.9
2019-05-21,13,2.3
2019-05-22,31,5.5
2019-05-23,32,5.8
2019-05-24,29,5.3
2019-05-25,35,6.3
2019-05-26,37,6.6
2019-05-27,53,10.3
2019-05-28,36,6.4
2019-05-29,24,4.3
2019-05-30,26,4.6
2019-05-31,40,7.2
2019-06-01,56,11.6
2019-06-02,35,6.3
2019-06-03,18,3.3
2019-06-04,52,9.5
2019-06-05,31,5.6
2019-06-06,53,10.0
2019-06-07,57,12.2
2019-06-08,42,7.5
2019-06-09,47,8.4
2019-06-10,26,4.7
2019-06-11,29,5.2
2019-06-12,42,7.5
2019-06-13,24,4.3
2019-06-14,22,4.0
2019-06-15,42,7.5
2019-06-16,60,13.9
2019-06-17,54,10.7
2019-06-20,29,5.2
2019-06-21,41,7.3
2019-06-22,37,6.6
2019-06-23,31,5.6
2019-06-24,,3.584615
2019-06-25,,5.0
2019-06-26,36,6.4
2019-06-27,33,5.9
2019-06-28,48,8.7
2019-06-29,53,10.3
2019-06-30,56,11.8
2019-07-01,52,9.4
2019-07-02,54,10.9
2019-07-03,56,11.8
2019-07-04,84,26.6
2019-07-05,54,10.5
2019-07-06,55,11.0
2019-07-07,67,17.5
2019-07-08,53,10.2
2019-07-09,72,20.4
2019-07-10,57,12.5
2019-07-11,25,4.5
2019-07-12,46,8.2
2019-07-13,54,10.7
2019-07-14,48,8.6
2019-07-15,51,9.2
2019-07-16,31,5.5
2019-07-17,42,7.5
2019-07-18,37,6.6
2019-07-19,48,8.6
2019-07-20,36,6.5
2019-07-21,21,3.7
2019-07-22,13,2.3
2019-07-23,28,5.1
2019-07-24,22,3.9
2019-07-25,44,7.9
2019-07-26,55,11.4
2019-07-27,56,11.8
2019-07-28,56,11.6
2019-07-29,54,10.5
2019-07-30,14,2.6
2019-07-31,8,1.5
2019-08-01,32,5.8
2019-08-02,27,4.9
2019-08-03,51,9.2
2019-08-04,58,12.7
2019-08-05,52,9.6
2019-08-06,26,4.6
2019-08-07,40,7.2
2019-08-08,25,4.5
2019-08-09,32,5.7
2019-08-10,52,9.7
2019-08-11,35,6.3
2019-08-12,52,9.8
2019-08-13,55,11.2
2019-08-14,34,6.2
2019-08-15,38,6.8
2019-08-16,44,8.0
2019-08-17,27,4.8
2019-08-18,22,3.9
2019-08-19,34,6.2
2019-08-20,34,6.1
2019-08-21,32,5.8
2019-08-22,29,5.2
2019-08-23,13,2.3
2019-08-24,25,4.5
2019-08-25,32,5.8
2019-08-26,9,1.6
2019-08-27,21,3.7
2019-08-28,28,5.0
2019-08-29,18,3.3
2019-08-30,13,2.3
2019-08-31,25,4.5
2019-09-01,28,5.1
2019-09-02,35,6.3
2019-09-03,32,5.7
2019-09-04,5,0.9
2019-09-05,16,2.8
2019-09-06,31,5.6
2019-09-07,16,2.9
2019-09-08,22,4.0
2019-09-09,24,4.3
2019-09-10,53,10.1
2019-09-11,56,11.7
2019-09-12,32,5.8
2019-09-13,51,9.2
2019-09-14,21,3.7
2019-09-15,33,6.0
2019-09-16,39,7.0
2019-09-17,40,7.2
2019-09-18,32,5.7
2019-09-19,23,4.2
2019-09-20,55,11.5
2019-09-21,59,13.4
2019-09-22,39,7.1
2019-09-23,10,1.8
2019-09-24,33,6.0
2019-09-25,26,4.7
2019-09-26,11,2.0
2019-09-27,22,4.0
2019-09-28,9,1.6
2019-09-29,28,5.0
2019-09-30,51,9.3
2019-10-01,37,6.7
2019-10-02,27,4.8
2019-10-03,16,2.8
2019-10-04,2,0.4
2019-10-05,25,4.5
2019-10-06,26,4.6
2019-10-07,,5.972727
2019-10-09,39,7.0
2019-10-10,,6.190909
2019-10-11,29,5.2
2019-10-12,13,2.3
2019-10-13,18,3.3
2019-10-14,20,3.6
2019-10-15,41,7.4
2019-10-16,13,2.3
2019-10-17,13,2.3
2019-10-18,31,5.5
2019-10-19,53,10.2
2019-10-20,56,11.6
2019-10-21,33,6.0
2019-10-22,17,3.1
2019-10-23,25,4.5
2019-10-24,18,3.3
2019-10-25,38,6.8
2019-10-26,44,7.9
2019-10-27,28,5.1
2019-10-28,48,8.7
2019-10-29,19,3.4
2019-10-30,18,3.3
2019-10-31,7,1.3
2019-11-01,36,6.5
2019-11-02,39,7.0
2019-11-03,18,3.2
2019-11-04,24,4.3
2019-11-05,37,6.6
2019-11-06,41,7.3
2019-11-07,22,3.9
2019-11-08,26,4.7
2019-11-09,49,8.9
2019-11-10,61,14.4
2019-11-11,18,3.2
2019-11-12,20,3.6
2019-11-13,45,8.1
2019-11-14,69,18.6
2019-11-15,69,18.8
2019-11-16,56,11.6
2019-11-17,62,15.2
2019-11-18,75,21.9
2019-11-19,60,14.1
2019-11-20,71,19.7
2019-11-21,49,8.9
2019-11-22,26,4.6
2019-11-23,67,17.5
2019-11-24,44,8.0
2019-11-25,52,9.4
2019-11-26,66,17.2
2019-11-27,17,3.0
2019-11-28,12,2.2
2019-11-29,48,8.6
2019-11-30,56,11.9
2019-12-01,24,4.4
2019-12-02,16,2.8
2019-12-03,42,7.5
2019-12-04,33,5.9
2019-12-05,31,5.5
2019-12-06,44,7.9
2019-12-07,43,7.7
2019-12-08,57,12.5
2019-12-09,55,11.0
2019-12-10,52,9.5
2019-12-11,61,14.4
2019-12-12,58,12.8
2019-12-13,56,11.6
2019-12-14,76,22.4
2019-12-15,55,11.5
2019-12-16,60,13.7
2019-12-17,60,13.7
2019-12-18,30,5.4
2019-12-19,57,12.4
2019-12-20,82,25.7
2019-12-21,66,17.0
2019-12-22,57,12.4
2019-12-23,66,17.4
2019-12-24,76,22.6
2019-12-25,53,10.3
2019-12-26,33,6.0
2019-12-27,70,19.2
2019-12-28,82,26.0
2019-12-29,36,6.4
2019-12-30,19,3.5
2019-12-31,27,4.9
2020-01-01,40,7.2
2020-01-02,32,5.7
2020-01-03,52,9.4
2020-01-04,23,4.2
2020-01-05,29,5.3
2020-01-06,26,4.7
2020-01-07,39,7.1
2020-01-08,24,4.4
2020-01-09,35,6.3
2020-01-10,42,7.5
2020-01-11,14,2.5
2020-01-12,27,4.8
2020-01-13,49,8.8
2020-01-14,56,11.6
2020-01-15,61,14.2
2020-01-16,53,10.0
2020-01-17,26,4.7
2020-01-18,38,6.8
2020-01-19,58,12.9
2020-01-20,56,11.7
2020-01-21,48,8.7
2020-01-22,59,13.5
2020-01-23,56,11.7
2020-01-24,52,9.6
2020-01-25,57,12.5
2020-01-26,60,13.7
2020-01-27,52,9.6
2020-01-28,37,6.6
2020-01-29,40,7.2
2020-01-30,56,12.0
2020-01-31,59,13.5
2020-02-01,63,15.5
2020-02-02,31,5.6
2020-02-03,53,10.1
2020-02-04,41,7.3
2020-02-05,26,4.6
2020-02-06,26,4.7
2020-02-07,37,6.6
2020-02-08,55,11.1
2020-02-09,58,13.0
2020-02-10,55,11.0
2020-02-11,,11.471429
2020-02-20,23,4.1
2020-02-21,53,10.4
2020-02-27,23,4.1
2020-03-01,41,7.4
2020-03-04,21,3.7
2020-03-05,39,7.0
2020-03-06,20,3.6
2020-03-07,25,4.5
2020-03-08,38,6.8
2020-03-09,53,10.3
2020-03-10,25,4.5
2020-03-11,61,14.5
2020-03-12,59,13.4
2020-03-13,22,3.9
2020-03-14,40,7.2
2020-03-15,42,7.5
2020-03-16,55,11.3
2020-03-17,56,11.7
2020-03-18,62,15.0
2020-03-19,49,8.9
2020-03-20,19,3.4
2020-03-21,34,6.1
2020-03-22,52,9.9
2020-03-23,53,10.4
2020-03-24,65,16.7
2020-03-25,62,14.9
2020-03-26,58,12.8
2020-03-27,61,14.5
2020-03-28,37,6.6
2020-03-29,17,3.0
2020-03-30,16,2.8
2020-03-31,20,3.6
2020-04-01,36,6.5
2020-04-02,42,7.5
2020-04-03,65,16.6
2020-04-04,60,14.1
2020-04-05,51,9.3
2020-04-06,55,11.1
2020-04-07,61,14.2
2020-04-08,52,9.6
2020-04-09,19,3.4
2020-04-10,29,5.3
2020-04-11,57,12.2
2020-04-12,45,8.1
2020-04-13,27,4.8
2020-04-14,39,7.1
2020-04-15,37,6.6
2020-04-16,53,10.1
2020-04-17,56,11.7
2020-04-18,53,10.0
2020-04-19,45,8.1
2020-04-20,33,5.9
2020-04-21,18,3.3
2020-04-22,54,10.6
2020-04-23,66,17.2
2020-04-24,77,23.2
2020-04-25,61,14.6
2020-04-26,34,6.2
2020-04-27,47,8.4
2020-04-28,53,10.4
2020-04-29,28,5.0
2020-04-30,7,1.2
2020-05-01,35,6.3
2020-05-02,51,9.3
2020-05-03,37,6.6
2020-05-04,22,3.9
2020-05-05,29,5.3
2020-05-06,23,4.2
2020-05-07,43,7.8
2020-05-08,26,4.6
2020-05-09,26,4.6
2020-05-10,28,5.0
2020-05-11,24,4.3
2020-05-12,33,6.0
2020-05-13,46,8.2
2020-05-14,49,8.8
2020-05-15,29,5.2
2020-05-16,52,9.9
2020-05-17,45,8.1
2020-05-18,18,3.2
2020-05-19,28,5.1
2020-05-20,31,5.6
2020-05-21,23,4.2
2020-05-22,40,7.2
2020-05-23,54,10.8
2020-05-24,38,6.9
2020-05-25,37,6.7
2020-05-26,42,7.6
2020-05-27,47,8.5
2020-05-28,25,4.5
2020-05-29,28,5.1
2020-05-30,23,4.1
2020-05-31,33,6.0
2020-06-01,44,7.9
2020-06-02,47,8.5
2020-06-03,39,7.1
2020-06-04,49,8.9
2020-06-05,55,11.3
2020-06-06,36,6.5
2020-06-07,44,8.0
2020-06-08,44,8.0
2020-06-09,37,6.7
2020-06-10,54,10.5
2020-06-11,21,3.7
2020-06-12,29,5.3
2020-06-13,26,4.7
2020-06-14,25,4.5
2020-06-15,36,6.5
2020-06-16,54,10.6
2020-06-17,56,12.0
2020-06-18,59,13.6
2020-06-19,63,15.8
2020-06-20,53,10.2
2020-06-21,50,9.0
2020-06-22,46,8.2
2020-06-23,22,3.9
2020-06-24,29,5.3
2020-06-25,40,7.2
2020-06-26,41,7.4
2020-06-27,30,5.4
2020-06-28,42,7.6
2020-06-29,54,10.9
2020-06-30,56,11.6
2020-07-01,53,10.0
2020-07-02,54,10.6
2020-07-03,60,14.1
2020-07-04,92,31.3
2020-07-05,166,76.6
2020-07-06,63,15.4
2020-07-07,63,15.6
2020-07-08,57,12.2
2020-07-09,57,12.5
2020-07-10,37,6.6
2020-07-11,46,8.2
2020-07-12,34,6.1
2020-07-13,34,6.1
2020-07-14,36,6.4
2020-07-15,47,8.4
2020-07-16,40,7.2
2020-07-17,48,8.7
2020-07-18,54,10.7
2020-07-19,38,6.8
2020-07-20,33,6.0
2020-07-21,31,5.6
2020-07-22,33,5.9
2020-07-23,42,7.6
2020-07-24,52,9.5
2020-07-25,56,11.9
2020-07-26,53,10.1
2020-07-27,31,5.6
2020-07-28,35,6.3
2020-07-29,39,7.0
2020-07-30,37,6.6
2020-07-31,31,5.6
2020-08-01,44,7.9
2020-08-02,39,7.1
2020-08-03,43,7.8
2020-08-04,10,1.8
2020-08-05,32,5.8
2020-08-06,51,9.3
2020-08-07,56,11.7
2020-08-08,67,17.9
2020-08-09,55,11.4
2020-08-10,54,10.9
2020-08-11,42,7.6
2020-08-12,51,9.1
2020-08-13,52,9.8
2020-08-14,49,8.9
2020-08-15,54,10.5
2020-08-16,33,6.0
2020-08-17,41,7.3
2020-08-18,26,4.7
2020-08-19,21,3.7
2020-08-20,40,7.2
2020-08-21,47,8.5
2020-08-22,60,14.1
2020-08-23,63,15.4
2020-08-24,63,15.6
2020-08-25,53,10.1
2020-08-26,61,14.4
2020-08-27,41,7.4
2020-08-28,43,7.8
2020-08-29,41,7.4
2020-08-30,27,4.8
2020-08-31,37,6.6
2020-09-01,54,10.9
2020-09-02,45,8.1
2020-09-03,36,6.4
2020-09-04,35,6.3
2020-09-05,57,12.5
2020-09-06,55,11.5
2020-09-07,35,6.3
2020-09-08,31,5.6
2020-09-09,52,9.4
2020-09-10,44,8.0
2020-09-11,40,7.2
2020-09-12,50,9.0
2020-09-13,36,6.4
2020-09-14,41,7.4
2020-09-15,32,5.8
2020-09-16,48,8.6
2020-09-17,50,9.0
2020-09-18,18,3.2
2020-09-19,44,7.9
2020-09-20,50,9.0
2020-09-21,31,5.5
2020-09-22,60,14.0
2020-09-23,65,16.8
2020-09-24,58,12.8
2020-09-25,64,16.3
2020-09-26,53,10.3
2020-09-27,55,11.1
2020-09-28,31,5.6
2020-09-29,30,5.4
2020-09-30,18,3.3
2020-10-01,22,3.9
2020-10-02,19,3.4
2020-10-03,39,7.0
2020-10-04,29,5.3
2020-10-05,26,4.7
2020-10-06,41,7.3
2020-10-07,49,8.8
2020-10-08,53,10.3
2020-10-09,55,11.0
2020-10-10,73,20.9
2020-10-11,54,10.8
2020-10-12,25,4.5
2020-10-13,33,5.9
2020-10-14,39,7.1
2020-10-15,17,3.0
2020-10-16,46,8.3
2020-10-17,36,6.4
2020-10-18,21,3.7
2020-10-19,41,7.4
2020-10-20,51,9.3
2020-10-21,30,5.4
2020-10-22,62,14.9
2020-10-23,30,5.4
2020-10-24,18,3.2
2020-10-25,43,7.8
2020-10-26,41,7.4
2020-10-27,18,3.3
2020-10-28,55,11.5
2020-10-29,55,11.3
2020-10-30,27,4.8
2020-10-31,60,14.1
2020-11-01,27,4.8
2020-11-02,26,4.6
2020-11-03,52,9.5
2020-11-04,47,8.4
2020-11-05,52,9.8
2020-11-06,66,17.0
2020-11-07,72,20.6
2020-11-08,63,15.5
2020-11-09,48,8.7
2020-11-10,34,6.2
2020-11-11,38,6.9
2020-11-12,70,19.3
2020-11-13,60,14.1
2020-11-14,67,17.7
2020-11-15,52,9.4
2020-11-16,57,12.4
2020-11-17,22,4.0
2020-11-18,52,9.5
2020-11-19,38,6.8
2020-11-20,57,12.4
2020-11-21,64,16.1
2020-11-22,53,10.3
2020-11-23,47,8.5
2020-11-24,65,16.5
2020-11-25,55,11.4
2020-11-26,28,5.0
2020-11-27,57,12.2
2020-11-28,46,8.2
2020-11-29,39,7.0
2020-11-30,17,3.0
2020-12-01,16,2.9
2020-12-02,46,8.3
2020-12-03,57,12.5
2020-12-04,60,13.9
2020-12-05,16,2.8
2020-12-06,60,14.1
2020-12-07,53,10.0
2020-12-08,65,16.5
2020-12-09,87,28.4
2020-12-10,81,25.4
2020-12-11,92,31.1
2020-12-12,57,12.2
2020-12-13,28,5.0
2020-12-14,33,5.9
2020-12-15,54,10.5
2020-12-16,56,11.6
2020-12-17,56,11.7
2020-12-18,75,21.9
2020-12-19,65,16.4
2020-12-20,62,15.2
2020-12-21,59,13.5
2020-12-22,47,8.4
2020-12-23,21,3.7
2020-12-24,34,6.2
2020-12-25,26,4.7
2020-12-26,39,7.0
2020-12-27,64,16.0
2020-12-28,45,8.1
2020-12-29,56,12.0
2020-12-30,56,11.8
2020-12-31,67,17.5
2021-01-01,58,13.0
2021-01-02,52,9.6
2021-01-03,55,11.4
2021-01-04,61,14.6
2021-01-05,61,14.2
2021-01-06,42,7.6
2021-01-07,36,6.5
2021-01-08,39,7.0
2021-01-09,59,13.3
2021-01-10,73,21.0
2021-01-11,66,17.4
2021-01-12,64,16.2
2021-01-13,59,13.6
2021-01-14,64,16.0
2021-01-15,41,7.4
2021-01-16,37,6.6
2021-01-17,46,8.3
2021-01-18,58,12.9
2021-01-19,58,12.8
2021-01-20,47,8.5
2021-01-21,31,5.6
2021-01-22,18,3.3
2021-01-23,56,11.9
2021-01-24,54,10.7
2021-01-25,60,13.9
2021-01-26,53,10.1
2021-01-27,36,6.4
2021-01-28,17,3.1
2021-01-29,58,12.6
2021-01-30,56,11.6
2021-01-31,51,9.3
2021-02-01,26,4.7
2021-02-02,20,3.6
2021-02-03,36,6.4
2021-02-04,60,14.1
2021-02-05,53,10.0
2021-02-06,52,9.4
2021-02-07,34,6.2
2021-02-08,56,11.6
2021-02-09,60,14.0
2021-02-10,63,15.6
2021-02-11,34,6.1
2021-02-12,40,7.2
2021-02-13,57,12.4
2021-02-14,29,5.2
2021-02-15,21,3.8
2021-02-16,28,5.0
2021-02-17,77,22.9
2021-02-18,62,14.9
2021-02-19,99,34.7
2021-02-20,99,35.0
2021-02-21,74,21.2
2021-02-22,68,18.3
2021-02-23,44,8.0
2021-02-24,31,5.6
2021-02-25,58,13.0
2021-02-26,66,17.1
2021-02-27,66,17.0
2021-02-28,63,15.5
2021-03-01,31,5.5
2021-03-02,51,9.1
2021-03-03,56,12.0
2021-03-04,24,4.3
2021-03-05,26,4.6
2021-03-06,32,5.7
2021-03-07,42,7.5
2021-03-08,64,16.0
2021-03-09,80,24.4
2021-03-10,66,17.0
2021-03-11,29,5.3
2021-03-12,50,9.0
2021-03-13,55,11.0
2021-03-14,50,9.0
2021-03-15,31,5.5
2021-03-16,64,16.1
2021-03-17,69,18.8
2021-03-18,44,7.9
2021-03-19,34,6.1
2021-03-20,57,12.2
2021-03-21,57,12.1
2021-03-22,44,8.0
2021-03-23,52,9.5
2021-03-24,31,5.5
2021-03-25,49,8.9
2021-03-26,22,4.0
2021-03-27,57,12.5
2021-03-28,23,4.2
2021-03-29,25,4.5
2021-03-30,41,7.4
2021-03-31,43,7.7
2021-04-01,13,2.4
2021-04-02,34,6.1
2021-04-03,73,20.8
2021-04-04,58,12.7
2021-04-05,73,20.8
2021-04-06,71,19.8
2021-04-07,56,12.0
2021-04-08,47,8.5
2021-04-09,38,6.8
2021-04-10,47,8.5
2021-04-11,22,4.0
2021-04-12,38,6.9
2021-04-13,27,4.9
2021-04-14,41,7.3
2021-04-15,23,4.2
2021-04-16,17,3.0
2021-04-17,35,6.3
2021-04-18,42,7.5
2021-04-19,36,6.5
2021-04-20,17,3.1
2021-04-21,38,6.8
2021-04-22,53,10.0
2021-04-23,55,11.1
2021-04-24,69,18.8
2021-04-25,16,2.9
2021-04-26,41,7.3
2021-04-27,55,11.1
2021-04-28,58,12.7
2021-04-29,54,10.6
2021-04-30,33,6.0
2021-05-01,31,5.5
2021-05-02,38,6.8
2021-05-03,46,8.3
2021-05-04,13,2.4
2021-05-05,14,2.6
2021-05-06,31,5.6
2021-05-07,26,4.6
2021-05-08,19,3.4
2021-05-09,21,3.7
2021-05-10,19,3.4
2021-05-11,12,2.2
2021-05-12,22,4.0
2021-05-13,37,6.7
2021-05-14,55,11.4
2021-05-15,65,16.5
2021-05-16,52,9.8
2021-05-17,58,12.6
2021-05-18,57,12.2
2021-05-19,49,8.8
2021-05-20,59,13.4
2021-05-21,56,11.9
2021-05-22,54,10.6
2021-05-23,50,9.0
2021-05-24,56,11.7
2021-05-25,53,10.3
2021-05-26,42,7.6
2021-05-27,43,7.7
2021-05-28,14,2.6
2021-05-29,23,4.1
2021-05-30,59,13.2
2021-05-31,58,12.9
2021-06-01,50,9.0
2021-06-02,60,14.1
2021-06-03,41,7.3
2021-06-04,52,9.4
2021-06-05,56,11.9
2021-06-06,47,8.5
2021-06-07,27,4.8
2021-06-08,35,6.3
2021-06-09,44,7.9
2021-06-10,42,7.6
2021-06-11,54,10.6
2021-06-12,47,8.5
2021-06-13,49,8.8
2021-06-14,35,6.3
2021-06-15,28,5.0
2021-06-16,34,6.1
2021-06-17,47,8.5
2021-06-18,57,12.1
2021-06-19,52,9.6
2021-06-20,52,9.9
2021-06-21,16,2.9
2021-06-22,26,4.6
2021-06-23,29,5.3
2021-06-24,47,8.5
2021-06-25,44,8.0
2021-06-26,33,6.0
2021-06-27,30,5.4
2021-06-28,33,5.9
2021-06-29,35,6.3
2021-06-30,31,5.5
2021-07-01,43,7.7
2021-07-02,28,5.0
2021-07-03,44,8.0
2021-07-04,63,15.5
2021-07-05,67,17.9
2021-07-06,75,22.1
2021-07-07,71,19.8
2021-07-08,35,6.3
2021-07-09,23,4.2
2021-07-10,47,8.5
2021-07-11,39,7.1
2021-07-12,46,8.2
2021-07-13,46,8.2
2021-07-14,45,8.1
2021-07-15,52,9.5
2021-07-16,32,5.7
2021-07-17,39,7.1
2021-07-18,57,12.1
2021-07-19,66,17.3
2021-07-20,84,26.8
2021-07-21,75,22.0
2021-07-22,80,24.4
2021-07-23,93,31.9
2021-07-24,77,23.0
2021-07-25,61,14.7
2021-07-26,63,15.6
2021-07-27,60,13.7
2021-07-28,64,16.0
2021-07-29,67,17.6
2021-07-30,38,6.9
2021-07-31,52,9.8
2021-08-01,83,26.3
2021-08-02,44,8.0
2021-08-03,59,13.4
2021-08-04,71,20.1
2021-08-05,60,13.7
2021-08-06,61,14.6
2021-08-07,65,16.8
2021-08-08,73,21.1
2021-08-09,63,15.6
2021-08-10,53,10.4
2021-08-11,55,11.3
2021-08-12,49,8.9
2021-08-13,43,7.8
2021-08-14,45,8.1
2021-08-15,47,8.4
2021-08-16,51,9.2
2021-08-17,61,14.3
2021-08-18,57,12.3
2021-08-19,57,12.4
2021-08-20,57,12.1
2021-08-21,61,14.3
2021-08-22,55,11.3
2021-08-23,50,9.0
2021-08-24,50,9.0
2021-08-25,41,7.3
2021-08-26,29,5.3
2021-08-27,54,10.8
2021-08-28,58,13.1
2021-08-29,58,12.7
2021-08-30,52,9.6
2021-08-31,54,10.9
2021-09-01,28,5.0
2021-09-02,52,9.9
2021-09-03,48,8.6
2021-09-04,54,10.5
2021-09-05,36,6.5
2021-09-06,42,7.6
2021-09-07,50,9.0
2021-09-08,41,7.4
2021-09-09,33,5.9
2021-09-10,44,7.9
2021-09-11,53,10.1
2021-09-12,64,16.2
2021-09-13,62,15.1
2021-09-14,55,11.5
2021-09-15,34,6.1
2021-09-16,33,5.9
2021-09-17,54,10.5
2021-09-18,58,12.7
2021-09-19,52,9.9
2021-09-20,39,7.0
2021-09-21,24,4.3
2021-09-22,8,1.5
2021-09-23,15,2.7
2021-09-24,33,5.9
2021-09-25,27,4.8
2021-09-26,28,5.0
2021-09-27,59,13.3
2021-09-28,37,6.7
2021-09-29,51,9.3
2021-09-30,54,10.8
2021-10-01,52,9.4
2021-10-02,48,8.6
2021-10-03,42,7.6
2021-10-04,28,5.1
2021-10-05,47,8.4
2021-10-06,58,13.0
2021-10-07,28,5.1
2021-10-08,40,7.2
2021-10-09,53,10.2
2021-10-10,61,14.4
2021-10-11,58,13.1
2021-10-12,33,5.9
2021-10-13,37,6.7
2021-10-14,51,9.2
2021-10-15,28,5.1
2021-10-16,22,4.0
2021-10-17,42,7.5
2021-10-18,55,11.3
2021-10-19,39,7.1
2021-10-20,57,12.3
2021-10-21,48,8.6
2021-10-22,24,4.3
2021-10-23,58,13.0
2021-10-24,58,13.1
2021-10-25,18,3.3
2021-10-26,33,6.0
2021-10-27,51,9.3
2021-10-28,28,5.0
2021-10-29,27,4.9
2021-10-30,31,5.5
2021-10-31,29,5.2
2021-11-01,29,5.2
2021-11-02,28,5.0
2021-11-03,27,4.8
2021-11-04,55,11.5
2021-11-05,68,18.3
2021-11-06,58,12.9
2021-11-07,60,13.8
2021-11-08,69,18.6
2021-11-09,80,24.9
2021-11-10,71,19.6
2021-11-11,63,15.8
2021-11-12,10,1.8
2021-11-13,30,5.4
2021-11-14,29,5.3
2021-11-15,24,4.3
2021-11-16,57,12.5
2021-11-17,58,12.9
2021-11-18,17,3.0
2021-11-19,31,5.5
2021-11-20,62,15.1
2021-11-21,24,4.3
2021-11-22,26,4.7
2021-11-23,43,7.7
2021-11-24,29,5.3
2021-11-25,38,6.9
2021-11-26,22,4.0
2021-11-27,39,7.1
2021-11-28,46,8.2
2021-11-29,43,7.8
2021-11-30,56,11.6
2021-12-01,75,21.8
2021-12-02,51,9.2
2021-12-03,53,10.1
2021-12-04,55,11.5
2021-12-05,53,10.2
2021-12-06,29,5.2
2021-12-07,34,6.1
2021-12-08,60,13.9
2021-12-09,69,18.9
2021-12-10,71,19.7
2021-12-11,27,4.8
2021-12-12,16,2.8
2021-12-13,46,8.3
2021-12-14,67,17.9
2021-12-15,47,8.5
2021-12-16,51,9.1
2021-12-17,45,8.1
2021-12-18,28,5.1
2021-12-19,22,4.0
2021-12-20,55,11.3
2021-12-21,63,15.3
2021-12-22,52,9.5
2021-12-23,55,11.4
2021-12-24,57,12.4
2021-12-25,57,12.1
2021-12-26,57,12.2
2021-12-27,55,11.4
2021-12-28,49,8.9
2021-12-29,60,14.0
2021-12-30,67,17.9
2021-12-31,70,19.2
2022-01-01,60,14.1
2022-01-02,16,2.8
2022-01-03,51,9.2
2022-01-04,55,11.3
2022-01-05,51,9.2
2022-01-06,45,8.1
2022-01-07,52,9.8
2022-01-08,50,9.0
2022-01-09,50,9.0
2022-01-10,39,7.0
2022-01-11,46,8.2
2022-01-12,53,10.3
2022-01-13,77,22.9
2022-01-14,55,11.1
2022-01-15,37,6.7
2022-01-16,57,12.3
2022-01-17,51,9.3
2022-01-18,55,11.5
2022-01-19,46,8.3
2022-01-20,15,2.7
2022-01-21,51,9.3
2022-01-22,60,14.1
2022-01-23,17,3.1
2022-01-24,55,11.2
2022-01-25,30,5.4
2022-01-26,60,13.7
2022-01-27,55,11.1
2022-01-28,36,6.4
2022-01-29,57,12.4
2022-01-30,78,23.4
2022-01-31,104,36.9
2022-02-01,73,20.7
2022-02-02,54,10.5
2022-02-03,25,4.5
2022-02-04,43,7.7
2022-02-05,66,17.0
2022-02-06,66,17.1
2022-02-07,66,17.2
2022-02-08,78,23.7
2022-02-09,49,8.9
2022-02-10,31,5.5
2022-02-11,31,5.5
2022-02-12,23,4.1
2022-02-13,42,7.6
2022-02-14,59,13.2
2022-02-15,77,23.3
2022-02-16,55,11.0
2022-02-17,59,13.4
2022-02-18,31,5.6
2022-02-19,29,5.3
2022-02-20,34,6.2
2022-02-21,54,10.6
2022-02-22,38,6.8
2022-02-23,26,4.7
2022-02-24,42,7.6
2022-02-25,29,5.3
2022-02-26,59,13.2
2022-02-27,58,12.8
2022-02-28,52,9.5
2022-03-01,60,13.7
2022-03-02,70,19.1
2022-03-03,19,3.5
2022-03-04,45,8.1
2022-03-05,58,12.6
2022-03-06,52,9.5
2022-03-07,44,8.0
2022-03-08,53,10.1
2022-03-09,60,13.9
2022-03-10,48,8.7
2022-03-11,40,7.2
2022-03-12,26,4.7
2022-03-13,36,6.4
2022-03-14,40,7.2
2022-03-15,61,14.6
2022-03-16,77,22.9
2022-03-17,73,20.7
2022-03-18,60,13.9
2022-03-19,55,11.4
2022-03-20,54,10.9
2022-03-21,52,9.5
2022-03-22,51,9.3
2022-03-23,45,8.1
2022-03-24,7,1.3
2022-03-25,28,5.1
2022-03-26,16,2.8
2022-03-27,12,2.1
2022-03-28,24,4.3
2022-03-29,39,7.1
2022-03-30,48,8.6
2022-03-31,17,3.1
2022-04-01,23,4.2
2022-04-02,43,7.8
2022-04-03,57,12.5
2022-04-04,58,12.7
2022-04-05,61,14.7
2022-04-06,51,9.2
2022-04-07,21,3.8
2022-04-08,10,1.8
2022-04-09,16,2.9
2022-04-10,33,5.9
2022-04-11,38,6.8
2022-04-12,57,12.3
2022-04-13,38,6.9
2022-04-14,11,2.0
2022-04-15,34,6.1
2022-04-16,32,5.7
2022-04-17,24,4.4
2022-04-18,39,7.0
2022-04-19,27,4.9
2022-04-20,24,4.3
2022-04-21,34,6.2
2022-04-22,55,11.1
2022-04-23,52,9.5
2022-04-24,55,11.0
2022-04-25,22,3.9
2022-04-26,14,2.6
2022-04-27,28,5.1
2022-04-28,38,6.8
2022-04-29,40,7.2
2022-04-30,55,11.5
2022-05-01,25,4.5
2022-05-02,26,4.7
2022-05-03,53,10.0
2022-05-04,35,6.3
2022-05-05,47,8.5
2022-05-06,35,6.3
2022-05-07,45,8.1
2022-05-08,28,5.1
2022-05-09,26,4.7
2022-05-10,56,12.0
2022-05-11,68,18.0
2022-05-12,53,10.0
2022-05-13,43,7.7
2022-05-14,52,9.7
2022-05-15,57,12.3
2022-05-16,47,8.4
2022-05-17,18,3.3
2022-05-18,55,11.1
2022-05-19,67,17.9
2022-05-20,52,9.7
2022-05-21,36,6.5
2022-05-22,32,5.8
2022-05-23,24,4.4
2022-05-24,44,8.0
2022-05-25,48,8.7
2022-05-26,28,5.0
2022-05-27,39,7.1
2022-05-28,26,4.6
2022-05-29,35,6.3
2022-05-30,53,10.0
2022-05-31,54,10.8
2022-06-01,32,5.7
2022-06-02,34,6.1
2022-06-03,56,11.6
2022-06-04,47,8.5
2022-06-05,47,8.5
2022-06-06,65,16.8
2022-06-07,31,5.5
2022-06-08,46,8.2
2022-06-09,49,8.9
2022-06-10,44,8.0
2022-06-11,53,10.0
2022-06-12,62,14.8
2022-06-13,53,10.0
2022-06-14,64,16.2
2022-06-15,90,29.8
2022-06-16,57,12.3
2022-06-17,32,5.7
2022-06-18,26,4.6
2022-06-19,34,6.2
2022-06-20,38,6.8
2022-06-21,56,11.8
2022-06-22,37,6.6
2022-06-23,34,6.1
2022-06-24,46,8.2
2022-06-25,55,11.0
2022-06-26,54,10.8
2022-06-27,29,5.3
2022-06-28,36,6.4
2022-06-29,54,10.6
2022-06-30,46,8.3
2022-07-01,54,10.5
2022-07-02,57,12.5
2022-07-03,85,27.4
2022-07-04,77,23.0
2022-07-05,51,9.3
2022-07-06,29,5.3
2022-07-07,54,10.5
2022-07-08,52,9.7
2022-07-09,41,7.4
2022-07-10,30,5.4
2022-07-11,38,6.9
2022-07-12,37,6.6
2022-07-13,31,5.6
2022-07-14,42,7.5
2022-07-15,52,9.6
2022-07-16,55,11.0
2022-07-17,52,9.9
2022-07-18,47,8.5
2022-07-19,47,8.5
2022-07-20,59,13.6
2022-07-21,64,16.3
2022-07-22,37,6.6
2022-07-23,34,6.2
2022-07-24,53,10.2
2022-07-25,21,3.8
2022-07-26,38,6.9
2022-07-27,47,8.4
2022-07-28,42,7.5
2022-07-29,47,8.5
2022-07-30,52,9.5
2022-07-31,49,8.9
2022-08-01,52,9.4
2022-08-02,48,8.7
2022-08-03,36,6.5
2022-08-04,40,7.2
2022-08-05,49,8.8
2022-08-06,43,7.8
2022-08-07,43,7.7
2022-08-08,31,5.5
2022-08-09,16,2.9
2022-08-10,34,6.2
2022-08-11,34,6.2
2022-08-12,25,4.5
2022-08-13,51,9.2
2022-08-14,51,9.2
2022-08-15,48,8.6
2022-08-16,47,8.4
2022-08-17,53,10.2
2022-08-18,44,7.9
2022-08-19,53,10.3
2022-08-20,57,12.1
2022-08-21,33,6.0
2022-08-22,51,9.3
2022-08-23,53,10.0
2022-08-24,47,8.5
2022-08-25,56,11.7
2022-08-26,47,8.4
2022-08-27,38,6.8
2022-08-28,53,10.2
2022-08-29,31,5.6
2022-08-30,28,5.0
2022-08-31,49,8.8
2022-09-01,51,9.1
2022-09-02,49,8.8
2022-09-03,56,11.7
2022-09-04,53,10.2
2022-09-05,33,6.0
2022-09-06,46,8.3
2022-09-07,36,6.5
2022-09-08,38,6.8
2022-09-09,52,9.7
2022-09-10,60,13.8
2022-09-11,22,4.0
2022-09-12,24,4.4
2022-09-13,41,7.3
2022-09-14,38,6.9
2022-09-15,54,10.5
2022-09-16,60,14.0
2022-09-17,64,16.1
2022-09-18,59,13.6
2022-09-19,48,8.7
2022-09-20,42,7.6
2022-09-21,52,9.4
2022-09-22,7,1.3
2022-09-23,11,2.0
2022-09-24,31,5.6
2022-09-25,42,7.6
2022-09-26,14,2.5
2022-09-27,17,3.0
2022-09-28,13,2.3
2022-09-29,29,5.3
2022-09-30,54,10.5
2022-10-01,47,8.5
2022-10-02,26,4.6
2022-10-03,31,5.5
2022-10-04,44,8.0
2022-10-05,54,10.5
2022-10-06,53,10.3
2022-10-07,7,1.3
2022-10-08,17,3.1
2022-10-09,49,8.9
2022-10-10,63,15.5
2022-10-11,49,8.8
2022-10-12,52,9.8
2022-10-13,49,8.8
2022-10-14,34,6.1
2022-10-15,36,6.4
2022-10-16,31,5.5
2022-10-17,6,1.0
2022-10-18,9,1.7
2022-10-19,21,3.7
2022-10-20,36,6.5
2022-10-21,56,11.8
2022-10-22,63,15.7
2022-10-23,53,10.2
2022-10-24,63,15.4
2022-10-25,59,13.2
2022-10-26,11,2.0
2022-10-27,57,12.3
2022-10-28,83,26.4
2022-10-29,92,31.2
2022-10-30,96,33.3
2022-10-31,61,14.5
2022-11-01,77,22.9
2022-11-02,92,31.0
2022-11-03,60,13.9
2022-11-04,52,9.9
2022-11-05,48,8.7
2022-11-06,29,5.3
2022-11-07,25,4.5
2022-11-08,38,6.9
2022-11-09,61,14.5
2022-11-10,55,11.0
2022-11-11,51,9.2
2022-11-12,28,5.0
2022-11-13,10,1.8
2022-11-14,52,9.8
2022-11-15,58,13.1
2022-11-16,48,8.6
2022-11-17,55,11.4
2022-11-18,41,7.4
2022-11-19,22,3.9
2022-11-20,29,5.2
2022-11-21,55,11.1
2022-11-22,62,15.0
2022-11-23,74,21.3
2022-11-24,75,22.2
2022-11-25,52,9.9
2022-11-26,58,12.9
2022-11-27,58,12.8
2022-11-28,18,3.2
2022-11-29,59,13.5
2022-11-30,46,8.3
2022-12-01,42,7.6
2022-12-02,34,6.1
2022-12-03,42,7.5
2022-12-04,32,5.8
2022-12-05,55,11.3
2022-12-06,74,21.3
2022-12-07,72,20.4
2022-12-08,74,21.2
2022-12-09,62,14.8
2022-12-10,62,15.0
2022-12-11,60,13.8
2022-12-12,55,11.1
2022-12-13,53,10.4
2022-12-14,55,11.2
2022-12-15,41,7.3
2022-12-16,31,5.6
2022-12-17,48,8.6
2022-12-18,38,6.8
2022-12-19,56,11.9
2022-12-20,73,21.1
2022-12-21,73,21.0
2022-12-22,72,20.5
2022-12-23,44,7.9
2022-12-24,40,7.2
2022-12-25,21,3.7
2022-12-26,49,8.8
2022-12-27,74,21.3
2022-12-28,57,12.4
2022-12-29,51,9.2
2022-12-30,56,12.0
2022-12-31,70,19.4
2023-01-01,69,18.5
2023-01-02,66,17.2
2023-01-03,41,7.4
2023-01-04,43,7.8
2023-01-05,52,9.8
2023-01-06,54,10.6
2023-01-07,54,10.9
2023-01-08,57,12.4
2023-01-09,65,16.4
2023-01-10,62,15.2
2023-01-11,79,23.9
2023-01-12,74,21.3
2023-01-13,15,2.7
2023-01-14,36,6.4
2023-01-15,55,11.5
2023-01-16,44,7.9
2023-01-17,57,12.4
2023-01-18,36,6.5
2023-01-19,31,5.6
2023-01-20,28,5.1
2023-01-21,46,8.2
2023-01-22,59,13.6
2023-01-23,54,10.9
2023-01-24,63,15.8
2023-01-25,63,15.8
2023-01-26,58,12.7
2023-01-27,41,7.3
2023-01-28,60,14.0
2023-01-29,56,11.9
2023-01-30,27,4.9
2023-01-31,52,9.5
2023-02-01,52,9.8
2023-02-02,56,11.8
2023-02-03,21,3.7
2023-02-04,47,8.4
2023-02-05,52,9.8
2023-02-06,57,12.3
2023-02-07,61,14.6
2023-02-08,69,18.8
2023-02-09,42,7.5
2023-02-10,43,7.7
2023-02-11,48,8.7
2023-02-12,39,7.0
2023-02-13,42,7.6
2023-02-14,49,8.8
2023-02-15,37,6.7
2023-02-16,32,5.7
2023-02-17,16,2.8
2023-02-18,34,6.1
2023-02-19,31,5.6
2023-02-20,49,8.8
2023-02-21,45,8.1
2023-02-22,37,6.7
2023-02-23,29,5.3
2023-02-24,18,3.2
2023-02-25,53,10.1
2023-02-26,57,12.2
2023-02-27,49,8.8
2023-02-28,31,5.5
2023-03-01,58,12.6
2023-03-02,31,5.5
2023-03-03,58,13.0
2023-03-04,61,14.3
2023-03-05,59,13.4
2023-03-06,55,11.0
2023-03-07,24,4.3
2023-03-08,22,3.9
2023-03-09,22,4.0
2023-03-10,28,5.0
2023-03-11,24,4.4
2023-03-12,46,8.3
2023-03-13,28,5.0
2023-03-14,20,3.6
2023-03-15,48,8.7
2023-03-16,48,8.6
2023-03-17,27,4.8
2023-03-18,25,4.5
2023-03-19,26,4.7
2023-03-20,41,7.4
2023-03-21,53,10.1
2023-03-22,60,13.7
2023-03-23,42,7.6
2023-03-24,46,8.3
2023-03-25,21,3.7
2023-03-26,43,7.7
2023-03-27,42,7.6
2023-03-28,33,6.0
2023-03-29,51,9.3
2023-03-30,52,9.5
2023-03-31,51,9.1
2023-04-01,31,5.5
2023-04-02,29,5.2
2023-04-03,24,4.4
2023-04-04,54,10.5
2023-04-05,52,9.4
2023-04-06,22,3.9
2023-04-07,41,7.4
2023-04-08,60,13.7
2023-04-09,55,11.1
2023-04-10,58,12.6
2023-04-11,52,9.9
2023-04-12,43,7.8
2023-04-13,54,10.6
2023-04-14,65,16.8
2023-04-15,54,10.9
2023-04-16,24,4.4
2023-04-17,14,2.5
2023-04-18,28,5.0
2023-04-19,57,12.2
2023-04-20,54,10.8
2023-04-21,18,3.2
2023-04-22,30,5.4
2023-04-23,27,4.8
2023-04-24,48,8.7
2023-04-25,59,13.2
2023-04-26,26,4.6
2023-04-27,43,7.7
2023-04-28,54,10.6
2023-04-29,58,13.1
2023-04-30,12,2.2
2023-05-01,6,1.0
2023-05-02,9,1.7
2023-05-03,9,1.6
2023-05-04,33,5.9
2023-05-05,30,5.4
2023-05-06,39,7.0
2023-05-07,55,11.5
2023-05-08,55,11.3
2023-05-09,29,5.2
2023-05-10,52,9.4
2023-05-11,55,11.5
2023-05-12,59,13.2
2023-05-13,59,13.5
2023-05-14,43,7.8
2023-05-15,27,4.8
2023-05-16,51,9.2
2023-05-17,43,7.7
2023-05-18,34,6.2
2023-05-19,74,21.2
2023-05-20,57,12.5
2023-05-21,52,9.5
2023-05-22,66,17.4
2023-05-23,55,11.3
2023-05-24,61,14.7
2023-05-25,25,4.5
2023-05-26,44,7.9
2023-05-27,49,8.8
2023-05-28,51,9.2
2023-05-29,57,12.1
2023-05-30,49,8.8
2023-05-31,40,7.2
2023-06-01,51,9.2
2023-06-02,56,11.9
2023-06-03,64,16.3
2023-06-04,59,13.6
2023-06-05,61,14.2
2023-06-06,95,32.8
2023-06-07,88,29.1
2023-06-08,63,15.8
2023-06-09,94,32.2
2023-06-10,76,22.7
2023-06-11,64,15.9
2023-06-12,41,7.3
2023-06-13,53,10.2
2023-06-14,33,5.9
2023-06-15,70,19.5
2023-06-16,61,14.7
2023-06-17,72,20.6
2023-06-18,105,37.0
2023-06-19,72,20.2
2023-06-20,71,19.7
2023-06-21,74,21.4
2023-06-22,56,11.8
2023-06-23,38,6.8
2023-06-24,56,12.0
2023-06-25,58,12.6
2023-06-26,73,21.1
2023-06-27,223,147.3
2023-06-28,193,115.5
2023-06-29,142,52.2
2023-06-30,94,32.4
2023-07-01,58,12.7
2023-07-02,27,4.9
2023-07-03,58,12.6
2023-07-04,86,27.9
2023-07-05,60,14.1
2023-07-06,51,9.2
2023-07-07,52,9.6
2023-07-08,41,7.4
2023-07-09,49,8.8
2023-07-10,51,9.1
2023-07-11,47,8.5
2023-07-12,33,6.0
2023-07-13,21,3.8
2023-07-14,42,7.5
2023-07-15,39,7.1
2023-07-16,111,39.6
2023-07-17,78,23.7
2023-07-18,38,6.9
2023-07-19,53,10.4
2023-07-20,55,11.0
2023-07-21,39,7.1
2023-07-22,55,11.1
2023-07-23,55,11.5
2023-07-24,81,25.3
2023-07-25,144,52.9
2023-07-26,72,20.3
2023-07-27,56,11.6
2023-07-28,42,7.6
2023-07-29,20,3.6
2023-07-30,32,5.7
2023-07-31,35,6.3
2023-08-01,51,9.1
2023-08-02,64,16.3
2023-08-03,73,21.1
2023-08-04,68,18.1
2023-08-05,73,21.1
2023-08-06,61,14.7
2023-08-07,26,4.6
2023-08-08,58,12.8
2023-08-09,64,16.3
2023-08-10,64,16.3
2023-08-11,55,11.0
2023-08-12,33,6.0
2023-08-13,31,5.6
2023-08-14,31,5.5
2023-08-15,56,11.6
2023-08-16,47,8.5
2023-08-17,53,10.3
2023-08-18,68,18.0
2023-08-19,69,18.8
2023-08-20,62,14.8
2023-08-21,73,21.0
2023-08-22,55,11.0
2023-08-23,64,15.9
2023-08-24,66,16.9
2023-08-25,35,6.3
2023-08-26,36,6.4
2023-08-27,47,8.4
2023-08-28,51,9.2
2023-08-29,58,12.8
2023-08-30,19,3.5
2023-08-31,26,4.6
2023-09-01,36,6.5
2023-09-02,47,8.4
2023-09-03,52,9.5
2023-09-04,52,9.7
2023-09-05,34,6.2
2023-09-06,51,9.2
2023-09-07,31,5.5
2023-09-08,24,4.4
2023-09-09,38,6.9
2023-09-10,53,10.0
2023-09-11,46,8.3
2023-09-12,19,3.4
2023-09-13,33,6.0
2023-09-14,,5.146154
2023-09-15,44,8.0
2023-09-16,57,12.3
2023-09-17,54,10.9
2023-09-18,19,3.4
2023-09-19,39,7.1
2023-09-20,51,9.1
2023-09-21,54,10.6
2023-09-22,56,11.8
2023-09-23,53,10.0
2023-09-24,47,8.4
2023-09-25,46,8.2
2023-09-26,,7.625
2023-09-27,33,5.9
2023-09-28,,6.890909
2023-09-29,56,11.9
2023-09-30,52,9.9
2023-10-01,58,12.7
2023-10-02,57,12.4
2023-10-03,53,10.0
2023-10-04,55,11.0
2023-10-05,61,14.3
2023-10-06,26,4.7
2023-10-07,14,2.5
2023-10-08,18,3.3
2023-10-09,21,3.7
2023-10-10,29,5.2
2023-10-11,44,8.0
2023-10-12,46,8.2
2023-10-13,29,5.3
2023-10-14,13,2.4
2023-10-15,12,2.2
2023-10-16,19,3.4
2023-10-17,37,6.7
2023-10-18,48,8.6
2023-10-19,58,12.6
2023-10-20,27,4.9
2023-10-21,38,6.8
2023-10-22,19,3.5
2023-10-23,33,5.9
2023-10-24,46,8.2
2023-10-25,53,10.3
2023-10-26,48,8.6
2023-10-27,34,6.2
2023-10-28,24,4.3
2023-10-29,23,4.1
2023-10-30,18,3.2
2023-10-31,43,7.7
2023-11-01,41,7.3
2023-11-02,32,5.7
2023-11-03,36,6.4
2023-11-04,61,14.2
2023-11-05,58,13.0
2023-11-06,52,9.6
2023-11-07,30,5.4
2023-11-08,42,7.5
2023-11-09,31,5.5
2023-11-10,29,5.2
2023-11-11,33,5.9
2023-11-12,42,7.5
2023-11-13,46,8.2
2023-11-14,53,10.0
2023-11-15,58,13.0
2023-11-16,60,13.9
2023-11-17,24,4.4
2023-11-18,44,7.9
2023-11-19,58,12.9
2023-11-20,23,4.2
2023-11-21,49,8.8
2023-11-22,27,4.9
2023-11-23,36,6.4
2023-11-24,22,4.0
2023-11-25,59,13.4
2023-11-26,67,17.5
2023-11-27,36,6.4
2023-11-28,26,4.7
2023-11-29,52,9.5
2023-11-30,55,11.3
2023-12-01,55,11.1
2023-12-02,32,5.8
2023-12-03,44,8.0
2023-12-04,32,5.7
2023-12-05,43,7.8
2023-12-06,48,8.6
2023-12-07,52,9.9
2023-12-08,48,8.6
2023-12-09,29,5.2
2023-12-10,26,4.7
2023-12-11,36,6.5
2023-12-12,39,7.1
2023-12-13,34,6.1
2023-12-14,49,8.8
2023-12-15,59,13.2
2023-12-16,61,14.3
2023-12-17,51,9.2
2023-12-18,19,3.4
2023-12-19,26,4.7
2023-12-20,49,8.8
2023-12-21,64,16.0
2023-12-22,67,17.7
2023-12-23,61,14.5
2023-12-24,68,18.2
2023-12-25,52,9.9
2023-12-26,13,2.4
2023-12-27,32,5.7
2023-12-28,17,3.0
2023-12-29,14,2.6
2023-12-30,43,7.7
2023-12-31,51,9.2
2024-01-01,22,3.9
2024-01-02,38,6.8
2024-01-03,52,9.8
2024-01-04,13,2.4
2024-01-05,50,9.0
2024-01-06,64,16.2
2024-01-07,69,18.6
2024-01-08,55,11.1
2024-01-09,32,5.7
2024-01-10,21,3.8
2024-01-11,55,11.1
2024-01-12,51,9.3
2024-01-13,24,4.4
2024-01-14,29,5.3
2024-01-15,30,5.4
2024-01-16,42,7.5
2024-01-17,21,3.7
2024-01-18,47,8.4
2024-01-19,44,8.0
2024-01-20,33,6.0
2024-01-21,46,8.2
2024-01-22,42,7.6
2024-01-23,52,9.8
2024-01-24,39,7.1
2024-01-25,43,7.8
2024-01-26,23,4.2
2024-01-27,37,6.6
2024-01-28,18,3.3
2024-01-29,46,8.2
2024-01-30,51,9.3
2024-01-31,34,6.2
2024-02-01,54,10.9
2024-02-02,37,6.6
2024-02-03,60,14.1
2024-02-04,62,14.9
2024-02-05,58,12.6
2024-02-06,67,17.9
2024-02-07,66,17.1
2024-02-08,46,8.3
2024-02-09,32,5.8
2024-02-10,27,4.8
2024-02-11,43,7.8
2024-02-12,44,7.9
2024-02-13,46,8.2
2024-02-14,44,8.0
2024-02-15,26,4.7
2024-02-16,17,3.1
2024-02-17,20,3.6
2024-02-18,32,5.7
2024-02-19,50,9.0
2024-02-20,61,14.5
2024-02-21,69,18.6
2024-02-22,61,14.7
2024-02-23,43,7.8
2024-02-24,16,2.8
2024-02-25,36,6.5
2024-02-26,54,10.8
2024-02-27,59,13.5
2024-02-28,26,4.6
2024-02-29,22,3.9
2024-03-01,40,7.2
2024-03-02,71,20.0
2024-03-03,52,9.9
2024-03-04,47,8.5
2024-03-05,41,7.3
2024-03-06,20,3.6
2024-03-07,27,4.8
2024-03-08,,4.39
2024-03-09,16,2.8
2024-03-10,11,2.0
2024-03-11,28,5.0
2024-03-12,46,8.2
2024-03-13,64,16.3
2024-03-14,48,8.6
2024-03-15,19,3.4
2024-03-16,17,3.1
2024-03-17,12,2.2
2024-03-18,11,2.0
2024-03-19,35,6.3
2024-03-20,23,4.1
2024-03-21,24,4.4
2024-03-22,37,6.7
2024-03-23,38,6.9
2024-03-24,21,3.8
2024-03-25,26,4.7
2024-03-26,21,3.8
2024-03-27,33,6.0
2024-03-28,49,8.8
2024-03-29,58,12.6
2024-03-30,50,9.0
2024-03-31,32,5.7
2024-04-01,53,10.4
2024-04-02,25,4.5
2024-04-03,4,0.7
2024-04-04,11,1.9
2024-04-05,11,2.0
2024-04-06,19,3.4
2024-04-07,26,4.6
2024-04-08,29,5.3
2024-04-09,28,5.1
2024-04-10,31,5.6
2024-04-11,18,3.2
2024-04-12,17,3.1
2024-04-13,18,3.3
2024-04-14,36,6.5
2024-04-15,31,5.6
2024-04-16,31,5.6
2024-04-17,30,5.4
2024-04-18,14,2.6
2024-04-19,21,3.8
2024-04-20,16,2.9
2024-04-21,21,3.7
2024-04-22,35,6.3
2024-04-23,28,5.1
2024-04-24,19,3.4
2024-04-25,37,6.7
2024-04-26,32,5.8
2024-04-27,41,7.3
2024-04-28,53,10.2
2024-04-29,29,5.2
2024-04-30,21,3.8
2024-05-01,26,4.7
2024-05-02,29,5.3
2024-05-03,28,5.1
2024-05-04,41,7.4
2024-05-05,21,3.7
2024-05-06,22,4.0
2024-05-07,29,5.3
2024-05-08,28,5.1
2024-05-09,17,3.1
2024-05-10,23,4.1
2024-05-11,21,3.8
2024-05-12,46,8.3
2024-05-13,38,6.8
2024-05-14,48,8.7
2024-05-15,47,8.5
2024-05-16,51,9.2
2024-05-17,55,11.3
2024-05-18,54,10.5
2024-05-19,43,7.7
2024-05-20,38,6.9
2024-05-21,46,8.3
2024-05-22,29,5.2
2024-05-23,41,7.3
2024-05-24,39,7.0
2024-05-25,26,4.6
2024-05-26,39,7.0
2024-05-27,21,3.8
2024-05-28,18,3.3
2024-05-29,21,3.7
2024-05-30,29,5.2
2024-05-31,56,12.0
2024-06-01,51,9.3
2024-06-02,32,5.8
2024-06-03,42,7.5
2024-06-04,45,8.1
2024-06-05,38,6.8
2024-06-06,21,3.7
2024-06-07,21,3.7
2024-06-08,31,5.6
2024-06-09,27,4.9
2024-06-10,18,3.2
2024-06-11,23,4.2
2024-06-12,31,5.6
2024-06-13,39,7.0
2024-06-14,28,5.1
2024-06-15,28,5.0
2024-06-16,43,7.8
2024-06-17,62,15.0
2024-06-18,31,5.6
2024-06-19,53,10.1
2024-06-20,59,13.2
2024-06-21,58,13.1
2024-06-22,55,11.0
2024-06-23,16,2.9
2024-06-24,29,5.3
2024-06-25,20,3.6
2024-06-26,32,5.7
2024-06-27,16,2.9
2024-06-28,39,7.0
2024-06-29,54,10.5
2024-06-30,10,1.8
2024-07-01,18,3.2
2024-07-02,24,4.4
2024-07-03,53,10.0
2024-07-04,76,22.6
2024-07-05,80,24.4
2024-07-06,43,7.8
2024-07-07,60,13.9
2024-07-08,57,12.4
2024-07-09,44,8.0
2024-07-10,27,4.9
2024-07-11,45,8.1
2024-07-12,51,9.2
2024-07-13,56,11.6
2024-07-14,31,5.5
2024-07-15,31,5.5
2024-07-16,32,5.8
2024-07-17,34,6.2
2024-07-18,19,3.4
2024-07-19,39,7.0
2024-07-20,57,12.4
2024-07-21,59,13.5
2024-07-22,53,10.2
2024-07-23,54,10.8
2024-07-24,55,11.5
2024-07-25,32,5.7
2024-07-26,44,7.9
2024-07-27,52,9.8
2024-07-28,57,12.1
2024-07-29,43,7.7
2024-07-30,36,6.4
2024-07-31,41,7.3
2024-08-01,31,5.6
2024-08-02,51,9.3
2024-08-03,64,16.3
2024-08-04,55,11.1
2024-08-05,52,9.6
2024-08-06,53,10.0
2024-08-07,26,4.7
2024-08-08,35,6.3
2024-08-09,23,4.1
2024-08-10,25,4.5
2024-08-11,28,5.0
2024-08-12,31,5.6
2024-08-13,51,9.2
2024-08-14,58,12.6
2024-08-15,55,11.2
2024-08-16,39,7.1
2024-08-17,39,7.0
2024-08-18,47,8.5
2024-08-19,47,8.5
2024-08-20,27,4.8
2024-08-21,27,4.8
2024-08-22,40,7.2
2024-08-23,53,10.2
2024-08-24,63,15.6
2024-08-25,58,13.1
2024-08-26,57,12.3
2024-08-27,56,11.6
2024-08-28,27,4.8
2024-08-29,38,6.9
2024-08-30,50,9.0
2024-08-31,31,5.5
2024-09-01,37,6.6
2024-09-02,21,3.8
2024-09-03,28,5.0
2024-09-04,29,5.3
2024-09-05,52,9.4
2024-09-06,19,3.5
2024-09-07,11,1.9
2024-09-08,22,4.0
2024-09-09,32,5.7
2024-09-10,29,5.2
2024-09-11,44,7.9
2024-09-12,57,12.2
2024-09-13,52,9.8
2024-09-14,38,6.9
2024-09-15,35,6.3
2024-09-16,52,9.6
2024-09-17,52,9.7
2024-09-18,42,7.6
2024-09-19,52,9.5
2024-09-20,47,8.5
2024-09-21,52,9.5
2024-09-22,42,7.5
2024-09-23,29,5.3
2024-09-24,23,4.2
2024-09-25,19,3.5
2024-09-26,27,4.8
2024-09-27,23,4.2
2024-09-28,29,5.2
2024-09-29,22,4.0
2024-09-30,37,6.7
2024-10-01,34,6.1
2024-10-02,29,5.2
2024-10-03,35,6.3
2024-10-04,36,6.4
2024-10-05,41,7.4
2024-10-06,41,7.4
2024-10-07,18,3.3
2024-10-08,36,6.5
2024-10-09,22,3.9
2024-10-10,31,5.5
2024-10-11,52,9.5
2024-10-12,47,8.5
2024-10-13,22,3.9
2024-10-14,9,1.7
2024-10-15,7,1.3
2024-10-16,13,2.4
2024-10-17,30,5.4
2024-10-18,41,7.3
2024-10-19,61,14.5
2024-10-20,54,10.7
2024-10-21,55,11.2
2024-10-22,46,8.3
2024-10-23,45,8.1
2024-10-24,27,4.9
2024-10-25,38,6.8
2024-10-26,34,6.1
2024-10-27,51,9.1
2024-10-28,47,8.4
2024-10-29,60,13.8
2024-10-30,58,12.6
2024-10-31,24,4.4
2024-11-01,12,2.2
2024-11-02,62,15.2
2024-11-03,45,8.1
2024-11-04,34,6.1
2024-11-05,28,5.1
2024-11-06,21,3.7
2024-11-07,24,4.3
2024-11-08,42,7.5
2024-11-09,42,7.5
2024-11-10,26,4.6
2024-11-11,14,2.6
2024-11-12,18,3.2
2024-11-13,29,5.3
2024-11-14,33,5.9
2024-11-15,15,2.7
2024-11-16,28,5.0
2024-11-17,47,8.5
2024-11-18,69,18.9
2024-11-19,39,7.0
2024-11-20,13,2.3
2024-11-21,24,4.4
2024-11-22,18,3.3
2024-11-23,18,3.2
2024-11-24,61,14.2
2024-11-25,44,8.0
2024-11-26,18,3.2
2024-11-27,53,10.0
2024-11-28,41,7.3
2024-11-29,40,7.2
2024-11-30,38,6.8
2024-12-01,41,7.4
2024-12-02,43,7.7
2024-12-03,48,8.6
2024-12-04,54,10.5
2024-12-05,15,2.7
2024-12-06,26,4.7
2024-12-07,39,7.0
2024-12-08,38,6.9
2024-12-09,36,6.4
2024-12-10,29,5.2
2024-12-11,33,5.9
2024-12-12,23,4.1
2024-12-13,38,6.9
2024-12-14,59,13.4
2024-12-15,46,8.3
2024-12-16,39,7.1
2024-12-17,56,11.8
2024-12-18,55,11.4
2024-12-19,52,9.4
2024-12-20,51,9.2
2024-12-21,17,3.0
2024-12-22,37,6.7
2024-12-23,36,6.4
2024-12-24,46,8.3
2024-12-25,64,16.3
2024-12-26,74,21.2
2024-12-27,55,11.4
2024-12-28,46,8.3
2024-12-29,23,4.2
2024-12-30,46,8.3
2024-12-31,24,4.4
2025-01-01,24,4.4
2025-01-02,26,4.7
2025-01-03,26,4.6
2025-01-04,17,3.1
2025-01-05,30,5.4
2025-01-06,22,3.9
2025-01-07,12,2.2
2025-01-08,30,5.4
2025-01-09,43,7.8
2025-01-10,74,21.5
2025-01-11,55,11.2
2025-01-12,56,11.6
2025-01-13,26,4.7
2025-01-14,28,5.1
2025-01-15,56,11.8
2025-01-16,55,11.2
2025-01-17,48,8.6
2025-01-18,16,2.9
2025-01-19,13,2.4
2025-01-20,22,4.0
2025-01-21,25,4.5
2025-01-22,34,6.1
2025-01-23,33,5.9
2025-01-24,51,9.1
2025-01-25,41,7.4
2025-01-26,27,4.9
2025-01-27,27,4.8
2025-01-28,24,4.4
2025-01-29,24,4.4
2025-01-30,43,7.8
2025-01-31,47,8.5
2025-02-01,15,2.7
2025-02-02,56,12.0
2025-02-03,60,14.1
2025-02-04,18,3.3
2025-02-05,32,5.7
2025-02-06,39,7.0
2025-02-07,28,5.1
2025-02-08,46,8.2
2025-02-09,33,6.0
2025-02-10,46,8.2
2025-02-11,54,10.6
2025-02-12,60,13.7
2025-02-13,46,8.3
2025-02-14,53,10.4
2025-02-15,55,11.0
2025-02-16,42,7.5
2025-02-17,27,4.9
2025-02-18,31,5.5
2025-02-19,26,4.6
2025-02-20,26,4.7
2025-02-21,54,10.9
2025-02-22,51,9.2
2025-02-23,57,12.1
2025-02-24,53,10.4
2025-02-25,52,9.6
2025-02-26,50,9.0
2025-02-27,58,12.6
2025-02-28,26,4.6
2025-03-01,13,2.3
2025-03-02,39,7.0
2025-03-03,41,7.4
2025-03-04,39,7.1
2025-03-05,20,3.6
2025-03-06,14,2.5
2025-03-07,42,7.5
2025-03-08,23,4.1
2025-03-09,29,5.3
2025-03-10,27,4.9
2025-03-11,28,5.0
2025-03-12,29,5.2
2025-03-13,51,9.1
2025-03-14,43,7.8
2025-03-15,90,30.0
2025-03-16,16,2.8
2025-03-17,32,5.7
2025-03-18,23,4.2
2025-03-19,29,5.3
2025-03-20,12,2.2
2025-03-21,22,3.9
2025-03-22,20,3.6
2025-03-23,29,5.2
2025-03-24,33,5.9
2025-03-25,32,5.7
2025-03-26,29,5.3
2025-03-27,44,7.9
2025-03-28,48,8.6
2025-03-29,50,9.0
2025-03-30,39,7.1
2025-03-31,13,2.3
2025-04-01,21,3.8
2025-04-02,31,5.6
2025-04-03,24,4.4
2025-04-04,21,3.7
2025-04-05,19,3.5
2025-04-06,21,3.8
2025-04-07,18,3.3
2025-04-08,17,3.1
2025-04-09,33,6.0
2025-04-10,42,7.6
2025-04-11,47,8.5
2025-04-12,51,9.2
2025-04-13,39,7.0
2025-04-14,28,5.0
2025-04-15,13,2.3
2025-04-16,10,1.8
2025-04-17,38,6.8
2025-04-18,58,12.7
2025-04-19,44,8.0
2025-04-20,31,5.6
2025-04-21,19,3.5
2025-04-22,19,3.5
2025-04-23,32,5.8
2025-04-24,45,8.1
2025-04-25,43,7.8
2025-04-26,18,3.2
2025-04-27,32,5.8
2025-04-28,28,5.0
2025-04-29,36,6.4
2025-04-30,17,3.0
2025-05-01,32,5.7
2025-05-02,40,7.2
2025-05-03,22,4.0
2025-05-04,14,2.5
2025-05-05,23,4.2
2025-05-06,31,5.6
2025-05-07,34,6.2
2025-05-08,20,3.6
2025-05-09,26,4.7
2025-05-10,33,6.0
2025-05-11,28,5.1
2025-05-12,29,5.2
2025-05-13,28,5.1
2025-05-14,42,7.5
2025-05-15,58,13.0
2025-05-16,51,9.3
2025-05-17,21,3.8
2025-05-18,17,3.1
2025-05-19,14,2.5
2025-05-20,31,5.6
2025-05-21,31,5.5
2025-05-22,9,1.7
2025-05-23,13,2.3
2025-05-24,21,3.8
2025-05-25,22,3.9
2025-05-26,23,4.1
2025-05-27,24,4.3
2025-05-28,39,7.1
2025-05-29,48,8.7
2025-05-30,63,15.7
2025-05-31,41,7.3
2025-06-01,28,5.0
2025-06-02,53,10.0
2025-06-03,60,13.9
2025-06-04,66,17.2
2025-06-05,89,29.6
2025-06-06,81,25.1
2025-06-07,105,37.2
2025-06-08,75,22.2
2025-06-09,60,14.0
2025-06-10,64,16.3
2025-06-11,71,19.6
2025-06-12,79,24.3
2025-06-13,75,22.0
2025-06-14,64,16.2
2025-06-15,59,13.5
2025-06-16,59,13.4
2025-06-17,49,8.8
2025-06-18,36,6.4
2025-06-19,29,5.2
2025-06-20,41,7.4
2025-06-21,52,9.4
2025-06-22,54,10.8
2025-06-23,58,12.8
2025-06-24,54,10.8
2025-06-25,28,5.0
2025-06-26,43,7.8
2025-06-27,33,6.0
2025-06-28,24,4.3
2025-06-29,39,7.1
2025-06-30,42,7.5
2025-07-01,34,6.2
2025-07-02,56,11.9
2025-07-03,52,9.5
2025-07-04,90,30.0
2025-07-05,65,16.8
2025-07-06,52,9.5
2025-07-07,58,12.9
2025-07-08,72,20.4
2025-07-09,57,12.4
2025-07-10,47,8.5
2025-07-11,42,7.5
2025-07-12,42,7.5
2025-07-13,61,14.5
2025-07-14,94,32.3
2025-07-15,74,21.6
2025-07-16,37,6.6
2025-07-17,14,2.5
2025-07-18,29,5.2
2025-07-19,27,4.9
2025-07-20,31,5.6
2025-07-21,57,12.4
2025-07-22,67,17.6
2025-07-23,56,11.9
2025-07-24,54,10.5
2025-07-25,31,5.6
2025-07-26,26,4.6
2025-07-27,34,6.2
2025-07-28,36,6.4
2025-07-29,41,7.3
2025-07-30,55,11.1
2025-07-31,127,46.2
2025-08-01,113,40.4
2025-08-02,69,18.7
2025-08-03,71,19.7
2025-08-04,64,16.2
2025-08-05,88,29.1
2025-08-06,70,19.3
2025-08-07,51,9.2
2025-08-08,54,10.6
2025-08-09,54,10.8
2025-08-10,52,9.8
2025-08-11,52,9.7
2025-08-12,43,7.7
2025-08-13,56,11.7
2025-08-14,68,18.3
2025-08-15,67,17.9
2025-08-16,55,11.5
2025-08-17,36,6.4
2025-08-18,29,5.3
2025-08-19,18,3.3
2025-08-20,15,2.7
2025-08-21,25,4.5
2025-08-22,30,5.4
2025-08-23,32,5.7
2025-08-24,18,3.3
2025-08-25,17,3.0
2025-08-26,24,4.4
2025-08-27,35,6.3
2025-08-28,28,5.1
2025-08-29,13,2.4
2025-08-30,27,4.8
2025-08-31,32,5.7
2025-09-01,41,7.3
2025-09-02,43,7.8
2025-09-03,51,9.3
2025-09-04,31,5.5
2025-09-05,52,9.4
2025-09-06,22,4.0
2025-09-07,19,3.5
2025-09-08,32,5.8
2025-09-09,40,7.2
2025-09-10,51,9.2
2025-09-11,50,9.0
2025-09-12,58,12.6
2025-09-13,57,12.5
2025-09-14,56,11.8
2025-09-15,54,10.5
2025-09-16,46,8.2
2025-09-17,53,10.1
2025-09-18,57,12.2
2025-09-19,55,11.5
2025-09-20,47,8.4
2025-09-21,42,7.5
2025-09-22,29,5.3
2025-09-23,37,6.6
2025-09-24,36,6.4
2025-09-25,21,3.8
2025-09-26,50,9.0
2025-09-27,58,13.0
2025-09-28,55,11.5
2025-09-29,56,11.6
2025-09-30,52,9.4
2025-10-01,26,4.6
2025-10-02,37,6.6
2025-10-03,55,11.1
2025-10-04,55,11.2
2025-10-05,46,8.3
2025-10-06,25,4.5
2025-10-07,17,3.0
2025-10-08,18,3.3
2025-10-09,23,4.2
2025-10-10,29,5.2
2025-10-11,23,4.1
2025-10-12,36,6.5
2025-10-13,51,9.3
2025-10-14,44,8.0
2025-10-15,23,4.1
2025-10-16,24,4.4
2025-10-17,23,4.2
2025-10-18,45,8.1
2025-10-19,14,2.5
2025-10-20,21,3.7
2025-10-21,19,3.4
2025-10-22,8,1.5
2025-10-23,13,2.3
2025-10-24,29,5.3
2025-10-25,46,8.3
2025-10-26,46,8.2
2025-10-27,19,3.5
2025-10-28,16,2.9
2025-10-29,19,3.5
2025-10-30,22,4.0
2025-10-31,44,8.0
2025-11-01,55,11.2
2025-11-02,55,11.3
2025-11-03,21,3.8
2025-11-04,28,5.1
2025-11-05,38,6.8
2025-11-06,34,6.1
2025-11-07,34,6.2
2025-11-08,27,4.9
2025-11-09,8,1.5
2025-11-10,11,1.9
2025-11-11,21,3.7
2025-11-12,26,4.6
2025-11-13,35,6.3
2025-11-14,58,13.0
2025-11-15,50,9.0
2025-11-16,12,2.1
2025-11-17,25,4.5
2025-11-18,37,6.6
2025-11-19,74,21.4
2025-11-20,72,20.6
2025-11-21,69,18.8
2025-11-22,36,6.4
2025-11-23,49,8.8
2025-11-24,68,18.2
2025-11-25,58,12.7
2025-11-26,17,3.1
2025-11-27,4,0.7
2025-11-28,17,3.0
2025-11-29,33,5.9
2025-11-30,19,3.4
2025-12-01,24,4.4
2025-12-02,64,16.2
2025-12-03,58,13.1
2025-12-04,21,3.8
2025-12-05,54,10.7
2025-12-06,63,15.4
2025-12-07,54,10.9
2025-12-08,26,4.7
2025-12-09,57,12.5
2025-12-10,26,4.7
2025-12-11,38,6.8
2025-12-12,58,12.8
2025-12-13,35,6.3
2025-12-14,15,2.7
2025-12-15,37,6.7
2025-12-16,52,9.9
2025-12-17,57,12.1
2025-12-18,46,8.2
2025-12-19,27,4.9
2025-12-20,22,4.0
2025-12-21,31,5.6
2025-12-22,29,5.3
2025-12-23,56,11.7
2025-12-24,73,21.1
2025-12-25,66,17.2
2025-12-26,50,9.0
2025-12-27,36,6.5
2025-12-28,42,7.5
2025-12-29,15,2.7
2025-12-30,36,6.5
2025-12-31,31,5.5
