date,aqi,value
1999-01-22,79,24.3
1999-01-23,91,30.8
1999-01-24,67,17.6
1999-01-25,54,10.7
1999-01-26,58,12.9
1999-01-27,52,9.8
1999-01-28,76,22.6
1999-01-29,101,35.5
1999-01-30,97,33.7
1999-01-31,73,20.8
1999-02-01,91,30.5
1999-02-02,69,18.7
1999-02-03,84,26.9
1999-02-05,77,23.3
1999-02-06,70,19.4
1999-02-07,70,19.1
1999-02-08,70,19.3
1999-02-09,56,11.8
1999-02-10,32,5.7
1999-02-11,70,19.1
1999-02-12,62,15.0
1999-02-13,74,21.5
1999-02-14,80,24.9
1999-02-15,78,23.6
1999-02-16,103,36.4
1999-02-17,112,40.0
1999-02-18,142,52.0
1999-02-19,117,42.0
1999-02-20,89,29.5
1999-02-21,55,11.2
1999-02-22,57,12.2
1999-02-23,66,17.4
1999-02-25,72,20.2
1999-02-26,76,22.4
1999-02-27,89,29.5
1999-02-28,104,36.7
1999-03-01,107,37.9
1999-03-02,99,35.1
1999-03-03,87,28.2
1999-03-07,53,10.4
1999-03-10,58,12.8
1999-03-13,90,30.2
1999-03-16,63,15.7
1999-03-19,77,22.8
1999-03-22,62,15.0
1999-03-25,61,14.5
1999-03-28,95,32.6
1999-03-31,52,9.4
1999-04-03,58,12.8
1999-04-06,57,12.1
1999-04-09,37,6.6
1999-04-15,94,32.2
1999-04-18,82,25.7
1999-04-21,71,19.6
1999-04-24,61,14.7
1999-04-27,85,27.3
1999-04-30,63,15.6
1999-05-03,61,14.7
1999-05-06,80,24.4
1999-05-09,68,18.4
1999-05-12,88,29.2
1999-05-15,61,14.2
1999-05-18,74,21.4
1999-05-21,62,15.0
1999-05-24,71,20.0
1999-05-27,92,31.0
1999-05-30,55,11.1
1999-06-02,45,8.1
1999-06-05,61,14.7
1999-06-08,71,19.9
1999-06-11,85,27.3
1999-06-14,77,23.0
1999-06-17,118,42.6
1999-06-20,102,35.8
1999-06-23,68,18.1
1999-06-29,76,22.5
1999-07-02,58,12.6
1999-07-05,161,69.3
1999-07-08,76,22.5
1999-07-11,65,16.4
1999-07-14,66,17.2
1999-07-17,63,15.5
1999-07-20,59,13.3
1999-07-23,63,15.5
1999-07-26,70,19.1
1999-07-29,57,12.2
1999-08-01,63,15.7
1999-08-04,75,22.2
1999-08-07,53,10.4
1999-08-10,57,12.1
1999-08-13,73,20.7
1999-08-16,65,16.8
1999-08-19,73,20.9
1999-08-22,80,24.5
1999-08-25,69,18.9
1999-08-28,76,22.5
1999-08-31,95,32.5
1999-09-03,57,12.4
1999-09-06,85,27.3
1999-09-09,68,18.0
1999-09-12,62,15.0
1999-09-15,116,41.5
1999-09-18,112,40.0
1999-09-21,73,21.0
1999-09-24,109,38.8
1999-09-27,93,31.8
1999-09-30,69,18.5
1999-10-03,107,38.0
1999-10-06,56,11.8
1999-10-09,66,17.4
1999-10-12,73,20.7
1999-10-15,71,20.1
1999-10-18,63,15.5
1999-10-21,63,15.6
1999-10-24,74,21.2
1999-10-30,66,17.3
1999-11-02,116,41.7
1999-11-05,160,68.4
1999-11-08,60,13.7
1999-11-11,110,39.1
1999-11-14,111,39.5
1999-11-17,46,8.2
1999-11-20,91,30.7
1999-11-23,60,14.1
1999-11-26,93,31.5
1999-11-29,86,28.0
1999-12-02,74,21.4
1999-12-05,59,13.6
1999-12-08,75,21.8
1999-12-11,68,18.3
1999-12-14,115,41.0
1999-12-17,82,26.0
1999-12-20,93,31.5
1999-12-23,82,25.5
1999-12-26,61,14.3
1999-12-29,108,38.4
2000-01-01,90,29.8
2000-01-04,67,17.5
2000-01-05,90,30.2
2000-01-06,79,24.3
2000-01-07,94,32.0
2000-01-08,103,36.3
2000-01-09,147,54.2
2000-01-10,151,56.0
2000-01-11,106,37.7
2000-01-12,128,46.3
2000-01-13,84,26.6
2000-01-14,62,15.0
2000-01-15,78,23.6
2000-01-16,88,28.9
2000-01-17,94,32.2
2000-01-18,54,10.5
2000-01-19,55,11.1
2000-01-20,64,16.3
2000-01-21,63,15.5
2000-01-22,90,29.9
2000-01-23,144,53.1
2000-01-24,82,25.7
2000-01-25,55,11.0
2000-01-26,38,6.9
2000-01-27,82,25.7
2000-01-28,111,39.5
2000-01-29,116,41.5
2000-01-30,92,31.0
2000-01-31,62,15.2
2000-02-01,70,19.4
2000-02-02,57,12.5
2000-02-03,57,12.3
2000-02-04,61,14.3
2000-02-06,88,29.2
2000-02-09,82,25.9
2000-02-10,65,16.7
2000-02-12,36,6.5
2000-02-13,55,11.5
2000-02-14,58,12.7
2000-02-15,69,18.8
2000-02-16,54,10.5
2000-02-18,66,16.9
2000-02-19,37,6.7
2000-02-20,22,4.0
2000-02-21,27,4.9
2000-02-22,61,14.7
2000-02-24,51,9.3
2000-02-26,93,31.7
2000-02-27,76,22.6
2000-02-28,53,10.1
2000-02-29,64,16.3
2000-03-01,56,12.0
2000-03-02,69,19.0
2000-03-03,58,13.0
2000-03-04,55,11.0
2000-03-05,33,5.9
2000-03-06,47,8.5
2000-03-07,62,15.1
2000-03-08,39,7.1
2000-03-09,55,11.3
2000-03-10,65,16.5
2000-03-11,58,12.7
2000-03-12,76,22.7
2000-03-13,101,35.7
2000-03-14,120,43.4
2000-03-16,120,43.3
2000-03-17,87,28.4
2000-03-18,103,36.2
2000-03-19,91,30.7
2000-03-20,52,9.5
2000-03-21,53,10.3
2000-03-22,61,14.4
2000-03-23,61,14.7
2000-03-24,74,21.7
2000-03-25,70,19.1
2000-03-26,64,16.2
2000-03-27,68,18.3
2000-03-29,62,15.2
2000-03-30,75,22.2
2000-03-31,55,11.0
2000-04-01,46,8.2
2000-04-02,60,13.9
2000-04-03,90,30.3
2000-04-04,90,30.1
2000-04-05,82,25.6
2000-04-06,90,29.9
2000-04-07,127,46.2
2000-04-08,90,30.2
2000-04-09,59,13.4
2000-04-10,70,19.1
2000-04-11,157,64.4
2000-04-12,104,36.6
2000-04-13,104,36.9
2000-04-14,34,6.1
2000-04-15,39,7.0
2000-04-16,41,7.3
2000-04-17,37,6.7
2000-04-18,27,4.8
2000-04-20,64,16.1
2000-04-21,58,12.8
2000-04-22,62,14.8
2000-04-23,68,18.0
2000-04-24,78,23.8
2000-04-25,74,21.5
2000-04-26,92,30.9
2000-04-27,84,26.8
2000-04-28,69,18.9
2000-04-29,56,11.8
2000-04-30,66,17.4
2000-05-01,74,21.6
2000-05-02,72,20.5
2000-05-03,76,22.5
2000-05-04,102,35.9
2000-05-05,106,37.6
2000-05-06,65,16.6
2000-05-07,51,9.1
2000-05-08,54,10.7
2000-05-09,65,16.4
2000-05-10,58,13.1
2000-05-11,43,7.7
2000-05-12,54,10.6
2000-05-13,60,14.0
2000-05-14,53,10.4
2000-05-15,54,10.8
2000-05-17,58,12.8
2000-05-18,67,17.5
2000-05-19,86,27.7
2000-05-20,90,29.9
2000-05-21,86,27.9
2000-05-22,111,39.4
2000-05-23,84,27.0
2000-05-24,65,16.7
2000-05-25,53,10.1
2000-05-26,70,19.5
2000-05-27,76,22.4
2000-05-28,79,24.1
2000-05-29,102,36.0
2000-05-30,102,36.0
2000-06-01,79,24.1
2000-06-02,85,27.2
2000-06-03,74,21.2
2000-06-04,70,19.3
2000-06-05,62,14.8
2000-06-07,61,14.2
2000-06-08,32,5.8
2000-06-09,45,8.1
2000-06-10,56,12.0
2000-06-11,59,13.3
2000-06-12,68,18.1
2000-06-13,65,16.6
2000-06-14,71,19.7
2000-06-15,66,17.4
2000-06-16,65,16.5
2000-06-17,54,10.9
2000-06-18,55,11.3
2000-06-19,59,13.3
2000-06-20,63,15.5
2000-06-21,68,18.4
2000-06-22,78,23.4
2000-06-23,60,14.1
2000-06-24,59,13.2
2000-06-28,78,23.4
2000-06-29,77,22.8
2000-06-30,76,22.3
2000-07-01,74,21.5
2000-07-02,69,19.0
2000-07-03,57,12.3
2000-07-04,78,23.7
2000-07-05,77,22.9
2000-07-06,57,12.3
2000-07-07,54,10.8
2000-07-08,55,11.4
2000-07-09,56,11.8
2000-07-10,62,14.8
2000-07-11,60,14.0
2000-07-12,59,13.3
2000-07-13,57,12.1
2000-07-14,61,14.7
2000-07-15,61,14.3
2000-07-16,64,16.1
2000-07-17,61,14.4
2000-07-18,71,20.1
2000-07-19,71,20.0
2000-07-20,71,19.7
2000-07-21,80,24.4
2000-07-22,84,26.6
2000-07-23,75,22.2
2000-07-24,72,20.5
2000-07-25,72,20.2
2000-07-26,80,24.7
2000-07-27,80,24.7
2000-07-28,69,18.6
2000-07-29,61,14.6
2000-07-30,72,20.3
2000-07-31,67,17.5
2000-08-01,71,20.1
2000-08-02,65,16.7
2000-08-03,67,17.9
2000-08-04,61,14.6
2000-08-05,63,15.6
2000-08-06,80,24.9
2000-08-07,71,19.7
2000-08-08,78,23.8
2000-08-09,67,17.6
2000-08-10,68,18.0
2000-08-11,67,17.8
2000-08-12,72,20.3
2000-08-13,80,24.9
2000-08-15,97,33.9
2000-08-16,77,22.8
2000-08-17,76,22.7
2000-08-22,72,20.4
2000-08-23,72,20.6
2000-08-24,67,17.5
2000-08-25,62,15.1
2000-08-26,57,12.3
2000-08-27,59,13.5
2000-08-28,66,17.0
2000-08-29,65,16.4
2000-08-31,46,8.3
2000-09-01,29,5.2
2000-09-02,28,5.1
2000-09-03,36,6.4
2000-09-04,53,10.1
2000-09-05,61,14.4
2000-09-06,69,18.5
2000-09-07,69,18.9
2000-09-08,68,18.2
2000-09-09,81,25.0
2000-09-10,70,19.2
2000-09-12,62,15.2
2000-09-13,69,18.7
2000-09-14,64,16.1
2000-09-15,75,22.0
2000-09-16,67,17.7
2000-09-17,68,18.4
2000-09-18,89,29.7
2000-09-19,146,53.7
2000-09-20,57,12.3
2000-09-21,58,13.1
2000-09-22,30,5.4
2000-09-23,26,4.7
2000-09-24,52,9.6
2000-09-25,58,12.9
2000-09-27,79,24.2
2000-09-29,81,25.4
2000-09-30,87,28.6
2000-10-01,94,32.1
2000-10-02,96,33.0
2000-10-03,93,31.5
2000-10-04,64,16.0
2000-10-05,59,13.3
2000-10-06,72,20.6
2000-10-07,46,8.2
2000-10-08,82,25.5
2000-10-09,110,39.3
2000-10-10,29,5.2
2000-10-11,36,6.5
2000-10-12,49,8.8
2000-10-13,55,11.4
2000-10-14,67,17.5
2000-10-15,71,19.8
2000-10-16,77,23.0
2000-10-17,102,35.9
2000-10-18,164,73.9
2000-10-19,163,72.8
2000-10-20,171,84.6
2000-10-21,81,25.0
2000-10-22,63,15.8
2000-10-24,61,14.2
2000-10-25,58,13.1
2000-10-26,38,6.9
2000-10-27,42,7.6
2000-10-28,53,10.4
2000-10-29,51,9.1
2000-11-01,67,17.9
2000-11-02,89,29.4
2000-11-03,56,11.9
2000-11-04,59,13.3
2000-11-05,75,21.9
2000-11-06,83,26.2
2000-11-07,67,17.7
2000-11-08,62,15.1
2000-11-09,65,16.4
2000-11-10,45,8.1
2000-11-11,52,9.9
2000-11-12,56,11.9
2000-11-13,66,17.0
2000-11-14,77,23.1
2000-11-15,79,23.9
2000-11-16,82,25.5
2000-11-17,75,22.2
2000-11-18,69,19.0
2000-11-19,60,14.1
2000-11-20,54,10.8
2000-11-21,75,22.1
2000-11-22,80,24.5
2000-11-23,91,30.7
2000-11-24,147,54.3
2000-11-25,139,50.8
2000-11-26,102,35.9
2000-11-27,165,74.8
2000-11-28,159,67.0
2000-11-29,160,68.3
2000-11-30,165,75.5
2000-12-01,174,87.8
2000-12-02,158,65.4
2000-12-03,159,67.4
2000-12-04,82,25.9
2000-12-05,69,19.0
2000-12-06,78,23.6
2000-12-07,66,17.4
2000-12-08,70,19.2
2000-12-09,68,18.1
2000-12-10,63,15.6
2000-12-11,84,27.0
2000-12-12,63,15.8
2000-12-13,64,15.9
2000-12-14,71,19.7
2000-12-15,103,36.4
2000-12-16,71,20.1
2000-12-17,61,14.4
2000-12-18,63,15.7
2000-12-19,51,9.3
2000-12-20,91,30.7
2000-12-23,162,71.9
2000-12-24,169,80.8
2000-12-25,152,57.5
2000-12-26,80,24.7
2000-12-27,67,17.6
2000-12-28,86,28.1
2000-12-29,88,29.1
2000-12-30,97,33.9
2000-12-31,123,44.3
2001-01-01,148,54.4
2001-01-02,86,27.7
2001-01-03,68,18.4
2001-01-04,59,13.3
2001-01-05,86,27.7
2001-01-06,106,37.7
2001-01-07,146,53.6
2001-01-09,72,20.2
2001-01-13,76,22.6
2001-01-14,115,41.2
2001-01-15,75,21.8
2001-01-16,54,10.7
2001-01-17,60,13.7
2001-01-18,80,24.4
2001-01-19,97,34.0
2001-01-20,77,23.3
2001-01-21,71,19.8
2001-01-22,94,32.1
2001-01-23,90,30.1
2001-01-24,68,18.0
2001-01-25,64,16.0
2001-01-26,73,21.0
2001-01-27,73,20.9
2001-01-28,74,21.3
2001-01-29,72,20.5
2001-01-30,84,26.8
2001-01-31,71,20.0
2001-02-01,76,22.7
2001-02-02,60,14.0
2001-02-03,65,16.4
2001-02-04,44,8.0
2001-02-06,89,29.5
2001-02-07,36,6.5
2001-02-08,57,12.3
2001-02-09,59,13.3
2001-02-10,52,9.9
2001-02-11,51,9.3
2001-02-12,34,6.1
2001-02-13,25,4.5
2001-02-14,52,9.7
2001-02-15,77,23.1
2001-02-16,110,39.0
2001-02-17,82,25.8
2001-02-18,84,27.0
2001-02-19,61,14.7
2001-02-20,58,12.7
2001-02-21,60,13.9
2001-02-22,59,13.2
2001-02-23,57,12.4
2001-02-24,55,11.4
2001-02-25,29,5.3
2001-02-26,36,6.4
2001-02-27,59,13.6
2001-02-28,55,11.2
2001-03-01,60,14.1
2001-03-02,73,21.0
2001-03-03,60,13.9
2001-03-04,42,7.5
2001-03-08,84,26.8
2001-03-09,66,16.9
2001-03-10,45,8.1
2001-03-11,51,9.3
2001-03-12,57,12.2
2001-03-13,68,18.1
2001-03-14,77,23.1
2001-03-15,108,38.3
2001-03-16,94,32.2
2001-03-17,87,28.2
2001-03-18,95,32.7
2001-03-19,67,17.9
2001-03-20,99,35.0
2001-03-21,159,66.3
2001-03-22,86,27.7
2001-03-23,83,26.3
2001-03-24,95,32.7
2001-03-25,82,25.7
2001-03-26,62,15.0
2001-03-27,85,27.4
2001-03-28,97,33.9
2001-03-29,86,27.9
2001-03-30,127,45.9
2001-03-31,153,58.1
2001-04-01,97,34.0
2001-04-02,55,11.2
2001-04-03,52,9.7
2001-04-04,52,9.6
2001-04-05,52,9.6
2001-04-06,57,12.1
2001-04-07,24,4.3
2001-04-08,38,6.9
2001-04-10,57,12.3
2001-04-11,54,10.9
2001-04-12,56,11.8
2001-04-13,62,15.1
2001-04-14,67,17.5
2001-04-15,68,18.3
2001-04-16,71,19.9
2001-04-17,73,21.1
2001-04-18,80,24.6
2001-04-19,58,12.8
2001-04-20,45,8.1
2001-04-21,28,5.0
2001-04-22,55,11.2
2001-04-23,58,12.6
2001-04-24,55,11.0
2001-04-25,82,25.5
2001-04-26,130,47.2
2001-04-27,104,36.6
2001-04-28,99,34.6
2001-04-29,85,27.5
2001-04-30,106,37.5
2001-05-01,152,57.2
2001-05-02,68,18.0
2001-05-03,54,10.6
2001-05-04,66,17.2
2001-05-05,64,16.1
2001-05-06,68,18.2
2001-05-07,72,20.6
2001-05-08,78,23.4
2001-05-09,95,32.6
2001-05-10,93,31.8
2001-05-11,142,52.3
2001-05-12,103,36.5
2001-05-13,59,13.6
2001-05-14,80,24.7
2001-05-15,120,43.2
2001-05-16,106,37.7
2001-05-17,93,31.9
2001-05-18,70,19.2
2001-05-19,61,14.4
2001-05-20,77,23.0
2001-05-21,97,33.8
2001-05-22,102,35.9
2001-05-23,96,33.4
2001-05-24,85,27.6
2001-05-25,84,26.8
2001-05-26,80,24.9
2001-05-27,38,6.9
2001-05-28,33,5.9
2001-05-29,58,13.1
2001-05-30,76,22.4
2001-05-31,86,27.9
2001-06-01,81,25.1
2001-06-02,66,17.0
2001-06-03,52,9.6
2001-06-04,59,13.5
2001-06-05,76,22.6
2001-06-06,91,30.4
2001-06-07,112,39.9
2001-06-08,118,42.3
2001-06-09,105,37.1
2001-06-10,78,23.8
2001-06-11,64,16.2
2001-06-12,61,14.3
2001-06-13,59,13.5
2001-06-14,64,16.3
2001-06-15,72,20.3
2001-06-16,72,20.2
2001-06-17,72,20.2
2001-06-18,74,21.7
2001-06-19,74,21.7
2001-06-20,74,21.4
2001-06-21,71,19.9
2001-06-22,63,15.5
2001-06-23,61,14.6
2001-06-24,64,16.0
2001-06-25,65,16.8
2001-06-28,53,10.3
2001-06-29,61,14.2
2001-06-30,79,24.0
2001-07-01,75,21.9
2001-07-02,69,18.9
2001-07-03,67,17.6
2001-07-04,90,30.1
2001-07-05,110,39.1
2001-07-06,75,22.1
2001-07-07,64,15.9
2001-07-08,53,10.0
2001-07-09,56,11.9
2001-07-10,62,15.1
2001-07-11,60,14.0
2001-07-12,57,12.2
2001-07-13,65,16.8
2001-07-14,81,25.3
2001-07-15,64,16.0
2001-07-16,58,12.6
2001-07-18,66,17.3
2001-07-19,64,16.2
2001-07-20,67,17.9
2001-07-21,62,14.9
2001-07-22,59,13.4
2001-07-23,63,15.8
2001-07-24,71,19.6
2001-07-25,66,17.2
2001-07-26,69,18.5
2001-07-27,86,27.9
2001-07-28,86,27.7
2001-07-29,74,21.2
2001-07-30,72,20.2
2001-07-31,61,14.3
2001-08-02,71,19.8
2001-08-03,80,24.6
2001-08-04,81,25.4
2001-08-05,59,13.3
2001-08-07,61,14.3
2001-08-08,71,19.7
2001-08-09,82,25.6
2001-08-10,65,16.5
2001-08-11,62,15.2
2001-08-12,60,14.1
2001-08-13,56,11.7
2001-08-14,60,13.8
2001-08-15,67,17.9
2001-08-16,69,18.9
2001-08-17,70,19.4
2001-08-18,81,25.0
2001-08-19,69,18.7
2001-08-20,72,20.6
2001-08-21,67,17.9
2001-08-22,64,16.0
2001-08-23,72,20.3
2001-08-24,73,20.9
2001-08-25,74,21.6
2001-08-26,104,36.6
2001-08-27,115,41.1
2001-08-28,85,27.1
2001-08-29,63,15.4
2001-08-30,55,11.3
2001-08-31,55,11.5
2001-09-01,59,13.5
2001-09-02,62,14.9
2001-09-03,58,12.6
2001-09-04,66,17.2
2001-09-05,80,24.7
2001-09-10,68,18.4
2001-09-16,71,20.0
2001-09-23,82,25.9
2001-09-24,74,21.7
2001-09-25,63,15.6
2001-09-26,70,19.4
2001-09-28,77,23.1
2001-09-29,71,20.0
2001-09-30,66,16.9
2001-10-01,64,15.9
2001-10-02,69,19.0
2001-10-03,83,26.3
2001-10-04,88,29.0
2001-10-05,57,12.2
2001-10-07,58,13.0
2001-10-08,72,20.3
2001-10-09,74,21.5
2001-10-13,94,32.4
2001-10-14,115,41.0
2001-10-15,141,51.7
2001-10-16,110,39.0
2001-10-18,74,21.3
2001-10-19,80,24.8
2001-10-20,123,44.5
2001-10-21,129,46.8
2001-10-22,140,51.3
2001-10-23,152,57.1
2001-10-24,137,50.1
2001-10-25,160,68.4
2001-10-26,124,45.0
2001-10-27,84,27.0
2001-10-28,63,15.4
2001-10-29,59,13.6
2001-10-30,65,16.5
2001-10-31,64,15.9
2001-11-01,85,27.2
2001-11-02,102,35.8
2001-11-03,125,45.4
2001-11-04,144,53.1
2001-11-05,153,59.0
2001-11-06,164,73.4
2001-11-07,161,69.5
2001-11-08,113,40.3
2001-11-09,143,52.5
2001-11-10,88,29.0
2001-11-11,70,19.1
2001-11-12,58,13.1
2001-11-13,52,9.8
2001-11-14,73,20.7
2001-11-15,80,24.6
2001-11-16,99,34.7
2001-11-17,130,47.1
2001-11-18,109,38.7
2001-11-19,70,19.3
2001-11-20,74,21.4
2001-11-21,92,31.2
2001-11-23,66,17.1
2001-11-24,57,12.2
2001-11-25,27,4.8
2001-11-26,54,10.5
2001-11-27,63,15.7
2001-11-30,75,22.1
2001-12-01,96,33.1
2001-12-02,115,41.0
2001-12-03,49,8.9
2001-12-05,68,18.3
2001-12-06,61,14.2
2001-12-07,61,14.6
2001-12-08,54,10.7
2001-12-09,46,8.3
2001-12-10,52,9.4
2001-12-11,37,6.7
2001-12-12,67,17.5
2001-12-13,78,23.7
2001-12-14,72,20.5
2001-12-15,65,16.6
2001-12-16,66,17.1
2001-12-17,72,20.6
2001-12-18,89,29.3
2001-12-20,84,26.7
2001-12-21,58,12.8
2001-12-22,88,29.2
2001-12-23,103,36.4
2001-12-24,81,25.1
2001-12-25,63,15.3
2001-12-26,65,16.4
2001-12-27,110,39.2
2001-12-28,156,62.5
2001-12-29,95,32.5
2001-12-30,68,18.0
2001-12-31,83,26.5
2002-01-01,111,39.6
2002-01-02,153,58.6
2002-01-03,88,28.8
2002-01-04,107,38.0
2002-01-05,74,21.3
2002-01-06,70,19.4
2002-01-07,66,17.2
2002-01-08,72,20.5
2002-01-09,78,23.6
2002-01-10,96,33.3
2002-01-11,62,14.9
2002-01-12,62,15.2
2002-01-13,126,45.8
2002-01-14,131,47.5
2002-01-15,80,24.5
2002-01-16,62,15.1
2002-01-17,68,18.3
2002-01-18,82,25.7
2002-01-19,61,14.5
2002-01-20,70,19.1
2002-01-21,69,19.0
2002-01-22,64,16.3
2002-01-23,52,9.5
2002-01-24,62,15.1
2002-01-25,66,17.4
2002-01-26,82,25.9
2002-01-27,63,15.3
2002-01-28,27,4.8
2002-01-29,44,8.0
2002-01-30,44,8.0
2002-02-01,62,15.0
2002-02-02,66,17.3
2002-02-03,71,19.9
2002-02-04,64,15.9
2002-02-05,96,33.0
2002-02-06,132,48.1
2002-02-07,151,55.6
2002-02-08,134,48.8
2002-02-09,76,22.6
2002-02-10,53,10.4
2002-02-12,69,19.0
2002-02-13,123,44.5
2002-02-15,122,44.1
2002-02-16,111,39.4
2002-02-17,44,8.0
2002-02-18,52,9.7
2002-02-19,72,20.6
2002-02-20,89,29.5
2002-02-21,60,13.7
2002-02-22,44,8.0
2002-02-23,61,14.6
2002-02-24,74,21.2
2002-02-25,119,42.9
2002-02-26,64,15.9
2002-02-27,77,22.8
2002-02-28,100,35.4
2002-03-01,69,19.0
2002-03-02,59,13.2
2002-03-03,55,11.5
2002-03-04,53,10.3
2002-03-05,82,25.5
2002-03-06,90,29.9
2002-03-07,40,7.2
2002-03-08,51,9.2
2002-03-09,60,14.1
2002-03-10,53,10.0
2002-03-11,66,17.4
2002-03-12,97,33.6
2002-03-13,52,9.8
2002-03-14,26,4.7
2002-03-15,52,9.5
2002-03-16,52,9.8
2002-03-17,44,7.9
2002-03-18,32,5.7
2002-03-19,58,12.7
2002-03-20,65,16.6
2002-03-21,71,19.7
2002-03-22,57,12.1
2002-03-23,36,6.5
2002-03-24,41,7.3
2002-03-25,57,12.3
2002-03-26,64,16.0
2002-03-27,67,17.9
2002-03-28,54,10.5
2002-03-29,85,27.2
2002-03-30,117,42.0
2002-03-31,134,48.9
2002-04-01,156,62.1
2002-04-02,105,37.3
2002-04-05,53,10.3
2002-04-06,35,6.3
2002-04-07,54,10.8
2002-04-08,60,13.7
2002-04-09,77,22.8
2002-04-10,85,27.2
2002-04-11,127,46.0
2002-04-12,143,52.5
2002-04-13,149,55.1
2002-04-14,147,54.1
2002-04-15,46,8.2
2002-04-16,56,11.6
2002-04-17,55,11.3
2002-04-18,52,9.9
2002-04-19,53,10.3
2002-04-20,60,13.9
2002-04-21,60,13.7
2002-04-22,66,16.9
2002-04-23,64,16.1
2002-04-24,59,13.4
2002-04-25,45,8.1
2002-04-26,42,7.6
2002-04-27,35,6.3
2002-04-28,41,7.3
2002-04-29,36,6.5
2002-04-30,32,5.7
2002-05-01,51,9.3
2002-05-02,55,11.1
2002-05-04,71,20.1
2002-05-05,77,23.3
2002-05-06,83,26.2
2002-05-07,70,19.4
2002-05-08,66,17.4
2002-05-09,76,22.6
2002-05-10,63,15.8
2002-05-11,61,14.4
2002-05-12,56,11.7
2002-05-13,64,15.9
2002-05-14,71,19.6
2002-05-15,70,19.5
2002-05-16,70,19.4
2002-05-17,84,26.7
2002-05-18,90,29.8
2002-05-19,55,11.1
2002-05-20,35,6.3
2002-05-21,48,8.6
2002-05-22,53,10.0
2002-05-23,59,13.2
2002-05-24,69,18.8
2002-05-25,67,17.9
2002-05-26,67,17.7
2002-05-27,65,16.5
2002-05-28,82,25.7
2002-05-29,91,30.7
2002-05-31,85,27.1
2002-06-01,78,23.4
2002-06-02,62,14.9
2002-06-03,59,13.4
2002-06-04,70,19.2
2002-06-05,98,34.2
2002-06-06,125,45.1
2002-06-07,92,31.1
2002-06-08,54,10.5
2002-06-09,47,8.4
2002-06-10,58,12.9
2002-06-11,59,13.4
2002-06-12,65,16.4
2002-06-13,66,17.2
2002-06-14,62,14.9
2002-06-15,63,15.5
2002-06-16,71,19.6
2002-06-17,85,27.1
2002-06-18,81,25.4
2002-06-19,72,20.5
2002-06-20,64,16.2
2002-06-21,58,12.7
2002-06-22,64,16.3
2002-06-23,69,19.0
2002-06-24,81,25.1
2002-06-25,89,29.7
2002-06-26,85,27.6
2002-06-27,85,27.3
2002-06-28,69,18.7
2002-06-29,67,17.5
2002-06-30,70,19.2
2002-07-01,69,19.0
2002-07-02,66,17.4
2002-07-03,65,16.4
2002-07-04,90,30.1
2002-07-05,94,32.4
2002-07-06,80,24.5
2002-07-07,81,25.3
2002-07-08,89,29.6
2002-07-09,83,26.5
2002-07-10,79,24.0
2002-07-11,69,18.5
2002-07-12,56,12.0
2002-07-13,62,14.8
2002-07-14,69,18.6
2002-07-15,65,16.7
2002-07-16,69,18.7
2002-07-17,68,18.2
2002-07-18,67,17.8
2002-07-19,86,27.8
2002-07-20,70,19.4
2002-07-21,65,16.6
2002-07-22,58,13.1
2002-07-23,55,11.4
2002-07-24,57,12.4
2002-07-25,62,15.2
2002-07-26,65,16.4
2002-07-27,57,12.4
2002-07-28,54,10.9
2002-07-29,60,13.7
2002-07-31,83,26.2
2002-08-01,77,23.2
2002-08-02,79,23.9
2002-08-03,79,24.2
2002-08-04,67,17.7
2002-08-05,80,24.7
2002-08-06,75,22.0
2002-08-08,71,19.7
2002-08-09,80,24.4
2002-08-10,86,27.9
2002-08-11,87,28.5
2002-08-12,83,26.4
2002-08-13,92,31.3
2002-08-14,108,38.4
2002-08-15,112,39.8
2002-08-16,108,38.4
2002-08-17,115,41.0
2002-08-18,91,30.8
2002-08-19,60,14.0
2002-08-20,73,20.8
2002-08-21,77,22.9
2002-08-22,81,25.4
2002-08-23,80,24.8
2002-08-24,72,20.4
2002-08-25,73,20.9
2002-08-26,72,20.3
2002-08-27,74,21.3
2002-08-28,65,16.8
2002-08-29,80,24.6
2002-08-30,81,25.1
2002-08-31,69,19.0
2002-09-03,80,24.7
2002-09-04,86,27.7
2002-09-05,75,22.2
2002-09-06,61,14.2
2002-09-07,55,11.2
2002-09-08,55,11.2
2002-09-09,65,16.6
2002-09-10,70,19.2
2002-09-11,82,26.0
2002-09-12,96,33.2
2002-09-13,77,23.0
2002-09-14,78,23.8
2002-09-15,70,19.3
2002-09-16,58,13.1
2002-09-17,70,19.3
2002-09-18,71,20.1
2002-09-19,86,28.1
2002-09-20,115,41.3
2002-09-21,76,22.4
2002-09-22,64,16.2
2002-09-23,79,24.2
2002-09-24,111,39.6
2002-09-25,138,50.5
2002-09-26,139,51.0
2002-09-27,67,17.9
2002-09-28,42,7.5
2002-09-29,28,5.0
2002-09-30,49,8.9
2002-10-01,54,10.7
2002-10-02,60,13.9
2002-10-03,63,15.3
2002-10-04,64,16.2
2002-10-05,64,16.0
2002-10-06,63,15.3
2002-10-07,73,20.7
2002-10-08,108,38.2
2002-10-09,154,59.6
2002-10-10,142,52.3
2002-10-11,82,25.5
2002-10-12,81,25.1
2002-10-13,107,37.9
2002-10-14,150,55.3
2002-10-15,159,66.3
2002-10-16,79,23.9
2002-10-17,70,19.3
2002-10-18,80,24.8
2002-10-23,84,26.8
2002-10-24,96,33.2
2002-10-25,85,27.2
2002-10-26,79,24.1
2002-10-27,74,21.4
2002-10-28,94,32.1
2002-10-29,83,26.5
2002-10-30,79,24.0
2002-10-31,98,34.5
2002-11-01,110,39.1
2002-11-02,127,46.0
2002-11-03,78,23.8
2002-11-04,101,35.7
2002-11-05,153,58.8
2002-11-06,92,30.9
2002-11-07,98,34.2
2002-11-08,36,6.4
2002-11-09,22,3.9
2002-11-10,38,6.9
2002-11-11,57,12.2
2002-11-12,54,10.6
2002-11-13,69,18.6
2002-11-14,125,45.2
2002-11-15,68,18.0
2002-11-16,51,9.3
2002-11-17,82,25.5
2002-11-18,63,15.3
2002-11-19,63,15.4
2002-11-20,63,15.4
2002-11-21,58,12.9
2002-11-22,85,27.6
2002-11-23,99,34.7
2002-11-24,132,48.1
2002-11-25,102,35.9
2002-11-26,43,7.8
2002-11-27,66,17.1
2002-11-28,52,9.8
2002-11-29,45,8.1
2002-11-30,60,14.0
2002-12-01,62,15.1
2002-12-02,63,15.4
2002-12-03,84,26.7
2002-12-04,111,39.7
2002-12-10,92,31.0
2002-12-16,60,13.9
2002-12-22,58,12.6
2002-12-28,56,12.0
2002-12-29,23,4.2
2002-12-30,59,13.6
2002-12-31,64,16.0
2003-01-01,85,27.3
2003-01-03,52,9.6
2003-01-04,55,11.5
2003-01-05,56,11.8
2003-01-06,47,8.4
2003-01-08,63,15.8
2003-01-09,62,15.0
2003-01-10,80,24.4
2003-01-11,90,29.9
2003-01-12,94,32.1
2003-01-13,89,29.7
2003-01-14,94,32.1
2003-01-15,74,21.6
2003-01-16,55,11.2
2003-01-17,56,11.9
2003-01-18,81,25.4
2003-01-19,109,38.6
2003-01-20,107,38.0
2003-01-21,99,34.7
2003-01-22,123,44.3
2003-01-23,113,40.4
2003-01-24,72,20.4
2003-01-25,55,11.2
2003-01-26,45,8.1
2003-01-27,58,12.7
2003-01-28,110,39.3
2003-01-29,147,54.1
2003-01-30,83,26.4
2003-01-31,59,13.4
2003-02-01,71,19.6
2003-02-02,50,9.0
2003-02-03,61,14.2
2003-02-04,71,19.9
2003-02-06,60,14.1
2003-02-08,55,11.5
2003-02-09,63,15.4
2003-02-10,58,12.7
2003-02-11,46,8.3
2003-02-12,38,6.8
2003-02-13,55,11.0
2003-02-14,61,14.7
2003-02-15,69,19.0
2003-02-17,63,15.4
2003-02-18,74,21.7
2003-02-19,76,22.7
2003-02-20,28,5.1
2003-02-22,73,21.0
2003-02-23,65,16.5
2003-02-24,42,7.6
2003-02-25,21,3.7
2003-02-26,52,9.4
2003-02-27,35,6.3
2003-02-28,47,8.5
2003-03-01,56,12.0
2003-03-02,57,12.4
2003-03-03,59,13.6
2003-03-04,46,8.2
2003-03-05,60,13.7
2003-03-06,66,16.9
2003-03-07,84,26.6
2003-03-08,108,38.4
2003-03-09,93,31.7
2003-03-10,81,25.2
2003-03-11,125,45.2
2003-03-12,124,44.7
2003-03-13,137,50.1
2003-03-14,88,28.8
2003-03-15,51,9.1
2003-03-16,32,5.7
2003-03-17,23,4.1
2003-03-19,57,12.5
2003-03-20,67,17.9
2003-03-21,67,17.8
2003-03-22,73,21.0
2003-03-23,87,28.5
2003-03-24,67,17.8
2003-03-25,76,22.4
2003-03-26,57,12.4
2003-03-27,33,5.9
2003-03-28,53,10.4
2003-03-29,52,9.6
2003-04-02,36,6.4
2003-04-03,47,8.5
2003-04-04,43,7.8
2003-04-05,32,5.8
2003-04-06,52,9.7
2003-04-07,59,13.3
2003-04-08,52,9.7
2003-04-09,57,12.3
2003-04-10,75,22.0
2003-04-11,68,18.0
2003-04-12,26,4.6
2003-04-13,24,4.4
2003-04-14,33,5.9
2003-04-15,32,5.7
2003-04-16,51,9.3
2003-04-17,51,9.3
2003-04-18,52,9.6
2003-04-19,61,14.3
2003-04-20,59,13.2
2003-04-21,53,10.1
2003-04-22,37,6.6
2003-04-23,52,9.8
2003-04-24,52,9.9
2003-04-25,40,7.2
2003-04-26,49,8.8
2003-04-27,51,9.3
2003-04-28,36,6.4
2003-04-29,51,9.1
2003-04-30,51,9.3
2003-05-01,57,12.1
2003-05-02,52,9.6
2003-05-03,31,5.5
2003-05-04,39,7.0
2003-05-05,59,13.5
2003-05-06,61,14.6
2003-05-07,37,6.6
2003-05-08,53,10.3
2003-05-09,48,8.7
2003-05-10,56,11.6
2003-05-11,58,13.1
2003-05-12,68,18.2
2003-05-13,89,29.7
2003-05-14,71,20.1
2003-05-15,73,20.8
2003-05-16,84,26.9
2003-05-17,85,27.4
2003-05-18,78,23.6
2003-05-19,108,38.2
2003-05-20,122,44.0
2003-05-21,80,24.4
2003-05-22,99,34.7
2003-05-23,104,36.6
2003-05-27,103,36.3
2003-05-28,98,34.1
2003-05-29,89,29.3
2003-05-30,84,27.0
2003-05-31,80,24.9
2003-06-01,95,32.9
2003-06-02,108,38.2
2003-06-03,67,17.7
2003-06-05,63,15.8
2003-06-06,56,11.6
2003-06-07,69,18.9
2003-06-08,81,25.2
2003-06-09,55,11.4
2003-06-10,51,9.2
2003-06-11,52,9.4
2003-06-12,58,12.9
2003-06-13,67,17.7
2003-06-14,71,19.9
2003-06-15,73,21.0
2003-06-16,105,37.1
2003-06-17,103,36.2
2003-06-18,86,27.8
2003-06-19,65,16.5
2003-06-20,58,12.8
2003-06-21,55,11.3
2003-06-22,52,9.9
2003-06-23,57,12.4
2003-06-24,61,14.6
2003-06-26,65,16.8
2003-06-27,71,20.0
2003-06-28,93,31.8
2003-06-29,86,28.0
2003-06-30,87,28.3
2003-07-02,77,23.1
2003-07-03,68,18.4
2003-07-04,161,69.6
2003-07-05,160,68.9
2003-07-06,70,19.1
2003-07-07,73,21.1
2003-07-08,87,28.4
2003-07-09,113,40.3
2003-07-10,89,29.3
2003-07-11,67,17.9
2003-07-12,78,23.4
2003-07-13,77,23.1
2003-07-14,81,25.3
2003-07-15,73,20.9
2003-07-16,72,20.4
2003-07-17,84,26.9
2003-07-18,77,23.1
2003-07-19,72,20.6
2003-07-20,69,18.5
2003-07-21,61,14.2
2003-07-22,61,14.7
2003-07-23,84,27.0
2003-07-24,82,25.5
2003-07-25,74,21.4
2003-07-26,64,16.2
2003-07-27,58,12.6
2003-07-28,63,15.6
2003-07-29,71,19.9
2003-07-30,66,17.0
2003-08-01,44,8.0
2003-08-02,48,8.7
2003-08-03,52,9.6
2003-08-04,54,10.8
2003-08-05,54,10.7
2003-08-07,60,14.1
2003-08-08,63,15.5
2003-08-09,62,15.0
2003-08-10,60,13.9
2003-08-11,68,18.1
2003-08-12,76,22.3
2003-08-13,72,20.5
2003-08-14,70,19.2
2003-08-15,71,19.9
2003-08-16,67,17.7
2003-08-17,63,15.4
2003-08-18,65,16.8
2003-08-19,63,15.8
2003-08-20,73,20.9
2003-08-22,40,7.2
2003-08-23,52,9.8
2003-08-24,56,11.6
2003-08-25,59,13.3
2003-08-26,67,17.5
2003-08-27,67,17.5
2003-08-28,64,16.1
2003-08-29,67,17.8
2003-08-30,69,18.6
2003-08-31,70,19.5
2003-09-01,75,22.0
2003-09-02,73,21.0
2003-09-03,62,15.0
2003-09-04,63,15.4
2003-09-05,66,17.4
2003-09-06,59,13.6
2003-09-07,58,12.6
2003-09-08,65,16.5
2003-09-09,59,13.3
2003-09-10,64,15.9
2003-09-12,104,36.7
2003-09-13,93,31.9
2003-09-14,93,31.4
2003-09-15,109,38.7
2003-09-16,117,41.9
2003-09-17,84,27.0
2003-09-18,82,26.0
2003-09-19,84,26.7
2003-09-20,114,40.7
2003-09-21,98,34.2
2003-09-22,111,39.4
2003-09-23,92,31.3
2003-09-24,94,32.3
2003-09-25,90,29.9
2003-09-26,88,28.9
2003-09-27,147,54.0
2003-09-28,158,65.4
2003-09-29,151,55.9
2003-09-30,112,39.9
2003-10-01,64,16.3
2003-10-02,108,38.2
2003-10-03,69,18.9
2003-10-04,77,23.3
2003-10-05,83,26.5
2003-10-06,148,54.7
2003-10-07,163,73.2
2003-10-08,153,57.9
2003-10-09,135,49.4
2003-10-10,76,22.7
2003-10-11,69,18.5
2003-10-12,67,17.6
2003-10-13,85,27.6
2003-10-14,95,32.9
2003-10-15,105,37.2
2003-10-16,131,47.6
2003-10-17,85,27.1
2003-10-18,68,18.0
2003-10-19,73,20.8
2003-10-20,64,16.0
2003-10-21,64,16.1
2003-10-22,72,20.3
2003-10-23,72,20.6
2003-10-24,120,43.1
2003-10-25,121,43.6
2003-10-27,154,59.4
2003-10-28,171,83.7
2003-10-29,157,63.8
2003-10-30,54,10.8
2003-10-31,42,7.6
2003-11-01,53,10.2
2003-11-02,57,12.3
2003-11-03,60,13.9
2003-11-04,67,17.8
2003-11-05,75,21.9
2003-11-06,86,27.8
2003-11-08,65,16.8
2003-11-09,55,11.2
2003-11-10,54,10.8
2003-11-11,61,14.6
2003-11-12,60,13.9
2003-11-13,57,12.3
2003-11-14,61,14.7
2003-11-15,59,13.3
2003-11-16,52,9.4
2003-11-17,70,19.3
2003-11-18,64,16.2
2003-11-23,62,15.0
2003-11-25,71,19.7
2003-11-27,61,14.7
2003-11-29,56,11.8
2003-12-01,109,38.8
2003-12-02,114,40.7
2003-12-03,100,35.3
2003-12-04,119,42.8
2003-12-05,155,61.3
2003-12-06,152,57.3
2003-12-07,71,19.6
2003-12-08,53,10.3
2003-12-09,59,13.4
2003-12-10,67,17.8
2003-12-11,48,8.7
2003-12-12,64,16.1
2003-12-13,81,25.0
2003-12-14,85,27.5
2003-12-17,50,9.0
2003-12-19,77,23.1
2003-12-20,87,28.4
2003-12-21,82,25.9
2003-12-22,63,15.6
2003-12-23,59,13.6
2003-12-24,62,15.0
2003-12-25,37,6.6
2003-12-27,53,10.3
2003-12-28,59,13.6
2003-12-29,82,25.5
2003-12-30,71,19.7
2004-01-01,117,42.1
2004-01-02,81,25.3
2004-01-03,27,4.8
2004-01-04,54,10.5
2004-01-07,86,28.1
2004-01-08,103,36.2
2004-01-09,89,29.6
2004-01-10,49,8.9
2004-01-11,62,15.2
2004-01-12,136,49.7
2004-01-13,71,19.9
2004-01-15,72,20.4
2004-01-16,104,36.6
2004-01-17,135,49.3
2004-01-18,154,60.3
2004-01-19,147,54.2
2004-01-20,102,35.9
2004-01-22,46,8.2
2004-01-28,89,29.6
2004-01-30,104,36.6
2004-01-31,47,8.5
2004-02-01,61,14.6
2004-02-02,72,20.2
2004-02-03,44,8.0
2004-02-04,46,8.3
2004-02-06,55,11.5
2004-02-07,51,9.2
2004-02-08,44,7.9
2004-02-09,54,10.5
2004-02-10,57,12.1
2004-02-12,68,18.4
2004-02-13,56,12.0
2004-02-14,62,15.0
2004-02-15,76,22.6
2004-02-16,100,35.3
2004-02-18,80,24.9
2004-02-19,85,27.1
2004-02-20,79,24.2
2004-02-21,58,12.7
2004-02-22,21,3.7
2004-02-23,38,6.9
2004-02-24,53,10.3
2004-02-25,59,13.2
2004-02-26,37,6.6
2004-02-27,48,8.7
2004-02-28,31,5.5
2004-02-29,54,10.9
2004-03-01,63,15.5
2004-03-02,37,6.6
2004-03-03,54,10.7
2004-03-04,62,14.8
2004-03-10,111,39.4
2004-03-12,89,29.5
2004-03-13,95,32.6
2004-03-14,140,51.4
2004-03-15,165,75.0
2004-03-16,134,48.7
2004-03-17,110,39.2
2004-03-18,159,66.3
2004-03-19,156,62.7
2004-03-20,141,51.7
2004-03-21,110,39.1
2004-03-22,119,42.9
2004-03-23,85,27.1
2004-03-24,73,20.7
2004-03-25,74,21.4
2004-03-26,52,9.7
2004-03-27,56,12.0
2004-03-28,56,11.9
2004-03-29,54,10.9
2004-03-30,74,21.6
2004-04-02,68,18.1
2004-04-03,64,16.3
2004-04-04,68,18.3
2004-04-05,66,17.1
2004-04-06,65,16.5
2004-04-07,73,20.8
2004-04-08,85,27.3
2004-04-09,94,32.2
2004-04-10,108,38.2
2004-04-11,93,31.7
2004-04-12,86,27.8
2004-04-13,93,31.8
2004-04-14,63,15.7
2004-04-15,66,17.1
2004-04-16,56,12.0
2004-04-17,43,7.7
2004-04-18,40,7.2
2004-04-19,61,14.2
2004-04-20,54,10.5
2004-04-21,59,13.6
2004-04-22,58,12.6
2004-04-27,64,16.0
2004-04-30,67,17.8
2004-05-01,68,18.1
2004-05-02,58,12.6
2004-05-03,66,16.9
2004-05-04,79,24.3
2004-05-05,72,20.4
2004-05-06,60,14.1
2004-05-07,63,15.3
2004-05-08,56,11.8
2004-05-09,57,12.5
2004-05-10,61,14.4
2004-05-12,60,13.9
2004-05-13,65,16.4
2004-05-14,69,18.9
2004-05-15,65,16.4
2004-05-16,62,15.0
2004-05-17,61,14.2
2004-05-18,55,11.3
2004-05-20,58,13.0
2004-05-21,52,9.4
2004-05-22,52,9.9
2004-05-23,52,9.9
2004-05-24,53,10.1
2004-05-27,65,16.8
2004-05-28,77,23.2
2004-05-29,56,12.0
2004-05-30,63,15.7
2004-05-31,66,17.4
2004-06-02,73,21.0
2004-06-05,102,36.1
2004-06-06,83,26.4
2004-06-07,92,31.0
2004-06-08,61,14.5
2004-06-09,54,10.5
2004-06-10,55,11.5
2004-06-11,62,14.9
2004-06-12,64,16.0
2004-06-13,67,17.5
2004-06-14,74,21.2
2004-06-18,67,17.7
2004-06-19,71,19.6
2004-06-20,80,24.5
2004-06-21,88,28.9
2004-06-22,89,29.3
2004-06-23,79,23.9
2004-06-24,79,24.1
2004-06-25,92,31.2
2004-06-26,86,27.8
2004-06-27,72,20.5
2004-06-28,57,12.2
2004-06-29,49,8.9
2004-06-30,49,8.9
2004-07-01,49,8.8
2004-07-02,57,12.2
2004-07-03,68,18.1
2004-07-04,83,26.1
2004-07-05,93,31.9
2004-07-06,63,15.6
2004-07-07,63,15.4
2004-07-08,60,14.0
2004-07-09,57,12.2
2004-07-10,55,11.4
2004-07-11,64,15.9
2004-07-12,71,20.1
2004-07-13,65,16.6
2004-07-14,67,17.8
2004-07-15,61,14.7
2004-07-16,65,16.8
2004-07-17,63,15.5
2004-07-18,59,13.2
2004-07-20,61,14.3
2004-07-21,61,14.4
2004-07-23,81,25.2
2004-07-24,66,17.1
2004-07-25,56,11.8
2004-07-26,63,15.6
2004-07-27,72,20.6
2004-07-28,69,18.9
2004-07-29,69,18.8
2004-07-31,77,22.8
2004-08-01,70,19.1
2004-08-02,65,16.5
2004-08-03,67,17.6
2004-08-04,58,12.6
2004-08-05,74,21.5
2004-08-06,77,23.3
2004-08-07,67,17.8
2004-08-08,59,13.4
2004-08-09,57,12.4
2004-08-10,64,15.9
2004-08-11,65,16.7
2004-08-13,65,16.8
2004-08-14,59,13.6
2004-08-15,66,17.2
2004-08-16,79,24.1
2004-08-18,83,26.1
2004-08-19,65,16.5
2004-08-20,66,17.1
2004-08-21,65,16.8
2004-08-22,59,13.6
2004-08-23,50,9.0
2004-08-24,52,9.5
2004-08-25,61,14.3
2004-08-27,58,12.9
2004-08-28,65,16.4
2004-08-29,72,20.6
2004-08-30,72,20.4
2004-08-31,71,19.7
2004-09-01,75,22.1
2004-09-02,78,23.4
2004-09-03,60,14.1
2004-09-04,68,18.1
2004-09-05,53,10.3
2004-09-06,62,14.9
2004-09-07,68,18.1
2004-09-08,73,20.7
2004-09-09,75,22.2
2004-09-11,69,19.0
2004-09-12,63,15.4
2004-09-13,59,13.3
2004-09-14,58,12.7
2004-09-15,65,16.7
2004-09-16,68,18.2
2004-09-17,71,19.8
2004-09-18,65,16.7
2004-09-19,45,8.1
2004-09-20,50,9.0
2004-09-21,51,9.3
2004-09-22,46,8.2
2004-09-24,71,19.7
2004-09-25,76,22.7
2004-09-26,104,36.8
2004-09-27,152,57.2
2004-09-28,86,28.1
2004-09-29,57,12.3
2004-09-30,60,13.8
2004-10-01,60,13.9
2004-10-02,64,16.3
2004-10-03,72,20.6
2004-10-04,93,31.9
2004-10-05,85,27.2
2004-10-06,149,54.8
2004-10-08,147,54.3
2004-10-09,125,45.4
2004-10-10,56,11.6
2004-10-11,74,21.6
2004-10-12,74,21.2
2004-10-13,80,24.4
2004-10-14,76,22.5
2004-10-15,108,38.5
2004-10-16,77,23.3
2004-10-17,41,7.3
2004-10-18,52,9.7
2004-10-19,38,6.9
2004-10-20,29,5.3
2004-10-21,41,7.4
2004-10-22,55,11.4
2004-10-23,64,16.1
2004-10-24,72,20.3
2004-10-25,68,18.1
2004-10-26,38,6.9
2004-10-27,28,5.0
2004-10-28,43,7.7
2004-10-29,57,12.3
2004-10-30,57,12.4
2004-10-31,64,16.0
2004-11-01,58,12.6
2004-11-02,58,13.0
2004-11-03,61,14.2
2004-11-04,52,9.8
2004-11-05,59,13.5
2004-11-06,64,16.0
2004-11-07,64,16.3
2004-11-08,65,16.7
2004-11-09,58,12.7
2004-11-10,64,16.0
2004-11-11,61,14.4
2004-11-12,65,16.4
2004-11-13,68,18.1
2004-11-14,55,11.5
2004-11-15,59,13.4
2004-11-16,72,20.5
2004-11-17,81,25.0
2004-11-18,93,31.8
2004-11-19,142,52.0
2004-11-20,82,25.7
2004-11-23,61,14.2
2004-11-26,108,38.4
2004-11-27,94,32.2
2004-11-28,11,2.0
2004-11-29,58,12.8
2004-11-30,60,13.9
2004-12-01,70,19.4
2004-12-02,62,14.8
2004-12-03,65,16.8
2004-12-04,70,19.3
2004-12-05,64,15.9
2004-12-06,72,20.4
2004-12-07,66,17.3
2004-12-08,55,11.1
2004-12-09,95,32.6
2004-12-10,52,9.5
2004-12-11,54,10.8
2004-12-12,96,33.4
2004-12-13,106,37.4
2004-12-14,63,15.3
2004-12-15,75,22.1
2004-12-16,71,19.8
2004-12-17,61,14.3
2004-12-18,55,11.2
2004-12-19,41,7.3
2004-12-20,64,16.3
2004-12-21,81,25.0
2004-12-22,82,25.6
2004-12-23,61,14.5
2004-12-24,69,18.9
2004-12-25,81,25.3
2004-12-26,111,39.7
2004-12-27,76,22.5
2004-12-28,36,6.4
2004-12-29,32,5.8
2004-12-30,50,9.0
2004-12-31,53,10.1
2005-01-01,96,33.1
2005-01-02,63,15.3
2005-01-03,36,6.5
2005-01-04,63,15.7
2005-01-05,57,12.4
2005-01-06,63,15.4
2005-01-07,59,13.3
2005-01-08,33,5.9
2005-01-09,24,4.4
2005-01-10,26,4.7
2005-01-11,22,4.0
2005-01-12,56,11.7
2005-01-13,62,15.0
2005-01-14,55,11.2
2005-01-15,55,11.5
2005-01-16,43,7.8
2005-01-17,57,12.4
2005-01-18,59,13.5
2005-01-19,54,10.7
2005-01-20,57,12.4
2005-01-21,85,27.6
2005-01-22,145,53.5
2005-01-23,83,26.2
2005-01-24,119,42.9
2005-01-25,89,29.6
2005-01-26,63,15.8
2005-01-27,48,8.6
2005-01-28,52,9.5
2005-01-29,22,4.0
2005-01-30,54,10.5
2005-01-31,53,10.3
2005-02-01,55,11.4
2005-02-02,57,12.2
2005-02-03,55,11.3
2005-02-04,53,10.0
2005-02-05,64,16.3
2005-02-06,64,16.3
2005-02-07,63,15.8
2005-02-08,69,18.6
2005-02-09,62,15.1
2005-02-10,50,9.0
2005-02-11,28,5.0
2005-02-12,33,6.0
2005-02-13,47,8.5
2005-02-14,43,7.8
2005-02-15,57,12.3
2005-02-16,59,13.5
2005-02-17,49,8.8
2005-02-18,42,7.5
2005-02-19,20,3.6
2005-02-20,21,3.7
2005-02-21,28,5.0
2005-02-22,22,4.0
2005-02-23,24,4.4
2005-02-24,73,21.0
2005-02-25,93,31.7
2005-02-26,65,16.8
2005-02-27,55,11.3
2005-02-28,56,11.9
2005-03-01,54,10.8
2005-03-02,52,9.5
2005-03-03,47,8.5
2005-03-04,38,6.8
2005-03-05,52,9.4
2005-03-06,73,21.1
2005-03-07,98,34.3
2005-03-08,137,50.3
2005-03-09,144,52.9
2005-03-10,164,73.7
2005-03-11,159,67.5
2005-03-12,95,32.7
2005-03-13,62,15.0
2005-03-14,56,11.8
2005-03-15,45,8.1
2005-03-16,58,12.7
2005-03-17,75,22.0
2005-03-18,63,15.3
2005-03-19,56,11.6
2005-03-20,42,7.5
2005-03-21,48,8.6
2005-03-22,46,8.2
2005-03-23,27,4.8
2005-03-24,46,8.3
2005-03-25,49,8.8
2005-03-26,58,12.8
2005-03-27,60,13.7
2005-03-28,34,6.1
2005-03-29,44,7.9
2005-03-30,48,8.7
2005-03-31,52,9.5
2005-04-01,47,8.5
2005-04-02,57,12.5
2005-04-03,64,15.9
2005-04-04,36,6.5
2005-04-05,57,12.1
2005-04-06,58,12.8
2005-04-07,56,11.8
2005-04-08,42,7.6
2005-04-09,26,4.6
2005-04-10,50,9.0
2005-04-11,62,14.8
2005-04-12,67,17.7
2005-04-13,68,18.3
2005-04-14,59,13.6
2005-04-15,68,18.4
2005-04-16,72,20.2
2005-04-17,85,27.3
2005-04-18,68,18.4
2005-04-19,56,11.8
2005-04-20,58,13.1
2005-04-21,61,14.4
2005-04-22,60,14.1
2005-04-23,52,9.8
2005-04-24,27,4.8
2005-04-25,53,10.0
2005-04-26,93,31.8
2005-04-27,52,9.7
2005-04-28,19,3.5
2005-04-29,34,6.1
2005-04-30,52,9.5
2005-05-01,54,10.9
2005-05-02,46,8.3
2005-05-03,61,14.5
2005-05-04,78,23.6
2005-05-05,46,8.3
2005-05-06,26,4.7
2005-05-07,37,6.6
2005-05-08,42,7.5
2005-05-09,33,6.0
2005-05-10,32,5.8
2005-05-11,52,9.9
2005-05-12,56,11.9
2005-05-13,61,14.4
2005-05-14,68,18.3
2005-05-15,72,20.5
2005-05-16,67,17.5
2005-05-17,60,13.7
2005-05-18,58,12.9
2005-05-19,59,13.2
2005-05-20,61,14.4
2005-05-21,68,18.2
2005-05-22,76,22.6
2005-05-23,83,26.5
2005-05-24,76,22.6
2005-05-27,85,27.2
2005-05-28,66,17.3
2005-05-29,53,10.3
2005-05-30,54,10.7
2005-05-31,66,17.3
2005-06-01,66,17.3
2005-06-02,48,8.6
2005-06-03,56,11.8
2005-06-04,61,14.5
2005-06-05,57,12.1
2005-06-06,57,12.1
2005-06-07,57,12.1
2005-06-08,55,11.0
2005-06-09,51,9.3
2005-06-10,59,13.2
2005-06-11,65,16.5
2005-06-12,60,14.0
2005-06-13,68,18.3
2005-06-14,83,26.5
2005-06-15,60,13.9
2005-06-16,56,11.8
2005-06-22,58,12.7
2005-06-23,63,15.7
2005-06-24,55,11.5
2005-06-25,56,12.0
2005-06-26,56,11.8
2005-06-27,59,13.4
2005-06-28,60,14.1
2005-06-29,56,11.8
2005-06-30,86,27.7
2005-07-01,98,34.2
2005-07-02,80,24.8
2005-07-03,86,28.1
2005-07-04,125,45.3
2005-07-05,138,50.4
2005-07-06,74,21.5
2005-07-07,72,20.6
2005-07-08,68,18.0
2005-07-09,72,20.6
2005-07-10,72,20.6
2005-07-11,86,28.1
2005-07-12,90,29.9
2005-07-13,66,17.1
2005-07-14,76,22.3
2005-07-15,79,24.3
2005-07-16,89,29.5
2005-07-17,75,21.9
2005-07-18,71,20.1
2005-07-19,67,17.9
2005-07-20,66,17.3
2005-07-21,61,14.6
2005-07-22,65,16.5
2005-07-23,62,14.8
2005-07-24,57,12.4
2005-07-25,56,11.8
2005-07-26,66,16.9
2005-07-27,67,17.6
2005-07-28,62,14.8
2005-07-29,61,14.6
2005-07-30,57,12.5
2005-07-31,60,14.0
2005-08-01,72,20.6
2005-08-02,79,24.3
2005-08-03,79,24.0
2005-08-04,81,25.3
2005-08-05,74,21.3
2005-08-06,74,21.7
2005-08-07,69,18.6
2005-08-08,69,18.9
2005-08-09,64,16.2
2005-08-10,76,22.5
2005-08-11,80,24.8
2005-08-12,75,22.2
2005-08-13,43,7.7
2005-08-14,65,16.6
2005-08-15,62,14.8
2005-08-16,60,14.1
2005-08-17,62,14.9
2005-08-18,67,17.7
2005-08-19,53,10.0
2005-08-20,64,16.2
2005-08-21,60,14.0
2005-08-22,64,16.2
2005-08-23,75,21.9
2005-08-24,84,26.9
2005-08-25,67,17.6
2005-08-26,69,18.6
2005-08-27,71,20.0
2005-08-28,68,18.1
2005-08-29,69,18.6
2005-08-30,68,18.1
2005-08-31,65,16.6
2005-09-01,71,19.6
2005-09-02,75,21.8
2005-09-03,73,20.8
2005-09-04,65,16.5
2005-09-05,60,13.8
2005-09-06,64,16.1
2005-09-07,65,16.8
2005-09-08,65,16.4
2005-09-09,51,9.3
2005-09-10,53,10.0
2005-09-11,53,10.4
2005-09-13,55,11.2
2005-09-14,60,13.9
2005-09-15,67,17.8
2005-09-16,64,15.9
2005-09-17,71,19.6
2005-09-18,75,21.9
2005-09-19,89,29.7
2005-09-23,98,34.4
2005-09-24,70,19.1
2005-09-25,78,23.8
2005-09-26,69,18.7
2005-09-28,60,14.0
2005-09-29,62,15.2
2005-09-30,86,28.1
2005-10-01,93,31.4
2005-10-02,94,32.4
2005-10-03,66,17.0
2005-10-04,59,13.3
2005-10-07,67,17.7
2005-10-08,64,16.0
2005-10-09,67,17.7
2005-10-10,73,20.7
2005-10-11,85,27.6
2005-10-12,103,36.4
2005-10-13,67,17.6
2005-10-14,58,12.8
2005-10-15,63,15.5
2005-10-16,34,6.1
2005-10-17,55,11.1
2005-10-18,56,12.0
2005-10-19,66,17.1
2005-10-20,96,33.4
2005-10-21,153,58.2
2005-10-22,144,52.8
2005-10-23,112,40.1
2005-10-24,112,40.1
2005-10-25,46,8.2
2005-10-26,78,23.6
2005-10-27,71,20.0
2005-10-28,53,10.1
2005-10-29,59,13.5
2005-10-30,70,19.3
2005-10-31,60,13.8
2005-11-01,60,14.0
2005-11-02,77,23.2
2005-11-03,68,18.3
2005-11-04,72,20.3
2005-11-05,102,36.0
2005-11-06,148,54.7
2005-11-07,145,53.3
2005-11-08,70,19.2
2005-11-09,54,10.5
2005-11-10,38,6.8
2005-11-11,52,9.8
2005-11-12,76,22.6
2005-11-13,75,22.0
2005-11-14,94,32.3
2005-11-15,70,19.1
2005-11-16,57,12.5
2005-11-17,60,14.0
2005-11-18,58,12.8
2005-11-19,52,9.4
2005-11-20,46,8.3
2005-11-21,50,9.0
2005-11-22,55,11.0
2005-11-23,74,21.4
2005-11-24,97,33.9
2005-11-25,148,54.4
2005-11-26,70,19.1
2005-11-27,31,5.5
2005-11-28,56,11.8
2005-11-29,67,17.9
2005-11-30,87,28.3
2005-12-01,129,46.7
2005-12-02,80,24.5
2005-12-03,33,6.0
2005-12-04,55,11.2
2005-12-05,58,12.7
2005-12-06,54,10.6
2005-12-07,74,21.7
2005-12-08,65,16.5
2005-12-09,54,10.6
2005-12-10,54,10.9
2005-12-11,68,18.1
2005-12-12,94,32.0
2005-12-13,120,43.2
2005-12-14,118,42.5
2005-12-15,95,32.5
2005-12-17,81,25.1
2005-12-18,80,24.6
2005-12-19,68,18.3
2005-12-20,53,10.0
2005-12-21,61,14.7
2005-12-22,77,23.1
2005-12-23,122,43.9
2005-12-24,68,18.4
2005-12-25,131,47.6
2005-12-26,82,25.7
2005-12-27,68,18.0
2005-12-28,86,28.1
2005-12-29,89,29.4
2005-12-30,83,26.1
2005-12-31,74,21.3
2006-01-01,56,12.0
2006-01-02,21,3.7
2006-01-03,53,10.2
2006-01-04,56,12.0
2006-01-05,51,9.2
2006-01-06,42,7.5
2006-01-07,60,13.7
2006-01-08,75,22.1
2006-01-09,54,10.6
2006-01-10,46,8.3
2006-01-11,77,22.9
2006-01-12,109,38.9
2006-01-13,89,29.3
2006-01-14,64,16.1
2006-01-15,23,4.2
2006-01-16,49,8.8
2006-01-18,66,17.2
2006-01-19,31,5.6
2006-01-20,50,9.0
2006-01-21,53,10.0
2006-01-22,31,5.5
2006-01-23,41,7.4
2006-01-24,55,11.1
2006-01-25,55,11.3
2006-01-26,62,15.0
2006-01-27,56,11.9
2006-01-28,72,20.6
2006-01-29,102,35.9
2006-01-30,102,35.9
2006-01-31,84,27.0
2006-02-01,77,23.2
2006-02-02,78,23.5
2006-02-03,95,32.7
2006-02-04,151,56.2
2006-02-05,77,22.8
2006-02-06,58,13.1
2006-02-07,52,9.4
2006-02-08,60,14.0
2006-02-09,64,16.1
2006-02-10,104,36.7
2006-02-11,120,43.2
2006-02-12,54,10.9
2006-02-13,55,11.4
2006-02-14,73,20.9
2006-02-15,57,12.5
2006-02-16,52,9.4
2006-02-17,52,9.4
2006-02-18,29,5.2
2006-02-19,27,4.8
2006-02-20,53,10.1
2006-02-21,54,10.5
2006-02-22,59,13.5
2006-02-23,64,16.2
2006-02-24,82,25.8
2006-02-25,108,38.3
2006-02-26,81,25.4
2006-02-27,83,26.2
2006-02-28,29,5.2
2006-03-01,52,9.4
2006-03-02,52,9.8
2006-03-03,43,7.7
2006-03-04,55,11.0
2006-03-05,69,18.9
2006-03-06,57,12.3
2006-03-07,40,7.2
2006-03-08,46,8.2
2006-03-09,53,10.4
2006-03-10,19,3.4
2006-03-11,26,4.7
2006-03-12,26,4.6
2006-03-13,52,9.9
2006-03-14,46,8.2
2006-03-15,49,8.8
2006-03-16,57,12.3
2006-03-17,47,8.5
2006-03-18,33,6.0
2006-03-19,62,15.0
2006-03-20,65,16.5
2006-03-21,30,5.4
2006-03-22,52,9.7
2006-03-23,46,8.3
2006-03-24,57,12.2
2006-03-25,59,13.4
2006-03-26,51,9.3
2006-03-27,51,9.2
2006-03-28,43,7.7
2006-03-29,28,5.0
2006-03-30,46,8.3
2006-03-31,51,9.1
2006-04-01,34,6.2
2006-04-02,57,12.4
2006-04-03,62,15.2
2006-04-04,27,4.8
2006-04-05,28,5.0
2006-04-06,46,8.2
2006-04-07,56,11.6
2006-04-08,37,6.6
2006-04-09,53,10.0
2006-04-10,35,6.3
2006-04-11,27,4.9
2006-04-12,45,8.1
2006-04-14,27,4.9
2006-04-15,34,6.1
2006-04-16,27,4.8
2006-04-17,26,4.7
2006-04-18,50,9.0
2006-04-19,55,11.4
2006-04-20,62,14.8
2006-04-21,65,16.5
2006-04-22,32,5.8
2006-04-23,28,5.0
2006-04-24,51,9.2
2006-04-25,52,9.7
2006-04-26,31,5.5
2006-04-27,46,8.2
2006-04-28,62,15.0
2006-04-29,60,13.8
2006-04-30,79,23.9
2006-05-01,97,33.9
2006-05-02,82,25.5
2006-05-03,57,12.4
2006-05-04,52,9.7
2006-05-05,54,10.6
2006-05-06,63,15.4
2006-05-07,72,20.6
2006-05-08,84,26.8
2006-05-09,73,21.0
2006-05-10,81,25.3
2006-05-11,93,31.4
2006-05-12,71,20.0
2006-05-13,75,22.0
2006-05-14,91,30.5
2006-05-15,71,19.7
2006-05-16,71,19.9
2006-05-17,94,32.3
2006-05-18,88,28.7
2006-05-19,82,25.7
2006-05-20,62,14.8
2006-05-21,58,13.0
2006-05-22,26,4.7
2006-05-23,43,7.7
2006-05-25,63,15.4
2006-05-26,67,17.5
2006-05-27,47,8.4
2006-05-28,43,7.8
2006-05-29,54,10.6
2006-05-30,58,12.8
2006-05-31,61,14.4
2006-06-01,67,17.6
2006-06-02,69,18.5
2006-06-03,64,16.3
2006-06-04,62,15.1
2006-06-05,73,20.7
2006-06-10,55,11.5
2006-06-13,49,8.8
2006-06-14,53,10.1
2006-06-16,61,14.5
2006-06-17,63,15.5
2006-06-18,65,16.5
2006-06-19,67,17.8
2006-06-20,68,18.3
2006-06-21,75,22.0
2006-06-22,72,20.4
2006-06-23,69,18.7
2006-06-24,69,18.9
2006-06-25,67,17.9
2006-06-26,66,17.1
2006-06-27,60,13.9
2006-06-28,66,17.4
2006-06-29,63,15.3
2006-06-30,63,15.5
2006-07-02,67,17.6
2006-07-03,66,17.1
2006-07-04,114,40.6
2006-07-05,110,39.3
2006-07-06,63,15.5
2006-07-07,63,15.3
2006-07-08,63,15.8
2006-07-09,63,15.4
2006-07-10,70,19.4
2006-07-11,67,17.7
2006-07-12,58,12.8
2006-07-13,58,12.9
2006-07-14,62,15.0
2006-07-15,66,17.3
2006-07-16,58,12.9
2006-07-17,61,14.5
2006-07-18,65,16.7
2006-07-19,58,13.1
2006-07-20,59,13.6
2006-07-21,58,13.0
2006-07-22,68,18.1
2006-07-23,71,20.0
2006-07-24,74,21.5
2006-07-25,73,21.0
2006-07-26,88,29.0
2006-07-27,70,19.3
2006-07-28,54,10.5
2006-07-29,37,6.7
2006-07-30,31,5.5
2006-07-31,51,9.2
2006-08-02,52,9.8
2006-08-03,58,12.9
2006-08-04,50,9.0
2006-08-05,49,8.8
2006-08-06,43,7.8
2006-08-07,56,11.9
2006-08-08,58,13.1
2006-08-09,62,15.2
2006-08-11,71,19.7
2006-08-12,68,18.2
2006-08-13,63,15.8
2006-08-14,59,13.5
2006-08-15,57,12.5
2006-08-16,61,14.2
2006-08-17,68,18.0
2006-08-18,65,16.7
2006-08-19,64,16.0
2006-08-20,61,14.2
2006-08-21,58,13.0
2006-08-22,60,13.9
2006-08-23,63,15.8
2006-08-25,67,17.9
2006-08-26,62,15.2
2006-08-27,55,11.5
2006-08-28,59,13.5
2006-08-30,73,21.0
2006-08-31,80,24.4
2006-09-01,68,18.1
2006-09-02,61,14.6
2006-09-03,65,16.4
2006-09-04,65,16.6
2006-09-05,68,18.2
2006-09-06,61,14.5
2006-09-08,62,15.0
2006-09-09,63,15.7
2006-09-10,70,19.2
2006-09-11,68,18.3
2006-09-12,76,22.6
2006-09-13,74,21.6
2006-09-14,60,13.7
2006-09-15,52,9.5
2006-09-16,55,11.5
2006-09-17,63,15.5
2006-09-18,78,23.6
2006-09-19,74,21.7
2006-09-20,67,17.6
2006-09-22,53,10.0
2006-09-23,44,8.0
2006-09-24,51,9.2
2006-09-25,66,17.0
2006-09-26,67,17.5
2006-09-27,68,18.0
2006-09-28,69,19.0
2006-09-29,79,24.1
2006-09-30,95,32.7
2006-10-01,77,23.3
2006-10-02,55,11.0
2006-10-03,55,11.2
2006-10-04,52,9.8
2006-10-08,74,21.4
2006-10-10,64,15.9
2006-10-11,60,14.1
2006-10-12,50,9.0
2006-10-13,39,7.1
2006-10-14,51,9.2
2006-10-15,42,7.5
2006-10-16,56,11.7
2006-10-17,45,8.1
2006-10-18,56,11.8
2006-10-19,48,8.7
2006-10-20,62,14.8
2006-10-21,83,26.5
2006-10-22,63,15.4
2006-10-23,58,13.1
2006-10-24,91,30.5
2006-10-25,117,42.0
2006-10-26,65,16.6
2006-10-27,57,12.3
2006-10-28,57,12.2
2006-10-29,75,21.8
2006-10-30,82,26.0
2006-10-31,68,18.0
2006-11-01,82,25.6
2006-11-02,73,21.1
2006-11-03,73,20.7
2006-11-04,79,24.3
2006-11-05,52,9.8
2006-11-06,55,11.0
2006-11-07,51,9.3
2006-11-08,70,19.2
2006-11-09,75,22.0
2006-11-10,67,17.5
2006-11-11,59,13.3
2006-11-12,52,9.8
2006-11-13,55,11.3
2006-11-14,64,16.3
2006-11-15,56,11.8
2006-11-16,58,12.6
2006-11-17,81,25.2
2006-11-18,85,27.5
2006-11-19,55,11.3
2006-11-20,57,12.3
2006-11-21,80,24.9
2006-11-24,126,45.7
2006-11-25,80,24.5
2006-11-26,62,15.0
2006-11-27,52,9.7
2006-12-01,58,12.8
2006-12-02,59,13.5
2006-12-03,55,11.0
2006-12-04,50,9.0
2006-12-05,66,17.2
2006-12-06,76,22.7
2006-12-07,67,17.5
2006-12-08,65,16.4
2006-12-09,80,24.7
2006-12-10,31,5.6
2006-12-11,59,13.2
2006-12-12,59,13.2
2006-12-13,74,21.6
2006-12-14,62,15.1
2006-12-15,99,35.1
2006-12-16,60,14.1
2006-12-25,55,11.3
2006-12-26,78,23.4
2006-12-27,53,10.4
2006-12-28,52,9.5
2006-12-29,57,12.5
2006-12-31,95,32.7
2007-01-03,65,16.6
2007-01-04,69,18.9
2007-01-05,22,3.9
2007-01-06,58,12.8
2007-01-09,53,10.4
2007-01-10,70,19.1
2007-01-12,26,4.7
2007-01-18,64,16.1
2007-01-24,84,26.6
2007-01-25,61,14.2
2007-01-26,78,23.8
2007-01-27,58,12.6
2007-01-30,70,19.2
2007-01-31,61,14.5
2007-02-04,55,11.3
2007-02-05,58,12.7
2007-02-06,89,29.7
2007-02-07,125,45.3
2007-02-08,124,44.9
2007-02-09,120,43.1
2007-02-10,81,25.1
2007-02-11,32,5.8
2007-02-12,40,7.2
2007-02-13,29,5.2
2007-02-14,52,9.8
2007-02-15,62,14.8
2007-02-17,53,10.2
2007-02-18,49,8.9
2007-02-19,31,5.5
2007-02-20,56,11.9
2007-02-21,72,20.6
2007-02-22,36,6.5
2007-02-23,18,3.2
2007-02-24,49,8.8
2007-02-25,58,12.8
2007-02-26,56,11.6
2007-02-27,22,3.9
2007-02-28,21,3.8
2007-03-01,32,5.8
2007-03-02,53,10.1
2007-03-04,39,7.0
2007-03-05,40,7.2
2007-03-06,52,9.9
2007-03-07,59,13.5
2007-03-08,57,12.2
2007-03-09,69,18.6
2007-03-10,93,31.6
2007-03-11,66,16.9
2007-03-12,59,13.5
2007-03-13,67,17.8
2007-03-14,83,26.5
2007-03-15,140,51.2
2007-03-16,119,42.8
2007-03-17,129,47.0
2007-03-18,88,28.8
2007-03-19,67,17.5
2007-03-20,71,19.7
2007-03-21,39,7.0
2007-03-22,52,9.5
2007-03-23,58,13.0
2007-03-25,69,18.5
2007-03-26,77,23.1
2007-03-27,19,3.4
2007-03-28,36,6.5
2007-03-29,54,10.5
2007-03-30,54,10.5
2007-03-31,59,13.2
2007-04-01,76,22.6
2007-04-02,89,29.7
2007-04-03,72,20.6
2007-04-05,123,44.3
2007-04-06,77,23.2
2007-04-07,68,18.0
2007-04-08,63,15.6
2007-04-09,55,11.0
2007-04-10,55,11.2
2007-04-11,55,11.2
2007-04-12,49,8.9
2007-04-13,46,8.3
2007-04-14,43,7.7
2007-04-15,37,6.7
2007-04-16,54,10.5
2007-04-17,60,13.9
2007-04-18,28,5.0
2007-04-19,33,6.0
2007-04-20,33,6.0
2007-04-21,56,11.9
2007-04-22,54,10.8
2007-04-23,47,8.5
2007-04-24,55,11.5
2007-04-25,59,13.4
2007-04-26,62,14.8
2007-04-27,68,18.4
2007-04-29,94,32.3
2007-04-30,82,25.6
2007-05-01,73,20.8
2007-05-02,61,14.6
2007-05-03,52,9.4
2007-05-04,48,8.7
2007-05-05,51,9.1
2007-05-06,26,4.7
2007-05-07,39,7.0
2007-05-08,51,9.3
2007-05-09,61,14.3
2007-05-10,68,18.3
2007-05-11,61,14.4
2007-05-12,74,21.2
2007-05-13,68,18.0
2007-05-14,74,21.5
2007-05-15,86,28.1
2007-05-16,86,28.1
2007-05-17,81,25.0
2007-05-18,85,27.4
2007-05-19,85,27.4
2007-05-20,79,24.0
2007-05-21,56,11.7
2007-05-22,63,15.4
2007-05-23,53,10.3
2007-05-24,60,14.0
2007-05-25,73,20.9
2007-05-26,78,23.6
2007-05-27,76,22.6
2007-05-28,58,13.1
2007-05-29,56,12.0
2007-05-30,60,14.1
2007-05-31,68,18.1
2007-06-01,71,19.7
2007-06-02,67,17.8
2007-06-03,75,22.0
2007-06-04,74,21.6
2007-06-05,59,13.5
2007-06-06,50,9.0
2007-06-07,55,11.3
2007-06-08,56,11.7
2007-06-09,62,15.0
2007-06-10,67,17.8
2007-06-11,67,17.7
2007-06-12,68,18.4
2007-06-13,60,13.9
2007-06-14,60,13.8
2007-06-15,58,12.8
2007-06-16,62,15.0
2007-06-17,66,17.0
2007-06-18,64,16.3
2007-06-19,58,12.9
2007-06-20,60,13.7
2007-06-21,62,15.0
2007-06-22,66,17.4
2007-06-29,65,16.6
2007-06-30,67,17.8
2007-07-01,62,15.0
2007-07-02,66,17.2
2007-07-03,67,17.8
2007-07-04,110,39.0
2007-07-05,124,44.8
2007-07-06,75,21.8
2007-07-07,75,22.0
2007-07-08,61,14.4
2007-07-09,58,12.6
2007-07-10,56,11.9
2007-07-11,29,5.2
2007-07-12,54,10.8
2007-07-13,54,10.8
2007-07-14,59,13.6
2007-07-15,61,14.5
2007-07-16,66,17.0
2007-07-17,63,15.7
2007-07-18,46,8.3
2007-07-19,55,11.1
2007-07-20,69,18.8
2007-07-21,68,18.3
2007-07-22,75,21.9
2007-07-23,70,19.2
2007-07-24,65,16.8
2007-07-25,69,18.9
2007-07-26,65,16.8
2007-07-27,57,12.4
2007-07-28,61,14.3
2007-07-29,60,13.9
2007-07-30,62,15.0
2007-07-31,65,16.4
2007-08-01,70,19.5
2007-08-02,67,17.8
2007-08-03,72,20.4
2007-08-04,62,14.8
2007-08-05,53,10.2
2007-08-06,56,11.6
2007-08-07,54,10.5
2007-08-08,57,12.4
2007-08-09,57,12.3
2007-08-10,65,16.6
2007-08-11,73,20.8
2007-08-12,58,13.1
2007-08-13,59,13.3
2007-08-14,61,14.3
2007-08-15,62,14.8
2007-08-16,62,15.1
2007-08-17,64,16.2
2007-08-18,65,16.8
2007-08-19,67,17.8
2007-08-20,65,16.5
2007-08-21,62,15.0
2007-08-22,63,15.3
2007-08-23,59,13.2
2007-08-24,69,18.5
2007-08-25,45,8.1
2007-08-26,47,8.4
2007-08-27,52,9.6
2007-08-28,55,11.1
2007-08-29,62,14.9
2007-08-30,66,16.9
2007-08-31,68,18.3
2007-09-01,65,16.7
2007-09-02,71,20.1
2007-09-03,73,20.8
2007-09-04,59,13.5
2007-09-05,58,12.6
2007-09-06,55,11.2
2007-09-07,52,9.7
2007-09-08,50,9.0
2007-09-09,45,8.1
2007-09-10,54,10.6
2007-09-11,59,13.4
2007-09-12,65,16.6
2007-09-14,59,13.6
2007-09-15,58,12.6
2007-09-16,57,12.5
2007-09-17,52,9.9
2007-09-18,60,13.8
2007-09-19,58,12.7
2007-09-20,34,6.1
2007-09-21,34,6.1
2007-09-22,23,4.2
2007-09-23,33,5.9
2007-09-24,51,9.3
2007-09-25,54,10.7
2007-09-27,68,18.0
2007-09-28,63,15.7
2007-09-29,53,10.4
2007-09-30,56,11.9
2007-10-01,58,13.0
2007-10-02,64,16.3
2007-10-03,62,15.2
2007-10-04,57,12.5
2007-10-05,39,7.0
2007-10-06,44,8.0
2007-10-07,39,7.1
2007-10-08,43,7.7
2007-10-09,53,10.2
2007-10-10,52,9.4
2007-10-11,54,10.5
2007-10-12,52,9.4
2007-10-13,29,5.3
2007-10-14,61,14.7
2007-10-15,122,44.2
2007-10-16,53,10.3
2007-10-17,54,10.7
2007-10-18,62,15.1
2007-10-19,55,11.0
2007-10-20,57,12.5
2007-10-21,56,11.9
2007-10-22,70,19.2
2007-10-23,72,20.6
2007-10-24,70,19.1
2007-10-26,146,53.7
2007-10-27,86,27.9
2007-10-28,63,15.4
2007-10-29,65,16.6
2007-10-30,62,14.8
2007-10-31,69,19.0
2007-11-01,91,30.4
2007-11-02,130,47.3
2007-11-03,96,33.0
2007-11-04,85,27.2
2007-11-05,99,34.7
2007-11-06,92,31.3
2007-11-07,98,34.5
2007-11-08,98,34.2
2007-11-09,72,20.3
2007-11-10,55,11.0
2007-11-11,66,17.4
2007-11-12,64,16.0
2007-11-13,52,9.8
2007-11-14,56,12.0
2007-11-15,53,10.0
2007-11-16,115,41.0
2007-11-17,142,52.3
2007-11-18,157,64.1
2007-11-19,154,60.4
2007-11-20,155,61.1
2007-11-21,152,56.7
2007-11-22,118,42.6
2007-11-23,80,24.5
2007-11-24,78,23.5
2007-11-25,58,12.8
2007-11-26,58,12.6
2007-11-27,70,19.3
2007-11-28,59,13.4
2007-11-29,59,13.5
2007-11-30,66,17.4
2007-12-01,56,12.0
2007-12-02,52,9.5
2007-12-03,52,9.8
2007-12-04,66,17.1
2007-12-05,70,19.2
2007-12-06,64,16.2
2007-12-07,37,6.6
2007-12-08,44,8.0
2007-12-09,41,7.3
2007-12-12,52,9.5
2007-12-13,57,12.2
2007-12-14,81,25.0
2007-12-15,68,18.3
2007-12-16,64,16.0
2007-12-17,71,19.6
2007-12-18,64,16.0
2007-12-19,30,5.4
2007-12-20,53,10.4
2007-12-21,46,8.3
2007-12-25,61,14.3
2007-12-26,46,8.2
2007-12-28,57,12.2
2007-12-29,76,22.3
2007-12-30,113,40.3
2008-01-01,53,10.2
2008-01-03,56,11.7
2008-01-07,33,6.0
2008-01-10,107,38.1
2008-01-11,101,35.7
2008-01-12,68,18.2
2008-01-13,58,12.8
2008-01-14,56,11.9
2008-01-15,62,15.2
2008-01-16,75,22.2
2008-01-17,50,9.0
2008-01-19,58,12.9
2008-01-21,34,6.1
2008-01-22,52,9.6
2008-01-23,53,10.4
2008-01-24,21,3.7
2008-01-25,34,6.1
2008-01-26,36,6.4
2008-01-28,23,4.2
2008-01-30,47,8.4
2008-01-31,43,7.8
2008-02-01,59,13.3
2008-02-02,53,10.2
2008-02-03,29,5.2
2008-02-04,12,2.2
2008-02-05,42,7.5
2008-02-06,62,15.1
2008-02-07,61,14.7
2008-02-08,80,24.8
2008-02-09,32,5.8
2008-02-10,54,10.6
2008-02-11,77,23.1
2008-02-12,68,18.1
2008-02-13,82,25.9
2008-02-14,36,6.5
2008-02-15,43,7.8
2008-02-17,82,26.0
2008-02-18,90,29.8
2008-02-24,31,5.6
2008-02-27,46,8.2
2008-02-28,68,18.1
2008-02-29,81,25.1
2008-03-01,75,21.8
2008-03-02,70,19.5
2008-03-03,53,10.4
2008-03-04,59,13.6
2008-03-05,67,17.6
2008-03-06,56,12.0
2008-03-07,60,13.8
2008-03-08,65,16.7
2008-03-09,54,10.5
2008-03-10,44,7.9
2008-03-12,81,25.1
2008-03-13,71,20.1
2008-03-14,53,10.2
2008-03-15,42,7.5
2008-03-16,18,3.2
2008-03-17,37,6.7
2008-03-18,54,10.7
2008-03-19,78,23.8
2008-03-20,80,24.9
2008-03-21,64,15.9
2008-03-22,57,12.3
2008-03-23,43,7.8
2008-03-24,57,12.4
2008-03-25,81,25.0
2008-03-26,75,22.2
2008-03-27,54,10.8
2008-03-31,55,11.5
2008-04-01,61,14.6
2008-04-02,58,12.6
2008-04-03,28,5.0
2008-04-04,72,20.6
2008-04-05,69,18.7
2008-04-06,57,12.1
2008-04-07,57,12.1
2008-04-08,53,10.3
2008-04-09,42,7.6
2008-04-10,55,11.3
2008-04-11,58,12.7
2008-04-12,52,9.5
2008-04-13,38,6.9
2008-04-14,59,13.4
2008-04-15,59,13.3
2008-04-16,60,13.9
2008-04-17,62,15.2
2008-04-18,63,15.7
2008-04-19,58,13.1
2008-04-20,58,12.7
2008-04-21,56,11.7
2008-04-22,61,14.2
2008-04-23,55,11.1
2008-04-24,54,10.5
2008-04-25,57,12.2
2008-04-26,58,12.9
2008-04-27,60,13.7
2008-04-28,69,18.8
2008-04-29,64,16.3
2008-04-30,58,13.0
2008-05-01,61,14.2
2008-05-02,61,14.3
2008-05-03,62,14.9
2008-05-04,58,13.1
2008-05-05,52,9.8
2008-05-06,61,14.5
2008-05-07,54,10.6
2008-05-08,64,16.3
2008-05-09,70,19.2
2008-05-10,66,17.1
2008-05-11,71,20.0
2008-05-12,61,14.6
2008-05-13,59,13.6
2008-05-14,67,17.7
2008-05-15,68,18.4
2008-05-16,58,13.0
2008-05-17,60,14.0
2008-05-18,69,18.5
2008-05-19,66,17.0
2008-05-20,65,16.6
2008-05-21,61,14.6
2008-05-22,60,14.0
2008-05-23,61,14.6
2008-05-25,36,6.5
2008-05-26,40,7.2
2008-05-27,37,6.7
2008-05-28,35,6.3
2008-05-29,38,6.8
2008-05-30,48,8.6
2008-05-31,52,9.8
2008-06-01,54,10.5
2008-06-02,61,14.2
2008-06-03,67,17.7
2008-06-04,57,12.3
2008-06-05,63,15.8
2008-06-06,62,14.8
2008-06-07,60,13.7
2008-06-08,66,17.0
2008-06-09,79,23.9
2008-06-10,74,21.4
2008-06-11,63,15.8
2008-06-12,63,15.8
2008-06-13,62,14.9
2008-06-14,61,14.7
2008-06-15,70,19.3
2008-06-16,71,19.6
2008-06-17,69,18.9
2008-06-18,70,19.3
2008-06-19,68,18.0
2008-06-20,68,18.4
2008-06-21,65,16.8
2008-06-22,64,15.9
2008-06-23,69,18.6
2008-06-24,67,17.9
2008-06-25,72,20.2
2008-06-26,74,21.6
2008-06-27,80,24.8
2008-06-28,70,19.4
2008-06-29,65,16.7
2008-06-30,61,14.7
2008-07-01,59,13.5
2008-07-03,84,26.9
2008-07-04,121,43.7
2008-07-05,113,40.3
2008-07-06,92,30.9
2008-07-07,95,32.8
2008-07-08,77,22.9
2008-07-09,68,18.0
2008-07-10,65,16.8
2008-07-11,60,13.7
2008-07-12,58,13.0
2008-07-13,58,12.8
2008-07-14,60,14.0
2008-07-15,59,13.6
2008-07-16,63,15.5
2008-07-17,71,20.1
2008-07-18,88,29.0
2008-07-19,65,16.5
2008-07-20,59,13.5
2008-07-21,57,12.4
2008-07-22,66,17.0
2008-07-23,70,19.2
2008-07-24,69,18.7
2008-07-26,70,19.3
2008-07-27,60,13.9
2008-07-28,64,15.9
2008-07-29,63,15.7
2008-07-30,64,16.3
2008-07-31,78,23.4
2008-08-01,79,24.0
2008-08-02,73,21.1
2008-08-03,65,16.5
2008-08-04,65,16.5
2008-08-05,60,13.8
2008-08-06,58,13.0
2008-08-07,62,14.8
2008-08-08,59,13.4
2008-08-09,55,11.0
2008-08-10,52,9.8
2008-08-11,60,13.8
2008-08-12,64,16.2
2008-08-13,70,19.5
2008-08-14,66,17.3
2008-08-15,61,14.6
2008-08-16,62,15.0
2008-08-17,61,14.3
2008-08-18,61,14.2
2008-08-19,56,11.7
2008-08-20,57,12.3
2008-08-21,58,12.7
2008-08-22,58,12.9
2008-08-23,58,12.8
2008-08-24,58,12.8
2008-08-25,58,13.0
2008-08-27,71,20.1
2008-08-28,76,22.7
2008-08-29,69,18.7
2008-08-30,62,15.2
2008-08-31,56,11.7
2008-09-01,53,10.2
2008-09-02,58,13.0
2008-09-03,61,14.3
2008-09-04,64,16.2
2008-09-05,67,17.8
2008-09-06,67,17.5
2008-09-07,70,19.3
2008-09-08,70,19.1
2008-09-09,65,16.5
2008-09-10,60,13.8
2008-09-11,59,13.5
2008-09-12,72,20.3
2008-09-13,80,24.8
2008-09-14,75,22.1
2008-09-15,73,21.0
2008-09-16,69,18.9
2008-09-17,66,17.3
2008-09-18,62,14.9
2008-09-19,55,11.5
2008-09-20,48,8.6
2008-09-21,54,10.5
2008-09-22,67,17.6
2008-09-23,77,23.1
2008-09-24,67,17.9
2008-09-25,60,14.0
2008-09-26,63,15.8
2008-09-27,66,16.9
2008-09-28,61,14.4
2008-09-29,66,17.4
2008-09-30,59,13.3
2008-10-01,63,15.8
2008-10-02,63,15.6
2008-10-03,52,9.7
2008-10-04,33,6.0
2008-10-05,52,9.9
2008-10-06,60,13.8
2008-10-07,53,10.3
2008-10-08,63,15.5
2008-10-09,68,18.4
2008-10-10,58,12.6
2008-10-11,18,3.3
2008-10-12,40,7.2
2008-10-13,58,12.9
2008-10-14,73,20.8
2008-10-15,55,11.4
2008-10-16,58,12.7
2008-10-17,61,14.6
2008-10-18,57,12.3
2008-10-19,66,17.0
2008-10-20,82,25.8
2008-10-21,82,25.8
2008-10-23,55,11.0
2008-10-24,62,14.9
2008-10-25,75,21.8
2008-10-26,84,26.8
2008-10-27,75,22.0
2008-10-28,63,15.3
2008-10-29,71,19.6
2008-10-30,67,17.6
2008-10-31,61,14.7
2008-11-01,54,10.6
2008-11-02,37,6.7
2008-11-03,47,8.5
2008-11-04,27,4.8
2008-11-05,46,8.2
2008-11-06,48,8.6
2008-11-07,55,11.1
2008-11-08,40,7.2
2008-11-09,18,3.3
2008-11-10,48,8.6
2008-11-11,58,13.1
2008-11-12,71,20.0
2008-11-13,95,32.8
2008-11-14,70,19.3
2008-11-15,112,39.9
2008-11-16,167,78.3
2008-11-17,83,26.3
2008-11-18,70,19.5
2008-11-19,73,20.7
2008-11-20,95,32.9
2008-11-21,70,19.5
2008-11-22,98,34.4
2008-11-23,137,50.0
2008-11-24,84,26.8
2008-11-25,65,16.7
2008-11-26,39,7.0
2008-11-27,43,7.7
2008-11-28,71,19.8
2008-11-29,91,30.6
2008-11-30,96,33.2
2008-12-01,87,28.3
2008-12-02,148,54.5
2008-12-03,154,59.9
2008-12-05,79,24.1
2008-12-06,49,8.9
2008-12-08,68,18.0
2008-12-14,33,6.0
2008-12-20,85,27.4
2008-12-24,52,9.4
2008-12-25,26,4.7
2008-12-26,34,6.1
2008-12-27,51,9.1
2008-12-28,40,7.2
2008-12-29,46,8.2
2008-12-30,63,15.8
2008-12-31,113,40.5
2009-01-01,155,61.6
2009-01-02,146,53.8
2009-01-03,91,30.8
2009-01-04,66,16.9
2009-01-05,59,13.3
2009-01-06,74,21.7
2009-01-07,91,30.5
2009-01-08,97,33.9
2009-01-09,112,40.1
2009-01-10,63,15.7
2009-01-11,53,10.3
2009-01-12,56,11.8
2009-01-13,56,11.7
2009-01-14,51,9.3
2009-01-15,55,11.3
2009-01-16,58,12.7
2009-01-17,50,9.0
2009-01-18,33,5.9
2009-01-19,41,7.4
2009-01-20,50,9.0
2009-01-21,58,12.9
2009-01-22,63,15.5
2009-01-23,55,11.0
2009-01-24,28,5.1
2009-01-25,41,7.3
2009-01-26,23,4.2
2009-01-27,42,7.5
2009-01-28,51,9.1
2009-01-29,53,10.4
2009-01-30,55,11.5
2009-01-31,52,9.7
2009-02-01,78,23.8
2009-02-02,52,9.4
2009-02-03,51,9.3
2009-02-04,46,8.3
2009-02-05,39,7.1
2009-02-06,21,3.8
2009-02-07,32,5.7
2009-02-08,45,8.1
2009-02-09,20,3.6
2009-02-10,41,7.4
2009-02-11,57,12.4
2009-02-12,34,6.1
2009-02-13,41,7.3
2009-02-14,54,10.7
2009-02-15,60,13.8
2009-02-16,29,5.3
2009-02-17,27,4.8
2009-02-18,42,7.5
2009-02-19,39,7.1
2009-02-20,43,7.8
2009-02-21,64,15.9
2009-02-22,71,19.6
2009-02-23,73,21.0
2009-02-24,59,13.5
2009-02-25,53,10.3
2009-02-26,60,14.0
2009-02-27,68,18.1
2009-02-28,56,11.7
2009-03-01,46,8.3
2009-03-02,55,11.3
2009-03-03,31,5.6
2009-03-04,37,6.6
2009-03-05,34,6.2
2009-03-06,48,8.7
2009-03-07,49,8.8
2009-03-08,59,13.4
2009-03-09,48,8.7
2009-03-10,58,12.8
2009-03-11,58,12.7
2009-03-12,47,8.4
2009-03-13,65,16.8
2009-03-14,79,24.3
2009-03-15,54,10.7
2009-03-16,67,17.7
2009-03-17,68,18.0
2009-03-18,74,21.2
2009-03-19,144,53.0
2009-03-20,125,45.3
2009-03-21,61,14.5
2009-03-22,21,3.8
2009-03-23,28,5.0
2009-03-24,41,7.3
2009-03-25,54,10.8
2009-03-26,65,16.8
2009-03-27,58,13.1
2009-03-28,60,13.8
2009-03-29,61,14.3
2009-03-30,54,10.7
2009-03-31,60,13.9
2009-04-01,64,16.0
2009-04-02,67,17.8
2009-04-03,51,9.2
2009-04-04,57,12.3
2009-04-05,50,9.0
2009-04-06,50,9.0
2009-04-07,54,10.6
2009-04-08,22,4.0
2009-04-09,37,6.7
2009-04-10,52,9.9
2009-04-11,48,8.7
2009-04-12,55,11.3
2009-04-13,63,15.5
2009-04-14,58,12.9
2009-04-15,44,8.0
2009-04-16,54,10.5
2009-04-17,55,11.3
2009-04-18,62,14.8
2009-04-19,52,9.8
2009-04-20,48,8.7
2009-04-21,61,14.5
2009-04-22,70,19.2
2009-04-23,62,15.0
2009-04-24,53,10.4
2009-04-25,51,9.1
2009-04-26,55,11.5
2009-04-27,60,13.7
2009-04-28,58,12.9
2009-04-29,60,14.0
2009-04-30,63,15.7
2009-05-01,61,14.5
2009-05-02,44,7.9
2009-05-03,51,9.3
2009-05-04,43,7.7
2009-05-05,49,8.9
2009-05-06,55,11.2
2009-05-07,62,14.9
2009-05-08,68,18.4
2009-05-09,73,21.1
2009-05-10,70,19.3
2009-05-11,87,28.2
2009-05-12,71,19.7
2009-05-13,69,18.5
2009-05-14,68,18.1
2009-05-15,74,21.3
2009-05-16,82,26.0
2009-05-17,83,26.2
2009-05-18,63,15.5
2009-05-19,56,11.9
2009-05-20,60,13.7
2009-05-21,61,14.7
2009-05-22,63,15.7
2009-05-23,63,15.3
2009-05-24,58,13.1
2009-05-25,58,12.9
2009-05-26,75,21.9
2009-05-27,72,20.3
2009-05-28,69,19.0
2009-05-29,65,16.6
2009-05-30,45,8.1
2009-05-31,63,15.5
2009-06-01,61,14.2
2009-06-02,59,13.4
2009-06-03,74,21.2
2009-06-04,44,8.0
2009-06-05,21,3.8
2009-06-06,24,4.3
2009-06-07,23,4.2
2009-06-08,47,8.5
2009-06-09,50,9.0
2009-06-10,56,11.9
2009-06-11,55,11.3
2009-06-12,51,9.2
2009-06-13,44,8.0
2009-06-14,51,9.2
2009-06-15,31,5.5
2009-06-16,42,7.6
2009-06-17,64,16.2
2009-06-18,64,16.2
2009-06-19,64,16.3
2009-06-20,46,8.2
2009-06-21,53,10.2
2009-06-22,59,13.6
2009-06-23,60,13.7
2009-06-24,60,13.8
2009-06-25,60,14.0
2009-06-26,64,15.9
2009-06-27,69,18.5
2009-06-28,61,14.4
2009-06-29,61,14.3
2009-06-30,61,14.7
2009-07-01,60,13.7
2009-07-02,58,12.7
2009-07-03,58,12.6
2009-07-04,73,20.9
2009-07-05,56,11.9
2009-07-06,56,11.8
2009-07-07,61,14.5
2009-07-08,74,21.2
2009-07-09,66,17.1
2009-07-10,64,16.2
2009-07-11,57,12.5
2009-07-12,63,15.4
2009-07-13,62,15.1
2009-07-14,66,17.2
2009-07-15,63,15.3
2009-07-16,54,10.5
2009-07-17,55,11.1
2009-07-18,59,13.5
2009-07-19,60,13.9
2009-07-20,67,17.6
2009-07-21,65,16.4
2009-07-22,66,17.3
2009-07-23,63,15.3
2009-07-24,67,17.5
2009-07-25,58,12.6
2009-07-26,57,12.1
2009-07-27,54,10.9
2009-07-28,57,12.2
2009-07-29,64,16.2
2009-07-30,60,13.8
2009-07-31,56,11.9
2009-08-01,57,12.1
2009-08-02,57,12.1
2009-08-03,52,9.5
2009-08-04,52,9.6
2009-08-05,48,8.6
2009-08-06,32,5.7
2009-08-07,34,6.2
2009-08-08,56,11.7
2009-08-09,67,17.5
2009-08-10,71,19.6
2009-08-11,62,14.9
2009-08-12,72,20.4
2009-08-13,76,22.7
2009-08-14,65,16.8
2009-08-15,64,16.3
2009-08-16,75,21.8
2009-08-17,85,27.1
2009-08-18,81,25.2
2009-08-19,86,27.7
2009-08-20,59,13.5
2009-08-21,64,16.3
2009-08-22,69,18.7
2009-08-23,64,15.9
2009-08-24,61,14.3
2009-08-25,58,13.0
2009-08-26,87,28.3
2009-08-27,73,20.9
2009-08-28,69,19.0
2009-08-29,74,21.2
2009-08-30,96,33.4
2009-08-31,81,25.3
2009-09-01,63,15.6
2009-09-02,68,18.4
2009-09-03,66,17.3
2009-09-04,65,16.5
2009-09-05,58,13.1
2009-09-06,58,12.6
2009-09-07,57,12.5
2009-09-08,54,10.5
2009-09-09,60,13.8
2009-09-10,59,13.2
2009-09-11,58,12.9
2009-09-12,60,13.8
2009-09-13,52,9.9
2009-09-14,37,6.7
2009-09-15,40,7.2
2009-09-16,56,11.7
2009-09-17,59,13.4
2009-09-18,72,20.3
2009-09-19,71,20.0
2009-09-20,67,17.8
2009-09-21,62,15.0
2009-09-22,59,13.4
2009-09-23,56,11.6
2009-09-24,62,14.8
2009-09-25,69,19.0
2009-09-26,73,21.0
2009-09-27,80,24.9
2009-09-28,103,36.3
2009-09-29,66,17.2
2009-09-30,54,10.8
2009-10-01,55,11.3
2009-10-02,58,12.8
2009-10-03,56,11.6
2009-10-04,43,7.7
2009-10-05,52,9.6
2009-10-06,54,10.5
2009-10-07,51,9.3
2009-10-08,59,13.3
2009-10-09,66,17.1
2009-10-10,67,17.5
2009-10-11,52,9.6
2009-10-12,38,6.9
2009-10-13,21,3.7
2009-10-14,23,4.1
2009-10-15,71,19.9
2009-10-16,58,13.1
2009-10-17,61,14.3
2009-10-18,84,26.7
2009-10-19,53,10.0
2009-10-20,43,7.8
2009-10-21,52,9.6
2009-10-22,61,14.5
2009-10-23,62,14.8
2009-10-24,77,22.9
2009-10-25,87,28.6
2009-10-26,52,9.8
2009-10-27,56,11.7
2009-10-28,31,5.6
2009-10-29,47,8.5
2009-10-30,55,11.4
2009-10-31,58,12.7
2009-11-01,56,11.7
2009-11-02,64,16.1
2009-11-03,75,21.8
2009-11-04,78,23.4
2009-11-05,82,25.8
2009-11-06,71,20.0
2009-11-07,85,27.4
2009-11-08,122,44.2
2009-11-09,78,23.6
2009-11-10,58,12.7
2009-11-11,66,16.9
2009-11-12,69,18.5
2009-11-13,52,9.7
2009-11-14,54,10.9
2009-11-15,55,11.3
2009-11-16,49,8.8
2009-11-17,49,8.8
2009-11-18,69,19.0
2009-11-19,74,21.6
2009-11-20,71,20.0
2009-11-21,69,18.6
2009-11-22,61,14.3
2009-11-23,61,14.3
2009-11-24,59,13.4
2009-11-25,59,13.6
2009-11-26,51,9.1
2009-11-27,51,9.1
2009-11-28,25,4.5
2009-11-29,39,7.1
2009-11-30,52,9.5
2009-12-01,58,12.8
2009-12-02,62,15.1
2009-12-03,87,28.4
2009-12-04,70,19.1
2009-12-05,68,18.3
2009-12-06,49,8.9
2009-12-07,31,5.6
2009-12-08,42,7.6
2009-12-09,59,13.2
2009-12-10,77,23.2
2009-12-11,75,22.2
2009-12-12,34,6.1
2009-12-13,28,5.0
2009-12-14,55,11.5
2009-12-15,47,8.5
2009-12-16,47,8.4
2009-12-17,53,10.2
2009-12-18,55,11.5
2009-12-19,42,7.6
2009-12-20,44,8.0
2009-12-21,72,20.6
2009-12-22,33,6.0
2009-12-23,47,8.5
2009-12-24,68,18.3
2009-12-25,73,20.9
2009-12-26,87,28.3
2009-12-27,85,27.5
2009-12-28,47,8.5
2009-12-29,61,14.6
2009-12-30,69,18.5
2009-12-31,59,13.6
2010-01-01,58,13.1
2010-01-02,36,6.4
2010-01-03,27,4.9
2010-01-04,34,6.1
2010-01-05,43,7.8
2010-01-06,70,19.3
2010-01-07,89,29.6
2010-01-08,64,16.0
2010-01-09,41,7.4
2010-01-10,52,9.9
2010-01-11,58,12.6
2010-01-12,78,23.6
2010-01-13,64,16.1
2010-01-14,54,10.5
2010-01-15,54,10.5
2010-01-16,57,12.1
2010-01-17,62,14.8
2010-01-18,46,8.3
2010-01-19,48,8.6
2010-01-20,38,6.8
2010-01-21,23,4.1
2010-01-22,25,4.5
2010-01-23,52,9.4
2010-01-24,55,11.4
2010-01-25,59,13.2
2010-01-26,63,15.3
2010-01-27,46,8.3
2010-01-28,53,10.1
2010-01-29,67,17.5
2010-01-30,76,22.3
2010-01-31,85,27.1
2010-02-01,92,31.3
2010-02-03,65,16.6
2010-02-04,60,13.9
2010-02-05,49,8.8
2010-02-06,15,2.7
2010-02-07,30,5.4
2010-02-08,51,9.3
2010-02-10,52,9.7
2010-02-11,54,10.7
2010-02-12,75,22.2
2010-02-13,58,12.7
2010-02-14,53,10.0
2010-02-15,53,10.3
2010-02-16,56,11.7
2010-02-17,66,17.3
2010-02-18,106,37.5
2010-02-19,56,12.0
2010-02-23,50,9.0
2010-02-24,56,11.7
2010-02-25,56,11.9
2010-02-26,54,10.7
2010-02-27,33,5.9
2010-02-28,38,6.8
2010-03-01,54,10.6
2010-03-02,33,6.0
2010-03-03,23,4.1
2010-03-04,22,4.0
2010-03-05,41,7.4
2010-03-06,51,9.2
2010-03-07,31,5.5
2010-03-08,51,9.2
2010-03-09,19,3.5
2010-03-10,25,4.5
2010-03-11,39,7.1
2010-03-12,49,8.8
2010-03-13,52,9.8
2010-03-14,49,8.9
2010-03-15,51,9.1
2010-03-16,49,8.8
2010-03-17,43,7.8
2010-03-18,59,13.2
2010-03-19,65,16.7
2010-03-20,68,18.0
2010-03-21,66,17.0
2010-03-22,64,16.0
2010-03-23,58,13.0
2010-03-24,63,15.7
2010-03-25,63,15.3
2010-03-26,44,7.9
2010-03-27,52,9.4
2010-03-28,37,6.6
2010-03-29,48,8.6
2010-03-30,48,8.7
2010-03-31,36,6.5
2010-04-01,24,4.3
2010-04-02,40,7.2
2010-04-03,47,8.5
2010-04-04,43,7.7
2010-04-05,24,4.3
2010-04-06,41,7.3
2010-04-07,42,7.5
2010-04-08,45,8.1
2010-04-09,60,14.1
2010-04-10,61,14.2
2010-04-11,57,12.3
2010-04-12,41,7.4
2010-04-13,53,10.4
2010-04-14,53,10.2
2010-04-15,54,10.6
2010-04-16,52,9.8
2010-04-17,59,13.5
2010-04-18,65,16.5
2010-04-19,59,13.5
2010-04-20,34,6.2
2010-04-21,24,4.4
2010-04-22,28,5.1
2010-04-23,46,8.2
2010-04-24,58,12.9
2010-04-25,69,18.5
2010-04-26,84,26.9
2010-04-27,75,22.2
2010-04-28,31,5.5
2010-04-29,18,3.2
2010-04-30,27,4.8
2010-05-01,51,9.3
2010-05-02,53,10.3
2010-05-03,56,11.8
2010-05-04,58,12.8
2010-05-05,61,14.5
2010-05-08,57,12.2
2010-05-09,50,9.0
2010-05-10,39,7.1
2010-05-11,36,6.5
2010-05-12,55,11.3
2010-05-14,68,18.3
2010-05-15,76,22.4
2010-05-16,77,23.3
2010-05-17,55,11.5
2010-05-18,42,7.6
2010-05-19,59,13.2
2010-05-20,55,11.5
2010-05-22,53,10.2
2010-05-23,39,7.0
2010-05-24,52,9.5
2010-05-25,41,7.3
2010-05-26,32,5.8
2010-05-27,32,5.7
2010-05-28,36,6.4
2010-05-29,47,8.4
2010-05-30,54,10.5
2010-05-31,55,11.3
2010-06-01,60,13.7
2010-06-02,64,16.0
2010-06-03,76,22.6
2010-06-04,71,20.0
2010-06-05,82,25.6
2010-06-06,70,19.2
2010-06-07,65,16.4
2010-06-09,53,10.0
2010-06-10,51,9.3
2010-06-11,56,11.6
2010-06-12,58,12.8
2010-06-13,59,13.2
2010-06-14,58,13.0
2010-06-17,64,16.0
2010-06-18,61,14.3
2010-06-19,55,11.4
2010-06-20,55,11.2
2010-06-21,55,11.5
2010-06-22,58,12.9
2010-06-23,60,13.7
2010-06-24,60,13.8
2010-06-25,58,12.8
2010-06-26,52,9.4
2010-06-27,64,16.0
2010-06-28,65,16.8
2010-06-29,55,11.3
2010-06-30,0,0.0
2010-07-01,71,19.8
2010-07-02,61,14.2
2010-07-03,56,11.8
2010-07-04,60,13.8
2010-07-05,59,13.4
2010-07-06,38,6.9
2010-07-07,47,8.4
2010-07-08,57,12.2
2010-07-10,71,19.6
2010-07-11,59,13.2
2010-07-12,49,8.9
2010-07-13,55,11.2
2010-07-15,59,13.2
2010-07-16,65,16.5
2010-07-17,62,15.2
2010-07-18,61,14.5
2010-07-19,60,13.7
2010-07-20,64,16.1
2010-07-23,52,9.4
2010-07-24,52,9.5
2010-07-25,55,11.0
2010-07-26,61,14.3
2010-07-27,58,12.8
2010-07-28,43,7.8
2010-07-29,43,7.7
2010-07-30,54,10.7
2010-07-31,64,16.2
2010-08-01,63,15.6
2010-08-02,55,11.3
2010-08-03,59,13.3
2010-08-04,64,16.1
2010-08-05,70,19.3
2010-08-06,66,17.2
2010-08-07,63,15.5
2010-08-08,51,9.3
2010-08-09,55,11.3
2010-08-10,60,13.7
2010-08-11,58,12.8
2010-08-12,53,10.3
2010-08-13,46,8.2
2010-08-14,43,7.7
2010-08-15,44,8.0
2010-08-16,54,10.9
2010-08-17,63,15.3
2010-08-18,58,13.0
2010-08-19,55,11.5
2010-08-20,56,12.0
2010-08-21,55,11.0
2010-08-22,55,11.0
2010-08-23,62,14.8
2010-08-24,64,16.2
2010-08-25,61,14.3
2010-08-26,55,11.0
2010-08-27,60,14.1
2010-08-28,53,10.0
2010-08-29,52,9.6
2010-08-30,52,9.8
2010-08-31,55,11.5
2010-09-01,61,14.4
2010-09-02,61,14.3
2010-09-03,57,12.3
2010-09-04,60,14.0
2010-09-05,61,14.3
2010-09-06,58,13.1
2010-09-07,53,10.1
2010-09-08,44,7.9
2010-09-09,32,5.8
2010-09-10,51,9.2
2010-09-11,53,10.1
2010-09-12,63,15.6
2010-09-15,54,10.7
2010-09-16,58,12.7
2010-09-17,73,20.9
2010-09-19,57,12.3
2010-09-21,55,11.5
2010-09-22,52,9.7
2010-09-23,53,10.2
2010-09-24,64,16.2
2010-09-25,67,17.5
2010-09-26,61,14.6
2010-09-28,58,13.1
2010-09-29,57,12.4
2010-09-30,57,12.4
2010-10-01,58,12.8
2010-10-02,61,14.2
2010-10-03,66,17.0
2010-10-04,49,8.9
2010-10-05,40,7.2
2010-10-07,50,9.0
2010-10-08,18,3.2
2010-10-11,64,16.2
2010-10-12,81,25.0
2010-10-14,110,39.2
2010-10-15,81,25.4
2010-10-16,76,22.5
2010-10-17,58,12.7
2010-10-18,58,13.0
2010-10-19,61,14.4
2010-10-20,41,7.4
2010-10-21,43,7.7
2010-10-22,32,5.7
2010-10-23,46,8.3
2010-10-24,37,6.6
2010-10-25,28,5.0
2010-10-26,51,9.3
2010-10-27,44,7.9
2010-10-28,31,5.6
2010-10-29,55,11.1
2010-10-30,23,4.1
2010-10-31,37,6.7
2010-11-01,54,10.5
2010-11-02,52,9.7
2010-11-03,51,9.3
2010-11-04,49,8.9
2010-11-05,56,11.7
2010-11-06,40,7.2
2010-11-07,47,8.4
2010-11-08,21,3.8
2010-11-09,43,7.7
2010-11-10,52,9.7
2010-11-11,42,7.6
2010-11-12,49,8.8
2010-11-13,53,10.2
2010-11-14,45,8.1
2010-11-15,57,12.5
2010-11-16,77,22.9
2010-11-18,80,24.7
2010-11-19,70,19.2
2010-11-20,26,4.7
2010-11-21,36,6.4
2010-11-22,46,8.2
2010-11-23,38,6.9
2010-11-24,41,7.4
2010-11-25,57,12.2
2010-11-26,49,8.8
2010-11-27,55,11.1
2010-11-28,15,2.7
2010-11-29,42,7.5
2010-11-30,53,10.2
2010-12-01,45,8.1
2010-12-02,71,19.7
2010-12-03,91,30.5
2010-12-04,97,33.9
2010-12-05,81,25.1
2010-12-06,56,11.8
2010-12-07,53,10.3
2010-12-08,61,14.2
2010-12-09,83,26.3
2010-12-10,82,25.6
2010-12-11,62,14.9
2010-12-13,54,10.9
2010-12-16,49,8.8
2010-12-17,49,8.8
2010-12-18,19,3.4
2010-12-19,12,2.1
2010-12-20,25,4.5
2010-12-21,24,4.3
2010-12-23,56,12.0
2010-12-24,59,13.5
2010-12-25,74,21.6
2010-12-26,34,6.2
2010-12-27,52,9.5
2010-12-28,55,11.3
2010-12-29,42,7.5
2010-12-30,7,1.3
2010-12-31,52,9.8
2011-01-01,60,13.8
2011-01-02,53,10.1
2011-01-03,35,6.3
2011-01-04,31,5.6
2011-01-05,36,6.4
2011-01-06,44,8.0
2011-01-07,77,22.9
2011-01-08,71,20.1
2011-01-09,70,19.1
2011-01-10,64,16.3
2011-01-12,38,6.8
2011-01-13,36,6.5
2011-01-14,56,12.0
2011-01-15,54,10.5
2011-01-17,68,18.2
2011-01-18,83,26.4
2011-01-19,94,32.1
2011-01-21,52,9.4
2011-01-22,63,15.8
2011-01-29,71,19.6
2011-01-30,49,8.8
2011-01-31,48,8.7
2011-02-01,64,16.1
2011-02-03,52,9.9
2011-02-04,65,16.4
2011-02-05,86,28.1
2011-02-06,75,21.8
2011-02-07,53,10.3
2011-02-08,72,20.4
2011-02-10,39,7.0
2011-02-11,42,7.6
2011-02-12,38,6.9
2011-02-13,59,13.5
2011-02-14,72,20.4
2011-02-15,61,14.6
2011-02-16,22,4.0
2011-02-17,31,5.6
2011-02-18,37,6.6
2011-02-19,17,3.0
2011-02-20,27,4.9
2011-02-21,56,12.0
2011-02-22,55,11.2
2011-02-23,56,11.8
2011-02-25,34,6.1
2011-02-26,13,2.4
2011-02-27,32,5.7
2011-02-28,54,10.5
2011-03-01,54,10.7
2011-03-02,55,11.5
2011-03-03,58,13.1
2011-03-04,67,17.8
2011-03-05,45,8.1
2011-03-06,52,9.4
2011-03-07,18,3.2
2011-03-08,49,8.9
2011-03-09,41,7.3
2011-03-10,53,10.3
2011-03-11,57,12.3
2011-03-12,61,14.5
2011-03-13,66,17.0
2011-03-14,64,15.9
2011-03-15,56,11.8
2011-03-16,56,11.9
2011-03-17,56,11.8
2011-03-18,56,11.7
2011-03-19,31,5.6
2011-03-22,34,6.1
2011-03-23,44,7.9
2011-03-24,32,5.8
2011-03-25,28,5.1
2011-03-26,37,6.6
2011-03-27,19,3.4
2011-03-28,51,9.2
2011-03-29,58,13.0
2011-03-30,59,13.4
2011-03-31,55,11.1
2011-04-01,59,13.4
2011-04-02,55,11.1
2011-04-03,32,5.8
2011-04-04,51,9.3
2011-04-05,58,13.0
2011-04-06,58,12.7
2011-04-07,45,8.1
2011-04-08,21,3.8
2011-04-09,32,5.7
2011-04-10,48,8.6
2011-04-11,56,11.7
2011-04-13,49,8.9
2011-04-14,58,12.6
2011-04-15,64,16.2
2011-04-16,55,11.2
2011-04-17,60,14.1
2011-04-18,57,12.1
2011-04-19,53,10.1
2011-04-20,33,5.9
2011-04-21,34,6.2
2011-04-22,42,7.5
2011-04-23,47,8.5
2011-04-24,25,4.5
2011-04-25,40,7.2
2011-04-26,52,9.4
2011-04-27,57,12.1
2011-04-28,58,12.6
2011-04-29,52,9.9
2011-04-30,42,7.5
2011-05-01,18,3.2
2011-05-02,33,5.9
2011-05-03,49,8.8
2011-05-04,61,14.2
2011-05-05,73,20.7
2011-05-06,84,26.8
2011-05-07,68,18.0
2011-05-08,40,7.2
2011-05-09,34,6.1
2011-05-10,51,9.3
2011-05-11,57,12.3
2011-05-12,56,12.0
2011-05-13,59,13.6
2011-05-14,52,9.4
2011-05-15,27,4.8
2011-05-16,28,5.0
2011-05-17,24,4.3
2011-05-18,35,6.3
2011-05-19,57,12.4
2011-05-20,58,12.8
2011-05-21,62,15.1
2011-05-22,54,10.5
2011-05-23,53,10.1
2011-05-24,54,10.6
2011-05-25,55,11.4
2011-05-26,47,8.4
2011-05-27,53,10.4
2011-05-28,54,10.6
2011-05-29,31,5.5
2011-06-01,37,6.7
2011-06-02,44,8.0
2011-06-03,47,8.5
2011-06-04,41,7.3
2011-06-05,40,7.2
2011-06-08,55,11.4
2011-06-09,60,13.7
2011-06-10,64,15.9
2011-06-12,47,8.4
2011-06-13,56,11.8
2011-06-14,67,17.6
2011-06-15,69,18.6
2011-06-16,35,6.3
2011-06-17,34,6.1
2011-06-18,49,8.8
2011-06-19,52,9.6
2011-06-20,57,12.1
2011-06-21,57,12.5
2011-06-22,63,15.7
2011-06-23,63,15.8
2011-06-24,61,14.7
2011-06-25,64,16.2
2011-06-26,58,13.0
2011-06-27,61,14.2
2011-06-28,63,15.4
2011-06-29,41,7.4
2011-06-30,46,8.3
2011-07-01,55,11.1
2011-07-02,62,15.1
2011-07-03,63,15.8
2011-07-04,82,25.6
2011-07-05,90,30.0
2011-07-08,55,11.2
2011-07-09,58,12.6
2011-07-10,58,12.8
2011-07-11,58,12.6
2011-07-12,53,10.4
2011-07-13,52,9.5
2011-07-14,39,7.1
2011-07-15,47,8.4
2011-07-16,49,8.8
2011-07-17,47,8.5
2011-07-18,51,9.2
2011-07-19,56,11.7
2011-07-20,61,14.6
2011-07-21,67,17.5
2011-07-22,60,13.9
2011-07-23,59,13.4
2011-07-24,52,9.7
2011-07-25,53,10.0
2011-07-26,55,11.3
2011-07-27,52,9.9
2011-07-28,52,9.9
2011-07-29,42,7.6
2011-07-30,41,7.4
2011-07-31,46,8.2
2011-08-01,52,9.7
2011-08-02,55,11.0
2011-08-03,60,14.1
2011-08-04,55,11.4
2011-08-05,52,9.9
2011-08-06,59,13.2
2011-08-07,62,15.0
2011-08-08,66,17.4
2011-08-09,68,18.1
2011-08-10,59,13.6
2011-08-11,53,10.1
2011-08-12,60,13.8
2011-08-13,60,13.8
2011-08-14,56,11.9
2011-08-15,68,18.4
2011-08-16,68,18.1
2011-08-17,62,15.0
2011-08-18,61,14.2
2011-08-19,64,16.2
2011-08-20,55,11.5
2011-08-21,55,11.4
2011-08-22,51,9.3
2011-08-23,55,11.3
2011-08-24,52,9.6
2011-08-25,56,11.8
2011-08-26,57,12.3
2011-08-27,55,11.5
2011-08-28,56,11.7
2011-08-29,58,12.6
2011-08-30,63,15.3
2011-08-31,57,12.5
2011-09-01,62,15.0
2011-09-02,62,15.2
2011-09-03,55,11.5
2011-09-04,59,13.5
2011-09-05,65,16.8
2011-09-06,63,15.3
2011-09-07,67,17.6
2011-09-08,61,14.2
2011-09-09,62,14.9
2011-09-10,54,10.7
2011-09-11,43,7.7
2011-09-12,53,10.0
2011-09-13,55,11.5
2011-09-14,61,14.7
2011-09-16,64,16.3
2011-09-17,53,10.0
2011-09-18,57,12.4
2011-09-19,63,15.4
2011-09-21,85,27.6
2011-09-22,82,25.6
2011-09-23,65,16.8
2011-09-24,82,25.8
2011-09-25,64,16.0
2011-09-26,67,17.9
2011-09-27,72,20.2
2011-09-28,97,33.9
2011-09-29,80,24.5
2011-09-30,59,13.4
2011-10-01,57,12.4
2011-10-02,54,10.8
2011-10-03,44,7.9
2011-10-04,22,3.9
2011-10-05,34,6.1
2011-10-06,40,7.2
2011-10-07,43,7.8
2011-10-08,55,11.1
2011-10-09,52,9.7
2011-10-10,64,16.0
2011-10-12,61,14.5
2011-10-13,56,11.8
2011-10-14,66,16.9
2011-10-15,74,21.6
2011-10-16,57,12.4
2011-10-17,72,20.3
2011-10-18,89,29.7
2011-10-20,86,27.8
2011-10-22,79,24.0
2011-10-23,111,39.6
2011-10-24,116,41.7
2011-10-25,63,15.3
2011-10-26,53,10.1
2011-10-27,56,11.8
2011-10-28,55,11.1
2011-10-29,64,15.9
2011-10-30,74,21.6
2011-10-31,82,25.8
2011-11-02,63,15.4
2011-11-03,51,9.1
2011-11-04,26,4.6
2011-11-05,48,8.7
2011-11-06,49,8.8
2011-11-07,51,9.3
2011-11-08,54,10.7
2011-11-09,51,9.2
2011-11-11,50,9.0
2011-11-12,34,6.2
2011-11-13,51,9.1
2011-11-14,61,14.3
2011-11-15,69,18.5
2011-11-16,91,30.6
2011-11-17,77,22.8
2011-11-18,93,31.5
2011-11-19,51,9.3
2011-11-20,42,7.5
2011-11-21,52,9.6
2011-11-23,59,13.4
2011-11-24,58,12.6
2011-11-25,65,16.8
2011-11-26,58,12.6
2011-11-27,40,7.2
2011-11-28,53,10.2
2011-11-29,64,16.3
2011-11-30,75,21.8
2011-12-01,43,7.7
2011-12-02,58,12.7
2011-12-03,51,9.1
2011-12-04,55,11.5
2011-12-05,63,15.8
2011-12-06,57,12.1
2011-12-08,74,21.7
2011-12-09,77,22.8
2011-12-10,61,14.3
2011-12-11,74,21.5
2011-12-12,58,13.1
2011-12-13,51,9.1
2011-12-17,56,11.9
2011-12-18,61,14.5
2011-12-19,62,15.0
2011-12-20,67,17.6
2011-12-21,69,18.7
2011-12-22,57,12.5
2011-12-23,57,12.2
2011-12-24,71,19.9
2011-12-25,65,16.5
2011-12-26,59,13.6
2011-12-27,83,26.2
2011-12-28,57,12.5
2011-12-29,87,28.3
2011-12-30,122,44.1
2011-12-31,135,49.3
2012-01-01,59,13.5
2012-01-02,51,9.1
2012-01-03,51,9.2
2012-01-04,49,8.8
2012-01-05,52,9.4
2012-01-06,70,19.3
2012-01-07,87,28.2
2012-01-08,62,15.0
2012-01-09,43,7.7
2012-01-10,62,15.0
2012-01-11,77,23.3
2012-01-12,62,15.2
2012-01-13,54,10.7
2012-01-14,60,14.0
2012-01-15,63,15.5
2012-01-16,56,11.8
2012-01-17,52,9.6
2012-01-18,61,14.5
2012-01-20,74,21.7
2012-01-21,54,10.5
2012-01-22,55,11.3
2012-01-23,51,9.2
2012-01-24,47,8.4
2012-01-25,53,10.0
2012-01-26,53,10.0
2012-01-27,53,10.0
2012-01-28,51,9.3
2012-01-29,43,7.7
2012-01-30,58,13.0
2012-01-31,70,19.1
2012-02-01,79,23.9
2012-02-02,82,25.5
2012-02-03,54,10.6
2012-02-04,14,2.5
2012-02-05,40,7.2
2012-02-06,52,9.8
2012-02-07,52,9.5
2012-02-08,45,8.1
2012-02-09,36,6.5
2012-02-10,55,11.5
2012-02-11,33,6.0
2012-02-12,27,4.8
2012-02-13,33,6.0
2012-02-14,47,8.5
2012-02-15,51,9.3
2012-02-16,28,5.1
2012-02-17,34,6.1
2012-02-18,53,10.1
2012-02-19,52,9.8
2012-02-20,59,13.5
2012-02-21,54,10.8
2012-02-23,61,14.5
2012-02-24,94,32.0
2012-02-25,82,25.6
2012-02-26,78,23.7
2012-02-27,42,7.5
2012-02-28,43,7.8
2012-02-29,48,8.6
2012-03-01,38,6.8
2012-03-02,51,9.3
2012-03-03,41,7.3
2012-03-04,32,5.7
2012-03-05,53,10.3
2012-03-06,60,13.8
2012-03-07,21,3.7
2012-03-08,52,9.6
2012-03-09,49,8.8
2012-03-10,56,11.8
2012-03-11,53,10.4
2012-03-12,55,11.5
2012-03-13,54,10.8
2012-03-14,54,10.9
2012-03-15,62,14.8
2012-03-16,55,11.1
2012-03-17,22,3.9
2012-03-18,23,4.2
2012-03-19,38,6.9
2012-03-20,57,12.1
2012-03-21,60,14.1
2012-03-22,74,21.5
2012-03-23,59,13.5
2012-03-24,53,10.0
2012-03-25,31,5.6
2012-03-26,22,4.0
2012-03-27,37,6.7
2012-03-28,38,6.8
2012-03-29,74,21.3
2012-03-30,94,32.2
2012-03-31,59,13.3
2012-04-01,24,4.3
2012-04-02,45,8.1
2012-04-03,55,11.4
2012-04-04,54,10.9
2012-04-05,53,10.2
2012-04-06,51,9.2
2012-04-07,53,10.0
2012-04-08,59,13.5
2012-04-09,60,14.0
2012-04-10,55,11.3
2012-04-11,18,3.3
2012-04-12,27,4.8
2012-04-13,23,4.2
2012-04-14,27,4.8
2012-04-15,48,8.6
2012-04-16,54,10.5
2012-04-17,55,11.0
2012-04-18,58,12.9
2012-04-19,65,16.7
2012-04-20,72,20.6
2012-04-21,93,31.7
2012-04-22,82,25.9
2012-04-23,31,5.6
2012-04-25,42,7.6
2012-04-26,23,4.2
2012-04-27,42,7.6
2012-04-28,55,11.5
2012-04-29,59,13.5
2012-04-30,62,14.8
2012-05-01,37,6.6
2012-05-02,42,7.6
2012-05-03,39,7.1
2012-05-04,54,10.5
2012-05-05,54,10.9
2012-05-06,60,13.7
2012-05-07,67,17.6
2012-05-08,70,19.1
2012-05-09,63,15.7
2012-05-10,66,17.0
2012-05-11,68,18.2
2012-05-12,64,16.1
2012-05-13,58,12.7
2012-05-14,59,13.6
2012-05-15,57,12.1
2012-05-16,72,20.3
2012-05-17,71,19.7
2012-05-18,70,19.5
2012-05-19,75,21.9
2012-05-20,78,23.6
2012-05-21,72,20.2
2012-05-22,75,21.9
2012-05-23,56,11.9
2012-05-24,58,12.6
2012-05-25,48,8.6
2012-05-26,41,7.4
2012-05-27,53,10.1
2012-05-28,59,13.4
2012-05-29,64,15.9
2012-05-30,55,11.4
2012-05-31,63,15.6
2012-06-01,69,18.8
2012-06-02,64,15.9
2012-06-03,55,11.3
2012-06-04,52,9.7
2012-06-05,45,8.1
2012-06-06,56,12.0
2012-06-08,61,14.3
2012-06-09,59,13.4
2012-06-10,59,13.3
2012-06-11,58,13.0
2012-06-12,55,11.2
2012-06-14,54,10.8
2012-06-15,55,11.0
2012-06-16,54,10.9
2012-06-17,52,9.7
2012-06-18,59,13.3
2012-06-19,52,9.4
2012-06-20,54,10.9
2012-06-21,55,11.5
2012-06-22,55,11.1
2012-06-23,46,8.2
2012-06-24,39,7.0
2012-06-25,43,7.8
2012-06-26,49,8.9
2012-06-27,53,10.4
2012-06-28,55,11.2
2012-06-29,55,11.0
2012-07-02,59,13.4
2012-07-03,55,11.3
2012-07-04,81,25.0
2012-07-05,74,21.6
2012-07-06,52,9.4
2012-07-07,47,8.4
2012-07-08,47,8.5
2012-07-09,58,12.9
2012-07-10,60,14.0
2012-07-11,68,18.1
2012-07-13,60,13.9
2012-07-14,68,18.0
2012-07-15,59,13.5
2012-07-16,45,8.1
2012-07-17,32,5.8
2012-07-18,46,8.2
2012-07-19,56,12.0
2012-07-20,55,11.2
2012-07-21,60,14.1
2012-07-22,59,13.3
2012-07-23,56,11.8
2012-07-24,55,11.1
2012-07-25,53,10.3
2012-07-26,56,11.7
2012-07-27,55,11.5
2012-07-28,53,10.1
2012-07-29,55,11.0
2012-07-30,57,12.4
2012-07-31,59,13.2
2012-08-01,55,11.4
2012-08-02,57,12.2
2012-08-03,55,11.3
2012-08-04,53,10.2
2012-08-05,43,7.7
2012-08-06,56,11.7
2012-08-07,63,15.4
2012-08-08,61,14.6
2012-08-09,63,15.3
2012-08-10,62,14.9
2012-08-11,64,15.9
2012-08-12,57,12.3
2012-08-13,56,11.9
2012-08-14,53,10.3
2012-08-15,54,10.8
2012-08-16,61,14.6
2012-08-17,59,13.4
2012-08-18,57,12.2
2012-08-19,52,9.8
2012-08-20,58,12.8
2012-08-22,48,8.6
2012-08-23,53,10.3
2012-08-24,53,10.3
2012-08-26,48,8.7
2012-08-27,51,9.2
2012-08-28,54,10.7
2012-08-29,57,12.2
2012-08-30,59,13.6
2012-08-31,64,16.2
2012-09-04,58,12.8
2012-09-05,56,11.6
2012-09-06,51,9.1
2012-09-08,58,12.6
2012-09-09,59,13.5
2012-09-10,59,13.4
2012-09-11,57,12.1
2012-09-12,35,6.3
2012-09-14,54,10.9
2012-09-15,55,11.2
2012-09-16,59,13.6
2012-09-17,61,14.6
2012-09-18,60,13.8
2012-09-20,64,16.2
2012-09-21,65,16.8
2012-09-22,67,17.7
2012-09-23,64,16.0
2012-09-24,54,10.6
2012-09-25,55,11.3
2012-09-26,57,12.1
2012-09-30,61,14.3
2012-10-04,57,12.5
2012-10-05,63,15.8
2012-10-06,61,14.3
2012-10-07,54,10.9
2012-10-08,54,10.5
2012-10-09,48,8.6
2012-10-10,32,5.8
2012-10-11,39,7.0
2012-10-12,39,7.1
2012-10-13,52,9.8
2012-10-14,55,11.0
2012-10-15,54,10.5
2012-10-16,57,12.4
2012-10-17,63,15.6
2012-10-18,33,6.0
2012-10-19,51,9.2
2012-10-20,34,6.2
2012-10-21,23,4.2
2012-10-22,35,6.3
2012-10-23,32,5.7
2012-10-24,28,5.0
2012-10-25,34,6.2
2012-10-26,43,7.8
2012-10-27,43,7.7
2012-10-28,52,9.6
2012-10-29,62,14.9
2012-10-30,70,19.2
2012-10-31,84,26.9
2012-11-01,88,28.9
2012-11-02,74,21.5
2012-11-03,68,18.3
2012-11-04,56,11.8
2012-11-05,50,9.0
2012-11-06,61,14.2
2012-11-07,103,36.4
2012-11-08,55,11.5
2012-11-09,19,3.4
2012-11-10,27,4.9
2012-11-11,36,6.4
2012-11-12,50,9.0
2012-11-13,50,9.0
2012-11-14,62,15.0
2012-11-15,71,19.8
2012-11-16,47,8.5
2012-11-17,38,6.9
2012-11-18,35,6.3
2012-11-19,44,8.0
2012-11-20,52,9.7
2012-11-22,88,29.1
2012-11-23,93,31.8
2012-11-24,54,10.7
2012-11-25,77,23.3
2012-11-26,90,29.8
2012-11-27,82,25.6
2012-11-28,80,24.9
2012-11-29,61,14.3
2012-11-30,42,7.5
2012-12-01,26,4.6
2012-12-02,18,3.3
2012-12-03,34,6.2
2012-12-04,66,17.2
2012-12-05,88,28.7
2012-12-06,95,32.6
2012-12-07,110,39.1
2012-12-08,122,44.0
2012-12-09,153,58.7
2012-12-10,69,18.5
2012-12-11,68,18.2
2012-12-12,61,14.2
2012-12-13,27,4.9
2012-12-14,31,5.6
2012-12-15,27,4.8
2012-12-16,36,6.4
2012-12-17,29,5.2
2012-12-18,22,3.9
2012-12-19,35,6.3
2012-12-20,39,7.0
2012-12-21,55,11.1
2012-12-22,62,14.9
2012-12-23,59,13.3
2012-12-24,48,8.6
2012-12-25,63,15.3
2012-12-26,47,8.4
2012-12-27,16,2.9
2012-12-29,56,11.9
2012-12-30,46,8.3
2012-12-31,64,16.1
2013-01-01,74,21.6
2013-01-02,58,12.9
2013-01-03,57,12.4
2013-01-04,55,11.3
2013-01-05,64,16.2
2013-01-06,57,12.5
2013-01-07,53,10.2
2013-01-08,63,15.8
2013-01-09,72,20.5
2013-01-10,31,5.6
2013-01-11,13,2.3
2013-01-12,38,6.9
2013-01-13,55,11.4
2013-01-14,53,10.3
2013-01-15,47,8.4
2013-01-16,60,14.0
2013-01-17,58,13.1
2013-01-18,51,9.1
2013-01-19,47,8.5
2013-01-20,41,7.4
2013-01-21,54,10.6
2013-01-22,54,10.7
2013-01-23,43,7.7
2013-01-25,38,6.8
2013-01-26,43,7.8
2013-01-27,24,4.4
2013-01-28,13,2.3
2013-01-29,48,8.6
2013-01-30,60,13.8
2013-01-31,53,10.0
2013-02-01,56,11.7
2013-02-02,44,8.0
2013-02-03,47,8.5
2013-02-04,75,21.9
2013-02-05,120,43.1
2013-02-06,86,28.0
2013-02-07,79,24.3
2013-02-08,23,4.1
2013-02-09,51,9.3
2013-02-10,56,11.7
2013-02-11,55,11.0
2013-02-12,52,9.5
2013-02-13,66,17.0
2013-02-14,68,18.1
2013-02-15,54,10.7
2013-02-16,44,7.9
2013-02-17,54,10.5
2013-02-18,58,12.9
2013-02-20,13,2.4
2013-02-21,46,8.3
2013-02-22,52,9.9
2013-02-23,41,7.3
2013-02-24,52,9.5
2013-02-25,52,9.6
2013-02-26,57,12.5
2013-02-27,47,8.5
2013-02-28,44,7.9
2013-03-01,52,9.6
2013-03-02,51,9.3
2013-03-04,66,17.1
2013-03-05,72,20.2
2013-03-06,23,4.1
2013-03-07,18,3.3
2013-03-08,21,3.7
2013-03-09,44,8.0
2013-03-10,54,10.9
2013-03-11,61,14.5
2013-03-12,67,17.7
2013-03-13,57,12.1
2013-03-14,63,15.5
2013-03-15,96,33.1
2013-03-16,88,29.0
2013-03-17,74,21.5
2013-03-23,60,14.0
2013-03-24,74,21.5
2013-03-25,79,24.3
2013-03-26,76,22.7
2013-03-27,55,11.0
2013-03-28,62,15.2
2013-03-29,70,19.3
2013-03-30,56,11.6
2013-03-31,32,5.8
2013-04-01,28,5.0
2013-04-02,51,9.2
2013-04-03,62,15.0
2013-04-04,68,18.1
2013-04-05,51,9.2
2013-04-06,47,8.5
2013-04-07,52,9.6
2013-04-08,36,6.4
2013-04-09,39,7.1
2013-04-10,52,9.9
2013-04-11,68,18.0
2013-04-12,62,15.0
2013-04-13,63,15.8
2013-04-14,46,8.2
2013-04-15,42,7.5
2013-04-16,34,6.1
2013-04-17,25,4.5
2013-04-18,39,7.0
2013-04-19,41,7.3
2013-04-20,60,13.9
2013-04-21,69,18.8
2013-04-22,64,16.0
2013-04-23,54,10.9
2013-04-24,57,12.1
2013-04-25,41,7.3
2013-04-26,51,9.3
2013-04-27,59,13.3
2013-04-28,68,18.1
2013-04-29,64,16.1
2013-04-30,52,9.6
2013-05-01,39,7.1
2013-05-02,55,11.0
2013-05-03,58,12.8
2013-05-04,64,16.3
2013-05-05,56,11.8
2013-05-06,45,8.1
2013-05-07,39,7.0
2013-05-08,44,8.0
2013-05-09,52,9.9
2013-05-10,56,11.7
2013-05-11,66,17.0
2013-05-12,64,16.1
2013-05-13,61,14.4
2013-05-14,53,10.0
2013-05-15,58,12.8
2013-05-16,68,18.2
2013-05-17,52,9.5
2013-05-18,47,8.5
2013-05-19,53,10.0
2013-05-20,59,13.6
2013-05-21,65,16.5
2013-05-22,58,13.0
2013-05-23,59,13.3
2013-05-24,58,13.1
2013-05-25,59,13.3
2013-05-26,54,10.8
2013-05-27,46,8.3
2013-05-28,63,15.4
2013-05-29,48,8.7
2013-05-30,57,12.5
2013-05-31,61,14.7
2013-06-01,65,16.7
2013-06-02,61,14.2
2013-06-03,53,10.4
2013-06-04,35,6.3
2013-06-05,39,7.0
2013-06-06,52,9.7
2013-06-07,57,12.1
2013-06-08,57,12.5
2013-06-09,52,9.5
2013-06-10,36,6.5
2013-06-11,38,6.8
2013-06-12,52,9.6
2013-06-13,52,9.7
2013-06-14,52,9.9
2013-06-15,56,11.6
2013-06-16,55,11.4
2013-06-17,55,11.2
2013-06-18,54,10.7
2013-06-19,54,10.7
2013-06-20,55,11.5
2013-06-21,58,13.1
2013-06-22,57,12.4
2013-06-23,56,11.9
2013-06-24,41,7.4
2013-06-25,42,7.6
2013-06-26,4,0.8
2013-06-27,55,11.4
2013-06-28,57,12.1
2013-06-29,59,13.5
2013-06-30,59,13.4
2013-07-01,60,14.1
2013-07-02,60,13.8
2013-07-04,67,17.9
2013-07-05,93,31.4
2013-07-06,52,9.8
2013-07-07,54,10.9
2013-07-08,54,10.8
2013-07-09,61,14.6
2013-07-11,58,12.6
2013-07-12,57,12.1
2013-07-13,59,13.6
2013-07-14,55,11.4
2013-07-15,53,10.1
2013-07-16,41,7.3
2013-07-17,42,7.6
2013-07-18,54,10.6
2013-07-19,57,12.3
2013-07-20,57,12.5
2013-07-21,53,10.1
2013-07-22,54,10.8
2013-07-23,37,6.7
2013-07-24,36,6.5
2013-07-25,38,6.9
2013-07-26,53,10.0
2013-07-27,49,8.8
2013-07-28,53,10.0
2013-07-29,52,9.4
2013-07-30,49,8.9
2013-07-31,55,11.2
2013-08-02,56,11.8
2013-08-03,58,12.7
2013-08-04,57,12.2
2013-08-05,56,12.0
2013-08-10,57,12.2
2013-08-11,55,11.5
2013-08-12,58,13.0
2013-08-13,61,14.7
2013-08-14,67,17.6
2013-08-15,65,16.4
2013-08-16,61,14.6
2013-08-17,56,11.6
2013-08-18,63,15.4
2013-08-19,56,12.0
2013-08-20,52,9.7
2013-08-21,50,9.0
2013-08-22,43,7.7
2013-08-23,52,9.9
2013-08-25,57,12.4
2013-08-26,54,10.8
2013-08-27,53,10.4
2013-08-28,55,11.1
2013-08-29,53,10.2
2013-08-30,52,9.4
2013-08-31,44,7.9
2013-09-01,29,5.3
2013-09-02,39,7.0
2013-09-03,51,9.3
2013-09-04,53,10.4
2013-09-05,61,14.4
2013-09-06,58,12.7
2013-09-07,58,12.8
2013-09-08,56,11.7
2013-09-09,52,9.5
2013-09-10,52,9.6
2013-09-11,49,8.8
2013-09-12,54,10.5
2013-09-13,60,14.0
2013-09-14,59,13.2
2013-09-15,60,13.7
2013-09-16,60,13.8
2013-09-17,64,16.2
2013-09-18,54,10.5
2013-09-19,65,16.5
2013-09-20,58,12.8
2013-09-22,30,5.4
2013-09-23,42,7.6
2013-09-24,58,12.6
2013-09-25,52,9.8
2013-09-27,48,8.6
2013-09-28,47,8.4
2013-09-29,52,9.7
2013-09-30,55,11.0
2013-10-03,54,10.9
2013-10-04,58,13.0
2013-10-05,48,8.7
2013-10-06,36,6.4
2013-10-07,52,9.8
2013-10-08,57,12.2
2013-10-09,37,6.7
2013-10-10,47,8.4
2013-10-11,56,11.7
2013-10-12,56,11.6
2013-10-13,54,10.9
2013-10-14,56,11.9
2013-10-15,48,8.6
2013-10-16,46,8.3
2013-10-17,53,10.3
2013-10-18,59,13.6
2013-10-19,61,14.5
2013-10-20,72,20.4
2013-10-21,92,31.3
2013-10-22,71,19.7
2013-10-23,80,24.7
2013-10-24,76,22.7
2013-10-25,82,25.8
2013-10-26,87,28.4
2013-10-27,86,27.8
2013-10-28,26,4.7
2013-10-29,36,6.5
2013-10-31,47,8.5
2013-11-01,52,9.7
2013-11-02,48,8.7
2013-11-03,54,10.8
2013-11-04,51,9.3
2013-11-05,54,10.5
2013-11-06,44,8.0
2013-11-07,38,6.9
2013-11-08,55,11.0
2013-11-09,68,18.0
2013-11-10,64,16.1
2013-11-11,63,15.8
2013-11-12,66,17.0
2013-11-13,51,9.3
2013-11-14,52,9.5
2013-11-15,66,17.4
2013-11-16,55,11.0
2013-11-17,56,11.8
2013-11-18,58,13.0
2013-11-19,43,7.8
2013-11-20,55,11.0
2013-11-21,26,4.6
2013-11-22,38,6.8
2013-11-23,41,7.4
2013-11-24,47,8.4
2013-11-25,56,11.6
2013-11-26,55,11.3
2013-11-27,52,9.7
2013-11-28,54,10.6
2013-11-29,64,16.3
2013-11-30,52,9.8
2013-12-01,49,8.8
2013-12-02,52,9.6
2013-12-03,61,14.6
2013-12-04,36,6.4
2013-12-05,52,9.7
2013-12-06,57,12.4
2013-12-07,57,12.2
2013-12-08,60,13.7
2013-12-09,59,13.3
2013-12-10,51,9.3
2013-12-11,33,6.0
2013-12-12,66,17.2
2013-12-13,88,29.2
2013-12-14,70,19.2
2013-12-15,55,11.0
2013-12-16,39,7.0
2013-12-17,59,13.5
2013-12-18,70,19.2
2013-12-19,51,9.1
2013-12-20,61,14.4
2013-12-21,72,20.5
2013-12-22,91,30.4
2013-12-23,56,11.7
2013-12-24,54,10.7
2013-12-25,58,12.9
2013-12-26,53,10.3
2013-12-27,53,10.1
2013-12-28,58,13.0
2013-12-29,60,13.8
2013-12-30,59,13.6
2013-12-31,85,27.6
2014-01-01,154,59.9
2014-01-02,55,11.1
2014-01-03,80,24.4
2014-01-04,105,37.0
2014-01-05,64,16.2
2014-01-06,44,7.9
2014-01-08,88,29.0
2014-01-09,107,37.9
2014-01-10,102,36.1
2014-01-11,81,25.3
2014-01-12,101,35.6
2014-01-15,56,11.8
2014-01-16,57,12.5
2014-01-17,59,13.5
2014-01-18,66,17.3
2014-01-19,63,15.5
2014-01-22,75,22.0
2014-01-23,85,27.5
2014-01-24,65,16.5
2014-01-25,63,15.8
2014-01-26,72,20.5
2014-01-27,70,19.3
2014-01-28,86,28.0
2014-01-29,106,37.6
2014-01-30,83,26.2
2014-01-31,26,4.6
2014-02-01,34,6.2
2014-02-02,30,5.4
2014-02-03,29,5.2
2014-02-04,49,8.9
2014-02-05,54,10.8
2014-02-06,65,16.5
2014-02-07,58,12.7
2014-02-08,50,9.0
2014-02-09,59,13.3
2014-02-10,60,14.0
2014-02-11,57,12.3
2014-02-12,58,13.1
2014-02-13,65,16.6
2014-02-14,75,22.2
2014-02-15,96,33.2
2014-02-16,86,27.7
2014-02-17,71,19.6
2014-02-18,84,26.6
2014-02-19,77,23.2
2014-02-20,61,14.4
2014-02-21,62,15.0
2014-02-22,74,21.2
2014-02-23,78,23.6
2014-02-24,83,26.4
2014-02-25,68,18.0
2014-02-26,34,6.1
2014-02-27,21,3.7
2014-02-28,22,4.0
2014-03-01,28,5.0
2014-03-02,28,5.1
2014-03-03,44,8.0
2014-03-04,57,12.2
2014-03-05,65,16.5
2014-03-06,57,12.1
2014-03-07,51,9.1
2014-03-12,53,10.0
2014-03-13,54,10.9
2014-03-14,59,13.4
2014-03-15,56,11.6
2014-03-18,59,13.4
2014-03-19,58,12.6
2014-03-20,61,14.7
2014-03-21,56,11.7
2014-03-22,54,10.8
2014-03-24,74,21.7
2014-03-26,19,3.5
2014-03-27,44,8.0
2014-03-29,53,10.3
2014-03-30,29,5.3
2014-03-31,42,7.5
2014-04-01,22,4.0
2014-04-02,22,3.9
2014-04-03,36,6.5
2014-04-04,28,5.1
2014-04-05,30,5.4
2014-04-06,53,10.2
2014-04-07,50,9.0
2014-04-08,55,11.2
2014-04-09,51,9.2
2014-04-10,65,16.6
2014-04-11,56,11.7
2014-06-28,59,13.2
2014-11-06,47,8.4
2014-11-07,48,8.7
2014-11-08,55,11.2
2014-11-09,68,18.0
2014-11-10,66,16.9
2014-11-11,37,6.7
2014-11-26,54,10.5
2014-11-27,49,8.8
2014-11-28,56,11.9
2014-11-29,59,13.2
2014-11-30,35,6.3
2014-12-01,52,9.6
2014-12-02,29,5.3
2014-12-10,79,24.1
2014-12-13,44,8.0
2014-12-14,53,10.1
2014-12-17,32,5.7
2014-12-18,49,8.9
2014-12-19,61,14.4
2014-12-20,74,21.5
2014-12-21,91,30.5
2014-12-22,73,21.1
2014-12-23,57,12.3
2014-12-24,49,8.9
2014-12-25,16,2.9
2014-12-26,37,6.6
2014-12-27,49,8.9
2014-12-28,55,11.2
2014-12-29,66,17.3
2014-12-30,67,17.6
2014-12-31,56,11.8
2015-01-01,77,23.3
2015-01-02,67,17.7
2015-01-03,73,20.9
2015-01-04,78,23.7
2015-01-05,43,7.8
2015-01-06,30,5.4
2015-01-07,46,8.2
2015-01-08,70,19.1
2015-01-09,89,29.4
2015-01-10,88,28.7
2015-01-11,68,18.1
2015-01-12,81,25.4
2015-01-13,87,28.5
2015-01-14,46,8.2
2015-01-15,36,6.4
2015-01-16,37,6.6
2015-01-17,61,14.7
2015-01-18,75,21.8
2015-01-19,92,31.1
2015-01-20,125,45.2
2015-01-21,146,53.8
2015-01-22,52,9.7
2015-01-23,41,7.3
2015-01-24,52,9.6
2015-01-25,51,9.3
2015-01-26,41,7.3
2015-01-27,45,8.1
2015-01-28,42,7.5
2015-01-29,42,7.5
2015-01-30,38,6.8
2015-01-31,62,14.8
2015-02-01,56,11.7
2015-02-02,66,17.3
2015-02-03,107,38.0
2015-02-04,152,56.4
2015-02-05,123,44.4
2015-02-06,109,38.7
2015-02-07,86,27.7
2015-02-08,59,13.5
2015-02-09,34,6.1
2015-02-10,56,12.0
2015-02-11,60,13.8
2015-02-15,62,14.8
2015-02-16,92,31.0
2015-02-17,90,29.8
2015-02-19,122,44.0
2015-02-20,97,34.0
2015-02-21,58,12.7
2015-02-22,34,6.2
2015-02-23,26,4.6
2015-02-24,33,5.9
2015-02-25,48,8.7
2015-02-26,62,14.8
2015-02-27,52,9.8
2015-02-28,12,2.2
2015-03-01,11,2.0
2015-03-02,16,2.8
2015-03-03,25,4.5
2015-03-04,35,6.3
2015-03-05,36,6.5
2015-03-06,43,7.7
2015-03-07,51,9.2
2015-03-08,57,12.4
2015-03-09,78,23.8
2015-03-10,80,24.9
2015-03-11,63,15.3
2015-03-13,38,6.8
2015-03-19,63,15.6
2015-03-25,54,10.9
2015-03-26,38,6.9
2015-03-27,56,11.7
2015-03-28,61,14.3
2015-03-29,64,15.9
2015-03-30,70,19.3
2015-03-31,79,24.3
2015-04-01,58,12.7
2015-04-02,56,11.7
2015-04-03,51,9.3
2015-04-04,53,10.2
2015-04-05,57,12.3
2015-04-06,31,5.6
2015-04-08,31,5.6
2015-04-10,51,9.1
2015-04-11,46,8.3
2015-04-12,48,8.6
2015-04-13,59,13.4
2015-04-14,62,15.0
2015-04-15,58,12.9
2015-04-16,52,9.4
2015-04-17,52,9.9
2015-04-18,58,12.6
2015-04-19,62,14.8
2015-04-20,59,13.4
2015-04-21,53,10.2
2015-04-22,51,9.2
2015-04-23,41,7.4
2015-04-24,37,6.7
2015-04-25,43,7.7
2015-04-26,52,9.4
2015-04-27,52,9.5
2015-04-28,50,9.0
2015-04-29,60,13.8
2015-04-30,63,15.6
2015-05-01,63,15.6
2015-05-02,64,16.0
2015-05-03,59,13.5
2015-05-04,49,8.8
2015-05-05,47,8.5
2015-05-06,51,9.1
2015-05-07,53,10.1
2015-05-08,51,9.3
2015-05-09,60,13.9
2015-05-10,59,13.6
2015-05-11,60,14.1
2015-05-12,57,12.3
2015-05-13,57,12.2
2015-05-14,34,6.2
2015-05-15,36,6.5
2015-05-16,46,8.2
2015-05-17,52,9.7
2015-05-18,38,6.8
2015-05-19,42,7.5
2015-05-20,49,8.8
2015-05-21,35,6.3
2015-05-22,29,5.3
2015-05-23,33,5.9
2015-05-24,47,8.5
2015-05-25,53,10.2
2015-05-27,59,13.6
2015-05-28,57,12.5
2015-05-29,66,17.3
2015-05-30,74,21.7
2015-05-31,64,15.9
2015-06-01,59,13.6
2015-06-02,43,7.8
2015-06-03,44,8.0
2015-06-04,53,10.0
2015-06-05,47,8.4
2015-06-06,39,7.1
2015-06-07,44,7.9
2015-06-08,58,13.0
2015-06-09,46,8.3
2015-06-10,53,10.4
2015-06-11,51,9.2
2015-06-12,58,12.8
2015-06-13,42,7.5
2015-06-14,53,10.1
2015-06-15,58,12.6
2015-06-16,69,19.0
2015-06-17,75,21.9
2015-06-18,69,18.5
2015-06-19,69,19.0
2015-06-20,70,19.5
2015-06-21,70,19.1
2015-06-22,61,14.3
2015-06-23,61,14.6
2015-06-24,67,17.7
2015-06-25,66,17.1
2015-06-26,57,12.2
2015-06-27,53,10.1
2015-06-28,54,10.7
2015-06-29,55,11.4
2015-06-30,56,11.8
2015-07-01,56,11.9
2015-07-02,49,8.8
2015-07-03,54,10.6
2015-07-04,66,16.9
2015-07-05,67,17.7
2015-07-06,53,10.0
2015-07-07,55,11.0
2015-07-08,43,7.8
2015-07-09,51,9.1
2015-07-10,28,5.0
2015-07-11,26,4.6
2015-07-12,31,5.5
2015-07-13,46,8.3
2015-07-14,53,10.3
2015-07-15,53,10.2
2015-07-16,54,10.7
2015-07-17,53,10.0
2015-07-18,56,11.7
2015-07-19,52,9.9
2015-07-20,36,6.4
2015-07-21,28,5.1
2015-07-22,18,3.3
2015-07-23,11,1.9
2015-07-24,51,9.3
2015-07-25,55,11.1
2015-07-26,53,10.4
2015-07-27,54,10.9
2015-07-28,61,14.3
2015-07-29,59,13.2
2015-07-30,60,13.7
2015-07-31,62,14.9
2015-08-01,59,13.4
2015-08-02,58,13.1
2015-08-03,61,14.7
2015-08-04,58,12.8
2015-08-05,54,10.9
2015-08-08,53,10.2
2015-08-09,54,10.7
2015-08-10,50,9.0
2015-08-12,51,9.2
2015-08-13,56,11.9
2015-08-14,56,11.6
2015-08-15,60,14.1
2015-08-16,63,15.3
2015-08-17,67,17.9
2015-08-18,65,16.8
2015-08-19,63,15.7
2015-08-20,63,15.6
2015-08-21,63,15.6
2015-08-22,67,17.6
2015-08-23,58,12.6
2015-08-24,62,15.0
2015-08-25,64,16.0
2015-08-26,71,19.6
2015-08-27,68,18.0
2015-08-28,62,15.0
2015-08-29,56,11.7
2015-08-30,52,9.5
2015-08-31,59,13.4
2015-09-01,56,11.7
2015-09-02,52,9.5
2015-09-03,49,8.9
2015-09-04,47,8.5
2015-09-05,55,11.1
2015-09-06,58,13.0
2015-09-07,55,11.4
2015-09-08,52,9.5
2015-09-09,57,12.3
2015-09-10,56,11.7
2015-09-11,54,10.9
2015-09-12,53,10.2
2015-09-13,50,9.0
2015-09-14,42,7.5
2015-09-15,22,4.0
2015-09-16,34,6.1
2015-09-17,39,7.1
2015-09-18,55,11.3
2015-09-19,58,12.8
2015-09-20,55,11.2
2015-09-21,58,13.1
2015-09-22,62,15.2
2015-09-23,61,14.7
2015-09-24,65,16.6
2015-09-25,65,16.5
2015-09-26,63,15.3
2015-09-27,63,15.4
2015-09-28,61,14.2
2015-09-29,55,11.0
2015-09-30,60,13.9
2015-10-01,55,11.2
2015-10-02,42,7.5
2015-10-03,54,10.5
2015-10-04,34,6.1
2015-10-05,37,6.6
2015-10-07,55,11.2
2015-10-08,63,15.6
2015-10-09,59,13.5
2015-10-10,42,7.5
2015-10-11,44,7.9
2015-10-12,54,10.7
2015-10-13,48,8.7
2015-10-14,52,9.6
2015-10-15,42,7.5
2015-10-17,42,7.5
2015-10-18,38,6.8
2015-10-19,51,9.3
2015-10-20,48,8.6
2015-10-21,52,9.8
2015-10-22,55,11.3
2015-10-23,58,13.0
2015-10-24,48,8.6
2015-10-25,52,9.4
2015-10-26,57,12.4
2015-10-27,65,16.4
2015-10-28,61,14.6
2015-10-29,20,3.6
2015-10-30,39,7.1
2015-10-31,53,10.4
2015-11-01,59,13.4
2015-11-02,44,8.0
2015-11-03,20,3.6
2015-11-04,30,5.4
2015-11-05,32,5.8
2015-11-06,53,10.1
2015-11-07,47,8.4
2015-11-08,51,9.2
2015-11-09,51,9.1
2015-11-10,32,5.8
2015-11-11,35,6.3
2015-11-12,44,7.9
2015-11-13,53,10.0
2015-11-14,55,11.0
2015-11-15,51,9.1
2015-11-16,11,1.9
2015-11-17,51,9.2
2015-11-18,61,14.4
2015-11-19,53,10.0
2015-11-20,58,13.1
2015-11-21,49,8.8
2015-11-22,34,6.1
2015-11-23,41,7.3
2015-11-24,56,11.7
2015-11-25,36,6.5
2015-11-26,50,9.0
2015-11-27,35,6.3
2015-11-28,42,7.6
2015-11-29,47,8.4
2015-11-30,43,7.7
2015-12-01,54,10.7
2015-12-02,33,5.9
2015-12-03,46,8.2
2015-12-04,62,15.2
2015-12-05,36,6.5
2015-12-06,43,7.7
2015-12-07,47,8.4
2015-12-08,57,12.4
2015-12-09,89,29.7
2015-12-10,78,23.4
2015-12-11,31,5.6
2015-12-12,28,5.0
2015-12-13,36,6.5
2015-12-14,15,2.7
2015-12-15,41,7.4
2015-12-16,47,8.5
2015-12-17,55,11.0
2015-12-18,54,10.5
2015-12-19,58,13.1
2015-12-20,52,9.9
2015-12-21,61,14.4
2015-12-22,55,11.3
2015-12-23,51,9.2
2015-12-24,41,7.4
2015-12-25,17,3.1
2015-12-26,30,5.4
2015-12-27,49,8.8
2015-12-28,49,8.9
2015-12-29,56,11.9
2015-12-30,67,17.7
2015-12-31,63,15.6
2016-01-01,56,11.7
2016-01-02,58,12.6
2016-01-03,69,19.0
2016-01-04,54,10.9
2016-01-05,43,7.8
2016-01-06,30,5.4
2016-01-07,19,3.4
2016-01-08,39,7.0
2016-01-09,54,10.8
2016-01-10,63,15.6
2016-01-11,65,16.6
2016-01-12,37,6.6
2016-01-13,53,10.4
2016-01-14,68,18.3
2016-01-15,67,17.7
2016-01-16,67,17.9
2016-01-17,85,27.3
2016-01-18,65,16.7
2016-01-19,54,10.5
2016-01-20,53,10.3
2016-01-21,49,8.9
2016-01-22,59,13.3
2016-01-23,64,16.2
2016-01-24,52,9.6
2016-01-25,55,11.2
2016-01-26,41,7.3
2016-01-27,38,6.8
2016-01-28,52,9.7
2016-01-29,70,19.2
2016-01-30,60,13.9
2016-01-31,25,4.5
2016-02-01,11,1.9
2016-02-03,41,7.3
2016-02-04,34,6.2
2016-02-05,38,6.9
2016-02-06,34,6.2
2016-02-07,41,7.4
2016-02-08,44,7.9
2016-02-09,40,7.2
2016-02-10,41,7.3
2016-02-11,54,10.9
2016-02-12,65,16.7
2016-02-13,94,32.1
2016-02-14,69,18.6
2016-02-15,52,9.7
2016-02-16,38,6.9
2016-02-17,51,9.2
2016-02-18,29,5.2
2016-02-19,52,9.7
2016-02-20,55,11.4
2016-02-21,67,17.7
2016-02-22,58,13.0
2016-02-23,42,7.6
2016-02-24,34,6.2
2016-02-25,48,8.6
2016-02-26,61,14.6
2016-02-27,72,20.6
2016-02-28,83,26.5
2016-02-29,92,31.3
2016-03-01,112,39.8
2016-03-02,98,34.2
2016-03-03,74,21.6
2016-03-04,76,22.6
2016-03-05,43,7.8
2016-03-06,31,5.5
2016-03-07,23,4.2
2016-03-08,23,4.2
2016-03-09,52,9.5
2016-03-10,56,11.9
2016-03-11,36,6.5
2016-03-12,39,7.1
2016-03-13,41,7.3
2016-03-14,33,5.9
2016-03-15,54,10.9
2016-03-16,56,11.6
2016-03-17,58,13.1
2016-03-18,76,22.7
2016-03-19,84,26.7
2016-03-22,34,6.2
2016-03-23,38,6.9
2016-03-24,38,6.8
2016-03-25,55,11.2
2016-03-30,38,6.8
2016-03-31,52,9.4
2016-04-01,58,12.8
2016-04-02,63,15.5
2016-04-03,57,12.4
2016-04-04,57,12.1
2016-04-05,61,14.5
2016-04-06,56,11.7
2016-04-07,67,17.6
2016-04-08,59,13.6
2016-04-09,41,7.4
2016-04-10,36,6.5
2016-04-11,38,6.8
2016-04-12,41,7.4
2016-04-13,52,9.8
2016-04-14,56,11.9
2016-04-16,36,6.5
2016-04-17,39,7.1
2016-04-18,51,9.1
2016-04-19,53,10.0
2016-04-20,51,9.1
2016-04-21,52,9.4
2016-04-22,38,6.8
2016-04-23,47,8.5
2016-04-24,55,11.0
2016-04-25,54,10.7
2016-04-26,53,10.0
2016-04-27,53,10.3
2016-04-28,54,10.5
2016-04-29,55,11.0
2016-04-30,55,11.4
2016-05-01,59,13.4
2016-05-02,66,17.2
2016-05-03,63,15.5
2016-05-04,60,13.7
2016-05-05,36,6.5
2016-05-06,29,5.2
2016-05-07,27,4.8
2016-05-08,26,4.6
2016-05-09,28,5.1
2016-05-10,41,7.3
2016-05-11,51,9.1
2016-05-12,55,11.2
2016-05-13,66,17.3
2016-05-14,53,10.0
2016-05-15,39,7.0
2016-05-16,49,8.9
2016-05-17,52,9.7
2016-05-18,54,10.6
2016-05-19,55,11.5
2016-05-20,47,8.5
2016-05-21,35,6.3
2016-05-22,36,6.4
2016-05-23,38,6.8
2016-05-24,23,4.2
2016-05-25,19,3.4
2016-05-26,39,7.1
2016-05-27,55,11.4
2016-05-28,60,13.7
2016-05-29,53,10.0
2016-05-30,52,9.8
2016-05-31,63,15.7
2016-06-01,61,14.2
2016-06-02,62,15.1
2016-06-03,78,23.5
2016-06-04,66,16.9
2016-06-05,53,10.0
2016-06-06,54,10.9
2016-06-07,53,10.0
2016-06-08,55,11.1
2016-06-09,63,15.6
2016-06-10,49,8.9
2016-06-11,21,3.8
2016-06-12,23,4.1
2016-06-13,39,7.1
2016-06-14,60,14.0
2016-06-15,53,10.0
2016-06-16,61,14.6
2016-06-17,83,26.1
2016-06-18,72,20.4
2016-06-19,58,13.1
2016-06-20,60,14.0
2016-06-21,67,17.5
2016-06-22,63,15.5
2016-06-23,63,15.4
2016-06-24,63,15.7
2016-06-25,66,17.4
2016-06-26,66,17.3
2016-06-27,74,21.7
2016-06-28,63,15.7
2016-06-29,65,16.5
2016-06-30,65,16.6
2016-07-01,59,13.2
2016-07-02,53,10.1
2016-07-03,50,9.0
2016-07-04,51,9.2
2016-07-05,51,9.2
2016-07-06,49,8.8
2016-07-07,54,10.5
2016-07-08,54,10.7
2016-07-09,54,10.9
2016-07-10,52,9.4
2016-07-11,56,12.0
2016-07-12,62,15.1
2016-07-13,62,14.9
2016-07-14,60,14.1
2016-07-15,60,14.1
2016-07-16,55,11.4
2016-07-17,49,8.9
2016-07-18,54,10.6
2016-07-19,53,10.0
2016-07-20,58,12.8
2016-07-21,59,13.6
2016-07-22,61,14.7
2016-07-23,68,18.2
2016-07-24,62,15.2
2016-07-25,62,15.1
2016-07-26,53,10.1
2016-07-27,52,9.6
2016-07-28,55,11.0
2016-07-29,58,12.8
2016-07-30,58,12.9
2016-07-31,52,9.7
2016-08-01,51,9.2
2016-08-02,51,9.2
2016-08-03,49,8.9
2016-08-04,55,11.2
2016-08-05,56,11.9
2016-08-06,52,9.6
2016-08-07,59,13.6
2016-08-08,62,15.0
2016-08-09,59,13.3
2016-08-10,58,12.7
2016-08-11,51,9.3
2016-08-12,39,7.1
2016-08-13,50,9.0
2016-08-14,58,13.0
2016-08-15,61,14.2
2016-08-16,58,12.6
2016-08-17,58,12.7
2016-08-18,58,12.6
2016-08-19,52,9.4
2016-08-20,51,9.2
2016-08-21,57,12.4
2016-08-22,58,12.9
2016-08-23,60,13.8
2016-08-24,58,12.7
2016-08-25,62,15.0
2016-08-26,53,10.4
2016-08-27,57,12.5
2016-08-28,55,11.2
2016-08-29,63,15.5
2016-08-30,68,18.2
2016-08-31,64,16.0
2016-09-01,64,16.1
2016-09-02,61,14.5
2016-09-03,52,9.8
2016-09-04,54,10.7
2016-09-05,58,12.7
2016-09-06,58,12.7
2016-09-07,62,15.1
2016-09-08,55,11.2
2016-09-09,56,11.7
2016-09-10,56,11.9
2016-09-11,53,10.2
2016-09-12,55,11.4
2016-09-13,32,5.8
2016-09-14,43,7.7
2016-09-15,55,11.4
2016-09-16,57,12.1
2016-09-17,61,14.6
2016-09-18,69,19.0
2016-09-19,63,15.8
2016-09-20,48,8.7
2016-09-21,52,9.5
2016-09-22,57,12.4
2016-09-23,61,14.3
2016-09-24,56,11.7
2016-09-25,52,9.5
2016-09-26,38,6.8
2016-09-27,52,9.5
2016-09-28,48,8.6
2016-09-29,53,10.3
2016-09-30,54,10.7
2016-10-01,58,13.0
2016-10-02,55,11.2
2016-10-03,51,9.2
2016-10-04,42,7.6
2016-10-05,46,8.3
2016-10-06,57,12.1
2016-10-07,52,9.7
2016-10-08,52,9.7
2016-10-09,50,9.0
2016-10-10,50,9.0
2016-10-11,48,8.7
2016-10-12,54,10.7
2016-10-13,59,13.4
2016-10-14,74,21.4
2016-10-15,41,7.3
2016-10-16,20,3.6
2016-10-17,26,4.7
2016-10-18,52,9.9
2016-10-19,54,10.7
2016-10-20,49,8.8
2016-10-21,54,10.5
2016-10-22,57,12.1
2016-10-23,55,11.0
2016-10-24,47,8.5
2016-10-25,46,8.2
2016-10-26,54,10.6
2016-10-27,57,12.1
2016-10-28,36,6.5
2016-10-29,28,5.1
2016-10-30,17,3.1
2016-10-31,33,6.0
2016-11-01,44,8.0
2016-11-02,53,10.2
2016-11-03,47,8.4
2016-11-04,55,11.4
2016-11-05,74,21.4
2016-11-06,77,22.9
2016-11-07,73,20.7
2016-11-08,57,12.1
2016-11-09,46,8.2
2016-11-10,46,8.3
2016-11-11,48,8.7
2016-11-12,55,11.1
2016-11-13,48,8.7
2016-11-14,54,10.5
2016-11-15,71,19.8
2016-11-16,72,20.6
2016-11-17,53,10.4
2016-11-18,43,7.7
2016-11-19,55,11.4
2016-11-20,58,12.8
2016-11-21,23,4.1
2016-11-22,48,8.6
2016-11-23,54,10.5
2016-11-24,47,8.5
2016-11-25,54,10.7
2016-11-26,62,15.1
2016-11-27,49,8.9
2016-11-28,52,9.6
2016-11-29,52,9.4
2016-11-30,45,8.1
2016-12-01,57,12.2
2016-12-02,32,5.7
2016-12-03,55,11.2
2016-12-04,62,15.0
2016-12-05,71,20.1
2016-12-06,67,17.8
2016-12-07,71,19.8
2016-12-08,64,16.0
2016-12-09,68,18.0
2016-12-10,94,32.4
2016-12-11,84,26.6
2016-12-12,65,16.4
2016-12-13,84,26.8
2016-12-14,123,44.3
2016-12-15,96,33.2
2016-12-16,22,4.0
2016-12-17,42,7.6
2016-12-18,52,9.6
2016-12-19,52,9.5
2016-12-20,32,5.8
2016-12-21,38,6.8
2016-12-22,36,6.5
2016-12-23,41,7.3
2016-12-24,10,1.8
2016-12-25,52,9.9
2016-12-26,54,10.6
2016-12-28,29,5.2
2016-12-29,33,5.9
2016-12-30,43,7.7
2016-12-31,36,6.4
2017-01-01,57,12.2
2017-01-02,41,7.4
2017-01-03,55,11.4
2017-01-04,60,13.9
2017-01-05,28,5.1
2017-01-06,45,8.1
2017-01-07,47,8.4
2017-01-08,41,7.3
2017-01-09,43,7.7
2017-01-10,37,6.7
2017-01-11,58,12.9
2017-01-12,32,5.7
2017-01-13,52,9.9
2017-01-14,63,15.4
2017-01-15,53,10.1
2017-01-16,59,13.4
2017-01-18,60,13.7
2017-01-19,38,6.8
2017-01-20,31,5.5
2017-01-21,31,5.5
2017-01-22,31,5.5
2017-01-23,23,4.1
2017-01-24,39,7.1
2017-01-25,54,10.8
2017-01-26,53,10.4
2017-01-27,48,8.6
2017-01-28,52,9.9
2017-01-29,52,9.7
2017-01-30,47,8.4
2017-01-31,58,12.7
2017-02-01,69,18.6
2017-02-02,65,16.5
2017-02-03,61,14.3
2017-02-04,47,8.5
2017-02-05,64,15.9
2017-02-06,26,4.7
2017-02-07,26,4.6
2017-02-08,29,5.3
2017-02-09,51,9.3
2017-02-10,62,15.1
2017-02-11,36,6.4
2017-02-12,52,9.9
2017-02-14,57,12.3
2017-02-16,63,15.4
2017-02-17,32,5.7
2017-02-18,24,4.4
2017-02-19,34,6.1
2017-02-20,43,7.8
2017-02-21,49,8.9
2017-02-22,27,4.8
2017-02-23,12,2.2
2017-02-24,33,6.0
2017-02-25,55,11.0
2017-02-26,23,4.2
2017-02-27,33,6.0
2017-02-28,32,5.8
2017-03-01,33,6.0
2017-03-02,35,6.3
2017-03-03,32,5.7
2017-03-04,52,9.7
2017-03-05,32,5.8
2017-03-06,29,5.2
2017-03-07,38,6.9
2017-03-08,45,8.1
2017-03-09,57,12.1
2017-03-10,56,11.7
2017-03-11,60,14.1
2017-03-12,74,21.5
2017-03-13,95,32.5
2017-03-14,64,16.1
2017-03-15,60,14.0
2017-03-16,67,17.8
2017-03-17,78,23.5
2017-03-18,86,27.8
2017-03-19,69,19.0
2017-03-20,32,5.7
2017-03-22,22,4.0
2017-03-23,27,4.8
2017-03-24,47,8.5
2017-03-25,40,7.2
2017-03-26,46,8.3
2017-03-27,37,6.7
2017-03-28,46,8.3
2017-03-29,51,9.3
2017-03-30,54,10.8
2017-03-31,47,8.4
2017-04-01,57,12.1
2017-04-02,60,13.8
2017-04-03,58,12.7
2017-04-05,61,14.7
2017-04-06,64,16.2
2017-04-07,46,8.2
2017-04-08,33,5.9
2017-04-09,41,7.3
2017-04-10,51,9.2
2017-04-11,55,11.1
2017-04-12,47,8.5
2017-04-13,26,4.6
2017-04-14,44,7.9
2017-04-15,52,9.5
2017-04-16,51,9.3
2017-04-17,31,5.5
2017-04-18,20,3.6
2017-04-19,32,5.8
2017-04-20,56,11.9
2017-04-21,60,13.8
2017-04-22,58,12.9
2017-04-23,54,10.8
2017-04-24,59,13.3
2017-04-25,40,7.2
2017-04-26,55,11.2
2017-04-27,40,7.2
2017-04-28,29,5.3
2017-04-29,39,7.0
2017-04-30,52,9.7
2017-05-01,58,12.7
2017-05-02,58,12.7
2017-05-03,57,12.5
2017-05-04,57,12.1
2017-05-05,68,18.1
2017-05-06,35,6.3
2017-05-07,27,4.9
2017-05-08,55,11.3
2017-05-09,54,10.9
2017-05-10,41,7.4
2017-05-11,48,8.6
2017-05-12,60,14.1
2017-05-13,50,9.0
2017-05-14,56,12.0
2017-05-15,46,8.2
2017-05-16,53,10.0
2017-05-17,49,8.8
2017-05-18,54,10.7
2017-05-19,55,11.2
2017-05-20,53,10.4
2017-05-21,56,11.6
2017-05-22,58,12.6
2017-05-23,55,11.4
2017-05-24,62,15.1
2017-05-25,28,5.1
2017-05-26,24,4.3
2017-05-27,31,5.6
2017-05-28,47,8.5
2017-05-29,58,12.7
2017-05-30,61,14.4
2017-05-31,63,15.5
2017-06-01,52,9.9
2017-06-02,60,14.0
2017-06-03,69,19.0
2017-06-04,73,20.8
2017-06-05,64,16.3
2017-06-06,67,17.8
2017-06-07,57,12.2
2017-06-08,30,5.4
2017-06-09,33,6.0
2017-06-10,31,5.5
2017-06-11,31,5.6
2017-06-12,46,8.3
2017-06-13,55,11.1
2017-06-14,62,14.8
2017-06-15,66,16.9
2017-06-16,62,14.8
2017-06-17,59,13.5
2017-06-18,61,14.4
2017-06-19,56,11.9
2017-06-20,54,10.6
2017-06-21,58,12.9
2017-06-22,57,12.1
2017-06-23,54,10.6
2017-06-24,48,8.7
2017-06-25,59,13.2
2017-06-26,60,13.8
2017-06-27,54,10.7
2017-06-28,58,12.7
2017-06-29,84,26.6
2017-06-30,60,14.0
2017-07-01,65,16.4
2017-07-02,56,11.7
2017-07-03,58,12.6
2017-07-04,149,54.9
2017-07-05,76,22.3
2017-07-06,58,13.1
2017-07-07,66,17.2
2017-07-08,69,18.6
2017-07-09,64,16.1
2017-07-10,60,14.0
2017-07-11,47,8.4
2017-07-12,46,8.2
2017-07-13,53,10.0
2017-07-14,53,10.0
2017-07-15,60,14.0
2017-07-16,64,16.3
2017-07-17,63,15.6
2017-07-18,59,13.6
2017-07-19,58,13.0
2017-07-20,59,13.4
2017-07-21,61,14.4
2017-07-22,63,15.3
2017-07-23,58,13.1
2017-07-24,52,9.5
2017-07-25,36,6.5
2017-07-26,31,5.6
2017-07-27,39,7.0
2017-07-28,54,10.8
2017-07-29,56,12.0
2017-07-30,53,10.0
2017-07-31,54,10.7
2017-08-01,59,13.6
2017-08-02,61,14.5
2017-08-03,56,11.6
2017-08-04,45,8.1
2017-08-05,52,9.5
2017-08-06,52,9.5
2017-08-07,56,11.7
2017-08-08,64,16.3
2017-08-09,61,14.7
2017-08-10,60,13.7
2017-08-11,58,12.7
2017-08-12,68,18.2
2017-08-13,64,15.9
2017-08-14,58,12.9
2017-08-15,40,7.2
2017-08-16,52,9.6
2017-08-17,55,11.4
2017-08-18,53,10.4
2017-08-19,55,11.4
2017-08-20,54,10.6
2017-08-21,48,8.7
2017-08-22,53,10.1
2017-08-23,61,14.3
2017-08-24,65,16.6
2017-08-25,72,20.4
2017-08-26,64,16.3
2017-08-27,53,10.4
2017-08-28,64,16.1
2017-08-29,74,21.5
2017-08-30,69,18.9
2017-08-31,66,16.9
2017-09-01,65,16.6
2017-09-02,67,17.5
2017-09-03,56,12.0
2017-09-04,55,11.0
2017-09-05,56,11.6
2017-09-06,61,14.4
2017-09-07,64,16.0
2017-09-08,63,15.8
2017-09-09,59,13.2
2017-09-10,58,12.7
2017-09-11,59,13.2
2017-09-12,52,9.6
2017-09-13,44,8.0
2017-09-14,37,6.7
2017-09-15,42,7.6
2017-09-16,52,9.7
2017-09-17,54,10.5
2017-09-18,56,12.0
2017-09-19,52,9.7
2017-09-20,50,9.0
2017-09-21,42,7.6
2017-09-22,41,7.4
2017-09-23,49,8.8
2017-09-24,46,8.2
2017-09-25,36,6.4
2017-09-26,58,12.6
2017-09-27,61,14.5
2017-09-28,61,14.7
2017-09-29,60,13.8
2017-09-30,74,21.7
2017-10-01,58,12.7
2017-10-02,57,12.4
2017-10-03,57,12.5
2017-10-04,56,11.9
2017-10-05,60,13.8
2017-10-06,62,15.1
2017-10-07,55,11.2
2017-10-08,61,14.5
2017-10-09,62,15.2
2017-10-10,53,10.2
2017-10-11,63,15.3
2017-10-12,69,18.5
2017-10-13,77,23.2
2017-10-14,82,25.7
2017-10-15,59,13.3
2017-10-16,53,10.2
2017-10-17,58,12.9
2017-10-18,69,18.8
2017-10-19,74,21.7
2017-10-20,49,8.8
2017-10-21,52,9.9
2017-10-22,40,7.2
2017-10-23,44,7.9
2017-10-24,43,7.7
2017-10-25,44,8.0
2017-10-26,56,11.8
2017-10-27,63,15.4
2017-10-28,84,27.0
2017-10-29,103,36.3
2017-10-30,51,9.2
2017-10-31,34,6.2
2017-11-01,29,5.3
2017-11-02,19,3.5
2017-11-03,36,6.4
2017-11-04,39,7.0
2017-11-05,28,5.1
2017-11-06,35,6.3
2017-11-07,41,7.3
2017-11-08,35,6.3
2017-11-09,24,4.3
2017-11-10,37,6.7
2017-11-11,57,12.5
2017-11-12,82,25.6
2017-11-13,71,20.0
2017-11-14,63,15.7
2017-11-15,70,19.5
2017-11-16,61,14.6
2017-11-17,34,6.1
2017-11-18,36,6.4
2017-11-19,38,6.8
2017-11-20,56,11.8
2017-11-21,55,11.4
2017-11-22,36,6.4
2017-11-23,42,7.5
2017-11-24,62,14.8
2017-11-25,71,19.8
2017-11-26,104,36.8
2017-11-27,63,15.4
2017-11-28,51,9.3
2017-11-29,57,12.1
2017-11-30,61,14.2
2017-12-01,60,14.1
2017-12-02,62,14.9
2017-12-03,71,19.7
2017-12-04,55,11.2
2017-12-05,46,8.2
2017-12-06,73,20.9
2017-12-07,53,10.2
2017-12-08,55,11.2
2017-12-09,54,10.6
2017-12-10,51,9.1
2017-12-11,52,9.8
2017-12-12,53,10.0
2017-12-13,56,11.9
2017-12-14,77,23.3
2017-12-15,61,14.5
2017-12-16,75,21.9
2017-12-17,52,9.9
2017-12-18,44,7.9
2017-12-19,66,17.2
2017-12-20,59,13.3
2017-12-21,40,7.2
2017-12-22,53,10.1
2017-12-23,58,12.7
2017-12-24,73,20.9
2017-12-25,129,46.9
2017-12-27,105,37.0
2017-12-28,66,17.3
2017-12-29,56,11.6
2017-12-30,92,30.9
2017-12-31,135,49.2
2018-01-01,155,61.4
2018-01-02,118,42.3
2018-01-03,62,14.8
2018-01-04,78,23.6
2018-01-05,64,16.3
2018-01-06,62,14.8
2018-01-07,83,26.3
2018-01-08,62,14.8
2018-01-09,24,4.4
2018-01-10,57,12.5
2018-01-11,75,22.1
2018-01-12,87,28.2
2018-01-13,50,9.0
2018-01-14,41,7.3
2018-01-16,85,27.4
2018-01-17,74,21.2
2018-01-18,69,18.7
2018-01-19,65,16.7
2018-01-20,14,2.5
2018-01-21,35,6.3
2018-01-22,50,9.0
2018-01-23,43,7.7
2018-01-24,41,7.3
2018-01-25,51,9.1
2018-01-26,47,8.4
2018-01-27,42,7.5
2018-01-28,47,8.5
2018-01-29,42,7.6
2018-01-30,38,6.8
2018-01-31,61,14.2
2018-02-01,80,24.7
2018-02-02,79,24.0
2018-02-03,79,23.9
2018-02-04,81,25.2
2018-02-05,82,25.8
2018-02-06,98,34.1
2018-02-07,56,12.0
2018-02-08,48,8.6
2018-02-09,63,15.3
2018-02-10,62,14.9
2018-02-11,60,13.7
2018-02-12,41,7.3
2018-02-13,26,4.6
2018-02-14,39,7.1
2018-02-15,52,9.7
2018-02-16,40,7.2
2018-02-17,50,9.0
2018-02-18,52,9.5
2018-02-19,16,2.9
2018-02-20,22,3.9
2018-02-21,33,6.0
2018-02-22,32,5.8
2018-02-23,17,3.1
2018-02-24,32,5.8
2018-02-25,29,5.3
2018-02-26,33,5.9
2018-02-27,27,4.8
2018-02-28,49,8.8
2018-03-01,36,6.5
2018-03-02,34,6.2
2018-03-03,31,5.5
2018-03-07,54,10.8
2018-03-08,58,12.7
2018-03-09,57,12.3
2018-03-10,54,10.8
2018-03-11,19,3.5
2018-03-13,56,11.7
2018-03-14,15,2.7
2018-03-15,16,2.9
2018-03-16,23,4.1
2018-03-17,14,2.6
2018-03-18,23,4.1
2018-03-19,30,5.4
2018-03-20,43,7.8
2018-03-21,47,8.4
2018-03-22,38,6.8
2018-03-23,24,4.3
2018-03-24,34,6.1
2018-03-25,24,4.3
2018-03-26,23,4.1
2018-03-27,32,5.7
2018-03-28,47,8.5
2018-03-29,63,15.3
2018-03-30,65,16.4
2018-03-31,75,21.8
2018-04-01,76,22.5
2018-04-02,53,10.1
2018-04-03,53,10.4
2018-04-04,76,22.4
2018-04-05,88,28.7
2018-04-06,52,9.5
2018-04-07,44,8.0
2018-04-08,53,10.4
2018-04-09,57,12.5
2018-04-10,61,14.5
2018-04-11,58,12.7
2018-04-12,28,5.1
2018-04-13,39,7.0
2018-04-14,55,11.4
2018-04-15,58,12.9
2018-04-16,40,7.2
2018-04-17,23,4.1
2018-04-18,42,7.5
2018-04-19,35,6.3
2018-04-20,54,10.7
2018-04-21,63,15.8
2018-04-22,66,17.4
2018-04-23,75,22.1
2018-04-24,82,25.9
2018-04-25,69,18.6
2018-04-26,62,15.1
2018-04-27,61,14.3
2018-04-28,57,12.1
2018-04-29,52,9.9
2018-04-30,51,9.2
2018-05-01,53,10.0
2018-05-02,52,9.4
2018-05-03,54,10.5
2018-05-04,57,12.3
2018-05-05,60,13.8
2018-05-06,60,14.1
2018-05-07,61,14.2
2018-05-08,61,14.7
2018-05-10,61,14.3
2018-05-11,44,7.9
2018-05-12,32,5.8
2018-05-13,33,6.0
2018-05-14,49,8.8
2018-05-15,39,7.0
2018-05-16,34,6.1
2018-05-17,41,7.3
2018-05-18,51,9.3
2018-05-19,55,11.2
2018-05-20,51,9.1
2018-05-21,51,9.2
2018-05-22,40,7.2
2018-05-23,34,6.2
2018-05-24,33,6.0
2018-05-25,17,3.1
2018-05-26,30,5.4
2018-05-27,52,9.8
2018-05-28,59,13.6
2018-05-29,60,14.1
2018-05-30,22,4.0
2018-05-31,36,6.5
2018-06-01,53,10.0
2018-06-02,56,11.7
2018-06-03,63,15.7
2018-06-04,64,15.9
2018-06-05,57,12.1
2018-06-07,56,11.6
2018-06-08,59,13.6
2018-06-09,60,13.9
2018-06-10,59,13.4
2018-06-11,61,14.4
2018-06-12,64,16.0
2018-06-13,60,13.7
2018-06-14,64,15.9
2018-06-15,63,15.4
2018-06-16,46,8.3
2018-06-17,32,5.8
2018-06-18,45,8.1
2018-06-19,57,12.2
2018-06-20,67,17.7
2018-06-21,66,17.3
2018-06-22,66,17.3
2018-06-23,54,10.5
2018-06-24,51,9.3
2018-06-25,55,11.0
2018-06-26,51,9.3
2018-06-27,55,11.1
2018-06-28,57,12.4
2018-06-29,55,11.2
2018-06-30,51,9.1
2018-07-01,41,7.3
2018-07-02,33,6.0
2018-07-03,41,7.3
2018-07-04,64,16.3
2018-07-05,62,15.0
2018-07-06,63,15.6
2018-07-07,64,16.0
2018-07-08,62,14.9
2018-07-09,67,17.5
2018-07-10,63,15.3
2018-07-11,57,12.4
2018-07-12,53,10.1
2018-07-13,45,8.1
2018-07-18,56,11.8
2018-07-19,52,9.9
2018-07-20,28,5.1
2018-07-21,24,4.3
2018-07-22,38,6.8
2018-07-23,57,12.4
2018-07-24,65,16.4
2018-07-25,68,18.1
2018-07-26,68,18.0
2018-07-27,65,16.8
2018-07-28,58,12.7
2018-07-29,56,11.8
2018-07-30,45,8.1
2018-07-31,49,8.8
2018-08-01,46,8.2
2018-08-02,55,11.2
2018-08-03,62,14.9
2018-08-04,62,14.8
2018-08-05,61,14.7
2018-08-06,64,15.9
2018-08-07,64,16.1
2018-08-08,55,11.2
2018-08-09,57,12.2
2018-08-10,53,10.1
2018-08-11,52,9.6
2018-08-12,48,8.7
2018-08-13,54,10.6
2018-08-15,52,9.7
2018-08-16,60,13.7
2018-08-17,63,15.7
2018-08-18,66,17.1
2018-08-19,69,19.0
2018-08-20,68,18.2
2018-08-21,69,18.6
2018-08-22,64,16.2
2018-08-23,71,19.7
2018-08-24,87,28.3
2018-08-25,90,30.0
2018-08-26,75,21.9
2018-08-27,73,20.8
2018-08-29,54,10.7
2018-08-30,58,12.9
2018-08-31,65,16.5
2018-09-01,64,16.1
2018-09-02,59,13.5
2018-09-03,55,11.5
2018-09-04,52,9.9
2018-09-05,44,7.9
2018-09-06,44,8.0
2018-09-07,59,13.6
2018-09-08,68,18.3
2018-09-09,71,19.6
2018-09-10,62,15.0
2018-09-11,60,14.1
2018-09-12,57,12.3
2018-09-13,59,13.4
2018-09-14,55,11.5
2018-09-15,60,14.1
2018-09-16,55,11.2
2018-09-17,53,10.4
2018-09-18,57,12.4
2018-09-19,62,14.8
2018-09-20,66,17.1
2018-09-21,65,16.5
2018-09-22,56,11.9
2018-09-23,54,10.8
2018-09-24,58,13.1
2018-09-25,63,15.7
2018-09-26,63,15.4
2018-09-27,69,19.0
2018-09-28,77,23.1
2018-09-29,53,10.3
2018-09-30,54,10.5
2018-10-01,48,8.7
2018-10-02,46,8.3
2018-10-03,38,6.8
2018-10-04,29,5.2
2018-10-05,35,6.3
2018-10-06,54,10.6
2018-10-07,54,10.7
2018-10-08,56,11.6
2018-10-09,52,9.9
2018-10-10,50,9.0
2018-10-11,38,6.9
2018-10-12,41,7.4
2018-10-13,30,5.4
2018-10-14,49,8.9
2018-10-15,43,7.7
2018-10-16,47,8.5
2018-10-17,47,8.4
2018-10-20,41,7.3
2018-10-21,59,13.5
2018-10-22,74,21.5
2018-10-23,77,23.3
2018-10-25,86,27.9
2018-10-26,69,18.7
2018-10-27,82,25.9
2018-10-28,91,30.5
2018-10-29,119,42.7
2018-10-30,72,20.5
2018-10-31,59,13.6
2018-11-01,55,11.0
2018-11-02,54,10.5
2018-11-03,60,13.9
2018-11-04,77,23.1
2018-11-05,74,21.7
2018-11-06,55,11.1
2018-11-07,61,14.6
2018-11-08,68,18.4
2018-11-09,54,10.8
2018-11-10,85,27.4
2018-11-11,111,39.6
2018-11-12,55,11.3
2018-11-13,53,10.0
2018-11-14,54,10.5
2018-11-15,52,9.5
2018-11-16,63,15.6
2018-11-17,80,24.8
2018-11-18,96,33.2
2018-11-19,79,24.1
2018-11-20,77,22.8
2018-11-21,79,24.2
2018-11-22,39,7.1
2018-11-23,56,11.6
2018-11-24,64,16.0
2018-11-25,56,11.9
2018-11-26,32,5.8
2018-11-27,38,6.8
2018-11-28,49,8.9
2018-11-29,27,4.8
2018-11-30,31,5.5
2018-12-01,33,5.9
2018-12-02,18,3.3
2018-12-03,44,8.0
2018-12-04,38,6.8
2018-12-06,31,5.6
2018-12-07,28,5.1
2018-12-08,42,7.5
2018-12-09,44,7.9
2018-12-10,53,10.3
2018-12-11,67,17.6
2018-12-12,74,21.6
2018-12-13,54,10.8
2018-12-14,53,10.0
2018-12-15,56,11.9
2018-12-16,65,16.7
2018-12-17,53,10.2
2018-12-18,59,13.4
2018-12-19,64,16.2
2018-12-20,60,13.8
2018-12-21,75,22.0
2018-12-22,92,30.9
2018-12-23,121,43.8
2018-12-24,120,43.2
2018-12-25,25,4.5
2018-12-26,47,8.5
2018-12-27,37,6.6
2018-12-28,19,3.4
2018-12-29,51,9.3
2018-12-30,60,13.8
2019-01-01,66,17.1
2019-01-03,51,9.2
2019-01-04,66,17.0
2019-01-05,73,20.9
2019-01-06,40,7.2
2019-01-07,43,7.8
2019-01-08,44,8.0
2019-01-09,60,13.9
2019-01-10,61,14.2
2019-01-11,83,26.5
2019-01-12,43,7.8
2019-01-13,47,8.4
2019-01-14,26,4.7
2019-01-15,24,4.4
2019-01-16,18,3.2
2019-01-17,28,5.1
2019-01-18,60,14.0
2019-01-19,45,8.1
2019-01-20,37,6.7
2019-01-21,11,2.0
2019-01-22,34,6.2
2019-01-23,41,7.4
2019-01-24,47,8.4
2019-01-25,41,7.4
2019-01-26,43,7.7
2019-01-27,45,8.1
2019-01-28,80,24.7
2019-01-29,95,32.9
2019-01-30,75,22.1
2019-01-31,64,16.3
2019-02-01,38,6.9
2019-02-02,27,4.9
2019-02-03,29,5.3
2019-02-04,26,4.7
2019-02-05,17,3.1
2019-02-06,12,2.1
2019-02-07,42,7.5
2019-02-08,54,10.5
2019-02-09,43,7.7
2019-02-10,19,3.4
2019-02-11,38,6.8
2019-02-12,44,8.0
2019-02-13,41,7.3
2019-02-14,24,4.3
2019-02-15,36,6.4
2019-02-16,19,3.4
2019-02-17,17,3.0
2019-02-18,14,2.5
2019-02-19,23,4.2
2019-02-20,41,7.3
2019-02-21,29,5.2
2019-02-22,31,5.5
2019-02-23,41,7.3
2019-02-24,48,8.7
2019-02-25,58,12.9
2019-02-26,70,19.1
2019-03-02,28,5.0
2019-03-03,17,3.0
2019-03-04,21,3.7
2019-03-05,55,11.1
2019-03-06,33,6.0
2019-03-07,22,4.0
2019-03-08,21,3.7
2019-03-09,33,6.0
2019-03-10,28,5.1
2019-03-11,28,5.0
2019-03-12,44,8.0
2019-03-13,48,8.6
2019-03-14,36,6.5
2019-03-15,29,5.3
2019-03-16,38,6.8
2019-03-17,41,7.4
2019-03-18,57,12.5
2019-03-19,65,16.4
2019-03-20,33,6.0
2019-03-21,34,6.2
2019-03-22,32,5.7
2019-03-23,45,8.1
2019-03-24,49,8.8
2019-03-25,55,11.0
2019-03-26,54,10.6
2019-03-27,41,7.4
2019-03-28,29,5.2
2019-03-29,46,8.2
2019-03-30,47,8.4
2019-03-31,44,8.0
2019-04-01,47,8.4
2019-04-02,48,8.6
2019-04-03,18,3.3
2019-04-04,18,3.2
2019-04-05,13,2.3
2019-04-06,26,4.7
2019-04-07,52,9.5
2019-04-08,56,11.6
2019-04-09,50,9.0
2019-04-10,13,2.3
2019-04-11,53,10.1
2019-04-12,51,9.3
2019-04-13,53,10.4
2019-04-14,56,11.7
2019-04-15,55,11.2
2019-04-16,46,8.2
2019-04-17,52,9.4
2019-04-18,59,13.4
2019-04-19,71,20.1
2019-04-20,48,8.7
2019-04-21,38,6.9
2019-04-22,61,14.4
2019-04-23,71,19.6
2019-04-24,69,18.7
2019-04-25,72,20.4
2019-04-26,73,21.0
2019-04-27,68,18.0
2019-04-28,55,11.5
2019-04-29,37,6.6
2019-04-30,32,5.8
2019-05-01,50,9.0
2019-05-02,61,14.7
2019-05-03,65,16.4
2019-05-04,65,16.7
2019-05-05,55,11.0
2019-05-06,26,4.7
2019-05-07,23,4.1
2019-05-08,26,4.7
2019-05-09,31,5.6
2019-05-10,26,4.7
2019-05-11,32,5.7
2019-05-12,49,8.8
2019-05-13,55,11.0
2019-05-14,64,15.9
2019-05-15,54,10.8
2019-05-16,37,6.7
2019-05-17,47,8.5
2019-05-18,52,9.8
2019-05-19,24,4.4
2019-05-20,28,5.0
2019-05-21,41,7.3
2019-05-22,40,7.2
2019-05-23,54,10.8
2019-05-24,43,7.8
2019-05-25,48,8.7
2019-05-26,30,5.4
2019-05-27,32,5.7
2019-05-28,46,8.3
2019-05-29,55,11.1
2019-05-30,71,19.6
2019-05-31,69,18.9
2019-06-01,48,8.7
2019-06-02,33,5.9
2019-06-03,51,9.3
2019-06-04,64,16.0
2019-06-05,64,16.2
2019-06-06,54,10.8
2019-06-07,48,8.7
2019-06-08,53,10.1
2019-06-09,58,12.7
2019-06-10,56,11.7
2019-06-11,58,12.8
2019-06-12,61,14.4
2019-06-13,64,16.3
2019-06-14,55,11.1
2019-06-15,53,10.3
2019-06-16,55,11.0
2019-06-17,39,7.0
2019-06-18,49,8.8
2019-06-19,48,8.7
2019-06-20,43,7.8
2019-06-21,17,3.1
2019-06-22,32,5.8
2019-06-23,49,8.8
2019-06-24,56,11.7
2019-06-25,51,9.3
2019-06-26,39,7.1
2019-06-27,52,9.4
2019-06-28,53,10.2
2019-06-29,54,10.7
2019-06-30,57,12.2
2019-07-01,58,13.0
2019-07-02,61,14.2
2019-07-03,61,14.3
2019-07-04,78,23.5
2019-07-05,87,28.3
2019-07-06,63,15.6
2019-07-07,55,11.4
2019-07-08,53,10.2
2019-07-09,56,11.6
2019-07-10,57,12.3
2019-07-11,60,14.1
2019-07-12,60,14.1
2019-07-13,66,17.4
2019-07-14,64,15.9
2019-07-15,65,16.6
2019-07-16,66,17.3
2019-07-17,57,12.3
2019-07-18,55,11.4
2019-07-19,42,7.5
2019-07-20,48,8.7
2019-07-21,42,7.6
2019-07-22,56,11.7
2019-07-23,53,10.4
2019-07-24,55,11.3
2019-07-25,62,14.8
2019-07-26,62,15.0
2019-07-27,58,13.0
2019-07-28,59,13.3
2019-07-29,62,15.1
2019-07-30,60,14.1
2019-07-31,61,14.2
2019-08-01,56,11.6
2019-08-02,55,11.2
2019-08-03,58,12.8
2019-08-04,54,10.5
2019-08-05,53,10.4
2019-08-06,58,12.7
2019-08-07,58,13.1
2019-08-08,59,13.4
2019-08-09,58,12.8
2019-08-10,51,9.3
2019-08-11,41,7.4
2019-08-12,53,10.4
2019-08-13,60,14.0
2019-08-14,56,12.0
2019-08-15,55,11.4
2019-08-16,57,12.2
2019-08-17,39,7.1
2019-08-18,37,6.7
2019-08-19,53,10.2
2019-08-20,53,10.2
2019-08-21,56,11.7
2019-08-22,58,12.9
2019-08-23,55,11.5
2019-08-24,54,10.7
2019-08-25,52,9.4
2019-08-26,54,10.8
2019-08-27,53,10.3
2019-08-28,56,11.9
2019-08-30,57,12.2
2019-08-31,58,12.9
2019-09-01,60,13.7
2019-09-02,56,11.6
2019-09-03,54,10.7
2019-09-04,53,10.4
2019-09-05,55,11.2
2019-09-06,54,10.5
2019-09-07,52,9.7
2019-09-08,52,9.5
2019-09-09,56,11.6
2019-09-10,54,10.5
2019-09-11,55,11.5
2019-09-12,58,12.6
2019-09-13,56,11.9
2019-09-14,60,13.7
2019-09-15,65,16.6
2019-09-16,59,13.3
2019-09-17,53,10.0
2019-09-18,53,10.0
2019-09-19,45,8.1
2019-09-20,52,9.5
2019-09-21,56,11.9
2019-09-22,59,13.3
2019-09-23,59,13.3
2019-09-24,59,13.5
2019-09-25,55,11.3
2019-09-26,52,9.4
2019-09-27,41,7.4
2019-09-28,26,4.6
2019-09-29,40,7.2
2019-09-30,47,8.5
2019-10-01,52,9.5
2019-10-02,53,10.2
2019-10-03,56,12.0
2019-10-04,54,10.9
2019-10-05,59,13.2
2019-10-06,61,14.5
2019-10-07,58,13.0
2019-10-08,58,12.8
2019-10-09,59,13.2
2019-10-10,57,12.5
2019-10-11,53,10.4
2019-10-12,70,19.5
2019-10-13,64,16.0
2019-10-14,60,13.7
2019-10-15,62,15.1
2019-10-16,57,12.4
2019-10-17,60,13.8
2019-10-18,54,10.6
2019-10-19,55,11.2
2019-10-20,52,9.6
2019-10-21,39,7.0
2019-10-22,48,8.7
2019-10-23,57,12.4
2019-10-24,57,12.4
2019-10-25,51,9.3
2019-10-26,47,8.5
2019-10-27,57,12.1
2019-10-28,62,14.9
2019-10-29,58,12.8
2019-10-30,52,9.9
2019-10-31,49,8.9
2019-11-01,51,9.2
2019-11-02,69,18.7
2019-11-03,69,18.8
2019-11-04,66,17.3
2019-11-05,68,18.2
2019-11-06,83,26.5
2019-11-07,121,43.5
2019-11-08,63,15.6
2019-11-09,51,9.1
2019-11-10,76,22.4
2019-11-11,93,31.7
2019-11-12,84,27.0
2019-11-13,94,32.1
2019-11-14,87,28.5
2019-11-15,79,24.0
2019-11-16,64,16.2
2019-11-17,48,8.7
2019-11-18,38,6.9
2019-11-19,57,12.3
2019-11-20,33,5.9
2019-11-21,41,7.4
2019-11-22,55,11.2
2019-11-23,51,9.2
2019-11-24,52,9.7
2019-11-25,60,13.7
2019-11-26,56,11.8
2019-11-27,36,6.4
2019-11-28,12,2.2
2019-11-29,31,5.6
2019-11-30,34,6.2
2019-12-01,31,5.6
2019-12-02,51,9.2
2019-12-03,60,14.0
2019-12-04,44,8.0
2019-12-05,45,8.1
2019-12-06,52,9.8
2019-12-07,33,5.9
2019-12-08,50,9.0
2019-12-09,54,10.7
2019-12-10,57,12.5
2019-12-11,56,12.0
2019-12-12,83,26.5
2019-12-13,96,33.4
2019-12-14,90,29.8
2019-12-15,22,4.0
2019-12-16,33,5.9
2019-12-17,33,5.9
2019-12-18,39,7.0
2019-12-19,61,14.7
2019-12-20,40,7.2
2019-12-21,53,10.4
2019-12-22,48,8.7
2019-12-23,26,4.6
2019-12-24,46,8.3
2019-12-25,32,5.7
2019-12-26,24,4.3
2019-12-27,41,7.4
2019-12-28,55,11.0
2019-12-29,62,15.1
2019-12-30,53,10.2
2019-12-31,54,10.7
2020-01-01,66,17.4
2020-01-02,66,17.3
2020-01-03,57,12.4
2020-01-04,72,20.5
2020-01-05,62,15.2
2020-01-06,42,7.5
2020-01-07,36,6.4
2020-01-08,60,14.0
2020-01-10,57,12.2
2020-01-11,65,16.7
2020-01-12,67,17.5
2020-01-13,73,20.9
2020-01-14,71,20.1
2020-01-15,97,33.8
2020-01-16,83,26.5
2020-01-17,37,6.6
2020-01-18,33,6.0
2020-01-19,43,7.8
2020-01-20,67,17.5
2020-01-21,43,7.8
2020-01-22,61,14.2
2020-01-23,53,10.3
2020-01-24,59,13.5
2020-01-25,99,34.8
2020-01-26,130,47.3
2020-01-27,76,22.7
2020-01-28,59,13.5
2020-01-29,38,6.9
2020-01-30,43,7.8
2020-01-31,51,9.1
2020-02-01,44,7.9
2020-02-02,54,10.5
2020-02-03,17,3.0
2020-02-04,39,7.0
2020-02-05,30,5.4
2020-02-06,54,10.9
2020-02-08,76,22.5
2020-02-09,59,13.3
2020-02-10,35,6.3
2020-02-11,40,7.2
2020-02-12,50,9.0
2020-02-13,58,13.0
2020-02-14,64,16.3
2020-02-15,67,17.5
2020-02-16,66,17.4
2020-02-17,74,21.4
2020-02-18,77,23.3
2020-02-19,85,27.3
2020-02-20,63,15.6
2020-02-21,54,10.9
2020-02-22,31,5.6
2020-02-23,51,9.2
2020-02-24,60,13.9
2020-02-25,52,9.8
2020-02-26,44,8.0
2020-02-27,42,7.5
2020-02-28,31,5.6
2020-02-29,46,8.3
2020-03-01,38,6.9
2020-03-02,24,4.4
2020-03-03,37,6.6
2020-03-04,61,14.3
2020-03-05,62,15.1
2020-03-06,71,19.9
2020-03-07,18,3.3
2020-03-08,14,2.5
2020-03-09,19,3.4
2020-03-10,20,3.6
2020-03-11,21,3.8
2020-03-12,39,7.0
2020-03-13,29,5.2
2020-03-14,34,6.1
2020-03-15,24,4.3
2020-03-16,32,5.8
2020-03-17,22,3.9
2020-03-18,25,4.5
2020-03-19,26,4.6
2020-03-20,21,3.7
2020-03-21,17,3.0
2020-03-22,19,3.5
2020-03-23,14,2.6
2020-03-24,21,3.7
2020-03-25,13,2.4
2020-03-26,16,2.8
2020-03-27,29,5.3
2020-03-28,37,6.7
2020-03-29,46,8.3
2020-03-30,38,6.9
2020-03-31,51,9.2
2020-04-01,53,10.2
2020-04-02,52,9.7
2020-04-03,53,10.3
2020-04-04,54,10.5
2020-04-05,18,3.2
2020-04-06,9,1.7
2020-04-07,18,3.2
2020-04-08,14,2.5
2020-04-09,10,1.8
2020-04-10,14,2.5
2020-04-11,34,6.1
2020-04-12,31,5.5
2020-04-13,23,4.2
2020-04-14,45,8.1
2020-04-15,41,7.3
2020-04-16,53,10.2
2020-04-17,31,5.5
2020-04-18,28,5.0
2020-04-19,29,5.3
2020-04-20,43,7.7
2020-04-21,51,9.2
2020-04-22,52,9.5
2020-04-23,60,14.0
2020-04-24,56,11.8
2020-04-25,57,12.2
2020-04-26,62,15.2
2020-04-27,57,12.4
2020-04-28,61,14.4
2020-04-29,69,18.7
2020-04-30,63,15.5
2020-05-01,54,10.8
2020-05-02,53,10.4
2020-05-03,52,9.4
2020-05-04,60,14.0
2020-05-05,59,13.5
2020-05-06,57,12.3
2020-05-07,62,15.2
2020-05-08,71,19.6
2020-05-09,67,17.7
2020-05-10,58,12.8
2020-05-11,48,8.6
2020-05-12,29,5.2
2020-05-13,37,6.7
2020-05-14,48,8.7
2020-05-15,52,9.5
2020-05-16,54,10.8
2020-05-17,52,9.6
2020-05-18,19,3.5
2020-05-19,31,5.5
2020-05-20,39,7.1
2020-05-21,52,9.8
2020-05-22,55,11.4
2020-05-23,56,11.9
2020-05-24,65,16.5
2020-05-25,67,17.9
2020-05-26,62,15.0
2020-05-27,60,14.0
2020-05-28,52,9.5
2020-05-29,28,5.0
2020-05-30,24,4.4
2020-05-31,42,7.5
2020-06-01,52,9.8
2020-06-02,57,12.2
2020-06-03,58,12.9
2020-06-04,58,12.6
2020-06-05,33,6.0
2020-06-06,38,6.8
2020-06-07,43,7.7
2020-06-08,24,4.4
2020-06-09,21,3.7
2020-06-10,50,9.0
2020-06-11,55,11.0
2020-06-12,51,9.2
2020-06-13,47,8.4
2020-06-14,52,9.5
2020-06-15,53,10.2
2020-06-16,48,8.7
2020-06-17,46,8.3
2020-06-18,48,8.7
2020-06-19,53,10.2
2020-06-20,44,7.9
2020-06-21,46,8.3
2020-06-22,54,10.6
2020-06-23,55,11.0
2020-06-24,53,10.4
2020-06-25,47,8.4
2020-06-26,38,6.9
2020-06-27,52,9.9
2020-06-28,19,3.5
2020-06-29,31,5.5
2020-06-30,50,9.0
2020-07-01,55,11.0
2020-07-02,49,8.9
2020-07-03,54,10.8
2020-07-04,175,90.2
2020-07-05,250,175.0
2020-07-06,69,18.5
2020-07-07,66,17.4
2020-07-08,65,16.8
2020-07-09,66,17.4
2020-07-10,61,14.5
2020-07-11,55,11.0
2020-07-12,57,12.5
2020-07-13,64,16.3
2020-07-14,60,13.9
2020-07-15,51,9.1
2020-07-16,41,7.3
2020-07-17,35,6.3
2020-07-18,27,4.8
2020-07-19,36,6.5
2020-07-20,45,8.1
2020-07-21,51,9.2
2020-07-22,47,8.5
2020-07-23,43,7.8
2020-07-24,40,7.2
2020-07-25,52,9.4
2020-07-26,50,9.0
2020-07-27,52,9.7
2020-07-28,52,9.8
2020-07-29,54,10.6
2020-07-30,53,10.4
2020-07-31,61,14.3
2020-08-01,65,16.4
2020-08-02,63,15.5
2020-08-03,65,16.4
2020-08-04,58,12.9
2020-08-05,53,10.1
2020-08-06,52,9.9
2020-08-07,52,9.9
2020-08-08,58,12.6
2020-08-09,53,10.0
2020-08-10,47,8.4
2020-08-11,43,7.8
2020-08-12,51,9.3
2020-08-13,48,8.7
2020-08-14,57,12.2
2020-08-15,64,16.2
2020-08-16,59,13.4
2020-08-17,62,15.2
2020-08-18,66,16.9
2020-08-19,63,15.3
2020-08-20,63,15.3
2020-08-21,68,18.1
2020-08-22,76,22.5
2020-08-23,68,18.0
2020-08-24,56,11.7
2020-08-25,53,10.3
2020-08-26,55,11.1
2020-08-27,65,16.8
2020-08-28,58,12.6
2020-08-29,49,8.9
2020-08-30,52,9.5
2020-08-31,51,9.2
2020-09-01,48,8.6
2020-09-02,52,9.7
2020-09-03,62,15.1
2020-09-04,70,19.2
2020-09-05,77,23.0
2020-09-06,63,15.7
2020-09-07,67,17.8
2020-09-08,60,13.7
2020-09-09,61,14.3
2020-09-10,93,31.5
2020-09-11,134,48.7
2020-09-12,149,55.0
2020-09-13,130,47.1
2020-09-14,152,56.9
2020-09-15,152,56.7
2020-09-16,102,36.0
2020-09-17,78,23.5
2020-09-18,79,24.0
2020-09-19,62,14.8
2020-09-20,65,16.4
2020-09-21,65,16.5
2020-09-22,64,15.9
2020-09-23,62,15.1
2020-09-24,66,17.3
2020-09-26,62,15.2
2020-09-27,61,14.4
2020-09-28,65,16.8
2020-09-29,57,12.5
2020-09-30,59,13.3
2020-10-01,73,21.1
2020-10-02,75,22.2
2020-10-03,83,26.2
2020-10-04,110,39.2
2020-10-05,118,42.5
2020-10-06,96,33.5
2020-10-07,84,26.8
2020-10-08,71,20.0
2020-10-09,66,17.2
2020-10-10,57,12.4
2020-10-11,53,10.2
2020-10-12,60,13.9
2020-10-13,60,13.7
2020-10-14,66,16.9
2020-10-15,70,19.2
2020-10-16,66,17.2
2020-10-17,65,16.6
2020-10-18,73,21.1
2020-10-19,68,18.3
2020-10-20,83,26.4
2020-10-21,99,34.6
2020-10-22,55,11.1
2020-10-23,52,9.5
2020-10-24,41,7.3
2020-10-25,34,6.2
2020-10-26,82,26.0
2020-10-27,86,28.0
2020-10-28,70,19.5
2020-10-29,73,21.1
2020-10-30,64,16.2
2020-10-31,74,21.2
2020-11-01,73,20.8
2020-11-02,80,24.7
2020-11-03,111,39.6
2020-11-04,75,22.0
2020-11-05,57,12.5
2020-11-06,58,12.6
2020-11-07,31,5.5
2020-11-08,39,7.1
2020-11-09,43,7.7
2020-11-10,44,7.9
2020-11-11,57,12.5
2020-11-12,59,13.6
2020-11-13,66,17.0
2020-11-14,69,18.8
2020-11-15,52,9.7
2020-11-16,39,7.0
2020-11-17,63,15.4
2020-11-18,57,12.5
2020-11-19,63,15.4
2020-11-20,62,15.2
2020-11-21,61,14.5
2020-11-22,79,24.2
2020-11-23,86,27.7
2020-11-24,70,19.3
2020-11-25,68,18.2
2020-11-26,66,17.4
2020-11-27,52,9.6
2020-11-28,52,9.9
2020-11-29,48,8.6
2020-11-30,47,8.5
2020-12-01,55,11.3
2020-12-02,69,18.5
2020-12-03,56,11.6
2020-12-04,52,9.8
2020-12-05,66,17.2
2020-12-06,63,15.3
2020-12-07,63,15.5
2020-12-08,54,10.9
2020-12-09,57,12.3
2020-12-10,61,14.6
2020-12-11,71,19.8
2020-12-12,77,22.8
2020-12-13,49,8.9
2020-12-14,39,7.0
2020-12-15,39,7.0
2020-12-16,42,7.6
2020-12-17,57,12.4
2020-12-18,54,10.9
2020-12-19,54,10.8
2020-12-20,49,8.8
2020-12-21,43,7.7
2020-12-22,66,17.4
2020-12-23,78,23.5
2020-12-24,39,7.0
2020-12-25,38,6.8
2020-12-26,59,13.5
2020-12-27,71,19.6
2020-12-28,16,2.8
2020-12-29,38,6.9
2020-12-30,47,8.5
2020-12-31,50,9.0
2021-01-01,69,18.5
2021-01-02,58,12.9
2021-01-03,70,19.5
2021-01-04,70,19.2
2021-01-05,84,26.9
2021-01-06,62,15.0
2021-01-07,63,15.3
2021-01-08,71,20.1
2021-01-09,66,17.3
2021-01-10,39,7.1
2021-01-11,46,8.2
2021-01-12,53,10.2
2021-01-13,52,9.7
2021-01-14,54,10.9
2021-01-15,55,11.2
2021-01-16,58,13.0
2021-01-17,52,9.5
2021-01-18,61,14.4
2021-01-19,46,8.2
2021-01-20,40,7.2
2021-01-21,44,8.0
2021-01-22,42,7.5
2021-01-23,36,6.5
2021-01-24,52,9.7
2021-01-25,14,2.6
2021-01-26,31,5.5
2021-01-27,35,6.3
2021-01-28,37,6.6
2021-01-29,23,4.2
2021-01-30,45,8.1
2021-01-31,41,7.4
2021-02-01,45,8.1
2021-02-02,54,10.5
2021-02-03,52,9.7
2021-02-04,61,14.6
2021-02-05,55,11.3
2021-02-06,66,17.1
2021-02-07,80,24.5
2021-02-08,83,26.2
2021-02-09,64,15.9
2021-02-10,72,20.3
2021-02-11,76,22.3
2021-02-12,51,9.1
2021-02-13,44,7.9
2021-02-14,12,2.1
2021-02-15,52,9.7
2021-02-16,37,6.6
2021-02-17,33,6.0
2021-02-18,43,7.8
2021-02-19,50,9.0
2021-02-20,49,8.8
2021-02-21,36,6.5
2021-02-22,35,6.3
2021-02-23,42,7.6
2021-02-24,55,11.3
2021-02-25,60,14.0
2021-02-26,52,9.4
2021-02-27,55,11.2
2021-02-28,52,9.9
2021-03-01,31,5.5
2021-03-02,37,6.7
2021-03-03,52,9.9
2021-03-04,46,8.2
2021-03-05,53,10.1
2021-03-06,56,11.7
2021-03-07,46,8.2
2021-03-08,36,6.5
2021-03-09,38,6.8
2021-03-10,14,2.5
2021-03-11,17,3.0
2021-03-12,32,5.8
2021-03-13,54,10.7
2021-03-14,53,10.3
2021-03-15,19,3.5
2021-03-16,26,4.7
2021-03-17,53,10.0
2021-03-18,57,12.2
2021-03-19,51,9.2
2021-03-20,46,8.2
2021-03-21,44,7.9
2021-03-22,48,8.7
2021-03-23,40,7.2
2021-03-24,26,4.6
2021-03-25,43,7.8
2021-03-26,45,8.1
2021-03-27,56,12.0
2021-03-28,46,8.2
2021-03-29,55,11.2
2021-03-30,63,15.5
2021-03-31,57,12.2
2021-04-01,50,9.0
2021-04-02,59,13.4
2021-04-03,72,20.3
2021-04-04,62,15.0
2021-04-05,56,11.9
2021-04-06,58,12.8
2021-04-07,60,13.7
2021-04-08,60,14.0
2021-04-09,65,16.7
2021-04-10,67,17.5
2021-04-11,72,20.5
2021-04-12,68,18.4
2021-04-13,59,13.3
2021-04-14,56,11.8
2021-04-15,61,14.7
2021-04-16,62,15.0
2021-04-17,65,16.7
2021-04-18,44,8.0
2021-04-19,55,11.4
2021-04-20,62,15.2
2021-04-21,52,9.6
2021-04-22,41,7.3
2021-04-23,48,8.7
2021-04-24,49,8.9
2021-04-25,34,6.1
2021-04-26,18,3.3
2021-04-27,32,5.8
2021-04-28,49,8.9
2021-04-29,55,11.5
2021-04-30,60,13.9
2021-05-01,64,15.9
2021-05-02,55,11.2
2021-05-03,61,14.7
2021-05-04,66,17.4
2021-05-05,66,17.4
2021-05-06,64,16.1
2021-05-07,55,11.0
2021-05-08,54,10.7
2021-05-09,61,14.6
2021-05-10,58,12.7
2021-05-11,56,11.9
2021-05-12,53,10.2
2021-05-13,52,9.4
2021-05-14,51,9.1
2021-05-15,36,6.5
2021-05-16,19,3.5
2021-05-17,29,5.2
2021-05-18,41,7.4
2021-05-19,52,9.8
2021-05-20,55,11.4
2021-05-21,50,9.0
2021-05-22,48,8.7
2021-05-23,54,10.7
2021-05-24,54,10.8
2021-05-25,57,12.2
2021-05-26,62,14.8
2021-05-27,60,13.8
2021-05-28,59,13.2
2021-05-29,55,11.2
2021-05-30,55,11.0
2021-05-31,56,12.0
2021-06-01,58,13.0
2021-06-02,52,9.9
2021-06-03,53,10.4
2021-06-04,47,8.5
2021-06-05,43,7.7
2021-06-06,33,6.0
2021-06-07,23,4.2
2021-06-08,33,6.0
2021-06-09,44,8.0
2021-06-10,46,8.2
2021-06-11,57,12.1
2021-06-12,57,12.2
2021-06-13,53,10.2
2021-06-14,52,9.5
2021-06-15,58,12.7
2021-06-16,63,15.6
2021-06-17,62,15.1
2021-06-18,63,15.6
2021-06-19,55,11.3
2021-06-20,48,8.7
2021-06-21,53,10.3
2021-06-22,36,6.5
2021-06-23,40,7.2
2021-06-24,24,4.3
2021-06-25,33,6.0
2021-06-26,54,10.8
2021-06-27,60,13.7
2021-06-28,61,14.3
2021-06-29,54,10.5
2021-06-30,52,9.9
2021-07-01,51,9.3
2021-07-02,52,9.7
2021-07-03,53,10.0
2021-07-04,125,45.2
2021-07-05,65,16.6
2021-07-06,52,9.6
2021-07-07,56,11.8
2021-07-08,59,13.3
2021-07-09,58,12.8
2021-07-10,61,14.3
2021-07-11,62,15.0
2021-07-12,57,12.1
2021-07-13,56,12.0
2021-07-14,52,9.6
2021-07-15,47,8.4
2021-07-16,45,8.1
2021-07-17,51,9.1
2021-07-18,52,9.8
2021-07-19,55,11.0
2021-07-20,55,11.0
2021-07-21,62,15.1
2021-07-22,68,18.2
2021-07-23,68,18.4
2021-07-24,63,15.7
2021-07-25,56,11.6
2021-07-26,53,10.2
2021-07-27,46,8.2
2021-07-28,45,8.1
2021-07-29,53,10.2
2021-07-30,53,10.0
2021-07-31,49,8.9
2021-08-01,49,8.9
2021-08-02,54,10.5
2021-08-03,55,11.0
2021-08-04,57,12.5
2021-08-05,61,14.5
2021-08-06,62,15.0
2021-08-07,60,14.0
2021-08-08,60,14.0
2021-08-09,57,12.4
2021-08-10,49,8.9
2021-08-11,53,10.0
2021-08-12,55,11.0
2021-08-13,53,10.3
2021-08-14,56,12.0
2021-08-15,55,11.2
2021-08-16,56,12.0
2021-08-17,55,11.2
2021-08-18,40,7.2
2021-08-19,33,5.9
2021-08-20,37,6.7
2021-08-21,43,7.7
2021-08-22,58,12.9
2021-08-23,60,13.9
2021-08-24,55,11.3
2021-08-25,60,14.1
2021-08-26,71,19.6
2021-08-27,66,17.4
2021-08-28,59,13.6
2021-08-29,60,13.7
2021-08-30,66,17.0
2021-08-31,73,20.7
2021-09-01,61,14.5
2021-09-02,58,13.1
2021-09-03,61,14.5
2021-09-04,62,15.0
2021-09-05,60,14.0
2021-09-06,69,18.6
2021-09-07,63,15.7
2021-09-08,61,14.7
2021-09-09,53,10.3
2021-09-10,52,9.4
2021-09-11,56,11.8
2021-09-12,61,14.2
2021-09-13,57,12.5
2021-09-14,61,14.7
2021-09-15,63,15.7
2021-09-16,61,14.6
2021-09-17,54,10.7
2021-09-18,51,9.2
2021-09-19,58,12.6
2021-09-20,58,13.1
2021-09-21,60,13.7
2021-09-22,54,10.8
2021-09-23,58,12.9
2021-09-25,54,10.5
2021-09-26,56,11.7
2021-09-27,52,9.9
2021-09-28,40,7.2
2021-09-29,52,9.7
2021-09-30,57,12.2
2021-10-01,55,11.2
2021-10-02,55,11.5
2021-10-03,56,12.0
2021-10-04,55,11.0
2021-10-05,43,7.7
2021-10-06,56,12.0
2021-10-07,52,9.7
2021-10-08,26,4.6
2021-10-09,44,8.0
2021-10-10,56,11.9
2021-10-11,62,14.8
2021-10-12,43,7.7
2021-10-13,55,11.3
2021-10-14,59,13.6
2021-10-15,52,9.7
2021-10-16,49,8.8
2021-10-17,53,10.2
2021-10-18,32,5.7
2021-10-19,46,8.3
2021-10-20,49,8.8
2021-10-21,53,10.4
2021-10-22,61,14.6
2021-10-23,44,7.9
2021-10-24,39,7.0
2021-10-25,33,5.9
2021-10-26,41,7.4
2021-10-27,44,8.0
2021-10-28,44,7.9
2021-10-29,56,11.7
2021-10-30,77,23.2
2021-10-31,70,19.4
2021-11-01,77,22.9
2021-11-02,71,19.9
2021-11-03,79,24.3
2021-11-04,96,33.3
2021-11-05,123,44.4
2021-11-06,155,61.0
2021-11-07,149,55.1
2021-11-08,87,28.4
2021-11-09,66,17.0
2021-11-10,76,22.3
2021-11-11,43,7.8
2021-11-12,39,7.0
2021-11-13,43,7.8
2021-11-14,58,13.1
2021-11-15,62,15.1
2021-11-16,93,31.4
2021-11-17,87,28.6
2021-11-18,89,29.4
2021-11-19,121,43.8
2021-11-20,140,51.3
2021-11-21,55,11.3
2021-11-22,32,5.8
2021-11-23,47,8.5
2021-11-24,54,10.5
2021-11-25,53,10.3
2021-11-26,50,9.0
2021-11-27,59,13.6
2021-11-28,66,17.1
2021-11-29,71,19.9
2021-11-30,108,38.2
2021-12-01,125,45.4
2021-12-02,124,44.8
2021-12-03,153,59.0
2021-12-04,134,48.7
2021-12-05,130,47.2
2021-12-06,114,40.9
2021-12-07,76,22.6
2021-12-08,74,21.5
2021-12-09,24,4.4
2021-12-10,51,9.1
2021-12-11,42,7.5
2021-12-12,55,11.5
2021-12-13,64,16.0
2021-12-14,17,3.0
2021-12-15,38,6.9
2021-12-16,56,12.0
2021-12-17,57,12.1
2021-12-18,46,8.2
2021-12-19,65,16.4
2021-12-20,76,22.4
2021-12-21,60,13.7
2021-12-22,77,23.1
2021-12-23,56,11.7
2021-12-24,33,5.9
2021-12-25,52,9.7
2021-12-26,29,5.3
2021-12-27,47,8.5
2021-12-28,41,7.3
2021-12-29,34,6.2
2021-12-30,18,3.3
2021-12-31,52,9.5
2022-01-01,55,11.4
2022-01-02,39,7.0
2022-01-03,47,8.4
2022-01-04,66,16.9
2022-01-05,80,24.8
2022-01-06,75,22.0
2022-01-07,97,33.7
2022-01-08,66,17.4
2022-01-09,57,12.3
2022-01-10,27,4.9
2022-01-11,31,5.6
2022-01-12,46,8.2
2022-01-13,64,16.3
2022-01-14,71,19.7
2022-01-15,51,9.3
2022-01-16,38,6.9
2022-01-17,59,13.2
2022-01-18,62,15.2
2022-01-19,72,20.6
2022-01-20,50,9.0
2022-01-21,39,7.0
2022-01-22,25,4.5
2022-01-23,38,6.9
2022-01-24,52,9.4
2022-01-25,65,16.7
2022-01-26,56,11.9
2022-01-27,49,8.9
2022-01-28,44,8.0
2022-01-29,48,8.7
2022-01-30,55,11.3
2022-01-31,77,23.2
2022-02-01,75,21.9
2022-02-02,58,12.7
2022-02-03,52,9.4
2022-02-04,54,10.6
2022-02-05,53,10.2
2022-02-06,55,11.1
2022-02-07,42,7.6
2022-02-08,50,9.0
2022-02-09,47,8.4
2022-02-10,46,8.3
2022-02-11,52,9.8
2022-02-12,48,8.7
2022-02-13,42,7.5
2022-02-14,57,12.2
2022-02-15,39,7.0
2022-02-16,40,7.2
2022-02-17,40,7.2
2022-02-18,40,7.2
2022-02-19,51,9.1
2022-02-20,69,19.0
2022-02-21,53,10.0
2022-02-22,29,5.2
2022-02-23,13,2.4
2022-02-24,28,5.1
2022-02-25,51,9.1
2022-02-26,46,8.3
2022-02-27,33,6.0
2022-02-28,42,7.6
2022-03-01,39,7.1
2022-03-02,56,12.0
2022-03-03,67,17.7
2022-03-04,30,5.4
2022-03-05,34,6.2
2022-03-06,39,7.1
2022-03-07,48,8.7
2022-03-08,39,7.1
2022-03-09,52,9.5
2022-03-10,60,13.9
2022-03-11,49,8.9
2022-03-12,40,7.2
2022-03-13,55,11.0
2022-03-14,57,12.1
2022-03-15,59,13.4
2022-03-16,51,9.1
2022-03-17,53,10.3
2022-03-18,55,11.5
2022-03-19,56,11.8
2022-03-20,14,2.6
2022-03-21,55,11.1
2022-03-22,52,9.9
2022-03-23,40,7.2
2022-03-24,52,9.6
2022-03-25,57,12.2
2022-03-26,65,16.7
2022-03-27,42,7.5
2022-03-28,27,4.9
2022-03-29,34,6.2
2022-03-30,51,9.3
2022-03-31,53,10.1
2022-04-01,56,12.0
2022-04-02,57,12.4
2022-04-03,52,9.7
2022-04-04,60,13.8
2022-04-05,62,15.0
2022-04-06,61,14.7
2022-04-07,56,11.9
2022-04-08,52,9.5
2022-04-09,68,18.4
2022-04-10,72,20.2
2022-04-11,61,14.2
2022-04-12,21,3.8
2022-04-13,47,8.5
2022-04-14,53,10.0
2022-04-15,49,8.8
2022-04-16,31,5.5
2022-04-17,42,7.5
2022-04-18,53,10.0
2022-04-19,47,8.5
2022-04-20,36,6.4
2022-04-21,33,5.9
2022-04-22,33,5.9
2022-04-23,52,9.4
2022-04-24,34,6.1
2022-04-25,42,7.5
2022-04-26,60,14.1
2022-04-27,69,18.8
2022-04-28,63,15.3
2022-04-29,62,14.9
2022-04-30,63,15.7
2022-05-01,65,16.8
2022-05-02,61,14.5
2022-05-03,58,12.8
2022-05-04,64,16.0
2022-05-05,66,17.4
2022-05-06,58,12.8
2022-05-07,56,11.6
2022-05-08,55,11.4
2022-05-09,53,10.0
2022-05-10,47,8.5
2022-05-11,29,5.2
2022-05-12,37,6.7
2022-05-13,52,9.5
2022-05-14,56,11.6
2022-05-15,65,16.5
2022-05-16,60,13.7
2022-05-17,58,12.7
2022-05-18,63,15.7
2022-05-19,66,17.0
2022-05-20,31,5.6
2022-05-21,35,6.3
2022-05-22,56,11.9
2022-05-23,65,16.5
2022-05-24,67,17.9
2022-05-25,70,19.5
2022-05-26,59,13.2
2022-05-27,40,7.2
2022-05-28,38,6.9
2022-05-29,43,7.7
2022-05-30,58,12.6
2022-05-31,64,16.3
2022-06-01,69,19.0
2022-06-02,69,18.9
2022-06-03,58,13.0
2022-06-04,51,9.3
2022-06-05,40,7.2
2022-06-06,41,7.3
2022-06-07,56,11.8
2022-06-08,58,13.0
2022-06-09,66,16.9
2022-06-10,63,15.6
2022-06-11,52,9.9
2022-06-12,55,11.3
2022-06-13,35,6.3
2022-06-14,55,11.0
2022-06-15,63,15.8
2022-06-16,66,17.4
2022-06-17,53,10.2
2022-06-18,45,8.1
2022-06-19,51,9.3
2022-06-20,57,12.4
2022-06-21,66,17.0
2022-06-22,65,16.4
2022-06-23,58,12.7
2022-06-24,57,12.1
2022-06-25,56,11.6
2022-06-26,59,13.5
2022-06-27,58,12.8
2022-06-28,58,13.1
2022-06-29,61,14.2
2022-06-30,61,14.2
2022-07-01,57,12.5
2022-07-02,55,11.2
2022-07-03,52,9.8
2022-07-04,75,21.9
2022-07-05,93,31.6
2022-07-06,32,5.7
2022-07-07,39,7.0
2022-07-08,50,9.0
2022-07-09,52,9.4
2022-07-10,55,11.1
2022-07-11,55,11.2
2022-07-12,53,10.2
2022-07-13,39,7.0
2022-07-14,36,6.4
2022-07-15,50,9.0
2022-07-16,56,12.0
2022-07-17,54,10.8
2022-07-18,53,10.2
2022-07-19,51,9.1
2022-07-20,52,9.9
2022-07-21,53,10.3
2022-07-22,56,11.8
2022-07-23,58,12.6
2022-07-24,58,13.1
2022-07-25,54,10.5
2022-07-26,52,9.5
2022-07-27,45,8.1
2022-07-28,50,9.0
2022-07-29,43,7.7
2022-07-30,43,7.8
2022-07-31,37,6.7
2022-08-01,37,6.6
2022-08-02,33,6.0
2022-08-03,48,8.7
2022-08-04,51,9.2
2022-08-05,43,7.8
2022-08-06,50,9.0
2022-08-07,55,11.1
2022-08-08,57,12.4
2022-08-09,55,11.0
2022-08-10,54,10.7
2022-08-11,53,10.4
2022-08-12,57,12.2
2022-08-13,59,13.5
2022-08-14,61,14.5
2022-08-15,63,15.6
2022-08-16,59,13.2
2022-08-17,52,9.6
2022-08-18,47,8.5
2022-08-19,53,10.3
2022-08-20,54,10.6
2022-08-21,54,10.7
2022-08-22,49,8.8
2022-08-23,59,13.4
2022-08-24,53,10.2
2022-08-25,54,10.5
2022-08-26,48,8.7
2022-08-27,48,8.7
2022-08-28,38,6.8
2022-08-29,52,9.4
2022-08-30,61,14.7
2022-08-31,62,15.2
2022-09-01,66,17.2
2022-09-02,63,15.7
2022-09-03,59,13.4
2022-09-04,55,11.5
2022-09-05,56,11.8
2022-09-06,60,14.0
2022-09-07,64,15.9
2022-09-08,60,13.7
2022-09-09,42,7.6
2022-09-10,39,7.0
2022-09-11,28,5.0
2022-09-12,34,6.2
2022-09-13,58,12.7
2022-09-14,53,10.0
2022-09-15,52,9.5
2022-09-16,58,12.6
2022-09-17,57,12.5
2022-09-18,49,8.9
2022-09-19,30,5.4
2022-09-20,22,4.0
2022-09-21,26,4.6
2022-09-22,45,8.1
2022-09-23,52,9.9
2022-09-24,53,10.2
2022-09-25,57,12.5
2022-09-26,57,12.4
2022-09-27,58,13.1
2022-09-28,63,15.5
2022-09-29,61,14.2
2022-09-30,55,11.1
2022-10-01,47,8.4
2022-10-02,47,8.4
2022-10-03,50,9.0
2022-10-04,57,12.3
2022-10-05,66,17.1
2022-10-06,69,18.7
2022-10-07,71,19.8
2022-10-08,69,18.9
2022-10-09,60,14.0
2022-10-10,60,13.7
2022-10-11,56,11.7
2022-10-12,52,9.9
2022-10-13,75,22.1
2022-10-14,56,12.0
2022-10-15,29,5.2
2022-10-16,32,5.7
2022-10-17,44,8.0
2022-10-18,54,10.9
2022-10-19,39,7.0
2022-10-20,50,9.0
2022-10-21,54,10.9
2022-10-22,52,9.7
2022-10-23,40,7.2
2022-10-24,39,7.0
2022-10-25,42,7.5
2022-10-26,53,10.0
2022-10-27,60,13.7
2022-10-28,61,14.6
2022-10-29,59,13.6
2022-10-30,60,13.7
2022-10-31,63,15.4
2022-11-01,58,13.1
2022-11-02,24,4.3
2022-11-03,16,2.8
2022-11-04,28,5.0
2022-11-05,53,10.1
2022-11-06,55,11.5
2022-11-07,43,7.7
2022-11-08,17,3.1
2022-11-09,24,4.4
2022-11-10,34,6.2
2022-11-11,34,6.2
2022-11-12,52,9.7
2022-11-13,45,8.1
2022-11-14,43,7.7
2022-11-15,48,8.6
2022-11-16,47,8.4
2022-11-17,42,7.6
2022-11-18,59,13.3
2022-11-19,52,9.4
2022-11-20,43,7.7
2022-11-21,35,6.3
2022-11-22,40,7.2
2022-11-23,65,16.5
2022-11-24,62,14.8
2022-11-25,46,8.2
2022-11-26,56,11.6
2022-11-27,65,16.5
2022-11-28,64,16.0
2022-11-29,58,12.7
2022-11-30,55,11.2
2022-12-01,29,5.2
2022-12-02,31,5.5
2022-12-03,36,6.5
2022-12-04,52,9.8
2022-12-05,26,4.6
2022-12-06,41,7.4
2022-12-07,48,8.7
2022-12-08,38,6.9
2022-12-09,57,12.5
2022-12-10,55,11.2
2022-12-11,25,4.5
2022-12-12,28,5.1
2022-12-13,48,8.6
2022-12-14,56,11.7
2022-12-15,58,13.0
2022-12-16,46,8.3
2022-12-17,44,7.9
2022-12-18,53,10.3
2022-12-19,69,18.7
2022-12-20,56,11.9
2022-12-21,58,13.0
2022-12-22,65,16.8
2022-12-23,86,27.9
2022-12-24,63,15.8
2022-12-25,39,7.0
2022-12-26,40,7.2
2022-12-27,62,15.1
2022-12-28,50,9.0
2022-12-29,53,10.3
2022-12-30,54,10.9
2022-12-31,21,3.7
2023-01-01,20,3.6
2023-01-02,48,8.6
2023-01-03,26,4.6
2023-01-04,24,4.4
2023-01-05,34,6.2
2023-01-06,52,9.9
2023-01-07,52,9.6
2023-01-08,61,14.7
2023-01-09,35,6.3
2023-01-10,29,5.2
2023-01-11,55,11.2
2023-01-12,36,6.5
2023-01-13,51,9.2
2023-01-14,56,11.8
2023-01-15,31,5.5
2023-01-16,17,3.0
2023-01-17,21,3.8
2023-01-18,39,7.1
2023-01-19,51,9.2
2023-01-20,49,8.9
2023-01-21,47,8.4
2023-01-22,54,10.9
2023-01-23,27,4.9
2023-01-24,44,7.9
2023-01-25,50,9.0
2023-01-26,45,8.1
2023-01-27,49,8.8
2023-01-28,56,11.8
2023-01-29,27,4.9
2023-01-30,27,4.8
2023-01-31,47,8.5
2023-02-01,43,7.8
2023-02-02,54,10.7
2023-02-03,45,8.1
2023-02-04,59,13.5
2023-02-05,58,12.7
2023-02-06,16,2.9
2023-02-07,37,6.7
2023-02-08,46,8.3
2023-02-09,54,10.9
2023-02-10,33,6.0
2023-02-11,42,7.5
2023-02-12,41,7.4
2023-02-13,44,8.0
2023-02-14,39,7.0
2023-02-15,21,3.7
2023-02-16,29,5.2
2023-02-17,35,6.3
2023-02-18,47,8.5
2023-02-19,55,11.4
2023-02-20,52,9.7
2023-02-21,57,12.2
2023-02-22,26,4.6
2023-02-23,21,3.7
2023-02-24,21,3.7
2023-02-25,13,2.3
2023-02-26,33,6.0
2023-02-27,39,7.0
2023-02-28,22,3.9
2023-03-01,9,1.7
2023-03-02,26,4.7
2023-03-03,53,10.4
2023-03-04,55,11.4
2023-03-05,42,7.6
2023-03-06,18,3.3
2023-03-07,31,5.5
2023-03-08,41,7.4
2023-03-09,43,7.8
2023-03-10,30,5.4
2023-03-11,21,3.8
2023-03-12,21,3.7
2023-03-13,40,7.2
2023-03-14,56,11.6
2023-03-15,22,4.0
2023-03-16,40,7.2
2023-03-17,57,12.4
2023-03-18,46,8.2
2023-03-19,48,8.6
2023-03-20,18,3.3
2023-03-21,23,4.1
2023-03-22,26,4.6
2023-03-23,27,4.9
2023-03-24,20,3.6
2023-03-25,32,5.8
2023-03-26,29,5.2
2023-03-27,37,6.7
2023-03-28,33,6.0
2023-03-29,27,4.9
2023-03-30,17,3.0
2023-03-31,37,6.6
2023-04-01,43,7.7
2023-04-02,52,9.8
2023-04-03,19,3.5
2023-04-04,14,2.6
2023-04-05,34,6.2
2023-04-06,34,6.1
2023-04-07,46,8.2
2023-04-08,46,8.3
2023-04-09,58,13.1
2023-04-10,75,22.0
2023-04-11,91,30.6
2023-04-12,53,10.4
2023-04-13,52,9.8
2023-04-14,52,9.6
2023-04-15,54,10.7
2023-04-16,56,12.0
2023-04-17,65,16.7
2023-04-18,54,10.8
2023-04-19,53,10.3
2023-04-20,57,12.2
2023-04-21,54,10.6
2023-04-22,59,13.3
2023-04-23,61,14.7
2023-04-24,61,14.5
2023-04-25,58,12.7
2023-04-26,65,16.8
2023-04-27,79,24.1
2023-04-28,80,24.9
2023-04-29,74,21.5
2023-04-30,67,17.6
2023-05-01,27,4.9
2023-05-02,18,3.3
2023-05-03,23,4.1
2023-05-04,14,2.5
2023-05-05,26,4.7
2023-05-06,25,4.5
2023-05-07,29,5.2
2023-05-08,40,7.2
2023-05-09,43,7.8
2023-05-10,42,7.6
2023-05-11,48,8.7
2023-05-12,56,12.0
2023-05-13,68,18.1
2023-05-14,58,12.7
2023-05-15,67,17.9
2023-05-16,44,8.0
2023-05-17,56,12.0
2023-05-18,60,13.7
2023-05-19,67,17.6
2023-05-20,58,13.1
2023-05-21,57,12.2
2023-05-22,58,12.7
2023-05-23,38,6.8
2023-05-24,33,5.9
2023-05-25,32,5.8
2023-05-26,28,5.0
2023-05-27,32,5.7
2023-05-28,41,7.4
2023-05-29,31,5.6
2023-05-30,28,5.1
2023-05-31,23,4.1
2023-06-01,39,7.1
2023-06-02,47,8.5
2023-06-03,56,11.9
2023-06-04,60,14.1
2023-06-05,45,8.1
2023-06-06,31,5.5
2023-06-07,20,3.6
2023-06-08,31,5.6
2023-06-09,37,6.7
2023-06-10,40,7.2
2023-06-11,19,3.5
2023-06-12,24,4.3
2023-06-13,23,4.2
2023-06-14,50,9.0
2023-06-15,28,5.1
2023-06-16,40,7.2
2023-06-17,51,9.2
2023-06-18,53,10.2
2023-06-19,41,7.4
2023-06-20,53,10.0
2023-06-21,54,10.9
2023-06-22,55,11.0
2023-06-23,42,7.6
2023-06-24,46,8.3
2023-06-25,53,10.0
2023-06-26,50,9.0
2023-06-27,53,10.0
2023-06-28,53,10.2
2023-06-29,55,11.2
2023-06-30,60,13.7
2023-07-01,64,16.1
2023-07-02,57,12.5
2023-07-03,58,13.1
2023-07-04,81,25.2
2023-07-05,79,24.1
2023-07-06,57,12.2
2023-07-07,53,10.2
2023-07-08,56,11.8
2023-07-09,57,12.5
2023-07-10,57,12.2
2023-07-11,57,12.4
2023-07-12,47,8.5
2023-07-13,44,8.0
2023-07-14,53,10.0
2023-07-15,61,14.5
2023-07-16,58,13.1
2023-07-17,58,12.6
2023-07-18,48,8.6
2023-07-19,51,9.2
2023-07-20,59,13.3
2023-07-21,61,14.4
2023-07-22,61,14.5
2023-07-23,58,12.8
2023-07-24,59,13.2
2023-07-25,60,13.8
2023-07-26,65,16.6
2023-07-27,68,18.3
2023-07-28,65,16.5
2023-07-29,67,17.5
2023-07-30,64,15.9
2023-07-31,65,16.8
2023-08-01,70,19.4
2023-08-02,62,14.9
2023-08-03,54,10.8
2023-08-04,55,11.3
2023-08-05,60,13.9
2023-08-06,66,17.4
2023-08-07,61,14.7
2023-08-08,53,10.0
2023-08-09,54,10.8
2023-08-10,39,7.0
2023-08-11,45,8.1
2023-08-12,53,10.2
2023-08-13,53,10.2
2023-08-14,52,9.7
2023-08-15,48,8.7
2023-08-16,52,9.5
2023-08-17,56,12.0
2023-08-18,50,9.0
2023-08-19,49,8.9
2023-08-20,34,6.2
2023-08-21,25,4.5
2023-08-22,49,8.9
2023-08-23,56,11.8
2023-08-24,56,11.8
2023-08-25,51,9.2
2023-08-26,57,12.2
2023-08-27,59,13.6
2023-08-28,64,16.0
2023-08-29,66,16.9
2023-08-30,69,18.7
2023-08-31,72,20.4
2023-09-01,66,17.0
2023-09-02,47,8.5
2023-09-03,41,7.3
2023-09-04,51,9.2
2023-09-05,53,10.0
2023-09-06,52,9.7
2023-09-07,59,13.5
2023-09-08,58,13.1
2023-09-09,56,12.0
2023-09-10,58,13.0
2023-09-11,65,16.5
2023-09-12,63,15.4
2023-09-13,57,12.3
2023-09-14,56,11.7
2023-09-15,57,12.5
2023-09-16,54,10.9
2023-09-17,34,6.1
2023-09-18,46,8.2
2023-09-19,52,9.9
2023-09-20,53,10.0
2023-09-21,67,17.7
2023-09-22,73,21.0
2023-09-23,78,23.4
2023-09-24,79,24.2
2023-09-25,76,22.4
2023-09-26,61,14.2
2023-09-27,58,13.0
2023-09-28,61,14.4
2023-09-29,55,11.0
2023-09-30,36,6.5
2023-10-01,37,6.6
2023-10-02,50,9.0
2023-10-03,54,10.5
2023-10-04,54,10.7
2023-10-05,51,9.2
2023-10-06,55,11.0
2023-10-07,63,15.7
2023-10-08,66,17.2
2023-10-09,69,19.0
2023-10-10,51,9.1
2023-10-11,52,9.5
2023-10-12,58,13.1
2023-10-13,58,12.7
2023-10-14,60,13.7
2023-10-15,55,11.1
2023-10-16,59,13.3
2023-10-17,68,18.3
2023-10-18,68,18.0
2023-10-19,62,15.1
2023-10-20,62,15.1
2023-10-21,56,11.8
2023-10-22,38,6.8
2023-10-23,38,6.8
2023-10-24,47,8.5
2023-10-25,43,7.8
2023-10-26,47,8.5
2023-10-27,53,10.0
2023-10-28,53,10.2
2023-10-29,53,10.1
2023-10-30,47,8.5
2023-10-31,39,7.1
2023-11-01,37,6.7
2023-11-02,51,9.2
2023-11-03,67,17.6
2023-11-04,71,19.7
2023-11-05,73,21.0
2023-11-06,61,14.5
2023-11-07,32,5.7
2023-11-08,35,6.3
2023-11-09,36,6.4
2023-11-10,47,8.5
2023-11-11,53,10.4
2023-11-12,41,7.4
2023-11-13,55,11.5
2023-11-14,53,10.3
2023-11-15,48,8.7
2023-11-16,36,6.5
2023-11-17,47,8.4
2023-11-18,28,5.0
2023-11-19,22,3.9
2023-11-20,54,10.7
2023-11-21,39,7.1
2023-11-22,29,5.3
2023-11-23,40,7.2
2023-11-24,54,10.7
2023-11-25,52,9.6
2023-11-26,29,5.3
2023-11-27,33,5.9
2023-11-28,40,7.2
2023-11-29,41,7.3
2023-11-30,49,8.8
2023-12-01,30,5.4
2023-12-02,55,11.1
2023-12-03,66,17.4
2023-12-04,60,13.7
2023-12-05,47,8.5
2023-12-06,53,10.1
2023-12-07,57,12.2
2023-12-08,54,10.8
2023-12-09,53,10.2
2023-12-10,34,6.2
2023-12-11,56,11.8
2023-12-12,71,20.1
2023-12-13,75,22.1
2023-12-14,52,9.5
2023-12-15,38,6.9
2023-12-16,42,7.5
2023-12-17,52,9.8
2023-12-18,57,12.4
2023-12-19,56,11.9
2023-12-20,46,8.2
2023-12-21,19,3.5
2023-12-22,20,3.6
2023-12-23,52,9.6
2023-12-24,59,13.2
2023-12-25,67,17.5
2023-12-26,77,22.9
2023-12-27,69,18.7
2023-12-28,85,27.5
2023-12-29,77,22.9
2023-12-30,60,14.1
2023-12-31,55,11.5
2024-01-01,61,14.2
2024-01-02,58,12.6
2024-01-03,35,6.3
2024-01-04,23,4.2
2024-01-05,51,9.1
2024-01-06,49,8.9
2024-01-07,11,1.9
2024-01-08,28,5.0
2024-01-09,42,7.6
2024-01-10,56,12.0
2024-01-11,18,3.2
2024-01-12,39,7.0
2024-01-13,60,14.0
2024-01-14,69,18.5
2024-01-15,81,25.0
2024-01-16,74,21.3
2024-01-17,86,27.7
2024-01-18,75,22.1
2024-01-19,69,18.5
2024-01-20,57,12.1
2024-01-21,28,5.1
2024-01-22,22,3.9
2024-01-23,38,6.8
2024-01-24,51,9.1
2024-01-25,38,6.8
2024-01-26,41,7.3
2024-01-27,47,8.5
2024-01-28,41,7.3
2024-01-29,37,6.6
2024-01-30,55,11.4
2024-01-31,61,14.5
2024-02-01,26,4.7
2024-02-02,29,5.3
2024-02-03,32,5.7
2024-02-04,17,3.1
2024-02-05,12,2.1
2024-02-06,20,3.6
2024-02-07,17,3.1
2024-02-08,22,4.0
2024-02-09,19,3.5
2024-02-10,32,5.7
2024-02-11,34,6.1
2024-02-12,39,7.0
2024-02-13,51,9.3
2024-02-14,59,13.4
2024-02-15,50,9.0
2024-02-16,66,17.1
2024-02-17,85,27.1
2024-02-18,34,6.1
2024-02-19,14,2.5
2024-02-20,16,2.9
2024-02-21,19,3.5
2024-02-22,48,8.6
2024-02-23,34,6.2
2024-02-24,42,7.5
2024-02-25,54,10.6
2024-02-26,60,14.0
2024-02-27,56,11.9
2024-02-28,55,11.0
2024-02-29,51,9.2
2024-03-01,18,3.2
2024-03-02,13,2.3
2024-03-03,22,4.0
2024-03-04,39,7.0
2024-03-05,37,6.6
2024-03-06,21,3.7
2024-03-07,25,4.5
2024-03-08,52,9.5
2024-03-09,50,9.0
2024-03-10,39,7.1
2024-03-11,36,6.5
2024-03-12,31,5.6
2024-03-13,38,6.8
2024-03-14,37,6.7
2024-03-15,27,4.8
2024-03-16,36,6.4
2024-03-17,47,8.4
2024-03-18,53,10.2
2024-03-19,52,9.7
2024-03-20,66,17.1
2024-03-21,70,19.5
2024-03-22,70,19.1
2024-03-23,25,4.5
2024-03-24,14,2.5
2024-03-25,29,5.2
2024-03-26,42,7.6
2024-03-27,54,10.8
2024-03-28,53,10.3
2024-03-29,31,5.5
2024-03-30,12,2.1
2024-03-31,12,2.2
2024-04-01,29,5.2
2024-04-02,43,7.7
2024-04-03,47,8.5
2024-04-04,27,4.9
2024-04-05,21,3.8
2024-04-06,28,5.1
2024-04-07,39,7.1
2024-04-08,40,7.2
2024-04-09,36,6.5
2024-04-10,57,12.2
2024-04-11,69,18.5
2024-04-12,66,17.3
2024-04-13,31,5.5
2024-04-14,37,6.7
2024-04-15,31,5.5
2024-04-16,42,7.6
2024-04-17,53,10.0
2024-04-18,63,15.5
2024-04-19,56,12.0
2024-04-20,63,15.4
2024-04-21,68,18.1
2024-04-22,78,23.8
2024-04-23,33,5.9
2024-04-24,38,6.9
2024-04-25,29,5.3
2024-04-26,42,7.6
2024-04-27,44,7.9
2024-04-28,52,9.5
2024-04-29,56,12.0
2024-04-30,59,13.5
2024-05-01,61,14.6
2024-05-02,67,17.8
2024-05-03,57,12.3
2024-05-04,49,8.8
2024-05-05,,-0.08
2024-05-06,40,7.2
2024-05-07,49,8.8
2024-05-08,57,12.2
2024-05-09,59,13.5
2024-05-10,58,12.9
2024-05-11,53,10.4
2024-05-12,61,14.5
2024-05-13,54,10.7
2024-05-14,53,10.1
2024-05-15,40,7.2
2024-05-16,38,6.9
2024-05-17,33,6.0
2024-05-18,34,6.2
2024-05-19,36,6.4
2024-05-20,39,7.0
2024-05-21,57,12.1
2024-05-22,65,16.7
2024-05-23,54,10.7
2024-05-24,57,12.2
2024-05-25,34,6.1
2024-05-26,37,6.7
2024-05-27,57,12.5
2024-05-28,61,14.4
2024-05-29,55,11.4
2024-05-30,65,16.5
2024-05-31,67,17.9
2024-06-01,54,10.8
2024-06-02,38,6.8
2024-06-03,54,10.8
2024-06-04,57,12.5
2024-06-05,65,16.7
2024-06-06,59,13.3
2024-06-07,39,7.0
2024-06-08,33,5.9
2024-06-09,29,5.2
2024-06-10,53,10.1
2024-06-11,59,13.2
2024-06-12,41,7.4
2024-06-13,48,8.7
2024-06-14,52,9.9
2024-06-15,64,15.9
2024-06-16,67,17.9
2024-06-17,68,18.0
2024-06-18,65,16.7
2024-06-19,63,15.3
2024-06-20,60,14.1
2024-06-21,58,12.7
2024-06-22,63,15.4
2024-06-23,54,10.9
2024-06-24,50,9.0
2024-06-25,58,13.0
2024-06-26,59,13.4
2024-06-27,56,11.8
2024-06-28,58,12.7
2024-06-29,59,13.3
2024-06-30,57,12.2
2024-07-01,54,10.9
2024-07-02,60,13.7
2024-07-03,53,10.0
2024-07-04,109,38.6
2024-07-05,149,54.9
2024-07-06,58,12.8
2024-07-07,54,10.9
2024-07-08,52,9.9
2024-07-09,58,12.7
2024-07-10,57,12.4
2024-07-11,60,14.0
2024-07-12,58,12.6
2024-07-13,57,12.3
2024-07-14,54,10.5
2024-07-15,50,9.0
2024-07-16,42,7.5
2024-07-17,47,8.4
2024-07-18,56,11.9
2024-07-19,81,25.4
2024-07-20,54,10.7
2024-07-21,59,13.6
2024-07-22,55,11.2
2024-07-23,49,8.9
2024-07-24,52,9.9
2024-07-25,58,13.1
2024-07-26,55,11.4
2024-07-27,60,14.0
2024-07-28,53,10.2
2024-07-29,50,9.0
2024-07-30,52,9.7
2024-07-31,47,8.5
2024-08-01,49,8.8
2024-08-02,52,9.5
2024-08-03,51,9.2
2024-08-04,53,10.1
2024-08-05,59,13.3
2024-08-06,59,13.2
2024-08-07,63,15.5
2024-08-08,60,13.7
2024-08-09,56,11.7
2024-08-10,58,12.7
2024-08-11,62,15.2
2024-08-12,58,12.6
2024-08-13,57,12.4
2024-08-14,62,14.8
2024-08-15,58,12.7
2024-08-16,58,13.0
2024-08-17,56,11.9
2024-08-18,53,10.3
2024-08-19,53,10.4
2024-08-20,54,10.9
2024-08-21,57,12.4
2024-08-22,57,12.2
2024-08-23,53,10.0
2024-08-24,53,10.0
2024-08-25,54,10.9
2024-08-26,56,11.6
2024-08-27,56,11.8
2024-08-28,61,14.2
2024-08-29,59,13.5
2024-08-30,55,11.0
2024-08-31,59,13.4
2024-09-01,64,15.9
2024-09-02,64,15.9
2024-09-03,61,14.7
2024-09-04,59,13.5
2024-09-05,62,15.0
2024-09-06,65,16.7
2024-09-07,71,19.6
2024-09-08,68,18.2
2024-09-09,58,12.9
2024-09-10,55,11.1
2024-09-11,54,10.5
2024-09-12,54,10.7
2024-09-13,56,11.6
2024-09-14,55,11.2
2024-09-15,42,7.5
2024-09-16,38,6.9
2024-09-17,46,8.2
2024-09-18,48,8.7
2024-09-19,40,7.2
2024-09-20,39,7.1
2024-09-21,54,10.9
2024-09-22,56,11.8
2024-09-23,59,13.2
2024-09-24,61,14.6
2024-09-25,63,15.4
2024-09-26,55,11.0
2024-09-27,60,13.9
2024-09-28,61,14.5
2024-09-29,54,10.9
2024-09-30,63,15.5
2024-10-01,57,12.4
2024-10-02,61,14.6
2024-10-03,65,16.7
2024-10-04,72,20.5
2024-10-05,72,20.2
2024-10-06,66,17.1
2024-10-07,60,13.8
2024-10-08,57,12.5
2024-10-09,87,28.6
2024-10-10,94,32.4
2024-10-11,65,16.5
2024-10-12,69,18.8
2024-10-13,66,17.0
2024-10-14,57,12.1
2024-10-15,76,22.6
2024-10-16,81,25.0
2024-10-17,49,8.9
2024-10-18,55,11.4
2024-10-19,54,10.8
2024-10-20,55,11.0
2024-10-21,54,10.6
2024-10-22,58,12.6
2024-10-23,63,15.4
2024-10-24,67,17.5
2024-10-25,74,21.5
2024-10-26,64,16.1
2024-10-27,68,18.2
2024-10-28,54,10.6
2024-10-29,37,6.7
2024-10-30,48,8.6
2024-10-31,46,8.3
2024-11-01,57,12.4
2024-11-02,56,11.6
2024-11-03,27,4.9
2024-11-04,42,7.5
2024-11-05,49,8.8
2024-11-06,48,8.7
2024-11-07,41,7.3
2024-11-08,46,8.2
2024-11-09,61,14.5
2024-11-10,75,22.2
2024-11-11,71,19.9
2024-11-12,39,7.0
2024-11-13,36,6.5
2024-11-14,48,8.6
2024-11-15,33,5.9
2024-11-16,39,7.0
2024-11-17,34,6.2
2024-11-18,58,12.9
2024-11-19,63,15.5
2024-11-20,55,11.0
2024-11-21,52,9.7
2024-11-22,59,13.3
2024-11-23,71,19.6
2024-11-24,41,7.3
2024-11-25,58,13.0
2024-11-26,54,10.7
2024-11-27,52,9.6
2024-11-28,36,6.5
2024-11-29,37,6.7
2024-11-30,39,7.1
2024-12-01,62,15.2
2024-12-02,63,15.5
2024-12-03,82,25.9
2024-12-04,128,46.5
2024-12-05,151,55.7
2024-12-06,87,28.3
2024-12-07,54,10.7
2024-12-08,67,17.7
2024-12-09,103,36.4
2024-12-10,58,13.0
2024-12-11,37,6.6
2024-12-12,52,9.8
2024-12-13,65,16.6
2024-12-14,60,14.0
2024-12-15,68,18.2
2024-12-16,54,10.6
2024-12-17,66,17.3
2024-12-18,52,9.7
2024-12-19,63,15.3
2024-12-20,99,34.8
2024-12-21,86,28.0
2024-12-22,99,34.8
2024-12-23,127,46.2
2024-12-24,88,28.9
2024-12-25,54,10.7
2024-12-26,61,14.2
2024-12-27,62,15.0
2024-12-28,79,24.3
2024-12-29,88,29.1
2024-12-30,98,34.2
2024-12-31,113,40.5
2025-01-01,94,32.4
2025-01-02,71,19.7
2025-01-03,87,28.3
2025-01-04,96,33.4
2025-01-05,52,9.7
2025-01-06,44,7.9
2025-01-07,63,15.5
2025-01-08,182,99.6
2025-01-09,157,64.6
2025-01-10,89,29.5
2025-01-11,80,24.6
2025-01-12,52,9.4
2025-01-13,48,8.7
2025-01-14,46,8.3
2025-01-15,48,8.6
2025-01-16,51,9.2
2025-01-17,59,13.2
2025-01-18,73,20.7
2025-01-19,76,22.4
2025-01-20,58,13.0
2025-01-21,39,7.1
2025-01-22,53,10.0
2025-01-23,49,8.8
2025-01-24,38,6.8
2025-01-25,55,11.4
2025-01-26,26,4.7
2025-01-27,31,5.6
2025-01-28,57,12.5
2025-01-29,58,12.6
2025-01-30,64,16.0
2025-01-31,66,17.4
2025-02-01,69,18.5
2025-02-02,103,36.2
2025-02-03,83,26.1
2025-02-04,43,7.7
2025-02-05,38,6.8
2025-02-06,38,6.8
2025-02-07,21,3.8
2025-02-08,51,9.3
2025-02-09,46,8.3
2025-02-10,53,10.1
2025-02-11,43,7.8
2025-02-12,33,5.9
2025-02-13,22,4.0
2025-02-14,44,8.0
2025-02-15,52,9.7
2025-02-16,39,7.0
2025-02-17,59,13.2
2025-02-18,58,12.7
2025-02-19,66,17.2
2025-02-20,65,16.4
2025-02-21,57,12.5
2025-02-22,,10.138462
2025-02-24,58,12.7
2025-02-26,,27.866667
2025-02-27,51,9.2
2025-02-28,49,8.9
2025-03-01,51,9.1
2025-03-02,34,6.2
2025-03-03,30,5.4
2025-03-04,52,9.7
2025-03-05,59,13.3
2025-03-06,20,3.6
2025-03-07,28,5.0
2025-03-08,51,9.3
2025-03-09,54,10.8
2025-03-10,41,7.4
2025-03-11,22,4.0
2025-03-12,19,3.5
2025-03-13,14,2.5
2025-03-14,22,3.9
2025-03-15,38,6.8
2025-03-16,57,12.2
2025-03-17,58,13.0
2025-03-18,24,4.4
2025-03-19,29,5.3
2025-03-20,43,7.8
2025-03-21,56,11.8
2025-03-22,60,13.7
2025-03-23,62,14.9
2025-03-24,59,13.3
2025-03-25,58,12.8
2025-03-26,49,8.9
2025-03-27,26,4.7
2025-03-28,43,7.8
2025-03-29,50,9.0
2025-03-30,33,5.9
2025-03-31,19,3.5
2025-04-01,26,4.7
2025-04-02,27,4.8
2025-04-03,44,8.0
2025-04-04,39,7.0
2025-04-05,37,6.7
2025-04-06,45,8.1
2025-04-07,52,9.5
2025-04-08,55,11.2
2025-04-09,59,13.3
2025-04-10,65,16.4
2025-04-11,61,14.4
2025-04-12,70,19.4
2025-04-13,66,16.9
2025-04-14,65,16.4
2025-04-15,57,12.2
2025-04-16,41,7.4
2025-04-17,29,5.3
2025-04-18,43,7.7
2025-04-19,54,10.6
2025-04-20,56,11.7
2025-04-21,57,12.5
2025-04-22,62,15.0
2025-04-23,53,10.0
2025-04-24,54,10.9
2025-04-25,39,7.0
2025-04-26,18,3.2
2025-04-27,22,3.9
2025-04-28,41,7.3
2025-04-29,52,9.9
2025-04-30,57,12.4
2025-05-01,51,9.1
2025-05-02,47,8.4
2025-05-03,47,8.5
2025-05-04,52,9.6
2025-05-05,51,9.3
2025-05-06,52,9.8
2025-05-07,53,10.0
2025-05-08,63,15.3
2025-05-09,58,13.0
2025-05-10,65,16.8
2025-05-11,69,18.6
2025-05-12,54,10.5
2025-05-13,38,6.9
2025-05-14,54,10.6
2025-05-15,61,14.4
2025-05-16,61,14.7
2025-05-17,46,8.2
2025-05-18,44,8.0
2025-05-19,57,12.5
2025-05-20,64,15.9
2025-05-21,63,15.8
2025-05-22,64,16.3
2025-05-23,64,16.3
2025-05-24,57,12.5
2025-05-25,56,11.6
2025-05-26,57,12.2
2025-05-27,52,9.7
2025-05-28,53,10.1
2025-05-29,51,9.2
2025-05-30,55,11.0
2025-05-31,66,16.9
2025-06-01,51,9.3
2025-06-02,46,8.2
2025-06-03,55,11.1
2025-06-04,55,11.0
2025-06-05,53,10.1
2025-06-06,55,11.5
2025-06-07,49,8.8
2025-06-08,53,10.2
2025-06-09,59,13.5
2025-06-10,56,12.0
2025-06-11,61,14.7
2025-06-12,57,12.2
2025-06-13,57,12.2
2025-06-14,60,13.7
2025-06-15,65,16.6
2025-06-16,68,18.0
2025-06-17,70,19.4
2025-06-18,67,17.9
2025-06-19,63,15.4
2025-06-20,59,13.6
2025-06-21,58,12.6
2025-06-22,58,13.0
2025-06-23,59,13.5
2025-06-24,56,11.8
2025-06-25,55,11.0
2025-06-26,58,12.6
2025-06-27,58,13.0
2025-06-28,59,13.3
2025-06-29,52,9.5
2025-06-30,47,8.5
2025-07-01,48,8.7
2025-07-02,52,9.5
2025-07-03,45,8.1
2025-07-04,92,31.0
2025-07-05,166,77.1
2025-07-06,60,13.7
2025-07-07,57,12.2
2025-07-08,52,9.7
2025-07-09,52,9.6
2025-07-10,55,11.5
2025-07-11,58,12.7
2025-07-12,57,12.2
2025-07-13,53,10.0
2025-07-14,51,9.1
2025-07-15,40,7.2
2025-07-16,28,5.0
2025-07-17,28,5.1
2025-07-18,33,6.0
2025-07-19,47,8.4
2025-07-20,50,9.0
2025-07-21,37,6.7
2025-07-22,28,5.1
2025-07-23,38,6.8
2025-07-24,33,6.0
2025-07-25,30,5.4
2025-07-26,30,5.4
2025-07-27,34,6.2
2025-07-28,44,8.0
2025-07-29,52,9.4
2025-07-30,54,10.9
2025-07-31,54,10.6
2025-08-01,53,10.2
2025-08-02,60,13.7
2025-08-03,57,12.5
2025-08-04,67,17.7
2025-08-05,66,17.1
2025-08-06,69,18.5
2025-08-07,63,15.6
2025-08-08,58,13.0
2025-08-09,62,14.8
2025-08-10,57,12.3
2025-08-11,60,13.7
2025-08-12,57,12.3
2025-08-13,60,13.9
2025-08-14,63,15.3
2025-08-15,53,10.1
2025-08-16,41,7.4
2025-08-17,53,10.2
2025-08-18,55,11.1
2025-08-19,54,10.7
2025-08-20,55,11.2
2025-08-21,59,13.5
2025-08-22,61,14.6
2025-08-23,65,16.8
2025-08-24,54,10.8
2025-08-25,57,12.2
2025-08-26,56,11.9
2025-08-27,54,10.7
2025-08-28,54,10.5
2025-08-29,51,9.2
2025-08-30,51,9.3
2025-08-31,54,10.8
2025-09-01,55,11.2
2025-09-02,58,12.9
2025-09-03,55,11.4
2025-09-04,55,11.2
2025-09-05,54,10.8
2025-09-06,56,11.6
2025-09-07,55,11.0
2025-09-08,44,7.9
2025-09-09,33,6.0
2025-09-10,33,6.0
2025-09-11,33,6.0
2025-09-12,41,7.4
2025-09-13,52,9.7
2025-09-14,57,12.5
2025-09-15,66,17.2
2025-09-16,55,11.3
2025-09-17,52,9.5
2025-09-18,52,9.5
2025-09-19,43,7.8
2025-09-20,48,8.7
2025-09-21,57,12.5
2025-09-22,53,10.4
2025-09-23,48,8.7
2025-09-24,52,9.7
2025-09-25,53,10.0
2025-09-26,37,6.7
2025-09-27,39,7.1
2025-09-28,36,6.4
2025-09-29,38,6.9
2025-09-30,53,10.3
2025-10-01,42,7.5
2025-10-02,34,6.2
2025-10-03,41,7.4
2025-10-04,53,10.3
2025-10-05,55,11.3
2025-10-06,57,12.1
2025-10-07,52,9.8
2025-10-08,48,8.6
2025-10-09,45,8.1
2025-10-10,52,9.6
2025-10-11,55,11.2
2025-10-12,53,10.1
2025-10-13,48,8.7
2025-10-14,28,5.0
2025-10-15,22,4.0
2025-10-16,39,7.0
2025-10-17,52,9.9
2025-10-18,52,9.9
2025-10-19,61,14.3
2025-10-20,58,13.1
2025-10-21,58,12.6
2025-10-22,47,8.5
2025-10-23,53,10.0
2025-10-24,66,17.0
2025-10-25,99,34.7
2025-10-26,98,34.4
2025-10-27,75,21.8
2025-10-28,63,15.6
2025-10-29,39,7.1
2025-10-30,55,11.1
2025-10-31,69,18.6
2025-11-01,89,29.7
2025-11-02,91,30.7
2025-11-03,102,36.0
2025-11-04,88,29.0
2025-11-05,42,7.5
2025-11-06,48,8.7
2025-11-07,56,11.8
2025-11-08,78,23.8
2025-11-09,69,18.9
2025-11-10,52,9.6
2025-11-11,60,14.0
2025-11-12,79,24.1
2025-11-13,60,13.7
2025-11-14,44,8.0
2025-11-15,14,2.5
2025-11-16,16,2.8
2025-11-17,11,2.0
2025-11-18,24,4.4
2025-11-19,34,6.2
2025-11-20,34,6.2
2025-11-21,21,3.8
2025-11-22,36,6.5
2025-11-23,54,10.5
2025-11-24,66,17.4
2025-11-25,48,8.6
2025-11-26,31,5.5
2025-11-27,39,7.0
2025-11-28,65,16.5
2025-11-29,78,23.7
2025-11-30,87,28.2
2025-12-01,69,18.9
2025-12-02,50,9.0
2025-12-03,61,14.7
2025-12-04,32,5.8
2025-12-05,44,8.0
2025-12-06,55,11.5
2025-12-07,59,13.5
2025-12-08,51,9.3
2025-12-09,35,6.3
2025-12-10,44,7.9
2025-12-11,56,11.7
2025-12-12,85,27.2
2025-12-13,116,41.4
2025-12-14,86,27.8
2025-12-15,76,22.6
2025-12-16,100,35.4
2025-12-17,148,54.6
2025-12-18,100,35.4
2025-12-19,78,23.8
2025-12-20,109,38.8
2025-12-21,98,34.2
2025-12-22,93,31.9
2025-12-23,75,22.2
2025-12-24,33,5.9
2025-12-25,21,3.7
2025-12-26,21,3.7
2025-12-27,37,6.7
2025-12-28,40,7.2
2025-12-29,36,6.5
2025-12-30,28,5.1
2025-12-31,30,5.4
