date,aqi,daily_max
1972-04-10,41,0.044
1972-04-12,31,0.034
1972-04-13,37,0.04
1972-04-14,22,0.024
1972-04-15,40,0.043
1972-04-16,37,0.04
1972-04-17,,0.02
1972-04-19,9,0.01
1972-04-20,19,0.021
1972-04-21,32,0.035
1972-04-24,51,0.055
1972-04-25,44,0.048
1972-04-26,14,0.015
1972-05-01,25,0.027
1972-05-02,54,0.056
1972-05-03,74,0.062
1972-05-04,115,0.075
1972-05-05,37,0.04
1972-05-06,24,0.026
1972-05-07,42,0.045
1972-05-08,44,0.048
1972-05-09,35,0.038
1972-05-10,30,0.032
1972-05-11,29,0.031
1972-05-12,37,0.04
1972-05-13,37,0.04
1972-05-14,47,0.051
1972-05-15,32,0.035
1972-05-16,42,0.045
1972-05-17,40,0.043
1972-05-18,19,0.02
1972-05-19,31,0.033
1972-05-20,58,0.057
1972-05-21,49,0.053
1972-05-22,44,0.048
1972-05-23,54,0.056
1972-05-24,44,0.048
1972-05-25,,0.01
1972-05-26,51,0.055
1972-05-27,43,0.046
1972-05-28,39,0.042
1972-05-29,46,0.05
1972-05-30,49,0.053
1972-05-31,24,0.026
1972-06-01,71,0.061
1972-06-02,151,0.086
1972-06-03,151,0.086
1972-06-04,105,0.072
1972-06-05,35,0.038
1972-06-19,105,0.072
1972-06-20,44,0.048
1972-06-21,93,0.068
1972-06-22,100,0.07
1972-06-23,108,0.073
1972-06-24,115,0.075
1972-06-26,84,0.065
1972-06-27,49,0.053
1972-06-28,100,0.07
1972-06-29,101,0.071
1972-06-30,122,0.077
1972-10-16,24,0.026
1972-10-17,17,0.018
1972-10-18,6,0.006
1972-10-19,4,0.004
1972-10-20,12,0.013
1972-10-21,30,0.032
1972-10-22,21,0.023
1972-10-23,25,0.027
1972-10-24,14,0.015
1972-10-25,30,0.032
1972-10-26,19,0.02
1972-10-27,22,0.024
1972-10-28,23,0.025
1972-10-29,10,0.011
1972-10-30,0,0.0
1972-10-31,1,0.001
1972-11-01,14,0.015
1972-11-02,19,0.021
1972-11-03,23,0.025
1972-11-04,47,0.051
1972-11-05,29,0.031
1972-11-06,9,0.01
1972-11-07,9,0.01
1972-11-08,9,0.01
1972-11-09,9,0.01
1972-11-10,9,0.01
1972-11-11,5,0.005
1972-11-12,5,0.005
1972-11-13,1,0.001
1972-11-14,2,0.002
1972-11-15,2,0.002
1972-11-16,14,0.015
1972-11-17,20,0.022
1972-11-18,2,0.002
1972-11-19,19,0.021
1972-11-20,6,0.006
1972-11-21,16,0.017
1972-11-22,6,0.007
1972-11-23,26,0.028
1972-11-24,17,0.018
1972-11-25,,0.31
1972-11-26,221,0.125
1972-11-27,9,0.01
1972-11-28,14,0.015
1972-11-29,7,0.008
1972-11-30,20,0.022
1972-12-01,16,0.017
1972-12-02,11,0.012
1972-12-03,7,0.008
1972-12-04,7,0.008
1972-12-05,13,0.014
1972-12-06,10,0.011
1972-12-07,15,0.016
1972-12-08,10,0.011
1972-12-09,11,0.012
1972-12-10,9,0.01
1972-12-11,11,0.012
1972-12-12,13,0.014
1972-12-13,15,0.016
1972-12-14,14,0.015
1972-12-15,4,0.004
1972-12-16,5,0.005
1972-12-17,11,0.012
1972-12-18,22,0.024
1972-12-19,23,0.025
1972-12-20,26,0.028
1972-12-21,11,0.012
1972-12-22,21,0.023
1972-12-23,5,0.005
1972-12-26,9,0.01
1972-12-27,5,0.005
1972-12-28,5,0.005
1972-12-29,6,0.006
1972-12-30,10,0.011
1972-12-31,16,0.017
1973-01-01,16,0.017
1973-01-02,0,0.0
1973-01-03,6,0.006
1973-01-04,6,0.006
1973-01-05,3,0.003
1973-01-06,18,0.019
1973-01-07,7,0.008
1973-01-08,11,0.012
1973-01-09,7,0.008
1973-01-10,8,0.009
1973-01-11,1,0.001
1973-01-12,14,0.015
1973-01-13,21,0.023
1973-01-14,15,0.016
1973-01-15,6,0.006
1973-01-16,8,0.009
1973-01-17,7,0.008
1973-01-18,16,0.017
1973-01-19,16,0.017
1973-01-20,13,0.014
1973-01-21,16,0.017
1973-01-22,9,0.01
1973-01-23,2,0.002
1973-01-24,1,0.001
1973-01-25,9,0.01
1973-01-26,15,0.016
1973-01-27,14,0.015
1973-01-28,19,0.021
1973-01-29,9,0.01
1973-01-30,19,0.02
1973-01-31,8,0.009
1973-02-01,13,0.014
1973-02-02,10,0.011
1973-02-03,11,0.012
1973-02-04,8,0.009
1973-02-05,19,0.021
1973-02-06,6,0.007
1973-02-07,5,0.005
1973-02-08,3,0.003
1973-02-09,15,0.016
1973-02-10,18,0.019
1973-02-11,24,0.026
1973-02-12,14,0.015
1973-02-13,18,0.019
1973-02-14,16,0.017
1973-02-16,,0.029
1973-02-18,23,0.025
1973-02-19,6,0.006
1973-02-20,14,0.015
1973-02-21,17,0.018
1973-02-22,19,0.02
1973-02-23,14,0.015
1973-02-24,29,0.031
1973-02-25,25,0.027
1973-02-26,0,0.0
1973-02-27,19,0.021
1973-02-28,6,0.006
1973-03-01,28,0.03
1973-03-02,10,0.011
1973-03-03,15,0.016
1973-03-04,12,0.013
1973-03-05,20,0.022
1973-03-06,14,0.015
1973-03-07,27,0.029
1973-03-08,18,0.019
1973-03-09,15,0.016
1973-03-10,4,0.004
1973-03-11,32,0.035
1973-03-12,4,0.004
1973-03-13,28,0.03
1973-03-14,7,0.008
1973-03-15,20,0.022
1973-03-16,12,0.013
1973-03-17,24,0.026
1973-03-18,15,0.016
1973-03-19,8,0.009
1973-03-20,2,0.002
1973-03-21,20,0.022
1973-03-22,8,0.009
1973-03-23,26,0.028
1973-03-24,17,0.018
1973-03-25,36,0.039
1973-03-26,19,0.02
1973-03-27,10,0.011
1973-03-28,12,0.013
1973-03-29,11,0.012
1973-03-30,1,0.001
1973-03-31,29,0.031
1973-04-01,9,0.01
1973-04-02,8,0.009
1973-04-03,9,0.01
1973-04-04,27,0.029
1973-04-05,11,0.012
1973-04-06,19,0.021
1973-04-07,13,0.014
1973-04-08,18,0.019
1973-04-09,4,0.004
1973-04-10,8,0.009
1973-04-11,,0.099
1973-04-13,,0.029
1973-04-14,30,0.032
1973-04-15,18,0.019
1973-04-16,25,0.027
1973-04-17,2,0.002
1973-04-18,22,0.024
1973-04-19,19,0.021
1973-04-20,3,0.003
1973-04-21,22,0.024
1973-04-22,,0.264
1973-04-23,30,0.032
1973-04-24,19,0.02
1973-04-25,14,0.015
1973-04-26,22,0.024
1973-04-27,36,0.039
1973-04-28,31,0.034
1973-04-29,15,0.016
1973-04-30,14,0.015
1973-05-01,14,0.015
1973-05-02,32,0.035
1973-05-03,33,0.036
1973-05-04,24,0.026
1973-05-05,34,0.037
1973-05-06,20,0.022
1973-05-07,31,0.034
1973-05-08,29,0.031
1973-05-09,30,0.032
1973-05-10,22,0.024
1973-05-11,32,0.035
1973-05-12,34,0.037
1973-05-13,30,0.032
1973-05-14,31,0.034
1973-05-15,36,0.039
1973-05-16,25,0.027
1973-05-17,31,0.034
1973-05-18,45,0.049
1973-05-19,38,0.041
1973-05-20,45,0.049
1973-05-21,30,0.032
1973-05-22,25,0.027
1973-05-23,23,0.025
1973-05-24,29,0.031
1973-05-25,29,0.031
1973-05-26,36,0.039
1973-05-27,32,0.035
1973-05-28,38,0.041
1973-05-29,23,0.025
1973-05-30,24,0.026
1973-05-31,29,0.031
1973-06-04,24,0.026
1973-06-05,19,0.021
1973-06-06,11,0.012
1973-06-07,37,0.04
1973-06-08,18,0.019
1973-06-09,41,0.044
1973-06-10,39,0.042
1973-06-11,24,0.026
1973-06-12,29,0.031
1973-06-13,34,0.037
1973-06-14,30,0.032
1973-06-15,31,0.034
1973-06-16,41,0.044
1973-06-17,38,0.041
1973-06-18,41,0.044
1973-06-19,25,0.027
1973-06-20,25,0.027
1973-06-21,22,0.024
1973-06-22,33,0.036
1973-06-23,43,0.046
1973-06-24,38,0.041
1973-06-25,34,0.037
1973-06-26,30,0.032
1973-06-27,37,0.04
1973-06-28,27,0.029
1973-06-29,87,0.066
1973-06-30,44,0.047
1973-07-01,42,0.045
1973-07-02,51,0.055
1973-07-03,37,0.04
1973-07-04,50,0.054
1973-07-05,36,0.039
1973-07-06,36,0.039
1973-07-07,32,0.035
1973-07-08,38,0.041
1973-07-09,32,0.035
1973-07-10,31,0.033
1973-07-11,38,0.041
1973-07-12,24,0.026
1973-07-13,16,0.017
1973-07-14,22,0.024
1973-07-15,50,0.054
1973-07-16,47,0.051
1973-07-17,51,0.055
1973-07-18,19,0.021
1973-07-19,33,0.036
1973-07-20,24,0.026
1973-07-21,29,0.031
1973-07-22,39,0.042
1973-07-23,34,0.037
1973-07-24,33,0.036
1973-07-25,33,0.036
1973-07-26,23,0.025
1973-07-27,25,0.027
1973-07-28,37,0.04
1973-07-29,19,0.021
1973-07-30,19,0.021
1973-07-31,4,0.004
1973-08-01,23,0.025
1973-08-02,27,0.029
1973-08-03,38,0.041
1973-08-04,36,0.039
1973-08-05,23,0.025
1973-08-06,27,0.029
1973-08-07,29,0.031
1973-08-08,19,0.021
1973-08-09,27,0.029
1973-08-10,31,0.034
1973-08-11,27,0.029
1973-08-12,36,0.039
1973-08-13,36,0.039
1973-08-14,28,0.03
1973-08-15,34,0.037
1973-08-16,43,0.046
1973-08-17,22,0.024
1973-08-18,31,0.034
1973-08-19,42,0.045
1973-08-20,29,0.031
1973-08-21,4,0.004
1973-08-22,46,0.05
1973-08-23,37,0.04
1973-08-24,30,0.032
1973-08-25,30,0.032
1973-08-26,37,0.04
1973-08-27,13,0.014
1973-08-28,36,0.039
1973-08-29,25,0.027
1973-08-30,27,0.029
1973-08-31,32,0.035
1973-09-01,29,0.031
1973-09-02,41,0.044
1973-09-03,80,0.064
1973-09-04,27,0.029
1973-09-05,47,0.051
1973-09-06,29,0.031
1973-09-07,23,0.025
1973-09-08,20,0.022
1973-09-09,36,0.039
1973-09-10,11,0.012
1973-09-11,20,0.022
1973-09-12,31,0.034
1973-09-13,30,0.032
1973-09-14,28,0.03
1973-09-15,8,0.009
1973-09-16,1,0.001
1973-09-17,24,0.026
1973-09-18,19,0.021
1973-09-19,27,0.029
1973-09-20,133,0.08
1973-09-21,24,0.026
1973-09-22,48,0.052
1973-09-23,30,0.032
1973-09-24,20,0.022
1973-09-25,16,0.017
1973-09-26,10,0.011
1973-09-27,16,0.017
1973-09-28,11,0.012
1973-09-29,10,0.011
1973-09-30,6,0.007
1973-10-31,16,0.017
1973-11-01,18,0.019
1973-11-02,6,0.007
1973-11-03,6,0.006
1973-11-04,7,0.008
1973-11-05,12,0.013
1973-11-06,1,0.001
1973-11-07,6,0.006
1973-11-08,8,0.009
1973-11-09,3,0.003
1973-11-12,,0.0
1973-11-14,24,0.026
1973-11-15,0,0.0
1973-11-16,7,0.008
1973-11-17,0,0.0
1973-11-19,15,0.016
1973-11-20,21,0.023
1973-11-21,23,0.025
1973-11-22,22,0.024
1973-11-23,14,0.015
1973-11-24,19,0.021
1973-11-25,6,0.007
1973-11-26,7,0.008
1973-11-27,24,0.026
1973-11-28,18,0.019
1973-11-29,2,0.002
1973-11-30,4,0.004
1973-12-01,14,0.015
1973-12-02,14,0.015
1973-12-03,10,0.011
1973-12-04,9,0.01
1973-12-05,9,0.01
1973-12-06,6,0.007
1973-12-07,6,0.006
1973-12-08,16,0.017
1973-12-09,20,0.022
1973-12-10,3,0.003
1973-12-11,4,0.004
1973-12-12,19,0.021
1973-12-13,6,0.007
1973-12-14,16,0.017
1973-12-15,,0.019
1973-12-16,5,0.005
1973-12-17,4,0.004
1973-12-18,5,0.005
1973-12-19,14,0.015
1973-12-20,9,0.01
1973-12-21,1,0.001
1973-12-22,13,0.014
1973-12-23,0,0.0
1973-12-24,19,0.021
1973-12-25,19,0.021
1973-12-26,14,0.015
1973-12-27,18,0.019
1973-12-28,19,0.02
1973-12-29,15,0.016
1973-12-30,19,0.02
1973-12-31,14,0.015
1974-01-01,21,0.023
1974-01-02,9,0.01
1974-01-03,11,0.012
1974-01-04,12,0.013
1974-01-05,17,0.018
1974-01-06,23,0.025
1974-01-07,9,0.01
1974-01-08,12,0.013
1974-01-09,5,0.005
1974-01-10,11,0.012
1974-01-11,6,0.006
1974-01-12,28,0.03
1974-01-13,47,0.051
1974-01-14,11,0.012
1974-01-15,12,0.013
1974-01-16,7,0.008
1974-01-17,7,0.008
1974-01-18,11,0.012
1974-01-19,10,0.011
1974-01-20,17,0.018
1974-01-21,10,0.011
1974-01-22,14,0.015
1974-01-23,8,0.009
1974-01-24,14,0.015
1974-01-25,14,0.015
1974-01-26,19,0.02
1974-01-27,21,0.023
1974-01-28,19,0.02
1974-01-29,21,0.023
1974-01-30,19,0.021
1974-01-31,12,0.013
1974-02-01,21,0.023
1974-02-02,25,0.027
1974-02-03,26,0.028
1974-02-04,19,0.021
1974-02-05,17,0.018
1974-02-06,17,0.018
1974-02-07,15,0.016
1974-02-08,17,0.018
1974-02-09,25,0.027
1974-02-10,39,0.042
1974-02-11,15,0.016
1974-02-12,21,0.023
1974-02-13,19,0.021
1974-02-14,25,0.027
1974-02-15,17,0.018
1974-02-16,26,0.028
1974-02-17,23,0.025
1974-02-18,29,0.031
1974-02-19,21,0.023
1974-02-20,14,0.015
1974-02-21,15,0.016
1974-02-22,31,0.033
1974-02-23,23,0.025
1974-02-24,28,0.03
1974-02-25,21,0.023
1974-02-26,16,0.017
1974-02-27,24,0.026
1974-02-28,28,0.03
1974-03-01,22,0.024
1974-03-02,24,0.026
1974-03-03,32,0.035
1974-03-04,24,0.026
1974-03-05,26,0.028
1974-03-06,23,0.025
1974-03-07,19,0.021
1974-03-08,23,0.025
1974-03-09,21,0.023
1974-03-10,19,0.02
1974-03-11,24,0.026
1974-03-12,25,0.027
1974-03-13,23,0.025
1974-03-14,19,0.02
1974-03-15,20,0.022
1974-03-16,23,0.025
1974-03-17,32,0.035
1974-03-18,16,0.017
1974-03-19,32,0.035
1974-03-20,17,0.018
1974-03-21,28,0.03
1974-03-22,19,0.021
1974-03-23,32,0.035
1974-03-24,67,0.06
1974-03-25,26,0.028
1974-03-26,31,0.033
1974-03-27,37,0.04
1974-03-28,36,0.039
1974-03-29,28,0.03
1974-03-30,39,0.042
1974-03-31,29,0.031
1974-04-01,19,0.021
1974-04-02,12,0.013
1974-04-03,32,0.035
1974-04-04,24,0.026
1974-04-05,26,0.028
1974-04-06,37,0.04
1974-04-07,36,0.039
1974-04-08,32,0.035
1974-04-09,32,0.035
1974-04-10,41,0.044
1974-04-11,21,0.023
1974-04-12,31,0.033
1974-04-13,31,0.033
1974-04-14,43,0.046
1974-04-15,35,0.038
1974-04-16,42,0.045
1974-04-17,41,0.044
1974-04-18,42,0.045
1974-04-19,30,0.032
1974-04-20,46,0.05
1974-04-21,31,0.033
1974-04-22,39,0.042
1974-04-23,40,0.043
1974-04-24,45,0.049
1974-04-25,34,0.037
1974-04-26,33,0.036
1974-04-27,46,0.05
1974-04-28,36,0.039
1974-04-29,6,0.006
1974-04-30,43,0.046
1974-05-01,31,0.033
1974-05-02,35,0.038
1974-05-03,30,0.032
1974-05-04,43,0.046
1974-05-05,48,0.052
1974-05-06,51,0.055
1974-05-07,46,0.05
1974-05-08,33,0.036
1974-05-09,31,0.033
1974-05-10,26,0.028
1974-05-11,47,0.051
1974-05-12,136,0.081
1974-05-13,32,0.035
1974-05-14,40,0.043
1974-05-15,58,0.057
1974-05-16,38,0.041
1974-05-17,25,0.027
1974-05-18,43,0.046
1974-05-19,32,0.035
1974-05-20,44,0.047
1974-05-21,42,0.045
1974-05-22,39,0.042
1974-05-23,48,0.052
1974-05-24,22,0.024
1974-05-25,37,0.04
1974-05-26,49,0.053
1974-05-27,37,0.04
1974-05-28,30,0.032
1974-05-29,38,0.041
1974-05-30,37,0.04
1974-05-31,38,0.041
1974-06-01,44,0.047
1974-06-02,44,0.047
1974-06-03,39,0.042
1974-06-04,42,0.045
1974-06-05,18,0.019
1974-06-06,19,0.02
1974-06-07,38,0.041
1974-06-08,26,0.028
1974-06-09,37,0.04
1974-06-10,51,0.055
1974-06-11,41,0.044
1974-06-12,51,0.055
1974-06-13,43,0.046
1974-06-14,37,0.04
1974-06-15,41,0.044
1974-06-16,126,0.078
1974-06-17,42,0.045
1974-06-18,44,0.047
1974-06-19,58,0.057
1974-06-20,58,0.057
1974-06-21,49,0.053
1974-06-22,49,0.053
1974-06-23,105,0.072
1974-06-24,49,0.053
1974-06-25,161,0.09
1974-06-26,150,0.085
1974-06-27,51,0.055
1974-06-28,58,0.057
1974-06-29,47,0.051
1974-06-30,100,0.07
1974-07-01,27,0.029
1974-07-02,35,0.038
1974-07-03,39,0.042
1974-07-04,108,0.073
1974-07-05,45,0.049
1974-07-06,67,0.06
1974-07-07,40,0.043
1974-07-08,50,0.054
1974-07-09,48,0.052
1974-07-10,54,0.056
1974-07-11,43,0.046
1974-07-12,105,0.072
1974-07-13,119,0.076
1974-07-14,47,0.051
1974-07-15,45,0.049
1974-07-16,40,0.043
1974-07-17,115,0.075
1974-07-18,143,0.083
1974-07-19,46,0.05
1974-07-20,93,0.068
1974-07-21,49,0.053
1974-07-22,46,0.05
1974-07-23,48,0.052
1974-07-24,35,0.038
1974-07-25,93,0.068
1974-07-26,49,0.053
1974-07-27,51,0.055
1974-07-28,61,0.058
1974-07-29,39,0.042
1974-07-30,46,0.05
1974-07-31,43,0.046
1974-08-01,42,0.045
1974-08-02,22,0.024
1974-08-03,71,0.061
1974-08-04,108,0.073
1974-08-05,28,0.03
1974-08-06,51,0.055
1974-08-07,35,0.038
1974-08-08,45,0.049
1974-08-09,25,0.027
1974-08-10,43,0.046
1974-08-11,90,0.067
1974-08-12,44,0.047
1974-08-13,34,0.037
1974-08-14,47,0.051
1974-08-15,74,0.062
1974-08-16,36,0.039
1974-08-17,49,0.053
1974-08-18,47,0.051
1974-08-19,26,0.028
1974-08-20,26,0.028
1974-08-21,29,0.031
1974-08-22,51,0.055
1974-08-23,42,0.045
1974-08-24,43,0.046
1974-08-25,101,0.071
1974-08-26,35,0.038
1974-08-27,23,0.025
1974-08-28,23,0.025
1974-08-29,64,0.059
1974-08-30,32,0.035
1974-08-31,133,0.08
1974-09-01,14,0.015
1974-09-02,12,0.013
1974-09-03,43,0.046
1974-09-04,140,0.082
1974-09-05,34,0.037
1974-09-06,34,0.037
1974-09-07,71,0.061
1974-09-08,41,0.044
1974-09-09,42,0.045
1974-09-10,38,0.041
1974-09-11,14,0.015
1974-09-12,7,0.008
1974-09-13,14,0.015
1974-09-14,40,0.043
1974-09-15,28,0.03
1974-09-16,22,0.024
1974-09-17,34,0.037
1974-09-18,32,0.035
1974-09-19,23,0.025
1974-09-20,15,0.016
1974-09-21,39,0.042
1974-09-22,54,0.056
1974-09-23,34,0.037
1974-09-24,26,0.028
1974-09-25,37,0.04
1974-09-26,42,0.045
1974-09-27,9,0.01
1974-09-28,33,0.036
1974-09-29,40,0.043
1974-09-30,43,0.046
1974-10-01,37,0.04
1974-10-02,24,0.026
1974-10-03,29,0.031
1974-10-04,36,0.039
1974-10-05,26,0.028
1974-10-06,11,0.012
1974-10-07,32,0.035
1974-10-08,31,0.033
1974-10-09,19,0.02
1974-10-10,13,0.014
1974-10-15,0,0.0
1974-10-16,0,0.0
1974-10-17,4,0.004
1974-10-18,17,0.018
1974-10-19,27,0.029
1974-10-20,61,0.058
1974-10-21,12,0.013
1974-10-22,9,0.01
1974-10-23,12,0.013
1974-10-24,6,0.006
1974-10-25,23,0.025
1974-10-26,32,0.035
1974-10-27,36,0.039
1974-10-28,14,0.015
1974-10-29,12,0.013
1974-10-30,7,0.008
1974-10-31,17,0.018
1974-11-01,15,0.016
1974-11-02,9,0.01
1974-11-03,9,0.01
1974-11-04,15,0.016
1974-11-05,19,0.02
1974-11-06,5,0.005
1974-11-07,15,0.016
1974-11-08,17,0.018
1974-11-09,7,0.008
1974-11-10,28,0.03
1974-11-11,18,0.019
1974-11-12,26,0.028
1974-11-13,16,0.017
1974-11-14,12,0.013
1974-11-15,13,0.014
1974-11-16,21,0.023
1974-11-17,26,0.028
1974-11-18,15,0.016
1974-11-19,11,0.012
1974-11-20,19,0.021
1974-11-21,6,0.006
1974-11-22,8,0.009
1974-11-23,21,0.023
1974-11-24,16,0.017
1974-11-25,20,0.022
1974-11-26,12,0.013
1974-11-27,2,0.002
1974-11-28,10,0.011
1974-11-29,11,0.012
1974-11-30,14,0.015
1974-12-01,13,0.014
1974-12-02,10,0.011
1974-12-03,6,0.006
1974-12-04,6,0.007
1974-12-05,9,0.01
1974-12-06,7,0.008
1974-12-07,6,0.007
1974-12-08,8,0.009
1974-12-09,5,0.005
1974-12-10,9,0.01
1974-12-11,13,0.014
1974-12-12,19,0.021
1974-12-13,9,0.01
1974-12-14,17,0.018
1974-12-15,21,0.023
1974-12-16,15,0.016
1974-12-17,14,0.015
1974-12-18,25,0.027
1974-12-19,19,0.02
1974-12-20,11,0.012
1974-12-21,16,0.017
1974-12-22,23,0.025
1974-12-23,12,0.013
1974-12-24,9,0.01
1974-12-25,13,0.014
1974-12-26,5,0.005
1974-12-27,5,0.005
1974-12-28,14,0.015
1974-12-29,13,0.014
1974-12-30,6,0.007
1974-12-31,9,0.01
1975-01-01,7,0.008
1975-01-02,7,0.008
1975-01-03,16,0.017
1975-01-04,20,0.022
1975-01-05,22,0.024
1975-01-06,19,0.02
1975-01-07,16,0.017
1975-01-08,6,0.007
1975-01-09,8,0.009
1975-01-10,13,0.014
1975-01-11,12,0.013
1975-01-12,17,0.018
1975-01-13,12,0.013
1975-01-14,6,0.006
1975-01-15,9,0.01
1975-01-16,10,0.011
1975-01-17,15,0.016
1975-01-18,18,0.019
1975-01-19,19,0.02
1975-01-20,20,0.022
1975-01-21,13,0.014
1975-01-22,12,0.013
1975-01-23,11,0.012
1975-01-24,16,0.017
1975-01-25,20,0.022
1975-01-26,29,0.031
1975-01-27,4,0.004
1975-01-28,14,0.015
1975-01-29,11,0.012
1975-01-30,19,0.02
1975-01-31,14,0.015
1975-02-01,15,0.016
1975-02-02,1,0.001
1975-02-03,10,0.011
1975-02-04,7,0.008
1975-02-05,10,0.011
1975-02-06,15,0.016
1975-02-07,15,0.016
1975-02-08,12,0.013
1975-02-09,46,0.05
1975-02-10,26,0.028
1975-02-11,22,0.024
1975-02-12,14,0.015
1975-02-13,17,0.018
1975-02-14,16,0.017
1975-02-15,19,0.021
1975-02-16,18,0.019
1975-02-17,16,0.017
1975-02-18,25,0.027
1975-02-19,19,0.021
1975-02-20,23,0.025
1975-02-21,18,0.019
1975-02-22,22,0.024
1975-02-23,18,0.019
1975-02-24,26,0.028
1975-02-25,24,0.026
1975-02-26,20,0.022
1975-02-27,19,0.021
1975-02-28,13,0.014
1975-03-01,21,0.023
1975-03-02,20,0.022
1975-03-03,19,0.02
1975-03-04,24,0.026
1975-03-05,30,0.032
1975-03-06,16,0.017
1975-03-07,6,0.007
1975-03-08,12,0.013
1975-03-09,13,0.014
1975-03-10,6,0.006
1975-03-11,15,0.016
1975-03-12,19,0.02
1975-03-13,31,0.034
1975-03-14,31,0.033
1975-03-15,19,0.02
1975-03-16,35,0.038
1975-03-17,27,0.029
1975-03-18,9,0.01
1975-03-19,29,0.031
1975-03-20,36,0.039
1975-03-21,23,0.025
1975-03-24,25,0.027
1975-03-25,22,0.024
1975-03-26,23,0.025
1975-03-27,20,0.022
1975-03-28,29,0.031
1975-03-29,5,0.005
1975-03-30,28,0.03
1975-03-31,22,0.024
1975-04-01,26,0.028
1975-04-02,37,0.04
1975-04-03,93,0.068
1975-04-04,77,0.063
1975-04-05,49,0.053
1975-04-06,36,0.039
1975-04-07,40,0.043
1975-04-08,33,0.036
1975-04-09,31,0.033
1975-04-10,19,0.021
1975-04-11,14,0.015
1975-04-12,37,0.04
1975-04-13,34,0.037
1975-04-14,31,0.034
1975-04-15,37,0.04
1975-04-16,38,0.041
1975-04-17,29,0.031
1975-04-18,36,0.039
1975-04-19,49,0.053
1975-04-20,42,0.045
1975-04-21,35,0.038
1975-04-22,45,0.049
1975-04-23,36,0.039
1975-04-24,39,0.042
1975-04-25,34,0.037
1975-04-26,33,0.036
1975-04-27,33,0.036
1975-04-28,35,0.038
1975-04-29,35,0.038
1975-04-30,11,0.012
1975-05-01,36,0.039
1975-05-02,31,0.033
1975-05-03,44,0.047
1975-05-04,182,0.098
1975-05-05,37,0.04
1975-05-06,41,0.044
1975-05-07,29,0.031
1975-05-08,37,0.04
1975-05-09,35,0.038
1975-05-10,44,0.048
1975-05-11,48,0.052
1975-05-12,31,0.034
1975-05-13,41,0.044
1975-05-14,45,0.049
1975-05-15,67,0.06
1975-05-16,58,0.057
1975-05-17,43,0.046
1975-05-18,61,0.058
1975-05-19,41,0.044
1975-05-20,21,0.023
1975-05-21,11,0.012
1975-05-22,34,0.037
1975-05-23,37,0.04
1975-05-24,64,0.059
1975-05-25,48,0.052
1975-05-26,64,0.059
1975-05-27,38,0.041
1975-05-28,27,0.029
1975-05-29,11,0.012
1975-05-30,33,0.036
1975-05-31,54,0.056
1975-06-01,74,0.062
1975-06-02,40,0.043
1975-06-03,49,0.053
1975-06-04,37,0.04
1975-06-05,67,0.06
1975-06-06,44,0.047
1975-06-07,45,0.049
1975-06-08,40,0.043
1975-06-09,22,0.024
1975-06-10,17,0.018
1975-06-11,34,0.037
1975-06-12,39,0.042
1975-06-13,36,0.039
1975-06-14,39,0.042
1975-06-15,47,0.051
1975-06-16,30,0.032
1975-06-17,32,0.035
1975-06-18,41,0.044
1975-06-19,41,0.044
1975-06-20,64,0.059
1975-06-21,61,0.058
1975-06-22,58,0.057
1975-06-23,40,0.043
1975-06-24,43,0.046
1975-06-25,36,0.039
1975-06-26,61,0.058
1975-06-27,90,0.067
1975-06-28,54,0.056
1975-06-29,61,0.058
1975-06-30,51,0.055
1975-07-01,67,0.06
1975-07-02,61,0.058
1975-07-03,71,0.061
1975-07-04,87,0.066
1975-07-05,49,0.053
1975-07-06,100,0.07
1975-07-07,36,0.039
1975-07-08,44,0.047
1975-07-09,39,0.042
1975-07-10,36,0.039
1975-07-11,44,0.047
1975-07-12,97,0.069
1975-07-13,119,0.076
1975-07-14,71,0.061
1975-07-15,54,0.056
1975-07-16,77,0.063
1975-07-17,54,0.056
1975-07-18,115,0.075
1975-07-19,74,0.062
1975-07-20,50,0.054
1975-07-21,77,0.063
1975-07-22,46,0.05
1975-07-23,35,0.038
1975-07-24,35,0.038
1975-07-25,64,0.059
1975-07-26,64,0.059
1975-07-27,77,0.063
1975-07-28,90,0.067
1975-07-29,100,0.07
1975-07-30,46,0.05
1975-07-31,64,0.059
1975-08-01,39,0.042
1975-08-02,67,0.06
1975-08-03,58,0.057
1975-08-04,51,0.055
1975-08-05,61,0.058
1975-08-06,39,0.042
1975-08-07,47,0.051
1975-08-08,49,0.053
1975-08-09,44,0.048
1975-08-10,47,0.051
1975-08-11,39,0.042
1975-08-12,26,0.028
1975-08-13,23,0.025
1975-08-14,34,0.037
1975-08-15,40,0.043
1975-08-20,6,0.007
1975-08-21,87,0.066
1975-08-22,61,0.058
1975-08-23,37,0.04
1975-08-24,42,0.045
1975-08-25,33,0.036
1975-08-26,38,0.041
1975-08-27,28,0.03
1975-08-28,64,0.059
1975-08-29,30,0.032
1975-08-30,71,0.061
1975-08-31,46,0.05
1975-09-01,41,0.044
1975-09-02,31,0.033
1975-09-03,38,0.041
1975-09-04,28,0.03
1975-09-05,39,0.042
1975-09-06,30,0.032
1975-09-07,5,0.005
1975-09-08,31,0.033
1975-09-09,24,0.026
1975-09-10,24,0.026
1975-09-11,8,0.009
1975-09-12,6,0.006
1975-09-13,0,0.0
1975-09-14,3,0.003
1975-09-15,24,0.026
1975-09-16,15,0.016
1975-09-17,13,0.014
1975-09-18,13,0.014
1975-09-19,14,0.015
1975-09-20,11,0.012
1975-09-21,13,0.014
1975-09-22,11,0.012
1975-09-23,4,0.004
1975-10-10,19,0.021
1975-10-11,24,0.026
1975-10-12,25,0.027
1975-10-13,22,0.024
1975-10-14,17,0.018
1975-10-15,26,0.028
1975-10-16,22,0.024
1975-10-17,26,0.028
1975-10-18,37,0.04
1975-10-19,38,0.041
1975-10-20,25,0.027
1975-10-21,22,0.024
1975-10-22,8,0.009
1975-10-23,13,0.014
1975-10-24,22,0.024
1975-10-25,25,0.027
1975-10-26,36,0.039
1975-10-27,17,0.018
1975-10-28,22,0.024
1975-10-29,24,0.026
1975-10-30,14,0.015
1975-10-31,8,0.009
1975-11-01,25,0.027
1975-11-02,23,0.025
1975-11-03,17,0.018
1975-11-04,17,0.018
1975-11-05,27,0.029
1975-11-06,21,0.023
1975-11-07,22,0.024
1975-11-08,16,0.017
1975-11-10,25,0.027
1975-11-11,21,0.023
1975-11-12,17,0.018
1975-11-13,10,0.011
1975-11-14,10,0.011
1975-11-15,31,0.033
1975-11-16,24,0.026
1975-11-17,5,0.005
1975-11-18,13,0.014
1975-11-19,13,0.014
1975-11-20,14,0.015
1975-11-21,9,0.01
1975-11-22,16,0.017
1975-11-23,26,0.028
1975-11-24,12,0.013
1975-11-25,15,0.016
1975-11-26,3,0.003
1975-11-27,15,0.016
1975-11-28,7,0.008
1975-11-29,10,0.011
1975-11-30,19,0.021
1975-12-01,11,0.012
1975-12-02,6,0.006
1975-12-03,4,0.004
1975-12-04,8,0.009
1975-12-05,7,0.008
1975-12-06,7,0.008
1975-12-07,14,0.015
1975-12-08,8,0.009
1975-12-09,9,0.01
1975-12-10,6,0.007
1975-12-11,5,0.005
1975-12-12,4,0.004
1975-12-13,6,0.007
1975-12-14,17,0.018
1975-12-15,12,0.013
1975-12-16,10,0.011
1975-12-17,11,0.012
1975-12-18,8,0.009
1975-12-19,6,0.007
1975-12-20,9,0.01
1975-12-21,2,0.002
1975-12-22,7,0.008
1975-12-23,6,0.006
1975-12-24,9,0.01
1975-12-25,16,0.017
1975-12-26,14,0.015
1975-12-27,22,0.024
1975-12-28,17,0.018
1975-12-29,6,0.007
1975-12-30,11,0.012
1975-12-31,12,0.013
1976-01-01,19,0.02
1976-01-02,7,0.008
1976-01-03,12,0.013
1976-01-04,15,0.016
1976-01-05,11,0.012
1976-01-06,10,0.011
1976-01-07,5,0.005
1976-01-08,4,0.004
1976-01-09,12,0.013
1976-01-10,18,0.019
1976-01-11,13,0.014
1976-01-12,19,0.02
1976-01-13,3,0.003
1976-01-14,10,0.011
1976-01-15,19,0.02
1976-01-16,1,0.001
1976-01-17,11,0.012
1976-01-18,11,0.012
1976-01-19,13,0.014
1976-01-20,3,0.003
1976-01-21,8,0.009
1976-01-22,11,0.012
1976-01-23,11,0.012
1976-01-24,14,0.015
1976-01-25,19,0.02
1976-01-26,11,0.012
1976-01-27,7,0.008
1976-01-28,11,0.012
1976-01-29,10,0.011
1976-01-30,12,0.013
1976-01-31,12,0.013
1976-02-01,26,0.028
1976-02-02,16,0.017
1976-02-03,18,0.019
1976-02-04,11,0.012
1976-02-05,9,0.01
1976-02-06,13,0.014
1976-02-07,19,0.021
1976-02-08,17,0.018
1976-02-09,12,0.013
1976-02-10,19,0.02
1976-02-11,16,0.017
1976-02-12,19,0.02
1976-02-13,20,0.022
1976-02-14,28,0.03
1976-02-15,19,0.02
1976-02-16,24,0.026
1976-02-17,22,0.024
1976-02-18,17,0.018
1976-02-19,17,0.018
1976-02-20,15,0.016
1976-02-21,24,0.026
1976-02-22,20,0.022
1976-02-23,14,0.015
1976-02-24,19,0.02
1976-02-25,18,0.019
1976-02-26,18,0.019
1976-02-27,18,0.019
1976-02-28,26,0.028
1976-02-29,7,0.008
1976-03-01,20,0.022
1976-03-02,6,0.006
1976-03-03,12,0.013
1976-03-04,12,0.013
1976-03-05,24,0.026
1976-03-06,31,0.033
1976-03-07,42,0.045
1976-03-08,32,0.035
1976-03-09,26,0.028
1976-03-10,29,0.031
1976-03-11,23,0.025
1976-03-12,19,0.021
1976-03-13,31,0.034
1976-03-14,25,0.027
1976-03-15,18,0.019
1976-03-16,29,0.031
1976-03-17,28,0.03
1976-03-18,29,0.031
1976-03-19,33,0.036
1976-03-20,32,0.035
1976-03-21,35,0.038
1976-03-22,31,0.033
1976-03-23,31,0.033
1976-03-24,38,0.041
1976-03-25,31,0.034
1976-03-26,30,0.032
1976-03-27,44,0.048
1976-03-28,31,0.034
1976-03-29,11,0.012
1976-03-30,27,0.029
1976-03-31,30,0.032
1976-04-01,30,0.032
1976-04-02,33,0.036
1976-04-03,32,0.035
1976-04-04,40,0.043
1976-04-05,31,0.034
1976-04-06,33,0.036
1976-04-07,23,0.025
1976-04-08,31,0.034
1976-04-09,33,0.036
1976-04-10,46,0.05
1976-04-11,44,0.047
1976-04-12,30,0.032
1976-04-13,28,0.03
1976-04-14,23,0.025
1976-04-15,30,0.032
1976-04-16,28,0.03
1976-04-17,18,0.019
1976-04-18,40,0.043
1976-04-19,28,0.03
1976-04-20,45,0.049
1976-04-21,26,0.028
1976-04-22,32,0.035
1976-04-23,28,0.03
1976-04-24,44,0.047
1976-04-25,39,0.042
1976-04-26,16,0.017
1976-04-27,5,0.005
1976-04-28,17,0.018
1976-04-29,15,0.016
1976-04-30,21,0.023
1976-05-01,42,0.045
1976-05-02,38,0.041
1976-05-03,37,0.04
1976-05-04,32,0.035
1976-05-05,31,0.033
1976-05-06,12,0.013
1976-05-07,33,0.036
1976-05-08,34,0.037
1976-05-09,37,0.04
1976-05-10,42,0.045
1976-05-11,29,0.031
1976-05-12,32,0.035
1976-05-13,26,0.028
1976-05-14,33,0.036
1976-05-15,21,0.023
1976-05-16,42,0.045
1976-05-17,87,0.066
1976-05-18,42,0.045
1976-05-19,33,0.036
1976-05-20,38,0.041
1976-05-21,19,0.02
1976-05-22,20,0.022
1976-05-23,29,0.031
1976-05-24,33,0.036
1976-05-25,23,0.025
1976-05-26,32,0.035
1976-05-27,27,0.029
1976-05-28,20,0.022
1976-05-29,54,0.056
1976-05-30,43,0.046
1976-05-31,64,0.059
1976-06-01,46,0.05
1976-06-02,90,0.067
1976-06-03,93,0.068
1976-06-04,41,0.044
1976-06-05,61,0.058
1976-06-06,84,0.065
1976-06-07,5,0.005
1976-06-08,22,0.024
1976-06-09,42,0.045
1976-06-10,34,0.037
1976-06-11,44,0.047
1976-06-12,42,0.045
1976-06-13,51,0.055
1976-06-14,36,0.039
1976-06-15,44,0.048
1976-06-16,31,0.034
1976-06-17,23,0.025
1976-06-18,14,0.015
1976-06-19,64,0.059
1976-06-20,18,0.019
1976-06-21,80,0.064
1976-06-22,23,0.025
1976-06-23,37,0.04
1976-06-24,42,0.045
1976-06-25,39,0.042
1976-06-26,44,0.048
1976-06-27,105,0.072
1976-06-28,61,0.058
1976-06-29,15,0.016
1976-06-30,147,0.084
1976-07-01,47,0.051
1976-07-02,32,0.035
1976-07-03,80,0.064
1976-07-04,164,0.091
1976-07-05,136,0.081
1976-07-06,74,0.062
1976-07-07,49,0.053
1976-07-08,50,0.054
1976-07-09,133,0.08
1976-07-10,140,0.082
1976-07-11,100,0.07
1976-07-12,133,0.08
1976-07-13,37,0.04
1976-07-14,64,0.059
1976-07-15,47,0.051
1976-07-16,46,0.05
1976-07-17,90,0.067
1976-07-18,54,0.056
1976-07-19,46,0.05
1976-07-28,,0.121
1976-08-31,0,0.0
1976-09-01,39,0.042
1976-09-02,50,0.054
1976-09-03,51,0.055
1976-09-04,71,0.061
1976-09-05,90,0.067
1976-09-06,49,0.053
1976-09-07,24,0.026
1976-09-08,20,0.022
1976-09-09,5,0.005
1976-09-13,,0.022
1976-09-14,18,0.019
1976-09-15,9,0.01
1976-09-16,49,0.053
1976-09-17,47,0.051
1976-09-18,31,0.033
1976-09-19,19,0.02
1976-09-20,21,0.023
1976-09-21,41,0.044
1976-09-22,,0.0
1976-10-07,6,0.007
1976-10-08,25,0.027
1976-10-09,44,0.047
1976-10-10,39,0.042
1976-10-11,16,0.017
1976-10-13,9,0.01
1976-10-14,25,0.027
1976-10-15,28,0.03
1976-10-16,38,0.041
1976-10-17,51,0.055
1976-10-18,29,0.031
1976-10-19,31,0.033
1976-10-20,26,0.028
1976-10-21,31,0.034
1976-10-22,25,0.027
1976-10-23,31,0.034
1976-10-24,28,0.03
1976-10-25,20,0.022
1976-10-26,2,0.002
1976-10-27,23,0.025
1976-10-28,20,0.022
1976-10-29,20,0.022
1976-10-30,12,0.013
1976-10-31,38,0.041
1976-11-01,27,0.029
1976-11-02,23,0.025
1976-11-03,16,0.017
1976-11-04,19,0.021
1976-11-05,16,0.017
1976-11-06,19,0.021
1976-11-07,26,0.028
1976-11-08,10,0.011
1976-11-09,19,0.02
1976-11-10,15,0.016
1976-11-11,9,0.01
1976-11-12,5,0.005
1976-11-13,6,0.006
1976-11-14,21,0.023
1976-11-15,16,0.017
1976-11-16,17,0.018
1976-11-17,10,0.011
1976-11-18,3,0.003
1976-12-07,0,0.0
1976-12-08,11,0.012
1976-12-09,13,0.014
1976-12-10,9,0.01
1976-12-11,7,0.008
1976-12-12,14,0.015
1976-12-13,5,0.005
1976-12-14,7,0.008
1976-12-15,7,0.008
1976-12-16,4,0.004
1976-12-17,6,0.006
1976-12-18,4,0.004
1976-12-19,13,0.014
1976-12-20,2,0.002
1976-12-21,6,0.006
1976-12-22,8,0.009
1976-12-23,11,0.012
1976-12-24,12,0.013
1976-12-25,17,0.018
1976-12-26,7,0.008
1976-12-27,13,0.014
1976-12-28,15,0.016
1976-12-29,10,0.011
1976-12-30,9,0.01
1976-12-31,7,0.008
1977-01-01,4,0.004
1977-01-02,12,0.013
1977-01-03,3,0.003
1977-01-04,7,0.008
1977-01-05,4,0.004
1977-01-06,6,0.007
1977-01-07,15,0.016
1977-01-08,14,0.015
1977-01-09,15,0.016
1977-01-10,6,0.007
1977-01-11,4,0.004
1977-01-12,11,0.012
1977-01-13,13,0.014
1977-01-14,14,0.015
1977-01-15,13,0.014
1977-01-16,15,0.016
1977-01-17,16,0.017
1977-01-18,14,0.015
1977-01-19,19,0.02
1977-01-20,21,0.023
1977-01-21,6,0.007
1977-01-22,17,0.018
1977-01-23,13,0.014
1977-01-24,17,0.018
1977-01-25,19,0.021
1977-01-26,24,0.026
1977-01-27,22,0.024
1977-01-28,11,0.012
1977-01-29,20,0.022
1977-01-30,26,0.028
1977-01-31,14,0.015
1977-02-01,6,0.006
1977-02-02,12,0.013
1977-02-03,19,0.02
1977-02-04,17,0.018
1977-02-05,12,0.013
1977-02-06,30,0.032
1977-02-07,18,0.019
1977-02-08,19,0.02
1977-02-09,22,0.024
1977-02-10,20,0.022
1977-02-11,13,0.014
1977-02-12,23,0.025
1977-02-13,29,0.031
1977-02-14,14,0.015
1977-02-15,17,0.018
1977-02-16,19,0.02
1977-02-17,20,0.022
1977-02-18,20,0.022
1977-02-19,23,0.025
1977-02-20,29,0.031
1977-02-21,12,0.013
1977-02-22,24,0.026
1977-02-23,27,0.029
1977-02-24,28,0.03
1977-02-25,10,0.011
1977-02-26,23,0.025
1977-02-27,33,0.036
1977-02-28,20,0.022
1977-03-01,13,0.014
1977-03-02,6,0.007
1977-03-03,21,0.023
1977-03-04,16,0.017
1977-03-05,30,0.032
1977-03-06,36,0.039
1977-03-07,17,0.018
1977-03-08,24,0.026
1977-03-09,19,0.021
1977-03-10,28,0.03
1977-03-11,22,0.024
1977-03-12,40,0.043
1977-03-13,32,0.035
1977-03-14,25,0.027
1977-03-15,31,0.033
1977-03-16,20,0.022
1977-03-17,27,0.029
1977-03-18,25,0.027
1977-03-19,31,0.033
1977-03-20,33,0.036
1977-03-21,26,0.028
1977-03-22,29,0.031
1977-03-23,32,0.035
1977-03-24,30,0.032
1977-03-25,29,0.031
1977-03-26,38,0.041
1977-03-27,41,0.044
1977-03-28,37,0.04
1977-03-29,35,0.038
1977-03-30,29,0.031
1977-03-31,26,0.028
1977-04-01,24,0.026
1977-04-02,23,0.025
1977-04-03,37,0.04
1977-04-04,15,0.016
1977-04-05,31,0.033
1977-04-06,31,0.034
1977-04-07,31,0.034
1977-04-08,35,0.038
1977-04-09,47,0.051
1977-04-10,39,0.042
1977-04-11,15,0.016
1977-04-12,24,0.026
1977-04-13,25,0.027
1977-04-14,32,0.035
1977-04-15,11,0.012
1977-04-16,50,0.054
1977-04-17,47,0.051
1977-04-18,6,0.007
1977-04-19,18,0.019
1977-04-20,22,0.024
1977-04-21,46,0.05
1977-04-22,41,0.044
1977-04-23,67,0.06
1977-04-24,61,0.058
1977-04-25,43,0.046
1977-04-26,44,0.048
1977-04-27,42,0.045
1977-04-28,33,0.036
1977-04-29,36,0.039
1977-04-30,100,0.07
1977-05-01,46,0.05
1977-05-02,47,0.051
1977-05-03,36,0.039
1977-05-04,51,0.055
1977-05-05,46,0.05
1977-05-06,44,0.048
1977-05-07,44,0.047
1977-05-08,101,0.071
1977-05-09,42,0.045
1977-05-10,46,0.05
1977-05-11,58,0.057
1977-05-13,21,0.023
1977-05-14,43,0.046
1977-05-15,71,0.061
1977-05-16,46,0.05
1977-05-17,43,0.046
1977-05-18,44,0.048
1977-05-19,51,0.055
1977-05-20,31,0.034
1977-05-21,50,0.054
1977-05-22,93,0.068
1977-05-23,64,0.059
1977-05-25,21,0.023
1977-05-26,23,0.025
1977-05-27,51,0.055
1977-05-28,43,0.046
1977-05-29,97,0.069
1977-05-30,122,0.077
1977-05-31,93,0.068
1977-06-01,101,0.071
1977-06-02,74,0.062
1977-06-03,47,0.051
1977-06-04,97,0.069
1977-06-05,100,0.07
1977-06-06,22,0.024
1977-06-07,48,0.052
1977-06-08,58,0.057
1977-06-09,32,0.035
1977-06-10,45,0.049
1977-06-11,61,0.058
1977-06-12,136,0.081
1977-06-13,3,0.003
1977-06-14,45,0.049
1977-06-15,45,0.049
1977-06-16,67,0.06
1977-06-17,40,0.043
1977-06-18,51,0.055
1977-06-19,58,0.057
1977-06-20,44,0.048
1977-06-21,49,0.053
1977-06-22,108,0.073
1977-06-23,54,0.056
1977-06-24,67,0.06
1977-06-25,80,0.064
1977-06-26,44,0.048
1977-06-27,46,0.05
1977-06-28,54,0.056
1977-06-29,44,0.048
1977-06-30,48,0.052
1977-07-01,58,0.057
1977-07-02,50,0.054
1977-07-03,101,0.071
1977-07-04,105,0.072
1977-07-05,87,0.066
1977-07-06,49,0.053
1977-07-07,71,0.061
1977-07-08,61,0.058
1977-07-09,44,0.048
1977-07-10,61,0.058
1977-07-11,93,0.068
1977-07-12,51,0.055
1977-07-13,35,0.038
1977-07-14,58,0.057
1977-07-15,147,0.084
1977-07-16,108,0.073
1977-07-17,126,0.078
1977-07-18,84,0.065
1977-07-19,80,0.064
1977-07-20,39,0.042
1977-07-21,19,0.021
1977-07-22,122,0.077
1977-07-23,136,0.081
1977-07-25,2,0.002
1977-07-26,93,0.068
1977-07-27,71,0.061
1977-07-28,126,0.078
1977-07-29,84,0.065
1977-07-30,77,0.063
1977-07-31,54,0.056
1977-08-01,90,0.067
1977-08-02,122,0.077
1977-08-03,97,0.069
1977-08-04,51,0.055
1977-08-05,36,0.039
1977-08-06,154,0.087
1977-08-07,126,0.078
1977-08-08,36,0.039
1977-08-09,61,0.058
1977-08-10,40,0.043
1977-08-11,20,0.022
1977-08-12,119,0.076
1977-08-13,115,0.075
1977-08-14,87,0.066
1977-08-15,46,0.05
1977-08-16,31,0.034
1977-08-17,28,0.03
1977-08-18,9,0.01
1977-08-19,22,0.024
1977-08-20,140,0.082
1977-08-21,46,0.05
1977-08-22,48,0.052
1977-08-23,108,0.073
1977-08-24,46,0.05
1977-08-25,51,0.055
1977-08-26,33,0.036
1977-08-27,49,0.053
1977-08-28,54,0.056
1977-08-29,67,0.06
1977-08-30,31,0.034
1977-08-31,29,0.031
1977-09-01,44,0.047
1977-09-02,51,0.055
1977-09-03,46,0.05
1977-09-04,45,0.049
1977-09-05,54,0.056
1977-09-06,47,0.051
1977-09-07,38,0.041
1977-09-08,30,0.032
1977-09-09,23,0.025
1977-09-10,49,0.053
1977-09-11,22,0.024
1977-09-12,24,0.026
1977-09-13,31,0.034
1977-09-14,30,0.032
1977-09-15,21,0.023
1977-09-16,19,0.021
1977-09-17,35,0.038
1977-09-18,39,0.042
1977-09-19,33,0.036
1977-09-20,30,0.032
1977-09-21,37,0.04
1977-09-22,37,0.04
1977-09-23,36,0.039
1977-09-24,41,0.044
1977-09-25,43,0.046
1977-09-26,15,0.016
1977-09-27,0,0.0
1977-09-28,25,0.027
1977-09-29,22,0.024
1977-09-30,21,0.023
1977-10-01,36,0.039
1977-10-02,20,0.022
1977-10-03,19,0.021
1977-10-04,27,0.029
1977-10-05,17,0.018
1977-10-06,3,0.003
1977-10-07,28,0.03
1977-10-08,32,0.035
1977-10-09,35,0.038
1977-10-10,12,0.013
1977-10-11,21,0.023
1977-10-12,25,0.027
1977-10-13,28,0.03
1977-10-14,21,0.023
1977-10-15,39,0.042
1977-10-16,36,0.039
1977-10-17,1,0.001
1977-10-18,25,0.027
1977-10-19,28,0.03
1977-10-20,20,0.022
1977-10-21,23,0.025
1977-10-22,17,0.018
1977-10-23,40,0.043
1977-10-24,15,0.016
1977-10-25,27,0.029
1977-10-26,29,0.031
1977-10-27,18,0.019
1977-10-28,1,0.001
1977-10-29,19,0.02
1977-11-01,23,0.025
1977-11-02,0,0.0
1977-11-03,18,0.019
1977-11-04,27,0.029
1977-11-05,15,0.016
1977-11-06,18,0.019
1977-11-07,20,0.022
1977-11-08,7,0.008
1977-11-09,19,0.021
1977-11-10,14,0.015
1977-11-11,15,0.016
1977-11-12,3,0.003
1977-11-13,26,0.028
1977-11-14,26,0.028
1977-11-15,25,0.027
1977-11-16,19,0.02
1977-11-17,18,0.019
1977-11-18,16,0.017
1977-11-19,15,0.016
1977-11-20,23,0.025
1977-11-21,12,0.013
1977-11-22,61,0.058
1977-11-25,13,0.014
1977-11-26,22,0.024
1977-11-27,19,0.021
1977-11-28,5,0.005
1977-11-29,18,0.019
1977-11-30,18,0.019
1977-12-01,20,0.022
1977-12-02,12,0.013
1977-12-03,19,0.021
1977-12-04,26,0.028
1977-12-05,10,0.011
1977-12-06,13,0.014
1977-12-07,19,0.021
1977-12-08,16,0.017
1977-12-09,7,0.008
1977-12-10,6,0.007
1977-12-11,10,0.011
1977-12-12,11,0.012
1977-12-13,15,0.016
1977-12-14,6,0.006
1977-12-15,21,0.023
1977-12-16,24,0.026
1977-12-17,23,0.025
1977-12-18,22,0.024
1977-12-19,24,0.026
1977-12-20,16,0.017
1977-12-21,11,0.012
1977-12-22,34,0.037
1977-12-23,34,0.037
1977-12-24,21,0.023
1977-12-25,9,0.01
1977-12-26,23,0.025
1977-12-27,2,0.002
1977-12-28,9,0.01
1977-12-29,1,0.001
1977-12-30,6,0.006
1977-12-31,10,0.011
1978-01-01,12,0.013
1978-01-02,16,0.017
1978-01-03,1,0.001
1978-01-04,5,0.005
1978-01-05,9,0.01
1978-01-06,12,0.013
1978-01-07,19,0.021
1978-01-08,18,0.019
1978-01-09,3,0.003
1978-01-10,2,0.002
1978-01-11,2,0.002
1978-01-12,15,0.016
1978-01-13,11,0.012
1978-01-14,1,0.001
1978-01-15,14,0.015
1978-01-16,11,0.012
1978-01-17,9,0.01
1978-01-18,15,0.016
1978-01-19,5,0.005
1978-01-20,3,0.003
1978-01-21,17,0.018
1978-01-22,19,0.02
1978-01-23,15,0.016
1978-01-24,15,0.016
1978-01-25,22,0.024
1978-01-26,7,0.008
1978-01-27,8,0.009
1978-01-28,18,0.019
1978-01-29,12,0.013
1978-01-30,11,0.012
1978-01-31,4,0.004
1978-02-01,15,0.016
1978-02-02,12,0.013
1978-02-03,9,0.01
1978-02-04,24,0.026
1978-02-05,13,0.014
1978-02-06,7,0.008
1978-02-07,7,0.008
1978-02-08,0,0.0
1978-02-09,8,0.009
1978-02-10,4,0.004
1978-02-11,23,0.025
1978-02-12,33,0.036
1978-02-13,31,0.034
1978-02-14,22,0.024
1978-02-15,31,0.034
1978-02-16,27,0.029
1978-02-17,29,0.031
1978-02-18,31,0.033
1978-02-19,32,0.035
1978-02-20,20,0.022
1978-02-21,17,0.018
1978-02-22,24,0.026
1978-02-23,20,0.022
1978-02-24,19,0.02
1978-02-25,8,0.009
1978-02-26,19,0.02
1978-02-27,10,0.011
1978-02-28,22,0.024
1978-03-01,26,0.028
1978-03-02,25,0.027
1978-03-03,26,0.028
1978-03-04,35,0.038
1978-03-05,30,0.032
1978-03-06,16,0.017
1978-03-07,22,0.024
1978-03-08,29,0.031
1978-03-09,22,0.024
1978-03-10,19,0.021
1978-03-11,36,0.039
1978-03-12,26,0.028
1978-03-13,26,0.028
1978-03-14,33,0.036
1978-03-15,30,0.032
1978-03-16,28,0.03
1978-03-17,19,0.021
1978-03-18,31,0.033
1978-03-19,29,0.031
1978-03-20,34,0.037
1978-03-21,41,0.044
1978-03-22,29,0.031
1978-03-23,13,0.014
1978-03-24,12,0.013
1978-03-25,34,0.037
1978-03-26,37,0.04
1978-03-27,35,0.038
1978-03-28,32,0.035
1978-03-29,45,0.049
1978-03-30,67,0.06
1978-03-31,33,0.036
1978-04-02,1,0.001
1978-04-03,44,0.047
1978-04-04,40,0.043
1978-04-05,8,0.009
1978-04-06,41,0.044
1978-04-07,36,0.039
1978-04-08,34,0.037
1978-04-09,19,0.021
1978-04-10,20,0.022
1978-04-11,35,0.038
1978-04-12,19,0.02
1978-04-13,25,0.027
1978-04-14,23,0.025
1978-04-15,101,0.071
1978-04-17,37,0.04
1978-04-18,38,0.041
1978-04-19,33,0.036
1978-04-20,41,0.044
1978-04-21,40,0.043
1978-04-22,42,0.045
1978-04-23,45,0.049
1978-04-24,40,0.043
1978-04-25,26,0.028
1978-04-26,34,0.037
1978-04-27,38,0.041
1978-04-28,29,0.031
1978-04-29,38,0.041
1978-04-30,22,0.024
1978-05-01,19,0.021
1978-05-02,28,0.03
1978-05-03,26,0.028
1978-05-04,35,0.038
1978-05-05,23,0.025
1978-05-06,31,0.033
1978-05-07,87,0.066
1978-05-08,35,0.038
1978-05-09,67,0.06
1978-05-10,41,0.044
1978-05-11,44,0.047
1978-05-12,40,0.043
1978-05-13,108,0.073
1978-05-14,71,0.061
1978-05-15,51,0.055
1978-05-16,64,0.059
1978-05-17,35,0.038
1978-05-18,47,0.051
1978-05-19,71,0.061
1978-05-20,45,0.049
1978-05-21,25,0.027
1978-05-22,38,0.041
1978-05-23,43,0.046
1978-05-24,39,0.042
1978-05-25,48,0.052
1978-05-26,38,0.041
1978-05-27,35,0.038
1978-05-28,25,0.027
1978-05-29,112,0.074
1978-05-30,42,0.045
1978-05-31,11,0.012
1978-06-01,8,0.009
1978-06-02,6,0.006
1978-06-03,16,0.017
1978-06-04,18,0.019
1978-06-05,14,0.015
1978-06-06,28,0.03
1978-06-07,22,0.024
1978-06-08,33,0.036
1978-06-09,43,0.046
1978-06-10,34,0.037
1978-06-11,38,0.041
1978-06-12,37,0.04
1978-06-13,28,0.03
1978-06-14,37,0.04
1978-06-15,39,0.042
1978-06-16,23,0.025
1978-06-17,44,0.048
1978-06-18,40,0.043
1978-06-19,37,0.04
1978-06-20,40,0.043
1978-06-21,49,0.053
1978-06-22,47,0.051
1978-06-23,48,0.052
1978-06-24,112,0.074
1978-06-25,77,0.063
1978-06-26,45,0.049
1978-06-27,40,0.043
1978-06-28,43,0.046
1978-06-29,37,0.04
1978-06-30,8,0.009
1978-07-01,74,0.062
1978-07-02,64,0.059
1978-07-03,27,0.029
1978-07-04,46,0.05
1978-07-05,47,0.051
1978-07-06,46,0.05
1978-07-07,108,0.073
1978-07-08,44,0.047
1978-07-09,26,0.028
1978-07-10,0,0.0
1978-07-11,58,0.057
1978-07-12,58,0.057
1978-07-13,112,0.074
1978-07-14,47,0.051
1978-07-15,101,0.071
1978-07-16,100,0.07
1978-07-17,49,0.053
1978-07-18,67,0.06
1978-07-19,74,0.062
1978-07-20,80,0.064
1978-07-21,29,0.031
1978-07-22,77,0.063
1978-07-23,77,0.063
1978-07-24,61,0.058
1978-07-25,40,0.043
1978-07-26,71,0.061
1978-07-27,64,0.059
1978-07-28,46,0.05
1978-07-29,42,0.045
1978-07-30,50,0.054
1978-07-31,41,0.044
1978-08-01,50,0.054
1978-08-02,34,0.037
1978-08-03,5,0.005
1978-08-04,74,0.062
1978-08-05,44,0.047
1978-08-06,119,0.076
1978-08-07,29,0.031
1978-08-08,30,0.032
1978-08-09,61,0.058
1978-08-10,93,0.068
1978-08-11,51,0.055
1978-08-12,133,0.08
1978-08-13,84,0.065
1978-08-14,64,0.059
1978-08-15,74,0.062
1978-08-16,47,0.051
1978-08-17,45,0.049
1978-08-18,33,0.036
1978-08-19,64,0.059
1978-08-20,93,0.068
1978-08-21,67,0.06
1978-08-22,33,0.036
1978-08-23,39,0.042
1978-08-24,44,0.048
1978-08-25,31,0.033
1978-08-26,61,0.058
1978-08-27,61,0.058
1978-08-28,44,0.047
1978-08-29,44,0.048
1978-08-30,21,0.023
1978-08-31,29,0.031
1978-09-01,54,0.056
1978-09-02,67,0.06
1978-09-03,74,0.062
1978-09-04,100,0.07
1978-09-05,112,0.074
1978-09-06,101,0.071
1978-09-07,47,0.051
1978-09-08,19,0.021
1978-09-09,101,0.071
1978-09-10,46,0.05
1978-09-11,34,0.037
1978-09-12,32,0.035
1978-09-13,32,0.035
1978-09-14,49,0.053
1978-09-15,37,0.04
1978-09-16,31,0.034
1978-09-17,36,0.039
1978-09-18,35,0.038
1978-09-19,27,0.029
1978-09-20,2,0.002
1978-09-21,40,0.043
1978-09-22,38,0.041
1978-09-23,58,0.057
1978-09-24,40,0.043
1978-09-25,41,0.044
1978-09-26,32,0.035
1978-09-27,38,0.041
1978-09-28,21,0.023
1978-09-29,19,0.02
1978-09-30,77,0.063
1978-10-01,44,0.047
1978-10-02,26,0.028
1978-10-03,22,0.024
1978-10-04,29,0.031
1978-10-05,21,0.023
1978-10-06,27,0.029
1978-10-07,25,0.027
1978-10-08,14,0.015
1978-10-09,19,0.02
1978-10-10,4,0.004
1978-10-11,17,0.018
1978-10-12,29,0.031
1978-10-13,27,0.029
1978-10-14,31,0.034
1978-10-15,29,0.031
1978-10-16,34,0.037
1978-10-17,8,0.009
1978-10-18,11,0.012
1978-10-19,20,0.022
1978-10-20,7,0.008
1978-10-21,22,0.024
1978-10-22,10,0.011
1978-10-23,11,0.012
1978-10-24,18,0.019
1978-10-25,6,0.007
1978-10-26,7,0.008
1978-10-27,9,0.01
1978-10-28,12,0.013
1978-10-29,13,0.014
1978-10-30,7,0.008
1978-10-31,23,0.025
1978-11-01,11,0.012
1978-11-02,24,0.026
1978-11-03,11,0.012
1978-11-04,27,0.029
1978-11-05,26,0.028
1978-11-06,9,0.01
1978-11-07,11,0.012
1978-11-08,13,0.014
1978-11-09,19,0.021
1978-11-11,2,0.002
1978-11-12,7,0.008
1978-11-13,14,0.015
1978-11-14,1,0.001
1978-11-15,7,0.008
1978-11-16,10,0.011
1978-11-17,13,0.014
1978-11-18,16,0.017
1978-11-19,6,0.006
1978-11-20,0,0.0
1978-11-21,2,0.002
1978-11-22,11,0.012
1978-11-23,25,0.027
1978-11-24,2,0.002
1978-11-25,4,0.004
1978-11-26,12,0.013
1978-11-27,10,0.011
1978-11-28,14,0.015
1978-11-29,6,0.006
1978-11-30,3,0.003
1978-12-01,10,0.011
1978-12-02,17,0.018
1978-12-03,16,0.017
1978-12-04,12,0.013
1978-12-05,10,0.011
1978-12-06,13,0.014
1978-12-07,11,0.012
1978-12-08,6,0.007
1978-12-09,10,0.011
1978-12-10,16,0.017
1978-12-11,5,0.005
1978-12-12,11,0.012
1978-12-13,9,0.01
1978-12-14,6,0.007
1978-12-15,9,0.01
1978-12-16,14,0.015
1978-12-17,2,0.002
1978-12-18,2,0.002
1978-12-19,19,0.02
1978-12-20,18,0.019
1978-12-21,13,0.014
1978-12-22,18,0.019
1978-12-23,13,0.014
1978-12-24,19,0.02
1978-12-25,23,0.025
1978-12-26,2,0.002
1978-12-27,7,0.008
1978-12-28,13,0.014
1978-12-29,8,0.009
1978-12-30,9,0.01
1978-12-31,10,0.011
1979-01-01,17,0.018
1979-01-02,14,0.015
1979-01-03,6,0.007
1979-01-04,8,0.009
1979-01-05,6,0.006
1979-01-06,14,0.015
1979-01-07,19,0.021
1979-01-08,9,0.01
1979-01-09,14,0.015
1979-01-10,6,0.006
1979-01-11,3,0.003
1979-01-12,9,0.01
1979-01-13,7,0.008
1979-01-14,8,0.009
1979-01-15,15,0.016
1979-01-16,12,0.013
1979-01-17,4,0.004
1979-01-18,1,0.001
1979-01-19,5,0.005
1979-01-20,10,0.011
1979-01-21,10,0.011
1979-01-22,8,0.009
1979-01-23,12,0.013
1979-01-24,7,0.008
1979-01-25,13,0.014
1979-01-26,10,0.011
1979-01-27,15,0.016
1979-01-28,19,0.021
1979-01-29,10,0.011
1979-01-30,18,0.019
1979-01-31,14,0.015
1979-02-01,10,0.011
1979-02-02,10,0.011
1979-02-03,20,0.022
1979-02-04,28,0.03
1979-02-05,9,0.01
1979-02-06,16,0.017
1979-02-07,19,0.021
1979-02-08,23,0.025
1979-02-09,16,0.017
1979-02-10,18,0.019
1979-02-11,12,0.013
1979-02-12,2,0.002
1979-02-13,17,0.018
1979-02-14,19,0.021
1979-02-15,9,0.01
1979-02-16,2,0.002
1979-02-17,24,0.026
1979-02-18,29,0.031
1979-02-19,16,0.017
1979-02-20,17,0.018
1979-02-21,17,0.018
1979-02-22,20,0.022
1979-02-23,7,0.008
1979-02-24,17,0.018
1979-02-25,20,0.022
1979-02-26,14,0.015
1979-02-27,10,0.011
1979-02-28,18,0.019
1979-03-01,19,0.02
1979-03-02,12,0.013
1979-03-03,26,0.028
1979-03-04,32,0.035
1979-03-05,21,0.023
1979-03-06,16,0.017
1979-03-07,21,0.023
1979-03-08,16,0.017
1979-03-09,25,0.027
1979-03-10,37,0.04
1979-03-11,32,0.035
1979-03-12,20,0.022
1979-03-13,21,0.023
1979-03-14,24,0.026
1979-03-15,19,0.02
1979-03-16,24,0.026
1979-03-17,32,0.035
1979-03-18,25,0.027
1979-03-19,15,0.016
1979-03-20,6,0.006
1979-03-21,12,0.013
1979-03-22,17,0.018
1979-03-23,35,0.038
1979-03-24,43,0.046
1979-03-25,44,0.048
1979-03-26,6,0.007
1979-03-27,27,0.029
1979-03-28,31,0.033
1979-03-29,27,0.029
1979-03-30,10,0.011
1979-03-31,28,0.03
1979-04-01,32,0.035
1979-04-02,36,0.039
1979-04-03,34,0.037
1979-04-04,28,0.03
1979-04-05,34,0.037
1979-04-06,26,0.028
1979-04-07,50,0.054
1979-04-08,51,0.055
1979-04-09,36,0.039
1979-04-10,11,0.012
1979-04-11,11,0.012
1979-04-12,46,0.05
1979-04-13,28,0.03
1979-04-14,58,0.057
1979-04-15,77,0.063
1979-04-16,51,0.055
1979-04-17,41,0.044
1979-04-18,25,0.027
1979-04-19,35,0.038
1979-04-20,40,0.043
1979-04-21,32,0.035
1979-04-22,31,0.034
1979-04-23,25,0.027
1979-04-24,33,0.036
1979-04-25,33,0.036
1979-04-26,35,0.038
1979-04-27,30,0.032
1979-04-28,28,0.03
1979-04-29,42,0.045
1979-04-30,26,0.028
1979-05-02,20,0.022
1979-05-03,10,0.011
1979-05-04,25,0.027
1979-05-05,31,0.034
1979-05-06,61,0.058
1979-05-07,29,0.031
1979-05-08,15,0.016
1979-05-09,19,0.02
1979-05-10,21,0.023
1979-05-11,41,0.044
1979-05-12,44,0.048
1979-05-13,47,0.051
1979-05-14,38,0.041
1979-05-15,35,0.038
1979-05-16,48,0.052
1979-05-17,39,0.042
1979-05-18,40,0.043
1979-05-19,23,0.025
1979-05-20,28,0.03
1979-05-21,51,0.055
1979-05-22,34,0.037
1979-05-23,19,0.021
1979-05-24,51,0.055
1979-05-25,26,0.028
1979-05-26,93,0.068
1979-05-27,90,0.067
1979-05-28,6,0.007
1979-05-29,32,0.035
1979-05-30,19,0.021
1979-05-31,37,0.04
1979-06-01,9,0.01
1979-06-02,80,0.064
1979-06-03,105,0.072
1979-06-04,45,0.049
1979-06-05,87,0.066
1979-06-06,36,0.039
1979-06-07,27,0.029
1979-06-08,17,0.018
1979-06-09,24,0.026
1979-06-10,44,0.048
1979-06-11,41,0.044
1979-06-12,84,0.065
1979-06-13,47,0.051
1979-06-14,38,0.041
1979-06-15,35,0.038
1979-06-16,48,0.052
1979-06-17,48,0.052
1979-06-18,41,0.044
1979-06-19,31,0.034
1979-06-20,47,0.051
1979-06-21,90,0.067
1979-06-22,46,0.05
1979-06-23,42,0.045
1979-06-24,90,0.067
1979-06-25,40,0.043
1979-06-26,50,0.054
1979-06-27,50,0.054
1979-06-28,61,0.058
1979-06-29,97,0.069
1979-06-30,44,0.047
1979-07-01,49,0.053
1979-07-02,64,0.059
1979-07-03,67,0.06
1979-07-04,22,0.024
1979-07-05,39,0.042
1979-07-06,21,0.023
1979-07-07,74,0.062
1979-07-08,61,0.058
1979-07-09,37,0.04
1979-07-10,40,0.043
1979-07-11,39,0.042
1979-07-12,54,0.056
1979-07-13,51,0.055
1979-07-14,129,0.079
1979-07-15,67,0.06
1979-07-16,44,0.048
1979-07-17,32,0.035
1979-07-18,27,0.029
1979-07-19,44,0.047
1979-07-20,51,0.055
1979-07-21,51,0.055
1979-07-22,61,0.058
1979-07-23,48,0.052
1979-07-24,47,0.051
1979-07-25,50,0.054
1979-07-26,45,0.049
1979-07-27,97,0.069
1979-07-28,64,0.059
1979-07-29,37,0.04
1979-07-30,50,0.054
1979-07-31,45,0.049
1979-08-01,61,0.058
1979-08-02,37,0.04
1979-08-03,77,0.063
1979-08-04,58,0.057
1979-08-05,47,0.051
1979-08-06,54,0.056
1979-08-07,40,0.043
1979-08-08,38,0.041
1979-08-09,36,0.039
1979-08-10,14,0.015
1979-08-11,44,0.048
1979-08-12,49,0.053
1979-08-13,19,0.02
1979-08-14,6,0.007
1979-08-15,29,0.031
1979-08-17,31,0.034
1979-08-18,33,0.036
1979-08-19,31,0.034
1979-08-20,19,0.02
1979-08-21,50,0.054
1979-08-22,40,0.043
1979-08-23,44,0.048
1979-08-24,29,0.031
1979-08-25,39,0.042
1979-08-26,48,0.052
1979-08-27,34,0.037
1979-08-28,28,0.03
1979-08-29,26,0.028
1979-08-30,32,0.035
1979-08-31,35,0.038
1979-09-01,39,0.042
1979-09-02,50,0.054
1979-09-03,33,0.036
1979-09-04,34,0.037
1979-09-05,35,0.038
1979-09-06,87,0.066
1979-09-07,90,0.067
1979-09-08,41,0.044
1979-09-09,46,0.05
1979-09-10,38,0.041
1979-09-11,6,0.006
1979-09-12,21,0.023
1979-09-13,20,0.022
1979-09-14,26,0.028
1979-09-15,47,0.051
1979-09-16,43,0.046
1979-09-17,30,0.032
1979-09-18,40,0.043
1979-09-19,39,0.042
1979-09-20,24,0.026
1979-09-21,33,0.036
1979-09-22,35,0.038
1979-09-23,50,0.054
1979-09-24,37,0.04
1979-09-25,21,0.023
1979-09-26,23,0.025
1979-09-27,29,0.031
1979-09-28,32,0.035
1979-09-29,46,0.05
1979-09-30,35,0.038
1979-10-01,29,0.031
1979-10-02,30,0.032
1979-10-03,21,0.023
1979-10-04,26,0.028
1979-10-05,21,0.023
1979-10-06,38,0.041
1979-10-07,31,0.033
1979-10-08,19,0.02
1979-10-09,7,0.008
1979-10-10,23,0.025
1979-10-11,16,0.017
1979-10-12,21,0.023
1979-10-13,19,0.021
1979-10-14,26,0.028
1979-10-15,21,0.023
1979-10-16,20,0.022
1979-10-17,13,0.014
1979-10-18,21,0.023
1979-10-19,17,0.018
1979-10-20,32,0.035
1979-10-21,12,0.013
1979-10-22,19,0.02
1979-10-23,5,0.005
1979-10-24,15,0.016
1979-10-25,26,0.028
1979-10-26,15,0.016
1979-10-27,29,0.031
1979-10-28,25,0.027
1979-10-29,20,0.022
1979-10-30,12,0.013
1979-10-31,17,0.018
1979-11-01,18,0.019
1979-11-02,13,0.014
1979-11-03,14,0.015
1979-11-04,16,0.017
1979-11-05,4,0.004
1979-11-06,6,0.006
1979-11-07,2,0.002
1979-11-08,18,0.019
1979-11-09,6,0.007
1979-11-10,20,0.022
1979-11-11,14,0.015
1979-11-12,10,0.011
1979-11-13,8,0.009
1979-11-14,9,0.01
1979-11-15,6,0.007
1979-11-16,5,0.005
1979-11-17,13,0.014
1979-11-18,28,0.03
1979-11-19,12,0.013
1979-11-20,17,0.018
1979-11-21,14,0.015
1979-11-22,14,0.015
1979-11-23,17,0.018
1979-11-24,20,0.022
1979-11-25,28,0.03
1979-11-26,9,0.01
1979-11-27,12,0.013
1979-11-28,12,0.013
1979-11-29,14,0.015
1979-11-30,6,0.006
1979-12-01,17,0.018
1979-12-02,20,0.022
1979-12-03,8,0.009
1979-12-04,24,0.026
1979-12-05,16,0.017
1979-12-06,8,0.009
1979-12-07,6,0.007
1979-12-08,4,0.004
1979-12-09,13,0.014
1979-12-10,18,0.019
1979-12-11,13,0.014
1979-12-12,6,0.006
1979-12-13,7,0.008
1979-12-14,10,0.011
1979-12-15,21,0.023
1979-12-16,12,0.013
1979-12-17,4,0.004
1979-12-18,6,0.007
1979-12-19,6,0.007
1979-12-20,7,0.008
1979-12-21,11,0.012
1979-12-22,6,0.006
1979-12-24,5,0.005
1979-12-25,13,0.014
1979-12-26,15,0.016
1979-12-27,6,0.007
1979-12-28,6,0.007
1979-12-29,11,0.012
1979-12-30,6,0.007
1979-12-31,6,0.007
1980-01-01,10,0.011
1980-01-02,8,0.009
1980-01-03,2,0.002
1980-01-04,6,0.007
1980-01-05,19,0.021
1980-01-06,19,0.021
1980-01-07,6,0.007
1980-01-08,5,0.005
1980-01-09,4,0.004
1980-01-10,23,0.025
1980-01-11,14,0.015
1980-01-12,16,0.017
1980-01-13,23,0.025
1980-01-14,5,0.005
1980-01-15,11,0.012
1980-01-16,6,0.006
1980-01-17,5,0.005
1980-01-18,9,0.01
1980-01-19,15,0.016
1980-01-20,6,0.006
1980-01-21,14,0.015
1980-01-22,6,0.006
1980-01-23,10,0.011
1980-01-24,9,0.01
1980-01-25,11,0.012
1980-01-26,19,0.021
1980-01-27,17,0.018
1980-01-28,15,0.016
1980-01-29,12,0.013
1980-01-30,16,0.017
1980-01-31,13,0.014
1980-02-01,18,0.019
1980-02-02,23,0.025
1980-02-03,14,0.015
1980-02-04,18,0.019
1980-02-05,21,0.023
1980-02-06,13,0.014
1980-02-07,9,0.01
1980-02-08,11,0.012
1980-02-09,13,0.014
1980-02-10,24,0.026
1980-02-11,19,0.021
1980-02-12,12,0.013
1980-02-13,22,0.024
1980-02-14,18,0.019
1980-02-15,16,0.017
1980-02-16,19,0.02
1980-02-17,23,0.025
1980-02-18,20,0.022
1980-02-19,29,0.031
1980-02-20,13,0.014
1980-02-21,20,0.022
1980-02-22,13,0.014
1980-02-23,14,0.015
1980-02-24,31,0.033
1980-02-25,19,0.02
1980-02-26,19,0.02
1980-02-27,19,0.02
1980-02-28,19,0.021
1980-02-29,14,0.015
1980-03-01,28,0.03
1980-03-02,24,0.026
1980-03-03,13,0.014
1980-03-04,8,0.009
1980-03-05,6,0.006
1980-03-06,21,0.023
1980-03-07,9,0.01
1980-03-08,32,0.035
1980-03-09,37,0.04
1980-03-10,22,0.024
1980-03-11,21,0.023
1980-03-12,21,0.023
1980-03-13,24,0.026
1980-03-14,21,0.023
1980-03-15,36,0.039
1980-03-16,24,0.026
1980-03-17,19,0.02
1980-03-18,19,0.021
1980-03-19,26,0.028
1980-03-20,27,0.029
1980-03-21,17,0.018
1980-03-22,14,0.015
1980-03-23,19,0.021
1980-03-24,28,0.03
1980-03-25,16,0.017
1980-03-26,19,0.02
1980-03-27,16,0.017
1980-03-28,17,0.018
1980-03-29,29,0.031
1980-03-30,40,0.043
1980-03-31,11,0.012
1980-04-01,32,0.035
1980-04-02,21,0.023
1980-04-03,31,0.033
1980-04-04,34,0.037
1980-04-05,29,0.031
1980-04-06,37,0.04
1980-04-07,33,0.036
1980-04-08,28,0.03
1980-04-09,30,0.032
1980-04-10,26,0.028
1980-04-11,21,0.023
1980-04-12,29,0.031
1980-04-13,38,0.041
1980-04-14,25,0.027
1980-04-15,31,0.034
1980-04-16,28,0.03
1980-04-17,37,0.04
1980-04-18,32,0.035
1980-04-19,44,0.047
1980-04-20,44,0.048
1980-04-21,40,0.043
1980-04-22,38,0.041
1980-04-23,12,0.013
1980-04-24,6,0.007
1980-04-25,20,0.022
1980-04-26,37,0.04
1980-04-27,31,0.034
1980-04-28,27,0.029
1980-04-29,39,0.042
1980-04-30,27,0.029
1980-05-01,11,0.012
1980-05-02,30,0.032
1980-05-03,39,0.042
1980-05-04,43,0.046
1980-05-05,24,0.026
1980-05-06,34,0.037
1980-05-07,23,0.025
1980-05-08,7,0.008
1980-05-09,36,0.039
1980-05-10,37,0.04
1980-05-11,12,0.013
1980-05-12,30,0.032
1980-05-13,34,0.037
1980-05-14,20,0.022
1980-05-15,33,0.036
1980-05-16,32,0.035
1980-05-17,26,0.028
1980-05-18,47,0.051
1980-05-19,36,0.039
1980-05-20,25,0.027
1980-05-21,33,0.036
1980-05-22,50,0.054
1980-05-23,43,0.046
1980-05-24,77,0.063
1980-05-25,49,0.053
1980-05-26,42,0.045
1980-05-27,27,0.029
1980-05-28,31,0.034
1980-05-29,33,0.036
1980-05-30,42,0.045
1980-05-31,49,0.053
1980-06-01,47,0.051
1980-06-02,41,0.044
1980-06-03,38,0.041
1980-06-04,45,0.049
1980-06-05,38,0.041
1980-06-06,44,0.047
1980-06-07,42,0.045
1980-06-08,41,0.044
1980-06-09,39,0.042
1980-06-10,49,0.053
1980-06-11,35,0.038
1980-06-12,16,0.017
1980-06-13,14,0.015
1980-06-14,74,0.062
1980-06-15,51,0.055
1980-06-16,44,0.047
1980-06-17,71,0.061
1980-06-18,93,0.068
1980-06-19,22,0.024
1980-06-20,47,0.051
1980-06-21,40,0.043
1980-06-22,93,0.068
1980-06-23,45,0.049
1980-06-24,42,0.045
1980-06-25,49,0.053
1980-06-26,37,0.04
1980-06-27,48,0.052
1980-06-28,84,0.065
1980-06-29,64,0.059
1980-06-30,41,0.044
1980-07-01,34,0.037
1980-07-02,42,0.045
1980-07-03,41,0.044
1980-07-04,77,0.063
1980-07-05,45,0.049
1980-07-06,46,0.05
1980-07-07,46,0.05
1980-07-08,61,0.058
1980-07-09,71,0.061
1980-07-10,35,0.038
1980-07-11,44,0.047
1980-07-12,58,0.057
1980-07-13,67,0.06
1980-07-14,44,0.047
1980-07-15,64,0.059
1980-07-16,46,0.05
1980-07-17,51,0.055
1980-07-18,41,0.044
1980-07-19,48,0.052
1980-07-20,74,0.062
1980-07-21,49,0.053
1980-07-22,105,0.072
1980-07-23,44,0.047
1980-07-24,38,0.041
1980-07-25,58,0.057
1980-07-26,105,0.072
1980-07-27,243,0.146
1980-07-29,71,0.061
1980-07-30,39,0.042
1980-07-31,48,0.052
1980-08-01,71,0.061
1980-08-02,71,0.061
1980-08-03,42,0.045
1980-08-04,42,0.045
1980-08-05,48,0.052
1980-08-06,48,0.052
1980-08-08,36,0.039
1980-08-09,97,0.069
1980-08-10,46,0.05
1980-08-11,45,0.049
1980-08-12,40,0.043
1980-08-13,38,0.041
1980-08-14,21,0.023
1980-08-15,44,0.047
1980-08-16,39,0.042
1980-08-17,51,0.055
1980-08-18,30,0.032
1980-08-19,27,0.029
1980-08-20,31,0.034
1980-08-21,35,0.038
1980-08-22,27,0.029
1980-08-23,24,0.026
1980-08-24,41,0.044
1980-08-25,22,0.024
1980-08-26,41,0.044
1980-08-27,32,0.035
1980-08-28,30,0.032
1980-08-29,28,0.03
1980-08-30,32,0.035
1980-08-31,46,0.05
1980-09-01,48,0.052
1980-09-02,33,0.036
1980-09-03,24,0.026
1980-09-04,35,0.038
1980-09-05,39,0.042
1980-09-06,51,0.055
1980-09-07,77,0.063
1980-09-08,22,0.024
1980-09-09,9,0.01
1980-09-10,19,0.02
1980-09-11,31,0.034
1980-09-12,18,0.019
1980-09-13,28,0.03
1980-09-14,46,0.05
1980-09-15,23,0.025
1980-09-16,22,0.024
1980-09-17,51,0.055
1980-09-18,30,0.032
1980-09-19,25,0.027
1980-09-20,34,0.037
1980-09-21,48,0.052
1980-09-22,22,0.024
1980-09-23,31,0.033
1980-09-24,33,0.036
1980-09-25,30,0.032
1980-09-26,30,0.032
1980-09-27,30,0.032
1980-09-28,44,0.048
1980-09-29,30,0.032
1980-09-30,26,0.028
1980-10-01,24,0.026
1980-10-02,25,0.027
1980-10-03,17,0.018
1980-10-04,25,0.027
1980-10-05,27,0.029
1980-10-06,27,0.029
1980-10-07,24,0.026
1980-10-08,26,0.028
1980-10-09,32,0.035
1980-10-10,22,0.024
1980-10-11,35,0.038
1980-10-12,31,0.033
1980-10-13,20,0.022
1980-10-14,19,0.021
1980-10-15,16,0.017
1980-10-16,7,0.008
1980-10-17,20,0.022
1980-10-18,22,0.024
1980-10-20,14,0.015
1980-10-21,20,0.022
1980-10-22,22,0.024
1980-10-23,15,0.016
1980-10-24,13,0.014
1980-10-25,20,0.022
1980-10-26,5,0.005
1980-10-27,3,0.003
1980-10-28,1,0.001
1980-10-29,15,0.016
1980-10-30,14,0.015
1980-10-31,11,0.012
1980-11-01,10,0.011
1980-11-02,3,0.003
1980-11-04,0,0.0
1980-11-05,15,0.016
1980-11-06,17,0.018
1980-11-07,9,0.01
1980-11-08,26,0.028
1980-11-09,0,0.0
1980-11-10,15,0.016
1980-11-11,14,0.015
1980-11-12,9,0.01
1980-11-13,11,0.012
1980-11-14,5,0.005
1980-11-15,12,0.013
1980-11-16,2,0.002
1980-11-17,7,0.008
1980-11-18,3,0.003
1980-11-19,11,0.012
1980-11-20,11,0.012
1980-11-21,6,0.006
1980-11-22,12,0.013
1980-11-23,11,0.012
1980-11-24,6,0.006
1980-11-25,3,0.003
1980-11-26,6,0.007
1980-11-27,18,0.019
1980-11-28,15,0.016
1980-11-29,16,0.017
1980-11-30,19,0.02
1980-12-01,5,0.005
1980-12-02,2,0.002
1980-12-03,4,0.004
1980-12-04,6,0.006
1980-12-05,10,0.011
1980-12-06,0,0.0
1980-12-07,1,0.001
1980-12-08,6,0.006
1980-12-09,7,0.008
1980-12-10,14,0.015
1980-12-11,6,0.006
1980-12-14,0,0.0
1980-12-15,7,0.008
1980-12-16,6,0.006
1980-12-17,0,0.0
1980-12-18,9,0.01
1980-12-19,1,0.001
1980-12-20,1,0.001
1980-12-21,9,0.01
1980-12-22,8,0.009
1980-12-23,13,0.014
1980-12-24,1,0.001
1980-12-25,14,0.015
1980-12-26,13,0.014
1980-12-27,0,0.0
1980-12-28,6,0.007
1980-12-29,6,0.006
1980-12-30,2,0.002
1980-12-31,6,0.007
1981-01-01,13,0.014
1981-01-02,1,0.001
1981-01-03,5,0.005
1981-01-04,6,0.007
1981-01-05,3,0.003
1981-01-06,8,0.009
1981-01-07,7,0.008
1981-01-08,4,0.004
1981-01-09,9,0.01
1981-01-10,6,0.007
1981-01-11,10,0.011
1981-01-12,3,0.003
1981-01-13,6,0.006
1981-01-14,9,0.01
1981-01-15,6,0.007
1981-01-16,1,0.001
1981-01-17,6,0.007
1981-01-18,13,0.014
1981-01-19,7,0.008
1981-01-20,6,0.007
1981-01-21,5,0.005
1981-01-22,7,0.008
1981-01-23,9,0.01
1981-01-24,19,0.02
1981-01-25,22,0.024
1981-01-26,7,0.008
1981-01-27,12,0.013
1981-01-28,6,0.007
1981-01-29,5,0.005
1981-01-30,3,0.003
1981-01-31,10,0.011
1981-02-01,17,0.018
1981-02-02,15,0.016
1981-02-03,5,0.005
1981-02-04,8,0.009
1981-02-05,17,0.018
1981-02-06,14,0.015
1981-02-07,15,0.016
1981-02-08,25,0.027
1981-02-09,14,0.015
1981-02-10,16,0.017
1981-02-11,10,0.011
1981-02-12,17,0.018
1981-02-13,11,0.012
1981-02-14,4,0.004
1981-02-15,27,0.029
1981-02-16,19,0.021
1981-02-17,15,0.016
1981-02-18,13,0.014
1981-02-19,11,0.012
1981-02-20,10,0.011
1981-02-21,13,0.014
1981-02-22,27,0.029
1981-02-23,15,0.016
1981-02-24,22,0.024
1981-02-25,18,0.019
1981-02-26,22,0.024
1981-02-27,19,0.021
1981-03-04,21,0.023
1981-03-05,32,0.035
1981-03-06,18,0.019
1981-03-07,19,0.021
1981-03-08,31,0.033
1981-03-09,17,0.018
1981-03-10,23,0.025
1981-03-11,28,0.03
1981-03-12,19,0.02
1981-03-13,24,0.026
1981-03-14,27,0.029
1981-03-15,29,0.031
1981-03-16,30,0.032
1981-03-17,22,0.024
1981-03-18,16,0.017
1981-03-19,15,0.016
1981-03-20,7,0.008
1981-03-21,12,0.013
1981-03-22,33,0.036
1981-03-23,20,0.022
1981-03-24,7,0.008
1981-03-25,25,0.027
1981-03-26,22,0.024
1981-03-27,24,0.026
1981-03-28,7,0.008
1981-03-29,30,0.032
1981-03-31,4,0.004
1981-04-01,26,0.028
1981-04-02,28,0.03
1981-04-03,13,0.014
1981-04-04,28,0.03
1981-04-05,37,0.04
1981-04-06,32,0.035
1981-04-07,29,0.031
1981-04-08,27,0.029
1981-04-09,31,0.034
1981-04-10,19,0.02
1981-04-11,37,0.04
1981-04-12,41,0.044
1981-04-13,28,0.03
1981-04-14,30,0.032
1981-04-15,13,0.014
1981-04-16,34,0.037
1981-04-17,40,0.043
1981-04-18,39,0.042
1981-04-19,32,0.035
1981-04-20,17,0.018
1981-04-21,32,0.035
1981-04-22,71,0.061
1981-04-23,49,0.053
1981-04-24,36,0.039
1981-04-25,38,0.041
1981-04-26,49,0.053
1981-04-27,35,0.038
1981-04-28,40,0.043
1981-04-29,27,0.029
1981-04-30,22,0.024
1981-05-01,32,0.035
1981-05-02,41,0.044
1981-05-03,35,0.038
1981-05-04,35,0.038
1981-05-05,22,0.024
1981-05-06,31,0.034
1981-05-07,2,0.002
1981-05-08,23,0.025
1981-05-09,31,0.034
1981-05-10,48,0.052
1981-05-11,28,0.03
1981-05-12,31,0.033
1981-05-13,21,0.023
1981-05-14,33,0.036
1981-05-15,28,0.03
1981-05-16,16,0.017
1981-05-17,20,0.022
1981-05-18,28,0.03
1981-05-19,32,0.035
1981-05-20,25,0.027
1981-05-21,35,0.038
1981-05-22,23,0.025
1981-05-23,31,0.034
1981-05-24,42,0.045
1981-05-25,47,0.051
1981-05-26,31,0.034
1981-05-27,37,0.04
1981-05-28,21,0.023
1981-05-29,14,0.015
1981-05-30,54,0.056
1981-05-31,32,0.035
1981-06-01,38,0.041
1981-06-02,36,0.039
1981-06-03,29,0.031
1981-06-04,39,0.042
1981-06-05,31,0.034
1981-06-06,45,0.049
1981-06-07,38,0.041
1981-06-08,34,0.037
1981-06-09,36,0.039
1981-06-10,43,0.046
1981-06-11,40,0.043
1981-06-12,34,0.037
1981-06-13,40,0.043
1981-06-14,44,0.048
1981-06-15,28,0.03
1981-06-16,37,0.04
1981-06-17,38,0.041
1981-06-18,35,0.038
1981-06-19,35,0.038
1981-06-20,51,0.055
1981-06-21,43,0.046
1981-06-22,12,0.013
1981-06-23,36,0.039
1981-06-24,42,0.045
1981-06-25,47,0.051
1981-06-26,58,0.057
1981-06-27,42,0.045
1981-06-28,42,0.045
1981-06-29,19,0.021
1981-06-30,28,0.03
1981-07-01,43,0.046
1981-07-02,19,0.02
1981-07-03,42,0.045
1981-07-04,42,0.045
1981-07-05,45,0.049
1981-07-06,49,0.053
1981-07-07,74,0.062
1981-07-08,29,0.031
1981-07-09,44,0.047
1981-07-10,51,0.055
1981-07-11,50,0.054
1981-07-12,6,0.007
1981-07-13,71,0.061
1981-07-14,33,0.036
1981-07-15,77,0.063
1981-07-16,32,0.035
1981-07-17,39,0.042
1981-07-18,46,0.05
1981-07-19,71,0.061
1981-07-20,44,0.048
1981-07-21,44,0.048
1981-07-22,36,0.039
1981-07-23,38,0.041
1981-07-24,38,0.041
1981-07-25,100,0.07
1981-07-26,25,0.027
1981-07-27,33,0.036
1981-07-28,61,0.058
1981-07-29,40,0.043
1981-07-30,44,0.047
1981-07-31,41,0.044
1981-08-01,44,0.047
1981-08-02,84,0.065
1981-08-03,46,0.05
1981-08-04,48,0.052
1981-08-05,36,0.039
1981-08-06,39,0.042
1981-08-07,34,0.037
1981-08-08,44,0.048
1981-08-09,24,0.026
1981-08-10,23,0.025
1981-08-11,30,0.032
1981-08-12,34,0.037
1981-08-13,5,0.005
1981-08-14,39,0.042
1981-08-15,30,0.032
1981-08-16,37,0.04
1981-08-17,61,0.058
1981-08-18,37,0.04
1981-08-19,58,0.057
1981-08-20,46,0.05
1981-08-21,44,0.047
1981-08-31,5,0.005
1981-09-01,45,0.049
1981-09-02,10,0.011
1981-09-03,22,0.024
1981-09-04,26,0.028
1981-09-05,45,0.049
1981-09-06,31,0.034
1981-09-07,34,0.037
1981-09-08,39,0.042
1981-09-09,33,0.036
1981-09-10,19,0.02
1981-09-11,34,0.037
1981-09-12,44,0.048
1981-09-13,47,0.051
1981-09-14,30,0.032
1981-09-15,31,0.033
1981-09-16,18,0.019
1981-09-17,30,0.032
1981-09-18,41,0.044
1981-09-19,27,0.029
1981-09-20,35,0.038
1981-09-21,28,0.03
1981-09-22,33,0.036
1981-09-23,28,0.03
1981-09-24,13,0.014
1981-09-25,31,0.033
1981-09-26,36,0.039
1981-09-27,37,0.04
1981-09-28,28,0.03
1981-09-29,12,0.013
1981-09-30,26,0.028
1981-10-01,28,0.03
1981-10-02,22,0.024
1981-10-03,24,0.026
1981-10-04,25,0.027
1981-10-05,28,0.03
1981-10-06,31,0.033
1981-10-07,28,0.03
1981-10-08,16,0.017
1981-10-09,24,0.026
1981-10-10,32,0.035
1981-10-11,27,0.029
1981-10-12,19,0.021
1981-10-13,5,0.005
1981-10-14,5,0.005
1981-10-15,3,0.003
1981-10-16,10,0.011
1981-10-17,20,0.022
1981-10-18,31,0.034
1981-10-19,19,0.02
1981-10-20,20,0.022
1981-10-21,4,0.004
1981-10-22,4,0.004
1981-10-23,16,0.017
1981-10-24,15,0.016
1981-10-25,25,0.027
1981-10-26,12,0.013
1981-10-27,12,0.013
1981-10-28,11,0.012
1981-10-29,20,0.022
1981-10-30,13,0.014
1981-10-31,21,0.023
1981-11-01,19,0.021
1981-11-02,10,0.011
1981-11-03,11,0.012
1981-11-04,14,0.015
1981-11-05,16,0.017
1981-11-06,13,0.014
1981-11-07,19,0.02
1981-11-09,14,0.015
1981-11-10,14,0.015
1981-11-11,16,0.017
1981-11-12,14,0.015
1981-11-13,10,0.011
1981-11-14,16,0.017
1981-11-15,20,0.022
1981-11-16,1,0.001
1981-11-17,8,0.009
1981-11-18,25,0.027
1981-11-19,11,0.012
1981-11-20,8,0.009
1981-11-21,16,0.017
1981-11-22,25,0.027
1981-11-23,13,0.014
1981-11-24,9,0.01
1981-11-25,11,0.012
1981-11-26,21,0.023
1981-11-27,11,0.012
1981-11-28,17,0.018
1981-11-29,6,0.007
1981-11-30,16,0.017
1981-12-01,25,0.027
1981-12-02,24,0.026
1981-12-03,15,0.016
1981-12-04,6,0.006
1981-12-05,13,0.014
1981-12-06,10,0.011
1981-12-07,9,0.01
1981-12-08,0,0.0
1981-12-09,1,0.001
1981-12-10,10,0.011
1981-12-11,6,0.007
1981-12-12,5,0.005
1981-12-13,12,0.013
1981-12-14,12,0.013
1981-12-15,24,0.026
1981-12-16,14,0.015
1981-12-17,10,0.011
1981-12-18,3,0.003
1981-12-19,12,0.013
1981-12-20,16,0.017
1981-12-21,16,0.017
1981-12-22,15,0.016
1981-12-23,6,0.007
1981-12-24,8,0.009
1981-12-25,23,0.025
1981-12-26,20,0.022
1981-12-27,17,0.018
1981-12-28,9,0.01
1981-12-29,11,0.012
1981-12-30,13,0.014
1981-12-31,14,0.015
1982-01-01,19,0.02
1982-01-02,23,0.025
1982-01-03,30,0.032
1982-01-04,14,0.015
1982-01-05,7,0.008
1982-01-06,12,0.013
1982-01-07,12,0.013
1982-01-08,16,0.017
1982-01-09,17,0.018
1982-01-10,16,0.017
1982-01-11,9,0.01
1982-01-12,11,0.012
1982-01-13,22,0.024
1982-01-14,19,0.02
1982-01-15,17,0.018
1982-01-16,22,0.024
1982-01-17,19,0.021
1982-01-18,9,0.01
1982-01-19,6,0.006
1982-01-20,6,0.006
1982-01-21,4,0.004
1982-01-22,19,0.021
1982-01-23,19,0.021
1982-01-24,21,0.023
1982-01-25,5,0.005
1982-01-26,11,0.012
1982-01-27,22,0.024
1982-01-28,7,0.008
1982-01-29,9,0.01
1982-01-30,20,0.022
1982-01-31,17,0.018
1982-02-01,13,0.014
1982-02-02,12,0.013
1982-02-03,18,0.019
1982-02-04,14,0.015
1982-02-05,15,0.016
1982-02-06,14,0.015
1982-02-07,32,0.035
1982-02-08,15,0.016
1982-02-09,9,0.01
1982-02-10,16,0.017
1982-02-11,10,0.011
1982-02-12,15,0.016
1982-02-13,22,0.024
1982-02-14,29,0.031
1982-02-15,23,0.025
1982-02-16,24,0.026
1982-02-17,21,0.023
1982-02-18,19,0.02
1982-02-19,17,0.018
1982-02-20,25,0.027
1982-02-21,24,0.026
1982-02-22,18,0.019
1982-02-23,21,0.023
1982-02-24,20,0.022
1982-02-25,15,0.016
1982-02-26,20,0.022
1982-02-27,30,0.032
1982-02-28,42,0.045
1982-03-01,6,0.006
1982-03-02,23,0.025
1982-03-03,9,0.01
1982-03-04,15,0.016
1982-03-05,13,0.014
1982-03-06,27,0.029
1982-03-07,29,0.031
1982-03-08,21,0.023
1982-03-09,31,0.033
1982-03-10,30,0.032
1982-03-11,28,0.03
1982-03-12,31,0.033
1982-03-13,26,0.028
1982-03-14,44,0.047
1982-03-15,28,0.03
1982-03-16,24,0.026
1982-03-17,29,0.031
1982-03-18,13,0.014
1982-03-19,32,0.035
1982-03-20,35,0.038
1982-03-21,36,0.039
1982-03-22,31,0.034
1982-03-23,29,0.031
1982-03-24,27,0.029
1982-03-25,23,0.025
1982-03-26,9,0.01
1982-03-27,26,0.028
1982-03-28,37,0.04
1982-03-29,37,0.04
1982-03-30,33,0.036
1982-03-31,29,0.031
1982-04-01,31,0.033
1982-04-02,31,0.033
1982-04-03,40,0.043
1982-04-04,39,0.042
1982-04-05,25,0.027
1982-04-06,30,0.032
1982-04-07,35,0.038
1982-04-08,31,0.034
1982-04-09,35,0.038
1982-04-10,46,0.05
1982-04-12,17,0.018
1982-04-13,37,0.04
1982-04-14,37,0.04
1982-04-15,34,0.037
1982-04-16,22,0.024
1982-04-17,49,0.053
1982-04-18,45,0.049
1982-04-19,27,0.029
1982-04-20,16,0.017
1982-04-21,27,0.029
1982-04-22,36,0.039
1982-04-23,35,0.038
1982-04-24,2,0.002
1982-04-25,44,0.047
1982-04-26,14,0.015
1982-04-27,13,0.014
1982-04-28,39,0.042
1982-04-29,24,0.026
1982-04-30,33,0.036
1982-05-01,58,0.057
1982-05-02,61,0.058
1982-05-03,17,0.018
1982-05-04,35,0.038
1982-05-05,6,0.007
1982-05-06,31,0.034
1982-05-07,31,0.033
1982-05-08,37,0.04
1982-05-09,44,0.047
1982-05-10,34,0.037
1982-05-11,13,0.014
1982-05-12,4,0.004
1982-05-13,23,0.025
1982-05-14,21,0.023
1982-05-15,50,0.054
1982-05-16,36,0.039
1982-05-17,46,0.05
1982-05-18,30,0.032
1982-05-19,31,0.033
1982-05-20,33,0.036
1982-05-21,42,0.045
1982-05-22,46,0.05
1982-05-23,48,0.052
1982-05-24,23,0.025
1982-05-25,25,0.027
1982-05-26,,0.072
1982-05-27,34,0.037
1982-05-28,29,0.031
1982-05-29,40,0.043
1982-05-30,23,0.025
1982-05-31,50,0.054
1982-06-01,28,0.03
1982-06-02,36,0.039
1982-06-03,38,0.041
1982-06-04,36,0.039
1982-06-05,61,0.058
1982-06-06,48,0.052
1982-06-07,37,0.04
1982-06-08,51,0.055
1982-06-09,35,0.038
1982-06-10,44,0.047
1982-06-11,33,0.036
1982-06-12,93,0.068
1982-06-13,44,0.048
1982-06-14,28,0.03
1982-06-15,24,0.026
1982-06-16,44,0.047
1982-06-17,26,0.028
1982-06-18,10,0.011
1982-06-19,156,0.088
1982-06-20,87,0.066
1982-06-21,39,0.042
1982-06-22,49,0.053
1982-06-23,40,0.043
1982-06-24,43,0.046
1982-06-25,30,0.032
1982-06-26,43,0.046
1982-06-27,67,0.06
1982-06-28,40,0.043
1982-06-29,13,0.014
1982-06-30,34,0.037
1982-07-01,44,0.047
1982-07-02,46,0.05
1982-07-03,77,0.063
1982-07-04,87,0.066
1982-07-05,37,0.04
1982-07-06,23,0.025
1982-07-07,31,0.033
1982-07-08,34,0.037
1982-07-09,28,0.03
1982-07-10,58,0.057
1982-07-11,48,0.052
1982-07-12,54,0.056
1982-07-13,35,0.038
1982-07-14,49,0.053
1982-07-15,36,0.039
1982-07-16,39,0.042
1982-07-17,97,0.069
1982-07-18,74,0.062
1982-07-19,50,0.054
1982-07-20,43,0.046
1982-07-21,67,0.06
1982-07-22,74,0.062
1982-07-23,46,0.05
1982-07-24,67,0.06
1982-07-25,67,0.06
1982-07-26,38,0.041
1982-07-27,38,0.041
1982-07-28,38,0.041
1982-07-29,22,0.024
1982-07-30,67,0.06
1982-07-31,40,0.043
1982-08-01,47,0.051
1982-08-02,31,0.034
1982-08-03,38,0.041
1982-08-04,41,0.044
1982-08-05,47,0.051
1982-08-06,129,0.079
1982-08-07,51,0.055
1982-08-08,71,0.061
1982-08-09,41,0.044
1982-08-10,27,0.029
1982-08-11,31,0.034
1982-08-12,32,0.035
1982-08-13,44,0.048
1982-08-14,49,0.053
1982-08-15,40,0.043
1982-08-16,49,0.053
1982-08-17,51,0.055
1982-08-18,44,0.048
1982-08-19,37,0.04
1982-08-20,64,0.059
1982-08-21,67,0.06
1982-08-22,58,0.057
1982-08-23,33,0.036
1982-08-24,35,0.038
1982-08-25,33,0.036
1982-08-26,39,0.042
1982-08-27,31,0.033
1982-08-28,50,0.054
1982-08-29,49,0.053
1982-08-30,30,0.032
1982-08-31,5,0.005
1982-09-01,43,0.046
1982-09-02,36,0.039
1982-09-03,61,0.058
1982-09-04,47,0.051
1982-09-05,26,0.028
1982-09-06,43,0.046
1982-09-07,21,0.023
1982-09-08,31,0.034
1982-09-09,25,0.027
1982-09-10,33,0.036
1982-09-11,9,0.01
1982-09-12,17,0.018
1982-09-13,23,0.025
1982-09-14,15,0.016
1982-09-15,23,0.025
1982-09-16,32,0.035
1982-09-17,5,0.005
1982-09-18,42,0.045
1982-09-19,37,0.04
1982-09-20,28,0.03
1982-09-21,33,0.036
1982-09-22,28,0.03
1982-09-23,29,0.031
1982-09-24,31,0.034
1982-09-25,6,0.007
1982-09-26,23,0.025
1982-09-27,14,0.015
1982-09-28,24,0.026
1982-09-29,24,0.026
1982-09-30,5,0.005
1982-10-01,6,0.006
1982-10-02,29,0.031
1982-10-03,37,0.04
1982-10-04,26,0.028
1982-10-05,19,0.02
1982-10-06,19,0.02
1982-10-07,17,0.018
1982-10-08,11,0.012
1982-10-09,21,0.023
1982-10-10,23,0.025
1982-10-11,18,0.019
1982-10-12,15,0.016
1982-10-13,19,0.02
1982-10-14,9,0.01
1982-10-15,15,0.016
1982-10-16,19,0.021
1982-10-17,25,0.027
1982-10-18,22,0.024
1982-10-19,19,0.02
1982-10-20,16,0.017
1982-10-21,20,0.022
1982-10-22,11,0.012
1982-10-23,21,0.023
1982-10-24,18,0.019
1982-10-25,8,0.009
1982-10-26,8,0.009
1982-10-27,19,0.02
1982-10-28,22,0.024
1982-10-29,8,0.009
1982-10-30,7,0.008
1982-10-31,6,0.006
1982-11-01,12,0.013
1982-11-02,6,0.007
1982-11-03,14,0.015
1982-11-04,12,0.013
1982-11-05,4,0.004
1982-11-06,19,0.02
1982-11-07,16,0.017
1982-11-08,4,0.004
1982-11-09,3,0.003
1982-11-10,5,0.005
1982-11-11,17,0.018
1982-11-12,15,0.016
1982-11-13,17,0.018
1982-11-14,19,0.02
1982-11-15,6,0.007
1982-11-16,6,0.007
1982-11-17,10,0.011
1982-11-18,11,0.012
1982-11-19,15,0.016
1982-11-20,19,0.021
1982-11-21,18,0.019
1982-11-22,6,0.007
1982-11-23,6,0.007
1982-11-24,4,0.004
1982-11-25,15,0.016
1982-11-26,12,0.013
1982-11-27,2,0.002
1982-11-28,17,0.018
1982-11-29,6,0.006
1982-11-30,6,0.007
1982-12-01,8,0.009
1982-12-02,8,0.009
1982-12-03,8,0.009
1982-12-04,10,0.011
1982-12-05,19,0.021
1982-12-06,12,0.013
1982-12-07,9,0.01
1982-12-08,3,0.003
1982-12-09,3,0.003
1982-12-10,1,0.001
1982-12-11,3,0.003
1982-12-12,8,0.009
1982-12-13,7,0.008
1982-12-14,18,0.019
1982-12-15,11,0.012
1982-12-16,0,0.0
1982-12-17,11,0.012
1982-12-18,26,0.028
1982-12-19,16,0.017
1982-12-20,2,0.002
1982-12-21,10,0.011
1982-12-22,15,0.016
1982-12-23,10,0.011
1982-12-24,21,0.023
1982-12-25,26,0.028
1982-12-26,28,0.03
1982-12-27,17,0.018
1982-12-28,19,0.021
1982-12-29,16,0.017
1982-12-30,13,0.014
1982-12-31,7,0.008
1983-01-01,6,0.006
1983-01-02,20,0.022
1983-01-03,7,0.008
1983-01-04,10,0.011
1983-01-05,9,0.01
1983-01-06,12,0.013
1983-01-07,1,0.001
1983-01-08,29,0.031
1983-01-09,24,0.026
1983-01-10,17,0.018
1983-01-11,0,0.0
1983-01-12,8,0.009
1983-01-13,16,0.017
1983-01-14,14,0.015
1983-01-15,4,0.004
1983-01-16,17,0.018
1983-01-17,4,0.004
1983-01-18,3,0.003
1983-01-19,12,0.013
1983-01-20,3,0.003
1983-01-21,3,0.003
1983-01-22,17,0.018
1983-01-23,25,0.027
1983-01-24,16,0.017
1983-01-25,4,0.004
1983-01-26,9,0.01
1983-01-27,7,0.008
1983-01-28,15,0.016
1983-01-29,19,0.02
1983-01-30,22,0.024
1983-01-31,7,0.008
1983-02-01,13,0.014
1983-02-02,20,0.022
1983-02-03,17,0.018
1983-02-04,12,0.013
1983-02-05,22,0.024
1983-02-06,24,0.026
1983-02-07,15,0.016
1983-02-08,8,0.009
1983-02-09,22,0.024
1983-02-10,21,0.023
1983-02-11,19,0.021
1983-02-12,16,0.017
1983-02-13,17,0.018
1983-02-14,16,0.017
1983-02-15,19,0.02
1983-02-16,9,0.01
1983-02-17,19,0.021
1983-02-18,8,0.009
1983-02-19,21,0.023
1983-02-20,27,0.029
1983-02-21,23,0.025
1983-02-22,26,0.028
1983-02-23,22,0.024
1983-02-24,8,0.009
1983-02-25,23,0.025
1983-02-26,29,0.031
1983-02-27,35,0.038
1983-02-28,19,0.02
1983-03-01,21,0.023
1983-03-02,3,0.003
1983-03-03,30,0.032
1983-03-04,6,0.007
1983-03-05,13,0.014
1983-03-06,38,0.041
1983-03-07,22,0.024
1983-03-08,19,0.021
1983-03-09,28,0.03
1983-03-10,24,0.026
1983-03-11,29,0.031
1983-03-12,27,0.029
1983-03-13,33,0.036
1983-03-14,19,0.021
1983-03-15,15,0.016
1983-03-16,14,0.015
1983-03-17,14,0.015
1983-03-18,3,0.003
1983-03-19,3,0.003
1983-03-20,1,0.001
1983-03-21,28,0.03
1983-03-22,21,0.023
1983-03-23,27,0.029
1983-03-24,36,0.039
1983-03-25,26,0.028
1983-03-26,19,0.021
1983-03-27,41,0.044
1983-03-28,24,0.026
1983-03-29,14,0.015
1983-03-30,27,0.029
1983-03-31,21,0.023
1983-04-01,17,0.018
1983-04-02,34,0.037
1983-04-03,19,0.02
1983-04-04,17,0.018
1983-04-05,22,0.024
1983-04-06,29,0.031
1983-04-07,37,0.04
1983-04-08,35,0.038
1983-04-09,31,0.034
1983-04-10,38,0.041
1983-04-11,31,0.034
1983-04-12,19,0.021
1983-04-13,22,0.024
1983-04-14,31,0.033
1983-04-15,27,0.029
1983-04-16,41,0.044
1983-04-17,44,0.047
1983-04-18,42,0.045
1983-04-19,32,0.035
1983-04-20,38,0.041
1983-04-21,21,0.023
1983-04-22,10,0.011
1983-04-23,41,0.044
1983-04-24,38,0.041
1983-04-25,31,0.034
1983-04-26,32,0.035
1983-04-27,29,0.031
1983-04-28,28,0.03
1983-04-29,26,0.028
1983-04-30,27,0.029
1983-05-01,25,0.027
1983-05-02,23,0.025
1983-05-03,34,0.037
1983-05-04,36,0.039
1983-05-05,27,0.029
1983-05-06,29,0.031
1983-05-07,9,0.01
1983-05-08,38,0.041
1983-05-09,28,0.03
1983-05-10,36,0.039
1983-05-11,8,0.009
1983-05-12,36,0.039
1983-05-13,21,0.023
1983-05-14,19,0.02
1983-05-15,44,0.047
1983-05-16,25,0.027
1983-05-17,22,0.024
1983-05-18,40,0.043
1983-05-19,16,0.017
1983-05-20,21,0.023
1983-05-21,34,0.037
1983-05-22,40,0.043
1983-05-23,40,0.043
1983-05-24,44,0.047
1983-05-25,38,0.041
1983-05-26,31,0.034
1983-05-27,27,0.029
1983-05-28,19,0.02
1983-05-29,39,0.042
1983-05-30,27,0.029
1983-05-31,24,0.026
1983-06-01,25,0.027
1983-06-02,25,0.027
1983-06-03,44,0.047
1983-06-04,37,0.04
1983-06-05,21,0.023
1983-06-06,29,0.031
1983-06-07,28,0.03
1983-06-08,28,0.03
1983-06-09,35,0.038
1983-06-10,47,0.051
1983-06-11,39,0.042
1983-06-12,33,0.036
1983-06-13,12,0.013
1983-06-14,25,0.027
1983-06-15,36,0.039
1983-06-16,28,0.03
1983-06-17,42,0.045
1983-06-18,51,0.055
1983-06-19,43,0.046
1983-06-20,49,0.053
1983-06-21,33,0.036
1983-06-22,32,0.035
1983-06-23,23,0.025
1983-06-24,38,0.041
1983-06-25,44,0.048
1983-06-26,29,0.031
1983-06-27,17,0.018
1983-06-28,32,0.035
1983-06-29,42,0.045
1983-06-30,35,0.038
1983-07-01,31,0.033
1983-07-02,31,0.034
1983-07-03,50,0.054
1983-07-04,48,0.052
1983-07-05,87,0.066
1983-07-06,50,0.054
1983-07-07,50,0.054
1983-07-08,51,0.055
1983-07-09,93,0.068
1983-07-10,11,0.012
1983-07-11,44,0.048
1983-07-12,48,0.052
1983-07-13,61,0.058
1983-07-14,49,0.053
1983-07-15,44,0.048
1983-07-16,49,0.053
1983-07-17,77,0.063
1983-07-18,58,0.057
1983-07-19,58,0.057
1983-07-20,67,0.06
1983-07-21,21,0.023
1983-07-22,39,0.042
1983-07-23,18,0.019
1983-07-24,54,0.056
1983-07-25,45,0.049
1983-07-26,35,0.038
1983-07-27,36,0.039
1983-07-28,39,0.042
1983-07-29,51,0.055
1983-07-30,58,0.057
1983-07-31,105,0.072
1983-08-01,44,0.048
1983-08-02,50,0.054
1983-08-03,80,0.064
1983-08-04,129,0.079
1983-08-05,48,0.052
1983-08-06,54,0.056
1983-08-07,87,0.066
1983-08-08,97,0.069
1983-08-09,50,0.054
1983-08-10,58,0.057
1983-08-11,67,0.06
1983-08-12,51,0.055
1983-08-13,51,0.055
1983-08-14,105,0.072
1983-08-15,112,0.074
1983-08-16,58,0.057
1983-08-17,108,0.073
1983-08-18,93,0.068
1983-08-19,46,0.05
1983-08-20,105,0.072
1983-08-21,47,0.051
1983-08-22,35,0.038
1983-08-23,58,0.057
1983-08-24,34,0.037
1983-08-25,41,0.044
1983-08-26,42,0.045
1983-08-27,90,0.067
1983-08-28,67,0.06
1983-08-29,32,0.035
1983-08-30,44,0.047
1983-08-31,87,0.066
1983-09-01,77,0.063
1983-09-02,45,0.049
1983-09-03,77,0.063
1983-09-04,44,0.047
1983-09-05,42,0.045
1983-09-06,45,0.049
1983-09-07,67,0.06
1983-09-08,46,0.05
1983-09-09,26,0.028
1983-09-10,40,0.043
1983-09-11,112,0.074
1983-09-12,31,0.034
1983-09-13,31,0.034
1983-09-14,18,0.019
1983-09-15,44,0.047
1983-09-16,44,0.047
1983-09-17,41,0.044
1983-09-18,74,0.062
1983-09-19,31,0.034
1983-09-20,29,0.031
1983-09-21,37,0.04
1983-09-22,32,0.035
1983-09-23,30,0.032
1983-09-24,25,0.027
1983-09-25,44,0.048
1983-09-26,48,0.052
1983-09-27,42,0.045
1983-09-28,31,0.033
1983-09-29,34,0.037
1983-09-30,20,0.022
1983-10-01,30,0.032
1983-10-02,37,0.04
1983-10-03,34,0.037
1983-10-04,27,0.029
1983-10-05,28,0.03
1983-10-06,29,0.031
1983-10-07,28,0.03
1983-10-08,29,0.031
1983-10-09,44,0.047
1983-10-10,32,0.035
1983-10-11,24,0.026
1983-10-12,28,0.03
1983-10-13,30,0.032
1983-10-14,25,0.027
1983-10-15,30,0.032
1983-10-16,23,0.025
1983-10-17,27,0.029
1983-10-18,15,0.016
1983-10-19,24,0.026
1983-10-20,16,0.017
1983-10-21,11,0.012
1983-10-22,30,0.032
1983-10-23,34,0.037
1983-10-24,6,0.006
1983-10-25,14,0.015
1983-10-26,20,0.022
1983-10-27,19,0.021
1983-10-28,18,0.019
1983-10-29,24,0.026
1983-10-30,28,0.03
1983-10-31,13,0.014
1983-11-01,12,0.013
1983-11-02,18,0.019
1983-11-03,22,0.024
1983-11-04,14,0.015
1983-11-05,26,0.028
1983-11-06,31,0.034
1983-11-07,24,0.026
1983-11-08,17,0.018
1983-11-09,19,0.02
1983-11-10,15,0.016
1983-11-11,6,0.006
1983-11-12,22,0.024
1983-11-13,33,0.036
1983-11-14,13,0.014
1983-11-15,6,0.006
1983-11-16,1,0.001
1983-11-17,7,0.008
1983-11-18,12,0.013
1983-11-19,22,0.024
1983-11-20,24,0.026
1983-11-21,2,0.002
1983-11-22,1,0.001
1983-11-23,16,0.017
1983-11-24,24,0.026
1983-11-25,24,0.026
1983-11-26,27,0.029
1983-11-27,29,0.031
1983-11-28,15,0.016
1983-11-29,17,0.018
1983-11-30,19,0.02
1983-12-01,10,0.011
1983-12-02,10,0.011
1983-12-03,28,0.03
1983-12-04,31,0.034
1983-12-05,17,0.018
1983-12-06,19,0.021
1983-12-07,13,0.014
1983-12-08,20,0.022
1983-12-09,2,0.002
1983-12-10,22,0.024
1983-12-11,28,0.03
1983-12-12,18,0.019
1983-12-13,12,0.013
1983-12-14,20,0.022
1983-12-15,16,0.017
1983-12-16,15,0.016
1983-12-17,16,0.017
1983-12-18,17,0.018
1983-12-19,6,0.007
1983-12-20,14,0.015
1983-12-21,18,0.019
1983-12-22,14,0.015
1983-12-23,26,0.028
1983-12-24,26,0.028
1983-12-25,29,0.031
1983-12-26,21,0.023
1983-12-27,27,0.029
1983-12-28,20,0.022
1983-12-29,9,0.01
1983-12-30,4,0.004
1983-12-31,19,0.021
1984-01-01,27,0.029
1984-01-02,19,0.02
1984-01-03,5,0.005
1984-01-04,9,0.01
1984-01-05,5,0.005
1984-01-06,9,0.01
1984-01-07,12,0.013
1984-01-08,21,0.023
1984-01-09,9,0.01
1984-01-10,7,0.008
1984-01-11,6,0.006
1984-01-12,9,0.01
1984-01-13,8,0.009
1984-01-14,19,0.02
1984-01-15,21,0.023
1984-01-16,20,0.022
1984-01-17,19,0.021
1984-01-18,14,0.015
1984-01-19,19,0.02
1984-01-20,12,0.013
1984-01-21,9,0.01
1984-01-22,30,0.032
1984-01-23,16,0.017
1984-01-24,16,0.017
1984-01-25,6,0.007
1984-01-26,15,0.016
1984-01-27,9,0.01
1984-01-28,18,0.019
1984-01-29,23,0.025
1984-01-30,13,0.014
1984-01-31,9,0.01
1984-02-01,16,0.017
1984-02-02,19,0.021
1984-02-03,19,0.021
1984-02-04,14,0.015
1984-02-05,24,0.026
1984-02-06,14,0.015
1984-02-07,12,0.013
1984-02-08,14,0.015
1984-02-09,21,0.023
1984-02-10,23,0.025
1984-02-11,21,0.023
1984-02-12,35,0.038
1984-02-13,16,0.017
1984-02-14,13,0.014
1984-02-15,16,0.017
1984-02-16,7,0.008
1984-02-17,4,0.004
1984-02-22,27,0.029
1984-02-23,24,0.026
1984-02-24,24,0.026
1984-02-25,25,0.027
1984-02-26,24,0.026
1984-02-27,19,0.02
1984-02-28,23,0.025
1984-02-29,15,0.016
1984-03-01,17,0.018
1984-03-02,25,0.027
1984-03-03,27,0.029
1984-03-04,28,0.03
1984-03-05,19,0.021
1984-03-06,13,0.014
1984-03-07,25,0.027
1984-03-08,21,0.023
1984-03-09,13,0.014
1984-03-10,30,0.032
1984-03-11,24,0.026
1984-03-12,29,0.031
1984-03-13,30,0.032
1984-03-14,29,0.031
1984-03-15,26,0.028
1984-03-16,13,0.014
1984-03-17,22,0.024
1984-03-18,19,0.021
1984-03-19,22,0.024
1984-03-20,23,0.025
1984-03-21,19,0.021
1984-03-22,11,0.012
1984-03-23,14,0.015
1984-03-24,41,0.044
1984-03-25,17,0.018
1984-03-26,19,0.02
1984-03-27,17,0.018
1984-03-28,20,0.022
1984-03-29,31,0.034
1984-03-30,21,0.023
1984-03-31,15,0.016
1984-04-01,7,0.008
1984-04-02,20,0.022
1984-04-03,19,0.02
1984-04-04,30,0.032
1984-04-05,30,0.032
1984-04-06,24,0.026
1984-04-07,34,0.037
1984-04-08,44,0.048
1984-04-09,15,0.016
1984-04-10,32,0.035
1984-04-11,40,0.043
1984-04-12,37,0.04
1984-04-13,32,0.035
1984-04-14,29,0.031
1984-04-15,40,0.043
1984-04-16,35,0.038
1984-04-17,36,0.039
1984-04-18,26,0.028
1984-04-19,36,0.039
1984-04-20,37,0.04
1984-04-21,44,0.047
1984-04-22,93,0.068
1984-04-23,44,0.048
1984-04-24,27,0.029
1984-04-25,31,0.033
1984-04-26,25,0.027
1984-04-27,26,0.028
1984-04-28,28,0.03
1984-04-29,40,0.043
1984-04-30,19,0.021
1984-05-01,27,0.029
1984-05-02,33,0.036
1984-05-03,33,0.036
1984-05-04,27,0.029
1984-05-05,32,0.035
1984-05-06,43,0.046
1984-05-07,27,0.029
1984-05-08,42,0.045
1984-05-09,23,0.025
1984-05-10,30,0.032
1984-05-11,35,0.038
1984-05-12,31,0.033
1984-05-13,40,0.043
1984-05-14,31,0.033
1984-05-15,33,0.036
1984-05-16,41,0.044
1984-05-17,39,0.042
1984-05-18,24,0.026
1984-05-19,58,0.057
1984-05-20,38,0.041
1984-05-21,30,0.032
1984-05-23,14,0.015
1984-05-24,41,0.044
1984-05-25,32,0.035
1984-05-26,44,0.048
1984-05-27,61,0.058
1984-05-28,43,0.046
1984-05-29,49,0.053
1984-05-30,37,0.04
1984-05-31,31,0.033
1984-06-01,19,0.021
1984-06-02,41,0.044
1984-06-03,42,0.045
1984-06-04,46,0.05
1984-06-05,31,0.034
1984-06-06,34,0.037
1984-06-07,38,0.041
1984-06-08,34,0.037
1984-06-09,40,0.043
1984-06-10,31,0.034
1984-06-11,44,0.048
1984-06-12,17,0.018
1984-06-13,27,0.029
1984-06-14,42,0.045
1984-06-15,23,0.025
1984-06-16,32,0.035
1984-06-17,41,0.044
1984-06-18,29,0.031
1984-06-19,38,0.041
1984-06-20,28,0.03
1984-06-21,25,0.027
1984-06-22,44,0.047
1984-06-23,21,0.023
1984-06-24,87,0.066
1984-06-25,24,0.026
1984-06-26,31,0.034
1984-06-27,44,0.048
1984-06-28,42,0.045
1984-06-29,80,0.064
1984-07-02,44,0.047
1984-07-03,36,0.039
1984-07-04,71,0.061
1984-07-05,38,0.041
1984-07-06,40,0.043
1984-07-07,37,0.04
1984-07-08,45,0.049
1984-07-09,32,0.035
1984-07-10,42,0.045
1984-07-11,84,0.065
1984-07-12,44,0.048
1984-07-13,32,0.035
1984-07-14,49,0.053
1984-07-15,43,0.046
1984-07-16,50,0.054
1984-07-17,43,0.046
1984-07-18,36,0.039
1984-07-19,44,0.048
1984-07-20,44,0.048
1984-07-21,100,0.07
1984-07-22,58,0.057
1984-07-23,43,0.046
1984-07-24,40,0.043
1984-07-25,28,0.03
1984-07-26,33,0.036
1984-07-27,34,0.037
1984-07-28,58,0.057
1984-07-29,58,0.057
1984-07-30,44,0.047
1984-07-31,33,0.036
1984-08-01,50,0.054
1984-08-02,36,0.039
1984-08-03,40,0.043
1984-08-04,64,0.059
1984-08-05,54,0.056
1984-08-06,19,0.021
1984-08-07,31,0.034
1984-08-08,37,0.04
1984-08-09,38,0.041
1984-08-10,32,0.035
1984-08-11,71,0.061
1984-08-12,77,0.063
1984-08-13,54,0.056
1984-08-14,35,0.038
1984-08-15,45,0.049
1984-08-16,51,0.055
1984-08-17,44,0.047
1984-08-18,44,0.048
1984-08-19,47,0.051
1984-08-20,24,0.026
1984-08-21,18,0.019
1984-08-22,39,0.042
1984-08-23,29,0.031
1984-08-24,23,0.025
1984-08-25,51,0.055
1984-08-26,45,0.049
1984-08-27,45,0.049
1984-08-28,31,0.034
1984-08-29,24,0.026
1984-08-30,42,0.045
1984-08-31,25,0.027
1984-09-01,40,0.043
1984-09-02,41,0.044
1984-09-03,58,0.057
1984-09-04,37,0.04
1984-09-05,32,0.035
1984-09-06,30,0.032
1984-09-07,22,0.024
1984-09-08,47,0.051
1984-09-09,46,0.05
1984-09-10,29,0.031
1984-09-11,19,0.02
1984-09-12,27,0.029
1984-09-13,20,0.022
1984-09-14,10,0.011
1984-09-15,16,0.017
1984-09-16,22,0.024
1984-09-17,37,0.04
1984-09-18,19,0.02
1984-09-19,30,0.032
1984-09-20,35,0.038
1984-09-21,26,0.028
1984-09-22,43,0.046
1984-09-23,33,0.036
1984-09-24,7,0.008
1984-09-25,12,0.013
1984-09-26,7,0.008
1984-09-27,20,0.022
1984-09-28,12,0.013
1984-09-29,31,0.034
1984-09-30,36,0.039
1984-10-01,14,0.015
1984-10-02,19,0.021
1984-10-03,17,0.018
1984-10-04,4,0.004
1984-10-05,6,0.006
1984-10-06,29,0.031
1984-10-07,34,0.037
1984-10-08,11,0.012
1984-10-09,23,0.025
1984-10-10,19,0.021
1984-10-11,23,0.025
1984-10-12,18,0.019
1984-10-13,38,0.041
1984-10-14,15,0.016
1984-10-15,16,0.017
1984-10-16,24,0.026
1984-10-17,22,0.024
1984-10-18,19,0.02
1984-10-19,19,0.02
1984-10-20,15,0.016
1984-10-21,15,0.016
1984-10-22,6,0.007
1984-10-23,5,0.005
1984-10-24,11,0.012
1984-10-25,17,0.018
1984-10-26,17,0.018
1984-10-27,17,0.018
1984-10-28,25,0.027
1984-10-29,22,0.024
1984-10-30,3,0.003
1984-10-31,16,0.017
1984-11-01,13,0.014
1984-11-02,16,0.017
1984-11-03,33,0.036
1984-11-04,34,0.037
1984-11-05,14,0.015
1984-11-06,4,0.004
1984-11-07,11,0.012
1984-11-08,18,0.019
1984-11-09,15,0.016
1984-11-10,19,0.02
1984-11-11,18,0.019
1984-11-12,6,0.007
1984-11-13,15,0.016
1984-11-14,29,0.031
1984-11-15,7,0.008
1984-11-16,2,0.002
1984-11-17,18,0.019
1984-11-18,23,0.025
1984-11-19,10,0.011
1984-11-20,8,0.009
1984-11-21,7,0.008
1984-11-22,18,0.019
1984-11-23,1,0.001
1984-11-24,7,0.008
1984-11-25,19,0.02
1984-11-26,9,0.01
1984-11-27,13,0.014
1984-11-28,19,0.021
1984-11-29,18,0.019
1984-11-30,13,0.014
1984-12-01,21,0.023
1984-12-02,26,0.028
1984-12-03,11,0.012
1984-12-04,10,0.011
1984-12-05,15,0.016
1984-12-06,21,0.023
1984-12-07,5,0.005
1984-12-08,23,0.025
1984-12-09,20,0.022
1984-12-10,5,0.005
1984-12-11,12,0.013
1984-12-12,5,0.005
1984-12-13,7,0.008
1984-12-14,7,0.008
1984-12-15,12,0.013
1984-12-16,22,0.024
1984-12-17,9,0.01
1984-12-18,1,0.001
1984-12-19,5,0.005
1984-12-20,31,0.034
1984-12-21,17,0.018
1984-12-22,28,0.03
1984-12-23,23,0.025
1984-12-24,9,0.01
1984-12-25,10,0.011
1984-12-26,6,0.007
1984-12-27,19,0.02
1984-12-28,16,0.017
1984-12-29,10,0.011
1984-12-30,10,0.011
1984-12-31,12,0.013
1985-01-01,23,0.025
1985-01-02,7,0.008
1985-01-03,3,0.003
1985-01-04,7,0.008
1985-01-05,9,0.01
1985-01-06,24,0.026
1985-01-07,3,0.003
1985-01-08,2,0.002
1985-01-09,2,0.002
1985-01-10,6,0.006
1985-01-11,6,0.006
1985-01-12,13,0.014
1985-01-13,17,0.018
1985-01-14,8,0.009
1985-01-15,14,0.015
1985-01-16,10,0.011
1985-01-17,19,0.02
1985-01-18,15,0.016
1985-01-19,27,0.029
1985-01-20,24,0.026
1985-01-21,8,0.009
1985-01-22,8,0.009
1985-01-23,9,0.01
1985-01-24,6,0.006
1985-01-25,9,0.01
1985-01-26,5,0.005
1985-01-27,14,0.015
1985-01-28,12,0.013
1985-01-29,19,0.021
1985-01-30,20,0.022
1985-01-31,18,0.019
1985-02-01,7,0.008
1985-02-02,19,0.021
1985-02-03,24,0.026
1985-02-04,12,0.013
1985-02-05,9,0.01
1985-02-06,17,0.018
1985-02-07,14,0.015
1985-02-08,13,0.014
1985-02-09,22,0.024
1985-02-10,28,0.03
1985-02-11,7,0.008
1985-02-12,11,0.012
1985-02-13,13,0.014
1985-02-14,12,0.013
1985-02-15,6,0.007
1985-02-16,16,0.017
1985-02-17,19,0.021
1985-02-18,9,0.01
1985-02-19,14,0.015
1985-02-20,15,0.016
1985-02-21,6,0.007
1985-02-22,14,0.015
1985-02-23,18,0.019
1985-02-24,22,0.024
1985-02-25,15,0.016
1985-02-26,19,0.021
1985-02-27,14,0.015
1985-02-28,19,0.021
1985-03-01,14,0.015
1985-03-02,16,0.017
1985-03-03,15,0.016
1985-03-04,17,0.018
1985-03-05,12,0.013
1985-03-07,1,0.001
1985-03-08,2,0.002
1985-03-09,0,0.0
1985-03-11,21,0.023
1985-03-12,20,0.022
1985-03-13,28,0.03
1985-03-14,20,0.022
1985-03-15,23,0.025
1985-03-16,30,0.032
1985-03-17,41,0.044
1985-03-18,33,0.036
1985-03-19,21,0.023
1985-03-20,30,0.032
1985-03-21,35,0.038
1985-03-22,30,0.032
1985-03-23,24,0.026
1985-03-24,42,0.045
1985-03-25,31,0.033
1985-03-26,35,0.038
1985-03-27,26,0.028
1985-03-28,28,0.03
1985-03-29,18,0.019
1985-03-30,26,0.028
1985-03-31,22,0.024
1985-04-01,26,0.028
1985-04-02,34,0.037
1985-04-03,37,0.04
1985-04-04,19,0.02
1985-04-05,26,0.028
1985-04-06,25,0.027
1985-04-07,37,0.04
1985-04-08,23,0.025
1985-04-09,25,0.027
1985-04-10,37,0.04
1985-04-11,33,0.036
1985-04-12,21,0.023
1985-04-13,31,0.034
1985-04-14,44,0.048
1985-04-15,37,0.04
1985-04-16,32,0.035
1985-04-17,32,0.035
1985-04-18,36,0.039
1985-04-19,23,0.025
1985-04-20,31,0.034
1985-04-21,33,0.036
1985-04-22,23,0.025
1985-04-23,37,0.04
1985-04-24,28,0.03
1985-04-25,14,0.015
1985-04-26,14,0.015
1985-04-27,38,0.041
1985-04-28,38,0.041
1985-04-29,17,0.018
1985-04-30,20,0.022
1985-05-01,34,0.037
1985-05-02,35,0.038
1985-05-03,30,0.032
1985-05-04,38,0.041
1985-05-05,45,0.049
1985-05-06,29,0.031
1985-05-07,39,0.042
1985-05-08,33,0.036
1985-05-09,23,0.025
1985-05-10,45,0.049
1985-05-11,37,0.04
1985-05-12,35,0.038
1985-05-13,26,0.028
1985-05-14,41,0.044
1985-05-15,45,0.049
1985-05-16,32,0.035
1985-05-17,21,0.023
1985-05-18,35,0.038
1985-05-19,39,0.042
1985-05-20,24,0.026
1985-05-21,27,0.029
1985-05-22,31,0.034
1985-05-23,51,0.055
1985-05-24,47,0.051
1985-05-25,44,0.048
1985-05-26,54,0.056
1985-05-27,54,0.056
1985-05-28,40,0.043
1985-05-29,50,0.054
1985-05-30,54,0.056
1985-05-31,29,0.031
1985-06-01,43,0.046
1985-06-02,38,0.041
1985-06-03,33,0.036
1985-06-04,27,0.029
1985-06-05,41,0.044
1985-06-06,35,0.038
1985-06-07,47,0.051
1985-06-08,51,0.055
1985-06-09,35,0.038
1985-06-10,30,0.032
1985-06-11,36,0.039
1985-06-12,50,0.054
1985-06-13,22,0.024
1985-06-14,31,0.034
1985-06-15,105,0.072
1985-06-16,108,0.073
1985-06-17,30,0.032
1985-06-18,39,0.042
1985-06-19,50,0.054
1985-06-20,48,0.052
1985-06-21,44,0.047
1985-06-22,77,0.063
1985-06-23,51,0.055
1985-06-24,36,0.039
1985-06-25,30,0.032
1985-06-26,28,0.03
1985-06-27,47,0.051
1985-06-28,45,0.049
1985-06-29,136,0.081
1985-07-02,46,0.05
1985-07-03,21,0.023
1985-07-04,61,0.058
1985-07-05,61,0.058
1985-07-06,41,0.044
1985-07-07,54,0.056
1985-07-08,41,0.044
1985-07-09,30,0.032
1985-07-10,33,0.036
1985-07-11,36,0.039
1985-07-12,41,0.044
1985-07-13,45,0.049
1985-07-14,39,0.042
1985-07-15,35,0.038
1985-07-16,48,0.052
1985-07-17,38,0.041
1985-07-18,31,0.034
1985-07-19,27,0.029
1985-07-20,31,0.033
1985-07-21,42,0.045
1985-07-22,77,0.063
1985-07-23,49,0.053
1985-07-24,45,0.049
1985-07-25,49,0.053
1985-07-26,39,0.042
1985-07-27,64,0.059
1985-07-28,47,0.051
1985-07-29,31,0.034
1985-07-30,36,0.039
1985-07-31,32,0.035
1985-08-01,18,0.019
1985-08-02,29,0.031
1985-08-03,74,0.062
1985-08-04,84,0.065
1985-08-05,37,0.04
1985-08-06,42,0.045
1985-08-07,33,0.036
1985-08-08,38,0.041
1985-08-09,21,0.023
1985-08-10,44,0.047
1985-08-11,47,0.051
1985-08-12,80,0.064
1985-08-13,38,0.041
1985-08-14,31,0.034
1985-08-15,42,0.045
1985-08-16,30,0.032
1985-08-17,44,0.047
1985-08-18,28,0.03
1985-08-19,41,0.044
1985-08-20,33,0.036
1985-08-21,37,0.04
1985-08-22,17,0.018
1985-08-23,43,0.046
1985-08-24,54,0.056
1985-08-25,97,0.069
1985-08-26,41,0.044
1985-08-27,28,0.03
1985-08-28,38,0.041
1985-08-29,28,0.03
1985-08-30,37,0.04
1985-08-31,36,0.039
1985-09-01,30,0.032
1985-09-02,31,0.033
1985-09-03,26,0.028
1985-09-04,25,0.027
1985-09-05,31,0.034
1985-09-06,31,0.033
1985-09-07,31,0.033
1985-09-09,25,0.027
1985-09-10,19,0.021
1985-09-11,13,0.014
1985-09-12,34,0.037
1985-09-13,33,0.036
1985-09-14,44,0.048
1985-09-15,27,0.029
1985-09-16,30,0.032
1985-09-19,30,0.032
1985-09-20,9,0.01
1985-09-21,42,0.045
1985-09-22,18,0.019
1985-09-23,17,0.018
1985-09-24,12,0.013
1985-09-25,17,0.018
1985-09-26,14,0.015
1985-09-27,16,0.017
1985-09-28,13,0.014
1985-09-29,16,0.017
1985-09-30,25,0.027
1985-10-01,17,0.018
1985-10-02,15,0.016
1985-10-03,18,0.019
1985-10-04,14,0.015
1985-10-05,23,0.025
1985-10-06,27,0.029
1985-10-07,19,0.021
1985-10-08,6,0.007
1985-10-09,2,0.002
1985-10-10,15,0.016
1985-10-11,6,0.007
1985-10-12,26,0.028
1985-10-13,14,0.015
1985-10-14,18,0.019
1985-10-15,15,0.016
1985-10-16,14,0.015
1985-10-17,18,0.019
1985-10-18,15,0.016
1985-10-19,31,0.034
1985-10-20,38,0.041
1985-10-21,24,0.026
1985-10-22,31,0.034
1985-10-23,16,0.017
1985-10-24,21,0.023
1985-10-25,19,0.02
1985-10-26,30,0.032
1985-10-27,33,0.036
1985-10-28,22,0.024
1985-10-29,20,0.022
1985-10-30,14,0.015
1985-10-31,17,0.018
1985-11-01,18,0.019
1985-11-02,19,0.02
1985-11-03,17,0.018
1985-11-04,6,0.006
1985-11-05,16,0.017
1985-11-06,19,0.021
1985-11-07,17,0.018
1985-11-08,16,0.017
1985-11-09,14,0.015
1985-11-10,15,0.016
1985-11-11,9,0.01
1985-11-12,5,0.005
1985-11-13,8,0.009
1985-11-14,15,0.016
1985-11-15,7,0.008
1985-11-16,6,0.007
1985-11-17,24,0.026
1985-11-18,16,0.017
1985-11-19,13,0.014
1985-11-20,11,0.012
1985-11-21,6,0.006
1985-11-22,9,0.01
1985-11-23,13,0.014
1985-11-24,29,0.031
1985-11-25,10,0.011
1985-11-26,2,0.002
1985-11-27,6,0.006
1985-11-28,16,0.017
1985-11-29,1,0.001
1985-11-30,13,0.014
1985-12-01,17,0.018
1985-12-02,7,0.008
1985-12-03,17,0.018
1985-12-04,10,0.011
1985-12-05,0,0.0
1985-12-06,7,0.008
1985-12-07,18,0.019
1985-12-08,6,0.006
1985-12-09,13,0.014
1985-12-10,11,0.012
1985-12-11,7,0.008
1985-12-12,13,0.014
1985-12-13,13,0.014
1985-12-14,14,0.015
1985-12-15,19,0.02
1985-12-16,12,0.013
1985-12-17,16,0.017
1985-12-18,17,0.018
1985-12-19,11,0.012
1985-12-20,7,0.008
1985-12-22,19,0.021
1985-12-23,8,0.009
1985-12-24,6,0.007
1985-12-25,15,0.016
1985-12-26,19,0.021
1985-12-27,8,0.009
1985-12-28,15,0.016
1985-12-29,15,0.016
1985-12-30,14,0.015
1985-12-31,6,0.006
1986-01-01,34,0.037
1986-01-02,25,0.027
1986-01-03,27,0.029
1986-01-04,22,0.024
1986-01-05,28,0.03
1986-01-06,12,0.013
1986-01-07,11,0.012
1986-01-08,7,0.008
1986-01-09,11,0.012
1986-01-10,8,0.009
1986-01-11,12,0.013
1986-01-12,12,0.013
1986-01-13,3,0.003
1986-01-14,6,0.006
1986-01-15,20,0.022
1986-01-16,12,0.013
1986-01-17,11,0.012
1986-01-18,19,0.021
1986-01-19,13,0.014
1986-01-20,32,0.035
1986-01-21,19,0.021
1986-01-22,1,0.001
1986-01-23,32,0.035
1986-01-24,20,0.022
1986-01-25,24,0.026
1986-01-26,17,0.018
1986-01-27,9,0.01
1986-01-28,16,0.017
1986-01-29,11,0.012
1986-01-30,0,0.0
1986-01-31,11,0.012
1986-02-01,21,0.023
1986-02-02,29,0.031
1986-02-03,12,0.013
1986-02-04,19,0.021
1986-02-05,16,0.017
1986-02-06,16,0.017
1986-02-07,14,0.015
1986-02-08,15,0.016
1986-02-09,22,0.024
1986-02-10,31,0.034
1986-02-11,14,0.015
1986-02-12,12,0.013
1986-02-13,21,0.023
1986-02-14,19,0.021
1986-02-15,25,0.027
1986-02-16,31,0.033
1986-02-17,19,0.02
1986-02-18,17,0.018
1986-02-19,21,0.023
1986-02-20,9,0.01
1986-02-21,22,0.024
1986-02-22,25,0.027
1986-02-23,22,0.024
1986-02-24,20,0.022
1986-02-25,21,0.023
1986-02-26,24,0.026
1986-02-27,20,0.022
1986-02-28,22,0.024
1986-03-01,27,0.029
1986-03-02,37,0.04
1986-03-03,24,0.026
1986-03-04,30,0.032
1986-03-05,27,0.029
1986-03-06,30,0.032
1986-03-07,49,0.053
1986-03-08,31,0.033
1986-03-09,35,0.038
1986-03-10,17,0.018
1986-03-11,22,0.024
1986-03-12,18,0.019
1986-03-13,25,0.027
1986-03-14,28,0.03
1986-03-15,31,0.033
1986-03-16,27,0.029
1986-03-17,16,0.017
1986-03-18,17,0.018
1986-03-19,22,0.024
1986-03-20,27,0.029
1986-03-21,32,0.035
1986-03-22,16,0.017
1986-03-23,41,0.044
1986-03-24,9,0.01
1986-03-25,30,0.032
1986-03-26,30,0.032
1986-03-27,42,0.045
1986-03-28,37,0.04
1986-03-29,45,0.049
1986-03-30,64,0.059
1986-03-31,33,0.036
1986-04-01,22,0.024
1986-04-02,29,0.031
1986-04-03,27,0.029
1986-04-04,40,0.043
1986-04-05,46,0.05
1986-04-06,112,0.074
1986-04-07,28,0.03
1986-04-08,13,0.014
1986-04-09,31,0.033
1986-04-10,35,0.038
1986-04-11,30,0.032
1986-04-12,44,0.047
1986-04-13,54,0.056
1986-04-14,37,0.04
1986-04-15,17,0.018
1986-04-16,14,0.015
1986-04-17,22,0.024
1986-04-18,29,0.031
1986-04-19,41,0.044
1986-04-20,32,0.035
1986-04-21,26,0.028
1986-04-22,44,0.047
1986-04-23,31,0.033
1986-04-24,31,0.033
1986-04-25,42,0.045
1986-04-26,38,0.041
1986-04-27,43,0.046
1986-04-28,28,0.03
1986-04-29,37,0.04
1986-04-30,37,0.04
1986-05-01,33,0.036
1986-05-02,40,0.043
1986-05-03,48,0.052
1986-05-04,58,0.057
1986-05-05,47,0.051
1986-05-06,36,0.039
1986-05-07,15,0.016
1986-05-08,21,0.023
1986-05-09,25,0.027
1986-05-10,45,0.049
1986-05-11,51,0.055
1986-05-12,35,0.038
1986-05-13,47,0.051
1986-05-14,31,0.034
1986-05-15,28,0.03
1986-05-16,18,0.019
1986-05-17,58,0.057
1986-05-18,49,0.053
1986-05-19,41,0.044
1986-05-20,33,0.036
1986-05-21,40,0.043
1986-05-22,32,0.035
1986-05-23,38,0.041
1986-05-24,38,0.041
1986-05-25,45,0.049
1986-05-26,38,0.041
1986-05-27,34,0.037
1986-05-28,23,0.025
1986-05-29,29,0.031
1986-05-30,50,0.054
1986-05-31,61,0.058
1986-06-01,48,0.052
1986-06-02,34,0.037
1986-06-03,38,0.041
1986-06-04,16,0.017
1986-06-05,54,0.056
1986-06-06,35,0.038
1986-06-07,41,0.044
1986-06-08,44,0.047
1986-06-09,24,0.026
1986-06-10,16,0.017
1986-06-11,50,0.054
1986-06-12,36,0.039
1986-06-13,17,0.018
1986-06-14,46,0.05
1986-06-15,44,0.048
1986-06-16,39,0.042
1986-06-17,29,0.031
1986-06-18,31,0.033
1986-06-19,25,0.027
1986-06-20,28,0.03
1986-06-21,35,0.038
1986-06-22,32,0.035
1986-06-23,27,0.029
1986-06-24,33,0.036
1986-06-25,34,0.037
1986-06-26,36,0.039
1986-06-27,67,0.06
1986-06-28,97,0.069
1986-06-29,54,0.056
1986-06-30,30,0.032
1986-07-01,80,0.064
1986-07-02,64,0.059
1986-07-03,40,0.043
1986-07-04,58,0.057
1986-07-05,41,0.044
1986-07-06,33,0.036
1986-07-07,21,0.023
1986-07-08,31,0.033
1986-07-09,31,0.033
1986-07-10,8,0.009
1986-07-11,19,0.021
1986-07-12,54,0.056
1986-07-13,41,0.044
1986-07-14,31,0.033
1986-07-15,44,0.047
1986-07-16,44,0.047
1986-07-17,35,0.038
1986-07-18,30,0.032
1986-07-19,42,0.045
1986-07-20,43,0.046
1986-07-21,48,0.052
1986-07-22,44,0.047
1986-07-23,46,0.05
1986-07-24,30,0.032
1986-07-25,29,0.031
1986-07-26,37,0.04
1986-07-27,49,0.053
1986-07-28,49,0.053
1986-07-29,36,0.039
1986-07-30,58,0.057
1986-07-31,39,0.042
1986-08-01,35,0.038
1986-08-02,51,0.055
1986-08-03,50,0.054
1986-08-04,40,0.043
1986-08-05,44,0.048
1986-08-06,38,0.041
1986-08-07,34,0.037
1986-08-08,39,0.042
1986-08-09,39,0.042
1986-08-10,50,0.054
1986-08-11,41,0.044
1986-08-12,40,0.043
1986-08-13,40,0.043
1986-08-14,42,0.045
1986-08-15,51,0.055
1986-08-16,87,0.066
1986-08-17,87,0.066
1986-08-18,46,0.05
1986-08-19,43,0.046
1986-08-20,21,0.023
1986-08-21,40,0.043
1986-08-22,28,0.03
1986-08-23,31,0.033
1986-08-24,46,0.05
1986-08-25,33,0.036
1986-08-26,28,0.03
1986-08-27,37,0.04
1986-08-28,32,0.035
1986-08-29,41,0.044
1986-08-30,43,0.046
1986-08-31,41,0.044
1986-09-01,29,0.031
1986-09-02,31,0.034
1986-09-03,37,0.04
1986-09-04,39,0.042
1986-09-05,35,0.038
1986-09-06,6,0.007
1986-09-07,14,0.015
1986-09-08,29,0.031
1986-09-09,22,0.024
1986-09-10,28,0.03
1986-09-11,35,0.038
1986-09-12,25,0.027
1986-09-13,25,0.027
1986-09-14,44,0.047
1986-09-15,26,0.028
1986-09-16,15,0.016
1986-09-17,21,0.023
1986-09-18,22,0.024
1986-09-19,22,0.024
1986-09-20,19,0.021
1986-09-21,29,0.031
1986-09-22,13,0.014
1986-09-23,23,0.025
1986-09-24,33,0.036
1986-09-25,23,0.025
1986-09-26,24,0.026
1986-09-27,36,0.039
1986-09-28,35,0.038
1986-09-29,22,0.024
1986-09-30,24,0.026
1986-10-01,25,0.027
1986-10-02,21,0.023
1986-10-03,7,0.008
1986-10-04,41,0.044
1986-10-05,29,0.031
1986-10-06,32,0.035
1986-10-07,28,0.03
1986-10-08,24,0.026
1986-10-09,21,0.023
1986-10-10,23,0.025
1986-10-11,24,0.026
1986-10-12,23,0.025
1986-10-13,30,0.032
1986-10-14,25,0.027
1986-10-15,24,0.026
1986-10-16,23,0.025
1986-10-17,21,0.023
1986-10-18,24,0.026
1986-10-19,18,0.019
1986-10-20,11,0.012
1986-10-21,4,0.004
1986-10-22,21,0.023
1986-10-23,8,0.009
1986-10-24,20,0.022
1986-10-25,25,0.027
1986-10-26,23,0.025
1986-10-27,9,0.01
1986-10-28,8,0.009
1986-10-29,7,0.008
1986-10-30,7,0.008
1986-10-31,7,0.008
1986-11-01,8,0.009
1986-11-02,7,0.008
1986-11-03,0,0.0
1986-11-04,10,0.011
1986-11-05,10,0.011
1986-11-06,9,0.01
1986-11-07,8,0.009
1986-11-08,13,0.014
1986-11-09,24,0.026
1986-11-10,17,0.018
1986-11-11,22,0.024
1986-11-12,16,0.017
1986-11-13,12,0.013
1986-11-14,9,0.01
1986-11-15,19,0.02
1986-11-16,28,0.03
1986-11-17,17,0.018
1986-11-18,10,0.011
1986-11-19,10,0.011
1986-11-20,7,0.008
1986-11-21,10,0.011
1986-11-22,14,0.015
1986-11-23,20,0.022
1986-11-24,8,0.009
1986-11-25,6,0.007
1986-11-26,5,0.005
1986-11-27,12,0.013
1986-11-28,6,0.007
1986-11-29,3,0.003
1986-11-30,12,0.013
1986-12-01,7,0.008
1986-12-02,13,0.014
1986-12-03,6,0.007
1986-12-04,4,0.004
1986-12-05,3,0.003
1986-12-06,0,0.0
1986-12-07,6,0.006
1986-12-08,11,0.012
1986-12-09,13,0.014
1986-12-10,10,0.011
1986-12-11,12,0.013
1986-12-12,8,0.009
1986-12-13,6,0.006
1986-12-14,10,0.011
1986-12-15,9,0.01
1986-12-16,7,0.008
1986-12-17,3,0.003
1986-12-18,2,0.002
1986-12-19,5,0.005
1986-12-20,10,0.011
1986-12-21,8,0.009
1986-12-22,5,0.005
1986-12-23,5,0.005
1986-12-24,4,0.004
1986-12-25,12,0.013
1986-12-26,8,0.009
1986-12-27,6,0.006
1986-12-28,12,0.013
1986-12-29,6,0.006
1986-12-30,9,0.01
1986-12-31,6,0.007
1987-01-01,7,0.008
1987-01-02,3,0.003
1987-01-03,11,0.012
1987-01-04,16,0.017
1987-01-05,11,0.012
1987-01-06,5,0.005
1987-01-07,4,0.004
1987-01-08,0,0.0
1987-01-09,6,0.007
1987-01-10,9,0.01
1987-01-11,7,0.008
1987-01-12,5,0.005
1987-01-13,9,0.01
1987-01-14,18,0.019
1987-01-15,6,0.007
1987-01-16,9,0.01
1987-01-17,19,0.02
1987-01-18,20,0.022
1987-01-19,15,0.016
1987-01-20,11,0.012
1987-01-21,17,0.018
1987-01-22,15,0.016
1987-01-23,3,0.003
1987-01-24,19,0.02
1987-01-25,24,0.026
1987-01-26,10,0.011
1987-01-27,10,0.011
1987-01-28,30,0.032
1987-01-29,16,0.017
1987-01-30,9,0.01
1987-01-31,12,0.013
1987-02-01,23,0.025
1987-02-02,14,0.015
1987-02-03,7,0.008
1987-02-04,3,0.003
1987-02-05,9,0.01
1987-02-06,11,0.012
1987-02-07,13,0.014
1987-02-08,16,0.017
1987-02-09,15,0.016
1987-02-10,2,0.002
1987-02-11,11,0.012
1987-02-12,10,0.011
1987-02-13,15,0.016
1987-02-14,6,0.007
1987-02-15,18,0.019
1987-02-16,10,0.011
1987-02-17,12,0.013
1987-02-18,15,0.016
1987-02-19,12,0.013
1987-02-20,15,0.016
1987-02-21,31,0.033
1987-02-22,31,0.033
1987-02-23,18,0.019
1987-02-24,5,0.005
1987-02-25,6,0.007
1987-02-26,9,0.01
1987-02-27,26,0.028
1987-02-28,34,0.037
1987-03-01,32,0.035
1987-03-02,25,0.027
1987-03-03,22,0.024
1987-03-04,21,0.023
1987-03-05,28,0.03
1987-03-06,25,0.027
1987-03-07,36,0.039
1987-03-08,22,0.024
1987-03-09,12,0.013
1987-03-10,16,0.017
1987-03-11,12,0.013
1987-03-12,28,0.03
1987-03-13,33,0.036
1987-03-14,34,0.037
1987-03-15,12,0.013
1987-03-16,6,0.007
1987-03-17,15,0.016
1987-03-18,25,0.027
1987-03-19,24,0.026
1987-03-20,31,0.034
1987-03-21,36,0.039
1987-03-22,28,0.03
1987-03-23,28,0.03
1987-03-24,22,0.024
1987-03-25,26,0.028
1987-03-26,36,0.039
1987-03-27,20,0.022
1987-03-28,28,0.03
1987-03-29,29,0.031
1987-03-30,22,0.024
1987-03-31,30,0.032
1987-04-01,26,0.028
1987-04-02,30,0.032
1987-04-03,32,0.035
1987-04-04,33,0.036
1987-04-05,39,0.042
1987-04-06,33,0.036
1987-04-07,38,0.041
1987-04-08,43,0.046
1987-04-09,35,0.038
1987-04-10,33,0.036
1987-04-11,37,0.04
1987-04-12,27,0.029
1987-04-13,30,0.032
1987-04-14,30,0.032
1987-04-15,35,0.038
1987-04-16,38,0.041
1987-04-17,45,0.049
1987-04-18,47,0.051
1987-04-19,47,0.051
1987-04-20,31,0.033
1987-04-21,36,0.039
1987-04-22,36,0.039
1987-04-23,40,0.043
1987-04-24,33,0.036
1987-04-25,44,0.047
1987-04-26,51,0.055
1987-04-27,27,0.029
1987-04-28,34,0.037
1987-04-29,38,0.041
1987-04-30,37,0.04
1987-05-01,33,0.036
1987-05-02,27,0.029
1987-05-03,22,0.024
1987-05-04,23,0.025
1987-05-05,24,0.026
1987-05-06,37,0.04
1987-05-07,44,0.047
1987-05-08,44,0.048
1987-05-09,54,0.056
1987-05-10,51,0.055
1987-05-11,32,0.035
1987-05-12,39,0.042
1987-05-13,26,0.028
1987-05-14,41,0.044
1987-05-15,44,0.048
1987-05-16,46,0.05
1987-05-17,43,0.046
1987-05-18,35,0.038
1987-05-19,26,0.028
1987-05-20,19,0.021
1987-05-21,9,0.01
1987-05-22,31,0.033
1987-05-23,36,0.039
1987-05-24,21,0.023
1987-05-25,50,0.054
1987-05-26,44,0.048
1987-05-27,45,0.049
1987-05-28,42,0.045
1987-05-29,37,0.04
1987-05-30,50,0.054
1987-05-31,64,0.059
1987-06-01,38,0.041
1987-06-02,58,0.057
1987-06-03,38,0.041
1987-06-04,50,0.054
1987-06-05,40,0.043
1987-06-06,101,0.071
1987-06-07,64,0.059
1987-06-08,22,0.024
1987-06-09,18,0.019
1987-06-10,40,0.043
1987-06-11,51,0.055
1987-06-12,43,0.046
1987-06-13,74,0.062
1987-06-14,100,0.07
1987-06-15,48,0.052
1987-06-16,35,0.038
1987-06-17,41,0.044
1987-06-18,34,0.037
1987-06-19,44,0.047
1987-06-20,42,0.045
1987-06-21,77,0.063
1987-06-22,74,0.062
1987-06-23,32,0.035
1987-06-24,49,0.053
1987-06-25,100,0.07
1987-06-26,61,0.058
1987-06-27,126,0.078
1987-06-28,50,0.054
1987-06-29,16,0.017
1987-06-30,44,0.048
1987-07-01,49,0.053
1987-07-02,34,0.037
1987-07-03,115,0.075
1987-07-04,51,0.055
1987-07-05,115,0.075
1987-07-06,74,0.062
1987-07-07,40,0.043
1987-07-08,67,0.06
1987-07-09,38,0.041
1987-07-10,44,0.047
1987-07-11,36,0.039
1987-07-12,19,0.021
1987-07-13,49,0.053
1987-07-14,45,0.049
1987-07-15,108,0.073
1987-07-16,44,0.047
1987-07-17,41,0.044
1987-07-18,34,0.037
1987-07-19,40,0.043
1987-07-20,35,0.038
1987-07-21,46,0.05
1987-07-22,37,0.04
1987-07-23,42,0.045
1987-07-24,71,0.061
1987-07-25,48,0.052
1987-07-26,44,0.048
1987-07-27,126,0.078
1987-07-28,93,0.068
1987-07-29,122,0.077
1987-07-30,100,0.07
1987-07-31,84,0.065
1987-08-01,61,0.058
1987-08-02,115,0.075
1987-08-03,100,0.07
1987-08-04,159,0.089
1987-08-05,41,0.044
1987-08-06,44,0.048
1987-08-07,47,0.051
1987-08-08,58,0.057
1987-08-09,44,0.047
1987-08-10,58,0.057
1987-08-11,58,0.057
1987-08-12,20,0.022
1987-08-13,26,0.028
1987-08-14,27,0.029
1987-08-15,31,0.034
1987-08-16,67,0.06
1987-08-17,42,0.045
1987-08-18,43,0.046
1987-08-19,32,0.035
1987-08-20,34,0.037
1987-08-21,24,0.026
1987-08-22,18,0.019
1987-08-23,17,0.018
1987-08-24,14,0.015
1987-08-25,28,0.03
1987-08-26,19,0.02
1987-08-27,28,0.03
1987-08-28,31,0.033
1987-08-29,40,0.043
1987-08-30,43,0.046
1987-08-31,27,0.029
1987-09-01,38,0.041
1987-09-02,19,0.021
1987-09-03,27,0.029
1987-09-04,20,0.022
1987-09-05,34,0.037
1987-09-06,61,0.058
1987-09-07,23,0.025
1987-09-08,31,0.033
1987-09-09,30,0.032
1987-09-10,27,0.029
1987-09-11,19,0.021
1987-09-12,41,0.044
1987-09-13,33,0.036
1987-09-14,29,0.031
1987-09-15,19,0.021
1987-09-16,26,0.028
1987-09-17,6,0.007
1987-09-18,23,0.025
1987-09-19,40,0.043
1987-09-20,46,0.05
1987-09-21,23,0.025
1987-09-22,40,0.043
1987-09-23,18,0.019
1987-09-24,32,0.035
1987-09-25,19,0.021
1987-09-26,40,0.043
1987-09-27,38,0.041
1987-09-28,21,0.023
1987-09-29,19,0.02
1987-09-30,29,0.031
1987-10-01,20,0.022
1987-10-02,26,0.028
1987-10-03,39,0.042
1987-10-04,35,0.038
1987-10-05,26,0.028
1987-10-06,20,0.022
1987-10-07,17,0.018
1987-10-08,20,0.022
1987-10-09,21,0.023
1987-10-10,6,0.007
1987-10-11,34,0.037
1987-10-12,22,0.024
1987-10-13,29,0.031
1987-10-14,19,0.021
1987-10-15,24,0.026
1987-10-16,19,0.02
1987-10-17,28,0.03
1987-10-18,19,0.02
1987-10-19,17,0.018
1987-10-20,17,0.018
1987-10-21,18,0.019
1987-10-22,15,0.016
1987-10-23,17,0.018
1987-10-24,11,0.012
1987-10-25,31,0.033
1987-10-26,16,0.017
1987-10-27,17,0.018
1987-10-28,18,0.019
1987-10-29,8,0.009
1987-10-30,10,0.011
1987-10-31,21,0.023
1987-11-01,21,0.023
1987-11-02,12,0.013
1987-11-03,7,0.008
1987-11-04,15,0.016
1987-11-05,12,0.013
1987-11-06,3,0.003
1987-11-07,21,0.023
1987-11-08,25,0.027
1987-11-09,12,0.013
1987-11-10,10,0.011
1987-11-11,18,0.019
1987-11-12,11,0.012
1987-11-13,12,0.013
1987-11-14,18,0.019
1987-11-15,24,0.026
1987-11-16,15,0.016
1987-11-17,7,0.008
1987-11-18,14,0.015
1987-11-19,10,0.011
1987-11-20,6,0.006
1987-11-21,9,0.01
1987-11-22,23,0.025
1987-11-23,9,0.01
1987-11-24,14,0.015
1987-11-25,13,0.014
1987-11-26,11,0.012
1987-11-27,15,0.016
1987-11-28,21,0.023
1987-11-29,19,0.02
1987-11-30,11,0.012
1987-12-01,10,0.011
1987-12-02,5,0.005
1987-12-03,6,0.006
1987-12-04,3,0.003
1987-12-05,4,0.004
1987-12-06,15,0.016
1987-12-07,25,0.027
1987-12-08,19,0.021
1987-12-09,17,0.018
1987-12-10,15,0.016
1987-12-11,19,0.021
1987-12-12,19,0.02
1987-12-13,13,0.014
1987-12-14,8,0.009
1987-12-15,7,0.008
1987-12-16,6,0.007
1987-12-17,6,0.007
1987-12-18,6,0.006
1987-12-19,11,0.012
1987-12-20,12,0.013
1987-12-21,19,0.02
1987-12-22,3,0.003
1987-12-23,12,0.013
1987-12-24,11,0.012
1987-12-25,12,0.013
1987-12-26,13,0.014
1987-12-27,18,0.019
1987-12-28,8,0.009
1987-12-29,8,0.009
1987-12-30,6,0.006
1987-12-31,6,0.007
1988-01-01,14,0.015
1988-01-02,13,0.014
1988-01-03,17,0.018
1988-01-04,6,0.006
1988-01-05,5,0.005
1988-01-06,6,0.007
1988-01-07,6,0.007
1988-01-08,7,0.008
1988-01-09,8,0.009
1988-01-10,13,0.014
1988-01-11,26,0.028
1988-01-12,19,0.021
1988-01-13,13,0.014
1988-01-14,12,0.013
1988-01-15,6,0.006
1988-01-16,15,0.016
1988-01-17,19,0.021
1988-01-18,15,0.016
1988-01-19,8,0.009
1988-01-20,5,0.005
1988-01-21,6,0.006
1988-02-12,11,0.012
1988-02-13,31,0.033
1988-02-14,27,0.029
1988-02-15,30,0.032
1988-02-16,12,0.013
1988-02-17,12,0.013
1988-02-18,13,0.014
1988-02-19,27,0.029
1988-02-20,26,0.028
1988-02-21,29,0.031
1988-02-22,15,0.016
1988-02-23,14,0.015
1988-02-24,12,0.013
1988-02-25,19,0.02
1988-02-26,16,0.017
1988-02-27,27,0.029
1988-02-28,15,0.016
1988-02-29,18,0.019
1988-03-01,18,0.019
1988-03-02,10,0.011
1988-03-03,17,0.018
1988-03-04,16,0.017
1988-03-05,33,0.036
1988-03-06,29,0.031
1988-03-07,22,0.024
1988-03-08,23,0.025
1988-03-09,19,0.02
1988-03-10,19,0.02
1988-03-11,17,0.018
1988-03-12,27,0.029
1988-03-13,25,0.027
1988-03-14,27,0.029
1988-03-15,30,0.032
1988-03-16,16,0.017
1988-03-17,17,0.018
1988-03-18,15,0.016
1988-03-19,36,0.039
1988-03-20,31,0.033
1988-03-21,22,0.024
1988-03-22,27,0.029
1988-03-23,32,0.035
1988-03-24,31,0.034
1988-03-25,20,0.022
1988-03-26,35,0.038
1988-03-27,40,0.043
1988-03-28,16,0.017
1988-03-29,29,0.031
1988-03-30,22,0.024
1988-03-31,19,0.02
1988-04-01,20,0.022
1988-04-02,23,0.025
1988-04-03,36,0.039
1988-04-04,24,0.026
1988-04-05,35,0.038
1988-04-06,30,0.032
1988-04-07,34,0.037
1988-04-08,25,0.027
1988-04-09,25,0.027
1988-04-10,41,0.044
1988-04-11,30,0.032
1988-04-12,34,0.037
1988-04-13,32,0.035
1988-04-14,27,0.029
1988-04-15,23,0.025
1988-04-16,46,0.05
1988-04-17,24,0.026
1988-04-18,38,0.041
1988-04-19,29,0.031
1988-04-20,31,0.033
1988-04-21,27,0.029
1988-04-22,27,0.029
1988-04-23,34,0.037
1988-04-24,44,0.047
1988-04-25,37,0.04
1988-04-26,36,0.039
1988-04-27,31,0.034
1988-04-28,30,0.032
1988-04-29,39,0.042
1988-04-30,48,0.052
1988-05-01,37,0.04
1988-05-02,27,0.029
1988-05-03,35,0.038
1988-05-04,36,0.039
1988-05-05,28,0.03
1988-05-06,51,0.055
1988-05-07,43,0.046
1988-05-08,44,0.048
1988-05-09,32,0.035
1988-05-10,20,0.022
1988-05-11,40,0.043
1988-05-12,61,0.058
1988-05-13,34,0.037
1988-05-14,49,0.053
1988-05-15,74,0.062
1988-05-16,30,0.032
1988-05-17,37,0.04
1988-05-18,29,0.031
1988-05-19,27,0.029
1988-05-20,16,0.017
1988-05-21,41,0.044
1988-05-22,43,0.046
1988-05-23,37,0.04
1988-05-24,44,0.047
1988-05-25,26,0.028
1988-05-26,40,0.043
1988-05-27,31,0.034
1988-05-28,44,0.048
1988-05-29,44,0.047
1988-05-30,58,0.057
1988-05-31,37,0.04
1988-06-01,35,0.038
1988-06-02,30,0.032
1988-06-03,42,0.045
1988-06-04,80,0.064
1988-06-05,47,0.051
1988-06-06,36,0.039
1988-06-07,34,0.037
1988-06-08,34,0.037
1988-06-09,25,0.027
1988-06-10,33,0.036
1988-06-11,44,0.048
1988-06-12,51,0.055
1988-06-13,20,0.022
1988-06-14,36,0.039
1988-06-15,38,0.041
1988-06-16,43,0.046
1988-06-17,35,0.038
1988-06-18,50,0.054
1988-06-19,43,0.046
1988-06-20,39,0.042
1988-06-21,33,0.036
1988-06-22,45,0.049
1988-06-23,61,0.058
1988-06-24,38,0.041
1988-06-25,31,0.034
1988-06-26,51,0.055
1988-06-27,37,0.04
1988-06-28,58,0.057
1988-06-29,18,0.019
1988-06-30,30,0.032
1988-07-01,45,0.049
1988-07-02,43,0.046
1988-07-03,47,0.051
1988-07-04,35,0.038
1988-07-05,38,0.041
1988-07-06,45,0.049
1988-07-07,33,0.036
1988-07-08,32,0.035
1988-07-09,74,0.062
1988-07-10,51,0.055
1988-07-11,41,0.044
1988-07-12,34,0.037
1988-07-13,40,0.043
1988-07-14,26,0.028
1988-07-15,21,0.023
1988-07-16,100,0.07
1988-07-17,71,0.061
1988-07-18,28,0.03
1988-07-19,16,0.017
1988-07-20,40,0.043
1988-07-21,45,0.049
1988-07-22,50,0.054
1988-07-23,42,0.045
1988-07-24,58,0.057
1988-07-25,47,0.051
1988-07-26,39,0.042
1988-07-27,61,0.058
1988-07-28,27,0.029
1988-07-29,25,0.027
1988-07-30,58,0.057
1988-07-31,54,0.056
1988-08-01,36,0.039
1988-08-02,41,0.044
1988-08-03,34,0.037
1988-08-04,31,0.033
1988-08-05,42,0.045
1988-08-06,50,0.054
1988-08-07,42,0.045
1988-08-08,31,0.033
1988-08-09,28,0.03
1988-08-10,48,0.052
1988-08-11,39,0.042
1988-08-12,22,0.024
1988-08-13,45,0.049
1988-08-14,47,0.051
1988-08-15,40,0.043
1988-08-16,19,0.021
1988-08-17,25,0.027
1988-08-18,80,0.064
1988-08-19,61,0.058
1988-08-20,44,0.048
1988-08-21,37,0.04
1988-08-22,44,0.048
1988-08-23,40,0.043
1988-08-24,44,0.047
1988-08-25,24,0.026
1988-08-26,26,0.028
1988-08-27,37,0.04
1988-08-28,31,0.034
1988-08-29,32,0.035
1988-08-30,31,0.034
1988-08-31,33,0.036
1988-09-01,25,0.027
1988-09-02,23,0.025
1988-09-03,27,0.029
1988-09-04,24,0.026
1988-09-05,37,0.04
1988-09-06,19,0.02
1988-09-07,30,0.032
1988-09-08,39,0.042
1988-09-09,27,0.029
1988-09-10,24,0.026
1988-09-11,31,0.033
1988-09-12,1,0.001
1988-09-13,3,0.003
1988-09-14,11,0.012
1988-09-15,28,0.03
1988-09-16,22,0.024
1988-09-17,36,0.039
1988-09-18,35,0.038
1988-09-19,23,0.025
1988-09-20,20,0.022
1988-09-21,19,0.021
1988-09-22,19,0.02
1988-09-23,15,0.016
1988-09-24,39,0.042
1988-09-25,10,0.011
1988-09-26,8,0.009
1988-09-27,22,0.024
1988-09-28,19,0.02
1988-09-29,19,0.02
1988-09-30,11,0.012
1988-10-01,20,0.022
1988-10-02,30,0.032
1988-10-03,20,0.022
1988-10-04,1,0.001
1988-10-05,3,0.003
1988-10-06,4,0.004
1988-10-07,8,0.009
1988-10-08,19,0.021
1988-10-09,26,0.028
1988-10-10,15,0.016
1988-10-11,18,0.019
1988-10-12,15,0.016
1988-10-13,27,0.029
1988-10-14,17,0.018
1988-10-15,27,0.029
1988-10-16,16,0.017
1988-10-17,15,0.016
1988-10-18,9,0.01
1988-10-19,2,0.002
1988-10-20,14,0.015
1988-10-21,15,0.016
1988-10-22,15,0.016
1988-10-23,25,0.027
1988-10-24,8,0.009
1988-10-25,3,0.003
1988-10-26,7,0.008
1988-10-27,12,0.013
1988-10-28,3,0.003
1988-10-31,6,0.006
1988-11-01,13,0.014
1988-11-02,4,0.004
1988-11-03,30,0.032
1988-11-04,22,0.024
1988-11-05,19,0.02
1988-11-06,21,0.023
1988-11-07,14,0.015
1988-11-08,18,0.019
1988-11-09,13,0.014
1988-11-10,4,0.004
1988-11-11,24,0.026
1988-11-12,15,0.016
1988-11-13,11,0.012
1988-11-14,9,0.01
1988-11-15,6,0.007
1988-11-16,16,0.017
1988-11-17,4,0.004
1988-11-18,7,0.008
1988-11-19,14,0.015
1988-11-20,19,0.02
1988-11-21,10,0.011
1988-11-22,8,0.009
1988-11-23,19,0.021
1988-11-24,27,0.029
1988-11-25,5,0.005
1988-11-26,12,0.013
1988-11-27,17,0.018
1988-11-28,21,0.023
1988-11-29,16,0.017
1988-11-30,6,0.006
1988-12-01,7,0.008
1988-12-02,3,0.003
1988-12-03,8,0.009
1988-12-04,11,0.012
1988-12-05,4,0.004
1988-12-06,1,0.001
1988-12-07,6,0.006
1988-12-08,7,0.008
1988-12-09,3,0.003
1988-12-10,10,0.011
1988-12-11,8,0.009
1988-12-12,8,0.009
1988-12-13,10,0.011
1988-12-14,15,0.016
1988-12-15,10,0.011
1988-12-16,4,0.004
1988-12-17,4,0.004
1988-12-18,6,0.006
1988-12-19,8,0.009
1988-12-20,1,0.001
1988-12-21,23,0.025
1988-12-22,18,0.019
1988-12-23,20,0.022
1988-12-24,12,0.013
1988-12-25,6,0.007
1988-12-26,13,0.014
1988-12-27,8,0.009
1988-12-28,7,0.008
1988-12-29,6,0.006
1988-12-30,3,0.003
1988-12-31,5,0.005
1989-01-01,8,0.009
1989-01-02,20,0.022
1989-01-03,6,0.007
1989-01-04,5,0.005
1989-01-05,16,0.017
1989-01-06,21,0.023
1989-01-07,25,0.027
1989-01-08,23,0.025
1989-01-09,19,0.02
1989-01-10,4,0.004
1989-01-11,10,0.011
1989-01-12,7,0.008
1989-01-13,5,0.005
1989-01-14,13,0.014
1989-01-15,16,0.017
1989-01-16,15,0.016
1989-01-17,23,0.025
1989-01-18,17,0.018
1989-01-19,8,0.009
1989-01-20,6,0.006
1989-01-21,13,0.014
1989-01-22,18,0.019
1989-01-23,4,0.004
1989-01-24,4,0.004
1989-01-25,5,0.005
1989-01-26,7,0.008
1989-01-27,16,0.017
1989-01-28,21,0.023
1989-01-29,8,0.009
1989-01-30,5,0.005
1989-01-31,10,0.011
1989-02-01,12,0.013
1989-02-02,15,0.016
1989-02-03,11,0.012
1989-02-04,17,0.018
1989-02-05,24,0.026
1989-02-06,14,0.015
1989-02-07,8,0.009
1989-02-08,7,0.008
1989-02-09,6,0.006
1989-02-10,6,0.007
1989-02-11,19,0.02
1989-02-12,22,0.024
1989-02-13,11,0.012
1989-02-14,5,0.005
1989-02-15,11,0.012
1989-02-16,5,0.005
1989-02-17,1,0.001
1989-02-18,5,0.005
1989-02-19,26,0.028
1989-02-20,4,0.004
1989-02-21,19,0.021
1989-02-22,14,0.015
1989-02-23,10,0.011
1989-02-24,11,0.012
1989-02-25,16,0.017
1989-02-26,24,0.026
1989-02-27,24,0.026
1989-02-28,6,0.007
1989-03-01,3,0.003
1989-03-02,1,0.001
1989-03-03,15,0.016
1989-03-04,22,0.024
1989-03-05,30,0.032
1989-03-06,6,0.006
1989-03-07,4,0.004
1989-03-08,12,0.013
1989-03-09,8,0.009
1989-03-10,11,0.012
1989-03-11,17,0.018
1989-03-12,25,0.027
1989-03-13,38,0.041
1989-03-14,29,0.031
1989-03-15,25,0.027
1989-03-16,19,0.02
1989-03-17,16,0.017
1989-03-18,21,0.023
1989-03-19,24,0.026
1989-03-20,8,0.009
1989-03-21,17,0.018
1989-03-22,15,0.016
1989-03-23,12,0.013
1989-03-24,22,0.024
1989-03-25,35,0.038
1989-03-26,33,0.036
1989-03-27,21,0.023
1989-03-28,27,0.029
1989-03-29,14,0.015
1989-03-30,20,0.022
1989-03-31,22,0.024
1989-04-01,19,0.021
1989-04-02,36,0.039
1989-04-03,28,0.03
1989-04-04,31,0.033
1989-04-05,26,0.028
1989-04-06,19,0.021
1989-04-07,26,0.028
1989-04-08,25,0.027
1989-04-09,25,0.027
1989-04-10,21,0.023
1989-04-11,16,0.017
1989-04-12,25,0.027
1989-04-13,28,0.03
1989-04-14,27,0.029
1989-04-15,26,0.028
1989-04-16,32,0.035
1989-04-17,22,0.024
1989-04-18,25,0.027
1989-04-19,31,0.033
1989-04-20,33,0.036
1989-04-21,27,0.029
1989-04-22,37,0.04
1989-04-23,39,0.042
1989-04-24,30,0.032
1989-04-25,26,0.028
1989-04-26,25,0.027
1989-04-27,17,0.018
1989-04-28,21,0.023
1989-04-29,21,0.023
1989-04-30,28,0.03
1989-05-01,26,0.028
1989-05-02,25,0.027
1989-05-03,31,0.033
1989-05-04,29,0.031
1989-05-05,30,0.032
1989-05-06,41,0.044
1989-05-07,39,0.042
1989-05-08,26,0.028
1989-05-09,1,0.001
1989-05-10,11,0.012
1989-05-11,19,0.021
1989-05-12,39,0.042
1989-05-13,38,0.041
1989-05-14,19,0.021
1989-05-15,15,0.016
1989-05-16,15,0.016
1989-05-17,31,0.034
1989-05-18,37,0.04
1989-05-19,32,0.035
1989-05-20,48,0.052
1989-05-21,42,0.045
1989-05-22,31,0.033
1989-05-23,26,0.028
1989-05-24,37,0.04
1989-05-25,30,0.032
1989-05-26,28,0.03
1989-05-27,46,0.05
1989-05-28,39,0.042
1989-05-29,41,0.044
1989-05-30,15,0.016
1989-05-31,20,0.022
1989-06-01,22,0.024
1989-06-02,31,0.033
1989-06-03,32,0.035
1989-06-04,32,0.035
1989-06-05,32,0.035
1989-06-06,25,0.027
1989-06-07,28,0.03
1989-06-08,25,0.027
1989-06-09,25,0.027
1989-06-10,35,0.038
1989-06-11,47,0.051
1989-06-12,18,0.019
1989-06-13,28,0.03
1989-06-14,25,0.027
1989-06-15,38,0.041
1989-06-16,27,0.029
1989-06-17,45,0.049
1989-06-18,46,0.05
1989-06-19,24,0.026
1989-06-20,26,0.028
1989-06-21,20,0.022
1989-06-22,31,0.033
1989-06-23,23,0.025
1989-06-24,42,0.045
1989-06-25,44,0.047
1989-06-26,31,0.034
1989-06-27,39,0.042
1989-06-28,30,0.032
1989-06-29,25,0.027
1989-06-30,39,0.042
1989-07-01,49,0.053
1989-07-02,90,0.067
1989-07-03,44,0.047
1989-07-04,74,0.062
1989-07-05,36,0.039
1989-07-06,41,0.044
1989-07-07,36,0.039
1989-07-08,80,0.064
1989-07-09,49,0.053
1989-07-10,38,0.041
1989-07-11,43,0.046
1989-07-12,26,0.028
1989-07-13,45,0.049
1989-07-14,33,0.036
1989-07-15,74,0.062
1989-07-16,51,0.055
1989-07-17,44,0.047
1989-07-18,34,0.037
1989-07-19,37,0.04
1989-07-20,41,0.044
1989-07-21,44,0.047
1989-07-22,61,0.058
1989-07-23,71,0.061
1989-07-24,44,0.047
1989-07-25,40,0.043
1989-07-26,54,0.056
1989-07-27,44,0.047
1989-07-28,51,0.055
1989-07-29,42,0.045
1989-07-30,38,0.041
1989-07-31,48,0.052
1989-08-01,38,0.041
1989-08-02,26,0.028
1989-08-03,35,0.038
1989-08-04,29,0.031
1989-08-05,47,0.051
1989-08-06,39,0.042
1989-08-07,25,0.027
1989-08-08,36,0.039
1989-08-09,33,0.036
1989-08-10,27,0.029
1989-08-11,28,0.03
1989-08-12,24,0.026
1989-08-13,38,0.041
1989-08-14,30,0.032
1989-08-15,27,0.029
1989-08-16,21,0.023
1989-08-17,32,0.035
1989-08-18,30,0.032
1989-08-19,39,0.042
1989-08-20,39,0.042
1989-08-21,32,0.035
1989-08-22,31,0.033
1989-08-23,37,0.04
1989-08-24,25,0.027
1989-08-25,34,0.037
1989-08-26,46,0.05
1989-08-27,44,0.047
1989-08-28,26,0.028
1989-08-29,30,0.032
1989-08-30,29,0.031
1989-08-31,31,0.033
1989-09-01,24,0.026
1989-09-02,39,0.042
1989-09-03,45,0.049
1989-09-04,45,0.049
1989-09-05,32,0.035
1989-09-06,27,0.029
1989-09-07,30,0.032
1989-09-08,16,0.017
1989-09-09,17,0.018
1989-09-10,32,0.035
1989-09-11,6,0.007
1989-09-12,3,0.003
1989-09-13,15,0.016
1989-09-14,21,0.023
1989-09-15,24,0.026
1989-09-16,37,0.04
1989-09-17,41,0.044
1989-09-18,24,0.026
1989-09-19,24,0.026
1989-09-20,23,0.025
1989-09-21,13,0.014
1989-09-22,19,0.021
1989-09-23,24,0.026
1989-09-24,34,0.037
1989-09-25,29,0.031
1989-09-26,22,0.024
1989-09-27,28,0.03
1989-09-28,19,0.021
1989-09-29,27,0.029
1989-09-30,32,0.035
1989-10-01,36,0.039
1989-10-02,19,0.02
1989-10-03,6,0.006
1989-10-04,9,0.01
1989-10-05,19,0.021
1989-10-06,16,0.017
1989-10-07,27,0.029
1989-10-08,33,0.036
1989-10-09,19,0.021
1989-10-10,17,0.018
1989-10-11,14,0.015
1989-10-12,15,0.016
1989-10-13,12,0.013
1989-10-14,11,0.012
1989-10-15,19,0.021
1989-10-16,10,0.011
1989-10-17,2,0.002
1989-10-18,7,0.008
1989-10-19,10,0.011
1989-10-20,5,0.005
1989-10-21,24,0.026
1989-10-22,25,0.027
1989-10-23,14,0.015
1989-10-24,4,0.004
1989-10-25,6,0.006
1989-10-26,21,0.023
1989-10-27,17,0.018
1989-10-28,23,0.025
1989-10-29,18,0.019
1989-10-30,9,0.01
1989-10-31,14,0.015
1989-11-01,9,0.01
1989-11-02,8,0.009
1989-11-03,9,0.01
1989-11-04,16,0.017
1989-11-05,24,0.026
1989-11-06,12,0.013
1989-11-07,27,0.029
1989-11-08,26,0.028
1989-11-09,13,0.014
1989-11-10,7,0.008
1989-11-11,9,0.01
1989-11-12,19,0.02
1989-11-13,3,0.003
1989-11-14,21,0.023
1989-11-15,11,0.012
1989-11-16,8,0.009
1989-11-17,7,0.008
1989-11-18,14,0.015
1989-11-19,6,0.006
1989-11-20,7,0.008
1989-11-21,14,0.015
1989-11-22,8,0.009
1989-11-23,6,0.007
1989-11-24,12,0.013
1989-11-25,20,0.022
1989-11-26,24,0.026
1989-11-27,10,0.011
1989-11-28,6,0.006
1989-11-29,4,0.004
1989-11-30,1,0.001
1989-12-01,7,0.008
1989-12-02,7,0.008
1989-12-03,7,0.008
1989-12-04,19,0.021
1989-12-05,15,0.016
1989-12-06,5,0.005
1989-12-07,4,0.004
1989-12-08,1,0.001
1989-12-09,15,0.016
1989-12-10,10,0.011
1989-12-11,7,0.008
1989-12-12,14,0.015
1989-12-13,11,0.012
1989-12-14,16,0.017
1989-12-15,1,0.001
1989-12-16,3,0.003
1989-12-17,12,0.013
1989-12-18,8,0.009
1989-12-19,0,0.0
1989-12-20,7,0.008
1989-12-21,9,0.01
1989-12-22,1,0.001
1989-12-23,10,0.011
1989-12-24,17,0.018
1989-12-25,8,0.009
1989-12-26,12,0.013
1989-12-27,3,0.003
1989-12-28,1,0.001
1989-12-29,4,0.004
1989-12-30,8,0.009
1989-12-31,11,0.012
1990-01-01,7,0.008
1990-01-02,5,0.005
1990-01-03,5,0.005
1990-01-04,1,0.001
1990-01-05,6,0.006
1990-01-06,3,0.003
1990-01-07,13,0.014
1990-01-08,14,0.015
1990-01-09,13,0.014
1990-01-10,14,0.015
1990-01-11,7,0.008
1990-01-12,10,0.011
1990-01-13,22,0.024
1990-01-14,23,0.025
1990-01-15,11,0.012
1990-01-16,8,0.009
1990-01-17,6,0.007
1990-01-18,0,0.0
1990-01-19,1,0.001
1990-01-20,6,0.007
1990-01-21,9,0.01
1990-01-22,22,0.024
1990-01-23,16,0.017
1990-01-24,22,0.024
1990-01-25,11,0.012
1990-01-26,27,0.029
1990-01-27,22,0.024
1990-01-28,26,0.028
1990-01-29,19,0.021
1990-01-30,5,0.005
1990-01-31,9,0.01
1990-02-01,4,0.004
1990-02-02,6,0.006
1990-02-03,15,0.016
1990-02-04,12,0.013
1990-02-05,10,0.011
1990-02-06,8,0.009
1990-02-07,18,0.019
1990-02-08,14,0.015
1990-02-09,25,0.027
1990-02-10,22,0.024
1990-02-11,20,0.022
1990-02-12,13,0.014
1990-02-13,7,0.008
1990-02-14,9,0.01
1990-02-15,5,0.005
1990-02-16,15,0.016
1990-02-17,23,0.025
1990-02-18,28,0.03
1990-02-19,6,0.007
1990-02-20,4,0.004
1990-02-21,11,0.012
1990-02-22,12,0.013
1990-02-23,14,0.015
1990-02-24,7,0.008
1990-02-25,24,0.026
1990-02-26,13,0.014
1990-02-27,9,0.01
1990-02-28,1,0.001
1990-03-01,12,0.013
1990-03-02,17,0.018
1990-03-03,28,0.03
1990-03-04,32,0.035
1990-03-05,16,0.017
1990-03-06,16,0.017
1990-03-07,14,0.015
1990-03-08,9,0.01
1990-03-09,9,0.01
1990-03-10,24,0.026
1990-03-11,28,0.03
1990-03-12,31,0.033
1990-03-13,12,0.013
1990-03-14,21,0.023
1990-03-15,24,0.026
1990-03-16,24,0.026
1990-03-17,12,0.013
1990-03-18,21,0.023
1990-03-19,24,0.026
1990-03-20,22,0.024
1990-03-21,28,0.03
1990-03-22,15,0.016
1990-03-23,16,0.017
1990-03-24,11,0.012
1990-03-25,28,0.03
1990-03-26,5,0.005
1990-03-27,17,0.018
1990-03-28,6,0.007
1990-03-29,11,0.012
1990-03-30,10,0.011
1990-03-31,34,0.037
1990-04-01,30,0.032
1990-04-02,19,0.021
1990-04-03,23,0.025
1990-04-04,19,0.021
1990-04-05,10,0.011
1990-04-06,20,0.022
1990-04-07,39,0.042
1990-04-08,33,0.036
1990-04-09,10,0.011
1990-04-10,11,0.012
1990-04-11,8,0.009
1990-04-12,26,0.028
1990-04-13,25,0.027
1990-04-14,26,0.028
1990-04-15,27,0.029
1990-04-16,19,0.02
1990-04-17,6,0.007
1990-04-18,21,0.023
1990-04-19,28,0.03
1990-04-20,29,0.031
1990-04-21,31,0.033
1990-04-22,36,0.039
1990-04-23,24,0.026
1990-04-24,20,0.022
1990-04-25,11,0.012
1990-04-26,40,0.043
1990-04-27,34,0.037
1990-04-28,38,0.041
1990-04-29,21,0.023
1990-04-30,25,0.027
1990-05-01,0,0.0
1990-05-02,24,0.026
1990-05-03,22,0.024
1990-05-04,22,0.024
1990-05-05,41,0.044
1990-05-06,51,0.055
1990-05-07,31,0.034
1990-05-08,24,0.026
1990-05-09,24,0.026
1990-05-10,22,0.024
1990-05-11,12,0.013
1990-05-12,41,0.044
1990-05-13,49,0.053
1990-05-14,21,0.023
1990-05-15,32,0.035
1990-05-16,31,0.033
1990-05-17,27,0.029
1990-05-18,35,0.038
1990-05-19,47,0.051
1990-05-20,38,0.041
1990-05-21,32,0.035
1990-05-22,26,0.028
1990-05-23,35,0.038
1990-05-24,38,0.041
1990-05-25,31,0.034
1990-05-26,49,0.053
1990-05-27,44,0.047
1990-05-28,42,0.045
1990-05-29,10,0.011
1990-05-30,25,0.027
1990-05-31,30,0.032
1990-06-01,35,0.038
1990-06-02,38,0.041
1990-06-03,44,0.047
1990-06-04,20,0.022
1990-06-05,29,0.031
1990-06-06,40,0.043
1990-06-07,41,0.044
1990-06-08,33,0.036
1990-06-09,28,0.03
1990-06-10,30,0.032
1990-06-11,26,0.028
1990-06-12,32,0.035
1990-06-13,33,0.036
1990-06-14,38,0.041
1990-06-15,28,0.03
1990-06-16,36,0.039
1990-06-17,54,0.056
1990-06-18,37,0.04
1990-06-19,29,0.031
1990-06-20,44,0.047
1990-06-21,23,0.025
1990-06-22,32,0.035
1990-06-23,64,0.059
1990-06-24,51,0.055
1990-06-25,33,0.036
1990-06-26,26,0.028
1990-06-27,28,0.03
1990-06-28,36,0.039
1990-06-29,43,0.046
1990-06-30,147,0.084
1990-07-01,84,0.065
1990-07-02,41,0.044
1990-07-03,27,0.029
1990-07-04,50,0.054
1990-07-05,30,0.032
1990-07-06,35,0.038
1990-07-07,40,0.043
1990-07-08,23,0.025
1990-07-09,21,0.023
1990-07-10,28,0.03
1990-07-11,23,0.025
1990-07-12,30,0.032
1990-07-13,43,0.046
1990-07-14,46,0.05
1990-07-15,45,0.049
1990-07-16,23,0.025
1990-07-17,33,0.036
1990-07-18,31,0.033
1990-07-19,30,0.032
1990-07-20,14,0.015
1990-07-21,14,0.015
1990-07-22,32,0.035
1990-07-23,26,0.028
1990-07-24,21,0.023
1990-07-25,30,0.032
1990-07-26,40,0.043
1990-07-27,29,0.031
1990-07-28,44,0.048
1990-07-29,43,0.046
1990-07-30,34,0.037
1990-07-31,41,0.044
1990-08-01,27,0.029
1990-08-02,28,0.03
1990-08-03,29,0.031
1990-08-04,36,0.039
1990-08-05,37,0.04
1990-08-06,34,0.037
1990-08-07,30,0.032
1990-08-08,30,0.032
1990-08-09,34,0.037
1990-08-10,29,0.031
1990-08-11,47,0.051
1990-08-12,28,0.03
1990-08-13,36,0.039
1990-08-14,29,0.031
1990-08-15,27,0.029
1990-08-16,42,0.045
1990-08-17,19,0.021
1990-08-18,44,0.048
1990-08-19,40,0.043
1990-08-20,21,0.023
1990-08-21,26,0.028
1990-08-22,24,0.026
1990-08-23,23,0.025
1990-08-24,30,0.032
1990-08-25,40,0.043
1990-08-26,46,0.05
1990-08-27,34,0.037
1990-08-28,37,0.04
1990-08-29,40,0.043
1990-08-30,27,0.029
1990-08-31,32,0.035
1990-09-01,48,0.052
1990-09-02,58,0.057
1990-09-03,47,0.051
1990-09-04,31,0.034
1990-09-05,38,0.041
1990-09-06,33,0.036
1990-09-07,25,0.027
1990-09-08,42,0.045
1990-09-09,36,0.039
1990-09-10,21,0.023
1990-09-11,24,0.026
1990-09-12,32,0.035
1990-09-13,31,0.033
1990-09-14,34,0.037
1990-09-15,45,0.049
1990-09-16,19,0.021
1990-09-17,13,0.014
1990-09-18,19,0.02
1990-09-19,16,0.017
1990-09-20,20,0.022
1990-09-21,16,0.017
1990-09-22,36,0.039
1990-09-23,38,0.041
1990-09-24,23,0.025
1990-09-25,19,0.02
1990-09-26,15,0.016
1990-09-27,14,0.015
1990-09-28,10,0.011
1990-09-29,10,0.011
1990-09-30,23,0.025
1990-10-01,15,0.016
1990-10-02,10,0.011
1990-10-03,18,0.019
1990-10-04,10,0.011
1990-10-05,14,0.015
1990-10-06,19,0.021
1990-10-07,9,0.01
1990-10-08,6,0.006
1990-10-09,15,0.016
1990-10-10,15,0.016
1990-10-11,5,0.005
1990-10-12,8,0.009
1990-10-13,21,0.023
1990-10-14,22,0.024
1990-10-15,7,0.008
1990-10-16,25,0.027
1990-10-17,21,0.023
1990-10-18,1,0.001
1990-10-19,9,0.01
1990-10-20,9,0.01
1990-10-21,24,0.026
1990-10-22,10,0.011
1990-10-23,16,0.017
1990-10-24,7,0.008
1990-10-25,12,0.013
1990-10-26,7,0.008
1990-10-27,23,0.025
1990-10-28,27,0.029
1990-10-29,12,0.013
1990-10-30,17,0.018
1990-10-31,8,0.009
1990-11-01,6,0.006
1990-11-02,9,0.01
1990-11-03,13,0.014
1990-11-04,3,0.003
1990-11-05,8,0.009
1990-11-06,6,0.007
1990-11-07,5,0.005
1990-11-08,12,0.013
1990-11-09,21,0.023
1990-11-10,14,0.015
1990-11-11,13,0.014
1990-11-12,6,0.007
1990-11-13,6,0.006
1990-11-14,6,0.007
1990-11-15,9,0.01
1990-11-16,2,0.002
1990-11-17,9,0.01
1990-11-18,14,0.015
1990-11-19,11,0.012
1990-11-20,25,0.027
1990-11-21,15,0.016
1990-11-22,32,0.035
1990-11-23,22,0.024
1990-11-24,27,0.029
1990-11-25,10,0.011
1990-11-26,7,0.008
1990-11-27,16,0.017
1990-11-28,16,0.017
1990-11-29,5,0.005
1990-11-30,6,0.006
1990-12-01,9,0.01
1990-12-02,24,0.026
1990-12-03,9,0.01
1990-12-04,5,0.005
1990-12-05,17,0.018
1990-12-06,10,0.011
1990-12-07,4,0.004
1990-12-08,6,0.007
1990-12-09,8,0.009
1990-12-10,2,0.002
1990-12-11,12,0.013
1990-12-12,6,0.007
1990-12-13,1,0.001
1990-12-14,29,0.031
1990-12-15,6,0.006
1990-12-16,8,0.009
1990-12-17,6,0.007
1990-12-27,0,0.0
1990-12-28,6,0.007
1990-12-29,12,0.013
1990-12-30,6,0.006
1990-12-31,7,0.008
1991-01-01,7,0.008
1991-01-02,0,0.0
1991-01-03,0,0.0
1991-01-04,0,0.0
1991-01-05,7,0.008
1991-01-06,3,0.003
1991-01-07,2,0.002
1991-01-08,8,0.009
1991-01-09,0,0.0
1991-01-10,4,0.004
1991-01-11,9,0.01
1991-01-12,16,0.017
1991-01-13,15,0.016
1991-01-14,8,0.009
1991-01-15,5,0.005
1991-01-16,7,0.008
1991-01-17,5,0.005
1991-01-18,7,0.008
1991-01-19,13,0.014
1991-01-20,19,0.02
1991-01-21,11,0.012
1991-01-22,10,0.011
1991-01-23,6,0.006
1991-01-24,8,0.009
1991-01-25,7,0.008
1991-01-26,20,0.022
1991-01-27,18,0.019
1991-01-28,18,0.019
1991-01-29,9,0.01
1991-01-30,12,0.013
1991-01-31,5,0.005
1991-02-01,3,0.003
1991-02-02,7,0.008
1991-02-03,15,0.016
1991-02-04,13,0.014
1991-02-05,8,0.009
1991-02-06,8,0.009
1991-02-07,5,0.005
1991-02-08,1,0.001
1991-02-09,19,0.02
1991-02-10,21,0.023
1991-02-11,11,0.012
1991-02-12,18,0.019
1991-02-13,17,0.018
1991-02-14,14,0.015
1991-02-15,6,0.007
1991-02-16,7,0.008
1991-02-17,25,0.027
1991-02-18,17,0.018
1991-02-19,23,0.025
1991-02-20,20,0.022
1991-02-21,19,0.021
1991-02-22,6,0.007
1991-02-23,15,0.016
1991-02-24,18,0.019
1991-02-25,13,0.014
1991-02-26,18,0.019
1991-02-27,19,0.021
1991-02-28,14,0.015
1991-03-01,16,0.017
1991-03-02,10,0.011
1991-03-03,33,0.036
1991-03-04,21,0.023
1991-03-05,13,0.014
1991-03-06,18,0.019
1991-03-07,24,0.026
1991-03-08,25,0.027
1991-03-09,27,0.029
1991-03-10,31,0.033
1991-03-11,22,0.024
1991-03-12,25,0.027
1991-03-13,16,0.017
1991-03-14,16,0.017
1991-03-15,6,0.007
1991-03-16,10,0.011
1991-03-17,35,0.038
1991-03-18,26,0.028
1991-03-19,38,0.041
1991-03-20,29,0.031
1991-03-21,23,0.025
1991-03-22,29,0.031
1991-03-23,30,0.032
1991-03-24,35,0.038
1991-03-25,22,0.024
1991-03-26,29,0.031
1991-03-27,27,0.029
1991-03-28,29,0.031
1991-03-29,12,0.013
1991-03-30,38,0.041
1991-03-31,43,0.046
1991-04-01,33,0.036
1991-04-02,21,0.023
1991-04-03,22,0.024
1991-04-04,29,0.031
1991-04-05,30,0.032
1991-04-06,43,0.046
1991-04-07,30,0.032
1991-04-08,31,0.033
1991-04-09,28,0.03
1991-04-10,30,0.032
1991-04-11,28,0.03
1991-04-12,20,0.022
1991-04-13,40,0.043
1991-04-14,37,0.04
1991-04-15,27,0.029
1991-04-16,20,0.022
1991-04-17,24,0.026
1991-04-18,13,0.014
1991-04-19,23,0.025
1991-04-20,19,0.02
1991-04-21,17,0.018
1991-04-22,28,0.03
1991-04-23,30,0.032
1991-04-24,32,0.035
1991-04-25,33,0.036
1991-04-26,32,0.035
1991-04-27,35,0.038
1991-04-28,34,0.037
1991-04-29,28,0.03
1991-04-30,25,0.027
1991-05-01,28,0.03
1991-05-02,22,0.024
1991-05-03,23,0.025
1991-05-04,24,0.026
1991-05-05,33,0.036
1991-05-06,31,0.033
1991-05-07,31,0.033
1991-05-08,36,0.039
1991-05-09,18,0.019
1991-05-10,30,0.032
1991-05-11,28,0.03
1991-05-12,80,0.064
1991-05-13,43,0.046
1991-05-14,26,0.028
1991-05-15,26,0.028
1991-05-16,29,0.031
1991-05-17,34,0.037
1991-05-18,42,0.045
1991-05-19,43,0.046
1991-05-20,23,0.025
1991-05-21,19,0.021
1991-05-22,28,0.03
1991-05-23,31,0.033
1991-05-24,42,0.045
1991-05-25,46,0.05
1991-05-26,42,0.045
1991-05-27,44,0.047
1991-05-28,31,0.034
1991-05-29,36,0.039
1991-05-30,38,0.041
1991-05-31,30,0.032
1991-06-01,29,0.031
1991-06-02,45,0.049
1991-06-03,31,0.033
1991-06-04,37,0.04
1991-06-05,27,0.029
1991-06-06,24,0.026
1991-06-07,24,0.026
1991-06-08,42,0.045
1991-06-09,40,0.043
1991-06-10,27,0.029
1991-06-11,42,0.045
1991-06-12,33,0.036
1991-06-13,30,0.032
1991-06-14,23,0.025
1991-06-15,39,0.042
1991-06-16,39,0.042
1991-06-17,29,0.031
1991-06-18,38,0.041
1991-06-19,22,0.024
1991-06-20,31,0.034
1991-06-21,24,0.026
1991-06-22,38,0.041
1991-06-23,44,0.048
1991-06-24,38,0.041
1991-06-25,19,0.021
1991-06-26,35,0.038
1991-06-27,44,0.047
1991-06-28,41,0.044
1991-06-29,44,0.047
1991-06-30,43,0.046
1991-07-01,37,0.04
1991-07-02,43,0.046
1991-07-03,43,0.046
1991-07-04,49,0.053
1991-07-05,31,0.033
1991-07-06,35,0.038
1991-07-07,35,0.038
1991-07-08,27,0.029
1991-07-09,32,0.035
1991-07-10,34,0.037
1991-07-11,31,0.034
1991-07-12,18,0.019
1991-07-13,51,0.055
1991-07-14,77,0.063
1991-07-15,48,0.052
1991-07-16,39,0.042
1991-07-17,49,0.053
1991-07-18,38,0.041
1991-07-19,34,0.037
1991-07-20,33,0.036
1991-07-21,32,0.035
1991-07-22,20,0.022
1991-07-23,19,0.02
1991-07-24,13,0.014
1991-07-25,27,0.029
1991-07-26,25,0.027
1991-07-27,46,0.05
1991-07-28,50,0.054
1991-07-29,31,0.033
1991-07-30,25,0.027
1991-07-31,44,0.047
1991-08-01,27,0.029
1991-08-02,28,0.03
1991-08-03,13,0.014
1991-08-04,45,0.049
1991-08-05,31,0.033
1991-08-06,28,0.03
1991-08-07,32,0.035
1991-08-08,27,0.029
1991-08-09,34,0.037
1991-08-10,44,0.047
1991-08-11,45,0.049
1991-08-12,16,0.017
1991-08-13,28,0.03
1991-08-14,35,0.038
1991-08-15,29,0.031
1991-08-16,25,0.027
1991-08-17,42,0.045
1991-08-18,44,0.047
1991-08-19,15,0.016
1991-08-20,31,0.034
1991-08-21,28,0.03
1991-08-22,27,0.029
1991-08-23,33,0.036
1991-08-24,45,0.049
1991-08-25,44,0.048
1991-08-26,37,0.04
1991-08-27,41,0.044
1991-08-28,27,0.029
1991-08-29,27,0.029
1991-08-30,38,0.041
1991-08-31,45,0.049
1991-09-01,61,0.058
1991-09-02,37,0.04
1991-09-03,23,0.025
1991-09-04,24,0.026
1991-09-05,33,0.036
1991-09-06,19,0.02
1991-09-07,31,0.034
1991-09-08,35,0.038
1991-09-09,28,0.03
1991-09-10,21,0.023
1991-09-11,29,0.031
1991-09-12,23,0.025
1991-09-13,19,0.021
1991-09-14,39,0.042
1991-09-15,37,0.04
1991-09-16,29,0.031
1991-09-17,21,0.023
1991-09-18,8,0.009
1991-09-19,23,0.025
1991-09-20,29,0.031
1991-09-21,34,0.037
1991-09-22,35,0.038
1991-09-23,20,0.022
1991-09-24,14,0.015
1991-09-25,22,0.024
1991-09-26,19,0.021
1991-09-27,23,0.025
1991-09-28,36,0.039
1991-09-29,33,0.036
1991-09-30,5,0.005
1991-10-01,25,0.027
1991-10-02,25,0.027
1991-10-03,27,0.029
1991-10-04,6,0.007
1991-10-05,26,0.028
1991-10-06,31,0.033
1991-10-07,19,0.021
1991-10-08,26,0.028
1991-10-09,18,0.019
1991-10-10,20,0.022
1991-10-11,19,0.02
1991-10-12,28,0.03
1991-10-13,39,0.042
1991-10-14,20,0.022
1991-10-15,15,0.016
1991-10-16,17,0.018
1991-10-17,23,0.025
1991-10-18,17,0.018
1991-10-19,26,0.028
1991-10-20,19,0.02
1991-10-21,23,0.025
1991-10-22,19,0.02
1991-10-23,24,0.026
1991-10-24,11,0.012
1991-10-25,13,0.014
1991-10-26,22,0.024
1991-10-27,21,0.023
1991-10-28,18,0.019
1991-10-29,15,0.016
1991-10-30,14,0.015
1991-10-31,15,0.016
1991-11-01,19,0.02
1991-11-02,20,0.022
1991-11-03,18,0.019
1991-11-04,19,0.021
1991-11-05,13,0.014
1991-11-06,6,0.006
1991-11-07,6,0.006
1991-11-08,6,0.007
1991-11-09,15,0.016
1991-11-10,7,0.008
1991-11-11,15,0.016
1991-11-12,19,0.02
1991-11-13,11,0.012
1991-11-14,12,0.013
1991-11-15,8,0.009
1991-11-16,3,0.003
1991-11-17,12,0.013
1991-11-18,12,0.013
1991-11-19,11,0.012
1991-11-20,4,0.004
1991-11-21,12,0.013
1991-11-22,9,0.01
1991-11-23,19,0.02
1991-11-24,7,0.008
1991-11-25,5,0.005
1991-11-26,11,0.012
1991-11-27,8,0.009
1991-11-28,5,0.005
1991-11-29,18,0.019
1991-11-30,15,0.016
1991-12-01,19,0.02
1991-12-02,8,0.009
1991-12-03,6,0.007
1991-12-04,3,0.003
1991-12-05,6,0.007
1991-12-06,4,0.004
1991-12-07,6,0.007
1991-12-08,8,0.009
1991-12-09,5,0.005
1991-12-10,2,0.002
1991-12-11,1,0.001
1991-12-12,17,0.018
1991-12-13,21,0.023
1991-12-14,15,0.016
1991-12-15,9,0.01
1991-12-16,10,0.011
1991-12-17,2,0.002
1991-12-18,2,0.002
1991-12-19,3,0.003
1991-12-20,2,0.002
1991-12-21,4,0.004
1991-12-22,7,0.008
1991-12-23,2,0.002
1991-12-24,4,0.004
1991-12-25,13,0.014
1991-12-26,9,0.01
1991-12-27,7,0.008
1991-12-28,9,0.01
1991-12-29,11,0.012
1991-12-30,3,0.003
1991-12-31,8,0.009
1992-01-01,15,0.016
1992-01-02,7,0.008
1992-01-03,9,0.01
1992-01-04,1,0.001
1992-01-05,18,0.019
1992-01-06,3,0.003
1992-01-07,7,0.008
1992-01-08,10,0.011
1992-01-09,8,0.009
1992-01-10,6,0.007
1992-01-11,14,0.015
1992-01-12,17,0.018
1992-01-13,8,0.009
1992-01-14,18,0.019
1992-01-15,7,0.008
1992-01-16,11,0.012
1992-01-17,8,0.009
1992-01-18,13,0.014
1992-01-19,7,0.008
1992-01-20,5,0.005
1992-01-21,19,0.021
1992-01-22,22,0.024
1992-01-23,19,0.021
1992-01-24,8,0.009
1992-01-25,6,0.007
1992-01-26,25,0.027
1992-01-27,6,0.007
1992-01-28,6,0.007
1992-01-29,12,0.013
1992-01-30,11,0.012
1992-01-31,7,0.008
1992-02-01,10,0.011
1992-02-02,15,0.016
1992-02-03,11,0.012
1992-02-04,13,0.014
1992-02-05,12,0.013
1992-02-06,11,0.012
1992-02-07,10,0.011
1992-02-08,9,0.01
1992-02-09,19,0.02
1992-02-10,18,0.019
1992-02-11,9,0.01
1992-02-12,13,0.014
1992-02-13,8,0.009
1992-02-14,21,0.023
1992-02-15,26,0.028
1992-02-16,18,0.019
1992-02-17,26,0.028
1992-02-18,24,0.026
1992-02-19,18,0.019
1992-02-20,6,0.006
1992-02-21,15,0.016
1992-02-22,19,0.021
1992-02-23,30,0.032
1992-02-24,19,0.021
1992-02-25,17,0.018
1992-02-26,15,0.016
1992-02-27,14,0.015
1992-02-28,16,0.017
1992-02-29,26,0.028
1992-03-01,22,0.024
1992-03-02,20,0.022
1992-03-03,11,0.012
1992-03-04,7,0.008
1992-03-05,13,0.014
1992-03-06,6,0.006
1992-03-07,24,0.026
1992-03-08,19,0.021
1992-03-09,21,0.023
1992-03-10,18,0.019
1992-03-11,17,0.018
1992-03-12,17,0.018
1992-03-13,23,0.025
1992-03-14,24,0.026
1992-03-15,34,0.037
1992-03-16,28,0.03
1992-03-17,12,0.013
1992-03-18,14,0.015
1992-03-19,12,0.013
1992-03-20,24,0.026
1992-03-21,20,0.022
1992-03-22,32,0.035
1992-03-23,24,0.026
1992-03-24,24,0.026
1992-03-25,28,0.03
1992-03-26,26,0.028
1992-03-27,21,0.023
1992-03-28,24,0.026
1992-03-29,37,0.04
1992-03-30,23,0.025
1992-03-31,15,0.016
1992-04-01,23,0.025
1992-04-02,17,0.018
1992-04-03,25,0.027
1992-04-04,34,0.037
1992-04-05,33,0.036
1992-04-06,27,0.029
1992-04-07,24,0.026
1992-04-08,26,0.028
1992-04-09,19,0.021
1992-04-10,24,0.026
1992-04-11,21,0.023
1992-04-12,18,0.019
1992-04-13,31,0.034
1992-04-14,21,0.023
1992-04-15,26,0.028
1992-04-16,12,0.013
1992-04-17,38,0.041
1992-04-18,38,0.041
1992-04-19,34,0.037
1992-04-20,25,0.027
1992-04-21,30,0.032
1992-04-22,15,0.016
1992-04-23,33,0.036
1992-04-24,31,0.033
1992-04-25,39,0.042
1992-04-26,45,0.049
1992-04-27,30,0.032
1992-04-28,36,0.039
1992-04-29,39,0.042
1992-04-30,43,0.046
1992-05-01,33,0.036
1992-05-02,42,0.045
1992-05-03,47,0.051
1992-05-04,36,0.039
1992-05-05,38,0.041
1992-05-06,35,0.038
1992-05-07,34,0.037
1992-05-08,35,0.038
1992-05-09,42,0.045
1992-05-10,40,0.043
1992-05-11,31,0.033
1992-05-12,16,0.017
1992-05-13,31,0.034
1992-05-14,32,0.035
1992-05-15,27,0.029
1992-05-16,39,0.042
1992-05-17,44,0.048
1992-05-18,38,0.041
1992-05-19,32,0.035
1992-05-20,35,0.038
1992-05-21,32,0.035
1992-05-22,20,0.022
1992-05-23,30,0.032
1992-05-24,43,0.046
1992-05-25,20,0.022
1992-05-26,17,0.018
1992-05-27,7,0.008
1992-05-28,19,0.021
1992-05-29,31,0.034
1992-05-30,38,0.041
1992-05-31,31,0.033
1992-06-01,19,0.02
1992-06-02,41,0.044
1992-06-03,36,0.039
1992-06-04,32,0.035
1992-06-05,27,0.029
1992-06-06,37,0.04
1992-06-07,38,0.041
1992-06-08,25,0.027
1992-06-09,33,0.036
1992-06-10,33,0.036
1992-06-11,35,0.038
1992-06-12,37,0.04
1992-06-13,39,0.042
1992-06-14,36,0.039
1992-06-15,42,0.045
1992-06-16,46,0.05
1992-06-17,32,0.035
1992-06-18,41,0.044
1992-06-19,28,0.03
1992-06-20,64,0.059
1992-06-21,48,0.052
1992-06-22,46,0.05
1992-06-23,33,0.036
1992-06-24,27,0.029
1992-06-25,16,0.017
1992-06-26,22,0.024
1992-06-27,39,0.042
1992-06-28,34,0.037
1992-06-29,34,0.037
1992-06-30,19,0.021
1992-07-01,16,0.017
1992-07-02,23,0.025
1992-07-03,43,0.046
1992-07-04,44,0.048
1992-07-05,42,0.045
1992-07-06,41,0.044
1992-07-07,22,0.024
1992-07-08,22,0.024
1992-07-09,37,0.04
1992-07-10,37,0.04
1992-07-11,42,0.045
1992-07-12,31,0.033
1992-07-13,39,0.042
1992-07-14,44,0.047
1992-07-15,26,0.028
1992-07-16,19,0.021
1992-07-17,37,0.04
1992-07-18,45,0.049
1992-07-19,32,0.035
1992-07-20,27,0.029
1992-07-21,45,0.049
1992-07-22,29,0.031
1992-07-23,28,0.03
1992-07-24,26,0.028
1992-07-25,31,0.033
1992-07-26,50,0.054
1992-07-27,45,0.049
1992-07-28,36,0.039
1992-07-29,24,0.026
1992-07-30,36,0.039
1992-07-31,35,0.038
1992-08-01,39,0.042
1992-08-02,47,0.051
1992-08-03,25,0.027
1992-08-04,32,0.035
1992-08-05,33,0.036
1992-08-06,20,0.022
1992-08-07,35,0.038
1992-08-08,35,0.038
1992-08-09,42,0.045
1992-08-10,23,0.025
1992-08-11,31,0.033
1992-08-12,9,0.01
1992-08-13,33,0.036
1992-08-14,33,0.036
1992-08-15,33,0.036
1992-08-16,31,0.034
1992-08-17,16,0.017
1992-08-18,34,0.037
1992-08-19,31,0.033
1992-08-20,37,0.04
1992-08-21,35,0.038
1992-08-22,38,0.041
1992-08-23,34,0.037
1992-08-24,8,0.009
1992-08-25,16,0.017
1992-08-26,26,0.028
1992-08-27,28,0.03
1992-08-28,29,0.031
1992-08-29,31,0.034
1992-08-30,28,0.03
1992-08-31,16,0.017
1992-09-01,23,0.025
1992-09-02,26,0.028
1992-09-03,24,0.026
1992-09-04,28,0.03
1992-09-05,44,0.047
1992-09-06,35,0.038
1992-09-07,33,0.036
1992-09-08,26,0.028
1992-09-09,25,0.027
1992-09-10,27,0.029
1992-09-11,23,0.025
1992-09-12,23,0.025
1992-09-13,31,0.033
1992-09-14,20,0.022
1992-09-15,19,0.021
1992-09-16,20,0.022
1992-09-17,24,0.026
1992-09-18,21,0.023
1992-09-19,17,0.018
1992-09-20,29,0.031
1992-09-21,18,0.019
1992-09-22,23,0.025
1992-09-23,22,0.024
1992-09-24,19,0.02
1992-09-25,19,0.02
1992-09-26,30,0.032
1992-09-27,27,0.029
1992-09-28,18,0.019
1992-09-29,20,0.022
1992-09-30,28,0.03
1992-10-01,26,0.028
1992-10-02,29,0.031
1992-10-03,38,0.041
1992-10-04,33,0.036
1992-10-05,19,0.021
1992-10-06,15,0.016
1992-10-07,15,0.016
1992-10-08,21,0.023
1992-10-09,17,0.018
1992-10-10,26,0.028
1992-10-11,22,0.024
1992-10-12,10,0.011
1992-10-13,9,0.01
1992-10-14,11,0.012
1992-10-15,17,0.018
1992-10-16,8,0.009
1992-10-17,26,0.028
1992-10-18,20,0.022
1992-10-19,11,0.012
1992-10-20,15,0.016
1992-10-21,12,0.013
1992-10-22,10,0.011
1992-10-23,11,0.012
1992-10-24,22,0.024
1992-10-25,19,0.021
1992-10-26,12,0.013
1992-10-27,14,0.015
1992-10-28,8,0.009
1992-10-29,2,0.002
1992-10-30,3,0.003
1992-10-31,10,0.011
1992-11-01,22,0.024
1992-11-02,11,0.012
1992-11-03,6,0.006
1992-11-04,12,0.013
1992-11-05,6,0.007
1992-11-06,9,0.01
1992-11-07,9,0.01
1992-11-08,30,0.032
1992-11-09,16,0.017
1992-11-10,7,0.008
1992-11-11,6,0.007
1992-11-12,5,0.005
1992-11-13,7,0.008
1992-11-14,13,0.014
1992-11-15,14,0.015
1992-11-16,1,0.001
1992-11-17,6,0.006
1992-11-18,6,0.007
1992-11-19,8,0.009
1992-11-20,7,0.008
1992-11-21,6,0.007
1992-11-22,3,0.003
1992-11-23,7,0.008
1992-11-24,9,0.01
1992-11-25,6,0.006
1992-11-26,16,0.017
1992-11-27,6,0.007
1992-11-28,18,0.019
1992-11-29,19,0.021
1992-11-30,17,0.018
1992-12-01,16,0.017
1992-12-02,4,0.004
1992-12-03,13,0.014
1992-12-04,8,0.009
1992-12-05,3,0.003
1992-12-06,5,0.005
1992-12-07,2,0.002
1992-12-08,2,0.002
1992-12-09,13,0.014
1992-12-10,7,0.008
1992-12-11,2,0.002
1992-12-12,14,0.015
1992-12-13,17,0.018
1992-12-14,6,0.006
1992-12-15,5,0.005
1993-01-01,12,0.013
1993-01-02,12,0.013
1993-01-03,13,0.014
1993-01-04,6,0.006
1993-01-05,6,0.006
1993-01-06,6,0.007
1993-01-07,9,0.01
1993-01-08,5,0.005
1993-01-09,11,0.012
1993-01-10,10,0.011
1993-01-11,3,0.003
1993-01-12,7,0.008
1993-01-13,8,0.009
1993-01-14,5,0.005
1993-01-15,5,0.005
1993-01-16,7,0.008
1993-01-17,8,0.009
1993-01-18,3,0.003
1993-01-19,3,0.003
1993-01-20,19,0.02
1993-01-21,20,0.022
1993-01-22,24,0.026
1993-01-23,19,0.021
1993-01-24,4,0.004
1993-01-25,3,0.003
1993-01-26,9,0.01
1993-01-27,11,0.012
1993-01-28,11,0.012
1993-01-29,3,0.003
1993-01-30,12,0.013
1993-01-31,18,0.019
1993-02-01,7,0.008
1993-02-02,14,0.015
1993-02-03,12,0.013
1993-02-04,8,0.009
1993-02-05,9,0.01
1993-02-06,11,0.012
1993-02-07,28,0.03
1993-02-08,9,0.01
1993-02-09,7,0.008
1993-02-10,13,0.014
1993-02-11,9,0.01
1993-02-12,12,0.013
1993-02-13,27,0.029
1993-02-14,20,0.022
1993-02-15,21,0.023
1993-02-16,18,0.019
1993-02-17,11,0.012
1993-02-18,11,0.012
1993-02-19,11,0.012
1993-02-20,31,0.033
1993-02-21,32,0.035
1993-02-22,22,0.024
1993-02-23,10,0.011
1993-02-24,3,0.003
1993-02-25,17,0.018
1993-02-26,8,0.009
1993-02-27,19,0.02
1993-02-28,29,0.031
1993-03-01,16,0.017
1993-03-02,18,0.019
1993-03-03,22,0.024
1993-03-04,18,0.019
1993-03-05,19,0.02
1993-03-06,19,0.02
1993-03-07,30,0.032
1993-03-08,19,0.02
1993-03-09,23,0.025
1993-03-10,13,0.014
1993-03-11,23,0.025
1993-03-12,19,0.021
1993-03-13,22,0.024
1993-03-14,27,0.029
1993-03-15,22,0.024
1993-03-16,14,0.015
1993-03-17,4,0.004
1993-03-18,15,0.016
1993-03-19,25,0.027
1993-03-20,18,0.019
1993-03-21,34,0.037
1993-03-22,27,0.029
1993-03-23,30,0.032
1993-03-24,31,0.034
1993-03-25,33,0.036
1993-03-26,29,0.031
1993-03-27,33,0.036
1993-03-28,33,0.036
1993-03-29,20,0.022
1993-03-30,14,0.015
1993-03-31,19,0.021
1993-04-01,33,0.036
1993-04-02,27,0.029
1993-04-03,25,0.027
1993-04-04,40,0.043
1993-04-05,27,0.029
1993-04-06,13,0.014
1993-04-07,28,0.03
1993-04-08,34,0.037
1993-04-09,33,0.036
1993-04-10,45,0.049
1993-04-11,40,0.043
1993-04-12,23,0.025
1993-04-13,29,0.031
1993-04-14,29,0.031
1993-04-15,26,0.028
1993-04-16,29,0.031
1993-04-17,42,0.045
1993-04-18,44,0.047
1993-04-19,31,0.034
1993-04-20,30,0.032
1993-04-21,38,0.041
1993-04-22,40,0.043
1993-04-23,44,0.047
1993-04-24,26,0.028
1993-04-25,44,0.048
1993-04-26,26,0.028
1993-04-27,36,0.039
1993-04-28,43,0.046
1993-04-29,40,0.043
1993-04-30,37,0.04
1993-05-01,40,0.043
1993-05-02,54,0.056
1993-05-03,36,0.039
1993-05-04,31,0.034
1993-05-05,42,0.045
1993-05-06,44,0.047
1993-05-07,32,0.035
1993-05-08,47,0.051
1993-05-09,42,0.045
1993-05-10,41,0.044
1993-05-11,44,0.047
1993-05-12,37,0.04
1993-05-13,46,0.05
1993-05-14,36,0.039
1993-05-15,39,0.042
1993-05-16,30,0.032
1993-05-17,14,0.015
1993-05-18,35,0.038
1993-05-19,37,0.04
1993-05-20,45,0.049
1993-05-21,45,0.049
1993-05-22,39,0.042
1993-05-23,50,0.054
1993-05-24,16,0.017
1993-05-25,18,0.019
1993-05-26,32,0.035
1993-05-27,29,0.031
1993-05-28,26,0.028
1993-05-29,35,0.038
1993-05-30,64,0.059
1993-05-31,67,0.06
1993-06-01,37,0.04
1993-06-02,31,0.033
1993-06-03,35,0.038
1993-06-04,28,0.03
1993-06-05,50,0.054
1993-06-06,37,0.04
1993-06-07,41,0.044
1993-06-08,32,0.035
1993-06-09,35,0.038
1993-06-10,45,0.049
1993-06-11,27,0.029
1993-06-12,54,0.056
1993-06-13,49,0.053
1993-06-14,44,0.048
1993-06-15,41,0.044
1993-06-16,32,0.035
1993-06-17,16,0.017
1993-06-18,11,0.012
1993-06-19,48,0.052
1993-06-20,71,0.061
1993-06-21,39,0.042
1993-06-22,44,0.047
1993-06-23,50,0.054
1993-06-24,44,0.047
1993-06-25,44,0.048
1993-06-26,74,0.062
1993-06-27,44,0.048
1993-06-28,38,0.041
1993-06-29,54,0.056
1993-06-30,47,0.051
1993-07-01,61,0.058
1993-07-02,44,0.048
1993-07-03,41,0.044
1993-07-04,37,0.04
1993-07-05,40,0.043
1993-07-06,43,0.046
1993-07-07,42,0.045
1993-07-08,38,0.041
1993-07-09,44,0.048
1993-07-10,44,0.048
1993-07-11,27,0.029
1993-07-12,30,0.032
1993-07-13,29,0.031
1993-07-14,28,0.03
1993-07-15,40,0.043
1993-07-16,39,0.042
1993-07-17,19,0.02
1993-07-18,71,0.061
1993-07-19,31,0.033
1993-07-20,22,0.024
1993-07-21,31,0.033
1993-07-22,33,0.036
1993-07-23,31,0.034
1993-07-24,44,0.048
1993-07-25,71,0.061
1993-07-26,43,0.046
1993-07-27,39,0.042
1993-07-28,44,0.047
1993-07-29,44,0.048
1993-07-30,41,0.044
1993-07-31,87,0.066
1993-08-01,44,0.047
1993-08-02,28,0.03
1993-08-03,12,0.013
1993-08-04,29,0.031
1993-08-05,28,0.03
1993-08-06,32,0.035
1993-08-07,43,0.046
1993-08-08,39,0.042
1993-08-09,33,0.036
1993-08-10,26,0.028
1993-08-11,33,0.036
1993-08-12,16,0.017
1993-08-13,20,0.022
1993-08-14,35,0.038
1993-08-15,37,0.04
1993-08-16,29,0.031
1993-08-17,32,0.035
1993-08-18,14,0.015
1993-08-19,26,0.028
1993-08-20,25,0.027
1993-08-21,26,0.028
1993-08-22,41,0.044
1993-08-23,44,0.047
1993-08-24,34,0.037
1993-08-25,34,0.037
1993-08-26,6,0.007
1993-08-27,8,0.009
1993-08-28,37,0.04
1993-08-29,34,0.037
1993-08-30,13,0.014
1993-08-31,18,0.019
1993-09-01,22,0.024
1993-09-02,10,0.011
1993-09-03,27,0.029
1993-09-04,40,0.043
1993-09-05,21,0.023
1993-09-06,24,0.026
1993-09-07,15,0.016
1993-09-08,27,0.029
1993-09-09,22,0.024
1993-09-10,14,0.015
1993-09-11,28,0.03
1993-09-12,37,0.04
1993-09-13,4,0.004
1993-09-14,18,0.019
1993-09-15,25,0.027
1993-09-16,19,0.021
1993-09-17,21,0.023
1993-09-18,19,0.02
1993-09-19,31,0.034
1993-09-20,26,0.028
1993-09-21,27,0.029
1993-09-22,6,0.006
1993-09-23,8,0.009
1993-09-24,13,0.014
1993-09-25,28,0.03
1993-09-26,31,0.034
1993-09-27,14,0.015
1993-09-28,12,0.013
1993-09-29,21,0.023
1993-09-30,20,0.022
1993-10-01,13,0.014
1993-10-02,25,0.027
1993-10-03,31,0.034
1993-10-04,21,0.023
1993-10-05,18,0.019
1993-10-06,17,0.018
1993-10-07,8,0.009
1993-10-08,14,0.015
1993-10-09,6,0.006
1993-10-10,22,0.024
1993-10-11,10,0.011
1993-10-12,11,0.012
1993-10-13,14,0.015
1993-10-14,7,0.008
1993-10-15,3,0.003
1993-10-16,21,0.023
1993-10-17,12,0.013
1993-10-18,3,0.003
1993-10-19,13,0.014
1993-10-20,8,0.009
1993-10-21,6,0.006
1993-10-22,7,0.008
1993-10-23,21,0.023
1993-10-24,25,0.027
1993-10-25,17,0.018
1993-10-26,11,0.012
1993-10-27,13,0.014
1993-10-28,14,0.015
1993-10-29,8,0.009
1993-10-30,15,0.016
1993-10-31,11,0.012
1993-11-01,11,0.012
1993-11-02,10,0.011
1993-11-03,8,0.009
1993-11-04,11,0.012
1993-11-05,5,0.005
1993-11-06,6,0.007
1993-11-07,15,0.016
1993-11-08,6,0.006
1993-11-09,9,0.01
1993-11-10,11,0.012
1993-11-11,6,0.007
1993-11-12,3,0.003
1993-11-13,19,0.021
1993-11-14,14,0.015
1993-11-15,5,0.005
1993-11-16,0,0.0
1993-11-17,2,0.002
1993-11-18,15,0.016
1993-11-19,9,0.01
1993-11-20,6,0.007
1993-11-21,14,0.015
1993-11-22,5,0.005
1993-11-23,5,0.005
1993-11-24,7,0.008
1993-11-25,10,0.011
1993-11-26,31,0.033
1993-11-27,19,0.021
1993-11-28,12,0.013
1993-11-29,5,0.005
1993-11-30,3,0.003
1993-12-01,13,0.014
1993-12-02,15,0.016
1993-12-03,9,0.01
1993-12-04,31,0.033
1993-12-05,32,0.035
1993-12-06,22,0.024
1993-12-07,15,0.016
1993-12-08,6,0.006
1993-12-09,6,0.007
1993-12-10,5,0.005
1993-12-11,3,0.003
1993-12-12,12,0.013
1993-12-13,12,0.013
1993-12-14,6,0.006
1993-12-15,5,0.005
1993-12-16,5,0.005
1993-12-17,5,0.005
1993-12-18,2,0.002
1993-12-19,12,0.013
1993-12-20,4,0.004
1993-12-21,11,0.012
1993-12-22,5,0.005
1993-12-23,13,0.014
1993-12-24,24,0.026
1993-12-25,28,0.03
1993-12-26,4,0.004
1993-12-27,3,0.003
1993-12-28,2,0.002
1993-12-29,6,0.007
1993-12-30,10,0.011
1993-12-31,22,0.024
1994-01-01,21,0.023
1994-01-02,26,0.028
1994-01-03,18,0.019
1994-01-04,18,0.019
1994-01-05,20,0.022
1994-01-06,8,0.009
1994-01-07,13,0.014
1994-01-08,6,0.007
1994-01-09,3,0.003
1994-01-10,8,0.009
1994-01-11,19,0.021
1994-01-12,23,0.025
1994-01-13,19,0.021
1994-01-14,13,0.014
1994-01-15,9,0.01
1994-01-16,10,0.011
1994-01-17,3,0.003
1994-01-18,23,0.025
1994-01-19,14,0.015
1994-01-20,1,0.001
1994-01-21,6,0.007
1994-01-22,10,0.011
1994-01-23,15,0.016
1994-01-24,9,0.01
1994-01-25,6,0.007
1994-01-26,6,0.007
1994-01-27,12,0.013
1994-01-28,10,0.011
1994-01-29,13,0.014
1994-01-30,21,0.023
1994-01-31,19,0.02
1994-02-01,18,0.019
1994-02-02,6,0.007
1994-02-03,3,0.003
1994-02-04,4,0.004
1994-02-05,23,0.025
1994-02-06,19,0.021
1994-02-07,3,0.003
1994-02-08,10,0.011
1994-02-09,20,0.022
1994-02-10,14,0.015
1994-02-11,16,0.017
1994-02-12,16,0.017
1994-02-13,22,0.024
1994-02-14,6,0.007
1994-02-15,8,0.009
1994-02-16,12,0.013
1994-02-17,12,0.013
1994-02-18,18,0.019
1994-02-19,19,0.02
1994-02-20,31,0.034
1994-02-21,8,0.009
1994-02-22,6,0.007
1994-02-23,22,0.024
1994-02-24,20,0.022
1994-02-25,16,0.017
1994-02-26,7,0.008
1994-02-27,17,0.018
1994-02-28,11,0.012
1994-03-01,1,0.001
1994-03-02,19,0.021
1994-03-03,20,0.022
1994-03-04,22,0.024
1994-03-05,31,0.034
1994-03-06,25,0.027
1994-03-07,7,0.008
1994-03-08,15,0.016
1994-03-09,18,0.019
1994-03-10,20,0.022
1994-03-11,22,0.024
1994-03-12,21,0.023
1994-03-13,32,0.035
1994-03-14,19,0.02
1994-03-15,22,0.024
1994-03-16,8,0.009
1994-03-17,33,0.036
1994-03-18,20,0.022
1994-03-19,35,0.038
1994-03-20,25,0.027
1994-03-21,30,0.032
1994-03-22,38,0.041
1994-03-23,39,0.042
1994-03-24,17,0.018
1994-03-25,17,0.018
1994-03-26,27,0.029
1994-03-27,31,0.033
1994-03-28,26,0.028
1994-03-29,19,0.021
1994-03-30,25,0.027
1994-03-31,29,0.031
1994-04-01,25,0.027
1994-04-02,24,0.026
1994-04-03,39,0.042
1994-04-04,31,0.033
1994-04-05,17,0.018
1994-04-06,26,0.028
1994-04-07,27,0.029
1994-04-08,26,0.028
1994-04-09,23,0.025
1994-04-10,27,0.029
1994-04-11,18,0.019
1994-04-12,30,0.032
1994-04-13,31,0.034
1994-04-14,31,0.033
1994-04-15,25,0.027
1994-04-16,45,0.049
1994-04-17,39,0.042
1994-04-18,28,0.03
1994-04-19,23,0.025
1994-04-20,27,0.029
1994-04-21,40,0.043
1994-04-22,26,0.028
1994-04-23,37,0.04
1994-04-24,36,0.039
1994-04-25,10,0.011
1994-04-26,25,0.027
1994-04-27,10,0.011
1994-04-28,8,0.009
1994-04-29,9,0.01
1994-04-30,34,0.037
1994-05-01,39,0.042
1994-05-02,24,0.026
1994-05-03,21,0.023
1994-05-04,33,0.036
1994-05-05,33,0.036
1994-05-06,22,0.024
1994-05-07,41,0.044
1994-05-08,49,0.053
1994-05-09,27,0.029
1994-05-10,33,0.036
1994-05-11,37,0.04
1994-05-12,39,0.042
1994-05-13,13,0.014
1994-05-14,67,0.06
1994-05-15,48,0.052
1994-05-16,35,0.038
1994-05-17,35,0.038
1994-05-18,43,0.046
1994-05-19,37,0.04
1994-05-20,34,0.037
1994-05-21,74,0.062
1994-05-22,46,0.05
1994-05-23,34,0.037
1994-05-24,35,0.038
1994-05-25,31,0.033
1994-05-26,31,0.033
1994-05-27,39,0.042
1994-05-28,30,0.032
1994-05-29,48,0.052
1994-05-30,50,0.054
1994-05-31,32,0.035
1994-06-01,43,0.046
1994-06-02,30,0.032
1994-06-03,31,0.034
1994-06-04,45,0.049
1994-06-05,58,0.057
1994-06-06,32,0.035
1994-06-07,41,0.044
1994-06-08,8,0.009
1994-06-09,39,0.042
1994-06-10,40,0.043
1994-06-11,48,0.052
1994-06-12,37,0.04
1994-06-13,32,0.035
1994-06-14,26,0.028
1994-06-15,40,0.043
1994-06-16,39,0.042
1994-06-17,32,0.035
1994-06-18,35,0.038
1994-06-19,37,0.04
1994-06-20,31,0.033
1994-06-21,37,0.04
1994-06-22,23,0.025
1994-06-23,36,0.039
1994-06-24,38,0.041
1994-06-25,47,0.051
1994-06-26,101,0.071
1994-06-27,43,0.046
1994-06-28,38,0.041
1994-06-29,34,0.037
1994-06-30,28,0.03
1994-07-01,31,0.034
1994-07-02,32,0.035
1994-07-03,47,0.051
1994-07-04,58,0.057
1994-07-05,44,0.048
1994-07-06,33,0.036
1994-07-07,28,0.03
1994-07-08,43,0.046
1994-07-09,74,0.062
1994-07-10,48,0.052
1994-07-11,38,0.041
1994-07-12,23,0.025
1994-07-13,37,0.04
1994-07-14,36,0.039
1994-07-15,25,0.027
1994-07-16,42,0.045
1994-07-17,80,0.064
1994-07-18,32,0.035
1994-07-19,33,0.036
1994-07-20,13,0.014
1994-07-21,26,0.028
1994-07-22,26,0.028
1994-07-23,44,0.048
1994-07-24,54,0.056
1994-07-25,43,0.046
1994-07-26,31,0.033
1994-07-27,36,0.039
1994-07-28,32,0.035
1994-07-29,31,0.033
1994-07-30,45,0.049
1994-07-31,46,0.05
1994-08-01,35,0.038
1994-08-02,39,0.042
1994-08-03,31,0.034
1994-08-04,44,0.048
1994-08-05,36,0.039
1994-08-06,45,0.049
1994-08-07,38,0.041
1994-08-08,44,0.047
1994-08-09,21,0.023
1994-08-10,41,0.044
1994-08-11,30,0.032
1994-08-12,31,0.034
1994-08-13,38,0.041
1994-08-14,47,0.051
1994-08-15,40,0.043
1994-08-16,33,0.036
1994-08-17,37,0.04
1994-08-18,20,0.022
1994-08-19,26,0.028
1994-08-20,74,0.062
1994-08-21,54,0.056
1994-08-22,32,0.035
1994-08-23,38,0.041
1994-08-24,19,0.02
1994-08-25,30,0.032
1994-08-26,24,0.026
1994-08-27,33,0.036
1994-08-28,35,0.038
1994-08-29,26,0.028
1994-08-30,37,0.04
1994-08-31,10,0.011
1994-09-01,14,0.015
1994-09-02,31,0.034
1994-09-03,18,0.019
1994-09-04,51,0.055
1994-09-05,47,0.051
1994-09-06,36,0.039
1994-09-07,35,0.038
1994-09-08,30,0.032
1994-09-09,27,0.029
1994-09-10,46,0.05
1994-09-11,38,0.041
1994-09-12,32,0.035
1994-09-13,24,0.026
1994-09-14,31,0.033
1994-09-15,32,0.035
1994-09-16,28,0.03
1994-09-17,44,0.047
1994-09-18,42,0.045
1994-09-19,18,0.019
1994-09-20,23,0.025
1994-09-21,13,0.014
1994-09-22,16,0.017
1994-09-23,20,0.022
1994-09-24,29,0.031
1994-09-25,35,0.038
1994-09-26,23,0.025
1994-09-27,25,0.027
1994-09-28,24,0.026
1994-09-29,16,0.017
1994-09-30,6,0.007
1994-10-01,20,0.022
1994-10-02,27,0.029
1994-10-03,5,0.005
1994-10-04,6,0.007
1994-10-05,20,0.022
1994-10-06,23,0.025
1994-10-07,15,0.016
1994-10-08,25,0.027
1994-10-09,30,0.032
1994-10-10,24,0.026
1994-10-11,17,0.018
1994-10-12,27,0.029
1994-10-13,17,0.018
1994-10-14,31,0.034
1994-10-15,13,0.014
1994-10-16,23,0.025
1994-10-17,3,0.003
1994-10-18,9,0.01
1994-10-19,16,0.017
1994-10-20,15,0.016
1994-10-21,18,0.019
1994-10-22,26,0.028
1994-10-23,24,0.026
1994-10-24,9,0.01
1994-10-25,13,0.014
1994-10-26,10,0.011
1994-10-27,15,0.016
1994-10-28,19,0.021
1994-10-29,21,0.023
1994-10-30,13,0.014
1994-10-31,15,0.016
1994-11-01,13,0.014
1994-11-02,9,0.01
1994-11-03,2,0.002
1994-11-04,4,0.004
1994-11-05,4,0.004
1994-11-06,3,0.003
1994-11-07,10,0.011
1994-11-08,3,0.003
1994-11-09,1,0.001
1994-11-10,0,0.0
1994-11-11,7,0.008
1994-11-12,19,0.02
1994-11-13,22,0.024
1994-11-14,5,0.005
1994-11-15,3,0.003
1994-11-16,3,0.003
1994-11-17,19,0.02
1994-11-18,6,0.007
1994-11-19,6,0.007
1994-11-20,20,0.022
1994-11-21,15,0.016
1994-11-22,10,0.011
1994-11-23,6,0.006
1994-11-24,6,0.007
1994-11-25,5,0.005
1994-11-26,21,0.023
1994-11-27,27,0.029
1994-11-28,22,0.024
1994-11-29,15,0.016
1994-11-30,6,0.007
1994-12-01,1,0.001
1994-12-02,6,0.007
1994-12-03,8,0.009
1994-12-04,14,0.015
1994-12-05,0,0.0
1994-12-06,0,0.0
1994-12-07,13,0.014
1994-12-08,6,0.007
1994-12-09,7,0.008
1994-12-10,9,0.01
1994-12-11,7,0.008
1994-12-12,6,0.007
1994-12-13,1,0.001
1994-12-14,5,0.005
1994-12-15,6,0.006
1994-12-16,7,0.008
1994-12-17,4,0.004
1994-12-18,11,0.012
1994-12-19,13,0.014
1994-12-20,2,0.002
1994-12-21,5,0.005
1994-12-22,5,0.005
1994-12-23,2,0.002
1994-12-24,8,0.009
1994-12-25,20,0.022
1994-12-26,11,0.012
1994-12-27,7,0.008
1994-12-28,1,0.001
1994-12-29,5,0.005
1994-12-30,7,0.008
1994-12-31,16,0.017
1995-01-01,6,0.007
1995-01-02,22,0.024
1995-01-03,4,0.004
1995-01-04,1,0.001
1995-01-05,5,0.005
1995-01-06,11,0.012
1995-01-07,17,0.018
1995-01-08,16,0.017
1995-01-09,1,0.001
1995-01-10,2,0.002
1995-01-11,12,0.013
1995-01-12,6,0.007
1995-01-13,18,0.019
1995-01-14,6,0.006
1995-01-15,22,0.024
1995-01-16,14,0.015
1995-01-17,8,0.009
1995-01-18,14,0.015
1995-01-19,9,0.01
1995-01-20,1,0.001
1995-01-21,11,0.012
1995-01-22,17,0.018
1995-01-23,9,0.01
1995-01-24,9,0.01
1995-01-25,7,0.008
1995-01-26,2,0.002
1995-01-27,7,0.008
1995-01-28,14,0.015
1995-01-29,21,0.023
1995-01-30,17,0.018
1995-01-31,20,0.022
1995-02-01,21,0.023
1995-02-02,27,0.029
1995-02-03,13,0.014
1995-02-04,26,0.028
1995-02-05,19,0.02
1995-02-06,13,0.014
1995-02-07,10,0.011
1995-02-08,8,0.009
1995-02-09,24,0.026
1995-02-10,22,0.024
1995-02-11,25,0.027
1995-02-12,23,0.025
1995-02-13,8,0.009
1995-02-14,19,0.02
1995-02-15,8,0.009
1995-02-16,6,0.007
1995-02-17,16,0.017
1995-02-18,29,0.031
1995-02-19,27,0.029
1995-02-20,19,0.021
1995-02-21,15,0.016
1995-02-22,21,0.023
1995-02-23,5,0.005
1995-02-24,20,0.022
1995-02-25,29,0.031
1995-02-26,36,0.039
1995-02-27,13,0.014
1995-02-28,18,0.019
1995-03-01,10,0.011
1995-03-02,10,0.011
1995-03-03,14,0.015
1995-03-04,31,0.033
1995-03-05,14,0.015
1995-03-06,15,0.016
1995-03-07,18,0.019
1995-03-08,22,0.024
1995-03-09,24,0.026
1995-03-10,19,0.02
1995-03-11,31,0.033
1995-03-12,38,0.041
1995-03-13,28,0.03
1995-03-14,26,0.028
1995-03-15,27,0.029
1995-03-16,25,0.027
1995-03-17,9,0.01
1995-03-18,31,0.034
1995-03-19,40,0.043
1995-03-20,23,0.025
1995-03-21,28,0.03
1995-03-22,35,0.038
1995-03-23,32,0.035
1995-03-24,36,0.039
1995-03-25,33,0.036
1995-03-26,23,0.025
1995-03-27,27,0.029
1995-03-28,18,0.019
1995-03-29,6,0.007
1995-03-30,26,0.028
1995-03-31,22,0.024
1995-04-01,38,0.041
1995-04-02,43,0.046
1995-04-03,29,0.031
1995-04-04,30,0.032
1995-04-05,25,0.027
1995-04-06,10,0.011
1995-04-07,32,0.035
1995-04-08,41,0.044
1995-04-09,32,0.035
1995-04-10,18,0.019
1995-04-11,23,0.025
1995-04-12,28,0.03
1995-04-13,21,0.023
1995-04-14,45,0.049
1995-04-15,31,0.034
1995-04-16,37,0.04
1995-04-17,17,0.018
1995-04-18,26,0.028
1995-04-19,19,0.021
1995-04-20,15,0.016
1995-04-21,21,0.023
1995-04-22,31,0.033
1995-04-23,24,0.026
1995-04-24,32,0.035
1995-04-25,28,0.03
1995-04-26,23,0.025
1995-04-27,29,0.031
1995-04-28,21,0.023
1995-04-29,15,0.016
1995-04-30,27,0.029
1995-05-01,22,0.024
1995-05-02,15,0.016
1995-05-03,13,0.014
1995-05-04,31,0.034
1995-05-05,20,0.022
1995-05-06,41,0.044
1995-05-07,35,0.038
1995-05-08,20,0.022
1995-05-09,24,0.026
1995-05-10,36,0.039
1995-05-11,34,0.037
1995-05-12,42,0.045
1995-05-13,49,0.053
1995-05-14,30,0.032
1995-05-15,31,0.034
1995-05-16,19,0.021
1995-05-17,15,0.016
1995-05-18,35,0.038
1995-05-19,35,0.038
1995-05-20,33,0.036
1995-05-21,48,0.052
1995-05-22,18,0.019
1995-05-23,15,0.016
1995-05-24,3,0.003
1995-05-25,4,0.004
1995-05-26,34,0.037
1995-05-27,25,0.027
1995-05-28,32,0.035
1995-05-29,31,0.033
1995-05-30,16,0.017
1995-05-31,23,0.025
1995-06-01,31,0.034
1995-06-02,20,0.022
1995-06-03,24,0.026
1995-06-04,27,0.029
1995-06-05,35,0.038
1995-06-06,32,0.035
1995-06-07,34,0.037
1995-06-08,9,0.01
1995-06-09,35,0.038
1995-06-10,24,0.026
1995-06-11,44,0.048
1995-06-12,34,0.037
1995-06-13,31,0.033
1995-06-14,34,0.037
1995-06-15,29,0.031
1995-06-16,31,0.033
1995-06-17,30,0.032
1995-06-18,61,0.058
1995-06-19,31,0.034
1995-06-20,34,0.037
1995-06-21,31,0.034
1995-06-22,34,0.037
1995-06-23,29,0.031
1995-06-24,39,0.042
1995-06-25,43,0.046
1995-06-26,25,0.027
1995-06-27,31,0.034
1995-06-28,13,0.014
1995-06-29,6,0.007
1995-06-30,11,0.012
1995-07-01,36,0.039
1995-07-02,33,0.036
1995-07-03,31,0.034
1995-07-04,32,0.035
1995-07-05,42,0.045
1995-07-06,31,0.033
1995-07-07,39,0.042
1995-07-08,47,0.051
1995-07-09,43,0.046
1995-07-10,44,0.048
1995-07-11,37,0.04
1995-07-12,42,0.045
1995-07-13,46,0.05
1995-07-14,27,0.029
1995-07-15,58,0.057
1995-07-16,43,0.046
1995-07-17,32,0.035
1995-07-18,31,0.034
1995-07-19,24,0.026
1995-07-20,26,0.028
1995-07-21,22,0.024
1995-07-22,40,0.043
1995-07-23,39,0.042
1995-07-24,28,0.03
1995-07-25,35,0.038
1995-07-26,24,0.026
1995-07-27,38,0.041
1995-07-28,38,0.041
1995-07-29,61,0.058
1995-07-30,45,0.049
1995-07-31,6,0.006
1995-08-01,48,0.052
1995-08-02,37,0.04
1995-08-03,30,0.032
1995-08-04,29,0.031
1995-08-05,43,0.046
1995-08-06,48,0.052
1995-08-07,34,0.037
1995-08-08,40,0.043
1995-08-09,18,0.019
1995-08-10,48,0.052
1995-08-11,36,0.039
1995-08-12,40,0.043
1995-08-13,40,0.043
1995-08-14,24,0.026
1995-08-15,44,0.047
1995-08-16,38,0.041
1995-08-17,38,0.041
1995-08-18,40,0.043
1995-08-19,39,0.042
1995-08-20,41,0.044
1995-08-21,41,0.044
1995-08-22,31,0.033
1995-08-23,26,0.028
1995-08-24,33,0.036
1995-08-25,28,0.03
1995-08-26,80,0.064
1995-08-27,50,0.054
1995-08-28,29,0.031
1995-08-29,41,0.044
1995-08-30,32,0.035
1995-08-31,30,0.032
1995-09-01,39,0.042
1995-09-02,43,0.046
1995-09-03,45,0.049
1995-09-04,46,0.05
1995-09-05,44,0.047
1995-09-06,26,0.028
1995-09-07,3,0.003
1995-09-08,12,0.013
1995-09-09,23,0.025
1995-09-10,30,0.032
1995-09-11,27,0.029
1995-09-12,24,0.026
1995-09-13,28,0.03
1995-09-14,18,0.019
1995-09-15,28,0.03
1995-09-16,34,0.037
1995-09-17,37,0.04
1995-09-18,19,0.02
1995-09-19,5,0.005
1995-09-20,6,0.006
1995-09-21,10,0.011
1995-09-22,15,0.016
1995-09-23,25,0.027
1995-09-24,19,0.021
1995-09-25,19,0.02
1995-09-26,19,0.021
1995-09-27,23,0.025
1995-09-28,7,0.008
1995-09-29,10,0.011
1995-09-30,14,0.015
1995-10-01,27,0.029
1995-10-02,21,0.023
1995-10-03,20,0.022
1995-10-04,11,0.012
1995-10-05,13,0.014
1995-10-06,18,0.019
1995-10-07,25,0.027
1995-10-08,34,0.037
1995-10-09,9,0.01
1995-10-10,16,0.017
1995-10-11,15,0.016
1995-10-12,24,0.026
1995-10-13,23,0.025
1995-10-14,19,0.02
1995-10-15,23,0.025
1995-10-16,16,0.017
1995-10-17,19,0.02
1995-10-18,19,0.02
1995-10-19,17,0.018
1995-10-20,12,0.013
1995-10-21,22,0.024
1995-10-22,19,0.021
1995-10-23,13,0.014
1995-10-24,7,0.008
1995-10-25,15,0.016
1995-10-26,29,0.031
1995-10-27,17,0.018
1995-10-28,10,0.011
1995-10-29,9,0.01
1995-10-30,2,0.002
1995-10-31,2,0.002
1995-11-01,11,0.012
1995-11-02,10,0.011
1995-11-03,5,0.005
1995-11-04,6,0.006
1995-11-05,20,0.022
1995-11-06,14,0.015
1995-11-07,11,0.012
1995-11-08,6,0.007
1995-11-09,19,0.02
1995-11-10,9,0.01
1995-11-11,9,0.01
1995-11-12,24,0.026
1995-11-13,3,0.003
1995-11-14,0,0.0
1995-11-15,6,0.007
1995-11-16,6,0.006
1995-11-17,7,0.008
1995-11-18,9,0.01
1995-11-19,14,0.015
1995-11-20,8,0.009
1995-11-21,17,0.018
1995-11-22,19,0.02
1995-11-23,26,0.028
1995-11-24,12,0.013
1995-11-25,7,0.008
1995-11-26,20,0.022
1995-11-27,9,0.01
1995-11-28,2,0.002
1995-11-29,13,0.014
1995-11-30,4,0.004
1995-12-01,4,0.004
1995-12-02,15,0.016
1995-12-03,15,0.016
1995-12-04,15,0.016
1995-12-05,4,0.004
1995-12-06,6,0.007
1995-12-07,7,0.008
1995-12-08,13,0.014
1995-12-09,4,0.004
1995-12-10,6,0.006
1995-12-11,6,0.006
1995-12-12,0,0.0
1995-12-13,15,0.016
1995-12-14,10,0.011
1995-12-15,6,0.007
1995-12-16,4,0.004
1995-12-17,7,0.008
1995-12-18,3,0.003
1995-12-19,1,0.001
1995-12-20,6,0.007
1995-12-21,6,0.006
1995-12-22,1,0.001
1995-12-23,9,0.01
1995-12-24,18,0.019
1995-12-25,19,0.021
1995-12-26,6,0.006
1995-12-27,2,0.002
1995-12-28,5,0.005
1995-12-29,8,0.009
1995-12-30,6,0.007
1995-12-31,11,0.012
1996-01-01,16,0.017
1996-01-02,9,0.01
1996-01-03,12,0.013
1996-01-04,4,0.004
1996-01-05,2,0.002
1996-01-06,10,0.011
1996-01-07,1,0.001
1996-01-08,6,0.006
1996-01-09,1,0.001
1996-01-10,12,0.013
1996-01-11,5,0.005
1996-01-12,5,0.005
1996-01-13,9,0.01
1996-01-14,11,0.012
1996-01-15,6,0.007
1996-01-16,10,0.011
1996-01-17,6,0.007
1996-01-18,8,0.009
1996-01-19,18,0.019
1996-01-20,24,0.026
1996-01-21,24,0.026
1996-01-22,5,0.005
1996-01-23,18,0.019
1996-01-24,17,0.018
1996-01-25,7,0.008
1996-01-26,17,0.018
1996-01-27,6,0.007
1996-01-28,30,0.032
1996-01-29,4,0.004
1996-01-30,1,0.001
1996-01-31,6,0.007
1996-02-01,15,0.016
1996-02-02,10,0.011
1996-02-03,13,0.014
1996-02-04,11,0.012
1996-02-05,6,0.007
1996-02-06,28,0.03
1996-02-07,19,0.02
1996-02-08,8,0.009
1996-02-09,9,0.01
1996-02-10,11,0.012
1996-02-11,24,0.026
1996-02-12,14,0.015
1996-02-13,6,0.006
1996-02-14,10,0.011
1996-02-15,19,0.02
1996-02-16,17,0.018
1996-02-17,15,0.016
1996-02-18,29,0.031
1996-02-19,27,0.029
1996-02-20,16,0.017
1996-02-21,12,0.013
1996-02-22,33,0.036
1996-02-23,27,0.029
1996-02-24,29,0.031
1996-02-25,33,0.036
1996-02-26,8,0.009
1996-02-27,15,0.016
1996-02-28,13,0.014
1996-02-29,25,0.027
1996-03-01,28,0.03
1996-03-02,36,0.039
1996-03-03,32,0.035
1996-03-04,15,0.016
1996-03-05,21,0.023
1996-03-06,15,0.016
1996-03-07,18,0.019
1996-03-08,11,0.012
1996-03-09,32,0.035
1996-03-10,17,0.018
1996-03-11,25,0.027
1996-03-12,23,0.025
1996-03-13,17,0.018
1996-03-14,1,0.001
1996-03-15,19,0.021
1996-03-16,31,0.033
1996-03-17,24,0.026
1996-03-18,19,0.02
1996-03-19,26,0.028
1996-03-20,16,0.017
1996-03-21,24,0.026
1996-03-22,11,0.012
1996-03-23,21,0.023
1996-03-24,28,0.03
1996-03-25,19,0.021
1996-03-26,10,0.011
1996-03-27,17,0.018
1996-03-28,23,0.025
1996-03-29,6,0.007
1996-03-30,31,0.034
1996-03-31,31,0.034
1996-04-01,31,0.033
1996-04-02,30,0.032
1996-04-03,29,0.031
1996-04-04,19,0.021
1996-04-05,17,0.018
1996-04-06,37,0.04
1996-04-07,27,0.029
1996-04-08,23,0.025
1996-04-09,28,0.03
1996-04-10,24,0.026
1996-04-11,30,0.032
1996-04-12,29,0.031
1996-04-13,21,0.023
1996-04-14,26,0.028
1996-04-15,32,0.035
1996-04-16,33,0.036
1996-04-17,41,0.044
1996-04-18,38,0.041
1996-04-19,30,0.032
1996-04-20,33,0.036
1996-04-21,46,0.05
1996-04-22,31,0.034
1996-04-23,24,0.026
1996-04-24,36,0.039
1996-04-25,43,0.046
1996-04-26,25,0.027
1996-04-27,43,0.046
1996-04-28,30,0.032
1996-04-29,28,0.03
1996-04-30,37,0.04
1996-05-01,26,0.028
1996-05-02,29,0.031
1996-05-03,30,0.032
1996-05-04,37,0.04
1996-05-05,42,0.045
1996-05-06,31,0.033
1996-05-07,28,0.03
1996-05-08,40,0.043
1996-05-09,19,0.02
1996-05-10,19,0.02
1996-05-11,39,0.042
1996-05-12,41,0.044
1996-05-13,30,0.032
1996-05-14,38,0.041
1996-05-15,43,0.046
1996-05-16,36,0.039
1996-05-17,38,0.041
1996-05-18,37,0.04
1996-05-19,45,0.049
1996-05-20,42,0.045
1996-05-21,37,0.04
1996-05-22,44,0.048
1996-05-23,35,0.038
1996-05-24,14,0.015
1996-05-25,7,0.008
1996-05-26,18,0.019
1996-05-27,34,0.037
1996-05-28,10,0.011
1996-05-29,33,0.036
1996-05-30,27,0.029
1996-05-31,42,0.045
1996-06-01,45,0.049
1996-06-02,67,0.06
1996-06-03,37,0.04
1996-06-04,32,0.035
1996-06-05,28,0.03
1996-06-06,37,0.04
1996-06-07,38,0.041
1996-06-08,44,0.047
1996-06-09,47,0.051
1996-06-10,33,0.036
1996-06-11,37,0.04
1996-06-12,28,0.03
1996-06-13,34,0.037
1996-06-14,30,0.032
1996-06-15,26,0.028
1996-06-16,50,0.054
1996-06-17,43,0.046
1996-06-18,36,0.039
1996-06-19,44,0.048
1996-06-20,43,0.046
1996-06-21,19,0.02
1996-06-22,21,0.023
1996-06-23,54,0.056
1996-06-24,44,0.048
1996-06-25,30,0.032
1996-06-26,39,0.042
1996-06-27,34,0.037
1996-06-28,24,0.026
1996-06-29,45,0.049
1996-06-30,42,0.045
1996-07-01,49,0.053
1996-07-02,49,0.053
1996-07-03,35,0.038
1996-07-04,74,0.062
1996-07-05,45,0.049
1996-07-06,49,0.053
1996-07-07,54,0.056
1996-07-08,33,0.036
1996-07-09,25,0.027
1996-07-10,29,0.031
1996-07-11,44,0.048
1996-07-12,33,0.036
1996-07-13,45,0.049
1996-07-14,54,0.056
1996-07-15,33,0.036
1996-07-16,41,0.044
1996-07-17,41,0.044
1996-07-18,24,0.026
1996-07-19,35,0.038
1996-07-20,50,0.054
1996-07-21,67,0.06
1996-07-22,39,0.042
1996-07-23,35,0.038
1996-07-24,40,0.043
1996-07-25,32,0.035
1996-07-26,30,0.032
1996-07-27,77,0.063
1996-07-28,45,0.049
1996-07-29,23,0.025
1996-07-30,44,0.047
1996-07-31,44,0.048
1996-08-01,42,0.045
1996-08-02,44,0.047
1996-08-03,37,0.04
1996-08-04,45,0.049
1996-08-05,44,0.047
1996-08-06,45,0.049
1996-08-07,30,0.032
1996-08-08,35,0.038
1996-08-09,42,0.045
1996-08-10,42,0.045
1996-08-11,45,0.049
1996-08-12,28,0.03
1996-08-13,39,0.042
1996-08-14,35,0.038
1996-08-15,41,0.044
1996-08-16,33,0.036
1996-08-17,64,0.059
1996-08-18,45,0.049
1996-08-19,31,0.034
1996-08-20,23,0.025
1996-08-21,21,0.023
1996-08-22,27,0.029
1996-08-23,26,0.028
1996-08-24,45,0.049
1996-08-25,40,0.043
1996-08-26,34,0.037
1996-08-27,17,0.018
1996-08-28,12,0.013
1996-08-29,28,0.03
1996-08-30,32,0.035
1996-08-31,48,0.052
1996-09-01,37,0.04
1996-09-02,41,0.044
1996-09-03,28,0.03
1996-09-04,28,0.03
1996-09-05,25,0.027
1996-09-06,6,0.007
1996-09-07,42,0.045
1996-09-08,44,0.047
1996-09-09,31,0.033
1996-09-10,31,0.033
1996-09-11,26,0.028
1996-09-12,19,0.02
1996-09-13,10,0.011
1996-09-14,12,0.013
1996-09-15,30,0.032
1996-09-16,20,0.022
1996-09-17,19,0.021
1996-09-18,30,0.032
1996-09-19,28,0.03
1996-09-20,27,0.029
1996-09-21,24,0.026
1996-09-22,28,0.03
1996-09-23,16,0.017
1996-09-24,14,0.015
1996-09-25,17,0.018
1996-09-26,16,0.017
1996-09-27,18,0.019
1996-09-28,19,0.021
1996-09-29,28,0.03
1996-09-30,19,0.021
1996-10-01,18,0.019
1996-10-02,11,0.012
1996-10-03,5,0.005
1996-10-04,21,0.023
1996-10-05,24,0.026
1996-10-06,25,0.027
1996-10-07,15,0.016
1996-10-08,19,0.021
1996-10-09,19,0.021
1996-10-10,17,0.018
1996-10-11,18,0.019
1996-10-12,38,0.041
1996-10-13,41,0.044
1996-10-14,20,0.022
1996-10-15,16,0.017
1996-10-16,31,0.033
1996-10-17,26,0.028
1996-10-18,5,0.005
1996-10-19,25,0.027
1996-10-20,19,0.02
1996-10-21,13,0.014
1996-10-22,18,0.019
1996-10-23,10,0.011
1996-10-24,10,0.011
1996-10-25,23,0.025
1996-10-26,19,0.02
1996-10-27,12,0.013
1996-10-28,29,0.031
1996-10-29,24,0.026
1996-10-30,2,0.002
1996-10-31,0,0.0
1996-11-01,8,0.009
1996-11-02,6,0.007
1996-11-03,9,0.01
1996-11-04,17,0.018
1996-11-05,22,0.024
1996-11-06,27,0.029
1996-11-07,26,0.028
1996-11-08,16,0.017
1996-11-09,14,0.015
1996-11-10,14,0.015
1996-11-11,3,0.003
1996-11-12,4,0.004
1996-11-13,1,0.001
1996-11-14,0,0.0
1996-11-15,4,0.004
1996-11-16,8,0.009
1996-11-17,7,0.008
1996-11-18,2,0.002
1996-11-19,9,0.01
1996-11-20,19,0.02
1996-11-21,0,0.0
1996-11-22,0,0.0
1996-11-23,1,0.001
1996-11-24,13,0.014
1996-11-25,5,0.005
1996-11-26,7,0.008
1996-11-27,7,0.008
1996-11-28,18,0.019
1996-11-29,14,0.015
1996-11-30,12,0.013
1996-12-01,16,0.017
1996-12-02,24,0.026
1996-12-03,9,0.01
1996-12-04,24,0.026
1996-12-05,26,0.028
1996-12-06,10,0.011
1996-12-07,19,0.02
1996-12-08,6,0.006
1996-12-09,6,0.006
1996-12-10,18,0.019
1996-12-11,10,0.011
1996-12-12,17,0.018
1996-12-13,8,0.009
1996-12-14,24,0.026
1996-12-15,19,0.021
1996-12-16,18,0.019
1996-12-17,10,0.011
1996-12-18,9,0.01
1996-12-19,1,0.001
1996-12-20,5,0.005
1996-12-21,1,0.001
1996-12-22,6,0.006
1996-12-23,24,0.026
1996-12-24,9,0.01
1996-12-25,11,0.012
1996-12-26,6,0.006
1996-12-27,12,0.013
1996-12-28,19,0.021
1996-12-29,10,0.011
1996-12-30,6,0.007
1996-12-31,1,0.001
1997-01-01,6,0.006
1997-01-02,1,0.001
1997-01-03,23,0.025
1997-01-04,25,0.027
1997-01-05,24,0.026
1997-01-06,6,0.007
1997-01-07,4,0.004
1997-01-08,8,0.009
1997-01-09,23,0.025
1997-01-10,13,0.014
1997-01-11,20,0.022
1997-01-12,18,0.019
1997-01-13,6,0.006
1997-01-14,5,0.005
1997-01-15,17,0.018
1997-01-16,8,0.009
1997-01-17,4,0.004
1997-01-18,3,0.003
1997-01-19,13,0.014
1997-01-20,5,0.005
1997-01-21,29,0.031
1997-01-22,14,0.015
1997-01-23,3,0.003
1997-01-24,19,0.02
1997-01-25,8,0.009
1997-01-26,23,0.025
1997-01-27,4,0.004
1997-01-28,8,0.009
1997-01-29,12,0.013
1997-01-30,16,0.017
1997-01-31,16,0.017
1997-02-01,27,0.029
1997-02-02,12,0.013
1997-02-03,29,0.031
1997-02-04,14,0.015
1997-02-05,10,0.011
1997-02-06,10,0.011
1997-02-07,13,0.014
1997-02-08,21,0.023
1997-02-09,14,0.015
1997-02-10,6,0.007
1997-02-11,17,0.018
1997-02-12,6,0.007
1997-02-13,14,0.015
1997-02-14,25,0.027
1997-02-15,29,0.031
1997-02-16,19,0.021
1997-02-17,18,0.019
1997-02-18,13,0.014
1997-02-19,5,0.005
1997-02-20,15,0.016
1997-02-21,19,0.02
1997-02-22,26,0.028
1997-02-23,22,0.024
1997-02-24,19,0.02
1997-02-25,19,0.02
1997-02-26,14,0.015
1997-02-27,3,0.003
1997-02-28,12,0.013
1997-03-01,24,0.026
1997-03-02,17,0.018
1997-03-03,31,0.033
1997-03-04,20,0.022
1997-03-05,25,0.027
1997-03-06,22,0.024
1997-03-07,27,0.029
1997-03-08,32,0.035
1997-03-09,34,0.037
1997-03-10,22,0.024
1997-03-11,19,0.021
1997-03-12,16,0.017
1997-03-13,23,0.025
1997-03-14,15,0.016
1997-03-15,20,0.022
1997-03-16,31,0.033
1997-03-17,19,0.021
1997-03-18,26,0.028
1997-03-19,23,0.025
1997-03-20,25,0.027
1997-03-21,23,0.025
1997-03-22,30,0.032
1997-03-23,22,0.024
1997-03-24,15,0.016
1997-03-25,28,0.03
1997-03-26,29,0.031
1997-03-27,34,0.037
1997-03-28,31,0.033
1997-03-29,33,0.036
1997-03-30,40,0.043
1997-03-31,30,0.032
1997-04-01,25,0.027
1997-04-02,11,0.012
1997-04-03,19,0.02
1997-04-04,13,0.014
1997-04-05,21,0.023
1997-04-06,38,0.041
1997-04-07,27,0.029
1997-04-08,11,0.012
1997-04-09,11,0.012
1997-04-10,27,0.029
1997-04-11,26,0.028
1997-04-12,28,0.03
1997-04-13,38,0.041
1997-04-14,16,0.017
1997-04-15,28,0.03
1997-04-16,31,0.034
1997-04-17,39,0.042
1997-04-18,35,0.038
1997-04-19,50,0.054
1997-04-20,32,0.035
1997-04-21,32,0.035
1997-04-22,35,0.038
1997-04-23,36,0.039
1997-04-24,26,0.028
1997-04-25,37,0.04
1997-04-26,31,0.033
1997-04-27,48,0.052
1997-04-28,31,0.033
1997-04-29,32,0.035
1997-04-30,31,0.034
1997-05-01,38,0.041
1997-05-02,19,0.021
1997-05-03,37,0.04
1997-05-04,71,0.061
1997-05-05,32,0.035
1997-05-06,35,0.038
1997-05-07,31,0.034
1997-05-08,35,0.038
1997-05-09,27,0.029
1997-05-10,61,0.058
1997-05-11,40,0.043
1997-05-12,27,0.029
1997-05-13,37,0.04
1997-05-14,19,0.02
1997-05-15,35,0.038
1997-05-16,32,0.035
1997-05-17,41,0.044
1997-05-18,44,0.047
1997-05-19,25,0.027
1997-05-20,30,0.032
1997-05-21,31,0.034
1997-05-22,17,0.018
1997-05-23,35,0.038
1997-05-24,32,0.035
1997-05-25,42,0.045
1997-05-26,39,0.042
1997-05-27,28,0.03
1997-05-28,28,0.03
1997-05-29,12,0.013
1997-05-30,30,0.032
1997-05-31,41,0.044
1997-06-01,45,0.049
1997-06-02,25,0.027
1997-06-03,36,0.039
1997-06-04,40,0.043
1997-06-05,37,0.04
1997-06-06,30,0.032
1997-06-07,34,0.037
1997-06-08,40,0.043
1997-06-09,29,0.031
1997-06-10,27,0.029
1997-06-11,43,0.046
1997-06-12,31,0.034
1997-06-13,25,0.027
1997-06-14,38,0.041
1997-06-15,44,0.048
1997-06-16,31,0.033
1997-06-17,32,0.035
1997-06-18,25,0.027
1997-06-19,31,0.033
1997-06-20,48,0.052
1997-06-21,44,0.047
1997-06-22,44,0.048
1997-06-23,36,0.039
1997-06-24,36,0.039
1997-06-25,34,0.037
1997-06-26,43,0.046
1997-06-27,35,0.038
1997-06-28,42,0.045
1997-06-29,48,0.052
1997-06-30,32,0.035
1997-07-01,41,0.044
1997-07-02,32,0.035
1997-07-03,31,0.033
1997-07-04,54,0.056
1997-07-05,43,0.046
1997-07-06,77,0.063
1997-07-07,44,0.047
1997-07-08,36,0.039
1997-07-09,42,0.045
1997-07-10,45,0.049
1997-07-11,20,0.022
1997-07-12,38,0.041
1997-07-13,58,0.057
1997-07-14,42,0.045
1997-07-15,31,0.033
1997-07-16,31,0.033
1997-07-17,36,0.039
1997-07-18,31,0.033
1997-07-19,49,0.053
1997-07-20,80,0.064
1997-07-21,44,0.048
1997-07-22,40,0.043
1997-07-23,44,0.048
1997-07-24,43,0.046
1997-07-25,25,0.027
1997-07-26,39,0.042
1997-07-27,35,0.038
1997-07-28,18,0.019
1997-07-29,34,0.037
1997-07-30,29,0.031
1997-07-31,20,0.022
1997-08-01,32,0.035
1997-08-02,38,0.041
1997-08-03,64,0.059
1997-08-04,32,0.035
1997-08-05,21,0.023
1997-08-06,15,0.016
1997-08-07,32,0.035
1997-08-08,31,0.033
1997-08-09,18,0.019
1997-08-10,15,0.016
1997-08-11,19,0.021
1997-08-12,17,0.018
1997-08-13,29,0.031
1997-08-14,24,0.026
1997-08-15,31,0.033
1997-08-16,33,0.036
1997-08-17,42,0.045
1997-08-18,18,0.019
1997-08-19,19,0.021
1997-08-20,41,0.044
1997-08-21,24,0.026
1997-08-22,31,0.034
1997-08-23,40,0.043
1997-08-24,49,0.053
1997-08-25,37,0.04
1997-08-26,25,0.027
1997-08-27,35,0.038
1997-08-28,29,0.031
1997-08-29,22,0.024
1997-08-30,43,0.046
1997-08-31,39,0.042
1997-09-01,34,0.037
1997-09-02,7,0.008
1997-09-03,36,0.039
1997-09-04,31,0.033
1997-09-05,32,0.035
1997-09-06,29,0.031
1997-09-07,39,0.042
1997-09-08,33,0.036
1997-09-09,29,0.031
1997-09-10,30,0.032
1997-09-11,19,0.02
1997-09-12,21,0.023
1997-09-13,32,0.035
1997-09-14,32,0.035
1997-09-15,19,0.021
1997-09-16,22,0.024
1997-09-17,19,0.02
1997-09-18,13,0.014
1997-09-19,9,0.01
1997-09-20,7,0.008
1997-09-21,3,0.003
1997-09-22,6,0.007
1997-09-23,2,0.002
1997-09-24,13,0.014
1997-09-25,24,0.026
1997-09-26,10,0.011
1997-09-27,22,0.024
1997-09-28,28,0.03
1997-09-29,16,0.017
1997-09-30,21,0.023
1997-10-01,29,0.031
1997-10-02,20,0.022
1997-10-03,23,0.025
1997-10-04,35,0.038
1997-10-05,36,0.039
1997-10-06,19,0.02
1997-10-07,15,0.016
1997-10-08,25,0.027
1997-10-09,8,0.009
1997-10-10,15,0.016
1997-10-11,25,0.027
1997-10-12,29,0.031
1997-10-13,25,0.027
1997-10-14,10,0.011
1997-10-15,16,0.017
1997-10-16,18,0.019
1997-10-17,8,0.009
1997-10-18,26,0.028
1997-10-19,18,0.019
1997-10-20,6,0.006
1997-10-21,5,0.005
1997-10-22,9,0.01
1997-10-23,23,0.025
1997-10-24,14,0.015
1997-10-25,27,0.029
1997-10-26,17,0.018
1997-10-27,7,0.008
1997-10-28,20,0.022
1997-10-29,20,0.022
1997-10-30,21,0.023
1997-10-31,22,0.024
1997-11-01,27,0.029
1997-11-02,24,0.026
1997-11-03,10,0.011
1997-11-04,22,0.024
1997-11-05,13,0.014
1997-11-06,0,0.0
2005-06-29,36,0.039
2005-06-30,36,0.039
2005-07-01,30,0.032
2005-07-02,44,0.047
2005-07-03,37,0.04
2005-07-04,44,0.048
2005-07-05,29,0.031
2005-07-06,41,0.044
2005-07-07,38,0.041
2005-07-08,44,0.048
2005-07-09,40,0.043
2005-07-10,47,0.051
2005-07-11,31,0.033
2005-07-12,46,0.05
2005-07-13,44,0.047
2005-07-14,39,0.042
2005-07-15,41,0.044
2005-07-16,58,0.057
2005-07-17,38,0.041
2005-07-18,41,0.044
2005-07-19,43,0.046
2005-07-20,42,0.045
2005-07-21,43,0.046
2005-07-22,38,0.041
2005-07-23,50,0.054
2005-07-24,67,0.06
2005-07-25,27,0.029
2005-07-26,17,0.018
2005-07-27,34,0.037
2005-07-28,44,0.047
2005-07-29,35,0.038
2005-07-30,44,0.047
2005-07-31,42,0.045
2005-08-01,23,0.025
2005-08-02,36,0.039
2005-08-03,28,0.03
2005-08-04,16,0.017
2005-08-05,23,0.025
2005-08-06,43,0.046
2005-08-07,44,0.048
2005-08-08,41,0.044
2005-08-09,36,0.039
2005-08-10,19,0.02
2005-08-11,26,0.028
2005-08-12,33,0.036
2005-08-13,18,0.019
2005-08-14,21,0.023
2005-08-15,30,0.032
2005-08-16,22,0.024
2005-08-17,25,0.027
2005-08-18,26,0.028
2005-08-19,23,0.025
2005-08-20,29,0.031
2005-08-21,36,0.039
2005-08-22,26,0.028
2005-08-23,19,0.02
2005-08-24,31,0.033
2005-08-25,25,0.027
2005-08-26,22,0.024
2005-08-27,31,0.034
2005-08-28,42,0.045
2005-08-29,42,0.045
2005-08-30,35,0.038
2005-08-31,27,0.029
2005-09-01,25,0.027
2005-09-02,30,0.032
2005-09-03,40,0.043
2005-09-04,43,0.046
2005-09-05,43,0.046
2005-09-06,17,0.018
2005-09-07,27,0.029
2005-09-08,22,0.024
2005-09-09,28,0.03
2005-09-10,33,0.036
2005-09-11,32,0.035
2005-09-12,25,0.027
2005-09-13,23,0.025
2005-09-14,26,0.028
2005-09-15,31,0.033
2005-09-16,22,0.024
2005-09-17,35,0.038
2005-09-18,33,0.036
2005-09-19,27,0.029
2005-09-20,27,0.029
2005-09-21,16,0.017
2005-09-22,16,0.017
2005-09-23,16,0.017
2005-09-24,19,0.02
2005-09-25,17,0.018
2005-09-26,20,0.022
2005-09-27,18,0.019
2005-09-28,10,0.011
2005-09-29,7,0.008
2005-09-30,18,0.019
2005-10-01,27,0.029
2005-10-02,31,0.034
2005-10-03,14,0.015
2005-10-04,21,0.023
2005-10-05,18,0.019
2005-10-06,9,0.01
2005-10-07,7,0.008
2005-10-08,31,0.033
2005-10-09,20,0.022
2005-10-10,8,0.009
2005-10-11,7,0.008
2005-10-12,16,0.017
2005-10-13,19,0.02
2005-10-14,18,0.019
2005-10-15,28,0.03
2005-10-16,25,0.027
2005-10-17,19,0.021
2005-10-18,12,0.013
2005-10-19,7,0.008
2005-10-20,13,0.014
2005-10-21,4,0.004
2005-10-22,24,0.026
2005-10-23,15,0.016
2005-10-24,11,0.012
2005-10-25,12,0.013
2005-10-26,11,0.012
2005-10-27,11,0.012
2005-10-28,8,0.009
2005-10-29,14,0.015
2005-10-30,19,0.021
2005-10-31,18,0.019
2005-11-01,12,0.013
2005-11-02,9,0.01
2005-11-03,22,0.024
2005-11-04,18,0.019
2005-11-05,24,0.026
2005-11-06,14,0.015
2005-11-07,10,0.011
2005-11-08,18,0.019
2005-11-09,8,0.009
2005-11-10,14,0.015
2005-11-11,17,0.018
2005-11-12,25,0.027
2005-11-13,17,0.018
2005-11-14,19,0.021
2005-11-15,15,0.016
2005-11-16,6,0.006
2005-11-17,7,0.008
2005-11-18,25,0.027
2005-11-19,23,0.025
2005-11-20,17,0.018
2005-11-21,12,0.013
2005-11-22,8,0.009
2005-11-23,9,0.01
2005-11-24,19,0.021
2005-11-25,12,0.013
2005-11-26,22,0.024
2005-11-27,20,0.022
2005-11-28,19,0.02
2005-11-29,11,0.012
2005-11-30,24,0.026
2005-12-01,6,0.006
2005-12-02,17,0.018
2005-12-03,19,0.02
2005-12-04,23,0.025
2005-12-05,24,0.026
2005-12-06,5,0.005
2005-12-08,2,0.002
2005-12-09,7,0.008
2005-12-10,12,0.013
2005-12-11,6,0.006
2005-12-12,8,0.009
2005-12-13,29,0.031
2005-12-14,22,0.024
2005-12-15,14,0.015
2005-12-16,7,0.008
2005-12-17,9,0.01
2005-12-18,9,0.01
2005-12-19,1,0.001
2005-12-20,15,0.016
2005-12-21,9,0.01
2005-12-22,16,0.017
2005-12-23,24,0.026
2005-12-24,13,0.014
2005-12-25,13,0.014
2005-12-26,14,0.015
2005-12-27,21,0.023
2005-12-28,16,0.017
2005-12-29,28,0.03
2005-12-30,8,0.009
2005-12-31,6,0.007
2006-01-01,26,0.028
2006-01-02,20,0.022
2006-01-03,23,0.025
2006-01-04,20,0.022
2006-01-05,8,0.009
2006-01-06,18,0.019
2006-01-07,32,0.035
2006-01-08,31,0.034
2006-01-09,14,0.015
2006-01-10,15,0.016
2006-01-11,18,0.019
2006-01-12,20,0.022
2006-01-13,9,0.01
2006-01-14,10,0.011
2006-01-15,29,0.031
2006-01-16,22,0.024
2006-01-17,16,0.017
2006-01-18,19,0.02
2006-01-19,6,0.007
2006-01-20,14,0.015
2006-01-21,13,0.014
2006-01-22,23,0.025
2006-01-23,7,0.008
2006-01-24,10,0.011
2006-01-25,11,0.012
2006-01-26,20,0.022
2006-01-27,18,0.019
2006-01-28,24,0.026
2006-01-29,32,0.035
2006-01-30,11,0.012
2006-01-31,19,0.02
2006-02-01,23,0.025
2006-02-02,25,0.027
2006-02-03,19,0.021
2006-02-04,16,0.017
2006-02-05,31,0.034
2006-02-06,19,0.021
2006-02-07,19,0.02
2006-02-08,16,0.017
2006-02-09,22,0.024
2006-02-10,16,0.017
2006-02-11,20,0.022
2006-02-12,21,0.023
2006-02-13,12,0.013
2006-02-14,18,0.019
2006-02-15,15,0.016
2006-02-16,16,0.017
2006-02-17,15,0.016
2006-02-18,10,0.011
2006-02-19,14,0.015
2006-02-20,24,0.026
2006-02-21,29,0.031
2006-02-22,24,0.026
2006-02-23,19,0.021
2006-02-24,19,0.02
2006-02-25,13,0.014
2006-02-26,28,0.03
2006-02-27,19,0.02
2006-02-28,14,0.015
2006-03-01,28,0.03
2006-03-02,13,0.014
2006-03-03,11,0.012
2006-03-04,29,0.031
2006-03-05,31,0.034
2006-03-06,18,0.019
2006-03-07,27,0.029
2006-03-08,13,0.014
2006-03-09,12,0.013
2006-03-10,16,0.017
2006-03-11,24,0.026
2006-03-12,19,0.021
2006-03-13,18,0.019
2006-03-14,29,0.031
2006-03-15,34,0.037
2006-03-16,32,0.035
2006-03-17,10,0.011
2006-03-18,21,0.023
2006-03-19,14,0.015
2006-03-20,24,0.026
2006-03-21,30,0.032
2006-03-22,12,0.013
2006-03-23,27,0.029
2006-03-24,31,0.034
2006-03-25,34,0.037
2006-03-26,44,0.048
2006-03-27,30,0.032
2006-03-28,24,0.026
2006-03-29,28,0.03
2006-03-30,32,0.035
2006-03-31,30,0.032
2006-04-01,30,0.032
2006-04-02,44,0.047
2006-04-03,9,0.01
2006-04-04,22,0.024
2006-04-05,35,0.038
2006-04-06,34,0.037
2006-04-07,30,0.032
2006-04-08,21,0.023
2006-04-09,40,0.043
2006-04-10,34,0.037
2006-04-11,33,0.036
2006-04-12,32,0.035
2006-04-13,31,0.034
2006-04-14,35,0.038
2006-04-15,33,0.036
2006-04-16,47,0.051
2006-04-17,43,0.046
2006-04-18,32,0.035
2006-04-19,37,0.04
2006-04-20,37,0.04
2006-04-21,44,0.048
2006-04-22,47,0.051
2006-04-23,39,0.042
2006-04-24,25,0.027
2006-04-25,14,0.015
2006-04-26,40,0.043
2006-04-27,41,0.044
2006-04-28,30,0.032
2006-04-29,43,0.046
2006-04-30,36,0.039
2006-05-01,37,0.04
2006-05-02,33,0.036
2006-05-03,22,0.024
2006-05-04,13,0.014
2006-05-05,6,0.007
2006-05-06,33,0.036
2006-05-07,44,0.048
2006-05-08,31,0.034
2006-05-09,37,0.04
2006-05-10,37,0.04
2006-05-11,38,0.041
2006-05-12,41,0.044
2006-05-13,46,0.05
2006-05-14,45,0.049
2006-05-15,43,0.046
2006-05-16,31,0.034
2006-05-17,31,0.034
2006-05-18,31,0.033
2006-05-19,35,0.038
2006-05-20,44,0.047
2006-05-21,48,0.052
2006-05-22,31,0.034
2006-05-23,31,0.033
2006-05-24,41,0.044
2006-05-25,44,0.047
2006-05-26,26,0.028
2006-05-27,44,0.047
2006-05-28,38,0.041
2006-05-29,51,0.055
2006-05-30,34,0.037
2006-05-31,36,0.039
2006-06-01,48,0.052
2006-06-02,43,0.046
2006-06-03,44,0.047
2006-06-04,67,0.06
2006-06-05,43,0.046
2006-06-06,35,0.038
2006-06-07,41,0.044
2006-06-08,33,0.036
2006-06-09,40,0.043
2006-06-10,58,0.057
2006-06-11,54,0.056
2006-06-12,44,0.047
2006-06-13,47,0.051
2006-06-14,29,0.031
2006-06-15,43,0.046
2006-06-16,31,0.034
2006-06-17,61,0.058
2006-06-18,61,0.058
2006-06-19,39,0.042
2006-06-20,38,0.041
2006-06-21,40,0.043
2006-06-22,34,0.037
2006-06-23,44,0.048
2006-06-24,51,0.055
2006-06-25,58,0.057
2006-06-26,43,0.046
2006-06-27,51,0.055
2006-06-28,37,0.04
2006-06-29,44,0.047
2006-06-30,45,0.049
2006-07-01,58,0.057
2006-07-02,84,0.065
2006-07-03,41,0.044
2006-07-04,51,0.055
2006-07-05,34,0.037
2006-07-06,19,0.02
2006-07-07,38,0.041
2006-07-08,20,0.022
2006-07-09,28,0.03
2006-07-10,36,0.039
2006-07-11,37,0.04
2006-07-12,42,0.045
2006-07-13,47,0.051
2006-07-14,67,0.06
2006-07-15,77,0.063
2006-07-16,51,0.055
2006-07-17,44,0.048
2006-07-18,31,0.033
2006-07-19,36,0.039
2006-07-20,44,0.047
2006-07-21,44,0.048
2006-07-22,74,0.062
2006-07-23,67,0.06
2006-07-24,31,0.034
2006-07-25,36,0.039
2006-07-26,35,0.038
2006-07-27,41,0.044
2006-07-28,49,0.053
2006-07-29,101,0.071
2006-07-30,45,0.049
2006-07-31,39,0.042
2006-08-01,46,0.05
2006-08-02,44,0.047
2006-08-03,33,0.036
2006-08-04,37,0.04
2006-08-05,27,0.029
2006-08-06,45,0.049
2006-08-07,28,0.03
2006-08-08,40,0.043
2006-08-09,38,0.041
2006-08-10,37,0.04
2006-08-11,33,0.036
2006-08-12,41,0.044
2006-08-13,61,0.058
2006-08-14,34,0.037
2006-08-15,35,0.038
2006-08-16,37,0.04
2006-08-17,36,0.039
2006-08-18,32,0.035
2006-08-19,38,0.041
2006-08-20,44,0.048
2006-08-21,39,0.042
2006-08-22,40,0.043
2006-08-23,39,0.042
2006-08-24,26,0.028
2006-08-25,30,0.032
2006-08-26,21,0.023
2006-08-27,36,0.039
2006-08-28,33,0.036
2006-08-29,35,0.038
2006-08-30,34,0.037
2006-08-31,30,0.032
2006-09-01,21,0.023
2006-09-02,23,0.025
2006-09-03,44,0.047
2006-09-04,42,0.045
2006-09-05,31,0.034
2006-09-06,30,0.032
2006-09-07,31,0.033
2006-09-08,12,0.013
2006-09-09,25,0.027
2006-09-10,26,0.028
2006-09-11,25,0.027
2006-09-12,26,0.028
2006-09-13,32,0.035
2006-09-14,32,0.035
2006-09-15,31,0.033
2006-09-16,32,0.035
2006-09-17,31,0.033
2006-09-18,24,0.026
2006-09-19,35,0.038
2006-09-20,28,0.03
2006-09-21,22,0.024
2006-09-22,16,0.017
2006-09-23,29,0.031
2006-09-24,39,0.042
2006-09-25,25,0.027
2006-09-26,29,0.031
2006-09-27,20,0.022
2006-09-28,20,0.022
2006-09-29,26,0.028
2006-09-30,32,0.035
2006-10-01,31,0.034
2006-10-02,12,0.013
2006-10-03,18,0.019
2006-10-04,14,0.015
2006-10-05,10,0.011
2006-10-06,15,0.016
2006-10-07,23,0.025
2006-10-08,19,0.02
2006-10-09,11,0.012
2006-10-10,7,0.008
2006-10-11,19,0.021
2006-10-12,12,0.013
2006-10-13,16,0.017
2006-10-14,7,0.008
2006-10-15,22,0.024
2006-10-16,13,0.014
2006-10-17,10,0.011
2006-10-18,14,0.015
2006-10-19,18,0.019
2006-10-20,21,0.023
2006-10-21,19,0.021
2006-10-22,20,0.022
2006-10-23,6,0.007
2006-10-24,6,0.006
2006-10-25,12,0.013
2006-10-26,9,0.01
2006-10-27,17,0.018
2006-10-28,24,0.026
2006-10-29,24,0.026
2006-10-30,19,0.021
2006-10-31,7,0.008
2006-11-01,11,0.012
2006-11-02,10,0.011
2006-11-03,14,0.015
2006-11-04,13,0.014
2006-11-05,25,0.027
2006-11-06,16,0.017
2006-11-07,15,0.016
2006-11-08,15,0.016
2006-11-09,9,0.01
2006-11-10,22,0.024
2006-11-11,11,0.012
2006-11-12,17,0.018
2006-11-13,17,0.018
2006-11-14,21,0.023
2006-11-15,14,0.015
2006-11-16,25,0.027
2006-11-17,16,0.017
2006-11-18,17,0.018
2006-11-19,22,0.024
2006-11-20,5,0.005
2006-11-21,8,0.009
2006-11-22,17,0.018
2006-11-23,17,0.018
2006-11-24,14,0.015
2006-11-25,12,0.013
2006-11-26,18,0.019
2006-11-27,6,0.006
2006-11-28,19,0.02
2006-11-29,7,0.008
2006-11-30,16,0.017
2006-12-01,6,0.006
2006-12-02,20,0.022
2006-12-03,17,0.018
2006-12-04,9,0.01
2006-12-05,19,0.021
2006-12-06,12,0.013
2006-12-07,8,0.009
2006-12-08,9,0.01
2006-12-09,15,0.016
2006-12-10,23,0.025
2006-12-11,17,0.018
2006-12-12,8,0.009
2006-12-13,12,0.013
2006-12-14,11,0.012
2006-12-15,7,0.008
2006-12-16,22,0.024
2006-12-17,13,0.014
2006-12-18,5,0.005
2006-12-19,8,0.009
2006-12-20,25,0.027
2006-12-21,20,0.022
2006-12-22,19,0.02
2006-12-23,15,0.016
2006-12-24,27,0.029
2006-12-25,20,0.022
2006-12-26,6,0.007
2006-12-27,4,0.004
2006-12-28,8,0.009
2006-12-29,10,0.011
2006-12-30,15,0.016
2006-12-31,21,0.023
2007-01-01,9,0.01
2007-01-02,12,0.013
2007-01-03,6,0.007
2007-01-04,25,0.027
2007-01-05,10,0.011
2007-01-06,24,0.026
2007-01-07,23,0.025
2007-01-08,8,0.009
2007-01-09,4,0.004
2007-01-10,8,0.009
2007-01-11,13,0.014
2007-01-12,12,0.013
2007-01-13,13,0.014
2007-01-14,18,0.019
2007-01-15,12,0.013
2007-01-16,9,0.01
2007-01-17,19,0.02
2007-01-18,22,0.024
2007-01-19,4,0.004
2007-01-20,3,0.003
2007-01-21,19,0.02
2007-01-22,10,0.011
2007-01-23,17,0.018
2007-01-24,18,0.019
2007-01-25,7,0.008
2007-01-26,13,0.014
2007-01-27,20,0.022
2007-01-28,17,0.018
2007-01-29,24,0.026
2007-01-30,9,0.01
2007-01-31,18,0.019
2007-02-01,19,0.02
2007-02-02,26,0.028
2007-02-03,29,0.031
2007-02-04,6,0.007
2007-02-05,7,0.008
2007-02-06,8,0.009
2007-02-07,6,0.006
2007-02-08,8,0.009
2007-02-09,3,0.003
2007-02-10,5,0.005
2007-02-11,11,0.012
2007-02-12,16,0.017
2007-02-13,11,0.012
2007-02-14,6,0.007
2007-02-15,21,0.023
2007-02-16,23,0.025
2007-02-17,26,0.028
2007-02-18,24,0.026
2007-02-19,17,0.018
2007-02-20,22,0.024
2007-02-21,23,0.025
2007-02-22,13,0.014
2007-02-23,28,0.03
2007-02-24,29,0.031
2007-02-25,19,0.021
2007-02-26,31,0.033
2007-02-27,17,0.018
2007-02-28,18,0.019
2007-03-01,28,0.03
2007-03-02,25,0.027
2007-03-03,31,0.034
2007-03-04,31,0.034
2007-03-05,3,0.003
2007-03-06,21,0.023
2007-03-07,31,0.034
2007-03-08,27,0.029
2007-03-09,24,0.026
2007-03-10,19,0.021
2007-03-11,35,0.038
2007-03-12,19,0.02
2007-03-13,21,0.023
2007-03-14,28,0.03
2007-03-15,20,0.022
2007-03-16,27,0.029
2007-03-17,35,0.038
2007-03-18,36,0.039
2007-03-19,28,0.03
2007-03-20,31,0.033
2007-03-21,24,0.026
2007-03-22,19,0.021
2007-03-23,28,0.03
2007-03-24,19,0.02
2007-03-25,35,0.038
2007-03-26,30,0.032
2007-03-27,29,0.031
2007-03-28,46,0.05
2007-03-29,19,0.02
2007-03-30,20,0.022
2007-03-31,36,0.039
2007-04-01,38,0.041
2007-04-02,27,0.029
2007-04-03,27,0.029
2007-04-04,19,0.02
2007-04-05,18,0.019
2007-04-06,17,0.018
2007-04-08,0,0.0
2007-04-09,35,0.038
2007-04-10,35,0.038
2007-04-11,34,0.037
2007-04-12,19,0.02
2007-04-13,16,0.017
2007-04-14,38,0.041
2007-04-15,38,0.041
2007-04-16,22,0.024
2007-04-17,19,0.02
2007-04-18,39,0.042
2007-04-19,44,0.047
2007-04-20,33,0.036
2007-04-21,38,0.041
2007-04-22,47,0.051
2007-04-23,24,0.026
2007-04-24,20,0.022
2007-04-25,25,0.027
2007-04-26,33,0.036
2007-04-27,33,0.036
2007-04-28,43,0.046
2007-04-29,42,0.045
2007-04-30,35,0.038
2007-05-01,30,0.032
2007-05-02,34,0.037
2007-05-03,30,0.032
2007-05-04,31,0.033
2007-05-05,37,0.04
2007-05-06,32,0.035
2007-05-07,24,0.026
2007-05-08,38,0.041
2007-05-09,39,0.042
2007-05-10,42,0.045
2007-05-11,42,0.045
2007-05-12,39,0.042
2007-05-13,51,0.055
2007-05-14,32,0.035
2007-05-15,24,0.026
2007-05-16,33,0.036
2007-05-17,25,0.027
2007-05-18,36,0.039
2007-05-19,43,0.046
2007-05-20,41,0.044
2007-05-21,31,0.034
2007-05-22,26,0.028
2007-05-23,25,0.027
2007-05-24,31,0.034
2007-05-25,35,0.038
2007-05-26,38,0.041
2007-05-27,49,0.053
2007-05-28,45,0.049
2007-05-29,22,0.024
2007-05-30,33,0.036
2007-05-31,30,0.032
2007-06-01,34,0.037
2007-06-02,43,0.046
2007-06-03,38,0.041
2007-06-04,35,0.038
2007-06-05,31,0.033
2007-06-06,43,0.046
2007-06-07,28,0.03
2007-06-08,31,0.034
2007-06-09,47,0.051
2007-06-10,45,0.049
2007-06-11,34,0.037
2007-06-12,15,0.016
2007-06-13,36,0.039
2007-06-14,41,0.044
2007-06-15,46,0.05
2007-06-16,36,0.039
2007-06-17,45,0.049
2007-06-18,41,0.044
2007-06-19,40,0.043
2007-06-20,40,0.043
2007-06-21,30,0.032
2007-06-22,35,0.038
2007-06-23,54,0.056
2007-06-24,47,0.051
2007-06-25,40,0.043
2007-06-26,22,0.024
2007-06-27,30,0.032
2007-06-28,37,0.04
2007-06-29,45,0.049
2007-06-30,49,0.053
2007-07-01,61,0.058
2007-07-02,39,0.042
2007-07-03,33,0.036
2007-07-04,47,0.051
2007-07-05,35,0.038
2007-07-06,43,0.046
2007-07-07,44,0.047
2007-07-08,47,0.051
2007-07-09,58,0.057
2007-07-10,39,0.042
2007-07-11,38,0.041
2007-07-12,28,0.03
2007-07-13,41,0.044
2007-07-14,38,0.041
2007-07-15,40,0.043
2007-07-16,41,0.044
2007-07-17,41,0.044
2007-07-18,42,0.045
2007-07-19,44,0.048
2007-07-20,51,0.055
2007-07-21,80,0.064
2007-07-22,48,0.052
2007-07-23,36,0.039
2007-07-24,38,0.041
2007-07-25,41,0.044
2007-07-26,41,0.044
2007-07-27,43,0.046
2007-07-28,44,0.048
2007-07-29,58,0.057
2007-07-30,44,0.048
2007-07-31,51,0.055
2007-08-01,41,0.044
2007-08-02,35,0.038
2007-08-03,32,0.035
2007-08-04,45,0.049
2007-08-05,50,0.054
2007-08-06,19,0.02
2007-08-07,22,0.024
2007-08-08,38,0.041
2007-08-09,38,0.041
2007-08-10,30,0.032
2007-08-11,45,0.049
2007-08-12,44,0.048
2007-08-13,39,0.042
2007-08-14,44,0.048
2007-08-15,31,0.033
2007-08-16,44,0.048
2007-08-17,24,0.026
2007-08-18,43,0.046
2007-08-19,47,0.051
2007-08-20,44,0.047
2007-08-21,42,0.045
2007-08-22,26,0.028
2007-08-23,27,0.029
2007-08-24,39,0.042
2007-08-25,48,0.052
2007-08-26,44,0.047
2007-08-27,32,0.035
2007-08-28,32,0.035
2007-08-29,19,0.02
2007-08-30,41,0.044
2007-08-31,42,0.045
2007-09-01,44,0.047
2007-09-02,51,0.055
2007-09-03,35,0.038
2007-09-04,34,0.037
2007-09-05,31,0.034
2007-09-06,34,0.037
2007-09-07,38,0.041
2007-09-08,39,0.042
2007-09-09,20,0.022
2007-09-10,10,0.011
2007-09-11,38,0.041
2007-09-12,40,0.043
2007-09-13,24,0.026
2007-09-14,9,0.01
2007-09-15,33,0.036
2007-09-16,22,0.024
2007-09-17,19,0.02
2007-09-18,34,0.037
2007-09-19,31,0.033
2007-09-20,31,0.033
2007-09-21,28,0.03
2007-09-22,38,0.041
2007-09-23,19,0.02
2007-09-24,19,0.02
2007-09-25,27,0.029
2007-09-26,31,0.033
2007-09-27,31,0.033
2007-09-28,16,0.017
2007-09-29,31,0.034
2007-09-30,37,0.04
2007-10-01,22,0.024
2007-10-02,29,0.031
2007-10-03,24,0.026
2007-10-04,30,0.032
2007-10-05,21,0.023
2007-10-06,31,0.034
2007-10-07,39,0.042
2007-10-08,19,0.021
2007-10-09,10,0.011
2007-10-10,16,0.017
2007-10-11,19,0.021
2007-10-12,19,0.021
2007-10-13,24,0.026
2007-10-14,21,0.023
2007-10-15,15,0.016
2007-10-16,15,0.016
2007-10-17,29,0.031
2007-10-18,26,0.028
2007-10-19,13,0.014
2007-10-20,29,0.031
2007-10-21,21,0.023
2007-10-22,19,0.02
2007-10-23,14,0.015
2007-10-24,13,0.014
2007-10-25,11,0.012
2007-10-26,18,0.019
2007-10-27,10,0.011
2007-10-28,19,0.021
2007-10-29,16,0.017
2007-10-30,22,0.024
2007-10-31,9,0.01
2007-11-01,19,0.02
2007-11-02,21,0.023
2007-11-03,19,0.02
2007-11-04,27,0.029
2007-11-05,17,0.018
2007-11-06,6,0.007
2007-11-07,18,0.019
2007-11-08,23,0.025
2007-11-09,14,0.015
2007-11-10,22,0.024
2007-11-11,28,0.03
2007-11-12,15,0.016
2007-11-13,20,0.022
2007-11-14,5,0.005
2007-11-15,2,0.002
2007-11-16,11,0.012
2007-11-17,5,0.005
2007-11-18,13,0.014
2007-11-19,13,0.014
2007-11-20,1,0.001
2007-11-21,2,0.002
2007-11-22,12,0.013
2007-11-23,11,0.012
2007-11-24,22,0.024
2007-11-25,17,0.018
2007-11-26,9,0.01
2007-11-27,18,0.019
2007-11-28,19,0.02
2007-11-29,7,0.008
2007-11-30,6,0.006
2007-12-01,4,0.004
2007-12-02,19,0.02
2007-12-03,27,0.029
2007-12-04,25,0.027
2007-12-05,17,0.018
2007-12-06,16,0.017
2007-12-07,4,0.004
2007-12-08,10,0.011
2007-12-09,8,0.009
2007-12-10,20,0.022
2007-12-11,17,0.018
2007-12-12,6,0.006
2007-12-13,11,0.012
2007-12-14,13,0.014
2007-12-15,17,0.018
2007-12-16,22,0.024
2007-12-17,6,0.007
2007-12-18,12,0.013
2007-12-19,8,0.009
2007-12-20,6,0.007
2007-12-21,15,0.016
2007-12-22,18,0.019
2007-12-23,26,0.028
2007-12-24,9,0.01
2007-12-25,22,0.024
2007-12-26,9,0.01
2007-12-27,16,0.017
2007-12-28,15,0.016
2007-12-29,19,0.021
2007-12-30,25,0.027
2007-12-31,22,0.024
2008-01-01,21,0.023
2008-01-02,6,0.007
2008-01-03,6,0.006
2008-01-04,10,0.011
2008-01-05,17,0.018
2008-01-06,23,0.025
2008-01-07,16,0.017
2008-01-08,18,0.019
2008-01-09,5,0.005
2008-01-10,18,0.019
2008-01-11,19,0.021
2008-01-12,21,0.023
2008-01-13,23,0.025
2008-01-14,13,0.014
2008-01-15,3,0.003
2008-01-16,5,0.005
2008-01-18,9,0.01
2008-01-19,13,0.014
2008-01-20,13,0.014
2008-01-21,9,0.01
2008-01-22,6,0.006
2008-01-23,0,0.0
2008-01-24,2,0.002
2008-01-25,23,0.025
2008-01-26,22,0.024
2008-01-27,23,0.025
2008-01-28,28,0.03
2008-01-29,25,0.027
2012-02-07,12,0.013
2012-02-08,3,0.003
2012-02-09,17,0.018
2012-02-10,23,0.025
2012-02-11,17,0.018
2012-02-12,9,0.01
2012-02-13,27,0.029
2012-02-14,16,0.017
2012-02-15,16,0.017
2012-02-16,21,0.023
2012-02-17,29,0.031
2012-02-18,31,0.033
2012-02-19,15,0.016
2012-02-20,30,0.032
2012-02-21,22,0.024
2012-02-22,31,0.033
2012-02-23,25,0.027
2012-02-24,31,0.033
2012-02-25,38,0.041
2012-02-26,38,0.041
2012-02-27,30,0.032
2012-02-28,39,0.042
2012-02-29,38,0.041
2012-03-01,25,0.027
2012-03-02,27,0.029
2012-03-03,37,0.04
2012-03-04,38,0.041
2012-03-05,31,0.033
2012-03-06,39,0.042
2012-03-07,16,0.017
2012-03-08,22,0.024
2012-03-09,36,0.039
2012-03-10,39,0.042
2012-03-11,45,0.049
2012-03-12,44,0.047
2012-03-13,35,0.038
2012-03-14,39,0.042
2012-03-15,35,0.038
2012-03-16,35,0.038
2012-03-17,38,0.041
2012-03-18,50,0.054
2012-03-19,39,0.042
2012-03-20,35,0.038
2012-03-21,39,0.042
2012-03-22,37,0.04
2012-03-23,34,0.037
2012-03-24,43,0.046
2012-03-25,40,0.043
2012-03-26,47,0.051
2012-03-27,44,0.048
2012-03-28,43,0.046
2012-03-29,44,0.048
2012-03-30,43,0.046
2012-03-31,39,0.042
2012-04-01,42,0.045
2012-04-02,31,0.034
2012-04-03,29,0.031
2012-04-04,34,0.037
2012-04-05,42,0.045
2012-04-06,74,0.062
2012-04-07,49,0.053
2012-04-08,64,0.059
2012-04-09,40,0.043
2012-04-10,41,0.044
2012-04-11,37,0.04
2012-04-12,42,0.045
2012-04-13,46,0.05
2012-04-14,47,0.051
2012-04-15,41,0.044
2012-04-16,45,0.049
2012-04-17,44,0.048
2012-04-18,42,0.045
2012-04-19,40,0.043
2012-04-20,36,0.039
2012-04-21,49,0.053
2012-04-22,48,0.052
2012-04-23,48,0.052
2012-04-24,44,0.047
2012-04-25,49,0.053
2012-04-26,40,0.043
2012-04-27,58,0.057
2012-04-28,77,0.063
2012-04-29,50,0.054
2012-04-30,51,0.055
2012-05-01,22,0.024
2012-05-02,42,0.045
2012-05-03,48,0.052
2012-05-04,44,0.048
2012-05-05,51,0.055
2012-05-06,50,0.054
2012-05-07,28,0.03
2012-05-08,46,0.05
2012-05-09,45,0.049
2012-05-10,44,0.048
2012-05-11,28,0.03
2012-05-12,19,0.021
2012-05-13,43,0.046
2012-05-14,44,0.047
2012-05-15,58,0.057
2012-05-16,42,0.045
2012-05-17,67,0.06
2012-05-18,42,0.045
2012-05-19,33,0.036
2012-05-20,51,0.055
2012-05-21,49,0.053
2012-05-22,46,0.05
2012-05-23,42,0.045
2012-05-24,54,0.056
2012-05-25,44,0.048
2012-05-26,58,0.057
2012-05-27,97,0.069
2012-05-28,93,0.068
2012-05-29,61,0.058
2012-05-30,48,0.052
2012-05-31,61,0.058
2012-06-01,39,0.042
2012-06-02,37,0.04
2012-06-03,50,0.054
2012-06-04,44,0.047
2012-06-05,45,0.049
2012-06-06,49,0.053
2012-06-07,49,0.053
2012-06-08,49,0.053
2012-06-09,40,0.043
2012-06-10,71,0.061
2012-06-11,47,0.051
2012-06-12,42,0.045
2012-06-13,44,0.047
2012-06-14,47,0.051
2012-06-15,41,0.044
2012-06-16,58,0.057
2012-06-17,74,0.062
2012-06-18,45,0.049
2012-06-19,54,0.056
2012-06-20,49,0.053
2012-06-21,54,0.056
2012-06-22,44,0.047
2012-06-23,45,0.049
2012-06-24,64,0.059
2012-06-25,54,0.056
2012-06-26,47,0.051
2012-06-27,35,0.038
2012-06-28,37,0.04
2012-06-29,40,0.043
2012-06-30,43,0.046
2012-07-01,50,0.054
2012-07-02,84,0.065
2012-07-03,43,0.046
2012-07-04,151,0.086
2012-07-05,71,0.061
2012-07-06,50,0.054
2012-07-07,51,0.055
2012-07-08,47,0.051
2012-07-09,45,0.049
2012-07-10,50,0.054
2012-07-11,101,0.071
2012-07-12,51,0.055
2012-07-13,84,0.065
2012-07-14,74,0.062
2012-07-15,77,0.063
2012-07-16,51,0.055
2012-07-17,58,0.057
2012-07-18,44,0.048
2012-07-19,45,0.049
2012-07-20,49,0.053
2012-07-21,77,0.063
2012-07-22,71,0.061
2012-07-23,90,0.067
2012-07-24,67,0.06
2012-07-25,47,0.051
2012-07-26,46,0.05
2012-07-27,44,0.048
2012-07-28,51,0.055
2012-07-29,45,0.049
2012-07-30,41,0.044
2012-07-31,38,0.041
2012-08-01,41,0.044
2012-08-02,40,0.043
2012-08-03,41,0.044
2012-08-04,46,0.05
2012-08-05,64,0.059
2012-08-06,43,0.046
2012-08-07,47,0.051
2012-08-08,50,0.054
2012-08-09,84,0.065
2012-08-10,64,0.059
2012-08-11,45,0.049
2012-08-12,80,0.064
2012-08-13,31,0.033
2012-08-14,64,0.059
2012-08-15,44,0.047
2012-08-16,34,0.037
2012-08-17,44,0.048
2012-08-18,51,0.055
2012-08-19,61,0.058
2012-08-20,41,0.044
2012-08-21,61,0.058
2012-08-22,32,0.035
2012-08-23,34,0.037
2012-08-24,38,0.041
2012-08-25,64,0.059
2012-08-26,64,0.059
2012-08-27,42,0.045
2012-08-28,41,0.044
2012-08-29,40,0.043
2012-08-30,46,0.05
2012-08-31,45,0.049
2012-09-01,50,0.054
2012-09-02,45,0.049
2012-09-03,35,0.038
2012-09-04,33,0.036
2012-09-05,43,0.046
2012-09-06,35,0.038
2012-09-07,33,0.036
2012-09-08,51,0.055
2012-09-09,77,0.063
2012-09-10,48,0.052
2012-09-11,32,0.035
2012-09-12,21,0.023
2012-09-13,36,0.039
2012-09-14,34,0.037
2012-09-15,31,0.034
2012-09-16,32,0.035
2012-09-17,30,0.032
2012-09-18,42,0.045
2012-09-19,36,0.039
2012-09-20,34,0.037
2012-09-21,31,0.034
2012-09-22,44,0.047
2012-09-23,41,0.044
2012-09-24,21,0.023
2012-09-25,21,0.023
2012-09-26,25,0.027
2012-09-27,24,0.026
2012-09-28,28,0.03
2012-09-29,37,0.04
2012-09-30,39,0.042
2012-10-01,33,0.036
2012-10-02,25,0.027
2012-10-03,26,0.028
2012-10-04,14,0.015
2012-10-05,8,0.009
2012-10-06,16,0.017
2012-10-07,31,0.034
2012-10-08,26,0.028
2012-10-09,19,0.02
2012-10-10,8,0.009
2012-10-11,19,0.021
2012-10-12,9,0.01
2012-10-13,18,0.019
2012-10-14,30,0.032
2012-10-15,28,0.03
2012-10-16,35,0.038
2012-10-17,31,0.034
2012-10-18,25,0.027
2012-10-19,8,0.009
2012-10-20,13,0.014
2012-10-21,27,0.029
2012-10-22,19,0.021
2012-10-23,25,0.027
2012-10-24,19,0.02
2012-10-25,19,0.021
2012-10-26,20,0.022
2012-10-27,24,0.026
2012-10-28,21,0.023
2012-10-29,11,0.012
2012-10-30,16,0.017
2012-10-31,16,0.017
2012-11-01,10,0.011
2012-11-02,14,0.015
2012-11-03,13,0.014
2012-11-04,21,0.023
2012-11-05,18,0.019
2012-11-06,20,0.022
2012-11-07,20,0.022
2012-11-08,15,0.016
2012-11-09,31,0.033
2012-11-10,8,0.009
2012-11-11,30,0.032
2012-11-12,12,0.013
2012-11-13,19,0.021
2012-11-14,5,0.005
2012-11-15,11,0.012
2012-11-16,2,0.002
2012-11-17,22,0.024
2012-11-18,31,0.033
2012-11-19,14,0.015
2012-11-20,19,0.02
2012-11-21,15,0.016
2012-11-22,32,0.035
2012-11-23,12,0.013
2012-11-24,16,0.017
2012-11-25,17,0.018
2012-11-26,8,0.009
2012-11-27,7,0.008
2012-11-28,6,0.006
2012-11-29,13,0.014
2012-11-30,9,0.01
2012-12-01,26,0.028
2012-12-02,26,0.028
2012-12-03,28,0.03
2012-12-04,3,0.003
2012-12-05,31,0.034
2012-12-06,15,0.016
2012-12-07,18,0.019
2012-12-08,27,0.029
2012-12-09,28,0.03
2012-12-10,23,0.025
2012-12-11,19,0.02
2012-12-12,14,0.015
2012-12-13,5,0.005
2012-12-14,6,0.007
2012-12-15,7,0.008
2012-12-16,31,0.034
2012-12-17,28,0.03
2012-12-18,20,0.022
2012-12-19,19,0.02
2012-12-20,21,0.023
2012-12-21,20,0.022
2012-12-22,20,0.022
2012-12-23,27,0.029
2012-12-24,16,0.017
2012-12-25,18,0.019
2012-12-26,3,0.003
2012-12-27,12,0.013
2012-12-28,23,0.025
2012-12-29,11,0.012
2012-12-30,16,0.017
2012-12-31,14,0.015
2013-01-01,23,0.025
2013-01-02,20,0.022
2013-01-03,17,0.018
2013-01-04,9,0.01
2013-01-05,26,0.028
2013-01-06,16,0.017
2013-01-07,16,0.017
2013-01-08,19,0.021
2013-01-09,15,0.016
2013-01-10,26,0.028
2013-01-11,18,0.019
2013-01-12,22,0.024
2013-01-13,23,0.025
2013-01-14,10,0.011
2013-01-15,9,0.01
2013-01-16,18,0.019
2013-01-17,15,0.016
2013-01-18,24,0.026
2013-01-19,21,0.023
2013-01-20,28,0.03
2013-01-21,25,0.027
2013-01-22,20,0.022
2013-01-23,4,0.004
2013-01-24,27,0.029
2013-01-25,6,0.007
2013-01-26,6,0.006
2013-01-27,19,0.021
2013-01-28,24,0.026
2013-01-29,23,0.025
2013-01-30,26,0.028
2013-01-31,23,0.025
2013-02-01,29,0.031
2013-02-02,28,0.03
2013-02-03,14,0.015
2013-02-04,27,0.029
2013-02-05,23,0.025
2013-02-06,21,0.023
2013-02-07,26,0.028
2013-02-08,8,0.009
2013-02-09,19,0.02
2013-02-10,31,0.033
2013-02-11,17,0.018
2013-02-12,27,0.029
2013-02-13,31,0.033
2013-02-14,25,0.027
2013-02-15,25,0.027
2013-02-16,36,0.039
2013-02-17,35,0.038
2013-02-18,32,0.035
2013-02-19,12,0.013
2013-02-20,15,0.016
2013-02-21,17,0.018
2013-02-22,27,0.029
2013-02-23,26,0.028
2013-02-24,26,0.028
2013-02-25,25,0.027
2013-02-26,26,0.028
2013-02-27,30,0.032
2013-02-28,35,0.038
2013-03-01,26,0.028
2013-03-02,30,0.032
2013-03-03,33,0.036
2013-03-04,21,0.023
2013-03-05,17,0.018
2013-03-06,19,0.02
2013-03-07,25,0.027
2013-03-08,16,0.017
2013-03-09,27,0.029
2013-03-10,37,0.04
2013-03-11,31,0.034
2013-03-12,24,0.026
2013-03-13,27,0.029
2013-03-14,28,0.03
2013-03-15,31,0.034
2013-03-16,22,0.024
2013-03-17,44,0.048
2013-03-18,39,0.042
2013-03-19,35,0.038
2013-03-20,13,0.014
2013-03-21,41,0.044
2013-03-22,29,0.031
2013-03-23,34,0.037
2013-03-24,35,0.038
2013-03-25,35,0.038
2013-03-26,27,0.029
2013-03-27,32,0.035
2013-03-28,32,0.035
2013-03-29,34,0.037
2013-03-30,33,0.036
2013-03-31,41,0.044
2013-04-01,27,0.029
2013-04-02,16,0.017
2013-04-03,19,0.021
2013-04-04,36,0.039
2013-04-05,41,0.044
2013-04-06,39,0.042
2013-04-07,42,0.045
2013-04-08,25,0.027
2013-04-09,35,0.038
2013-04-10,35,0.038
2013-04-11,25,0.027
2013-04-12,30,0.032
2013-04-13,37,0.04
2013-04-14,44,0.048
2013-04-15,19,0.02
2013-04-16,23,0.025
2013-04-17,28,0.03
2013-04-18,34,0.037
2013-04-19,34,0.037
2013-04-20,33,0.036
2013-04-21,42,0.045
2013-04-22,27,0.029
2013-04-23,30,0.032
2013-04-24,40,0.043
2013-04-25,37,0.04
2013-04-26,41,0.044
2013-04-27,47,0.051
2013-04-28,43,0.046
2013-04-29,31,0.034
2013-04-30,31,0.033
2013-05-01,31,0.033
2013-05-02,31,0.033
2013-05-03,35,0.038
2013-05-04,39,0.042
2013-05-05,31,0.034
2013-05-06,41,0.044
2013-05-07,38,0.041
2013-05-08,31,0.034
2013-05-09,31,0.033
2013-05-10,38,0.041
2013-05-11,44,0.048
2013-05-12,46,0.05
2013-05-13,39,0.042
2013-05-14,37,0.04
2013-05-15,38,0.041
2013-05-16,42,0.045
2013-05-17,42,0.045
2013-05-18,47,0.051
2013-05-19,46,0.05
2013-05-20,27,0.029
2013-05-21,39,0.042
2013-05-22,38,0.041
2013-05-23,31,0.034
2013-05-24,41,0.044
2013-05-25,41,0.044
2013-05-26,48,0.052
2013-05-27,49,0.053
2013-05-28,43,0.046
2013-05-29,41,0.044
2013-05-30,46,0.05
2013-05-31,58,0.057
2013-06-01,42,0.045
2013-06-02,50,0.054
2013-06-03,43,0.046
2013-06-04,35,0.038
2013-06-05,22,0.024
2013-06-06,44,0.047
2013-06-07,40,0.043
2013-06-08,43,0.046
2013-06-09,67,0.06
2013-06-10,38,0.041
2013-06-11,40,0.043
2013-06-12,50,0.054
2013-06-13,41,0.044
2013-06-14,44,0.047
2013-06-15,49,0.053
2013-06-16,45,0.049
2013-06-17,49,0.053
2013-06-18,46,0.05
2013-06-19,45,0.049
2013-06-20,47,0.051
2013-06-21,42,0.045
2013-06-22,71,0.061
2013-06-23,54,0.056
2013-06-24,40,0.043
2013-06-25,38,0.041
2013-06-26,44,0.048
2013-06-27,43,0.046
2013-06-28,80,0.064
2013-06-29,49,0.053
2013-06-30,47,0.051
2013-07-01,47,0.051
2013-07-02,58,0.057
2013-07-03,67,0.06
2013-07-04,47,0.051
2013-07-05,49,0.053
2013-07-06,51,0.055
2013-07-07,84,0.065
2013-07-08,46,0.05
2013-07-09,64,0.059
2013-07-10,112,0.074
2013-07-11,90,0.067
2013-07-12,67,0.06
2013-07-13,71,0.061
2013-07-14,50,0.054
2013-07-15,51,0.055
2013-07-16,77,0.063
2013-07-17,105,0.072
2013-07-18,77,0.063
2013-07-19,51,0.055
2013-07-20,74,0.062
2013-07-21,74,0.062
2013-07-22,58,0.057
2013-07-23,48,0.052
2013-07-24,40,0.043
2013-07-25,33,0.036
2013-07-26,43,0.046
2013-07-27,48,0.052
2013-07-28,36,0.039
2013-07-29,26,0.028
2013-07-30,47,0.051
2013-07-31,51,0.055
2013-08-01,34,0.037
2013-08-02,47,0.051
2013-08-03,58,0.057
2013-08-04,80,0.064
2013-08-05,48,0.052
2013-08-06,46,0.05
2013-08-07,38,0.041
2013-08-08,44,0.047
2013-08-09,41,0.044
2013-08-10,47,0.051
2013-08-11,48,0.052
2013-08-12,47,0.051
2013-08-13,40,0.043
2013-08-14,38,0.041
2013-08-15,49,0.053
2013-08-16,64,0.059
2013-08-17,80,0.064
2013-08-18,64,0.059
2013-08-19,58,0.057
2013-08-20,61,0.058
2013-08-21,54,0.056
2013-08-22,46,0.05
2013-08-23,49,0.053
2013-08-24,46,0.05
2013-08-25,49,0.053
2013-08-26,39,0.042
2013-08-27,44,0.047
2013-08-28,58,0.057
2013-08-29,97,0.069
2013-08-30,39,0.042
2013-08-31,46,0.05
2013-09-01,46,0.05
2013-09-02,74,0.062
2013-09-03,44,0.048
2013-09-04,42,0.045
2013-09-05,44,0.047
2013-09-06,46,0.05
2013-09-07,54,0.056
2013-09-08,80,0.064
2013-09-09,41,0.044
2013-09-10,25,0.027
2013-09-11,20,0.022
2013-09-12,23,0.025
2013-09-13,29,0.031
2013-09-14,38,0.041
2013-09-15,28,0.03
2013-09-16,28,0.03
2013-09-17,39,0.042
2013-09-18,32,0.035
2013-09-19,35,0.038
2013-09-20,35,0.038
2013-09-21,46,0.05
2013-09-22,37,0.04
2013-09-23,36,0.039
2013-09-24,41,0.044
2013-09-25,27,0.029
2013-09-26,35,0.038
2013-09-27,18,0.019
2013-09-28,28,0.03
2013-09-29,37,0.04
2013-09-30,23,0.025
2013-10-01,28,0.03
2013-10-02,33,0.036
2013-10-03,27,0.029
2013-10-04,17,0.018
2013-10-05,39,0.042
2013-10-06,37,0.04
2013-10-07,29,0.031
2013-10-08,27,0.029
2013-10-09,30,0.032
2013-10-10,27,0.029
2013-10-11,22,0.024
2013-10-12,23,0.025
2013-10-13,29,0.031
2013-10-14,20,0.022
2013-10-15,21,0.023
2013-10-16,18,0.019
2013-10-17,22,0.024
2013-10-18,21,0.023
2013-10-19,32,0.035
2013-10-20,29,0.031
2013-10-21,9,0.01
2013-10-22,23,0.025
2013-10-23,21,0.023
2013-10-24,9,0.01
2013-10-25,19,0.021
2013-10-26,26,0.028
2013-10-27,35,0.038
2013-10-28,8,0.009
2013-10-29,6,0.006
2013-10-30,14,0.015
2013-10-31,31,0.033
2013-11-01,21,0.023
2013-11-02,10,0.011
2013-11-03,35,0.038
2013-11-04,24,0.026
2013-11-05,25,0.027
2013-11-06,32,0.035
2013-11-07,9,0.01
2013-11-08,17,0.018
2013-11-09,18,0.019
2013-11-10,26,0.028
2013-11-11,15,0.016
2013-11-12,12,0.013
2013-11-13,21,0.023
2013-11-14,22,0.024
2013-11-15,19,0.021
2013-11-16,35,0.038
2013-11-17,39,0.042
2013-11-18,23,0.025
2013-11-19,11,0.012
2013-11-20,21,0.023
2013-11-21,9,0.01
2013-11-22,7,0.008
2013-11-24,21,0.023
2013-11-25,19,0.02
2013-11-26,17,0.018
2013-11-27,16,0.017
2013-11-28,13,0.014
2013-11-29,18,0.019
2013-11-30,22,0.024
2013-12-01,31,0.033
2013-12-02,37,0.04
2013-12-03,16,0.017
2013-12-04,14,0.015
2013-12-05,10,0.011
2013-12-06,6,0.007
2013-12-07,5,0.005
2013-12-08,7,0.008
2013-12-09,21,0.023
2013-12-10,24,0.026
2013-12-11,6,0.006
2013-12-14,1,0.001
2013-12-15,33,0.036
2013-12-16,30,0.032
2013-12-17,22,0.024
2013-12-18,17,0.018
2013-12-19,9,0.01
2013-12-20,1,0.001
2013-12-21,11,0.012
2013-12-22,32,0.035
2013-12-23,16,0.017
2013-12-24,30,0.032
2013-12-25,33,0.036
2013-12-26,23,0.025
2013-12-27,17,0.018
2013-12-28,21,0.023
2013-12-29,28,0.03
2013-12-30,31,0.034
2013-12-31,27,0.029
2014-01-01,25,0.027
2014-01-02,12,0.013
2014-01-03,28,0.03
2014-01-04,26,0.028
2014-01-05,25,0.027
2014-01-06,10,0.011
2014-01-07,6,0.006
2014-01-08,6,0.007
2014-01-09,31,0.033
2014-01-10,31,0.034
2014-01-11,21,0.023
2014-01-12,33,0.036
2014-01-13,31,0.034
2014-01-14,19,0.021
2014-01-15,35,0.038
2014-01-16,20,0.022
2014-01-17,24,0.026
2014-01-18,27,0.029
2014-01-19,31,0.033
2014-01-20,27,0.029
2014-01-21,29,0.031
2014-01-22,23,0.025
2014-01-23,14,0.015
2014-01-24,19,0.021
2014-01-25,30,0.032
2014-01-26,33,0.036
2014-01-27,17,0.018
2014-01-28,24,0.026
2014-01-29,28,0.03
2014-01-30,30,0.032
2014-01-31,6,0.007
2014-02-01,22,0.024
2014-02-02,14,0.015
2014-02-03,15,0.016
2014-02-04,21,0.023
2014-02-05,21,0.023
2014-02-06,15,0.016
2014-02-07,4,0.004
2014-02-08,27,0.029
2014-02-09,20,0.022
2014-02-10,6,0.007
2014-02-11,34,0.037
2014-02-12,13,0.014
2014-02-13,34,0.037
2014-02-14,24,0.026
2014-02-15,28,0.03
2014-02-16,33,0.036
2014-02-17,34,0.037
2014-02-18,35,0.038
2014-02-19,31,0.033
2014-02-20,36,0.039
2014-02-21,39,0.042
2014-02-22,38,0.041
2014-02-23,22,0.024
2014-02-24,31,0.033
2014-02-25,15,0.016
2014-02-26,12,0.013
2014-02-27,27,0.029
2014-02-28,32,0.035
2014-03-01,22,0.024
2014-03-02,19,0.021
2014-03-03,35,0.038
2014-03-04,30,0.032
2014-03-05,28,0.03
2014-03-06,13,0.014
2014-03-07,8,0.009
2014-03-08,30,0.032
2014-03-09,36,0.039
2014-03-10,14,0.015
2014-03-11,22,0.024
2014-03-12,35,0.038
2014-03-13,40,0.043
2014-03-14,38,0.041
2014-03-15,40,0.043
2014-03-16,41,0.044
2014-03-17,41,0.044
2014-03-18,31,0.034
2014-03-19,36,0.039
2014-03-20,42,0.045
2014-03-21,33,0.036
2014-03-22,19,0.02
2014-03-23,45,0.049
2014-03-24,33,0.036
2014-03-25,21,0.023
2014-03-26,41,0.044
2014-03-27,39,0.042
2014-03-28,38,0.041
2014-03-29,45,0.049
2014-03-30,50,0.054
2014-03-31,37,0.04
2014-04-01,28,0.03
2014-04-02,35,0.038
2014-04-03,31,0.034
2014-04-04,44,0.048
2014-04-05,47,0.051
2014-04-06,43,0.046
2014-04-07,39,0.042
2014-04-08,40,0.043
2014-04-09,39,0.042
2014-04-10,38,0.041
2014-04-11,47,0.051
2014-04-12,38,0.041
2014-04-13,29,0.031
2014-04-14,41,0.044
2014-04-15,40,0.043
2014-04-16,44,0.047
2014-04-17,45,0.049
2014-04-18,39,0.042
2014-04-19,38,0.041
2014-04-20,47,0.051
2014-04-21,47,0.051
2014-04-22,45,0.049
2014-04-23,44,0.047
2014-04-24,46,0.05
2014-04-25,43,0.046
2014-04-26,43,0.046
2014-04-27,39,0.042
2014-04-28,44,0.047
2014-04-29,37,0.04
2014-04-30,39,0.042
2014-05-01,43,0.046
2014-05-02,35,0.038
2014-05-03,61,0.058
2014-05-04,71,0.061
2014-05-05,44,0.048
2014-05-06,38,0.041
2014-05-07,40,0.043
2014-05-08,27,0.029
2014-05-09,37,0.04
2014-05-10,44,0.048
2014-05-11,23,0.025
2014-05-12,34,0.037
2014-05-13,39,0.042
2014-05-14,38,0.041
2014-05-15,41,0.044
2014-05-16,35,0.038
2014-05-17,43,0.046
2014-05-18,47,0.051
2014-05-19,50,0.054
2014-05-20,42,0.045
2014-05-21,38,0.041
2014-05-22,32,0.035
2014-05-23,38,0.041
2014-05-24,38,0.041
2014-05-25,64,0.059
2014-05-26,64,0.059
2014-05-27,44,0.048
2014-05-28,47,0.051
2014-05-29,42,0.045
2014-05-30,30,0.032
2014-05-31,46,0.05
2014-06-01,48,0.052
2014-06-02,58,0.057
2014-06-03,44,0.047
2014-06-04,45,0.049
2014-06-05,47,0.051
2014-06-06,45,0.049
2014-06-07,41,0.044
2014-06-08,25,0.027
2014-06-09,43,0.046
2014-06-10,44,0.047
2014-06-11,42,0.045
2014-06-12,44,0.047
2014-06-13,47,0.051
2014-06-14,44,0.047
2014-06-15,44,0.047
2014-06-16,44,0.047
2014-06-17,32,0.035
2014-06-18,34,0.037
2014-06-19,48,0.052
2014-06-20,80,0.064
2014-06-21,44,0.047
2014-06-22,39,0.042
2014-06-23,44,0.047
2014-06-24,48,0.052
2014-06-25,41,0.044
2014-06-26,41,0.044
2014-06-27,35,0.038
2014-06-28,51,0.055
2014-06-29,71,0.061
2014-06-30,45,0.049
2014-07-01,43,0.046
2014-07-02,51,0.055
2014-07-03,47,0.051
2014-07-04,47,0.051
2014-07-05,51,0.055
2014-07-06,54,0.056
2014-07-07,50,0.054
2014-07-08,50,0.054
2014-07-09,48,0.052
2014-07-10,47,0.051
2014-07-11,49,0.053
2014-07-12,43,0.046
2014-07-13,49,0.053
2014-07-14,46,0.05
2014-07-15,35,0.038
2014-07-16,40,0.043
2014-07-17,50,0.054
2014-07-18,44,0.048
2014-07-19,67,0.06
2014-07-20,54,0.056
2014-07-21,40,0.043
2014-07-22,64,0.059
2014-07-23,41,0.044
2014-07-24,44,0.048
2014-07-25,41,0.044
2014-07-26,49,0.053
2014-07-27,49,0.053
2014-07-28,61,0.058
2014-07-29,44,0.048
2014-07-30,26,0.028
2014-07-31,51,0.055
2014-08-01,44,0.047
2014-08-02,61,0.058
2014-08-03,80,0.064
2014-08-04,48,0.052
2014-08-05,34,0.037
2014-08-06,47,0.051
2014-08-07,31,0.034
2014-08-08,40,0.043
2014-08-09,45,0.049
2014-08-10,48,0.052
2014-08-11,47,0.051
2014-08-12,46,0.05
2014-08-13,49,0.053
2014-08-14,37,0.04
2014-08-15,35,0.038
2014-08-16,58,0.057
2014-08-17,42,0.045
2014-08-18,37,0.04
2014-08-19,40,0.043
2014-08-20,44,0.047
2014-08-21,45,0.049
2014-08-22,31,0.033
2014-08-23,45,0.049
2014-08-24,93,0.068
2014-08-25,45,0.049
2014-08-26,28,0.03
2014-08-27,34,0.037
2014-08-28,27,0.029
2014-08-29,26,0.028
2014-08-30,41,0.044
2014-08-31,40,0.043
2014-09-01,61,0.058
2014-09-02,44,0.048
2014-09-03,34,0.037
2014-09-04,34,0.037
2014-09-05,18,0.019
2014-09-06,40,0.043
2014-09-07,35,0.038
2014-09-08,31,0.034
2014-09-09,21,0.023
2014-09-10,34,0.037
2014-09-11,13,0.014
2014-09-12,11,0.012
2014-09-13,37,0.04
2014-09-14,43,0.046
2014-09-15,37,0.04
2014-09-16,44,0.048
2014-09-17,44,0.047
2014-09-18,44,0.047
2014-09-19,44,0.048
2014-09-20,43,0.046
2014-09-21,33,0.036
2014-09-22,21,0.023
2014-09-23,29,0.031
2014-09-24,38,0.041
2014-09-25,41,0.044
2014-09-26,39,0.042
2014-09-27,50,0.054
2014-09-28,39,0.042
2014-09-29,26,0.028
2014-09-30,37,0.04
2014-10-01,28,0.03
2014-10-02,32,0.035
2014-10-03,30,0.032
2014-10-04,28,0.03
2014-10-05,37,0.04
2014-10-06,37,0.04
2014-10-07,37,0.04
2014-10-08,35,0.038
2014-10-09,17,0.018
2014-10-10,27,0.029
2014-10-11,33,0.036
2014-10-12,27,0.029
2014-10-13,25,0.027
2014-10-14,25,0.027
2014-10-15,19,0.02
2014-10-16,30,0.032
2014-10-17,17,0.018
2014-10-18,18,0.019
2014-10-19,41,0.044
2014-10-20,34,0.037
2014-10-21,28,0.03
2014-10-22,25,0.027
2014-10-23,23,0.025
2014-10-24,21,0.023
2014-10-25,25,0.027
2014-10-26,31,0.034
2014-10-27,23,0.025
2014-10-28,19,0.021
2014-10-29,27,0.029
2014-10-30,31,0.033
2014-10-31,11,0.012
2014-11-01,21,0.023
2014-11-02,29,0.031
2014-11-03,17,0.018
2014-11-04,25,0.027
2014-11-05,30,0.032
2014-11-06,9,0.01
2014-11-07,25,0.027
2014-11-08,25,0.027
2014-11-09,16,0.017
2014-11-10,24,0.026
2014-11-11,24,0.026
2014-11-12,20,0.022
2014-11-13,11,0.012
2014-11-14,1,0.001
2014-11-15,19,0.02
2014-11-16,19,0.021
2014-11-17,35,0.038
2014-11-18,31,0.033
2014-11-19,8,0.009
2014-11-20,3,0.003
2014-11-21,22,0.024
2014-11-22,32,0.035
2014-11-23,31,0.034
2014-11-24,25,0.027
2014-11-25,30,0.032
2014-11-26,20,0.022
2014-11-27,17,0.018
2014-11-28,20,0.022
2014-11-29,31,0.034
2014-11-30,9,0.01
2014-12-01,5,0.005
2014-12-02,18,0.019
2014-12-03,8,0.009
2014-12-04,1,0.001
2014-12-05,16,0.017
2014-12-06,8,0.009
2014-12-07,21,0.023
2014-12-08,4,0.004
2014-12-09,6,0.006
2014-12-10,12,0.013
2014-12-11,6,0.007
2014-12-13,0,0.0
2014-12-14,12,0.013
2014-12-15,14,0.015
2014-12-16,4,0.004
2014-12-17,0,0.0
2014-12-19,13,0.014
2014-12-20,10,0.011
2014-12-21,21,0.023
2014-12-22,17,0.018
2014-12-23,26,0.028
2014-12-24,9,0.01
2014-12-25,23,0.025
2014-12-26,20,0.022
2014-12-27,24,0.026
2014-12-28,15,0.016
2014-12-29,17,0.018
2014-12-30,16,0.017
2014-12-31,16,0.017
2015-01-01,21,0.023
2015-01-02,20,0.022
2015-01-03,19,0.02
2015-01-04,4,0.004
2015-01-05,19,0.021
2015-01-06,20,0.022
2015-01-07,19,0.02
2015-01-08,27,0.029
2015-01-09,4,0.004
2015-01-10,11,0.012
2015-01-11,23,0.025
2015-01-12,5,0.005
2015-01-13,15,0.016
2015-01-14,9,0.01
2015-01-15,19,0.021
2015-01-16,36,0.039
2015-01-17,34,0.037
2015-01-18,30,0.032
2015-01-19,24,0.026
2015-01-20,26,0.028
2015-01-21,22,0.024
2015-01-22,22,0.024
2015-01-23,21,0.023
2015-01-24,30,0.032
2015-01-25,28,0.03
2015-01-26,31,0.033
2015-01-27,26,0.028
2015-01-28,32,0.035
2015-01-29,23,0.025
2015-01-30,4,0.004
2015-01-31,15,0.016
2015-02-01,14,0.015
2015-02-02,26,0.028
2015-02-03,24,0.026
2015-02-04,19,0.021
2015-02-05,17,0.018
2015-02-06,20,0.022
2015-02-07,28,0.03
2015-02-08,39,0.042
2015-02-09,29,0.031
2015-02-10,29,0.031
2015-02-11,24,0.026
2015-02-12,19,0.02
2015-02-13,25,0.027
2015-02-14,17,0.018
2015-02-15,20,0.022
2015-02-16,19,0.02
2015-02-17,26,0.028
2015-02-18,19,0.021
2015-02-19,21,0.023
2015-02-20,25,0.027
2015-02-21,26,0.028
2015-02-22,31,0.034
2015-02-23,19,0.021
2015-02-24,33,0.036
2015-02-25,23,0.025
2015-02-26,27,0.029
2015-02-27,13,0.014
2015-02-28,28,0.03
2015-03-01,32,0.035
2015-03-02,16,0.017
2015-03-03,21,0.023
2015-03-04,24,0.026
2015-03-05,19,0.02
2015-03-06,31,0.034
2015-03-07,40,0.043
2015-03-08,34,0.037
2015-03-09,39,0.042
2015-03-10,34,0.037
2015-03-11,33,0.036
2015-03-12,33,0.036
2015-03-13,31,0.034
2015-03-14,44,0.048
2015-03-15,42,0.045
2015-03-16,39,0.042
2015-03-17,22,0.024
2015-03-18,33,0.036
2015-03-19,23,0.025
2015-03-20,32,0.035
2015-03-21,40,0.043
2015-03-22,39,0.042
2015-03-23,40,0.043
2015-03-24,36,0.039
2015-03-25,28,0.03
2015-03-26,31,0.034
2015-03-27,30,0.032
2015-03-28,39,0.042
2015-03-29,44,0.047
2015-03-30,40,0.043
2015-03-31,44,0.048
2015-04-01,43,0.046
2015-04-02,30,0.032
2015-04-03,35,0.038
2015-04-04,42,0.045
2015-04-05,51,0.055
2015-04-06,44,0.047
2015-04-07,31,0.033
2015-04-08,40,0.043
2015-04-09,35,0.038
2015-04-10,38,0.041
2015-04-11,51,0.055
2015-04-12,44,0.047
2015-04-13,38,0.041
2015-04-14,42,0.045
2015-04-15,36,0.039
2015-04-16,19,0.02
2015-04-17,31,0.033
2015-04-18,46,0.05
2015-04-19,44,0.047
2015-04-20,37,0.04
2015-04-21,36,0.039
2015-04-22,42,0.045
2015-04-23,40,0.043
2015-04-24,40,0.043
2015-04-25,46,0.05
2015-04-26,19,0.02
2015-04-27,23,0.025
2015-04-28,44,0.047
2015-04-29,47,0.051
2015-04-30,49,0.053
2015-05-01,29,0.031
2015-05-02,48,0.052
2015-05-03,54,0.056
2015-05-04,31,0.033
2015-05-05,27,0.029
2015-05-06,30,0.032
2015-05-07,28,0.03
2015-05-08,22,0.024
2015-05-09,32,0.035
2015-05-10,42,0.045
2015-05-11,44,0.048
2015-05-12,29,0.031
2015-05-13,40,0.043
2015-05-14,46,0.05
2015-05-15,38,0.041
2015-05-16,44,0.047
2015-05-17,41,0.044
2015-05-18,25,0.027
2015-05-19,29,0.031
2015-05-20,23,0.025
2015-05-21,16,0.017
2015-05-22,24,0.026
2015-05-23,44,0.048
2015-05-24,50,0.054
2015-05-25,48,0.052
2015-05-26,42,0.045
2015-05-27,47,0.051
2015-05-28,45,0.049
2015-05-29,45,0.049
2015-05-30,49,0.053
2015-05-31,49,0.053
2015-06-01,40,0.043
2015-06-02,47,0.051
2015-06-03,41,0.044
2015-06-04,46,0.05
2015-06-05,29,0.031
2015-06-06,38,0.041
2015-06-07,67,0.06
2015-06-08,87,0.066
2015-06-09,67,0.06
2015-06-10,37,0.04
2015-06-11,45,0.049
2015-06-12,49,0.053
2015-06-13,54,0.056
2015-06-14,58,0.057
2015-06-15,42,0.045
2015-06-16,36,0.039
2015-06-17,49,0.053
2015-06-18,48,0.052
2015-06-19,71,0.061
2015-06-20,90,0.067
2015-06-21,122,0.077
2015-06-22,45,0.049
2015-06-23,90,0.067
2015-06-24,51,0.055
2015-06-25,77,0.063
2015-06-26,48,0.052
2015-06-27,58,0.057
2015-06-28,77,0.063
2015-06-29,54,0.056
2015-06-30,64,0.059
2015-07-01,61,0.058
2015-07-02,61,0.058
2015-07-03,90,0.067
2015-07-04,74,0.062
2015-07-05,48,0.052
2015-07-06,34,0.037
2015-07-07,33,0.036
2015-07-08,31,0.033
2015-07-09,46,0.05
2015-07-10,43,0.046
2015-07-11,44,0.047
2015-07-12,44,0.047
2015-07-13,31,0.034
2015-07-14,37,0.04
2015-07-15,43,0.046
2015-07-16,46,0.05
2015-07-17,47,0.051
2015-07-18,48,0.052
2015-07-19,51,0.055
2015-07-20,48,0.052
2015-07-21,42,0.045
2015-07-22,39,0.042
2015-07-23,41,0.044
2015-07-24,28,0.03
2015-07-25,47,0.051
2015-07-26,51,0.055
2015-07-27,47,0.051
2015-07-28,44,0.047
2015-07-29,50,0.054
2015-07-30,64,0.059
2015-07-31,49,0.053
2015-08-01,87,0.066
2015-08-02,58,0.057
2015-08-03,37,0.04
2015-08-04,42,0.045
2015-08-05,46,0.05
2015-08-06,34,0.037
2015-08-07,80,0.064
2015-08-08,58,0.057
2015-08-09,67,0.06
2015-08-10,39,0.042
2015-08-11,48,0.052
2015-08-12,58,0.057
2015-08-13,43,0.046
2015-08-14,43,0.046
2015-08-15,54,0.056
2015-08-16,51,0.055
2015-08-17,43,0.046
2015-08-18,48,0.052
2015-08-19,46,0.05
2015-08-20,90,0.067
2015-08-21,74,0.062
2015-08-22,51,0.055
2015-08-23,71,0.061
2015-08-24,54,0.056
2015-08-25,28,0.03
2015-08-26,47,0.051
2015-08-27,34,0.037
2015-08-28,45,0.049
2015-08-29,67,0.06
2015-08-30,51,0.055
2015-08-31,37,0.04
2015-09-01,47,0.051
2015-09-02,42,0.045
2015-09-03,31,0.033
2015-09-04,39,0.042
2015-09-05,43,0.046
2015-09-06,41,0.044
2015-09-07,37,0.04
2015-09-08,48,0.052
2015-09-09,50,0.054
2015-09-10,46,0.05
2015-09-11,45,0.049
2015-09-12,48,0.052
2015-09-13,46,0.05
2015-09-14,40,0.043
2015-09-15,27,0.029
2015-09-16,32,0.035
2015-09-17,34,0.037
2015-09-18,43,0.046
2015-09-19,47,0.051
2015-09-20,61,0.058
2015-09-21,44,0.047
2015-09-22,39,0.042
2015-09-23,38,0.041
2015-09-24,40,0.043
2015-09-25,44,0.048
2015-09-26,74,0.062
2015-09-27,49,0.053
2015-09-28,36,0.039
2015-09-29,35,0.038
2015-09-30,27,0.029
2015-10-01,28,0.03
2015-10-02,28,0.03
2015-10-03,28,0.03
2015-10-04,24,0.026
2015-10-05,27,0.029
2015-10-06,9,0.01
2015-10-07,29,0.031
2015-10-08,39,0.042
2015-10-09,26,0.028
2015-10-10,30,0.032
2015-10-11,32,0.035
2015-10-12,31,0.033
2015-10-13,31,0.034
2015-10-14,35,0.038
2015-10-15,34,0.037
2015-10-16,25,0.027
2015-10-17,41,0.044
2015-10-18,35,0.038
2015-10-19,21,0.023
2015-10-20,26,0.028
2015-10-21,11,0.012
2015-10-22,6,0.007
2015-10-23,21,0.023
2015-10-24,34,0.037
2015-10-25,35,0.038
2015-10-26,22,0.024
2015-10-27,30,0.032
2015-10-28,31,0.034
2015-10-29,15,0.016
2015-10-30,19,0.02
2015-10-31,33,0.036
2015-11-01,28,0.03
2015-11-02,25,0.027
2015-11-03,27,0.029
2015-11-04,26,0.028
2015-11-05,22,0.024
2015-11-06,24,0.026
2015-11-07,33,0.036
2015-11-08,27,0.029
2015-11-09,27,0.029
2015-11-10,26,0.028
2015-11-11,30,0.032
2015-11-12,26,0.028
2015-11-13,23,0.025
2015-11-14,24,0.026
2015-11-15,33,0.036
2015-11-16,24,0.026
2015-11-17,31,0.034
2015-11-18,33,0.036
2015-11-19,22,0.024
2015-11-20,24,0.026
2015-11-21,28,0.03
2015-11-22,24,0.026
2015-11-23,22,0.024
2015-11-24,24,0.026
2015-11-25,12,0.013
2015-11-26,17,0.018
2015-11-27,18,0.019
2015-11-28,13,0.014
2015-11-29,16,0.017
2015-11-30,32,0.035
2015-12-01,27,0.029
2015-12-02,16,0.017
2015-12-03,23,0.025
2015-12-04,6,0.007
2015-12-05,20,0.022
2015-12-06,27,0.029
2015-12-07,24,0.026
2015-12-08,33,0.036
2015-12-09,35,0.038
2015-12-10,24,0.026
2015-12-11,31,0.033
2015-12-12,16,0.017
2015-12-13,18,0.019
2015-12-14,15,0.016
2015-12-15,14,0.015
2015-12-16,17,0.018
2015-12-17,19,0.021
2015-12-18,12,0.013
2015-12-19,17,0.018
2015-12-20,22,0.024
2015-12-21,20,0.022
2015-12-22,21,0.023
2015-12-23,30,0.032
2015-12-24,25,0.027
2015-12-25,18,0.019
2015-12-26,19,0.02
2015-12-27,21,0.023
2015-12-28,7,0.008
2015-12-29,18,0.019
2015-12-30,13,0.014
2015-12-31,17,0.018
2016-01-01,28,0.03
2016-01-02,29,0.031
2016-01-03,21,0.023
2016-01-04,5,0.005
2016-01-05,19,0.021
2016-01-06,12,0.013
2016-01-07,19,0.02
2016-01-08,22,0.024
2016-01-09,21,0.023
2016-01-10,27,0.029
2016-01-11,16,0.017
2016-01-12,13,0.014
2016-01-13,19,0.02
2016-01-14,34,0.037
2016-01-15,23,0.025
2016-01-16,31,0.033
2016-01-17,26,0.028
2016-01-18,11,0.012
2016-01-19,28,0.03
2016-01-20,31,0.034
2016-01-21,28,0.03
2016-01-22,19,0.021
2016-01-23,16,0.017
2016-01-24,30,0.032
2016-01-25,23,0.025
2016-01-26,25,0.027
2016-01-27,15,0.016
2016-01-28,21,0.023
2016-01-29,33,0.036
2016-01-30,27,0.029
2016-01-31,32,0.035
2016-02-01,21,0.023
2016-02-02,27,0.029
2016-02-03,33,0.036
2016-02-04,19,0.021
2016-02-05,29,0.031
2016-02-06,34,0.037
2016-02-07,39,0.042
2016-02-08,28,0.03
2016-02-09,27,0.029
2016-02-10,33,0.036
2016-02-11,30,0.032
2016-02-12,16,0.017
2016-02-13,32,0.035
2016-02-14,32,0.035
2016-02-15,30,0.032
2016-02-16,18,0.019
2016-02-17,8,0.009
2016-02-18,46,0.05
2016-02-19,35,0.038
2016-02-20,37,0.04
2016-02-21,39,0.042
2016-02-22,31,0.033
2016-02-23,33,0.036
2016-02-24,37,0.04
2016-02-25,32,0.035
2016-02-26,36,0.039
2016-02-27,39,0.042
2016-02-28,40,0.043
2016-02-29,37,0.04
2016-03-01,34,0.037
2016-03-02,43,0.046
2016-03-03,25,0.027
2016-03-04,31,0.033
2016-03-05,26,0.028
2016-03-06,37,0.04
2016-03-07,30,0.032
2016-03-08,31,0.033
2016-03-09,39,0.042
2016-03-10,32,0.035
2016-03-11,32,0.035
2016-03-12,37,0.04
2016-03-13,38,0.041
2016-03-14,40,0.043
2016-03-15,39,0.042
2016-03-16,40,0.043
2016-03-17,29,0.031
2016-03-18,32,0.035
2016-03-19,38,0.041
2016-03-20,44,0.048
2016-03-21,41,0.044
2016-03-22,42,0.045
2016-03-23,21,0.023
2016-03-24,34,0.037
2016-03-25,40,0.043
2016-03-26,23,0.025
2016-03-27,45,0.049
2016-03-28,40,0.043
2016-03-29,26,0.028
2016-03-30,31,0.034
2016-03-31,28,0.03
2016-04-01,33,0.036
2016-04-02,41,0.044
2016-04-03,44,0.048
2016-04-04,43,0.046
2016-04-05,41,0.044
2016-04-06,41,0.044
2016-04-07,40,0.043
2016-04-08,40,0.043
2016-04-09,37,0.04
2016-04-10,41,0.044
2016-04-11,23,0.025
2016-04-12,39,0.042
2016-04-13,44,0.047
2016-04-14,36,0.039
2016-04-15,35,0.038
2016-04-16,28,0.03
2016-04-17,39,0.042
2016-04-18,36,0.039
2016-04-19,43,0.046
2016-04-20,39,0.042
2016-04-21,58,0.057
2016-04-22,49,0.053
2016-04-23,47,0.051
2016-04-24,49,0.053
2016-04-25,44,0.048
2016-04-26,30,0.032
2016-04-27,33,0.036
2016-04-28,21,0.023
2016-04-29,11,0.012
2016-04-30,31,0.034
2016-05-01,29,0.031
2016-05-02,44,0.047
2016-05-03,50,0.054
2016-05-04,49,0.053
2016-05-05,51,0.055
2016-05-06,44,0.047
2016-05-07,40,0.043
2016-05-08,39,0.042
2016-05-09,41,0.044
2016-05-10,38,0.041
2016-05-11,44,0.047
2016-05-12,48,0.052
2016-05-13,33,0.036
2016-05-14,22,0.024
2016-05-15,22,0.024
2016-05-17,11,0.012
2016-05-18,38,0.041
2016-05-19,49,0.053
2016-05-20,47,0.051
2016-05-21,64,0.059
2016-05-22,45,0.049
2016-05-23,44,0.047
2016-05-24,44,0.047
2016-05-25,48,0.052
2016-05-26,39,0.042
2016-05-27,36,0.039
2016-05-28,47,0.051
2016-05-29,47,0.051
2016-05-30,51,0.055
2016-05-31,34,0.037
2016-06-01,42,0.045
2016-06-02,54,0.056
2016-06-03,45,0.049
2016-06-04,48,0.052
2016-06-05,49,0.053
2016-06-06,46,0.05
2016-06-07,44,0.047
2016-06-08,58,0.057
2016-06-09,48,0.052
2016-06-10,44,0.048
2016-06-11,46,0.05
2016-06-12,46,0.05
2016-06-13,37,0.04
2016-06-14,44,0.048
2016-06-15,61,0.058
2016-06-16,112,0.074
2016-06-17,71,0.061
2016-06-18,77,0.063
2016-06-19,100,0.07
2016-06-20,35,0.038
2016-06-21,54,0.056
2016-06-22,44,0.047
2016-06-23,49,0.053
2016-06-24,47,0.051
2016-06-25,45,0.049
2016-06-26,84,0.065
2016-06-27,101,0.071
2016-06-28,61,0.058
2016-06-29,48,0.052
2016-06-30,44,0.047
2016-07-01,34,0.037
2016-07-02,48,0.052
2016-07-03,50,0.054
2016-07-04,58,0.057
2016-07-05,46,0.05
2016-07-06,46,0.05
2016-07-07,84,0.065
2016-07-08,45,0.049
2016-07-09,51,0.055
2016-07-10,61,0.058
2016-07-11,47,0.051
2016-07-12,67,0.06
2016-07-13,51,0.055
2016-07-14,84,0.065
2016-07-15,46,0.05
2016-07-16,84,0.065
2016-07-17,67,0.06
2016-07-18,44,0.047
2016-07-19,67,0.06
2016-07-20,47,0.051
2016-07-21,48,0.052
2016-07-22,77,0.063
2016-07-23,47,0.051
2016-07-24,48,0.052
2016-07-25,90,0.067
2016-07-26,44,0.047
2016-07-27,108,0.073
2016-07-28,50,0.054
2016-07-29,67,0.06
2016-07-30,84,0.065
2016-07-31,49,0.053
2016-08-01,50,0.054
2016-08-02,64,0.059
2016-08-03,77,0.063
2016-08-04,38,0.041
2016-08-05,43,0.046
2016-08-06,47,0.051
2016-08-07,74,0.062
2016-08-08,45,0.049
2016-08-09,48,0.052
2016-08-10,46,0.05
2016-08-11,50,0.054
2016-08-12,74,0.062
2016-08-13,67,0.06
2016-08-14,80,0.064
2016-08-15,46,0.05
2016-08-16,80,0.064
2016-08-17,49,0.053
2016-08-18,45,0.049
2016-08-19,38,0.041
2016-08-20,44,0.047
2016-08-21,48,0.052
2016-08-22,46,0.05
2016-08-23,43,0.046
2016-08-24,31,0.033
2016-08-25,37,0.04
2016-08-26,44,0.048
2016-08-27,51,0.055
2016-08-28,49,0.053
2016-08-29,33,0.036
2016-08-30,46,0.05
2016-08-31,45,0.049
2016-09-01,44,0.048
2016-09-02,37,0.04
2016-09-03,44,0.047
2016-09-04,38,0.041
2016-09-05,40,0.043
2016-09-06,35,0.038
2016-09-07,37,0.04
2016-09-08,44,0.048
2016-09-09,36,0.039
2016-09-10,45,0.049
2016-09-11,45,0.049
2016-09-12,33,0.036
2016-09-13,17,0.018
2016-09-14,27,0.029
2016-09-15,33,0.036
2016-09-16,44,0.047
2016-09-17,46,0.05
2016-09-18,36,0.039
2016-09-19,38,0.041
2016-09-20,38,0.041
2016-09-21,34,0.037
2016-09-22,34,0.037
2016-09-23,49,0.053
2016-09-24,40,0.043
2016-09-25,40,0.043
2016-09-26,39,0.042
2016-09-27,33,0.036
2016-09-28,38,0.041
2016-09-29,39,0.042
2016-09-30,22,0.024
2016-10-01,42,0.045
2016-10-02,41,0.044
2016-10-03,45,0.049
2016-10-04,39,0.042
2016-10-05,36,0.039
2016-10-06,29,0.031
2016-10-07,31,0.034
2016-10-08,36,0.039
2016-10-09,31,0.033
2016-10-10,27,0.029
2016-10-11,32,0.035
2016-10-12,2,0.002
2016-10-13,27,0.029
2016-10-14,18,0.019
2016-10-15,36,0.039
2016-10-16,36,0.039
2016-10-17,31,0.034
2016-10-18,31,0.033
2016-10-19,33,0.036
2016-10-20,31,0.034
2016-10-21,29,0.031
2016-10-22,33,0.036
2016-10-23,28,0.03
2016-10-24,30,0.032
2016-10-25,19,0.02
2016-10-26,29,0.031
2016-10-27,23,0.025
2016-10-28,20,0.022
2016-10-29,26,0.028
2016-10-30,25,0.027
2016-10-31,28,0.03
2016-11-01,28,0.03
2016-11-02,28,0.03
2016-11-03,27,0.029
2016-11-04,22,0.024
2016-11-05,23,0.025
2016-11-06,32,0.035
2016-11-07,26,0.028
2016-11-08,31,0.033
2016-11-14,32,0.035
2016-11-15,31,0.033
2016-11-16,30,0.032
2016-11-20,17,0.018
2016-11-21,23,0.025
2016-11-22,22,0.024
2016-11-23,13,0.014
2016-11-24,38,0.041
2016-11-25,30,0.032
2016-11-26,32,0.035
2016-11-27,39,0.042
2016-11-28,33,0.036
2016-11-29,22,0.024
2016-11-30,25,0.027
2016-12-01,19,0.021
2016-12-02,19,0.021
2016-12-03,18,0.019
2016-12-04,29,0.031
2016-12-05,32,0.035
2016-12-06,27,0.029
2016-12-07,15,0.016
2016-12-08,8,0.009
2016-12-09,6,0.006
2016-12-10,18,0.019
2016-12-11,27,0.029
2016-12-12,18,0.019
2016-12-13,21,0.023
2016-12-14,14,0.015
2016-12-15,10,0.011
2016-12-16,21,0.023
2016-12-17,22,0.024
2016-12-18,16,0.017
2016-12-19,31,0.033
2016-12-20,14,0.015
2016-12-21,26,0.028
2016-12-22,7,0.008
2016-12-23,17,0.018
2016-12-24,10,0.011
2016-12-25,38,0.041
2016-12-26,31,0.033
2016-12-27,26,0.028
2016-12-28,31,0.034
2016-12-29,21,0.023
2016-12-30,32,0.035
2016-12-31,18,0.019
2017-01-01,22,0.024
2017-01-02,23,0.025
2017-01-03,16,0.017
2017-01-04,16,0.017
2017-01-05,21,0.023
2017-01-06,20,0.022
2017-01-07,18,0.019
2017-01-08,9,0.01
2017-01-09,33,0.036
2017-01-10,37,0.04
2017-01-11,21,0.023
2017-01-12,9,0.01
2017-01-13,6,0.006
2017-01-14,2,0.002
2017-01-15,12,0.013
2017-01-16,17,0.018
2017-01-17,9,0.01
2017-01-18,17,0.018
2017-01-19,19,0.02
2017-01-20,22,0.024
2017-01-21,21,0.023
2017-01-22,40,0.043
2017-01-23,25,0.027
2017-01-24,24,0.026
2017-01-25,23,0.025
2017-01-26,27,0.029
2017-01-27,27,0.029
2017-01-28,28,0.03
2017-01-29,35,0.038
2017-01-30,33,0.036
2017-01-31,23,0.025
2017-02-01,17,0.018
2017-02-02,10,0.011
2017-02-03,19,0.02
2017-02-04,41,0.044
2017-02-05,30,0.032
2017-02-06,35,0.038
2017-02-07,7,0.008
2017-02-08,40,0.043
2017-02-09,13,0.014
2017-02-10,27,0.029
2017-02-11,35,0.038
2017-02-12,32,0.035
2017-02-13,24,0.026
2017-02-14,33,0.036
2017-02-15,32,0.035
2017-02-16,32,0.035
2017-02-17,35,0.038
2017-02-18,30,0.032
2017-02-19,40,0.043
2017-02-20,41,0.044
2017-02-21,35,0.038
2017-02-22,36,0.039
2017-02-23,24,0.026
2017-02-24,23,0.025
2017-02-25,42,0.045
2017-02-26,44,0.047
2017-02-27,39,0.042
2017-02-28,35,0.038
2017-03-01,39,0.042
2017-03-02,40,0.043
2017-03-03,32,0.035
2017-03-04,44,0.048
2017-03-05,46,0.05
2017-03-06,44,0.047
2017-03-07,42,0.045
2017-03-08,37,0.04
2017-03-09,34,0.037
2017-03-10,14,0.015
2017-03-11,21,0.023
2017-03-12,39,0.042
2017-03-13,24,0.026
2017-03-14,38,0.041
2017-03-15,41,0.044
2017-03-16,40,0.043
2017-03-17,41,0.044
2017-03-18,46,0.05
2017-03-19,51,0.055
2017-03-20,34,0.037
2017-03-21,34,0.037
2017-03-22,33,0.036
2017-03-23,44,0.047
2017-03-24,35,0.038
2017-03-25,47,0.051
2017-03-26,31,0.034
2017-03-27,39,0.042
2017-03-28,20,0.022
2017-03-29,36,0.039
2017-03-30,31,0.034
2017-03-31,15,0.016
2017-04-01,16,0.017
2017-04-02,49,0.053
2017-04-03,44,0.048
2017-04-04,30,0.032
2017-04-05,44,0.048
2017-04-06,46,0.05
2017-04-07,37,0.04
2017-04-08,42,0.045
2017-04-09,74,0.062
2017-04-10,47,0.051
2017-04-11,49,0.053
2017-04-12,54,0.056
2017-04-13,46,0.05
2017-04-14,49,0.053
2017-04-15,50,0.054
2017-04-16,67,0.06
2017-04-17,46,0.05
2017-04-18,44,0.047
2017-04-19,46,0.05
2017-04-20,39,0.042
2017-04-21,35,0.038
2017-04-22,46,0.05
2017-04-23,67,0.06
2017-04-24,46,0.05
2017-04-25,43,0.046
2017-04-26,35,0.038
2017-04-27,49,0.053
2017-04-28,47,0.051
2017-04-29,44,0.047
2017-04-30,51,0.055
2017-05-01,44,0.047
2017-05-02,32,0.035
2017-05-03,38,0.041
2017-05-04,48,0.052
2017-05-05,48,0.052
2017-05-06,48,0.052
2017-05-07,44,0.047
2017-05-08,29,0.031
2017-05-09,33,0.036
2017-05-10,27,0.029
2017-05-11,21,0.023
2017-05-12,48,0.052
2017-05-13,54,0.056
2017-05-14,58,0.057
2017-05-15,47,0.051
2017-05-16,46,0.05
2017-05-17,45,0.049
2017-05-18,16,0.017
2017-05-19,29,0.031
2017-05-20,43,0.046
2017-05-21,50,0.054
2017-05-22,44,0.047
2017-05-23,42,0.045
2017-05-24,39,0.042
2017-05-25,37,0.04
2017-05-26,40,0.043
2017-05-27,40,0.043
2017-05-28,47,0.051
2017-05-29,47,0.051
2017-05-30,61,0.058
2017-05-31,50,0.054
2017-06-01,44,0.048
2017-06-02,44,0.047
2017-06-03,74,0.062
2017-06-04,84,0.065
2017-06-05,43,0.046
2017-06-06,61,0.058
2017-06-07,54,0.056
2017-06-08,61,0.058
2017-06-09,61,0.058
2017-06-10,46,0.05
2017-06-11,48,0.052
2017-06-12,42,0.045
2017-06-13,61,0.058
2017-06-14,49,0.053
2017-06-15,71,0.061
2017-06-16,44,0.047
2017-06-17,37,0.04
2017-06-18,58,0.057
2017-06-19,47,0.051
2017-06-20,44,0.047
2017-06-21,46,0.05
2017-06-22,41,0.044
2017-06-23,31,0.033
2017-06-24,58,0.057
2017-06-25,46,0.05
2017-06-26,54,0.056
2017-06-27,50,0.054
2017-06-28,45,0.049
2017-06-29,49,0.053
2017-06-30,54,0.056
2017-07-01,90,0.067
2017-07-02,74,0.062
2017-07-03,74,0.062
2017-07-04,71,0.061
2017-07-05,87,0.066
2017-07-06,77,0.063
2017-07-07,80,0.064
2017-07-08,67,0.06
2017-07-09,61,0.058
2017-07-10,48,0.052
2017-07-11,64,0.059
2017-07-12,41,0.044
2017-07-13,71,0.061
2017-07-14,54,0.056
2017-07-15,49,0.053
2017-07-16,74,0.062
2017-07-17,50,0.054
2017-07-18,50,0.054
2017-07-19,46,0.05
2017-07-20,74,0.062
2017-07-21,64,0.059
2017-07-22,93,0.068
2017-07-23,87,0.066
2017-07-24,84,0.065
2017-07-25,42,0.045
2017-07-26,45,0.049
2017-07-27,80,0.064
2017-07-28,49,0.053
2017-07-29,36,0.039
2017-07-30,67,0.06
2017-07-31,64,0.059
2017-08-01,54,0.056
2017-08-02,49,0.053
2017-08-03,24,0.026
2017-08-04,54,0.056
2017-08-05,64,0.059
2017-08-06,45,0.049
2017-08-07,24,0.026
2017-08-08,34,0.037
2017-08-09,49,0.053
2017-08-10,44,0.047
2017-08-11,48,0.052
2017-08-12,49,0.053
2017-08-13,50,0.054
2017-08-14,44,0.048
2017-08-15,44,0.048
2017-08-16,46,0.05
2017-08-17,47,0.051
2017-08-18,80,0.064
2017-08-19,47,0.051
2017-08-20,47,0.051
2017-08-21,46,0.05
2017-08-22,84,0.065
2017-08-23,50,0.054
2017-08-24,44,0.047
2017-08-25,51,0.055
2017-08-26,49,0.053
2017-08-27,77,0.063
2017-08-28,64,0.059
2017-08-29,61,0.058
2017-08-30,54,0.056
2017-08-31,45,0.049
2017-09-01,47,0.051
2017-09-02,90,0.067
2017-09-03,51,0.055
2017-09-04,97,0.069
2017-09-05,34,0.037
2017-09-06,61,0.058
2017-09-07,50,0.054
2017-09-08,58,0.057
2017-09-09,47,0.051
2017-09-10,67,0.06
2017-09-11,48,0.052
2017-09-12,51,0.055
2017-09-13,44,0.048
2017-09-14,31,0.034
2017-09-15,48,0.052
2017-09-16,35,0.038
2017-09-17,39,0.042
2017-09-18,44,0.047
2017-09-19,49,0.053
2017-09-20,40,0.043
2017-09-21,36,0.039
2017-09-22,33,0.036
2017-09-23,19,0.021
2017-09-24,19,0.02
2017-09-25,10,0.011
2017-09-26,21,0.023
2017-09-27,20,0.022
2017-09-28,28,0.03
2017-09-29,25,0.027
2017-09-30,35,0.038
2017-10-01,41,0.044
2017-10-02,25,0.027
2017-10-03,31,0.034
2017-10-04,22,0.024
2017-10-05,35,0.038
2017-10-06,37,0.04
2017-10-07,34,0.037
2017-10-08,33,0.036
2017-10-09,19,0.02
2017-10-10,27,0.029
2017-10-11,18,0.019
2017-10-12,34,0.037
2017-10-13,27,0.029
2017-10-14,37,0.04
2017-10-15,31,0.033
2017-10-16,25,0.027
2017-10-17,30,0.032
2017-10-18,26,0.028
2017-10-19,19,0.02
2017-10-20,35,0.038
2017-10-21,38,0.041
2017-10-22,35,0.038
2017-10-23,33,0.036
2017-10-24,31,0.034
2017-10-25,32,0.035
2017-10-26,21,0.023
2017-10-27,21,0.023
2017-10-28,20,0.022
2017-10-29,31,0.033
2017-10-30,17,0.018
2017-10-31,15,0.016
2017-11-01,12,0.013
2017-11-02,15,0.016
2017-11-03,9,0.01
2017-11-04,25,0.027
2017-11-05,22,0.024
2017-11-06,15,0.016
2017-11-07,3,0.003
2017-11-08,18,0.019
2017-11-09,8,0.009
2017-11-11,6,0.006
2017-11-12,22,0.024
2017-11-13,26,0.028
2017-11-14,23,0.025
2017-11-15,21,0.023
2017-11-16,23,0.025
2017-11-17,32,0.035
2017-11-18,33,0.036
2017-11-19,28,0.03
2017-11-20,29,0.031
2017-11-21,22,0.024
2017-11-22,14,0.015
2017-11-23,21,0.023
2017-11-24,21,0.023
2017-11-25,28,0.03
2017-11-26,19,0.02
2017-11-27,25,0.027
2017-11-28,23,0.025
2017-11-29,27,0.029
2017-11-30,12,0.013
2017-12-01,19,0.02
2017-12-02,21,0.023
2017-12-03,34,0.037
2017-12-04,29,0.031
2017-12-05,22,0.024
2017-12-06,26,0.028
2017-12-07,20,0.022
2017-12-08,27,0.029
2017-12-09,23,0.025
2017-12-10,25,0.027
2017-12-11,19,0.021
2017-12-12,18,0.019
2017-12-13,30,0.032
2017-12-14,26,0.028
2017-12-15,22,0.024
2017-12-16,21,0.023
2017-12-17,16,0.017
2017-12-18,14,0.015
2017-12-19,14,0.015
2017-12-20,26,0.028
2017-12-21,11,0.012
2017-12-22,17,0.018
2017-12-23,19,0.02
2017-12-24,13,0.014
2017-12-25,26,0.028
2017-12-26,13,0.014
2017-12-27,13,0.014
2017-12-28,13,0.014
2017-12-29,13,0.014
2017-12-30,18,0.019
2017-12-31,15,0.016
2018-01-01,7,0.008
2018-01-02,21,0.023
2018-01-03,19,0.021
2018-01-04,22,0.024
2018-01-05,4,0.004
2018-01-06,4,0.004
2018-01-07,27,0.029
2018-01-08,1,0.001
2018-01-09,13,0.014
2018-01-10,13,0.014
2018-01-11,29,0.031
2018-01-12,19,0.02
2018-01-13,29,0.031
2018-01-14,25,0.027
2018-01-15,31,0.033
2018-01-16,21,0.023
2018-01-17,19,0.021
2018-01-18,21,0.023
2018-01-19,11,0.012
2018-01-20,19,0.02
2018-01-21,28,0.03
2018-01-22,30,0.032
2018-01-23,31,0.033
2018-01-24,23,0.025
2018-01-25,25,0.027
2018-01-26,32,0.035
2018-01-27,31,0.033
2018-01-28,32,0.035
2018-01-29,23,0.025
2018-01-30,15,0.016
2018-01-31,31,0.033
2018-02-01,19,0.021
2018-02-02,14,0.015
2018-02-03,40,0.043
2018-02-04,16,0.017
2018-02-05,31,0.033
2018-02-06,27,0.029
2018-02-07,29,0.031
2018-02-08,28,0.03
2018-02-09,13,0.014
2018-02-10,14,0.015
2018-02-11,33,0.036
2018-02-12,12,0.013
2018-02-13,23,0.025
2018-02-14,32,0.035
2018-02-15,29,0.031
2018-02-16,29,0.031
2018-02-17,36,0.039
2018-02-18,40,0.043
2018-02-19,24,0.026
2018-02-20,19,0.021
2018-02-21,16,0.017
2018-02-22,19,0.02
2018-02-23,23,0.025
2018-02-24,41,0.044
2018-02-25,41,0.044
2018-02-26,30,0.032
2018-02-27,28,0.03
2018-02-28,39,0.042
2018-03-01,25,0.027
2018-03-02,33,0.036
2018-03-03,33,0.036
2018-03-04,45,0.049
2018-03-05,41,0.044
2018-03-06,39,0.042
2018-03-07,34,0.037
2018-03-08,35,0.038
2018-03-09,37,0.04
2018-03-10,40,0.043
2018-03-11,44,0.047
2018-03-12,39,0.042
2018-03-13,42,0.045
2018-03-14,45,0.049
2018-03-15,38,0.041
2018-03-16,42,0.045
2018-03-17,44,0.048
2018-03-18,37,0.04
2018-03-19,35,0.038
2018-03-20,42,0.045
2018-03-21,41,0.044
2018-03-22,34,0.037
2018-03-23,40,0.043
2018-03-24,44,0.047
2018-03-25,39,0.042
2018-03-26,34,0.037
2018-03-27,40,0.043
2018-03-28,25,0.027
2018-03-29,34,0.037
2018-03-30,37,0.04
2018-03-31,36,0.039
2018-04-01,30,0.032
2018-04-02,45,0.049
2018-04-03,44,0.048
2018-04-04,43,0.046
2018-04-05,36,0.039
2018-04-06,27,0.029
2018-04-07,30,0.032
2018-04-08,47,0.051
2018-04-09,36,0.039
2018-04-10,42,0.045
2018-04-11,44,0.047
2018-04-12,44,0.047
2018-04-13,37,0.04
2018-04-14,46,0.05
2018-04-15,48,0.052
2018-04-16,49,0.053
2018-04-17,71,0.061
2018-04-18,45,0.049
2018-04-19,44,0.047
2018-04-20,33,0.036
2018-04-21,24,0.026
2018-04-22,37,0.04
2018-04-23,41,0.044
2018-04-24,31,0.034
2018-04-25,47,0.051
2018-04-26,49,0.053
2018-04-27,64,0.059
2018-04-28,51,0.055
2018-04-29,45,0.049
2018-04-30,46,0.05
2018-05-01,45,0.049
2018-05-02,31,0.033
2018-05-03,30,0.032
2018-05-04,49,0.053
2018-05-05,51,0.055
2018-05-06,71,0.061
2018-05-07,40,0.043
2018-05-08,64,0.059
2018-05-09,58,0.057
2018-05-10,47,0.051
2018-05-11,37,0.04
2018-05-12,17,0.018
2018-05-13,25,0.027
2018-05-14,40,0.043
2018-05-15,50,0.054
2018-05-16,51,0.055
2018-05-17,67,0.06
2018-05-18,37,0.04
2018-05-19,34,0.037
2018-05-20,34,0.037
2018-05-21,46,0.05
2018-05-22,64,0.059
2018-05-23,50,0.054
2018-05-24,80,0.064
2018-05-25,77,0.063
2018-05-26,90,0.067
2018-05-27,46,0.05
2018-05-28,48,0.052
2018-05-29,49,0.053
2018-05-30,64,0.059
2018-05-31,47,0.051
2018-06-01,58,0.057
2018-06-02,74,0.062
2018-06-03,51,0.055
2018-06-04,46,0.05
2018-06-05,61,0.058
2018-06-06,87,0.066
2018-06-07,42,0.045
2018-06-08,48,0.052
2018-06-09,61,0.058
2018-06-10,49,0.053
2018-06-11,45,0.049
2018-06-12,61,0.058
2018-06-13,71,0.061
2018-06-14,36,0.039
2018-06-15,47,0.051
2018-06-16,58,0.057
2018-06-17,30,0.032
2018-06-18,40,0.043
2018-06-19,41,0.044
2018-06-20,54,0.056
2018-06-21,51,0.055
2018-06-22,43,0.046
2018-06-23,74,0.062
2018-06-24,46,0.05
2018-06-25,77,0.063
2018-06-26,74,0.062
2018-06-27,48,0.052
2018-06-28,44,0.048
2018-06-29,58,0.057
2018-06-30,43,0.046
2018-07-01,80,0.064
2018-07-02,51,0.055
2018-07-03,48,0.052
2018-07-04,87,0.066
2018-07-05,33,0.036
2018-07-06,129,0.079
2018-07-07,84,0.065
2018-07-08,67,0.06
2018-07-09,64,0.059
2018-07-10,100,0.07
2018-07-11,80,0.064
2018-07-12,61,0.058
2018-07-13,74,0.062
2018-07-14,105,0.072
2018-07-15,29,0.031
2018-07-16,112,0.074
2018-07-17,100,0.07
2018-07-18,101,0.071
2018-07-19,84,0.065
2018-07-20,48,0.052
2018-07-21,87,0.066
2018-07-22,71,0.061
2018-07-23,36,0.039
2018-07-24,71,0.061
2018-07-25,49,0.053
2018-07-26,51,0.055
2018-07-27,45,0.049
2018-07-28,48,0.052
2018-07-29,51,0.055
2018-07-30,61,0.058
2018-07-31,77,0.063
2018-08-01,58,0.057
2018-08-02,93,0.068
2018-08-03,49,0.053
2018-08-04,50,0.054
2018-08-05,46,0.05
2018-08-06,48,0.052
2018-08-07,51,0.055
2018-08-08,74,0.062
2018-08-09,58,0.057
2018-08-10,71,0.061
2018-08-11,67,0.06
2018-08-12,51,0.055
2018-08-13,74,0.062
2018-08-14,58,0.057
2018-08-15,74,0.062
2018-08-16,71,0.061
2018-08-17,74,0.062
2018-08-18,43,0.046
2018-08-19,46,0.05
2018-08-20,64,0.059
2018-08-21,31,0.033
2018-08-22,49,0.053
2018-08-23,44,0.047
2018-08-24,84,0.065
2018-08-25,64,0.059
2018-08-26,46,0.05
2018-08-27,36,0.039
2018-08-28,38,0.041
2018-08-29,45,0.049
2018-08-30,37,0.04
2018-08-31,31,0.034
2018-09-01,41,0.044
2018-09-02,64,0.059
2018-09-03,50,0.054
2018-09-04,58,0.057
2018-09-05,27,0.029
2018-09-06,33,0.036
2018-09-07,41,0.044
2018-09-08,64,0.059
2018-09-09,44,0.047
2018-09-10,43,0.046
2018-09-11,35,0.038
2018-09-12,39,0.042
2018-09-13,34,0.037
2018-09-14,36,0.039
2018-09-15,45,0.049
2018-09-16,44,0.047
2018-09-17,39,0.042
2018-09-18,41,0.044
2018-09-19,37,0.04
2018-09-20,41,0.044
2018-09-21,44,0.048
2018-09-22,45,0.049
2018-09-23,47,0.051
2018-09-24,36,0.039
2018-09-25,39,0.042
2018-09-26,35,0.038
2018-09-27,39,0.042
2018-09-28,19,0.021
2018-09-29,24,0.026
2018-09-30,19,0.02
2018-10-01,5,0.005
2018-10-02,18,0.019
2018-10-03,25,0.027
2018-10-04,26,0.028
2018-10-05,26,0.028
2018-10-06,23,0.025
2018-10-07,14,0.015
2018-10-08,6,0.007
2018-10-09,7,0.008
2018-10-10,13,0.014
2018-10-11,6,0.007
2018-10-12,25,0.027
2018-10-13,34,0.037
2018-10-14,29,0.031
2018-10-15,32,0.035
2018-10-16,31,0.033
2018-10-17,30,0.032
2018-10-18,29,0.031
2018-10-19,36,0.039
2018-10-20,37,0.04
2018-10-21,39,0.042
2018-10-22,33,0.036
2018-10-23,15,0.016
2018-10-24,24,0.026
2018-10-25,30,0.032
2018-10-26,31,0.034
2018-10-27,24,0.026
2018-10-28,28,0.03
2018-10-29,32,0.035
2018-10-30,25,0.027
2018-10-31,30,0.032
2018-11-01,33,0.036
2018-11-02,32,0.035
2018-11-03,30,0.032
2018-11-04,36,0.039
2018-11-05,37,0.04
2018-11-06,36,0.039
2018-11-07,18,0.019
2018-11-08,17,0.018
2018-11-09,12,0.013
2018-11-10,32,0.035
2018-11-11,27,0.029
2018-11-12,24,0.026
2018-11-13,20,0.022
2018-11-14,19,0.021
2018-11-15,21,0.023
2018-11-16,22,0.024
2018-11-17,12,0.013
2018-11-18,19,0.021
2018-11-19,27,0.029
2018-11-20,24,0.026
2018-11-21,29,0.031
2018-11-22,36,0.039
2018-11-23,35,0.038
2018-11-24,31,0.034
2018-11-25,31,0.033
2018-11-26,5,0.005
2018-11-27,19,0.021
2018-11-28,29,0.031
2018-11-29,19,0.02
2018-11-30,8,0.009
2018-12-01,25,0.027
2018-12-02,27,0.029
2018-12-03,16,0.017
2018-12-04,29,0.031
2018-12-05,23,0.025
2018-12-06,15,0.016
2018-12-07,17,0.018
2018-12-08,24,0.026
2018-12-09,25,0.027
2018-12-10,20,0.022
2018-12-11,28,0.03
2018-12-12,30,0.032
2018-12-13,26,0.028
2018-12-14,23,0.025
2018-12-15,12,0.013
2018-12-16,26,0.028
2018-12-18,31,0.034
2018-12-19,31,0.033
2018-12-20,19,0.02
2018-12-21,32,0.035
2018-12-22,28,0.03
2018-12-23,31,0.034
2018-12-24,31,0.034
2018-12-25,24,0.026
2018-12-26,16,0.017
2018-12-27,28,0.03
2018-12-28,19,0.021
2018-12-29,22,0.024
2018-12-30,28,0.03
2018-12-31,15,0.016
2019-01-01,18,0.019
2019-01-02,20,0.022
2019-01-03,21,0.023
2019-01-04,22,0.024
2019-01-05,11,0.012
2019-01-06,30,0.032
2019-01-07,35,0.038
2019-01-08,16,0.017
2019-01-09,6,0.006
2019-01-10,9,0.01
2019-01-11,14,0.015
2019-01-12,22,0.024
2019-01-13,27,0.029
2019-01-15,3,0.003
2019-01-16,26,0.028
2019-01-17,22,0.024
2019-01-18,17,0.018
2019-01-19,22,0.024
2019-01-20,22,0.024
2019-01-21,27,0.029
2019-01-22,29,0.031
2019-01-23,31,0.034
2019-01-24,23,0.025
2019-01-25,24,0.026
2019-01-26,32,0.035
2019-01-27,29,0.031
2019-01-28,27,0.029
2019-01-29,19,0.021
2019-01-30,22,0.024
2019-01-31,23,0.025
2019-02-01,29,0.031
2019-02-02,33,0.036
2019-02-03,31,0.034
2019-02-04,23,0.025
2019-02-05,7,0.008
2019-02-06,16,0.017
2019-02-07,15,0.016
2019-02-08,8,0.009
2019-02-09,15,0.016
2019-02-10,19,0.02
2019-02-11,28,0.03
2019-02-12,31,0.033
2019-02-13,29,0.031
2019-02-14,26,0.028
2019-02-15,26,0.028
2019-02-16,35,0.038
2019-02-17,32,0.035
2019-02-18,21,0.023
2019-02-19,17,0.018
2019-02-20,36,0.039
2019-02-21,30,0.032
2019-02-22,11,0.012
2019-02-23,39,0.042
2019-02-24,43,0.046
2019-02-25,23,0.025
2019-02-26,8,0.009
2019-02-27,12,0.013
2019-02-28,18,0.019
2019-03-01,31,0.033
2019-03-02,33,0.036
2019-03-03,33,0.036
2019-03-04,36,0.039
2019-03-05,31,0.033
2019-03-06,26,0.028
2019-03-07,24,0.026
2019-03-08,33,0.036
2019-03-09,42,0.045
2019-03-10,32,0.035
2019-03-11,30,0.032
2019-03-12,25,0.027
2019-03-13,39,0.042
2019-03-14,41,0.044
2019-03-15,44,0.047
2019-03-16,44,0.048
2019-03-17,44,0.048
2019-03-18,28,0.03
2019-03-19,44,0.048
2019-03-20,43,0.046
2019-03-21,38,0.041
2019-03-22,35,0.038
2019-03-23,38,0.041
2019-03-24,42,0.045
2019-03-25,44,0.048
2019-03-26,39,0.042
2019-03-27,45,0.049
2019-03-28,31,0.033
2019-03-29,26,0.028
2019-03-30,38,0.041
2019-03-31,38,0.041
2019-04-01,41,0.044
2019-04-02,27,0.029
2019-04-03,35,0.038
2019-04-04,44,0.047
2019-04-05,46,0.05
2019-04-06,46,0.05
2019-04-07,44,0.048
2019-04-08,39,0.042
2019-04-09,33,0.036
2019-04-10,27,0.029
2019-04-11,37,0.04
2019-04-12,35,0.038
2019-04-13,30,0.032
2019-04-14,44,0.048
2019-04-15,46,0.05
2019-04-16,36,0.039
2019-04-17,43,0.046
2019-04-18,42,0.045
2019-04-19,44,0.048
2019-04-20,48,0.052
2019-04-21,45,0.049
2019-04-22,26,0.028
2019-04-23,41,0.044
2019-04-24,42,0.045
2019-04-25,58,0.057
2019-04-26,39,0.042
2019-04-27,43,0.046
2019-04-28,42,0.045
2019-04-29,26,0.028
2019-04-30,13,0.014
2019-05-01,24,0.026
2019-05-02,42,0.045
2019-05-03,61,0.058
2019-05-04,58,0.057
2019-05-05,51,0.055
2019-05-06,39,0.042
2019-05-07,8,0.009
2019-05-08,25,0.027
2019-05-09,31,0.033
2019-05-10,30,0.032
2019-05-11,45,0.049
2019-05-12,50,0.054
2019-05-13,50,0.054
2019-05-14,61,0.058
2019-05-15,49,0.053
2019-05-16,44,0.048
2019-05-17,40,0.043
2019-05-18,44,0.047
2019-05-19,28,0.03
2019-05-20,11,0.012
2019-05-21,26,0.028
2019-05-22,30,0.032
2019-05-23,23,0.025
2019-05-24,61,0.058
2019-05-25,51,0.055
2019-05-26,46,0.05
2019-05-27,50,0.054
2019-05-28,64,0.059
2019-05-29,58,0.057
2019-05-30,61,0.058
2019-05-31,54,0.056
2019-06-01,49,0.053
2019-06-02,54,0.056
2019-06-03,44,0.048
2019-06-04,50,0.054
2019-06-05,71,0.061
2019-06-06,77,0.063
2019-06-07,46,0.05
2019-06-08,46,0.05
2019-06-09,44,0.047
2019-06-10,46,0.05
2019-06-11,44,0.047
2019-06-12,48,0.052
2019-06-13,45,0.049
2019-06-14,44,0.048
2019-06-15,51,0.055
2019-06-16,77,0.063
2019-06-17,43,0.046
2019-06-18,38,0.041
2019-06-19,49,0.053
2019-06-20,44,0.048
2019-06-21,39,0.042
2019-06-22,44,0.048
2019-06-23,38,0.041
2019-06-24,49,0.053
2019-06-25,45,0.049
2019-06-26,45,0.049
2019-06-27,45,0.049
2019-06-28,61,0.058
2019-06-29,48,0.052
2019-06-30,47,0.051
2019-07-01,41,0.044
2019-07-02,47,0.051
2019-07-03,48,0.052
2019-07-04,54,0.056
2019-07-05,45,0.049
2019-07-06,54,0.056
2019-07-07,48,0.052
2019-07-08,41,0.044
2019-07-09,48,0.052
2019-07-10,50,0.054
2019-07-11,51,0.055
2019-07-12,71,0.061
2019-07-13,84,0.065
2019-07-14,44,0.048
2019-07-15,44,0.048
2019-07-16,58,0.057
2019-07-17,77,0.063
2019-07-18,84,0.065
2019-07-19,93,0.068
2019-07-20,40,0.043
2019-07-21,71,0.061
2019-07-22,71,0.061
2019-07-23,108,0.073
2019-07-24,80,0.064
2019-07-25,61,0.058
2019-07-26,51,0.055
2019-07-27,71,0.061
2019-07-28,47,0.051
2019-07-29,50,0.054
2019-07-30,50,0.054
2019-07-31,80,0.064
2019-08-01,46,0.05
2019-08-02,58,0.057
2019-08-03,71,0.061
2019-08-04,67,0.06
2019-08-05,64,0.059
2019-08-06,90,0.067
2019-08-07,97,0.069
2019-08-08,61,0.058
2019-08-09,67,0.06
2019-08-10,54,0.056
2019-08-11,45,0.049
2019-08-12,67,0.06
2019-08-13,71,0.061
2019-08-14,58,0.057
2019-08-15,40,0.043
2019-08-16,74,0.062
2019-08-17,46,0.05
2019-08-18,64,0.059
2019-08-19,61,0.058
2019-08-20,74,0.062
2019-08-21,64,0.059
2019-08-22,58,0.057
2019-08-23,61,0.058
2019-08-24,67,0.06
2019-08-25,43,0.046
2019-08-26,61,0.058
2019-08-27,47,0.051
2019-08-28,51,0.055
2019-08-29,42,0.045
2019-08-30,87,0.066
2019-08-31,67,0.06
2019-09-01,61,0.058
2019-09-02,61,0.058
2019-09-03,42,0.045
2019-09-04,38,0.041
2019-09-05,49,0.053
2019-09-06,43,0.046
2019-09-07,54,0.056
2019-09-08,44,0.048
2019-09-09,64,0.059
2019-09-10,80,0.064
2019-09-11,46,0.05
2019-09-12,47,0.051
2019-09-14,20,0.022
2019-09-15,49,0.053
2019-09-16,49,0.053
2019-09-17,40,0.043
2019-09-18,38,0.041
2019-09-19,45,0.049
2019-09-20,31,0.034
2019-09-21,44,0.048
2019-09-22,44,0.048
2019-09-23,30,0.032
2019-09-24,46,0.05
2019-09-25,42,0.045
2019-09-26,29,0.031
2019-09-27,33,0.036
2019-09-28,37,0.04
2019-09-29,38,0.041
2019-09-30,36,0.039
2019-10-01,5,0.005
2019-10-02,14,0.015
2019-10-03,30,0.032
2019-10-04,28,0.03
2019-10-05,41,0.044
2019-10-06,41,0.044
2019-10-07,41,0.044
2019-10-08,42,0.045
2019-10-09,33,0.036
2019-10-10,16,0.017
2019-10-11,31,0.033
2019-10-12,32,0.035
2019-10-13,43,0.046
2019-10-14,39,0.042
2019-10-15,31,0.034
2019-10-16,26,0.028
2019-10-17,25,0.027
2019-10-18,33,0.036
2019-10-19,38,0.041
2019-10-20,34,0.037
2019-10-21,34,0.037
2019-10-22,32,0.035
2019-10-23,31,0.034
2019-10-24,25,0.027
2019-10-25,31,0.033
2019-10-26,32,0.035
2019-10-27,25,0.027
2019-10-28,18,0.019
2019-10-29,22,0.024
2019-10-30,22,0.024
2019-10-31,8,0.009
2019-11-01,30,0.032
2019-11-02,21,0.023
2019-11-03,27,0.029
2019-11-04,20,0.022
2019-11-05,12,0.013
2019-11-06,14,0.015
2019-11-07,10,0.011
2019-11-08,24,0.026
2019-11-09,30,0.032
2019-11-10,32,0.035
2019-11-11,17,0.018
2019-11-12,21,0.023
2019-11-13,31,0.033
2019-11-14,28,0.03
2019-11-15,12,0.013
2019-11-16,34,0.037
2019-11-17,29,0.031
2019-11-18,26,0.028
2019-11-19,17,0.018
2019-11-20,18,0.019
2019-11-21,7,0.008
2019-11-22,12,0.013
2019-11-23,26,0.028
2019-11-24,34,0.037
2019-11-25,20,0.022
2019-11-26,23,0.025
2019-11-27,15,0.016
2019-11-28,21,0.023
2019-11-29,18,0.019
2019-11-30,33,0.036
2019-12-01,15,0.016
2019-12-02,12,0.013
2019-12-03,32,0.035
2019-12-04,6,0.007
2019-12-05,11,0.012
2019-12-06,6,0.007
2019-12-07,27,0.029
2019-12-08,30,0.032
2019-12-09,20,0.022
2019-12-10,18,0.019
2019-12-11,20,0.022
2019-12-12,24,0.026
2019-12-13,35,0.038
2019-12-14,26,0.028
2019-12-15,32,0.035
2019-12-16,24,0.026
2019-12-17,26,0.028
2019-12-18,20,0.022
2019-12-19,14,0.015
2019-12-20,23,0.025
2019-12-21,32,0.035
2019-12-22,30,0.032
2019-12-23,17,0.018
2019-12-24,14,0.015
2019-12-25,31,0.034
2019-12-26,13,0.014
2019-12-27,13,0.014
2019-12-28,30,0.032
2019-12-29,26,0.028
2019-12-30,31,0.034
2019-12-31,28,0.03
2020-01-01,34,0.037
2020-01-02,25,0.027
2020-01-03,30,0.032
2020-01-04,35,0.038
2020-01-05,31,0.034
2020-01-06,33,0.036
2020-01-07,23,0.025
2020-01-08,30,0.032
2020-01-09,30,0.032
2020-01-10,22,0.024
2020-01-11,16,0.017
2020-01-12,32,0.035
2020-01-13,27,0.029
2020-01-14,21,0.023
2020-01-15,23,0.025
2020-01-16,6,0.006
2020-01-17,34,0.037
2020-01-18,28,0.03
2020-01-19,20,0.022
2020-01-20,19,0.021
2020-01-22,33,0.036
2020-01-23,30,0.032
2020-01-24,22,0.024
2020-01-25,26,0.028
2020-01-26,27,0.029
2020-01-27,17,0.018
2020-01-28,28,0.03
2020-01-29,28,0.03
2020-01-30,22,0.024
2020-01-31,31,0.033
2020-02-01,43,0.046
2020-02-02,44,0.047
2020-02-03,23,0.025
2020-02-04,26,0.028
2020-02-05,23,0.025
2020-02-06,27,0.029
2020-02-07,26,0.028
2020-02-08,23,0.025
2020-02-09,25,0.027
2020-02-10,28,0.03
2020-02-11,24,0.026
2020-02-12,24,0.026
2020-02-13,21,0.023
2020-02-17,29,0.031
2020-02-18,37,0.04
2020-02-19,16,0.017
2020-02-23,22,0.024
2020-02-24,38,0.041
2020-02-25,30,0.032
2020-02-26,31,0.033
2020-02-27,37,0.04
2020-02-28,30,0.032
2020-02-29,26,0.028
2020-03-01,24,0.026
2020-03-02,34,0.037
2020-03-03,30,0.032
2020-03-04,36,0.039
2020-03-05,33,0.036
2020-03-06,38,0.041
2020-03-07,44,0.047
2020-03-08,40,0.043
2020-03-09,36,0.039
2020-03-10,36,0.039
2020-03-11,37,0.04
2020-03-12,27,0.029
2020-03-13,23,0.025
2020-03-14,18,0.019
2020-03-15,22,0.024
2020-03-16,25,0.027
2020-03-17,11,0.012
2020-03-18,39,0.042
2020-03-19,26,0.028
2020-03-20,25,0.027
2020-03-21,40,0.043
2020-03-22,44,0.048
2020-03-23,42,0.045
2020-03-24,43,0.046
2020-03-25,44,0.048
2020-03-26,29,0.031
2020-03-27,31,0.033
2020-03-28,43,0.046
2020-03-29,42,0.045
2020-03-30,37,0.04
2020-03-31,43,0.046
2020-04-01,42,0.045
2020-04-02,23,0.025
2020-04-03,34,0.037
2020-04-04,36,0.039
2020-04-05,41,0.044
2020-04-06,45,0.049
2020-04-07,47,0.051
2020-04-08,42,0.045
2020-04-09,37,0.04
2020-04-10,44,0.047
2020-04-11,45,0.049
2020-04-12,34,0.037
2020-04-13,31,0.034
2020-04-14,41,0.044
2020-04-15,35,0.038
2020-04-16,37,0.04
2020-04-17,36,0.039
2020-04-18,42,0.045
2020-04-19,44,0.047
2020-04-20,46,0.05
2020-04-21,44,0.047
2020-04-22,43,0.046
2020-04-23,39,0.042
2020-04-24,34,0.037
2020-04-25,42,0.045
2020-04-26,39,0.042
2020-04-27,42,0.045
2020-04-28,43,0.046
2020-04-29,48,0.052
2020-04-30,39,0.042
2020-05-01,44,0.048
2020-05-02,30,0.032
2020-05-03,44,0.048
2020-05-04,46,0.05
2020-05-05,50,0.054
2020-05-06,48,0.052
2020-05-07,58,0.057
2020-05-08,41,0.044
2020-05-09,40,0.043
2020-05-10,40,0.043
2020-05-11,18,0.019
2020-05-12,37,0.04
2020-05-13,46,0.05
2020-05-14,39,0.042
2020-05-15,41,0.044
2020-05-16,49,0.053
2020-05-17,44,0.048
2020-05-18,49,0.053
2020-05-19,48,0.052
2020-05-20,47,0.051
2020-05-21,50,0.054
2020-05-22,54,0.056
2020-05-23,51,0.055
2020-05-24,34,0.037
2020-05-25,35,0.038
2020-05-26,43,0.046
2020-05-27,36,0.039
2020-05-28,42,0.045
2020-05-29,44,0.047
2020-05-30,44,0.047
2020-05-31,39,0.042
2020-06-01,45,0.049
2020-06-02,44,0.048
2020-06-03,46,0.05
2020-06-04,41,0.044
2020-06-05,43,0.046
2020-06-06,36,0.039
2020-06-07,37,0.04
2020-06-08,44,0.048
2020-06-09,37,0.04
2020-06-10,32,0.035
2020-06-11,50,0.054
2020-06-12,49,0.053
2020-06-13,49,0.053
2020-06-14,49,0.053
2020-06-15,64,0.059
2020-06-16,43,0.046
2020-06-17,87,0.066
2020-06-18,37,0.04
2020-06-19,30,0.032
2020-06-20,48,0.052
2020-06-21,34,0.037
2020-06-22,46,0.05
2020-06-23,47,0.051
2020-06-24,42,0.045
2020-06-25,42,0.045
2020-06-26,39,0.042
2020-06-27,67,0.06
2020-06-28,45,0.049
2020-06-29,39,0.042
2020-06-30,64,0.059
2020-07-01,51,0.055
2020-07-02,45,0.049
2020-07-03,58,0.057
2020-07-04,44,0.047
2020-07-05,44,0.047
2020-07-06,49,0.053
2020-07-07,39,0.042
2020-07-08,50,0.054
2020-07-09,74,0.062
2020-07-10,101,0.071
2020-07-11,74,0.062
2020-07-12,58,0.057
2020-07-13,44,0.047
2020-07-14,44,0.047
2020-07-15,45,0.049
2020-07-16,41,0.044
2020-07-17,50,0.054
2020-07-18,54,0.056
2020-07-19,49,0.053
2020-07-20,54,0.056
2020-07-21,80,0.064
2020-07-22,49,0.053
2020-07-23,58,0.057
2020-07-24,45,0.049
2020-07-25,42,0.045
2020-07-26,43,0.046
2020-07-27,54,0.056
2020-07-28,44,0.048
2020-07-29,48,0.052
2020-07-30,46,0.05
2020-07-31,,0.026
2020-08-01,,0.035
2020-08-02,,0.028
2020-08-03,61,0.058
2020-08-04,71,0.061
2020-08-05,61,0.058
2020-08-06,47,0.051
2020-08-07,61,0.058
2020-08-08,87,0.066
2020-08-09,80,0.064
2020-08-10,51,0.055
2020-08-11,50,0.054
2020-08-12,51,0.055
2020-08-13,87,0.066
2020-08-14,64,0.059
2020-08-15,71,0.061
2020-08-16,64,0.059
2020-08-17,101,0.071
2020-08-18,61,0.058
2020-08-19,49,0.053
2020-08-20,67,0.06
2020-08-21,112,0.074
2020-08-22,129,0.079
2020-08-23,129,0.079
2020-08-24,126,0.078
2020-08-25,105,0.072
2020-08-26,80,0.064
2020-08-27,84,0.065
2020-08-28,46,0.05
2020-08-29,44,0.048
2020-08-30,48,0.052
2020-08-31,44,0.047
2020-09-01,51,0.055
2020-09-02,61,0.058
2020-09-03,42,0.045
2020-09-04,50,0.054
2020-09-05,46,0.05
2020-09-06,49,0.053
2020-09-07,58,0.057
2020-09-08,19,0.02
2020-09-09,15,0.016
2020-09-10,18,0.019
2020-09-11,40,0.043
2020-09-12,47,0.051
2020-09-13,48,0.052
2020-09-14,45,0.049
2020-09-15,44,0.048
2020-09-16,58,0.057
2020-09-17,43,0.046
2020-09-18,47,0.051
2020-09-19,49,0.053
2020-09-20,45,0.049
2020-09-21,46,0.05
2020-09-22,47,0.051
2020-09-23,49,0.053
2020-09-24,48,0.052
2020-09-25,43,0.046
2020-09-26,44,0.048
2020-09-27,33,0.036
2020-09-28,36,0.039
2020-09-29,33,0.036
2020-09-30,34,0.037
2020-10-01,35,0.038
2020-10-02,40,0.043
2020-10-03,37,0.04
2020-10-04,43,0.046
2020-10-05,41,0.044
2020-10-06,45,0.049
2020-10-07,64,0.059
2020-10-08,45,0.049
2020-10-09,36,0.039
2020-10-10,49,0.053
2020-10-11,43,0.046
2020-10-12,37,0.04
2020-10-13,28,0.03
2020-10-14,33,0.036
2020-10-15,33,0.036
2020-10-16,23,0.025
2020-10-17,25,0.027
2020-10-18,14,0.015
2020-10-19,5,0.005
2020-10-20,23,0.025
2020-10-21,11,0.012
2020-10-22,18,0.019
2020-10-23,13,0.014
2020-10-24,15,0.016
2020-10-25,24,0.026
2020-10-26,21,0.023
2020-10-27,32,0.035
2020-10-28,27,0.029
2020-10-29,21,0.023
2020-10-30,24,0.026
2020-10-31,29,0.031
2020-11-01,26,0.028
2020-11-02,24,0.026
2020-11-03,17,0.018
2020-11-04,31,0.033
2020-11-05,28,0.03
2020-11-06,27,0.029
2020-11-07,31,0.034
2020-11-08,47,0.051
2020-11-09,10,0.011
2020-11-10,31,0.034
2020-11-11,29,0.031
2020-11-12,32,0.035
2020-11-13,34,0.037
2020-11-14,36,0.039
2020-11-15,30,0.032
2020-11-16,19,0.02
2020-11-17,21,0.023
2020-11-18,12,0.013
2020-11-19,27,0.029
2020-11-20,27,0.029
2020-11-21,19,0.02
2020-11-22,26,0.028
2020-11-23,15,0.016
2020-11-24,27,0.029
2020-11-25,7,0.008
2020-11-26,33,0.036
2020-11-27,20,0.022
2020-11-28,25,0.027
2020-11-29,31,0.033
2020-11-30,23,0.025
2020-12-01,26,0.028
2020-12-02,22,0.024
2020-12-03,25,0.027
2020-12-04,21,0.023
2020-12-05,27,0.029
2020-12-06,24,0.026
2020-12-07,21,0.023
2020-12-08,25,0.027
2020-12-09,20,0.022
2020-12-10,16,0.017
2020-12-11,17,0.018
2020-12-12,15,0.016
2020-12-13,23,0.025
2020-12-14,19,0.02
2020-12-15,24,0.026
2020-12-16,27,0.029
2020-12-17,25,0.027
2020-12-18,19,0.02
2020-12-19,32,0.035
2020-12-20,28,0.03
2020-12-21,23,0.025
2020-12-22,35,0.038
2020-12-23,33,0.036
2020-12-24,32,0.035
2020-12-25,29,0.031
2020-12-26,32,0.035
2020-12-27,32,0.035
2020-12-28,6,0.007
2020-12-29,18,0.019
2020-12-30,13,0.014
2020-12-31,12,0.013
2021-01-01,26,0.028
2021-01-02,34,0.037
2021-01-03,34,0.037
2021-01-04,27,0.029
2021-01-05,28,0.03
2021-01-06,24,0.026
2021-01-07,7,0.008
2021-01-08,28,0.03
2021-01-09,13,0.014
2021-01-10,21,0.023
2021-01-11,22,0.024
2021-01-12,24,0.026
2021-01-13,37,0.04
2021-01-14,30,0.032
2021-01-15,24,0.026
2021-01-16,28,0.03
2021-01-17,29,0.031
2021-01-18,26,0.028
2021-01-19,25,0.027
2021-01-20,31,0.033
2021-01-21,20,0.022
2021-01-22,11,0.012
2021-01-23,17,0.018
2021-01-24,17,0.018
2021-01-25,24,0.026
2021-01-26,10,0.011
2021-01-27,7,0.008
2021-01-28,3,0.003
2021-01-29,7,0.008
2021-01-30,34,0.037
2021-01-31,34,0.037
2021-02-01,17,0.018
2021-02-02,21,0.023
2021-02-03,27,0.029
2021-02-04,34,0.037
2021-02-05,31,0.033
2021-02-06,32,0.035
2021-02-07,41,0.044
2021-02-08,12,0.013
2021-02-09,6,0.007
2021-02-10,6,0.007
2021-02-11,16,0.017
2021-02-12,17,0.018
2021-02-13,23,0.025
2021-02-14,28,0.03
2021-02-15,17,0.018
2021-02-16,26,0.028
2021-02-17,24,0.026
2021-02-18,27,0.029
2021-02-19,25,0.027
2021-02-20,27,0.029
2021-02-21,34,0.037
2021-02-22,30,0.032
2021-02-23,33,0.036
2021-02-24,32,0.035
2021-02-25,25,0.027
2021-02-26,34,0.037
2021-02-27,35,0.038
2021-02-28,37,0.04
2021-03-01,28,0.03
2021-03-02,27,0.029
2021-03-03,31,0.033
2021-03-04,26,0.028
2021-03-05,35,0.038
2021-03-06,37,0.04
2021-03-07,40,0.043
2021-03-08,31,0.033
2021-03-09,36,0.039
2021-03-10,38,0.041
2021-03-11,27,0.029
2021-03-12,21,0.023
2021-03-13,13,0.014
2021-03-14,26,0.028
2021-03-15,40,0.043
2021-03-16,32,0.035
2021-03-17,40,0.043
2021-03-18,34,0.037
2021-03-19,37,0.04
2021-03-20,46,0.05
2021-03-21,34,0.037
2021-03-22,32,0.035
2021-03-23,33,0.036
2021-03-24,31,0.033
2021-03-25,37,0.04
2021-03-26,31,0.033
2021-03-27,38,0.041
2021-03-28,38,0.041
2021-03-29,43,0.046
2021-03-30,37,0.04
2021-03-31,33,0.036
2021-04-01,44,0.047
2021-04-02,44,0.047
2021-04-03,46,0.05
2021-04-04,38,0.041
2021-04-05,34,0.037
2021-04-06,34,0.037
2021-04-07,37,0.04
2021-04-08,42,0.045
2021-04-09,36,0.039
2021-04-10,40,0.043
2021-04-11,40,0.043
2021-04-12,31,0.034
2021-04-13,28,0.03
2021-04-14,23,0.025
2021-04-15,10,0.011
2021-04-16,25,0.027
2021-04-17,38,0.041
2021-04-18,36,0.039
2021-04-19,25,0.027
2021-04-20,40,0.043
2021-04-21,21,0.023
2021-04-22,28,0.03
2021-04-23,39,0.042
2021-04-24,35,0.038
2021-04-25,46,0.05
2021-04-26,42,0.045
2021-04-27,29,0.031
2021-04-28,34,0.037
2021-04-29,43,0.046
2021-04-30,44,0.047
2021-05-04,29,0.031
2021-05-05,37,0.04
2021-05-06,41,0.044
2021-05-07,45,0.049
2021-05-08,43,0.046
2021-05-09,36,0.039
2021-05-10,22,0.024
2021-05-11,21,0.023
2021-05-12,43,0.046
2021-05-13,39,0.042
2021-05-14,37,0.04
2021-05-15,32,0.035
2021-05-16,23,0.025
2021-05-17,36,0.039
2021-05-18,32,0.035
2021-05-19,48,0.052
2021-05-20,48,0.052
2021-05-21,37,0.04
2021-05-22,25,0.027
2021-05-23,47,0.051
2021-05-24,67,0.06
2021-05-25,50,0.054
2021-05-26,47,0.051
2021-05-27,47,0.051
2021-05-28,49,0.053
2021-05-29,30,0.032
2021-05-30,27,0.029
2021-05-31,35,0.038
2021-06-01,43,0.046
2021-06-02,49,0.053
2021-06-03,46,0.05
2021-06-04,67,0.06
2021-06-05,71,0.061
2021-06-06,44,0.047
2021-06-07,50,0.054
2021-06-08,58,0.057
2021-06-09,71,0.061
2021-06-10,64,0.059
2021-06-11,46,0.05
2021-06-12,84,0.065
2021-06-13,50,0.054
2021-06-14,80,0.064
2021-06-15,105,0.072
2021-06-16,49,0.053
2021-06-17,74,0.062
2021-06-18,61,0.058
2021-06-19,49,0.053
2021-06-20,48,0.052
2021-06-21,39,0.042
2021-06-22,77,0.063
2021-06-23,61,0.058
2021-06-24,49,0.053
2021-06-25,43,0.046
2021-06-26,36,0.039
2021-06-27,40,0.043
2021-06-28,45,0.049
2021-06-29,44,0.048
2021-06-30,87,0.066
2021-07-01,42,0.045
2021-07-02,74,0.062
2021-07-03,64,0.059
2021-07-04,77,0.063
2021-07-05,71,0.061
2021-07-06,54,0.056
2021-07-07,61,0.058
2021-07-08,67,0.06
2021-07-09,90,0.067
2021-07-10,97,0.069
2021-07-11,112,0.074
2021-07-12,136,0.081
2021-07-13,58,0.057
2021-07-14,42,0.045
2021-07-15,80,0.064
2021-07-16,77,0.063
2021-07-17,108,0.073
2021-07-18,108,0.073
2021-07-19,122,0.077
2021-07-20,101,0.071
2021-07-21,80,0.064
2021-07-22,122,0.077
2021-07-23,77,0.063
2021-07-24,87,0.066
2021-07-25,100,0.07
2021-07-26,108,0.073
2021-07-27,122,0.077
2021-07-28,100,0.07
2021-07-29,87,0.066
2021-07-30,90,0.067
2021-07-31,71,0.061
2021-08-01,100,0.07
2021-08-02,112,0.074
2021-08-03,50,0.054
2021-08-04,67,0.06
2021-08-05,77,0.063
2021-08-06,47,0.051
2021-08-07,49,0.053
2021-08-08,119,0.076
2021-08-09,115,0.075
2021-08-10,97,0.069
2021-08-11,100,0.07
2021-08-12,54,0.056
2021-08-13,97,0.069
2021-08-14,97,0.069
2021-08-15,49,0.053
2021-08-16,90,0.067
2021-08-17,74,0.062
2021-08-18,90,0.067
2021-08-19,40,0.043
2021-08-20,54,0.056
2021-08-21,64,0.059
2021-08-22,46,0.05
2021-08-23,50,0.054
2021-08-24,58,0.057
2021-08-25,64,0.059
2021-08-26,47,0.051
2021-08-27,45,0.049
2021-08-28,80,0.064
2021-08-29,49,0.053
2021-08-30,77,0.063
2021-08-31,67,0.06
2021-09-01,58,0.057
2021-09-02,50,0.054
2021-09-03,38,0.041
2021-09-04,71,0.061
2021-09-05,100,0.07
2021-09-06,80,0.064
2021-09-07,87,0.066
2021-09-08,90,0.067
2021-09-09,71,0.061
2021-09-10,74,0.062
2021-09-11,44,0.047
2021-09-12,48,0.052
2021-09-13,44,0.048
2021-09-14,44,0.047
2021-09-15,77,0.063
2021-09-16,54,0.056
2021-09-17,39,0.042
2021-09-18,44,0.048
2021-09-19,44,0.048
2021-09-20,41,0.044
2021-09-21,41,0.044
2021-09-22,42,0.045
2021-09-23,43,0.046
2021-09-24,37,0.04
2021-09-25,48,0.052
2021-09-26,47,0.051
2021-09-27,44,0.048
2021-09-28,42,0.045
2021-09-29,32,0.035
2021-09-30,25,0.027
2021-10-01,27,0.029
2021-10-02,47,0.051
2021-10-03,47,0.051
2021-10-04,43,0.046
2021-10-05,42,0.045
2021-10-06,37,0.04
2021-10-07,39,0.042
2021-10-08,29,0.031
2021-10-09,42,0.045
2021-10-10,40,0.043
2021-10-11,40,0.043
2021-10-12,29,0.031
2021-10-13,31,0.034
2021-10-14,24,0.026
2021-10-15,35,0.038
2021-10-16,38,0.041
2021-10-17,38,0.041
2021-10-18,38,0.041
2021-10-19,40,0.043
2021-10-20,35,0.038
2021-10-21,20,0.022
2021-10-22,37,0.04
2021-10-23,25,0.027
2021-10-24,40,0.043
2021-10-25,18,0.019
2021-10-26,31,0.034
2021-10-27,35,0.038
2021-10-28,28,0.03
2021-10-29,26,0.028
2021-10-30,32,0.035
2021-10-31,19,0.02
2021-11-01,10,0.011
2021-11-02,2,0.002
2021-11-03,25,0.027
2021-11-04,26,0.028
2021-11-05,33,0.036
2021-11-06,36,0.039
2021-11-07,39,0.042
2021-11-08,19,0.021
2021-11-09,10,0.011
2021-11-10,43,0.046
2021-11-11,37,0.04
2021-11-12,22,0.024
2021-11-13,28,0.03
2021-11-14,30,0.032
2021-11-15,25,0.027
2021-11-16,31,0.033
2021-11-17,26,0.028
2021-11-18,17,0.018
2021-11-19,25,0.027
2021-11-20,27,0.029
2021-11-21,27,0.029
2021-11-22,24,0.026
2021-11-23,35,0.038
2021-11-24,25,0.027
2021-11-25,36,0.039
2021-11-26,24,0.026
2021-11-27,30,0.032
2021-11-28,21,0.023
2021-11-29,23,0.025
2021-11-30,21,0.023
2021-12-01,22,0.024
2021-12-02,20,0.022
2021-12-03,18,0.019
2021-12-04,22,0.024
2021-12-05,31,0.034
2021-12-06,12,0.013
2021-12-07,25,0.027
2021-12-08,26,0.028
2021-12-09,17,0.018
2021-12-10,31,0.034
2021-12-11,22,0.024
2021-12-12,24,0.026
2021-12-13,10,0.011
2021-12-14,27,0.029
2021-12-15,45,0.049
2021-12-16,19,0.021
2021-12-17,30,0.032
2021-12-18,22,0.024
2021-12-19,31,0.033
2021-12-20,21,0.023
2021-12-21,29,0.031
2021-12-22,22,0.024
2021-12-23,16,0.017
2021-12-24,30,0.032
2021-12-25,35,0.038
2021-12-26,36,0.039
2021-12-27,22,0.024
2021-12-28,32,0.035
2021-12-29,19,0.021
2021-12-30,37,0.04
2021-12-31,30,0.032
2022-01-01,21,0.023
2022-01-02,28,0.03
2022-01-03,20,0.022
2022-01-04,32,0.035
2022-01-05,15,0.016
2022-01-06,9,0.01
2022-01-07,11,0.012
2022-01-08,26,0.028
2022-01-09,20,0.022
2022-01-10,25,0.027
2022-01-11,16,0.017
2022-01-12,17,0.018
2022-01-13,25,0.027
2022-01-14,24,0.026
2022-01-15,30,0.032
2022-01-16,28,0.03
2022-01-17,17,0.018
2022-01-18,17,0.018
2022-01-19,11,0.012
2022-01-20,8,0.009
2022-01-21,12,0.013
2022-01-22,20,0.022
2022-01-23,29,0.031
2022-01-24,31,0.034
2022-01-25,23,0.025
2022-01-26,17,0.018
2022-01-27,23,0.025
2022-01-28,28,0.03
2022-01-29,27,0.029
2022-01-30,26,0.028
2022-01-31,31,0.033
2022-02-01,26,0.028
2022-02-02,23,0.025
2022-02-03,21,0.023
2022-02-04,27,0.029
2022-02-05,36,0.039
2022-02-06,31,0.034
2022-02-07,29,0.031
2022-02-08,33,0.036
2022-02-09,29,0.031
2022-02-10,31,0.034
2022-02-11,29,0.031
2022-02-12,31,0.033
2022-02-13,35,0.038
2022-02-14,23,0.025
2022-02-15,20,0.022
2022-02-16,24,0.026
2022-02-17,27,0.029
2022-02-18,23,0.025
2022-02-19,33,0.036
2022-02-20,32,0.035
2022-02-21,24,0.026
2022-02-22,24,0.026
2022-02-23,22,0.024
2022-02-24,25,0.027
2022-02-25,22,0.024
2022-02-26,29,0.031
2022-02-27,34,0.037
2022-02-28,31,0.034
2022-03-01,29,0.031
2022-03-02,20,0.022
2022-03-03,27,0.029
2022-03-04,33,0.036
2022-03-05,28,0.03
2022-03-06,30,0.032
2022-03-07,30,0.032
2022-03-08,33,0.036
2022-03-09,25,0.027
2022-03-10,19,0.021
2022-03-11,31,0.033
2022-03-12,31,0.034
2022-03-13,32,0.035
2022-03-14,33,0.036
2022-03-15,41,0.044
2022-03-16,,0.019
2022-03-17,19,0.02
2022-03-18,34,0.037
2022-03-19,40,0.043
2022-03-20,37,0.04
2022-03-21,28,0.03
2022-03-22,31,0.033
2022-03-23,,0.021
2022-03-28,37,0.04
2022-03-29,21,0.023
2022-03-30,31,0.034
2022-03-31,35,0.038
2022-04-01,35,0.038
2022-04-02,33,0.036
2022-04-03,31,0.034
2022-04-04,39,0.042
2022-04-05,39,0.042
2022-04-06,39,0.042
2022-04-07,35,0.038
2022-04-08,34,0.037
2022-04-09,31,0.034
2022-04-10,45,0.049
2022-04-11,31,0.034
2022-04-12,37,0.04
2022-04-13,34,0.037
2022-04-14,37,0.04
2022-04-15,38,0.041
2022-04-16,35,0.038
2022-04-17,40,0.043
2022-04-18,36,0.039
2022-04-19,64,0.059
2022-04-20,46,0.05
2022-04-21,49,0.053
2022-04-22,54,0.056
2022-04-23,44,0.047
2022-04-24,43,0.046
2022-04-25,44,0.048
2022-04-26,80,0.064
2022-04-27,49,0.053
2022-04-28,67,0.06
2022-04-29,58,0.057
2022-04-30,58,0.057
2022-05-01,46,0.05
2022-05-02,33,0.036
2022-05-03,33,0.036
2022-05-04,39,0.042
2022-05-05,44,0.048
2022-05-06,43,0.046
2022-05-07,51,0.055
2022-05-08,48,0.052
2022-05-09,46,0.05
2022-05-10,47,0.051
2022-05-11,46,0.05
2022-05-12,87,0.066
2022-05-13,61,0.058
2022-05-14,51,0.055
2022-05-15,46,0.05
2022-05-16,44,0.047
2022-05-17,45,0.049
2022-05-18,51,0.055
2022-05-19,47,0.051
2022-05-20,33,0.036
2022-05-21,47,0.051
2022-05-22,44,0.048
2022-05-23,47,0.051
2022-05-24,38,0.041
2022-05-25,48,0.052
2022-05-26,61,0.058
2022-05-27,37,0.04
2022-05-28,38,0.041
2022-05-29,48,0.052
2022-05-30,42,0.045
2022-05-31,32,0.035
2022-06-01,30,0.032
2022-06-02,47,0.051
2022-06-03,45,0.049
2022-06-04,64,0.059
2022-06-05,49,0.053
2022-06-06,41,0.044
2022-06-07,64,0.059
2022-06-08,84,0.065
2022-06-09,49,0.053
2022-06-10,67,0.06
2022-06-11,51,0.055
2022-06-12,54,0.056
2022-06-13,67,0.06
2022-06-14,58,0.057
2022-06-15,87,0.066
2022-06-16,105,0.072
2022-06-17,61,0.058
2022-06-18,48,0.052
2022-06-19,40,0.043
2022-06-20,64,0.059
2022-06-21,46,0.05
2022-06-22,90,0.067
2022-06-23,80,0.064
2022-06-24,44,0.048
2022-06-25,50,0.054
2022-06-26,38,0.041
2022-06-27,50,0.054
2022-06-28,64,0.059
2022-06-29,44,0.048
2022-06-30,39,0.042
2022-07-01,74,0.062
2022-07-02,64,0.059
2022-07-03,67,0.06
2022-07-04,47,0.051
2022-07-05,44,0.048
2022-07-06,50,0.054
2022-07-07,47,0.051
2022-07-08,74,0.062
2022-07-09,71,0.061
2022-07-10,47,0.051
2022-07-11,67,0.06
2022-07-12,93,0.068
2022-07-13,58,0.057
2022-07-14,64,0.059
2022-07-15,87,0.066
2022-07-16,61,0.058
2022-07-17,84,0.065
2022-07-18,84,0.065
2022-07-19,64,0.059
2022-07-20,87,0.066
2022-07-21,80,0.064
2022-07-22,105,0.072
2022-07-23,67,0.06
2022-07-24,46,0.05
2022-07-25,87,0.066
2022-07-26,84,0.065
2022-07-27,93,0.068
2022-07-28,39,0.042
2022-07-29,50,0.054
2022-07-30,54,0.056
2022-07-31,48,0.052
2022-08-01,54,0.056
2022-08-02,61,0.058
2022-08-03,77,0.063
2022-08-04,101,0.071
2022-08-05,80,0.064
2022-08-06,84,0.065
2022-08-07,67,0.06
2022-08-08,32,0.035
2022-08-09,90,0.067
2022-08-10,84,0.065
2022-08-11,108,0.073
2022-08-12,80,0.064
2022-08-13,100,0.07
2022-08-14,71,0.061
2022-08-15,54,0.056
2022-08-16,38,0.041
2022-08-17,80,0.064
2022-08-18,67,0.06
2022-08-19,77,0.063
2022-08-20,45,0.049
2022-08-21,46,0.05
2022-08-22,61,0.058
2022-08-23,67,0.06
2022-08-24,100,0.07
2022-08-25,51,0.055
2022-08-26,48,0.052
2022-08-27,47,0.051
2022-08-28,47,0.051
2022-08-29,84,0.065
2022-08-30,67,0.06
2022-08-31,49,0.053
2022-09-01,51,0.055
2022-09-02,67,0.06
2022-09-03,58,0.057
2022-09-04,64,0.059
2022-09-05,84,0.065
2022-09-06,87,0.066
2022-09-07,80,0.064
2022-09-08,58,0.057
2022-09-09,34,0.037
2022-09-10,21,0.023
2022-09-11,71,0.061
2022-09-12,25,0.027
2022-09-13,44,0.048
2022-09-14,36,0.039
2022-09-15,41,0.044
2022-09-16,40,0.043
2022-09-17,46,0.05
2022-09-18,50,0.054
2022-09-19,39,0.042
2022-09-20,42,0.045
2022-09-21,25,0.027
2022-09-22,9,0.01
2022-09-23,43,0.046
2022-09-24,51,0.055
2022-09-25,46,0.05
2022-09-26,42,0.045
2022-09-27,33,0.036
2022-09-28,43,0.046
2022-09-29,40,0.043
2022-09-30,35,0.038
2022-10-01,40,0.043
2022-10-02,36,0.039
2022-10-03,43,0.046
2022-10-04,34,0.037
2022-10-05,42,0.045
2022-10-06,44,0.048
2022-10-07,9,0.01
2022-10-08,33,0.036
2022-10-09,43,0.046
2022-10-10,44,0.047
2022-10-11,37,0.04
2022-10-12,34,0.037
2022-10-13,35,0.038
2022-10-14,34,0.037
2022-10-15,32,0.035
2022-10-16,31,0.034
2022-10-17,32,0.035
2022-10-18,31,0.033
2022-10-19,31,0.033
2022-10-20,31,0.033
2022-10-21,39,0.042
2022-10-22,43,0.046
2022-10-23,44,0.048
2022-10-24,32,0.035
2022-10-25,29,0.031
2022-10-26,24,0.026
2022-10-27,22,0.024
2022-10-28,32,0.035
2022-10-29,35,0.038
2022-10-30,40,0.043
2022-10-31,37,0.04
2022-11-01,27,0.029
2022-11-02,37,0.04
2022-11-03,19,0.02
2022-11-04,32,0.035
2022-11-05,33,0.036
2022-11-06,36,0.039
2022-11-07,21,0.023
2022-11-08,,0.0
2022-11-09,6,0.007
2022-11-10,32,0.035
2022-11-11,19,0.021
2022-11-12,13,0.014
2022-11-13,34,0.037
2022-11-14,30,0.032
2022-11-15,29,0.031
2022-11-16,31,0.033
2022-11-17,26,0.028
2022-11-18,23,0.025
2022-11-19,31,0.034
2022-11-20,26,0.028
2022-11-21,19,0.021
2022-11-22,30,0.032
2022-11-23,30,0.032
2022-11-24,31,0.033
2022-11-25,28,0.03
2022-11-26,34,0.037
2022-11-27,29,0.031
2022-11-28,26,0.028
2022-11-29,26,0.028
2022-11-30,15,0.016
2022-12-01,41,0.044
2022-12-02,37,0.04
2022-12-03,10,0.011
2022-12-04,10,0.011
2022-12-05,23,0.025
2022-12-06,33,0.036
2022-12-07,17,0.018
2022-12-08,38,0.041
2022-12-09,14,0.015
2022-12-10,,0.001
2022-12-11,19,0.021
2022-12-12,23,0.025
2022-12-13,21,0.023
2022-12-14,32,0.035
2022-12-15,29,0.031
2022-12-16,35,0.038
2022-12-17,27,0.029
2022-12-18,14,0.015
2022-12-19,29,0.031
2022-12-20,,0.003
2022-12-21,34,0.037
2022-12-22,23,0.025
2022-12-23,15,0.016
2022-12-24,20,0.022
2022-12-25,35,0.038
2022-12-26,25,0.027
2022-12-27,20,0.022
2022-12-28,29,0.031
2022-12-29,26,0.028
2022-12-30,25,0.027
2022-12-31,14,0.015
2023-01-01,22,0.024
2023-01-02,19,0.02
2023-01-03,24,0.026
2023-01-04,28,0.03
2023-01-06,6,0.007
2023-01-07,18,0.019
2023-01-08,23,0.025
2023-01-09,22,0.024
2023-01-10,14,0.015
2023-01-11,18,0.019
2023-01-12,28,0.03
2023-01-14,4,0.004
2023-01-15,21,0.023
2023-01-16,24,0.026
2023-01-17,20,0.022
2023-01-18,19,0.021
2023-01-19,19,0.021
2023-01-20,21,0.023
2023-01-21,27,0.029
2023-01-22,36,0.039
2023-01-23,31,0.034
2023-01-24,31,0.033
2023-01-25,28,0.03
2023-01-26,35,0.038
2023-01-27,31,0.033
2023-01-28,28,0.03
2023-01-29,26,0.028
2023-01-30,28,0.03
2023-01-31,16,0.017
2023-02-01,26,0.028
2023-02-02,32,0.035
2023-02-03,30,0.032
2023-02-04,40,0.043
2023-02-05,27,0.029
2023-02-06,35,0.038
2023-02-07,34,0.037
2023-02-08,38,0.041
2023-02-09,36,0.039
2023-02-10,35,0.038
2023-02-11,19,0.021
2023-02-12,41,0.044
2023-02-13,34,0.037
2023-02-14,40,0.043
2023-02-15,30,0.032
2023-02-16,32,0.035
2023-02-17,31,0.033
2023-02-18,34,0.037
2023-02-19,45,0.049
2023-02-20,30,0.032
2023-02-21,33,0.036
2023-02-22,28,0.03
2023-02-23,30,0.032
2023-02-24,,0.016
2023-02-25,3,0.003
2023-02-26,40,0.043
2023-02-27,47,0.051
2023-02-28,41,0.044
2023-03-01,24,0.026
2023-03-02,34,0.037
2023-03-03,31,0.034
2023-03-04,33,0.036
2023-03-05,44,0.048
2023-03-06,39,0.042
2023-03-07,18,0.019
2023-03-08,22,0.024
2023-03-09,44,0.047
2023-03-10,19,0.021
2023-03-11,44,0.048
2023-03-12,38,0.041
2023-03-13,35,0.038
2023-03-14,44,0.047
2023-03-15,33,0.036
2023-03-16,38,0.041
2023-03-17,44,0.047
2023-03-18,44,0.048
2023-03-19,45,0.049
2023-03-20,22,0.024
2023-03-21,44,0.047
2023-03-22,31,0.033
2023-03-23,44,0.048
2023-03-24,46,0.05
2023-03-25,47,0.051
2023-03-26,48,0.052
2023-03-27,43,0.046
2023-03-28,40,0.043
2023-03-29,31,0.034
2023-03-30,54,0.056
2023-03-31,44,0.047
2023-04-01,48,0.052
2023-04-02,47,0.051
2023-04-03,30,0.032
2023-04-04,39,0.042
2023-04-05,40,0.043
2023-04-06,48,0.052
2023-04-07,43,0.046
2023-04-08,46,0.05
2023-04-09,61,0.058
2023-04-10,54,0.056
2023-04-11,80,0.064
2023-04-12,58,0.057
2023-04-13,,0.052
2023-04-19,44,0.047
2023-04-20,44,0.048
2023-04-21,46,0.05
2023-04-22,36,0.039
2023-04-23,84,0.065
2023-04-24,61,0.058
2023-04-25,41,0.044
2023-04-26,44,0.048
2023-04-27,44,0.048
2023-04-28,45,0.049
2023-04-29,44,0.048
2023-04-30,47,0.051
2023-05-01,44,0.047
2023-05-02,44,0.048
2023-05-03,58,0.057
2023-05-04,48,0.052
2023-05-05,61,0.058
2023-05-06,61,0.058
2023-05-07,54,0.056
2023-05-08,48,0.052
2023-05-09,58,0.057
2023-05-10,44,0.048
2023-05-11,42,0.045
2023-05-12,40,0.043
2023-05-13,41,0.044
2023-05-14,33,0.036
2023-05-15,39,0.042
2023-05-16,54,0.056
2023-05-17,67,0.06
2023-05-18,44,0.048
2023-05-19,26,0.028
2023-05-20,67,0.06
2023-05-21,74,0.062
2023-05-22,87,0.066
2023-05-23,87,0.066
2023-05-24,44,0.047
2023-05-25,46,0.05
2023-05-26,37,0.04
2023-05-27,47,0.051
2023-05-28,54,0.056
2023-05-29,54,0.056
2023-05-30,48,0.052
2023-05-31,47,0.051
2023-06-01,44,0.048
2023-06-02,51,0.055
2023-06-03,45,0.049
2023-06-04,41,0.044
2023-06-05,,0.007
2023-06-06,29,0.031
2023-06-07,51,0.055
2023-06-08,74,0.062
2023-06-09,50,0.054
2023-06-10,67,0.06
2023-06-11,46,0.05
2023-06-12,44,0.048
2023-06-13,39,0.042
2023-06-14,58,0.057
2023-06-15,48,0.052
2023-06-16,30,0.032
2023-06-17,50,0.054
2023-06-18,49,0.053
2023-06-19,61,0.058
2023-06-20,64,0.059
2023-06-21,51,0.055
2023-06-22,42,0.045
2023-06-23,58,0.057
2023-06-24,74,0.062
2023-06-25,48,0.052
2023-06-26,49,0.053
2023-06-27,44,0.047
2023-06-28,67,0.06
2023-06-29,44,0.048
2023-06-30,41,0.044
2023-07-01,54,0.056
2023-07-02,54,0.056
2023-07-03,64,0.059
2023-07-04,46,0.05
2023-07-05,18,0.019
2023-07-06,44,0.048
2023-07-07,50,0.054
2023-07-08,50,0.054
2023-07-09,54,0.056
2023-07-10,31,0.034
2023-07-11,74,0.062
2023-07-12,,0.035
2023-07-14,50,0.054
2023-07-15,87,0.066
2023-07-16,77,0.063
2023-07-17,54,0.056
2023-07-18,39,0.042
2023-07-19,42,0.045
2023-07-20,51,0.055
2023-07-21,74,0.062
2023-07-22,,0.038
2023-07-24,87,0.066
2023-07-25,61,0.058
2023-07-26,58,0.057
2023-07-27,22,0.024
2023-07-28,48,0.052
2023-07-29,,0.026
2023-07-30,34,0.037
2023-07-31,28,0.03
2023-08-01,30,0.032
2023-08-02,108,0.073
2023-08-03,50,0.054
2023-08-04,97,0.069
2023-08-05,67,0.06
2023-08-06,49,0.053
2023-08-07,64,0.059
2023-08-08,90,0.067
2023-08-09,101,0.071
2023-08-10,77,0.063
2023-08-11,74,0.062
2023-08-12,46,0.05
2023-08-13,45,0.049
2023-08-14,77,0.063
2023-08-15,100,0.07
2023-08-16,49,0.053
2023-08-17,93,0.068
2023-08-18,58,0.057
2023-08-19,64,0.059
2023-08-20,64,0.059
2023-08-21,44,0.047
2023-08-22,61,0.058
2023-08-23,67,0.06
2023-08-24,112,0.074
2023-08-25,31,0.033
2023-08-26,58,0.057
2023-08-27,49,0.053
2023-08-28,64,0.059
2023-08-29,61,0.058
2023-08-30,51,0.055
2023-08-31,48,0.052
2023-09-01,48,0.052
2023-09-02,48,0.052
2023-09-03,46,0.05
2023-09-04,43,0.046
2023-09-05,47,0.051
2023-09-06,50,0.054
2023-09-07,54,0.056
2023-09-08,58,0.057
2023-09-09,61,0.058
2023-09-10,44,0.047
2023-09-11,47,0.051
2023-09-12,46,0.05
2023-09-13,61,0.058
2023-09-14,43,0.046
2023-09-15,36,0.039
2023-09-16,64,0.059
2023-09-17,50,0.054
2023-09-18,47,0.051
2023-09-19,45,0.049
2023-09-20,40,0.043
2023-09-21,38,0.041
2023-09-22,48,0.052
2023-09-23,54,0.056
2023-09-24,58,0.057
2023-09-25,67,0.06
2023-09-26,61,0.058
2023-09-27,48,0.052
2023-09-28,46,0.05
2023-09-29,45,0.049
2023-09-30,38,0.041
2023-10-01,37,0.04
2023-10-02,38,0.041
2023-10-03,43,0.046
2023-10-04,43,0.046
2023-10-05,39,0.042
2023-10-06,28,0.03
2023-10-07,37,0.04
2023-10-08,39,0.042
2023-10-09,41,0.044
2023-10-10,39,0.042
2023-10-11,34,0.037
2023-10-12,31,0.034
2023-10-13,26,0.028
2024-02-23,40,0.043
2024-02-24,44,0.048
2024-02-25,51,0.055
2024-02-26,45,0.049
2024-02-27,44,0.047
2024-02-28,43,0.046
2024-02-29,39,0.042
2024-03-01,39,0.042
2024-03-02,38,0.041
2024-03-03,46,0.05
2024-03-04,42,0.045
2024-03-05,36,0.039
2024-03-06,40,0.043
2024-03-07,25,0.027
2024-03-08,22,0.024
2024-03-09,43,0.046
2024-03-10,45,0.049
2024-03-11,38,0.041
2024-03-12,42,0.045
2024-03-13,37,0.04
2024-03-14,24,0.026
2024-03-15,34,0.037
2024-03-16,39,0.042
2024-03-17,32,0.035
2024-03-18,25,0.027
2024-03-19,44,0.048
2024-03-20,34,0.037
2024-03-21,43,0.046
2024-03-22,49,0.053
2024-03-23,36,0.039
2024-03-24,30,0.032
2024-03-25,27,0.029
2024-03-26,27,0.029
2024-03-27,44,0.048
2024-03-28,48,0.052
2024-03-29,38,0.041
2024-03-30,40,0.043
2024-03-31,36,0.039
2024-04-01,43,0.046
2024-04-02,47,0.051
2024-04-03,49,0.053
2024-04-04,61,0.058
2024-04-05,50,0.054
2024-04-06,58,0.057
2024-04-07,54,0.056
2024-04-08,54,0.056
2024-04-09,51,0.055
2024-04-10,43,0.046
2024-04-11,47,0.051
2024-04-12,50,0.054
2024-04-13,74,0.062
2024-04-14,90,0.067
2024-04-15,90,0.067
2024-04-16,45,0.049
2024-04-17,46,0.05
2024-04-18,23,0.025
2024-04-19,21,0.023
2024-04-20,23,0.025
2024-04-21,40,0.043
2024-04-22,44,0.047
2024-04-23,44,0.047
2024-04-24,58,0.057
2024-04-25,48,0.052
2024-04-26,54,0.056
2024-04-27,33,0.036
2024-04-28,43,0.046
2024-04-29,61,0.058
2024-04-30,67,0.06
2024-05-01,49,0.053
2024-05-02,45,0.049
2024-05-03,48,0.052
2024-05-04,46,0.05
2024-05-05,87,0.066
2024-05-06,58,0.057
2024-05-07,58,0.057
2024-05-08,44,0.048
2024-05-09,38,0.041
2024-05-10,41,0.044
2024-05-11,58,0.057
2024-05-12,58,0.057
2024-05-13,51,0.055
2024-05-14,61,0.058
2024-05-15,67,0.06
2024-05-16,90,0.067
2024-05-17,58,0.057
2024-05-18,49,0.053
2024-05-19,74,0.062
2024-05-20,44,0.047
2024-05-21,46,0.05
2024-05-22,54,0.056
2024-05-23,61,0.058
2024-05-24,64,0.059
2024-05-25,49,0.053
2024-05-26,50,0.054
2024-05-27,74,0.062
2024-05-28,74,0.062
2024-05-29,51,0.055
2024-05-30,61,0.058
2024-05-31,61,0.058
2024-06-01,77,0.063
2024-06-02,93,0.068
2024-06-03,48,0.052
2024-06-04,47,0.051
2024-06-05,32,0.035
2024-06-06,54,0.056
2024-06-07,43,0.046
2024-06-08,71,0.061
2024-06-09,58,0.057
2024-06-10,58,0.057
2024-06-11,87,0.066
2024-06-12,47,0.051
2024-06-13,87,0.066
2024-06-14,64,0.059
2024-06-15,61,0.058
2024-06-16,77,0.063
2024-06-17,100,0.07
2024-06-18,58,0.057
2024-06-19,44,0.047
2024-06-20,44,0.047
2024-06-21,54,0.056
2024-06-22,64,0.059
2024-06-23,101,0.071
2024-06-24,64,0.059
2024-06-25,80,0.064
2024-06-26,119,0.076
2024-06-27,58,0.057
2024-06-28,47,0.051
2024-06-29,47,0.051
2024-06-30,80,0.064
2024-07-01,42,0.045
2024-07-02,101,0.071
2024-07-03,108,0.073
2024-07-04,97,0.069
2024-07-05,71,0.061
2024-07-06,58,0.057
2024-07-07,51,0.055
2024-07-08,87,0.066
2024-07-09,74,0.062
2024-07-10,93,0.068
2024-07-11,97,0.069
2024-07-12,71,0.061
2024-07-13,119,0.076
2024-07-14,64,0.059
2024-07-15,54,0.056
2024-07-16,67,0.06
2024-07-17,108,0.073
2024-07-18,122,0.077
2024-07-19,54,0.056
2024-07-20,100,0.07
2024-07-21,93,0.068
2024-07-22,136,0.081
2024-07-23,156,0.088
2024-07-24,147,0.084
2024-07-25,129,0.079
2024-07-26,64,0.059
2024-07-27,101,0.071
2024-07-28,77,0.063
2024-07-29,74,0.062
2024-07-30,77,0.063
2024-07-31,129,0.079
2024-08-01,122,0.077
2024-08-02,126,0.078
2024-08-03,115,0.075
2024-08-04,90,0.067
2024-08-05,64,0.059
2024-08-06,93,0.068
2024-08-07,87,0.066
2024-08-08,29,0.031
2024-08-09,26,0.028
2024-08-10,50,0.054
2024-08-11,43,0.046
2024-08-12,58,0.057
2024-08-13,45,0.049
2024-08-14,44,0.047
2024-08-15,54,0.056
2024-08-16,74,0.062
2024-08-17,50,0.054
2024-08-18,61,0.058
2024-08-19,50,0.054
2024-08-20,71,0.061
2024-08-21,58,0.057
2024-08-22,48,0.052
2024-08-23,45,0.049
2024-08-24,43,0.046
2024-08-25,40,0.043
2024-08-26,40,0.043
2024-08-27,64,0.059
2024-08-28,58,0.057
2024-08-29,54,0.056
2024-08-30,71,0.061
2024-08-31,90,0.067
2024-09-01,67,0.06
2024-09-02,84,0.065
2024-09-03,87,0.066
2024-09-04,48,0.052
2024-09-05,46,0.05
2024-09-06,71,0.061
2024-09-07,74,0.062
2024-09-08,67,0.06
2024-09-09,49,0.053
2024-09-10,50,0.054
2024-09-11,45,0.049
2024-09-12,44,0.047
2024-09-13,47,0.051
2024-09-14,54,0.056
2024-09-15,64,0.059
2024-09-16,40,0.043
2024-09-17,38,0.041
2024-09-18,49,0.053
2024-09-19,51,0.055
2024-09-20,47,0.051
2024-09-21,43,0.046
2024-09-22,43,0.046
2024-09-23,49,0.053
2024-09-24,43,0.046
2024-09-25,41,0.044
2024-09-26,48,0.052
2024-09-27,48,0.052
2024-09-28,54,0.056
2024-09-29,49,0.053
2024-09-30,39,0.042
2024-10-01,37,0.04
2024-10-02,43,0.046
2024-10-03,41,0.044
2024-10-04,37,0.04
2024-10-05,39,0.042
2024-10-06,49,0.053
2024-10-07,42,0.045
2024-10-08,39,0.042
2024-10-09,43,0.046
2024-10-10,58,0.057
2024-10-11,33,0.036
2024-10-12,46,0.05
2024-10-13,41,0.044
2024-10-14,38,0.041
2024-10-15,40,0.043
2024-10-16,42,0.045
2024-10-17,33,0.036
2024-10-18,27,0.029
2024-10-19,26,0.028
2024-10-20,48,0.052
2024-10-21,34,0.037
2024-10-22,32,0.035
2024-10-23,31,0.034
2024-10-24,40,0.043
2024-10-25,31,0.034
2024-10-26,26,0.028
2024-10-27,30,0.032
2024-10-28,21,0.023
2024-10-29,26,0.028
2024-10-30,18,0.019
2024-10-31,33,0.036
2024-11-01,,0.007
2024-11-02,5,0.005
2024-11-03,39,0.042
2024-11-04,25,0.027
2024-11-05,34,0.037
2024-11-06,18,0.019
2024-11-07,17,0.018
2024-11-08,17,0.018
2024-11-09,31,0.033
2024-11-10,31,0.033
2024-11-11,,0.023
2024-11-12,36,0.039
2024-11-13,,0.035
2024-11-16,19,0.02
2024-11-17,45,0.049
2024-11-18,35,0.038
2024-11-19,38,0.041
2024-11-20,31,0.033
2024-11-21,,0.014
2024-11-24,19,0.021
2024-11-25,32,0.035
2024-11-26,27,0.029
2024-11-27,30,0.032
2024-11-28,35,0.038
2024-11-29,39,0.042
2024-11-30,37,0.04
2024-12-01,,0.019
2024-12-02,21,0.023
2024-12-03,29,0.031
2024-12-04,26,0.028
2024-12-05,20,0.022
2024-12-06,28,0.03
2024-12-07,29,0.031
2024-12-08,34,0.037
2024-12-09,27,0.029
2024-12-10,38,0.041
2024-12-11,32,0.035
2024-12-12,16,0.017
2024-12-13,35,0.038
2024-12-14,35,0.038
2024-12-15,47,0.051
2024-12-16,18,0.019
2024-12-17,33,0.036
2024-12-18,29,0.031
2024-12-19,35,0.038
2024-12-20,19,0.021
2024-12-21,30,0.032
2024-12-22,15,0.016
2024-12-23,,0.0
2024-12-24,29,0.031
2024-12-25,31,0.034
2024-12-26,31,0.034
2024-12-27,38,0.041
2024-12-28,18,0.019
2024-12-29,35,0.038
2024-12-30,40,0.043
2024-12-31,29,0.031
2025-01-01,37,0.04
2025-01-02,30,0.032
2025-01-03,6,0.007
2025-01-04,6,0.006
2025-01-05,12,0.013
2025-01-06,24,0.026
2025-01-07,26,0.028
2025-01-08,29,0.031
2025-01-09,34,0.037
2025-01-10,28,0.03
2025-01-11,36,0.039
2025-01-12,32,0.035
2025-01-13,31,0.034
2025-01-14,33,0.036
2025-01-15,35,0.038
2025-01-17,22,0.024
2025-01-18,31,0.033
2025-01-19,29,0.031
2025-01-20,30,0.032
2025-01-21,42,0.045
2025-01-22,32,0.035
2025-01-23,33,0.036
2025-01-24,27,0.029
2025-01-25,32,0.035
2025-01-26,28,0.03
2025-01-27,24,0.026
2025-01-29,7,0.008
2025-01-30,28,0.03
2025-01-31,33,0.036
2025-02-02,39,0.042
2025-02-03,24,0.026
2025-02-04,6,0.007
2025-02-05,40,0.043
2025-02-06,25,0.027
2025-02-07,28,0.03
2025-02-08,27,0.029
2025-02-09,38,0.041
2025-02-10,29,0.031
2025-02-11,19,0.02
2025-02-12,29,0.031
2025-02-14,4,0.004
2025-02-15,17,0.018
2025-02-16,23,0.025
2025-02-17,17,0.018
2025-02-18,19,0.021
2025-02-19,21,0.023
2025-02-20,19,0.021
2025-02-21,35,0.038
2025-02-22,40,0.043
2025-02-23,41,0.044
2025-02-24,37,0.04
2025-02-25,42,0.045
2025-02-26,42,0.045
2025-02-27,42,0.045
2025-02-28,43,0.046
2025-03-01,48,0.052
2025-03-02,42,0.045
2025-03-03,,0.025
2025-03-04,17,0.018
2025-03-05,40,0.043
2025-03-06,31,0.033
2025-03-07,22,0.024
2025-03-08,40,0.043
2025-03-09,45,0.049
2025-03-10,42,0.045
2025-03-11,43,0.046
2025-03-12,50,0.054
2025-03-13,46,0.05
2025-03-14,44,0.048
2025-03-15,41,0.044
2025-03-16,43,0.046
2025-03-17,47,0.051
2025-03-18,44,0.047
2025-03-19,40,0.043
2025-03-20,44,0.047
2025-03-21,44,0.048
2025-03-22,43,0.046
2025-03-23,44,0.047
2025-03-24,32,0.035
2025-03-26,32,0.035
2025-03-27,41,0.044
2025-03-28,47,0.051
2025-03-29,44,0.047
2025-03-30,31,0.033
2025-03-31,36,0.039
2025-04-01,43,0.046
2025-04-02,46,0.05
2025-04-03,32,0.035
2025-04-04,29,0.031
2025-04-05,32,0.035
2025-04-06,48,0.052
2025-04-07,61,0.058
2025-04-08,45,0.049
2025-04-09,67,0.06
2025-04-10,64,0.059
2025-04-11,87,0.066
2025-04-12,64,0.059
2025-04-13,43,0.046
2025-04-14,,0.044
2025-04-16,45,0.049
2025-04-17,44,0.048
2025-04-18,27,0.029
2025-04-19,33,0.036
2025-04-20,45,0.049
2025-04-21,44,0.048
2025-04-22,49,0.053
2025-04-23,45,0.049
2025-04-24,42,0.045
2025-04-25,11,0.012
2025-04-26,34,0.037
2025-04-27,48,0.052
2025-04-28,58,0.057
2025-04-29,48,0.052
2025-04-30,49,0.053
2025-05-01,42,0.045
2025-05-02,71,0.061
2025-05-03,71,0.061
2025-05-04,50,0.054
2025-05-05,45,0.049
2025-05-06,36,0.039
2025-05-07,48,0.052
2025-05-08,77,0.063
2025-05-09,80,0.064
2025-05-10,108,0.073
2025-05-11,71,0.061
2025-05-12,84,0.065
2025-05-13,97,0.069
2025-05-14,58,0.057
2025-05-15,48,0.052
2025-05-16,46,0.05
2025-05-17,46,0.05
2025-05-18,45,0.049
2025-05-19,44,0.047
2025-05-20,51,0.055
2025-05-21,71,0.061
2025-05-22,64,0.059
2025-05-23,87,0.066
2025-05-24,34,0.037
2025-05-25,40,0.043
2025-05-26,45,0.049
2025-05-27,43,0.046
2025-05-28,43,0.046
2025-05-29,44,0.048
2025-05-30,44,0.047
2025-05-31,67,0.06
2025-06-01,64,0.059
2025-06-02,48,0.052
2025-06-03,34,0.037
2025-06-04,46,0.05
2025-06-05,41,0.044
2025-06-06,41,0.044
2025-06-07,64,0.059
2025-06-08,44,0.048
2025-06-09,49,0.053
2025-06-10,46,0.05
2025-06-11,58,0.057
2025-06-12,45,0.049
2025-06-13,64,0.059
2025-06-14,64,0.059
2025-06-15,48,0.052
2025-06-16,64,0.059
2025-06-17,37,0.04
2025-06-18,58,0.057
2025-06-19,71,0.061
2025-06-20,45,0.049
2025-06-21,67,0.06
2025-06-22,71,0.061
2025-06-23,43,0.046
2025-06-24,44,0.047
2025-06-25,44,0.048
2025-06-26,67,0.06
2025-06-27,64,0.059
2025-06-28,74,0.062
2025-06-29,67,0.06
2025-06-30,67,0.06
2025-07-01,,0.047
2025-07-02,37,0.04
2025-07-03,71,0.061
2025-07-04,61,0.058
2025-07-06,27,0.029
2025-07-07,50,0.054
2025-07-08,47,0.051
2025-07-09,51,0.055
2025-07-10,45,0.049
2025-07-11,74,0.062
2025-07-12,100,0.07
2025-07-13,100,0.07
2025-07-14,51,0.055
2025-07-15,48,0.052
2025-07-16,45,0.049
2025-07-17,71,0.061
2025-07-18,74,0.062
2025-07-19,84,0.065
2025-07-20,74,0.062
2025-07-21,67,0.06
2025-07-22,61,0.058
2025-07-23,44,0.048
2025-07-24,48,0.052
2025-07-25,51,0.055
2025-07-26,46,0.05
2025-07-27,44,0.047
2025-07-28,42,0.045
2025-07-29,45,0.049
2025-07-30,47,0.051
2025-07-31,45,0.049
2025-08-01,44,0.048
2025-08-02,42,0.045
2025-08-03,61,0.058
2025-08-04,51,0.055
2025-08-05,64,0.059
2025-08-06,45,0.049
2025-08-07,39,0.042
2025-08-08,46,0.05
2025-08-09,50,0.054
2025-08-10,46,0.05
2025-08-11,46,0.05
2025-08-12,49,0.053
2025-08-13,51,0.055
2025-08-14,46,0.05
2025-08-15,61,0.058
2025-08-16,50,0.054
2025-08-17,49,0.053
2025-08-18,61,0.058
2025-08-19,51,0.055
2025-08-20,51,0.055
2025-08-21,80,0.064
2025-08-22,40,0.043
2025-08-23,54,0.056
2025-08-24,38,0.041
2025-08-25,36,0.039
2025-08-26,43,0.046
2025-08-27,44,0.047
2025-08-28,64,0.059
2025-08-29,51,0.055
2025-08-30,47,0.051
2025-08-31,48,0.052
2025-09-01,49,0.053
2025-09-02,46,0.05
2025-09-03,51,0.055
2025-09-04,74,0.062
2025-09-05,30,0.032
2025-09-06,51,0.055
2025-09-07,47,0.051
2025-09-08,42,0.045
2025-09-09,40,0.043
2025-09-10,35,0.038
2025-09-11,38,0.041
2025-09-12,31,0.034
2025-09-13,37,0.04
2025-09-14,44,0.048
2025-09-15,47,0.051
2025-09-16,43,0.046
2025-09-17,45,0.049
2025-09-18,48,0.052
2025-09-19,49,0.053
2025-09-20,46,0.05
2025-09-21,38,0.041
2025-09-22,35,0.038
2025-09-23,28,0.03
2025-09-24,44,0.047
2025-09-25,46,0.05
2025-09-26,46,0.05
2025-09-27,47,0.051
2025-09-28,45,0.049
2025-09-29,40,0.043
2025-09-30,44,0.048
2025-10-01,47,0.051
2025-10-02,44,0.048
2025-10-03,35,0.038
2025-10-04,39,0.042
2025-10-05,34,0.037
2025-10-06,19,0.02
2025-10-07,14,0.015
2025-10-08,28,0.03
2025-10-09,30,0.032
2025-10-12,28,0.03
2025-10-13,31,0.033
2025-10-14,0,0.0
2025-10-15,35,0.038
2025-10-16,35,0.038
2025-10-17,41,0.044
2025-10-18,38,0.041
2025-10-19,40,0.043
2025-10-20,40,0.043
2025-10-21,36,0.039
2025-10-22,39,0.042
2025-10-23,28,0.03
2025-10-24,35,0.038
2025-10-25,40,0.043
2025-10-26,27,0.029
2025-10-27,31,0.033
2025-10-28,33,0.036
2025-10-29,27,0.029
2025-11-01,29,0.031
2025-11-02,35,0.038
2025-11-03,22,0.024
2025-11-04,34,0.037
2025-11-05,23,0.025
2025-11-06,37,0.04
2025-11-07,34,0.037
2025-11-08,40,0.043
2025-11-09,36,0.039
2025-11-10,24,0.026
2025-11-11,35,0.038
2025-11-13,33,0.036
2025-11-16,33,0.036
2025-11-17,38,0.041
2025-11-19,28,0.03
2025-11-20,19,0.021
2025-11-21,17,0.018
2025-11-22,27,0.029
2025-11-23,22,0.024
2025-11-24,36,0.039
2025-11-25,31,0.033
2025-11-26,14,0.015
2025-11-28,22,0.024
2025-11-29,24,0.026
2025-11-30,19,0.02
2025-12-01,31,0.034
2025-12-02,30,0.032
2025-12-03,19,0.021
2025-12-04,23,0.025
2025-12-05,11,0.012
2025-12-06,37,0.04
2025-12-07,38,0.041
2025-12-08,38,0.041
2025-12-09,31,0.033
2025-12-10,23,0.025
2025-12-11,41,0.044
2025-12-13,30,0.032
2025-12-14,29,0.031
2025-12-15,24,0.026
2025-12-16,34,0.037
2025-12-17,44,0.047
2025-12-18,41,0.044
2025-12-19,40,0.043
2025-12-20,27,0.029
2025-12-27,31,0.034
2025-12-28,35,0.038
2025-12-30,6,0.007
2025-12-31,20,0.022
