date,aqi,daily_max
1985-06-30,4,0.004
1985-07-01,71,0.061
1985-07-02,38,0.041
1985-07-03,43,0.046
1985-07-04,28,0.03
1985-07-05,28,0.03
1985-07-06,44,0.047
1985-07-07,38,0.041
1985-07-08,33,0.036
1985-07-09,25,0.027
1985-07-10,21,0.023
1985-07-11,29,0.031
1985-07-12,29,0.031
1985-07-13,40,0.043
1985-07-14,45,0.049
1985-07-15,36,0.039
1985-07-16,32,0.035
1985-07-17,39,0.042
1985-07-18,100,0.07
1985-07-19,115,0.075
1985-07-20,67,0.06
1985-07-21,44,0.047
1985-07-22,19,0.021
1985-07-23,36,0.039
1985-07-24,40,0.043
1985-07-25,97,0.069
1985-07-26,93,0.068
1985-07-27,105,0.072
1985-07-28,122,0.077
1985-07-29,13,0.014
1985-07-30,2,0.002
1985-07-31,8,0.009
1985-08-01,18,0.019
1985-08-02,32,0.035
1985-08-03,34,0.037
1985-08-04,27,0.029
1985-08-05,43,0.046
1985-08-06,35,0.038
1985-08-07,18,0.019
1985-08-08,25,0.027
1985-08-09,30,0.032
1985-08-10,34,0.037
1985-08-11,42,0.045
1985-08-12,40,0.043
1985-08-13,49,0.053
1985-08-14,58,0.057
1985-08-15,40,0.043
1985-08-16,50,0.054
1985-08-17,34,0.037
1985-08-18,16,0.017
1985-08-19,28,0.03
1985-08-20,40,0.043
1985-08-21,47,0.051
1985-08-22,50,0.054
1985-08-23,84,0.065
1985-08-24,48,0.052
1985-08-25,115,0.075
1985-08-26,44,0.047
1985-08-27,27,0.029
1985-08-28,41,0.044
1985-08-29,28,0.03
1985-08-30,25,0.027
1985-08-31,35,0.038
1985-09-01,19,0.02
1985-09-02,28,0.03
1985-09-03,33,0.036
1985-09-04,24,0.026
1985-09-05,16,0.017
1985-09-06,31,0.034
1985-09-07,26,0.028
1985-09-08,,0.001
1985-09-14,21,0.023
1985-09-15,31,0.033
1985-09-16,21,0.023
1985-09-20,1,0.001
1985-09-21,30,0.032
1985-09-22,27,0.029
1985-09-25,1,0.001
1985-09-26,35,0.038
1985-09-27,30,0.032
1985-09-28,26,0.028
1985-09-29,31,0.034
1985-09-30,7,0.008
1985-10-01,33,0.036
1985-10-02,28,0.03
1985-10-03,26,0.028
1985-10-04,26,0.028
1985-10-05,37,0.04
1985-10-06,28,0.03
1985-10-07,22,0.024
1985-10-08,29,0.031
1985-10-09,27,0.029
1985-10-10,19,0.02
1985-10-11,25,0.027
1985-10-12,29,0.031
1985-10-13,21,0.023
1985-10-14,19,0.021
1985-10-15,13,0.014
1985-10-16,19,0.021
1985-10-17,15,0.016
1985-10-18,15,0.016
1985-10-19,5,0.005
1985-10-20,30,0.032
1985-10-21,27,0.029
1985-10-22,20,0.022
1985-10-23,15,0.016
1985-10-24,21,0.023
1985-10-25,23,0.025
1985-10-26,17,0.018
1985-10-27,26,0.028
1985-10-28,25,0.027
1985-10-29,11,0.012
1985-10-30,13,0.014
1985-10-31,8,0.009
1986-03-31,29,0.031
1986-04-01,32,0.035
1986-04-02,35,0.038
1986-04-03,21,0.023
1986-04-04,31,0.034
1986-04-05,34,0.037
1986-04-06,39,0.042
1986-04-07,35,0.038
1986-04-08,26,0.028
1986-04-09,31,0.033
1986-04-10,38,0.041
1986-04-11,31,0.034
1986-04-12,28,0.03
1986-04-13,33,0.036
1986-04-14,28,0.03
1986-04-15,36,0.039
1986-04-16,32,0.035
1986-04-17,34,0.037
1986-04-18,35,0.038
1986-04-19,42,0.045
1986-04-20,39,0.042
1986-04-21,41,0.044
1986-04-22,33,0.036
1986-04-23,38,0.041
1986-04-24,38,0.041
1986-04-25,36,0.039
1986-04-26,31,0.034
1986-04-27,31,0.033
1986-04-28,37,0.04
1986-04-29,38,0.041
1986-04-30,13,0.014
1986-05-01,21,0.023
1986-05-02,27,0.029
1986-05-03,30,0.032
1986-05-04,31,0.034
1986-05-05,34,0.037
1986-05-06,36,0.039
1986-05-07,30,0.032
1986-05-08,38,0.041
1986-05-09,20,0.022
1986-05-10,33,0.036
1986-05-11,32,0.035
1986-05-12,33,0.036
1986-05-13,40,0.043
1986-05-14,33,0.036
1986-05-15,40,0.043
1986-05-16,41,0.044
1986-05-17,43,0.046
1986-05-18,21,0.023
1986-05-19,26,0.028
1986-05-20,24,0.026
1986-05-21,24,0.026
1986-05-22,31,0.033
1986-05-23,30,0.032
1986-05-24,32,0.035
1986-05-25,23,0.025
1986-05-26,19,0.021
1986-05-27,20,0.022
1986-05-28,41,0.044
1986-05-29,90,0.067
1986-05-30,133,0.08
1986-05-31,45,0.049
1986-06-01,48,0.052
1986-06-02,48,0.052
1986-06-03,22,0.024
1986-06-04,18,0.019
1986-06-05,28,0.03
1986-06-06,29,0.031
1986-06-07,33,0.036
1986-06-08,40,0.043
1986-06-09,58,0.057
1986-06-10,119,0.076
1986-06-11,58,0.057
1986-06-12,97,0.069
1986-06-13,90,0.067
1986-06-14,26,0.028
1986-06-15,30,0.032
1986-06-16,17,0.018
1986-06-17,13,0.014
1986-06-18,20,0.022
1986-06-19,31,0.033
1986-06-20,31,0.033
1986-06-21,35,0.038
1986-06-22,49,0.053
1986-06-23,36,0.039
1986-06-24,38,0.041
1986-06-25,64,0.059
1986-06-26,61,0.058
1986-06-27,45,0.049
1986-06-28,20,0.022
1986-06-29,32,0.035
1986-06-30,34,0.037
1987-05-31,6,0.006
1987-06-01,39,0.042
1987-06-02,49,0.053
1987-06-03,112,0.074
1987-06-04,39,0.042
1987-06-05,26,0.028
1987-06-06,44,0.047
1987-06-07,50,0.054
1987-06-08,43,0.046
1987-06-09,47,0.051
1987-06-10,44,0.048
1987-06-11,42,0.045
1987-06-12,47,0.051
1987-06-13,58,0.057
1987-06-14,33,0.036
1987-06-15,23,0.025
1987-06-16,32,0.035
1987-06-17,43,0.046
1987-06-18,51,0.055
1987-06-19,58,0.057
1987-06-20,25,0.027
1987-06-21,29,0.031
1987-06-22,35,0.038
1987-06-23,49,0.053
1987-06-24,115,0.075
1987-06-25,185,0.099
1987-06-26,161,0.09
1987-06-27,46,0.05
1987-06-28,54,0.056
1987-06-29,67,0.06
1987-06-30,37,0.04
1987-07-01,26,0.028
1987-07-02,30,0.032
1987-07-03,21,0.023
1987-07-04,18,0.019
1987-07-05,19,0.021
1987-07-06,26,0.028
1987-07-07,19,0.021
1987-07-08,29,0.031
1987-07-09,25,0.027
1987-07-10,39,0.042
1987-07-11,51,0.055
1987-07-12,64,0.059
1987-07-13,143,0.083
1987-07-14,93,0.068
1987-07-15,36,0.039
1987-07-16,18,0.019
1987-07-17,13,0.014
1987-07-18,12,0.013
1987-07-19,31,0.033
1987-07-20,44,0.048
1987-07-21,24,0.026
1987-07-22,25,0.027
1987-07-23,37,0.04
1987-07-24,17,0.018
1987-07-25,26,0.028
1987-07-26,21,0.023
1987-07-27,23,0.025
1987-07-28,28,0.03
1987-07-29,26,0.028
1987-07-30,23,0.025
1987-07-31,33,0.036
1987-08-01,33,0.036
1987-08-02,49,0.053
1987-08-03,108,0.073
1987-08-04,45,0.049
1987-08-05,42,0.045
1987-08-06,42,0.045
1987-08-07,87,0.066
1987-08-08,115,0.075
1987-08-09,19,0.02
1987-08-10,22,0.024
1987-08-11,37,0.04
1987-08-12,34,0.037
1987-08-13,18,0.019
1987-08-14,20,0.022
1987-08-15,19,0.021
1987-08-16,33,0.036
1987-08-17,32,0.035
1987-08-18,50,0.054
1987-08-19,42,0.045
1987-08-20,31,0.033
1987-08-21,38,0.041
1987-08-22,40,0.043
1987-08-23,61,0.058
1987-08-24,54,0.056
1987-08-25,45,0.049
1987-08-26,51,0.055
1987-08-27,58,0.057
1987-08-28,44,0.048
1987-08-29,49,0.053
1987-08-30,133,0.08
1987-08-31,108,0.073
1987-09-01,51,0.055
1987-09-02,21,0.023
1987-09-03,36,0.039
1987-09-04,58,0.057
1987-09-05,61,0.058
1987-09-06,39,0.042
1987-09-07,31,0.034
1987-09-08,35,0.038
1987-09-09,34,0.037
1987-09-10,28,0.03
1987-09-11,26,0.028
1987-09-12,19,0.02
1987-09-13,34,0.037
1987-09-14,16,0.017
1987-09-15,22,0.024
1987-09-16,30,0.032
1987-09-17,30,0.032
1987-09-18,39,0.042
1987-09-19,48,0.052
1987-09-20,36,0.039
1987-09-21,37,0.04
1987-09-22,54,0.056
1987-09-23,29,0.031
1987-09-24,21,0.023
1987-09-25,18,0.019
1987-09-26,28,0.03
1987-09-27,25,0.027
1987-09-28,27,0.029
1987-09-29,23,0.025
1987-09-30,36,0.039
1987-10-01,46,0.05
1987-10-02,38,0.041
1987-10-03,23,0.025
1987-10-04,25,0.027
1987-10-05,26,0.028
1987-10-06,21,0.023
1987-10-07,30,0.032
1987-10-08,22,0.024
1987-10-09,15,0.016
1987-10-10,26,0.028
1987-10-11,22,0.024
1987-10-12,32,0.035
1987-10-13,24,0.026
1987-10-14,26,0.028
1987-10-15,20,0.022
1987-10-16,19,0.02
1987-10-17,28,0.03
1987-10-18,27,0.029
1987-10-19,21,0.023
1987-10-20,15,0.016
1987-10-21,22,0.024
1987-10-22,15,0.016
1987-10-23,25,0.027
1987-10-24,23,0.025
1987-10-25,29,0.031
1987-10-26,11,0.012
1987-10-27,12,0.013
1987-10-28,20,0.022
1987-10-29,13,0.014
1987-10-30,7,0.008
1987-10-31,3,0.003
1988-04-28,39,0.042
1988-04-29,36,0.039
1988-04-30,31,0.034
1988-05-01,31,0.033
1988-05-02,23,0.025
1988-05-03,31,0.033
1988-05-04,35,0.038
1988-05-05,24,0.026
1988-05-06,29,0.031
1988-05-07,34,0.037
1988-05-08,31,0.033
1988-05-09,19,0.021
1988-05-10,33,0.036
1988-05-11,40,0.043
1988-05-12,34,0.037
1988-05-13,32,0.035
1988-05-14,42,0.045
1988-05-15,35,0.038
1988-05-16,34,0.037
1988-05-17,31,0.034
1988-05-18,30,0.032
1988-05-19,42,0.045
1988-05-20,46,0.05
1988-05-21,90,0.067
1988-05-22,36,0.039
1988-05-23,40,0.043
1988-05-24,43,0.046
1988-05-25,40,0.043
1988-05-26,31,0.034
1988-05-27,29,0.031
1988-05-28,31,0.034
1988-05-29,31,0.034
1988-05-30,31,0.033
1988-05-31,19,0.02
1988-06-01,36,0.039
1988-06-02,27,0.029
1988-06-03,33,0.036
1988-06-04,31,0.033
1988-06-05,32,0.035
1988-06-06,26,0.028
1988-06-07,21,0.023
1988-06-08,26,0.028
1988-06-09,19,0.021
1988-06-10,31,0.034
1988-06-11,37,0.04
1988-06-12,44,0.048
1988-06-13,74,0.062
1988-06-14,87,0.066
1988-06-15,71,0.061
1988-06-16,35,0.038
1988-06-17,27,0.029
1988-06-18,26,0.028
1988-06-19,44,0.047
1988-06-20,44,0.047
1988-06-21,36,0.039
1988-06-22,19,0.021
1988-06-23,32,0.035
1988-06-24,74,0.062
1988-06-25,30,0.032
1988-06-26,31,0.033
1988-06-27,31,0.034
1988-06-28,26,0.028
1988-06-29,32,0.035
1988-06-30,40,0.043
1988-07-01,19,0.02
1988-07-02,19,0.02
1988-07-03,27,0.029
1988-07-04,28,0.03
1988-07-05,24,0.026
1988-07-06,37,0.04
1988-07-07,74,0.062
1988-07-08,90,0.067
1988-07-09,45,0.049
1988-07-10,23,0.025
1988-07-11,18,0.019
1988-07-12,16,0.017
1988-07-13,14,0.015
1988-07-14,30,0.032
1988-07-15,34,0.037
1988-07-16,50,0.054
1988-07-17,54,0.056
1988-07-18,156,0.088
1988-07-19,195,0.103
1988-07-20,147,0.084
1988-07-21,51,0.055
1988-07-22,51,0.055
1988-07-23,84,0.065
1988-07-24,147,0.084
1988-07-25,159,0.089
1988-07-26,159,0.089
1988-07-27,48,0.052
1988-07-28,49,0.053
1988-07-29,61,0.058
1988-07-30,61,0.058
1988-07-31,44,0.047
1988-08-01,38,0.041
1988-08-02,49,0.053
1988-08-03,93,0.068
1988-08-04,147,0.084
1988-08-05,30,0.032
1988-08-06,41,0.044
1988-08-07,43,0.046
1988-08-08,67,0.06
1988-08-09,43,0.046
1988-08-10,25,0.027
1988-08-11,34,0.037
1988-08-12,46,0.05
1988-08-13,33,0.036
1988-08-14,41,0.044
1988-08-15,33,0.036
1988-08-16,17,0.018
1988-08-17,31,0.034
1988-08-18,47,0.051
1988-08-19,47,0.051
1988-08-20,44,0.047
1988-08-21,58,0.057
1988-08-22,169,0.093
1988-08-23,84,0.065
1988-08-24,32,0.035
1988-08-25,58,0.057
1988-08-26,90,0.067
1988-08-27,133,0.08
1988-08-28,147,0.084
1988-08-29,33,0.036
1988-08-30,50,0.054
1988-08-31,2,0.002
1988-09-01,203,0.108
1988-09-02,166,0.092
1988-09-03,67,0.06
1988-09-04,105,0.072
1988-09-05,97,0.069
1988-09-06,33,0.036
1988-09-07,41,0.044
1988-09-08,39,0.042
1988-09-09,43,0.046
1988-09-10,36,0.039
1988-09-11,37,0.04
1988-09-12,40,0.043
1988-09-13,31,0.033
1988-09-14,74,0.062
1988-09-15,45,0.049
1988-09-16,31,0.033
1988-09-17,31,0.033
1988-09-18,39,0.042
1988-09-19,29,0.031
1988-09-20,28,0.03
1988-09-21,30,0.032
1988-09-22,19,0.021
1988-09-23,27,0.029
1988-09-24,24,0.026
1988-09-25,18,0.019
1988-09-26,21,0.023
1988-09-27,26,0.028
1988-09-28,13,0.014
1988-09-29,25,0.027
1988-09-30,36,0.039
1988-10-01,44,0.047
1988-10-02,26,0.028
1988-10-03,18,0.019
1988-10-04,4,0.004
1988-10-05,7,0.008
1988-10-06,18,0.019
1988-10-07,12,0.013
1988-10-08,14,0.015
1988-10-09,26,0.028
1988-10-10,29,0.031
1988-10-11,22,0.024
1988-10-12,15,0.016
1988-10-13,0,0.0
1988-10-14,28,0.03
1988-10-15,22,0.024
1988-10-16,15,0.016
1988-10-17,19,0.021
1988-10-18,22,0.024
1988-10-19,19,0.021
1988-10-20,12,0.013
1988-10-21,12,0.013
1988-10-22,28,0.03
1988-10-23,19,0.021
1988-10-24,5,0.005
1988-10-25,3,0.003
1988-10-26,6,0.007
1988-10-27,7,0.008
1988-10-28,6,0.007
1988-10-29,16,0.017
1988-10-30,22,0.024
1989-04-27,2,0.002
1989-04-28,36,0.039
1989-04-29,37,0.04
1989-04-30,27,0.029
1989-05-01,35,0.038
1989-05-02,34,0.037
1989-05-03,9,0.01
1989-05-04,33,0.036
1989-05-05,43,0.046
1989-05-06,35,0.038
1989-05-07,33,0.036
1989-05-08,32,0.035
1989-05-09,19,0.021
1989-05-10,29,0.031
1989-05-11,39,0.042
1989-05-12,34,0.037
1989-05-13,45,0.049
1989-05-14,50,0.054
1989-05-15,50,0.054
1989-05-16,29,0.031
1989-05-17,29,0.031
1989-05-18,29,0.031
1989-05-19,37,0.04
1989-05-20,44,0.048
1989-05-21,36,0.039
1989-05-22,36,0.039
1989-05-23,29,0.031
1989-05-24,27,0.029
1989-05-25,32,0.035
1989-05-26,19,0.02
1989-05-27,32,0.035
1989-05-28,35,0.038
1989-05-29,31,0.033
1989-05-30,43,0.046
1989-05-31,44,0.048
1989-06-01,74,0.062
1989-06-02,41,0.044
1989-06-03,61,0.058
1989-06-04,58,0.057
1989-06-05,26,0.028
1989-06-06,31,0.034
1989-06-07,35,0.038
1989-06-08,24,0.026
1989-06-09,36,0.039
1989-06-10,45,0.049
1989-06-11,34,0.037
1989-06-12,23,0.025
1989-06-13,16,0.017
1989-06-14,17,0.018
1989-06-15,28,0.03
1989-06-16,32,0.035
1989-06-17,28,0.03
1989-06-18,30,0.032
1989-06-19,28,0.03
1989-06-20,35,0.038
1989-06-21,42,0.045
1989-06-22,42,0.045
1989-06-23,41,0.044
1989-06-24,64,0.059
1989-06-25,27,0.029
1989-06-26,32,0.035
1989-06-27,28,0.03
1989-06-28,19,0.02
1989-06-29,13,0.014
1989-06-30,21,0.023
1989-07-01,20,0.022
1989-07-02,18,0.019
1989-07-03,23,0.025
1989-07-04,35,0.038
1989-07-05,41,0.044
1989-07-06,61,0.058
1989-07-07,30,0.032
1989-07-08,31,0.034
1989-07-09,23,0.025
1989-07-10,31,0.034
1989-07-11,44,0.048
1989-07-12,29,0.031
1989-07-13,35,0.038
1989-07-14,24,0.026
1989-07-15,26,0.028
1989-07-16,10,0.011
1989-07-17,13,0.014
1989-07-18,16,0.017
1989-07-19,38,0.041
1989-07-20,16,0.017
1989-07-21,31,0.033
1989-07-22,44,0.048
1989-07-23,42,0.045
1989-07-24,39,0.042
1989-07-25,54,0.056
1989-07-26,19,0.021
1989-07-27,42,0.045
1989-07-28,44,0.047
1989-07-29,16,0.017
1989-07-30,24,0.026
1989-07-31,19,0.021
1989-08-01,13,0.014
1989-08-02,23,0.025
1989-08-03,27,0.029
1989-08-04,38,0.041
1989-08-05,67,0.06
1989-08-06,58,0.057
1989-08-07,58,0.057
1989-08-08,38,0.041
1989-08-09,24,0.026
1989-08-10,31,0.034
1989-08-11,36,0.039
1989-08-12,21,0.023
1989-08-13,30,0.032
1989-08-14,24,0.026
1989-08-15,33,0.036
1989-08-16,35,0.038
1989-08-17,31,0.034
1989-08-18,39,0.042
1989-08-19,29,0.031
1989-08-20,26,0.028
1989-08-21,9,0.01
1989-08-22,14,0.015
1989-08-23,19,0.021
1989-08-24,28,0.03
1989-08-25,33,0.036
1989-08-26,43,0.046
1989-08-27,39,0.042
1989-08-28,26,0.028
1989-08-29,14,0.015
1989-08-30,18,0.019
1989-08-31,31,0.034
1989-09-01,25,0.027
1989-09-02,35,0.038
1989-09-03,37,0.04
1989-09-04,48,0.052
1989-09-05,32,0.035
1989-09-06,31,0.034
1989-09-07,35,0.038
1989-09-08,39,0.042
1989-09-09,35,0.038
1989-09-10,44,0.047
1989-09-11,35,0.038
1989-09-12,40,0.043
1989-09-13,38,0.041
1989-09-14,67,0.06
1989-09-15,54,0.056
1989-09-16,44,0.047
1989-09-17,29,0.031
1989-09-18,31,0.033
1989-09-19,30,0.032
1989-09-20,31,0.033
1989-09-21,38,0.041
1989-09-22,41,0.044
1989-09-23,84,0.065
1989-09-24,39,0.042
1989-09-25,32,0.035
1989-09-26,16,0.017
1989-09-27,14,0.015
1989-09-28,20,0.022
1989-09-29,26,0.028
1989-09-30,14,0.015
1989-10-01,24,0.026
1989-10-02,19,0.02
1989-10-03,22,0.024
1989-10-04,26,0.028
1989-10-05,24,0.026
1989-10-06,16,0.017
1989-10-07,18,0.019
1989-10-08,26,0.028
1989-10-09,19,0.021
1989-10-10,16,0.017
1989-10-11,24,0.026
1989-10-12,30,0.032
1989-10-13,17,0.018
1989-10-14,31,0.033
1989-10-15,24,0.026
1989-10-16,17,0.018
1989-10-17,19,0.02
1989-10-18,8,0.009
1989-10-19,3,0.003
1989-10-20,25,0.027
1989-10-21,22,0.024
1989-10-22,19,0.021
1989-10-23,25,0.027
1989-10-24,18,0.019
1989-10-25,23,0.025
1989-10-26,19,0.021
1989-10-27,14,0.015
1989-10-28,8,0.009
1989-10-29,8,0.009
1989-10-30,7,0.008
1989-10-31,5,0.005
1991-04-30,33,0.036
1991-05-01,39,0.042
1991-05-02,40,0.043
1991-05-03,37,0.04
1991-05-04,40,0.043
1991-05-05,36,0.039
1991-05-06,31,0.034
1991-05-07,38,0.041
1991-05-08,31,0.034
1991-05-09,32,0.035
1991-05-10,29,0.031
1991-05-11,24,0.026
1991-05-12,30,0.032
1991-05-13,23,0.025
1991-05-14,35,0.038
1991-05-15,27,0.029
1991-05-16,30,0.032
1991-05-17,22,0.024
1991-05-18,19,0.021
1991-05-19,15,0.016
1991-05-20,16,0.017
1991-05-21,24,0.026
1991-05-22,26,0.028
1991-05-23,33,0.036
1991-05-24,28,0.03
1991-05-25,30,0.032
1991-05-26,32,0.035
1991-05-27,34,0.037
1991-05-28,32,0.035
1991-05-29,22,0.024
1991-05-30,30,0.032
1991-05-31,33,0.036
1991-06-01,45,0.049
1991-06-02,40,0.043
1991-06-03,33,0.036
1991-06-04,30,0.032
1991-06-05,31,0.034
1991-06-06,32,0.035
1991-06-07,18,0.019
1991-06-08,35,0.038
1991-06-09,46,0.05
1991-06-10,32,0.035
1991-06-11,26,0.028
1991-06-12,19,0.02
1991-06-13,17,0.018
1991-06-14,25,0.027
1991-06-15,20,0.022
1991-06-16,21,0.023
1991-06-17,32,0.035
1991-06-18,33,0.036
1991-06-19,15,0.016
1991-06-20,21,0.023
1991-06-21,17,0.018
1991-06-22,29,0.031
1991-06-23,30,0.032
1991-06-24,19,0.02
1991-06-25,17,0.018
1991-06-26,28,0.03
1991-06-27,23,0.025
1991-06-28,32,0.035
1991-06-29,25,0.027
1991-06-30,24,0.026
1991-07-01,67,0.06
1991-07-02,90,0.067
1991-07-03,48,0.052
1991-07-04,48,0.052
1991-07-05,42,0.045
1991-07-06,51,0.055
1991-07-07,49,0.053
1991-07-08,44,0.048
1991-07-09,30,0.032
1991-07-10,45,0.049
1991-07-11,46,0.05
1991-07-12,46,0.05
1991-07-15,23,0.025
1991-07-16,13,0.014
1991-07-17,31,0.033
1991-07-18,37,0.04
1991-07-19,45,0.049
1991-07-20,39,0.042
1991-07-21,45,0.049
1991-07-22,105,0.072
1991-07-23,67,0.06
1991-07-24,18,0.019
1991-07-25,23,0.025
1991-07-26,42,0.045
1991-07-27,48,0.052
1991-07-28,48,0.052
1991-07-29,44,0.047
1991-07-30,47,0.051
1991-07-31,46,0.05
1991-08-01,41,0.044
1991-08-02,41,0.044
1991-08-03,67,0.06
1991-08-04,42,0.045
1991-08-05,31,0.033
1991-08-06,21,0.023
1991-08-07,18,0.019
1991-08-08,23,0.025
1991-08-09,23,0.025
1991-08-10,39,0.042
1991-08-11,40,0.043
1991-08-12,47,0.051
1991-08-13,31,0.034
1991-08-14,64,0.059
1991-08-15,34,0.037
1991-08-16,38,0.041
1991-08-17,47,0.051
1991-08-18,36,0.039
1991-08-19,40,0.043
1991-08-20,44,0.047
1991-08-21,67,0.06
1991-08-22,41,0.044
1991-08-23,34,0.037
1991-08-24,41,0.044
1991-08-25,37,0.04
1991-08-26,45,0.049
1991-08-27,18,0.019
1991-08-28,19,0.021
1991-08-29,18,0.019
1991-08-30,19,0.02
1991-08-31,13,0.014
1991-09-01,28,0.03
1991-09-02,33,0.036
1991-09-03,50,0.054
1991-09-04,100,0.07
1991-09-05,71,0.061
1991-09-06,29,0.031
1991-09-07,23,0.025
1991-09-08,33,0.036
1991-09-09,31,0.034
1991-09-10,43,0.046
1991-09-11,35,0.038
1991-09-12,40,0.043
1991-09-13,23,0.025
1991-09-14,35,0.038
1991-09-15,38,0.041
1991-09-16,40,0.043
1991-09-17,48,0.052
1991-09-18,49,0.053
1991-09-19,50,0.054
1991-09-20,30,0.032
1991-09-21,29,0.031
1991-09-22,35,0.038
1991-09-23,39,0.042
1991-09-24,44,0.048
1991-09-25,44,0.048
1991-09-26,29,0.031
1991-09-27,21,0.023
1991-09-28,29,0.031
1991-09-29,35,0.038
1991-09-30,37,0.04
1992-04-30,4,0.004
1992-05-01,23,0.025
1992-05-02,28,0.03
1992-05-03,39,0.042
1992-05-04,39,0.042
1992-05-05,4,0.004
1992-05-06,64,0.059
1992-05-07,33,0.036
1992-05-08,29,0.031
1992-05-09,34,0.037
1992-05-10,31,0.033
1992-05-11,35,0.038
1992-05-12,24,0.026
1992-05-13,38,0.041
1992-05-14,39,0.042
1992-05-15,31,0.034
1992-05-16,36,0.039
1992-05-17,29,0.031
1992-05-20,40,0.043
1992-05-21,41,0.044
1992-05-22,43,0.046
1992-05-23,64,0.059
1992-05-24,100,0.07
1992-05-25,31,0.034
1992-05-26,32,0.035
1992-05-27,36,0.039
1992-05-28,27,0.029
1992-05-29,39,0.042
1992-05-30,49,0.053
1992-05-31,51,0.055
1992-06-01,27,0.029
1992-06-02,40,0.043
1992-06-03,54,0.056
1992-06-04,40,0.043
1992-06-05,44,0.048
1992-06-06,44,0.048
1992-06-07,41,0.044
1992-06-08,35,0.038
1992-06-09,21,0.023
1992-06-10,26,0.028
1992-06-11,21,0.023
1992-06-12,22,0.024
1992-06-13,21,0.023
1992-06-14,26,0.028
1992-06-15,22,0.024
1992-06-16,28,0.03
1992-06-17,42,0.045
1992-06-18,49,0.053
1992-06-19,48,0.052
1992-06-20,43,0.046
1992-06-21,84,0.065
1992-06-22,133,0.08
1992-06-23,58,0.057
1992-06-24,39,0.042
1992-06-25,33,0.036
1992-06-26,32,0.035
1992-06-27,30,0.032
1992-06-28,19,0.02
1992-06-29,20,0.022
1992-06-30,20,0.022
1992-07-01,29,0.031
1992-07-02,22,0.024
1992-07-03,35,0.038
1992-07-04,24,0.026
1992-07-05,22,0.024
1992-07-06,26,0.028
1992-07-07,33,0.036
1992-07-08,31,0.034
1992-07-09,39,0.042
1992-07-10,31,0.034
1992-07-11,34,0.037
1992-07-12,38,0.041
1992-07-13,19,0.021
1992-07-14,37,0.04
1992-07-15,58,0.057
1992-07-16,136,0.081
1992-07-17,97,0.069
1992-07-18,26,0.028
1992-07-19,29,0.031
1992-07-20,19,0.021
1992-07-21,20,0.022
1992-07-22,15,0.016
1992-07-23,26,0.028
1992-07-24,33,0.036
1992-07-25,44,0.048
1992-07-26,44,0.048
1992-07-27,44,0.047
1992-07-28,51,0.055
1992-07-29,67,0.06
1992-07-30,100,0.07
1992-07-31,30,0.032
1992-08-01,29,0.031
1992-08-02,39,0.042
1992-08-03,29,0.031
1992-08-04,31,0.033
1992-08-05,43,0.046
1992-08-06,11,0.012
1992-08-07,18,0.019
1992-08-08,25,0.027
1992-08-09,43,0.046
1992-08-10,105,0.072
1992-08-11,97,0.069
1992-08-12,37,0.04
1992-08-13,41,0.044
1992-08-14,46,0.05
1992-08-15,49,0.053
1992-08-16,61,0.058
1992-08-17,74,0.062
1992-08-18,49,0.053
1992-08-19,44,0.047
1992-08-20,42,0.045
1992-08-21,20,0.022
1992-08-22,22,0.024
1992-08-23,34,0.037
1992-08-24,38,0.041
1992-08-25,42,0.045
1992-08-26,42,0.045
1992-08-27,40,0.043
1992-08-28,44,0.048
1992-08-29,50,0.054
1992-08-30,51,0.055
1992-08-31,13,0.014
1992-09-01,31,0.034
1992-09-02,41,0.044
1992-09-03,29,0.031
1992-09-04,13,0.014
1992-09-05,30,0.032
1992-09-06,30,0.032
1992-09-07,30,0.032
1992-09-08,21,0.023
1992-09-09,28,0.03
1992-09-10,36,0.039
1992-09-11,28,0.03
1992-09-12,32,0.035
1992-09-13,37,0.04
1992-09-14,23,0.025
1992-09-15,7,0.008
1992-09-16,15,0.016
1992-09-17,31,0.034
1992-09-18,35,0.038
1992-09-19,40,0.043
1992-09-20,31,0.034
1992-09-21,15,0.016
1992-09-22,25,0.027
1992-09-23,25,0.027
1992-09-24,23,0.025
1992-09-25,25,0.027
1992-09-26,23,0.025
1992-09-27,19,0.021
1992-09-28,17,0.018
1992-09-29,18,0.019
1992-09-30,10,0.011
1993-04-30,2,0.002
1993-05-01,24,0.026
1993-05-02,44,0.047
1993-05-03,29,0.031
1993-05-04,26,0.028
1993-05-05,24,0.026
1993-05-06,31,0.033
1993-05-07,25,0.027
1993-05-08,28,0.03
1993-05-09,30,0.032
1993-05-10,31,0.034
1993-05-11,29,0.031
1993-05-12,26,0.028
1993-05-13,37,0.04
1993-05-14,30,0.032
1993-05-15,35,0.038
1993-05-16,34,0.037
1993-05-17,33,0.036
1993-05-18,35,0.038
1993-05-19,19,0.021
1993-05-20,24,0.026
1993-05-21,19,0.02
1993-05-22,31,0.034
1993-05-23,30,0.032
1993-05-24,23,0.025
1993-05-25,12,0.013
1993-05-26,19,0.021
1993-05-27,17,0.018
1993-05-28,17,0.018
1993-05-29,24,0.026
1993-05-30,20,0.022
1993-05-31,31,0.033
1993-06-01,15,0.016
1993-06-02,15,0.016
1993-06-03,24,0.026
1993-06-04,19,0.02
1993-06-05,21,0.023
1993-06-06,17,0.018
1993-06-07,20,0.022
1993-06-08,33,0.036
1993-06-09,20,0.022
1993-06-10,31,0.033
1993-06-11,16,0.017
1993-06-12,30,0.032
1993-06-13,34,0.037
1993-06-14,15,0.016
1993-06-15,15,0.016
1993-06-16,33,0.036
1993-06-17,41,0.044
1993-06-18,42,0.045
1993-06-19,31,0.034
1993-06-20,40,0.043
1993-06-21,19,0.02
1993-06-22,16,0.017
1993-06-23,27,0.029
1993-06-24,39,0.042
1993-06-25,44,0.048
1993-06-26,15,0.016
1993-06-27,25,0.027
1993-06-28,21,0.023
1993-06-29,31,0.034
1993-06-30,33,0.036
1993-07-01,22,0.024
1993-07-02,21,0.023
1993-07-03,25,0.027
1993-07-04,34,0.037
1993-07-05,31,0.034
1993-07-06,31,0.033
1993-07-07,38,0.041
1993-07-08,31,0.034
1993-07-09,31,0.033
1993-07-10,35,0.038
1993-07-11,29,0.031
1993-07-12,24,0.026
1993-07-13,16,0.017
1993-07-14,18,0.019
1993-07-15,21,0.023
1993-07-16,19,0.02
1993-07-17,18,0.019
1993-07-18,34,0.037
1993-07-19,15,0.016
1993-07-20,12,0.013
1993-07-21,12,0.013
1993-07-22,4,0.004
1993-07-23,13,0.014
1993-07-24,21,0.023
1993-07-25,26,0.028
1993-07-26,25,0.027
1993-07-27,33,0.036
1993-07-28,7,0.008
1993-07-29,11,0.012
1993-07-30,22,0.024
1993-07-31,36,0.039
1993-08-01,50,0.054
1993-08-02,84,0.065
1993-08-03,64,0.059
1993-08-04,34,0.037
1993-08-05,25,0.027
1993-08-06,21,0.023
1993-08-07,17,0.018
1993-08-08,20,0.022
1993-08-09,21,0.023
1993-08-10,21,0.023
1993-08-11,31,0.034
1993-08-12,28,0.03
1993-08-13,25,0.027
1993-08-14,15,0.016
1993-08-15,17,0.018
1993-08-16,6,0.006
1993-08-17,17,0.018
1993-08-18,32,0.035
1993-08-19,13,0.014
1993-08-20,8,0.009
1993-08-21,23,0.025
1993-08-22,25,0.027
1993-08-23,23,0.025
1993-08-24,18,0.019
1993-08-25,24,0.026
1993-08-26,30,0.032
1993-08-27,38,0.041
1993-08-28,32,0.035
1993-08-29,32,0.035
1993-08-30,31,0.034
1993-08-31,39,0.042
1993-09-01,28,0.03
1993-09-02,28,0.03
1993-09-03,28,0.03
1993-09-04,28,0.03
1993-09-05,22,0.024
1993-09-06,28,0.03
1993-09-07,27,0.029
1993-09-08,50,0.054
1993-09-09,58,0.057
1993-09-10,45,0.049
1993-09-11,22,0.024
1993-09-12,31,0.034
1993-09-13,25,0.027
1993-09-14,29,0.031
1993-09-15,20,0.022
1993-09-16,25,0.027
1993-09-17,26,0.028
1993-09-18,24,0.026
1993-09-19,25,0.027
1993-09-20,27,0.029
1993-09-21,19,0.02
1993-09-22,22,0.024
1993-09-23,24,0.026
1993-09-24,32,0.035
1993-09-25,25,0.027
1993-09-26,34,0.037
1993-09-27,31,0.033
1993-09-28,33,0.036
1993-09-29,32,0.035
1993-09-30,29,0.031
1994-04-30,2,0.002
1994-05-01,34,0.037
1994-05-02,24,0.026
1994-05-03,17,0.018
1994-05-04,28,0.03
1994-05-05,36,0.039
1994-05-06,44,0.048
1994-05-07,34,0.037
1994-05-08,40,0.043
1994-05-09,38,0.041
1994-05-10,42,0.045
1994-05-11,24,0.026
1994-05-12,34,0.037
1994-05-13,39,0.042
1994-05-14,32,0.035
1994-05-15,37,0.04
1994-05-16,29,0.031
1994-05-17,31,0.034
1994-05-18,35,0.038
1994-05-19,22,0.024
1994-05-20,25,0.027
1994-05-21,27,0.029
1994-05-22,37,0.04
1994-05-23,44,0.048
1994-05-24,47,0.051
1994-05-25,37,0.04
1994-05-26,36,0.039
1994-05-27,38,0.041
1994-05-28,29,0.031
1994-05-29,31,0.034
1994-05-30,38,0.041
1994-05-31,23,0.025
1994-06-01,40,0.043
1994-06-02,31,0.034
1994-06-03,26,0.028
1994-06-04,29,0.031
1994-06-05,30,0.032
1994-06-06,23,0.025
1994-06-07,24,0.026
1994-06-08,28,0.03
1994-06-09,39,0.042
1994-06-10,49,0.053
1994-06-11,32,0.035
1994-06-12,22,0.024
1994-06-13,27,0.029
1994-06-14,24,0.026
1994-06-15,24,0.026
1994-06-16,31,0.033
1994-06-17,17,0.018
1994-06-18,32,0.035
1994-06-19,34,0.037
1994-06-20,38,0.041
1994-06-21,30,0.032
1994-06-22,24,0.026
1994-06-23,29,0.031
1994-06-24,37,0.04
1994-06-25,29,0.031
1994-06-26,35,0.038
1994-06-27,43,0.046
1994-06-28,54,0.056
1994-06-29,42,0.045
1994-06-30,33,0.036
1994-07-01,17,0.018
1994-07-02,32,0.035
1994-07-03,34,0.037
1994-07-04,22,0.024
1994-07-05,29,0.031
1994-07-06,34,0.037
1994-07-07,93,0.068
1994-07-08,46,0.05
1994-07-09,58,0.057
1994-07-10,44,0.048
1994-07-11,48,0.052
1994-07-12,46,0.05
1994-07-13,45,0.049
1994-07-14,35,0.038
1994-07-15,35,0.038
1994-07-16,87,0.066
1994-07-17,35,0.038
1994-07-18,38,0.041
1994-07-19,105,0.072
1994-07-20,93,0.068
1994-07-21,119,0.076
1994-07-22,25,0.027
1994-07-23,46,0.05
1994-07-24,19,0.021
1994-07-25,34,0.037
1994-07-26,50,0.054
1994-07-27,54,0.056
1994-07-28,31,0.034
1994-07-29,29,0.031
1994-07-30,37,0.04
1994-07-31,39,0.042
1994-08-01,37,0.04
1994-08-02,37,0.04
1994-08-03,15,0.016
1994-08-04,14,0.015
1994-08-05,28,0.03
1994-08-06,33,0.036
1994-08-07,18,0.019
1994-08-08,19,0.021
1994-08-09,33,0.036
1994-08-10,34,0.037
1994-08-11,36,0.039
1994-08-12,44,0.048
1994-08-13,43,0.046
1994-08-14,33,0.036
1994-08-15,36,0.039
1994-08-16,32,0.035
1994-08-17,34,0.037
1994-08-18,26,0.028
1994-08-19,31,0.034
1994-08-20,30,0.032
1994-08-21,25,0.027
1994-08-22,36,0.039
1994-08-23,40,0.043
1994-08-24,46,0.05
1994-08-25,47,0.051
1994-08-26,49,0.053
1994-08-27,54,0.056
1994-08-28,28,0.03
1994-08-29,44,0.047
1994-08-30,46,0.05
1994-08-31,40,0.043
1994-09-01,34,0.037
1994-09-02,31,0.034
1994-09-03,29,0.031
1994-09-04,39,0.042
1994-09-05,42,0.045
1994-09-06,40,0.043
1994-09-07,31,0.034
1994-09-08,23,0.025
1994-09-09,29,0.031
1994-09-10,27,0.029
1994-09-11,31,0.034
1994-09-12,32,0.035
1994-09-13,32,0.035
1994-09-14,20,0.022
1994-09-15,24,0.026
1994-09-16,34,0.037
1994-09-17,31,0.033
1994-09-18,43,0.046
1994-09-19,41,0.044
1994-09-20,32,0.035
1994-09-21,40,0.043
1994-09-22,38,0.041
1994-09-23,42,0.045
1994-09-24,41,0.044
1994-09-25,61,0.058
1994-09-26,31,0.033
1994-09-27,43,0.046
1994-09-28,24,0.026
1994-09-29,15,0.016
1994-09-30,16,0.017
1995-04-30,3,0.003
1995-05-01,28,0.03
1995-05-02,28,0.03
1995-05-03,26,0.028
1995-05-04,23,0.025
1995-05-05,22,0.024
1995-05-06,19,0.021
1995-05-07,26,0.028
1995-05-08,27,0.029
1995-05-09,22,0.024
1995-05-10,26,0.028
1995-05-11,33,0.036
1995-05-12,34,0.037
1995-05-13,33,0.036
1995-05-14,48,0.052
1995-05-15,26,0.028
1995-05-16,20,0.022
1995-05-17,34,0.037
1995-05-18,39,0.042
1995-05-19,38,0.041
1995-05-20,50,0.054
1995-05-21,43,0.046
1995-05-22,43,0.046
1995-05-23,32,0.035
1995-05-24,44,0.048
1995-05-25,50,0.054
1995-05-26,39,0.042
1995-05-27,37,0.04
1995-05-28,58,0.057
1995-05-29,67,0.06
1995-05-30,40,0.043
1995-05-31,38,0.041
1995-06-01,54,0.056
1995-06-02,35,0.038
1995-06-03,30,0.032
1995-06-04,26,0.028
1995-06-05,26,0.028
1995-06-06,19,0.021
1995-06-07,26,0.028
1995-06-08,37,0.04
1995-06-09,24,0.026
1995-06-10,32,0.035
1995-06-11,31,0.034
1995-06-12,24,0.026
1995-06-13,19,0.021
1995-06-14,20,0.022
1995-06-15,24,0.026
1995-06-16,21,0.023
1995-06-17,19,0.021
1995-06-18,18,0.019
1995-06-19,15,0.016
1995-06-20,19,0.02
1995-06-21,22,0.024
1995-06-22,31,0.033
1995-06-23,36,0.039
1995-06-24,35,0.038
1995-06-25,35,0.038
1995-06-26,47,0.051
1995-06-27,51,0.055
1995-06-28,41,0.044
1995-06-29,93,0.068
1995-06-30,51,0.055
1995-07-01,51,0.055
1995-07-02,20,0.022
1995-07-03,20,0.022
1995-07-04,26,0.028
1995-07-05,23,0.025
1995-07-06,17,0.018
1995-07-07,27,0.029
1995-07-08,36,0.039
1995-07-09,18,0.019
1995-07-10,22,0.024
1995-07-11,30,0.032
1995-07-12,27,0.029
1995-07-13,34,0.037
1995-07-14,30,0.032
1995-07-15,46,0.05
1995-07-16,87,0.066
1995-07-17,112,0.074
1995-07-18,38,0.041
1995-07-19,44,0.048
1995-07-20,34,0.037
1995-07-21,25,0.027
1995-07-22,25,0.027
1995-07-23,21,0.023
1995-07-24,32,0.035
1995-07-25,28,0.03
1995-07-26,14,0.015
1995-07-27,43,0.046
1995-07-28,36,0.039
1995-07-29,26,0.028
1995-07-30,39,0.042
1995-07-31,38,0.041
1995-08-01,35,0.038
1995-08-02,40,0.043
1995-08-03,41,0.044
1995-08-04,51,0.055
1995-08-05,27,0.029
1995-08-06,19,0.021
1995-08-07,19,0.02
1995-08-08,34,0.037
1995-08-09,40,0.043
1995-08-10,12,0.013
1995-08-11,31,0.033
1995-08-12,30,0.032
1995-08-13,32,0.035
1995-08-14,35,0.038
1995-08-15,24,0.026
1995-08-16,19,0.021
1995-08-17,20,0.022
1995-08-18,29,0.031
1995-08-19,38,0.041
1995-08-20,40,0.043
1995-08-21,24,0.026
1995-08-22,37,0.04
1995-08-23,32,0.035
1995-08-24,32,0.035
1995-08-25,38,0.041
1995-08-26,31,0.034
1995-08-27,35,0.038
1995-08-28,22,0.024
1995-08-29,22,0.024
1995-08-30,28,0.03
1995-08-31,44,0.047
1995-09-01,47,0.051
1995-09-02,31,0.034
1995-09-03,28,0.03
1995-09-04,23,0.025
1995-09-05,22,0.024
1995-09-06,20,0.022
1995-09-07,28,0.03
1995-09-08,27,0.029
1995-09-09,43,0.046
1995-09-10,42,0.045
1995-09-11,35,0.038
1995-09-12,33,0.036
1995-09-13,40,0.043
1995-09-14,67,0.06
1995-09-15,25,0.027
1995-09-16,25,0.027
1995-09-17,34,0.037
1995-09-18,32,0.035
1995-09-19,31,0.034
1995-09-20,30,0.032
1995-09-21,32,0.035
1995-09-22,34,0.037
1995-09-23,41,0.044
1995-09-24,32,0.035
1995-09-25,20,0.022
1995-09-26,19,0.021
1995-09-27,21,0.023
1995-09-28,21,0.023
1995-09-29,20,0.022
1995-09-30,29,0.031
1996-04-30,27,0.029
1996-05-01,35,0.038
1996-05-02,40,0.043
1996-05-03,39,0.042
1996-05-04,38,0.041
1996-05-05,45,0.049
1996-05-06,39,0.042
1996-05-07,42,0.045
1996-05-08,42,0.045
1996-05-09,39,0.042
1996-05-10,42,0.045
1996-05-11,31,0.033
1996-05-12,36,0.039
1996-05-13,21,0.023
1996-05-14,18,0.019
1996-05-15,25,0.027
1996-05-16,21,0.023
1996-05-17,37,0.04
1996-05-18,34,0.037
1996-05-19,32,0.035
1996-05-20,38,0.041
1996-05-21,39,0.042
1996-05-22,31,0.034
1996-05-23,33,0.036
1996-05-24,30,0.032
1996-05-25,48,0.052
1996-05-26,37,0.04
1996-05-27,41,0.044
1996-05-28,34,0.037
1996-05-29,32,0.035
1996-05-30,39,0.042
1996-05-31,37,0.04
1996-06-01,35,0.038
1996-06-02,45,0.049
1996-06-03,31,0.034
1996-06-04,39,0.042
1996-06-05,41,0.044
1996-06-06,67,0.06
1996-06-07,25,0.027
1996-06-08,36,0.039
1996-06-09,37,0.04
1996-06-10,34,0.037
1996-06-11,44,0.048
1996-06-12,50,0.054
1996-06-13,36,0.039
1996-06-14,45,0.049
1996-06-15,41,0.044
1996-06-16,33,0.036
1996-06-17,26,0.028
1996-06-18,36,0.039
1996-06-19,37,0.04
1996-06-20,32,0.035
1996-06-21,31,0.034
1996-06-22,31,0.033
1996-06-23,15,0.016
1996-06-24,32,0.035
1996-06-25,31,0.033
1996-06-26,34,0.037
1996-06-27,19,0.02
1996-06-28,23,0.025
1996-06-29,42,0.045
1996-06-30,47,0.051
1996-07-01,49,0.053
1996-07-02,37,0.04
1996-07-03,19,0.02
1996-07-04,33,0.036
1996-07-05,32,0.035
1996-07-06,58,0.057
1996-07-07,101,0.071
1996-07-08,39,0.042
1996-07-09,35,0.038
1996-07-10,45,0.049
1996-07-11,84,0.065
1996-07-12,147,0.084
1996-07-13,179,0.097
1996-07-14,97,0.069
1996-07-15,24,0.026
1996-07-16,29,0.031
1996-07-17,12,0.013
1996-07-18,18,0.019
1996-07-19,31,0.034
1996-07-20,33,0.036
1996-07-21,42,0.045
1996-07-22,112,0.074
1996-07-23,151,0.086
1996-07-24,108,0.073
1996-07-25,140,0.082
1996-07-26,105,0.072
1996-07-27,133,0.08
1996-07-28,33,0.036
1996-07-29,61,0.058
1996-07-30,38,0.041
1996-07-31,44,0.047
1996-08-01,29,0.031
1996-08-02,15,0.016
1996-08-03,35,0.038
1996-08-04,19,0.02
1996-08-05,36,0.039
1996-08-06,36,0.039
1996-08-07,77,0.063
1996-08-08,143,0.083
1996-08-09,150,0.085
1996-08-10,129,0.079
1996-08-11,24,0.026
1996-08-12,41,0.044
1996-08-13,97,0.069
1996-08-14,44,0.047
1996-08-15,42,0.045
1996-08-16,32,0.035
1996-08-17,35,0.038
1996-08-18,34,0.037
1996-08-19,35,0.038
1996-08-20,30,0.032
1996-08-21,39,0.042
1996-08-22,46,0.05
1996-08-23,80,0.064
1996-08-24,122,0.077
1996-08-25,32,0.035
1996-08-26,27,0.029
1996-08-27,28,0.03
1996-08-28,43,0.046
1996-08-29,67,0.06
1996-08-30,26,0.028
1996-08-31,35,0.038
1996-09-01,38,0.041
1996-09-02,33,0.036
1996-09-03,23,0.025
1996-09-04,23,0.025
1996-09-05,27,0.029
1996-09-06,27,0.029
1996-09-07,31,0.033
1996-09-08,28,0.03
1996-09-09,32,0.035
1996-09-10,38,0.041
1996-09-11,32,0.035
1996-09-12,27,0.029
1996-09-13,21,0.023
1996-09-14,24,0.026
1996-09-15,30,0.032
1996-09-16,18,0.019
1996-09-17,30,0.032
1996-09-18,20,0.022
1996-09-19,27,0.029
1996-09-20,26,0.028
1996-09-21,30,0.032
1996-09-22,30,0.032
1996-09-23,18,0.019
1996-09-24,19,0.021
1996-09-25,20,0.022
1996-09-26,22,0.024
1996-09-27,25,0.027
1996-09-28,35,0.038
1996-09-29,44,0.048
1996-09-30,14,0.015
1997-04-30,31,0.033
1997-05-01,39,0.042
1997-05-02,38,0.041
1997-05-03,41,0.044
1997-05-04,47,0.051
1997-05-05,46,0.05
1997-05-06,40,0.043
1997-05-07,30,0.032
1997-05-08,46,0.05
1997-05-09,45,0.049
1997-05-10,54,0.056
1997-05-11,71,0.061
1997-05-12,46,0.05
1997-05-13,47,0.051
1997-05-14,32,0.035
1997-05-15,31,0.033
1997-05-16,36,0.039
1997-05-17,41,0.044
1997-05-18,54,0.056
1997-05-19,43,0.046
1997-05-20,31,0.034
1997-05-21,31,0.034
1997-05-22,31,0.033
1997-05-23,25,0.027
1997-05-24,26,0.028
1997-05-25,39,0.042
1997-05-26,30,0.032
1997-05-27,16,0.017
1997-05-28,18,0.019
1997-05-29,28,0.03
1997-05-30,13,0.014
1997-05-31,31,0.033
1997-06-01,31,0.033
1997-06-02,30,0.032
1997-06-03,31,0.034
1997-06-04,22,0.024
1997-06-05,38,0.041
1997-06-06,39,0.042
1997-06-07,31,0.033
1997-06-08,37,0.04
1997-06-09,46,0.05
1997-06-10,37,0.04
1997-06-11,19,0.021
1997-06-12,18,0.019
1997-06-13,36,0.039
1997-06-14,38,0.041
1997-06-15,39,0.042
1997-06-16,31,0.034
1997-06-17,15,0.016
1997-06-18,35,0.038
1997-06-19,32,0.035
1997-06-20,30,0.032
1997-06-21,27,0.029
1997-06-22,22,0.024
1997-06-23,24,0.026
1997-06-24,32,0.035
1997-06-25,23,0.025
1997-06-26,31,0.034
1997-06-27,31,0.034
1997-06-28,17,0.018
1997-06-29,30,0.032
1997-06-30,14,0.015
1997-07-01,30,0.032
1997-07-02,36,0.039
1997-07-03,48,0.052
1997-07-04,44,0.048
1997-07-05,27,0.029
1997-07-06,22,0.024
1997-07-07,31,0.033
1997-07-08,10,0.011
1997-07-09,17,0.018
1997-07-10,17,0.018
1997-07-11,26,0.028
1997-07-12,34,0.037
1997-07-13,42,0.045
1997-07-14,34,0.037
1997-07-15,30,0.032
1997-07-16,42,0.045
1997-07-17,19,0.02
1997-07-18,44,0.047
1997-07-19,71,0.061
1997-07-20,54,0.056
1997-07-21,30,0.032
1997-07-22,35,0.038
1997-07-23,38,0.041
1997-07-24,36,0.039
1997-07-25,40,0.043
1997-07-26,44,0.047
1997-07-27,51,0.055
1997-07-28,36,0.039
1997-07-29,28,0.03
1997-07-30,43,0.046
1997-07-31,42,0.045
1997-08-01,43,0.046
1997-08-02,41,0.044
1997-08-03,27,0.029
1997-08-04,33,0.036
1997-08-05,47,0.051
1997-08-06,46,0.05
1997-08-07,34,0.037
1997-08-08,35,0.038
1997-08-09,38,0.041
1997-08-10,44,0.047
1997-08-11,46,0.05
1997-08-12,77,0.063
1997-08-13,36,0.039
1997-08-14,44,0.047
1997-08-15,24,0.026
1997-08-16,42,0.045
1997-08-17,21,0.023
1997-08-18,40,0.043
1997-08-19,45,0.049
1997-08-20,18,0.019
1997-08-21,34,0.037
1997-08-22,22,0.024
1997-08-23,22,0.024
1997-08-24,22,0.024
1997-08-25,24,0.026
1997-08-26,19,0.021
1997-08-27,24,0.026
1997-08-28,20,0.022
1997-08-29,24,0.026
1997-08-30,29,0.031
1997-08-31,23,0.025
1997-09-01,22,0.024
1997-09-02,31,0.033
1997-09-03,28,0.03
1997-09-04,38,0.041
1997-09-05,25,0.027
1997-09-06,31,0.033
1997-09-07,44,0.048
1997-09-08,33,0.036
1997-09-09,20,0.022
1997-09-10,17,0.018
1997-09-11,25,0.027
1997-09-12,30,0.032
1997-09-13,24,0.026
1997-09-14,27,0.029
1997-09-15,22,0.024
1997-09-16,30,0.032
1997-09-17,29,0.031
1997-09-18,19,0.021
1997-09-19,12,0.013
1997-09-20,29,0.031
1997-09-21,35,0.038
1997-09-22,33,0.036
1997-09-23,26,0.028
1997-09-24,34,0.037
1997-09-25,29,0.031
1997-09-26,25,0.027
1997-09-27,33,0.036
1997-09-28,26,0.028
1997-09-29,18,0.019
1997-09-30,9,0.01
1998-04-30,13,0.014
1998-05-01,41,0.044
1998-05-02,29,0.031
1998-05-03,31,0.033
1998-05-04,26,0.028
1998-05-05,32,0.035
1998-05-06,28,0.03
1998-05-07,31,0.034
1998-05-08,27,0.029
1998-05-09,29,0.031
1998-05-10,26,0.028
1998-05-11,19,0.021
1998-05-12,18,0.019
1998-05-13,20,0.022
1998-05-14,26,0.028
1998-05-15,30,0.032
1998-05-16,29,0.031
1998-05-17,30,0.032
1998-05-18,32,0.035
1998-05-19,23,0.025
1998-05-20,31,0.034
1998-05-21,30,0.032
1998-05-22,27,0.029
1998-05-23,34,0.037
1998-05-24,23,0.025
1998-05-25,30,0.032
1998-05-26,29,0.031
1998-05-27,35,0.038
1998-05-28,27,0.029
1998-05-29,31,0.034
1998-05-30,36,0.039
1998-05-31,35,0.038
1998-06-01,28,0.03
1998-06-02,34,0.037
1998-06-03,42,0.045
1998-06-04,27,0.029
1998-06-05,33,0.036
1998-06-06,43,0.046
1998-06-07,26,0.028
1998-06-08,28,0.03
1998-06-09,34,0.037
1998-06-10,30,0.032
1998-06-11,31,0.034
1998-06-12,34,0.037
1998-06-13,29,0.031
1998-06-14,34,0.037
1998-06-15,32,0.035
1998-06-16,34,0.037
1998-06-17,37,0.04
1998-06-18,22,0.024
1998-06-19,32,0.035
1998-06-20,33,0.036
1998-06-21,41,0.044
1998-06-22,23,0.025
1998-06-23,20,0.022
1998-06-24,16,0.017
1998-06-25,19,0.02
1998-06-26,22,0.024
1998-06-27,38,0.041
1998-06-28,43,0.046
1998-06-29,24,0.026
1998-06-30,18,0.019
1998-07-01,23,0.025
1998-07-02,30,0.032
1998-07-04,10,0.011
1998-07-05,21,0.023
1998-07-06,34,0.037
1998-07-07,35,0.038
1998-07-08,41,0.044
1998-07-09,46,0.05
1998-07-10,19,0.021
1998-07-11,24,0.026
1998-07-12,22,0.024
1998-07-13,29,0.031
1998-07-14,21,0.023
1998-07-15,17,0.018
1998-07-16,33,0.036
1998-07-17,14,0.015
1998-07-18,17,0.018
1998-07-19,31,0.034
1998-07-20,45,0.049
1998-07-21,90,0.067
1998-07-22,58,0.057
1998-07-23,31,0.034
1998-07-24,35,0.038
1998-07-25,71,0.061
1998-07-26,108,0.073
1998-07-27,126,0.078
1998-07-28,49,0.053
1998-07-29,25,0.027
1998-07-30,31,0.034
1998-07-31,19,0.021
1998-08-01,40,0.043
1998-08-02,47,0.051
1998-08-03,93,0.068
1998-08-04,108,0.073
1998-08-05,39,0.042
1998-08-06,36,0.039
1998-08-07,34,0.037
1998-08-08,40,0.043
1998-08-09,37,0.04
1998-08-10,39,0.042
1998-08-11,31,0.033
1998-08-12,43,0.046
1998-08-13,84,0.065
1998-08-14,36,0.039
1998-08-15,23,0.025
1998-08-16,34,0.037
1998-08-17,36,0.039
1998-08-18,36,0.039
1998-08-19,43,0.046
1998-08-20,37,0.04
1998-08-21,44,0.047
1998-08-22,40,0.043
1998-08-23,29,0.031
1998-08-24,39,0.042
1998-08-25,47,0.051
1998-08-26,30,0.032
1998-08-27,37,0.04
1998-08-28,84,0.065
1998-08-29,90,0.067
1998-08-30,47,0.051
1998-08-31,87,0.066
1998-09-01,136,0.081
1998-09-02,33,0.036
1998-09-03,77,0.063
1998-09-04,36,0.039
1998-09-05,44,0.047
1998-09-06,58,0.057
1998-09-07,31,0.033
1998-09-08,32,0.035
1998-09-09,33,0.036
1998-09-10,41,0.044
1998-09-11,31,0.033
1998-09-12,36,0.039
1998-09-13,41,0.044
1998-09-14,43,0.046
1998-09-15,45,0.049
1998-09-16,35,0.038
1998-09-17,30,0.032
1998-09-18,27,0.029
1998-09-19,29,0.031
1998-09-20,26,0.028
1998-09-21,22,0.024
1998-09-22,23,0.025
1998-09-23,30,0.032
1998-09-24,19,0.02
1998-09-25,23,0.025
1998-09-26,23,0.025
1998-09-27,28,0.03
1998-09-28,32,0.035
1998-09-29,13,0.014
1998-09-30,23,0.025
1999-04-30,31,0.033
1999-05-01,34,0.037
1999-05-02,39,0.042
1999-05-03,43,0.046
1999-05-04,38,0.041
1999-05-05,39,0.042
1999-05-06,33,0.036
1999-05-07,39,0.042
1999-05-08,36,0.039
1999-05-09,43,0.046
1999-05-10,42,0.045
1999-05-11,20,0.022
1999-05-12,38,0.041
1999-05-13,38,0.041
1999-05-14,34,0.037
1999-05-15,43,0.046
1999-05-16,35,0.038
1999-05-17,22,0.024
1999-05-18,31,0.033
1999-05-19,33,0.036
1999-05-20,30,0.032
1999-05-21,37,0.04
1999-05-22,48,0.052
1999-05-23,61,0.058
1999-05-24,26,0.028
1999-05-25,35,0.038
1999-05-26,33,0.036
1999-05-27,44,0.047
1999-05-28,37,0.04
1999-05-29,44,0.048
1999-05-30,47,0.051
1999-05-31,27,0.029
1999-06-01,35,0.038
1999-06-02,31,0.034
1999-06-03,32,0.035
1999-06-04,25,0.027
1999-06-05,32,0.035
1999-06-06,31,0.033
1999-06-07,31,0.034
1999-06-08,27,0.029
1999-06-09,34,0.037
1999-06-10,37,0.04
1999-06-11,35,0.038
1999-06-12,29,0.031
1999-06-13,31,0.034
1999-06-14,25,0.027
1999-06-15,19,0.02
1999-06-16,28,0.03
1999-06-17,18,0.019
1999-06-18,20,0.022
1999-06-19,31,0.034
1999-06-20,27,0.029
1999-06-21,20,0.022
1999-06-22,33,0.036
1999-06-23,33,0.036
1999-06-24,18,0.019
1999-06-25,20,0.022
1999-06-26,28,0.03
1999-06-27,31,0.033
1999-06-28,27,0.029
1999-06-29,34,0.037
1999-06-30,21,0.023
1999-07-01,24,0.026
1999-07-02,19,0.021
1999-07-03,21,0.023
1999-07-04,20,0.022
1999-07-05,33,0.036
1999-07-06,16,0.017
1999-07-07,22,0.024
1999-07-08,34,0.037
1999-07-09,61,0.058
1999-07-10,54,0.056
1999-07-11,74,0.062
1999-07-12,49,0.053
1999-07-13,38,0.041
1999-07-14,28,0.03
1999-07-15,33,0.036
1999-07-16,18,0.019
1999-07-17,31,0.034
1999-07-18,38,0.041
1999-07-19,47,0.051
1999-07-20,15,0.016
1999-07-21,30,0.032
1999-07-22,40,0.043
1999-07-23,28,0.03
1999-07-24,14,0.015
1999-07-25,35,0.038
1999-07-26,40,0.043
1999-07-27,47,0.051
1999-07-28,25,0.027
1999-07-29,23,0.025
1999-07-30,38,0.041
1999-07-31,28,0.03
1999-08-01,29,0.031
1999-08-02,21,0.023
1999-08-03,28,0.03
1999-08-04,28,0.03
1999-08-05,14,0.015
1999-08-06,14,0.015
1999-08-07,10,0.011
1999-08-08,25,0.027
1999-08-09,36,0.039
1999-08-10,42,0.045
1999-08-11,19,0.02
1999-08-12,33,0.036
1999-08-13,19,0.02
1999-08-14,19,0.021
1999-08-15,31,0.033
1999-08-16,30,0.032
1999-08-17,30,0.032
1999-08-18,17,0.018
1999-08-19,30,0.032
1999-08-20,22,0.024
1999-08-21,27,0.029
1999-08-22,40,0.043
1999-08-23,18,0.019
1999-08-24,43,0.046
1999-08-25,25,0.027
1999-08-26,31,0.033
1999-08-27,41,0.044
1999-08-28,29,0.031
1999-08-29,22,0.024
1999-08-30,19,0.02
1999-08-31,21,0.023
1999-09-01,20,0.022
1999-09-02,31,0.034
1999-09-03,36,0.039
1999-09-04,44,0.047
1999-09-05,20,0.022
1999-09-06,32,0.035
1999-09-07,24,0.026
1999-09-08,35,0.038
1999-09-09,40,0.043
1999-09-10,28,0.03
1999-09-11,35,0.038
1999-09-12,38,0.041
1999-09-13,35,0.038
1999-09-14,41,0.044
1999-09-15,39,0.042
1999-09-16,26,0.028
1999-09-17,19,0.021
1999-09-18,31,0.033
1999-09-19,45,0.049
1999-09-20,36,0.039
1999-09-21,44,0.047
1999-09-22,42,0.045
1999-09-23,23,0.025
1999-09-24,27,0.029
1999-09-25,27,0.029
1999-09-26,29,0.031
1999-09-27,21,0.023
1999-09-28,22,0.024
1999-09-29,22,0.024
1999-09-30,21,0.023
2000-04-30,19,0.02
2000-05-01,30,0.032
2000-05-02,31,0.033
2000-05-03,34,0.037
2000-05-04,38,0.041
2000-05-05,33,0.036
2000-05-06,39,0.042
2000-05-07,31,0.034
2000-05-08,24,0.026
2000-05-09,37,0.04
2000-05-10,33,0.036
2000-05-11,31,0.034
2000-05-12,25,0.027
2000-05-13,31,0.034
2000-05-14,32,0.035
2000-05-15,38,0.041
2000-05-16,34,0.037
2000-05-17,39,0.042
2000-05-18,34,0.037
2000-05-19,29,0.031
2000-05-20,37,0.04
2000-05-21,36,0.039
2000-05-22,34,0.037
2000-05-23,31,0.033
2000-05-24,28,0.03
2000-05-25,37,0.04
2000-05-26,16,0.017
2000-05-27,19,0.021
2000-05-28,29,0.031
2000-05-29,30,0.032
2000-05-30,31,0.034
2000-05-31,31,0.033
2000-06-01,26,0.028
2000-06-02,31,0.033
2000-06-03,41,0.044
2000-06-04,33,0.036
2000-06-05,21,0.023
2000-06-06,15,0.016
2000-06-07,15,0.016
2000-06-08,23,0.025
2000-06-09,22,0.024
2000-06-10,24,0.026
2000-06-11,13,0.014
2000-06-12,12,0.013
2000-06-13,22,0.024
2000-06-14,22,0.024
2000-06-15,34,0.037
2000-06-16,36,0.039
2000-06-17,44,0.048
2000-06-18,21,0.023
2000-06-19,33,0.036
2000-06-20,32,0.035
2000-06-21,24,0.026
2000-06-22,35,0.038
2000-06-23,34,0.037
2000-06-24,20,0.022
2000-06-25,36,0.039
2000-06-26,46,0.05
2000-06-27,46,0.05
2000-06-28,42,0.045
2000-06-29,28,0.03
2000-06-30,27,0.029
2000-07-01,21,0.023
2000-07-02,24,0.026
2000-07-03,19,0.02
2000-07-04,14,0.015
2000-07-05,17,0.018
2000-07-06,25,0.027
2000-07-07,31,0.033
2000-07-08,21,0.023
2000-07-09,26,0.028
2000-07-10,28,0.03
2000-07-11,26,0.028
2000-07-12,36,0.039
2000-07-13,17,0.018
2000-07-14,27,0.029
2000-07-15,39,0.042
2000-07-16,44,0.047
2000-07-17,19,0.02
2000-07-18,26,0.028
2000-07-19,32,0.035
2000-07-20,35,0.038
2000-07-21,23,0.025
2000-07-22,19,0.021
2000-07-23,28,0.03
2000-07-24,32,0.035
2000-07-25,14,0.015
2000-07-26,19,0.021
2000-07-27,21,0.023
2000-07-28,13,0.014
2000-07-29,29,0.031
2000-07-30,31,0.033
2000-07-31,27,0.029
2000-08-01,37,0.04
2000-08-02,42,0.045
2000-08-03,37,0.04
2000-08-04,34,0.037
2000-08-05,33,0.036
2000-08-06,28,0.03
2000-08-07,27,0.029
2000-08-08,38,0.041
2000-08-09,19,0.02
2000-08-10,16,0.017
2000-08-11,34,0.037
2000-08-12,31,0.034
2000-08-13,23,0.025
2000-08-14,31,0.033
2000-08-15,31,0.034
2000-08-16,33,0.036
2000-08-17,27,0.029
2000-08-18,13,0.014
2000-08-19,20,0.022
2000-08-20,28,0.03
2000-08-21,27,0.029
2000-08-22,33,0.036
2000-08-23,29,0.031
2000-08-24,22,0.024
2000-08-25,20,0.022
2000-08-26,25,0.027
2000-08-27,30,0.032
2000-08-28,27,0.029
2000-08-29,24,0.026
2000-08-30,19,0.021
2000-08-31,17,0.018
2000-09-01,22,0.024
2000-09-02,19,0.02
2000-09-03,17,0.018
2000-09-04,26,0.028
2000-09-05,27,0.029
2000-09-06,24,0.026
2000-09-07,25,0.027
2000-09-08,19,0.021
2000-09-09,23,0.025
2000-09-10,11,0.012
2000-09-11,13,0.014
2000-09-12,21,0.023
2000-09-13,17,0.018
2000-09-14,21,0.023
2000-09-15,19,0.02
2000-09-16,21,0.023
2000-09-17,25,0.027
2000-09-18,14,0.015
2000-09-19,14,0.015
2000-09-20,20,0.022
2000-09-21,21,0.023
2000-09-22,28,0.03
2000-09-23,29,0.031
2000-09-24,30,0.032
2000-09-25,29,0.031
2000-09-26,32,0.035
2000-09-27,35,0.038
2000-09-28,26,0.028
2000-09-29,19,0.021
2000-09-30,11,0.012
2001-04-30,23,0.025
2001-05-01,36,0.039
2001-05-02,34,0.037
2001-05-03,31,0.034
2001-05-04,45,0.049
2001-05-05,50,0.054
2001-05-06,46,0.05
2001-05-07,44,0.048
2001-05-08,36,0.039
2001-05-09,43,0.046
2001-05-10,44,0.047
2001-05-11,46,0.05
2001-05-12,35,0.038
2001-05-13,39,0.042
2001-05-14,31,0.033
2001-05-15,33,0.036
2001-05-16,35,0.038
2001-05-17,29,0.031
2001-05-18,38,0.041
2001-05-19,45,0.049
2001-05-20,45,0.049
2001-05-21,42,0.045
2001-05-22,50,0.054
2001-05-23,39,0.042
2001-05-24,43,0.046
2001-05-25,49,0.053
2001-05-26,71,0.061
2001-05-27,37,0.04
2001-05-28,35,0.038
2001-05-29,44,0.047
2001-05-30,38,0.041
2001-05-31,44,0.048
2001-06-01,24,0.026
2001-06-02,28,0.03
2001-06-03,30,0.032
2001-06-04,24,0.026
2001-06-05,24,0.026
2001-06-06,35,0.038
2001-06-07,41,0.044
2001-06-08,32,0.035
2001-06-09,30,0.032
2001-06-10,29,0.031
2001-06-11,18,0.019
2001-06-12,27,0.029
2001-06-13,36,0.039
2001-06-14,29,0.031
2001-06-15,32,0.035
2001-06-16,38,0.041
2001-06-17,35,0.038
2001-06-18,37,0.04
2001-06-19,54,0.056
2001-06-20,97,0.069
2001-06-21,43,0.046
2001-06-22,25,0.027
2001-06-23,27,0.029
2001-06-24,23,0.025
2001-06-25,25,0.027
2001-06-26,10,0.011
2001-06-27,23,0.025
2001-06-28,26,0.028
2001-06-29,31,0.033
2001-06-30,32,0.035
2001-07-01,44,0.047
2001-07-02,64,0.059
2001-07-03,93,0.068
2001-07-04,34,0.037
2001-07-05,40,0.043
2001-07-06,39,0.042
2001-07-07,44,0.048
2001-07-08,54,0.056
2001-07-09,58,0.057
2001-07-10,48,0.052
2001-07-11,28,0.03
2001-07-12,41,0.044
2001-07-13,42,0.045
2001-07-14,36,0.039
2001-07-15,24,0.026
2001-07-16,21,0.023
2001-07-17,20,0.022
2001-07-18,22,0.024
2001-07-19,24,0.026
2001-07-20,17,0.018
2001-07-21,43,0.046
2001-07-22,32,0.035
2001-07-23,41,0.044
2001-07-24,30,0.032
2001-07-25,46,0.05
2001-07-26,42,0.045
2001-07-27,33,0.036
2001-07-28,28,0.03
2001-07-29,18,0.019
2001-07-30,19,0.021
2001-07-31,31,0.034
2001-08-01,29,0.031
2001-08-02,19,0.021
2001-08-03,18,0.019
2001-08-04,24,0.026
2001-08-05,21,0.023
2001-08-06,23,0.025
2001-08-07,40,0.043
2001-08-08,54,0.056
2001-08-09,112,0.074
2001-08-10,32,0.035
2001-08-11,51,0.055
2001-08-12,71,0.061
2001-08-13,41,0.044
2001-08-14,39,0.042
2001-08-15,34,0.037
2001-08-16,25,0.027
2001-08-17,37,0.04
2001-08-18,30,0.032
2001-08-19,34,0.037
2001-08-20,34,0.037
2001-08-21,16,0.017
2001-08-22,16,0.017
2001-08-23,22,0.024
2001-08-24,30,0.032
2001-08-25,38,0.041
2001-08-26,46,0.05
2001-08-27,37,0.04
2001-08-28,37,0.04
2001-08-29,39,0.042
2001-08-30,32,0.035
2001-08-31,29,0.031
2001-09-01,24,0.026
2001-09-02,28,0.03
2001-09-03,39,0.042
2001-09-04,26,0.028
2001-09-05,27,0.029
2001-09-06,27,0.029
2001-09-07,29,0.031
2001-09-08,42,0.045
2001-09-09,43,0.046
2001-09-10,38,0.041
2001-09-11,35,0.038
2001-09-12,40,0.043
2001-09-13,41,0.044
2001-09-14,39,0.042
2001-09-15,39,0.042
2001-09-16,37,0.04
2001-09-17,21,0.023
2001-09-18,19,0.02
2001-09-19,30,0.032
2001-09-20,31,0.034
2001-09-21,35,0.038
2001-09-22,42,0.045
2001-09-23,44,0.047
2001-09-24,22,0.024
2001-09-25,13,0.014
2001-09-26,21,0.023
2001-09-27,17,0.018
2001-09-28,28,0.03
2001-09-29,27,0.029
2001-09-30,28,0.03
2002-04-30,32,0.035
2002-05-01,33,0.036
2002-05-02,25,0.027
2002-05-03,42,0.045
2002-05-04,39,0.042
2002-05-05,33,0.036
2002-05-06,36,0.039
2002-05-07,34,0.037
2002-05-08,33,0.036
2002-05-09,32,0.035
2002-05-10,38,0.041
2002-05-11,45,0.049
2002-05-12,45,0.049
2002-05-13,32,0.035
2002-05-14,39,0.042
2002-05-15,44,0.048
2002-05-16,45,0.049
2002-05-17,36,0.039
2002-05-18,34,0.037
2002-05-19,26,0.028
2002-05-20,32,0.035
2002-05-21,31,0.033
2002-05-22,35,0.038
2002-05-23,37,0.04
2002-05-24,37,0.04
2002-05-25,45,0.049
2002-05-26,30,0.032
2002-05-27,22,0.024
2002-05-28,7,0.008
2002-05-29,16,0.017
2002-05-30,35,0.038
2002-05-31,38,0.041
2002-06-01,40,0.043
2002-06-02,35,0.038
2002-06-03,34,0.037
2002-06-04,26,0.028
2002-06-05,30,0.032
2002-06-06,37,0.04
2002-06-07,34,0.037
2002-06-08,32,0.035
2002-06-09,26,0.028
2002-06-10,37,0.04
2002-06-11,42,0.045
2002-06-12,80,0.064
2002-06-13,40,0.043
2002-06-14,30,0.032
2002-06-15,38,0.041
2002-06-16,33,0.036
2002-06-17,19,0.02
2002-06-18,24,0.026
2002-06-19,31,0.034
2002-06-20,40,0.043
2002-06-21,35,0.038
2002-06-22,19,0.02
2002-06-23,21,0.023
2002-06-24,37,0.04
2002-06-25,51,0.055
2002-06-26,46,0.05
2002-06-27,17,0.018
2002-06-28,13,0.014
2002-06-29,22,0.024
2002-06-30,31,0.033
2002-07-01,37,0.04
2002-07-02,39,0.042
2002-07-03,31,0.034
2002-07-04,32,0.035
2002-07-05,34,0.037
2002-07-06,42,0.045
2002-07-07,24,0.026
2002-07-08,37,0.04
2002-07-09,64,0.059
2002-07-10,100,0.07
2002-07-11,61,0.058
2002-07-12,87,0.066
2002-07-13,28,0.03
2002-07-14,43,0.046
2002-07-15,44,0.047
2002-07-16,42,0.045
2002-07-17,24,0.026
2002-07-18,17,0.018
2002-07-19,24,0.026
2002-07-20,48,0.052
2002-07-21,67,0.06
2002-07-22,50,0.054
2002-07-23,34,0.037
2002-07-24,31,0.033
2002-07-25,40,0.043
2002-07-26,22,0.024
2002-07-27,43,0.046
2002-07-28,29,0.031
2002-07-29,25,0.027
2002-07-30,26,0.028
2002-07-31,34,0.037
2002-08-01,46,0.05
2002-08-02,38,0.041
2002-08-03,34,0.037
2002-08-04,23,0.025
2002-08-05,27,0.029
2002-08-06,37,0.04
2002-08-07,34,0.037
2002-08-08,40,0.043
2002-08-09,41,0.044
2002-08-10,42,0.045
2002-08-11,54,0.056
2002-08-12,90,0.067
2002-08-13,100,0.07
2002-08-14,93,0.068
2002-08-15,54,0.056
2002-08-16,46,0.05
2002-08-17,54,0.056
2002-08-18,36,0.039
2002-08-19,32,0.035
2002-08-20,18,0.019
2002-08-21,31,0.033
2002-08-22,31,0.033
2002-08-23,44,0.048
2002-08-24,38,0.041
2002-08-25,21,0.023
2002-08-26,26,0.028
2002-08-27,38,0.041
2002-08-28,50,0.054
2002-08-29,27,0.029
2002-08-30,35,0.038
2002-08-31,42,0.045
2002-09-01,40,0.043
2002-09-02,43,0.046
2002-09-03,39,0.042
2002-09-04,38,0.041
2002-09-05,34,0.037
2002-09-06,31,0.033
2002-09-07,33,0.036
2002-09-08,31,0.033
2002-09-09,35,0.038
2002-09-10,44,0.048
2002-09-11,41,0.044
2002-09-12,51,0.055
2002-09-13,44,0.048
2002-09-14,26,0.028
2002-09-15,25,0.027
2002-09-16,20,0.022
2002-09-17,14,0.015
2002-09-18,22,0.024
2002-09-19,21,0.023
2002-09-20,30,0.032
2002-09-21,35,0.038
2002-09-22,39,0.042
2002-09-23,36,0.039
2002-09-24,28,0.03
2002-09-25,30,0.032
2002-09-26,35,0.038
2002-09-27,31,0.034
2002-09-28,36,0.039
2002-09-29,30,0.032
2002-09-30,20,0.022
2003-04-29,19,0.02
2003-04-30,33,0.036
2003-05-01,35,0.038
2003-05-02,45,0.049
2003-05-03,39,0.042
2003-05-04,39,0.042
2003-05-05,34,0.037
2003-05-06,37,0.04
2003-05-07,34,0.037
2003-05-08,37,0.04
2003-05-09,34,0.037
2003-05-10,40,0.043
2003-05-11,36,0.039
2003-05-12,37,0.04
2003-05-13,31,0.033
2003-05-14,41,0.044
2003-05-15,41,0.044
2003-05-16,38,0.041
2003-05-17,42,0.045
2003-05-18,44,0.047
2003-05-19,41,0.044
2003-05-20,40,0.043
2003-05-21,44,0.047
2003-05-22,40,0.043
2003-05-23,36,0.039
2003-05-24,19,0.021
2003-05-25,34,0.037
2003-05-26,34,0.037
2003-05-27,30,0.032
2003-05-28,31,0.033
2003-05-29,43,0.046
2003-05-30,28,0.03
2003-05-31,45,0.049
2003-06-01,44,0.047
2003-06-02,58,0.057
2003-06-03,90,0.067
2003-06-04,97,0.069
2003-06-05,119,0.076
2003-06-06,105,0.072
2003-06-07,42,0.045
2003-06-08,37,0.04
2003-06-09,40,0.043
2003-06-10,39,0.042
2003-06-11,41,0.044
2003-06-12,23,0.025
2003-06-13,29,0.031
2003-06-14,44,0.047
2003-06-15,49,0.053
2003-06-16,64,0.059
2003-06-17,42,0.045
2003-06-18,28,0.03
2003-06-19,31,0.033
2003-06-20,30,0.032
2003-06-21,33,0.036
2003-06-22,31,0.033
2003-06-23,31,0.033
2003-06-24,42,0.045
2003-06-25,50,0.054
2003-06-26,48,0.052
2003-06-27,45,0.049
2003-06-28,105,0.072
2003-06-29,34,0.037
2003-06-30,23,0.025
2003-07-01,36,0.039
2003-07-03,44,0.047
2003-07-04,40,0.043
2003-07-05,37,0.04
2003-07-06,40,0.043
2003-07-07,31,0.034
2003-07-08,22,0.024
2003-07-09,41,0.044
2003-07-10,27,0.029
2003-07-11,23,0.025
2003-07-12,18,0.019
2003-07-13,20,0.022
2003-07-14,31,0.033
2003-07-15,20,0.022
2003-07-16,33,0.036
2003-07-17,47,0.051
2003-07-18,58,0.057
2003-07-19,44,0.048
2003-07-20,32,0.035
2003-07-21,40,0.043
2003-07-22,67,0.06
2003-07-23,45,0.049
2003-07-24,35,0.038
2003-07-25,31,0.033
2003-07-26,43,0.046
2003-07-27,61,0.058
2003-07-28,80,0.064
2003-07-29,101,0.071
2003-07-30,87,0.066
2003-07-31,48,0.052
2003-08-01,42,0.045
2003-08-02,18,0.019
2003-08-03,23,0.025
2003-08-04,38,0.041
2003-08-05,31,0.033
2003-08-06,28,0.03
2003-08-07,28,0.03
2003-08-08,26,0.028
2003-08-09,23,0.025
2003-08-10,23,0.025
2003-08-11,25,0.027
2003-08-12,33,0.036
2003-08-13,41,0.044
2003-08-14,40,0.043
2003-08-15,28,0.03
2003-08-16,32,0.035
2003-08-17,26,0.028
2003-08-18,34,0.037
2003-08-19,25,0.027
2003-08-20,23,0.025
2003-08-21,41,0.044
2003-08-22,19,0.021
2003-08-23,30,0.032
2003-08-24,37,0.04
2003-08-25,33,0.036
2003-08-26,16,0.017
2003-08-27,31,0.034
2003-08-28,35,0.038
2003-08-29,38,0.041
2003-08-30,43,0.046
2003-08-31,38,0.041
2003-09-01,35,0.038
2003-09-02,64,0.059
2003-09-03,44,0.047
2003-09-04,46,0.05
2003-09-05,43,0.046
2003-09-06,21,0.023
2003-09-07,20,0.022
2003-09-08,19,0.02
2003-09-09,17,0.018
2003-09-10,19,0.02
2003-09-11,17,0.018
2003-09-12,30,0.032
2003-09-13,26,0.028
2003-09-14,31,0.034
2003-09-15,29,0.031
2003-09-16,20,0.022
2003-09-17,25,0.027
2003-09-18,19,0.021
2003-09-19,19,0.021
2003-09-20,27,0.029
2003-09-21,27,0.029
2003-09-22,19,0.021
2003-09-23,19,0.02
2003-09-24,23,0.025
2003-09-25,19,0.02
2003-09-26,19,0.02
2003-09-27,42,0.045
2003-09-28,28,0.03
2003-09-29,20,0.022
2003-09-30,14,0.015
2004-04-30,3,0.003
2004-05-01,49,0.053
2004-05-02,36,0.039
2004-05-03,44,0.047
2004-05-04,33,0.036
2004-05-05,31,0.034
2004-05-06,28,0.03
2004-05-07,23,0.025
2004-05-08,33,0.036
2004-05-09,38,0.041
2004-05-10,30,0.032
2004-05-11,31,0.033
2004-05-12,32,0.035
2004-05-13,34,0.037
2004-05-14,36,0.039
2004-05-15,28,0.03
2004-05-16,33,0.036
2004-05-17,35,0.038
2004-05-18,23,0.025
2004-05-19,34,0.037
2004-05-20,37,0.04
2004-05-21,31,0.033
2004-05-22,32,0.035
2004-05-23,38,0.041
2004-05-24,36,0.039
2004-05-25,48,0.052
2004-05-26,17,0.018
2004-05-27,27,0.029
2004-05-28,22,0.024
2004-05-29,24,0.026
2004-05-30,30,0.032
2004-05-31,38,0.041
2004-06-01,31,0.033
2004-06-02,31,0.034
2004-06-03,44,0.048
2004-06-04,35,0.038
2004-06-05,31,0.033
2004-06-06,27,0.029
2004-06-07,24,0.026
2004-06-08,16,0.017
2004-06-09,19,0.021
2004-06-10,29,0.031
2004-06-11,30,0.032
2004-06-12,22,0.024
2004-06-13,25,0.027
2004-06-14,33,0.036
2004-06-15,33,0.036
2004-06-16,43,0.046
2004-06-17,48,0.052
2004-06-18,46,0.05
2004-06-19,51,0.055
2004-06-20,61,0.058
2004-06-21,42,0.045
2004-06-22,26,0.028
2004-06-23,22,0.024
2004-06-24,29,0.031
2004-06-25,31,0.034
2004-06-26,26,0.028
2004-06-27,36,0.039
2004-06-28,38,0.041
2004-06-29,42,0.045
2004-06-30,42,0.045
2004-07-01,31,0.033
2004-07-02,28,0.03
2004-07-03,22,0.024
2004-07-04,38,0.041
2004-07-05,44,0.048
2004-07-06,31,0.033
2004-07-07,29,0.031
2004-07-08,34,0.037
2004-07-09,25,0.027
2004-07-10,28,0.03
2004-07-11,40,0.043
2004-07-12,39,0.042
2004-07-13,38,0.041
2004-07-14,33,0.036
2004-07-15,22,0.024
2004-07-16,38,0.041
2004-07-17,29,0.031
2004-07-18,34,0.037
2004-07-19,19,0.02
2004-07-20,29,0.031
2004-07-21,44,0.047
2004-07-22,84,0.065
2004-07-23,97,0.069
2004-07-24,50,0.054
2004-07-25,41,0.044
2004-07-26,41,0.044
2004-07-27,47,0.051
2004-07-28,54,0.056
2004-07-29,44,0.047
2004-07-30,31,0.034
2004-07-31,41,0.044
2004-08-01,32,0.035
2004-08-02,19,0.02
2004-08-03,32,0.035
2004-08-04,18,0.019
2004-08-05,25,0.027
2004-08-06,18,0.019
2004-08-07,37,0.04
2004-08-08,47,0.051
2004-08-09,44,0.048
2004-08-10,71,0.061
2004-08-11,84,0.065
2004-08-12,64,0.059
2004-08-13,80,0.064
2004-08-14,38,0.041
2004-08-15,30,0.032
2004-08-16,32,0.035
2004-08-17,31,0.033
2004-08-18,40,0.043
2004-08-19,40,0.043
2004-08-20,35,0.038
2004-08-21,22,0.024
2004-08-22,23,0.025
2004-08-23,19,0.021
2004-08-24,29,0.031
2004-08-25,22,0.024
2004-08-26,19,0.02
2004-08-27,32,0.035
2004-08-28,34,0.037
2004-08-29,31,0.034
2004-08-30,27,0.029
2004-08-31,37,0.04
2004-09-01,33,0.036
2004-09-02,26,0.028
2004-09-03,31,0.034
2004-09-04,34,0.037
2004-09-05,42,0.045
2004-09-06,37,0.04
2004-09-07,32,0.035
2004-09-08,27,0.029
2004-09-09,19,0.021
2004-09-10,31,0.033
2004-09-11,27,0.029
2004-09-12,31,0.034
2004-09-13,21,0.023
2004-09-14,28,0.03
2004-09-15,24,0.026
2004-09-16,24,0.026
2004-09-17,27,0.029
2004-09-18,26,0.028
2004-09-19,22,0.024
2004-09-20,30,0.032
2004-09-21,21,0.023
2004-09-22,18,0.019
2004-09-23,19,0.021
2004-09-24,18,0.019
2004-09-25,15,0.016
2004-09-26,19,0.02
2004-09-27,9,0.01
2004-09-28,28,0.03
2004-09-29,15,0.016
2004-09-30,19,0.02
2005-04-30,17,0.018
2005-05-01,27,0.029
2005-05-02,29,0.031
2005-05-03,30,0.032
2005-05-04,25,0.027
2005-05-05,24,0.026
2005-05-06,20,0.022
2005-05-07,31,0.033
2005-05-08,30,0.032
2005-05-09,30,0.032
2005-05-10,25,0.027
2005-05-11,22,0.024
2005-05-12,27,0.029
2005-05-13,24,0.026
2005-05-14,28,0.03
2005-05-15,26,0.028
2005-05-16,33,0.036
2005-05-17,21,0.023
2005-05-18,31,0.033
2005-05-19,29,0.031
2005-05-20,24,0.026
2005-05-21,26,0.028
2005-05-22,38,0.041
2005-05-23,35,0.038
2005-05-24,37,0.04
2005-05-25,42,0.045
2005-05-26,71,0.061
2005-05-27,43,0.046
2005-05-28,24,0.026
2005-05-29,25,0.027
2005-05-30,33,0.036
2005-05-31,20,0.022
2005-06-01,30,0.032
2005-06-02,31,0.033
2005-06-03,37,0.04
2005-06-04,34,0.037
2005-06-05,29,0.031
2005-06-06,26,0.028
2005-06-07,23,0.025
2005-06-08,31,0.033
2005-06-09,34,0.037
2005-06-10,21,0.023
2005-06-11,28,0.03
2005-06-12,38,0.041
2005-06-13,27,0.029
2005-06-14,28,0.03
2005-06-15,34,0.037
2005-06-16,23,0.025
2005-06-17,24,0.026
2005-06-18,21,0.023
2005-06-19,26,0.028
2005-06-20,28,0.03
2005-06-21,27,0.029
2005-06-22,29,0.031
2005-06-23,34,0.037
2005-06-24,38,0.041
2005-06-25,27,0.029
2005-06-26,18,0.019
2005-06-27,12,0.013
2005-06-28,26,0.028
2005-06-29,27,0.029
2005-06-30,32,0.035
2005-07-01,36,0.039
2005-07-02,30,0.032
2005-07-03,36,0.039
2005-07-04,36,0.039
2005-07-05,18,0.019
2005-07-06,14,0.015
2005-07-07,20,0.022
2005-07-08,12,0.013
2005-07-09,20,0.022
2005-07-10,16,0.017
2005-07-11,18,0.019
2005-07-12,22,0.024
2005-07-13,26,0.028
2005-07-14,38,0.041
2005-07-15,38,0.041
2005-07-16,37,0.04
2005-07-17,49,0.053
2005-07-18,80,0.064
2005-07-19,47,0.051
2005-07-20,44,0.048
2005-07-21,44,0.047
2005-07-22,31,0.033
2005-07-23,43,0.046
2005-07-24,44,0.047
2005-07-25,44,0.048
2005-07-26,54,0.056
2005-07-27,122,0.077
2005-07-28,46,0.05
2005-07-29,41,0.044
2005-07-30,41,0.044
2005-07-31,40,0.043
2005-08-01,21,0.023
2005-08-02,38,0.041
2005-08-03,48,0.052
2005-08-04,101,0.071
2005-08-05,84,0.065
2005-08-06,36,0.039
2005-08-07,44,0.047
2005-08-08,44,0.047
2005-08-09,44,0.048
2005-08-10,36,0.039
2005-08-11,43,0.046
2005-08-12,44,0.047
2005-08-13,74,0.062
2005-08-14,58,0.057
2005-08-15,49,0.053
2005-08-16,33,0.036
2005-08-17,23,0.025
2005-08-18,30,0.032
2005-08-19,50,0.054
2005-08-20,42,0.045
2005-08-21,40,0.043
2005-08-22,33,0.036
2005-08-23,30,0.032
2005-08-24,34,0.037
2005-08-25,46,0.05
2005-08-26,40,0.043
2005-08-27,44,0.048
2005-08-28,24,0.026
2005-08-29,20,0.022
2005-08-30,27,0.029
2005-08-31,25,0.027
2005-09-01,36,0.039
2005-09-02,31,0.033
2005-09-03,33,0.036
2005-09-04,34,0.037
2005-09-05,33,0.036
2005-09-06,37,0.04
2005-09-07,35,0.038
2005-09-08,32,0.035
2005-09-09,24,0.026
2005-09-10,19,0.021
2005-09-11,24,0.026
2005-09-12,27,0.029
2005-09-13,27,0.029
2005-09-14,34,0.037
2005-09-15,29,0.031
2005-09-16,19,0.021
2005-09-17,26,0.028
2005-09-18,28,0.03
2005-09-19,27,0.029
2005-09-20,32,0.035
2005-09-21,27,0.029
2005-09-22,24,0.026
2005-09-23,27,0.029
2005-09-24,30,0.032
2005-09-25,29,0.031
2005-09-26,28,0.03
2005-09-27,25,0.027
2005-09-28,30,0.032
2005-09-29,29,0.031
2005-09-30,26,0.028
2006-04-30,13,0.014
2006-05-01,39,0.042
2006-05-02,40,0.043
2006-05-03,42,0.045
2006-05-04,47,0.051
2006-05-05,39,0.042
2006-05-06,42,0.045
2006-05-07,29,0.031
2006-05-08,45,0.049
2006-05-09,40,0.043
2006-05-10,42,0.045
2006-05-11,43,0.046
2006-05-12,47,0.051
2006-05-13,71,0.061
2006-05-14,80,0.064
2006-05-15,74,0.062
2006-05-16,58,0.057
2006-05-17,48,0.052
2006-05-18,58,0.057
2006-05-19,19,0.021
2006-05-20,31,0.034
2006-05-21,25,0.027
2006-05-22,35,0.038
2006-05-23,27,0.029
2006-05-24,36,0.039
2006-05-25,31,0.034
2006-05-26,30,0.032
2006-05-27,26,0.028
2006-05-28,28,0.03
2006-05-29,33,0.036
2006-05-30,32,0.035
2006-05-31,14,0.015
2006-06-01,12,0.013
2006-06-02,20,0.022
2006-06-03,30,0.032
2006-06-04,30,0.032
2006-06-05,26,0.028
2006-06-06,35,0.038
2006-06-07,26,0.028
2006-06-08,35,0.038
2006-06-09,31,0.034
2006-06-10,35,0.038
2006-06-11,42,0.045
2006-06-12,28,0.03
2006-06-13,23,0.025
2006-06-14,24,0.026
2006-06-15,31,0.034
2006-06-16,23,0.025
2006-06-17,41,0.044
2006-06-18,32,0.035
2006-06-19,39,0.042
2006-06-20,37,0.04
2006-06-21,42,0.045
2006-06-22,44,0.047
2006-06-23,48,0.052
2006-06-24,108,0.073
2006-06-25,136,0.081
2006-06-26,147,0.084
2006-06-27,41,0.044
2006-06-28,38,0.041
2006-06-29,36,0.039
2006-06-30,84,0.065
2006-07-01,50,0.054
2006-07-02,45,0.049
2006-07-03,44,0.047
2006-07-04,27,0.029
2006-07-05,20,0.022
2006-07-06,20,0.022
2006-07-07,41,0.044
2006-07-08,71,0.061
2006-07-09,44,0.048
2006-07-10,28,0.03
2006-07-11,19,0.021
2006-07-12,14,0.015
2006-07-13,23,0.025
2006-07-14,26,0.028
2006-07-15,39,0.042
2006-07-16,43,0.046
2006-07-17,39,0.042
2006-07-18,36,0.039
2006-07-19,47,0.051
2006-07-20,97,0.069
2006-07-21,119,0.076
2006-07-22,143,0.083
2006-07-23,119,0.076
2006-07-24,47,0.051
2006-07-25,42,0.045
2006-07-26,42,0.045
2006-07-27,38,0.041
2006-07-28,31,0.034
2006-07-29,28,0.03
2006-07-30,24,0.026
2006-07-31,28,0.03
2006-08-01,34,0.037
2006-08-02,34,0.037
2006-08-03,41,0.044
2006-08-04,44,0.047
2006-08-05,47,0.051
2006-08-06,64,0.059
2006-08-07,34,0.037
2006-08-08,31,0.034
2006-08-09,31,0.034
2006-08-10,30,0.032
2006-08-11,37,0.04
2006-08-12,40,0.043
2006-08-13,58,0.057
2006-08-14,46,0.05
2006-08-15,35,0.038
2006-08-16,30,0.032
2006-08-17,37,0.04
2006-08-18,47,0.051
2006-08-19,108,0.073
2006-08-20,47,0.051
2006-08-21,26,0.028
2006-08-22,36,0.039
2006-08-23,26,0.028
2006-08-24,31,0.034
2006-08-25,36,0.039
2006-08-26,64,0.059
2006-08-27,84,0.065
2006-08-28,44,0.048
2006-08-29,21,0.023
2006-08-30,33,0.036
2006-08-31,28,0.03
2006-09-01,51,0.055
2006-09-02,61,0.058
2006-09-03,71,0.061
2006-09-04,45,0.049
2006-09-05,45,0.049
2006-09-06,39,0.042
2006-09-07,39,0.042
2006-09-08,31,0.034
2006-09-09,39,0.042
2006-09-10,38,0.041
2006-09-11,39,0.042
2006-09-12,39,0.042
2006-09-13,30,0.032
2006-09-14,22,0.024
2006-09-15,19,0.021
2006-09-16,25,0.027
2006-09-17,25,0.027
2006-09-18,24,0.026
2006-09-19,21,0.023
2006-09-20,19,0.021
2006-09-21,23,0.025
2006-09-22,22,0.024
2006-09-23,24,0.026
2006-09-24,31,0.034
2006-09-25,29,0.031
2006-09-26,35,0.038
2006-09-27,42,0.045
2006-09-28,46,0.05
2006-09-29,37,0.04
2006-09-30,31,0.033
2007-04-30,26,0.028
2007-05-01,39,0.042
2007-05-02,38,0.041
2007-05-03,33,0.036
2007-05-04,36,0.039
2007-05-05,33,0.036
2007-05-06,26,0.028
2007-05-07,27,0.029
2007-05-08,25,0.027
2007-05-09,40,0.043
2007-05-10,44,0.047
2007-05-11,35,0.038
2007-05-12,33,0.036
2007-05-13,42,0.045
2007-05-14,30,0.032
2007-05-15,33,0.036
2007-05-16,41,0.044
2007-05-17,43,0.046
2007-05-18,35,0.038
2007-05-19,35,0.038
2007-05-20,30,0.032
2007-05-21,32,0.035
2007-05-22,36,0.039
2007-05-23,38,0.041
2007-05-24,35,0.038
2007-05-25,42,0.045
2007-05-26,31,0.034
2007-05-27,31,0.033
2007-05-28,38,0.041
2007-05-29,45,0.049
2007-05-30,61,0.058
2007-05-31,74,0.062
2007-06-01,64,0.059
2007-06-02,49,0.053
2007-06-03,28,0.03
2007-06-04,27,0.029
2007-06-05,24,0.026
2007-06-06,28,0.03
2007-06-07,33,0.036
2007-06-08,37,0.04
2007-06-09,19,0.02
2007-06-10,25,0.027
2007-06-11,31,0.034
2007-06-12,31,0.033
2007-06-13,28,0.03
2007-06-14,37,0.04
2007-06-15,27,0.029
2007-06-16,28,0.03
2007-06-17,28,0.03
2007-06-18,34,0.037
2007-06-19,39,0.042
2007-06-20,21,0.023
2007-06-21,25,0.027
2007-06-22,30,0.032
2007-06-23,28,0.03
2007-06-24,25,0.027
2007-06-25,31,0.034
2007-06-26,34,0.037
2007-06-27,29,0.031
2007-06-28,17,0.018
2007-06-29,19,0.021
2007-06-30,37,0.04
2007-07-01,23,0.025
2007-07-02,24,0.026
2007-07-03,32,0.035
2007-07-04,41,0.044
2007-07-05,41,0.044
2007-07-06,42,0.045
2007-07-07,38,0.041
2007-07-08,40,0.043
2007-07-09,44,0.048
2007-07-10,129,0.079
2007-07-11,28,0.03
2007-07-12,21,0.023
2007-07-13,31,0.033
2007-07-14,31,0.034
2007-07-15,17,0.018
2007-07-16,22,0.024
2007-07-17,14,0.015
2007-07-18,18,0.019
2007-07-19,19,0.021
2007-07-20,19,0.02
2007-07-21,16,0.017
2007-07-22,16,0.017
2007-07-23,15,0.016
2007-07-24,38,0.041
2007-07-25,42,0.045
2007-07-26,31,0.034
2007-07-27,43,0.046
2007-07-28,25,0.027
2007-07-29,20,0.022
2007-07-30,38,0.041
2007-07-31,41,0.044
2007-08-01,64,0.059
2007-08-02,42,0.045
2007-08-03,27,0.029
2007-08-04,38,0.041
2007-08-05,32,0.035
2007-08-06,23,0.025
2007-08-07,24,0.026
2007-08-08,29,0.031
2007-08-09,37,0.04
2007-08-10,36,0.039
2007-08-11,37,0.04
2007-08-12,31,0.033
2007-08-13,37,0.04
2007-08-14,47,0.051
2007-08-15,33,0.036
2007-08-16,22,0.024
2007-08-17,25,0.027
2007-08-18,26,0.028
2007-08-19,23,0.025
2007-08-20,10,0.011
2007-08-21,28,0.03
2007-08-22,34,0.037
2007-08-23,43,0.046
2007-08-24,46,0.05
2007-08-25,32,0.035
2007-08-26,35,0.038
2007-08-27,33,0.036
2007-08-28,37,0.04
2007-08-29,58,0.057
2007-08-30,44,0.048
2007-08-31,26,0.028
2007-09-01,31,0.034
2007-09-02,24,0.026
2007-09-03,22,0.024
2007-09-04,29,0.031
2007-09-05,31,0.033
2007-09-06,30,0.032
2007-09-07,33,0.036
2007-09-08,36,0.039
2007-09-09,38,0.041
2007-09-10,46,0.05
2007-09-11,46,0.05
2007-09-12,33,0.036
2007-09-13,21,0.023
2007-09-14,23,0.025
2007-09-15,30,0.032
2007-09-16,27,0.029
2007-09-17,28,0.03
2007-09-18,28,0.03
2007-09-19,27,0.029
2007-09-20,28,0.03
2007-09-21,24,0.026
2007-09-22,33,0.036
2007-09-23,27,0.029
2007-09-24,22,0.024
2007-09-25,23,0.025
2007-09-26,21,0.023
2007-09-27,32,0.035
2007-09-28,26,0.028
2007-09-29,21,0.023
2007-09-30,24,0.026
2008-04-30,6,0.007
2008-05-01,34,0.037
2008-05-02,41,0.044
2008-05-03,43,0.046
2008-05-04,40,0.043
2008-05-05,45,0.049
2008-05-06,36,0.039
2008-05-07,36,0.039
2008-05-08,41,0.044
2008-05-09,40,0.043
2008-05-10,31,0.034
2008-05-11,43,0.046
2008-05-12,42,0.045
2008-05-13,30,0.032
2008-05-14,24,0.026
2008-05-15,31,0.033
2008-05-16,41,0.044
2008-05-17,31,0.034
2008-05-18,40,0.043
2008-05-19,34,0.037
2008-05-20,34,0.037
2008-05-21,31,0.034
2008-05-22,29,0.031
2008-05-23,19,0.021
2008-05-24,23,0.025
2008-05-25,25,0.027
2008-05-26,21,0.023
2008-05-27,31,0.033
2008-05-28,19,0.02
2008-05-29,20,0.022
2008-05-30,33,0.036
2008-05-31,30,0.032
2008-06-01,32,0.035
2008-06-02,31,0.033
2008-06-03,31,0.034
2008-06-04,33,0.036
2008-06-05,30,0.032
2008-06-06,28,0.03
2008-06-07,29,0.031
2008-06-08,33,0.036
2008-06-09,28,0.03
2008-06-10,25,0.027
2008-06-11,27,0.029
2008-06-12,32,0.035
2008-06-13,30,0.032
2008-06-14,40,0.043
2008-06-15,42,0.045
2008-06-16,36,0.039
2008-06-17,29,0.031
2008-06-18,30,0.032
2008-06-19,32,0.035
2008-06-20,31,0.034
2008-06-21,22,0.024
2008-06-22,25,0.027
2008-06-23,28,0.03
2008-06-24,35,0.038
2008-06-25,31,0.033
2008-06-26,28,0.03
2008-06-27,47,0.051
2008-06-28,61,0.058
2008-06-29,58,0.057
2008-06-30,44,0.048
2008-07-01,38,0.041
2008-07-02,29,0.031
2008-07-03,19,0.02
2008-07-04,19,0.02
2008-07-05,13,0.014
2008-07-06,31,0.033
2008-07-07,45,0.049
2008-07-08,64,0.059
2008-07-09,54,0.056
2008-07-10,41,0.044
2008-07-11,54,0.056
2008-07-12,90,0.067
2008-07-13,44,0.047
2008-07-14,44,0.048
2008-07-15,49,0.053
2008-07-16,32,0.035
2008-07-17,42,0.045
2008-07-18,35,0.038
2008-07-19,37,0.04
2008-07-20,48,0.052
2008-07-21,38,0.041
2008-07-22,18,0.019
2008-07-23,35,0.038
2008-07-24,37,0.04
2008-07-25,30,0.032
2008-07-26,21,0.023
2008-07-27,26,0.028
2008-07-28,29,0.031
2008-07-29,21,0.023
2008-07-30,40,0.043
2008-07-31,34,0.037
2008-08-01,21,0.023
2008-08-02,37,0.04
2008-08-03,37,0.04
2008-08-04,46,0.05
2008-08-05,50,0.054
2008-08-06,37,0.04
2008-08-07,25,0.027
2008-08-08,22,0.024
2008-08-09,22,0.024
2008-08-10,25,0.027
2008-08-11,37,0.04
2008-08-12,26,0.028
2008-08-13,37,0.04
2008-08-14,71,0.061
2008-08-15,61,0.058
2008-08-16,87,0.066
2008-08-17,22,0.024
2008-08-18,13,0.014
2008-08-19,18,0.019
2008-08-20,18,0.019
2008-08-21,22,0.024
2008-08-22,30,0.032
2008-08-23,40,0.043
2008-08-24,20,0.022
2008-08-25,24,0.026
2008-08-26,29,0.031
2008-08-27,21,0.023
2008-08-28,26,0.028
2008-08-29,20,0.022
2008-08-30,32,0.035
2008-08-31,25,0.027
2008-09-01,28,0.03
2008-09-02,29,0.031
2008-09-03,34,0.037
2008-09-04,33,0.036
2008-09-05,33,0.036
2008-09-06,28,0.03
2008-09-07,37,0.04
2008-09-08,43,0.046
2008-09-09,32,0.035
2008-09-10,28,0.03
2008-09-11,34,0.037
2008-09-12,40,0.043
2008-09-13,37,0.04
2008-09-14,44,0.048
2008-09-15,36,0.039
2008-09-16,43,0.046
2008-09-17,35,0.038
2008-09-18,32,0.035
2008-09-19,27,0.029
2008-09-20,29,0.031
2008-09-21,22,0.024
2008-09-22,27,0.029
2008-09-23,18,0.019
2008-09-24,26,0.028
2008-09-25,27,0.029
2008-09-26,17,0.018
2008-09-27,22,0.024
2008-09-28,23,0.025
2008-09-29,28,0.03
2008-09-30,27,0.029
2009-04-30,2,0.002
2009-05-01,31,0.033
2009-05-02,36,0.039
2009-05-03,37,0.04
2009-05-04,33,0.036
2009-05-05,31,0.034
2009-05-06,30,0.032
2009-05-07,33,0.036
2009-05-08,36,0.039
2009-05-09,38,0.041
2009-05-10,31,0.034
2009-05-11,32,0.035
2009-05-12,35,0.038
2009-05-13,25,0.027
2009-05-14,27,0.029
2009-05-15,34,0.037
2009-05-16,49,0.053
2009-05-17,45,0.049
2009-05-18,31,0.034
2009-05-19,33,0.036
2009-05-20,37,0.04
2009-05-21,38,0.041
2009-05-22,40,0.043
2009-05-23,38,0.041
2009-05-24,41,0.044
2009-05-25,47,0.051
2009-05-26,32,0.035
2009-05-27,42,0.045
2009-05-28,44,0.048
2009-05-29,44,0.047
2009-05-30,44,0.048
2009-05-31,25,0.027
2009-06-01,24,0.026
2009-06-02,26,0.028
2009-06-03,29,0.031
2009-06-04,19,0.021
2009-06-05,19,0.021
2009-06-06,26,0.028
2009-06-07,28,0.03
2009-06-08,31,0.034
2009-06-09,26,0.028
2009-06-10,24,0.026
2009-06-11,27,0.029
2009-06-12,34,0.037
2009-06-13,23,0.025
2009-06-14,25,0.027
2009-06-15,37,0.04
2009-06-16,32,0.035
2009-06-17,29,0.031
2009-06-18,26,0.028
2009-06-19,30,0.032
2009-06-20,27,0.029
2009-06-21,26,0.028
2009-06-22,33,0.036
2009-06-23,41,0.044
2009-06-24,26,0.028
2009-06-25,27,0.029
2009-06-26,35,0.038
2009-06-27,45,0.049
2009-06-28,41,0.044
2009-06-29,41,0.044
2009-06-30,46,0.05
2009-07-01,61,0.058
2009-07-02,84,0.065
2009-07-03,80,0.064
2009-07-04,49,0.053
2009-07-05,26,0.028
2009-07-06,30,0.032
2009-07-07,21,0.023
2009-07-08,23,0.025
2009-07-09,32,0.035
2009-07-10,32,0.035
2009-07-11,24,0.026
2009-07-12,19,0.02
2009-07-13,26,0.028
2009-07-14,38,0.041
2009-07-15,47,0.051
2009-07-16,47,0.051
2009-07-17,47,0.051
2009-07-18,39,0.042
2009-07-19,40,0.043
2009-07-20,48,0.052
2009-07-21,28,0.03
2009-07-22,29,0.031
2009-07-23,29,0.031
2009-07-24,31,0.034
2009-07-25,49,0.053
2009-07-26,35,0.038
2009-07-27,74,0.062
2009-07-28,93,0.068
2009-07-29,77,0.063
2009-07-30,21,0.023
2009-07-31,33,0.036
2009-08-01,44,0.048
2009-08-02,19,0.021
2009-08-03,23,0.025
2009-08-04,24,0.026
2009-08-05,30,0.032
2009-08-06,31,0.034
2009-08-07,26,0.028
2009-08-08,37,0.04
2009-08-09,24,0.026
2009-08-10,24,0.026
2009-08-11,15,0.016
2009-08-12,17,0.018
2009-08-13,20,0.022
2009-08-14,31,0.034
2009-08-15,29,0.031
2009-08-16,34,0.037
2009-08-17,40,0.043
2009-08-18,71,0.061
2009-08-19,67,0.06
2009-08-20,22,0.024
2009-08-21,31,0.033
2009-08-22,36,0.039
2009-08-23,36,0.039
2009-08-24,37,0.04
2009-08-25,29,0.031
2009-08-26,39,0.042
2009-08-27,42,0.045
2009-08-28,22,0.024
2009-08-29,30,0.032
2009-08-30,33,0.036
2009-08-31,37,0.04
2009-09-01,22,0.024
2009-09-02,25,0.027
2009-09-03,28,0.03
2009-09-04,32,0.035
2009-09-05,22,0.024
2009-09-06,25,0.027
2009-09-07,33,0.036
2009-09-08,25,0.027
2009-09-09,29,0.031
2009-09-10,19,0.021
2009-09-11,42,0.045
2009-09-12,49,0.053
2009-09-13,29,0.031
2009-09-14,27,0.029
2009-09-15,29,0.031
2009-09-16,21,0.023
2009-09-17,24,0.026
2009-09-18,31,0.034
2009-09-19,22,0.024
2009-09-20,31,0.033
2009-09-21,29,0.031
2009-09-22,26,0.028
2009-09-23,41,0.044
2009-09-24,28,0.03
2009-09-25,28,0.03
2009-09-26,33,0.036
2009-09-27,28,0.03
2009-09-28,29,0.031
2009-09-29,25,0.027
2009-09-30,21,0.023
2010-04-30,28,0.03
2010-05-01,33,0.036
2010-05-02,37,0.04
2010-05-03,37,0.04
2010-05-04,33,0.036
2010-05-05,31,0.034
2010-05-06,28,0.03
2010-05-07,31,0.033
2010-05-08,39,0.042
2010-05-09,30,0.032
2010-05-10,24,0.026
2010-05-11,27,0.029
2010-05-12,34,0.037
2010-05-13,40,0.043
2010-05-14,45,0.049
2010-05-15,36,0.039
2010-05-16,39,0.042
2010-05-17,29,0.031
2010-05-18,31,0.033
2010-05-19,36,0.039
2010-05-20,30,0.032
2010-05-21,31,0.034
2010-05-22,31,0.033
2010-05-23,31,0.033
2010-05-24,31,0.034
2010-05-25,24,0.026
2010-05-26,31,0.034
2010-05-27,26,0.028
2010-05-28,30,0.032
2010-05-29,33,0.036
2010-05-30,25,0.027
2010-05-31,21,0.023
2010-06-01,20,0.022
2010-06-02,20,0.022
2010-06-03,18,0.019
2010-06-04,25,0.027
2010-06-05,26,0.028
2010-06-06,20,0.022
2010-06-07,31,0.034
2010-06-08,22,0.024
2010-06-09,26,0.028
2010-06-10,26,0.028
2010-06-11,29,0.031
2010-06-12,34,0.037
2010-06-13,31,0.034
2010-06-14,32,0.035
2010-06-15,29,0.031
2010-06-16,22,0.024
2010-06-17,33,0.036
2010-06-18,27,0.029
2010-06-19,28,0.03
2010-06-20,22,0.024
2010-06-21,32,0.035
2010-06-22,27,0.029
2010-06-23,33,0.036
2010-06-24,32,0.035
2010-06-25,21,0.023
2010-06-26,28,0.03
2010-06-27,28,0.03
2010-06-28,19,0.02
2010-06-29,27,0.029
2010-06-30,30,0.032
2010-07-01,21,0.023
2010-07-02,19,0.021
2010-07-03,31,0.034
2010-07-04,26,0.028
2010-07-05,31,0.033
2010-07-06,37,0.04
2010-07-07,54,0.056
2010-07-08,48,0.052
2010-07-09,48,0.052
2010-07-10,29,0.031
2010-07-11,19,0.02
2010-07-12,31,0.033
2010-07-13,31,0.033
2010-07-14,40,0.043
2010-07-15,47,0.051
2010-07-16,35,0.038
2010-07-17,32,0.035
2010-07-18,27,0.029
2010-07-19,34,0.037
2010-07-20,33,0.036
2010-07-21,44,0.047
2010-07-22,35,0.038
2010-07-23,34,0.037
2010-07-24,77,0.063
2010-07-25,39,0.042
2010-07-26,48,0.052
2010-07-27,44,0.047
2010-07-28,31,0.033
2010-07-29,44,0.047
2010-07-30,28,0.03
2010-07-31,23,0.025
2010-08-01,26,0.028
2010-08-02,28,0.03
2010-08-03,28,0.03
2010-08-04,35,0.038
2010-08-05,45,0.049
2010-08-06,34,0.037
2010-08-07,21,0.023
2010-08-08,23,0.025
2010-08-09,22,0.024
2010-08-10,22,0.024
2010-08-11,34,0.037
2010-08-12,37,0.04
2010-08-13,50,0.054
2010-08-14,54,0.056
2010-08-15,32,0.035
2010-08-16,50,0.054
2010-08-17,31,0.033
2010-08-18,31,0.034
2010-08-19,26,0.028
2010-08-20,36,0.039
2010-08-21,33,0.036
2010-08-22,36,0.039
2010-08-23,39,0.042
2010-08-24,67,0.06
2010-08-25,108,0.073
2010-08-26,26,0.028
2010-08-27,34,0.037
2010-08-28,34,0.037
2010-08-29,24,0.026
2010-08-30,18,0.019
2010-08-31,21,0.023
2010-09-01,14,0.015
2010-09-02,26,0.028
2010-09-03,35,0.038
2010-09-04,27,0.029
2010-09-05,29,0.031
2010-09-06,32,0.035
2010-09-07,19,0.02
2010-09-08,22,0.024
2010-09-09,19,0.02
2010-09-10,28,0.03
2010-09-11,30,0.032
2010-09-12,29,0.031
2010-09-13,16,0.017
2010-09-14,28,0.03
2010-09-15,13,0.014
2010-09-16,19,0.02
2010-09-17,9,0.01
2010-09-18,5,0.005
2010-09-19,22,0.024
2010-09-20,20,0.022
2010-09-21,31,0.033
2010-09-22,31,0.033
2010-09-23,19,0.02
2010-09-24,21,0.023
2010-09-25,21,0.023
2010-09-26,14,0.015
2010-09-27,19,0.02
2010-09-28,14,0.015
2010-09-29,10,0.011
2010-09-30,11,0.012
2011-04-30,2,0.002
2011-05-01,38,0.041
2011-05-02,38,0.041
2011-05-03,44,0.047
2011-05-04,35,0.038
2011-05-05,33,0.036
2011-05-06,30,0.032
2011-05-07,38,0.041
2011-05-08,34,0.037
2011-05-09,36,0.039
2011-05-10,33,0.036
2011-05-11,31,0.034
2011-05-12,38,0.041
2011-05-13,38,0.041
2011-05-14,29,0.031
2011-05-15,40,0.043
2011-05-16,40,0.043
2011-05-17,31,0.033
2011-05-18,44,0.048
2011-05-19,47,0.051
2011-05-20,43,0.046
2011-05-21,37,0.04
2011-05-22,39,0.042
2011-05-23,38,0.041
2011-05-24,39,0.042
2011-05-25,39,0.042
2011-05-26,31,0.034
2011-05-27,30,0.032
2011-05-28,33,0.036
2011-05-29,24,0.026
2011-05-30,31,0.034
2011-05-31,30,0.032
2011-06-01,26,0.028
2011-06-02,29,0.031
2011-06-03,31,0.034
2011-06-04,41,0.044
2011-06-05,31,0.034
2011-06-06,30,0.032
2011-06-07,33,0.036
2011-06-08,35,0.038
2011-06-09,36,0.039
2011-06-10,25,0.027
2011-06-11,32,0.035
2011-06-12,24,0.026
2011-06-13,25,0.027
2011-06-14,33,0.036
2011-06-15,31,0.034
2011-06-16,32,0.035
2011-06-17,35,0.038
2011-06-18,15,0.016
2011-06-19,31,0.033
2011-06-20,23,0.025
2011-06-21,37,0.04
2011-06-22,25,0.027
2011-06-23,31,0.033
2011-06-24,34,0.037
2011-06-25,34,0.037
2011-06-26,39,0.042
2011-06-27,26,0.028
2011-06-28,13,0.014
2011-06-29,19,0.02
2011-06-30,25,0.027
2011-07-01,37,0.04
2011-07-02,36,0.039
2011-07-03,26,0.028
2011-07-04,40,0.043
2011-07-05,48,0.052
2011-07-06,38,0.041
2011-07-07,21,0.023
2011-07-08,31,0.034
2011-07-09,33,0.036
2011-07-10,25,0.027
2011-07-11,19,0.021
2011-07-12,11,0.012
2011-07-13,19,0.02
2011-07-14,19,0.021
2011-07-15,16,0.017
2011-07-16,9,0.01
2011-07-17,12,0.013
2011-07-18,18,0.019
2011-07-19,18,0.019
2011-07-20,31,0.033
2011-07-21,14,0.015
2011-07-22,31,0.034
2011-07-23,39,0.042
2011-07-24,36,0.039
2011-07-25,23,0.025
2011-07-26,23,0.025
2011-07-27,35,0.038
2011-07-28,44,0.047
2011-07-29,33,0.036
2011-07-30,39,0.042
2011-07-31,31,0.034
2011-08-01,31,0.033
2011-08-02,29,0.031
2011-08-03,35,0.038
2011-08-04,27,0.029
2011-08-05,30,0.032
2011-08-06,24,0.026
2011-08-07,29,0.031
2011-08-08,21,0.023
2011-08-09,39,0.042
2011-08-10,37,0.04
2011-08-11,36,0.039
2011-08-12,40,0.043
2011-08-13,29,0.031
2011-08-14,35,0.038
2011-08-15,34,0.037
2011-08-16,41,0.044
2011-08-17,40,0.043
2011-08-18,32,0.035
2011-08-19,38,0.041
2011-08-20,64,0.059
2011-08-21,35,0.038
2011-08-22,15,0.016
2011-08-23,31,0.033
2011-08-24,37,0.04
2011-08-25,39,0.042
2011-08-26,46,0.05
2011-08-27,48,0.052
2011-08-28,38,0.041
2011-08-29,27,0.029
2011-08-30,28,0.03
2011-08-31,30,0.032
2011-09-01,34,0.037
2011-09-02,39,0.042
2011-09-03,46,0.05
2011-09-04,54,0.056
2011-09-05,58,0.057
2011-09-06,40,0.043
2011-09-07,71,0.061
2011-09-08,58,0.057
2011-09-09,64,0.059
2011-09-10,105,0.072
2011-09-11,35,0.038
2011-09-12,35,0.038
2011-09-13,20,0.022
2011-09-14,26,0.028
2011-09-15,26,0.028
2011-09-16,27,0.029
2011-09-17,26,0.028
2011-09-18,25,0.027
2011-09-19,26,0.028
2011-09-20,31,0.033
2011-09-21,44,0.047
2011-09-22,22,0.024
2011-09-23,27,0.029
2011-09-24,20,0.022
2011-09-25,31,0.034
2011-09-26,27,0.029
2011-09-27,25,0.027
2011-09-28,19,0.021
2011-09-29,26,0.028
2011-09-30,27,0.029
2012-04-30,19,0.021
2012-05-01,33,0.036
2012-05-02,39,0.042
2012-05-03,32,0.035
2012-05-04,36,0.039
2012-05-05,42,0.045
2012-05-06,42,0.045
2012-05-07,41,0.044
2012-05-08,40,0.043
2012-05-09,40,0.043
2012-05-10,39,0.042
2012-05-11,37,0.04
2012-05-12,47,0.051
2012-05-13,64,0.059
2012-05-14,30,0.032
2012-05-15,40,0.043
2012-05-16,43,0.046
2012-05-17,39,0.042
2012-05-18,39,0.042
2012-05-19,40,0.043
2012-05-20,29,0.031
2012-05-21,27,0.029
2012-05-22,31,0.034
2012-05-23,29,0.031
2012-05-24,28,0.03
2012-05-25,31,0.034
2012-05-26,24,0.026
2012-05-27,26,0.028
2012-05-28,31,0.033
2012-05-29,37,0.04
2012-05-30,33,0.036
2012-05-31,22,0.024
2012-06-01,8,0.009
2012-06-02,33,0.036
2012-06-03,32,0.035
2012-06-04,28,0.03
2012-06-05,24,0.026
2012-06-06,26,0.028
2012-06-07,30,0.032
2012-06-08,27,0.029
2012-06-09,31,0.033
2012-06-10,31,0.033
2012-06-11,30,0.032
2012-06-12,17,0.018
2012-06-13,31,0.034
2012-06-14,37,0.04
2012-06-15,30,0.032
2012-06-16,29,0.031
2012-06-17,23,0.025
2012-06-18,22,0.024
2012-06-19,19,0.021
2012-06-20,26,0.028
2012-06-21,29,0.031
2012-06-22,19,0.02
2012-06-23,23,0.025
2012-06-24,22,0.024
2012-06-25,19,0.021
2012-06-26,21,0.023
2012-06-27,29,0.031
2012-06-28,18,0.019
2012-06-29,17,0.018
2012-06-30,14,0.015
2012-07-01,13,0.014
2012-07-02,23,0.025
2012-07-03,31,0.034
2012-07-04,34,0.037
2012-07-05,40,0.043
2012-07-06,40,0.043
2012-07-07,47,0.051
2012-07-08,47,0.051
2012-07-09,40,0.043
2012-07-10,54,0.056
2012-07-11,44,0.047
2012-07-12,26,0.028
2012-07-13,36,0.039
2012-07-14,25,0.027
2012-07-15,20,0.022
2012-07-16,23,0.025
2012-07-17,22,0.024
2012-07-18,17,0.018
2012-07-19,33,0.036
2012-07-20,19,0.021
2012-07-21,29,0.031
2012-07-22,21,0.023
2012-07-23,31,0.033
2012-07-24,31,0.034
2012-07-25,44,0.047
2012-07-26,21,0.023
2012-07-27,23,0.025
2012-07-28,28,0.03
2012-07-29,21,0.023
2012-07-30,29,0.031
2012-07-31,39,0.042
2012-08-01,38,0.041
2012-08-02,41,0.044
2012-08-03,45,0.049
2012-08-04,74,0.062
2012-08-05,27,0.029
2012-08-06,19,0.021
2012-08-07,20,0.022
2012-08-08,34,0.037
2012-08-09,37,0.04
2012-08-10,41,0.044
2012-08-11,54,0.056
2012-08-12,84,0.065
2012-08-13,71,0.061
2012-08-14,51,0.055
2012-08-15,48,0.052
2012-08-16,35,0.038
2012-08-17,33,0.036
2012-08-18,37,0.04
2012-08-19,25,0.027
2012-08-20,38,0.041
2012-08-21,37,0.04
2012-08-22,41,0.044
2012-08-23,35,0.038
2012-08-24,36,0.039
2012-08-25,39,0.042
2012-08-26,30,0.032
2012-08-27,23,0.025
2012-08-28,29,0.031
2012-08-29,35,0.038
2012-08-30,36,0.039
2012-08-31,35,0.038
2012-09-01,33,0.036
2012-09-02,34,0.037
2012-09-03,39,0.042
2012-09-04,41,0.044
2012-09-05,49,0.053
2012-09-06,54,0.056
2012-09-07,61,0.058
2012-09-08,28,0.03
2012-09-09,31,0.033
2012-09-10,31,0.034
2012-09-11,30,0.032
2012-09-12,38,0.041
2012-09-13,49,0.053
2012-09-14,49,0.053
2012-09-15,44,0.047
2012-09-16,42,0.045
2012-09-17,54,0.056
2012-09-18,29,0.031
2012-09-19,31,0.034
2012-09-20,29,0.031
2012-09-21,25,0.027
2012-09-22,34,0.037
2012-09-23,33,0.036
2012-09-24,27,0.029
2012-09-25,33,0.036
2012-09-26,29,0.031
2012-09-27,35,0.038
2012-09-28,45,0.049
2012-09-29,29,0.031
2012-09-30,37,0.04
2013-04-30,12,0.013
2013-05-01,37,0.04
2013-05-02,46,0.05
2013-05-03,49,0.053
2013-05-04,46,0.05
2013-05-05,42,0.045
2013-05-06,41,0.044
2013-05-07,32,0.035
2013-05-08,31,0.034
2013-05-09,43,0.046
2013-05-10,39,0.042
2013-05-11,39,0.042
2013-05-12,20,0.022
2013-05-13,32,0.035
2013-05-14,44,0.047
2013-05-15,30,0.032
2013-05-16,25,0.027
2013-05-17,28,0.03
2013-05-18,28,0.03
2013-05-19,33,0.036
2013-05-20,37,0.04
2013-05-21,27,0.029
2013-05-22,25,0.027
2013-05-23,27,0.029
2013-05-24,31,0.033
2013-05-25,29,0.031
2013-05-26,24,0.026
2013-05-27,20,0.022
2013-05-28,26,0.028
2013-05-29,29,0.031
2013-05-30,26,0.028
2013-05-31,38,0.041
2013-06-01,37,0.04
2013-06-02,35,0.038
2013-06-03,35,0.038
2013-06-04,43,0.046
2013-06-05,44,0.047
2013-06-06,36,0.039
2013-06-07,36,0.039
2013-06-08,43,0.046
2013-06-09,39,0.042
2013-06-10,31,0.034
2013-06-11,25,0.027
2013-06-12,23,0.025
2013-06-13,19,0.021
2013-06-14,31,0.033
2013-06-15,32,0.035
2013-06-16,23,0.025
2013-06-17,23,0.025
2013-06-18,23,0.025
2013-06-19,21,0.023
2013-06-20,19,0.021
2013-06-21,31,0.033
2013-06-22,32,0.035
2013-06-23,21,0.023
2013-06-24,25,0.027
2013-06-25,18,0.019
2013-06-26,19,0.021
2013-06-27,19,0.021
2013-06-28,19,0.02
2013-06-29,32,0.035
2013-06-30,36,0.039
2013-07-01,39,0.042
2013-07-02,38,0.041
2013-07-03,40,0.043
2013-07-04,34,0.037
2013-07-05,36,0.039
2013-07-06,38,0.041
2013-07-07,31,0.034
2013-07-08,44,0.048
2013-07-09,58,0.057
2013-07-10,33,0.036
2013-07-11,39,0.042
2013-07-12,30,0.032
2013-07-13,37,0.04
2013-07-14,48,0.052
2013-07-15,45,0.049
2013-07-16,33,0.036
2013-07-17,37,0.04
2013-07-18,49,0.053
2013-07-19,51,0.055
2013-07-20,44,0.047
2013-07-21,30,0.032
2013-07-22,39,0.042
2013-07-23,50,0.054
2013-07-24,49,0.053
2013-07-25,49,0.053
2013-07-26,47,0.051
2013-07-27,34,0.037
2013-07-28,28,0.03
2013-07-29,30,0.032
2013-07-30,37,0.04
2013-07-31,20,0.022
2013-08-01,19,0.021
2013-08-02,31,0.034
2013-08-03,37,0.04
2013-08-04,43,0.046
2013-08-05,44,0.048
2013-08-06,45,0.049
2013-08-07,10,0.011
2013-08-08,31,0.033
2013-08-09,30,0.032
2013-08-10,16,0.017
2013-08-11,19,0.02
2013-08-12,24,0.026
2013-08-13,39,0.042
2013-08-14,27,0.029
2013-08-15,15,0.016
2013-08-16,19,0.02
2013-08-17,25,0.027
2013-08-18,31,0.033
2013-08-19,36,0.039
2013-08-20,40,0.043
2013-08-21,47,0.051
2013-08-22,30,0.032
2013-08-23,14,0.015
2013-08-24,24,0.026
2013-08-25,16,0.017
2013-08-26,25,0.027
2013-08-27,25,0.027
2013-08-28,24,0.026
2013-08-29,13,0.014
2013-08-30,24,0.026
2013-08-31,31,0.034
2013-09-01,26,0.028
2013-09-02,28,0.03
2013-09-03,31,0.034
2013-09-04,26,0.028
2013-09-05,18,0.019
2013-09-06,21,0.023
2013-09-07,25,0.027
2013-09-08,37,0.04
2013-09-09,30,0.032
2013-09-10,31,0.034
2013-09-11,31,0.034
2013-09-12,26,0.028
2013-09-13,23,0.025
2013-09-14,19,0.021
2013-09-15,25,0.027
2013-09-16,30,0.032
2013-09-17,22,0.024
2013-09-18,30,0.032
2013-09-19,22,0.024
2013-09-20,26,0.028
2013-09-21,28,0.03
2013-09-22,28,0.03
2013-09-23,29,0.031
2013-09-24,22,0.024
2013-09-25,24,0.026
2013-09-26,24,0.026
2013-09-27,17,0.018
2013-09-28,33,0.036
2013-09-29,31,0.034
2013-09-30,27,0.029
2014-04-30,3,0.003
2014-05-01,45,0.049
2014-05-02,29,0.031
2014-05-03,36,0.039
2014-05-04,33,0.036
2014-05-05,36,0.039
2014-05-06,32,0.035
2014-05-07,38,0.041
2014-05-08,33,0.036
2014-05-09,33,0.036
2014-05-10,35,0.038
2014-05-11,33,0.036
2014-05-12,39,0.042
2014-05-13,47,0.051
2014-05-14,49,0.053
2014-05-15,38,0.041
2014-05-16,34,0.037
2014-05-17,33,0.036
2014-05-18,27,0.029
2014-05-19,32,0.035
2014-05-20,34,0.037
2014-05-21,36,0.039
2014-05-22,35,0.038
2014-05-23,21,0.023
2014-05-24,30,0.032
2014-05-25,27,0.029
2014-05-26,32,0.035
2014-05-27,31,0.034
2014-05-28,30,0.032
2014-05-29,34,0.037
2014-05-30,38,0.041
2014-05-31,36,0.039
2014-06-01,31,0.033
2014-06-02,34,0.037
2014-06-03,31,0.034
2014-06-04,35,0.038
2014-06-05,38,0.041
2014-06-06,42,0.045
2014-06-07,31,0.033
2014-06-08,30,0.032
2014-06-09,34,0.037
2014-06-10,34,0.037
2014-06-11,35,0.038
2014-06-12,23,0.025
2014-06-13,21,0.023
2014-06-14,33,0.036
2014-06-15,26,0.028
2014-06-16,22,0.024
2014-06-17,19,0.02
2014-06-18,30,0.032
2014-06-19,24,0.026
2014-06-20,32,0.035
2014-06-21,38,0.041
2014-06-22,43,0.046
2014-06-23,25,0.027
2014-06-24,26,0.028
2014-06-25,17,0.018
2014-06-26,17,0.018
2014-06-27,18,0.019
2014-06-28,18,0.019
2014-06-29,26,0.028
2014-06-30,38,0.041
2014-07-01,44,0.048
2014-07-02,31,0.033
2014-07-03,31,0.034
2014-07-04,36,0.039
2014-07-05,40,0.043
2014-07-06,37,0.04
2014-07-07,34,0.037
2014-07-08,45,0.049
2014-07-09,43,0.046
2014-07-10,48,0.052
2014-07-11,33,0.036
2014-07-12,44,0.047
2014-07-13,16,0.017
2014-07-14,43,0.046
2014-07-15,71,0.061
2014-07-16,44,0.048
2014-07-17,40,0.043
2014-07-18,38,0.041
2014-07-19,24,0.026
2014-07-20,19,0.021
2014-07-21,21,0.023
2014-07-22,25,0.027
2014-07-23,20,0.022
2014-07-24,30,0.032
2014-07-25,31,0.034
2014-07-26,37,0.04
2014-07-27,44,0.048
2014-07-28,67,0.06
2014-07-29,46,0.05
2014-07-30,46,0.05
2014-07-31,49,0.053
2014-08-01,49,0.053
2014-08-02,35,0.038
2014-08-03,41,0.044
2014-08-04,31,0.034
2014-08-05,30,0.032
2014-08-06,34,0.037
2014-08-07,37,0.04
2014-08-08,37,0.04
2014-08-09,41,0.044
2014-08-10,54,0.056
2014-08-11,45,0.049
2014-08-12,21,0.023
2014-08-13,22,0.024
2014-08-14,18,0.019
2014-08-15,23,0.025
2014-08-16,43,0.046
2014-08-17,40,0.043
2014-08-18,43,0.046
2014-08-19,30,0.032
2014-08-20,30,0.032
2014-08-21,39,0.042
2014-08-22,32,0.035
2014-08-23,50,0.054
2014-08-24,41,0.044
2014-08-25,47,0.051
2014-08-26,61,0.058
2014-08-27,64,0.059
2014-08-28,27,0.029
2014-08-29,25,0.027
2014-08-30,25,0.027
2014-08-31,31,0.033
2014-09-01,34,0.037
2014-09-02,29,0.031
2014-09-03,38,0.041
2014-09-04,33,0.036
2014-09-05,40,0.043
2014-09-06,40,0.043
2014-09-07,37,0.04
2014-09-08,36,0.039
2014-09-09,37,0.04
2014-09-10,37,0.04
2014-09-11,33,0.036
2014-09-12,40,0.043
2014-09-13,49,0.053
2014-09-14,51,0.055
2014-09-15,44,0.047
2014-09-16,34,0.037
2014-09-17,20,0.022
2014-09-18,24,0.026
2014-09-19,37,0.04
2014-09-20,40,0.043
2014-09-21,24,0.026
2014-09-22,21,0.023
2014-09-23,21,0.023
2014-09-24,16,0.017
2014-09-25,25,0.027
2014-09-26,28,0.03
2014-09-27,23,0.025
2014-09-28,25,0.027
2014-09-29,19,0.02
2014-09-30,27,0.029
2015-04-29,5,0.005
2015-04-30,40,0.043
2015-05-01,44,0.047
2015-05-02,48,0.052
2015-05-03,51,0.055
2015-05-04,42,0.045
2015-05-05,41,0.044
2015-05-06,39,0.042
2015-05-07,39,0.042
2015-05-08,40,0.043
2015-05-09,49,0.053
2015-05-10,35,0.038
2015-05-11,31,0.033
2015-05-12,33,0.036
2015-05-13,37,0.04
2015-05-14,32,0.035
2015-05-15,28,0.03
2015-05-16,32,0.035
2015-05-17,35,0.038
2015-05-18,33,0.036
2015-05-19,26,0.028
2015-05-20,27,0.029
2015-05-21,23,0.025
2015-05-22,30,0.032
2015-05-23,31,0.034
2015-05-24,28,0.03
2015-05-25,31,0.033
2015-05-26,33,0.036
2015-05-27,40,0.043
2015-05-28,39,0.042
2015-05-29,34,0.037
2015-05-30,29,0.031
2015-05-31,39,0.042
2015-06-01,20,0.022
2015-06-02,26,0.028
2015-06-03,31,0.034
2015-06-04,39,0.042
2015-06-05,44,0.047
2015-06-06,50,0.054
2015-06-07,58,0.057
2015-06-08,80,0.064
2015-06-09,58,0.057
2015-06-10,46,0.05
2015-06-11,46,0.05
2015-06-12,42,0.045
2015-06-13,44,0.047
2015-06-14,45,0.049
2015-06-15,31,0.033
2015-06-16,42,0.045
2015-06-17,49,0.053
2015-06-18,34,0.037
2015-06-19,35,0.038
2015-06-20,49,0.053
2015-06-21,39,0.042
2015-06-22,37,0.04
2015-06-23,44,0.048
2015-06-24,47,0.051
2015-06-25,51,0.055
2015-06-26,108,0.073
2015-06-27,80,0.064
2015-06-28,34,0.037
2015-06-29,45,0.049
2015-06-30,48,0.052
2015-07-01,71,0.061
2015-07-02,126,0.078
2015-07-03,58,0.057
2015-07-04,50,0.054
2015-07-05,33,0.036
2015-07-06,29,0.031
2015-07-07,42,0.045
2015-07-08,43,0.046
2015-07-09,27,0.029
2015-07-10,28,0.03
2015-07-11,23,0.025
2015-07-12,25,0.027
2015-07-13,32,0.035
2015-07-14,37,0.04
2015-07-15,41,0.044
2015-07-16,37,0.04
2015-07-17,46,0.05
2015-07-18,50,0.054
2015-07-19,33,0.036
2015-07-20,31,0.034
2015-07-21,28,0.03
2015-07-22,32,0.035
2015-07-23,31,0.033
2015-07-24,27,0.029
2015-07-25,23,0.025
2015-07-26,29,0.031
2015-07-27,33,0.036
2015-07-28,40,0.043
2015-07-29,61,0.058
2015-07-30,93,0.068
2015-07-31,90,0.067
2015-08-01,61,0.058
2015-08-02,23,0.025
2015-08-03,43,0.046
2015-08-04,40,0.043
2015-08-05,37,0.04
2015-08-06,32,0.035
2015-08-07,39,0.042
2015-08-08,19,0.02
2015-08-09,26,0.028
2015-08-10,31,0.033
2015-08-11,37,0.04
2015-08-12,39,0.042
2015-08-13,32,0.035
2015-08-14,21,0.023
2015-08-15,40,0.043
2015-08-16,45,0.049
2015-08-17,67,0.06
2015-08-18,101,0.071
2015-08-19,84,0.065
2015-08-20,30,0.032
2015-08-21,37,0.04
2015-08-22,77,0.063
2015-08-23,49,0.053
2015-08-24,41,0.044
2015-08-25,41,0.044
2015-08-26,37,0.04
2015-08-27,36,0.039
2015-08-28,24,0.026
2015-08-29,27,0.029
2015-08-30,29,0.031
2015-08-31,31,0.033
2015-09-01,27,0.029
2015-09-02,31,0.034
2015-09-03,25,0.027
2015-09-04,23,0.025
2015-09-05,30,0.032
2015-09-06,30,0.032
2015-09-07,37,0.04
2015-09-08,33,0.036
2015-09-09,32,0.035
2015-09-10,34,0.037
2015-09-11,48,0.052
2015-09-12,51,0.055
2015-09-13,35,0.038
2015-09-14,31,0.033
2015-09-15,31,0.033
2015-09-16,34,0.037
2015-09-17,27,0.029
2015-09-18,28,0.03
2015-09-19,32,0.035
2015-09-20,24,0.026
2015-09-21,29,0.031
2015-09-22,31,0.033
2015-09-23,25,0.027
2015-09-24,29,0.031
2015-09-25,25,0.027
2015-09-26,35,0.038
2015-09-27,31,0.034
2015-09-28,26,0.028
2015-09-29,31,0.034
2015-09-30,31,0.033
2016-04-29,8,0.009
2016-04-30,36,0.039
2016-05-01,32,0.035
2016-05-02,31,0.033
2016-05-03,27,0.029
2016-05-04,23,0.025
2016-05-05,36,0.039
2016-05-06,41,0.044
2016-05-07,45,0.049
2016-05-08,34,0.037
2016-05-09,38,0.041
2016-05-10,38,0.041
2016-05-11,41,0.044
2016-05-12,42,0.045
2016-05-13,29,0.031
2016-05-14,25,0.027
2016-05-15,19,0.021
2016-05-16,30,0.032
2016-05-17,39,0.042
2016-05-18,32,0.035
2016-05-19,29,0.031
2016-05-20,31,0.033
2016-05-21,30,0.032
2016-05-22,24,0.026
2016-05-23,19,0.021
2016-05-24,26,0.028
2016-05-25,30,0.032
2016-05-26,37,0.04
2016-05-27,41,0.044
2016-05-28,40,0.043
2016-05-29,34,0.037
2016-05-30,45,0.049
2016-05-31,47,0.051
2016-06-01,42,0.045
2016-06-02,25,0.027
2016-06-03,38,0.041
2016-06-04,47,0.051
2016-06-05,31,0.033
2016-06-06,48,0.052
2016-06-07,49,0.053
2016-06-08,22,0.024
2016-06-09,21,0.023
2016-06-10,29,0.031
2016-06-11,35,0.038
2016-06-12,35,0.038
2016-06-13,31,0.034
2016-06-14,26,0.028
2016-06-15,26,0.028
2016-06-16,28,0.03
2016-06-17,31,0.034
2016-06-18,31,0.034
2016-06-19,32,0.035
2016-06-20,29,0.031
2016-06-21,38,0.041
2016-06-22,33,0.036
2016-06-23,21,0.023
2016-06-24,32,0.035
2016-06-25,37,0.04
2016-06-26,40,0.043
2016-06-27,33,0.036
2016-06-28,39,0.042
2016-06-29,30,0.032
2016-06-30,35,0.038
2016-07-01,39,0.042
2016-07-02,26,0.028
2016-07-03,28,0.03
2016-07-04,32,0.035
2016-07-05,33,0.036
2016-07-06,40,0.043
2016-07-07,17,0.018
2016-07-08,14,0.015
2016-07-09,26,0.028
2016-07-10,19,0.021
2016-07-11,28,0.03
2016-07-12,19,0.02
2016-07-13,35,0.038
2016-07-14,44,0.047
2016-07-15,30,0.032
2016-07-16,26,0.028
2016-07-17,23,0.025
2016-07-18,19,0.021
2016-07-19,23,0.025
2016-07-20,38,0.041
2016-07-21,21,0.023
2016-07-22,34,0.037
2016-07-23,36,0.039
2016-07-24,40,0.043
2016-07-25,32,0.035
2016-07-26,34,0.037
2016-07-27,38,0.041
2016-07-28,51,0.055
2016-07-29,44,0.048
2016-07-30,31,0.034
2016-07-31,31,0.034
2016-08-01,31,0.033
2016-08-02,31,0.034
2016-08-03,36,0.039
2016-08-04,48,0.052
2016-08-05,31,0.033
2016-08-06,31,0.034
2016-08-07,23,0.025
2016-08-08,22,0.024
2016-08-09,22,0.024
2016-08-10,34,0.037
2016-08-11,44,0.047
2016-08-12,58,0.057
2016-08-13,64,0.059
2016-08-14,36,0.039
2016-08-15,42,0.045
2016-08-16,42,0.045
2016-08-17,36,0.039
2016-08-18,80,0.064
2016-08-19,87,0.066
2016-08-20,45,0.049
2016-08-21,22,0.024
2016-08-22,37,0.04
2016-08-23,37,0.04
2016-08-24,44,0.048
2016-08-25,44,0.048
2016-08-26,46,0.05
2016-08-27,22,0.024
2016-08-28,21,0.023
2016-08-29,21,0.023
2016-08-30,17,0.018
2016-08-31,18,0.019
2016-09-01,20,0.022
2016-09-02,24,0.026
2016-09-03,29,0.031
2016-09-04,29,0.031
2016-09-05,29,0.031
2016-09-06,14,0.015
2016-09-07,28,0.03
2016-09-08,32,0.035
2016-09-09,30,0.032
2016-09-10,36,0.039
2016-09-11,31,0.034
2016-09-12,30,0.032
2016-09-13,31,0.033
2016-09-14,34,0.037
2016-09-15,37,0.04
2016-09-16,37,0.04
2016-09-17,19,0.02
2016-09-18,17,0.018
2016-09-19,25,0.027
2016-09-20,32,0.035
2016-09-21,29,0.031
2016-09-22,21,0.023
2016-09-23,19,0.02
2016-09-24,19,0.021
2016-09-25,29,0.031
2016-09-26,31,0.034
2016-09-27,31,0.034
2016-09-28,32,0.035
2016-09-29,36,0.039
2016-09-30,27,0.029
2017-04-30,7,0.008
2017-05-01,28,0.03
2017-05-02,30,0.032
2017-05-03,23,0.025
2017-05-04,23,0.025
2017-05-05,37,0.04
2017-05-06,39,0.042
2017-05-07,36,0.039
2017-05-08,41,0.044
2017-05-09,43,0.046
2017-05-10,32,0.035
2017-05-11,32,0.035
2017-05-12,31,0.034
2017-05-13,28,0.03
2017-05-14,33,0.036
2017-05-15,31,0.034
2017-05-16,33,0.036
2017-05-17,30,0.032
2017-05-18,32,0.035
2017-05-19,38,0.041
2017-05-20,30,0.032
2017-05-21,41,0.044
2017-05-22,51,0.055
2017-05-23,44,0.048
2017-05-24,37,0.04
2017-05-25,38,0.041
2017-05-26,41,0.044
2017-05-27,40,0.043
2017-05-28,22,0.024
2017-05-29,20,0.022
2017-05-30,20,0.022
2017-05-31,26,0.028
2017-06-01,22,0.024
2017-06-02,31,0.033
2017-06-03,27,0.029
2017-06-04,37,0.04
2017-06-05,39,0.042
2017-06-06,35,0.038
2017-06-07,27,0.029
2017-06-08,32,0.035
2017-06-09,25,0.027
2017-06-10,25,0.027
2017-06-11,27,0.029
2017-06-12,22,0.024
2017-06-13,24,0.026
2017-06-14,23,0.025
2017-06-15,13,0.014
2017-06-16,14,0.015
2017-06-17,41,0.044
2017-06-18,31,0.033
2017-06-19,23,0.025
2017-06-20,26,0.028
2017-06-21,42,0.045
2017-06-22,50,0.054
2017-06-23,77,0.063
2017-06-24,84,0.065
2017-06-25,35,0.038
2017-06-26,20,0.022
2017-06-27,28,0.03
2017-06-28,26,0.028
2017-06-29,38,0.041
2017-06-30,23,0.025
2017-07-01,27,0.029
2017-07-02,33,0.036
2017-07-03,41,0.044
2017-07-04,44,0.047
2017-07-05,33,0.036
2017-07-06,25,0.027
2017-07-07,37,0.04
2017-07-08,44,0.047
2017-07-09,29,0.031
2017-07-10,31,0.034
2017-07-11,35,0.038
2017-07-12,41,0.044
2017-07-13,31,0.033
2017-07-14,43,0.046
2017-07-15,31,0.033
2017-07-16,31,0.034
2017-07-17,37,0.04
2017-07-18,33,0.036
2017-07-19,20,0.022
2017-07-20,21,0.023
2017-07-21,33,0.036
2017-07-22,32,0.035
2017-07-23,31,0.033
2017-07-24,44,0.047
2017-07-25,44,0.048
2017-07-26,38,0.041
2017-07-27,30,0.032
2017-07-28,35,0.038
2017-07-29,42,0.045
2017-07-30,31,0.033
2017-07-31,74,0.062
2017-08-01,100,0.07
2017-08-02,164,0.091
2017-08-03,156,0.088
2017-08-04,39,0.042
2017-08-05,26,0.028
2017-08-06,42,0.045
2017-08-07,48,0.052
2017-08-08,100,0.07
2017-08-09,54,0.056
2017-08-10,54,0.056
2017-08-11,23,0.025
2017-08-12,17,0.018
2017-08-13,14,0.015
2017-08-14,31,0.033
2017-08-15,38,0.041
2017-08-16,37,0.04
2017-08-17,38,0.041
2017-08-18,33,0.036
2017-08-19,39,0.042
2017-08-20,37,0.04
2017-08-21,33,0.036
2017-08-22,23,0.025
2017-08-23,23,0.025
2017-08-24,31,0.033
2017-08-25,38,0.041
2017-08-26,48,0.052
2017-08-27,67,0.06
2017-08-28,112,0.074
2017-08-29,37,0.04
2017-08-30,19,0.02
2017-08-31,37,0.04
2017-09-01,61,0.058
2017-09-02,47,0.051
2017-09-03,80,0.064
2017-09-04,47,0.051
2017-09-05,34,0.037
2017-09-06,33,0.036
2017-09-07,20,0.022
2017-09-08,21,0.023
2017-09-09,27,0.029
2017-09-10,35,0.038
2017-09-11,74,0.062
2017-09-12,38,0.041
2017-09-13,37,0.04
2017-09-14,37,0.04
2017-09-15,41,0.044
2017-09-16,35,0.038
2017-09-17,27,0.029
2017-09-18,27,0.029
2017-09-19,23,0.025
2017-09-20,29,0.031
2017-09-21,23,0.025
2017-09-22,22,0.024
2017-09-23,27,0.029
2017-09-24,30,0.032
2017-09-25,31,0.033
2017-09-26,26,0.028
2017-09-27,30,0.032
2017-09-28,33,0.036
2017-09-29,23,0.025
2017-09-30,22,0.024
2018-04-30,8,0.009
2018-05-01,31,0.034
2018-05-02,31,0.033
2018-05-03,29,0.031
2018-05-04,30,0.032
2018-05-05,31,0.034
2018-05-06,27,0.029
2018-05-07,29,0.031
2018-05-08,22,0.024
2018-05-09,35,0.038
2018-05-10,36,0.039
2018-05-11,36,0.039
2018-05-12,35,0.038
2018-05-13,40,0.043
2018-05-14,31,0.034
2018-05-15,25,0.027
2018-05-16,28,0.03
2018-05-17,31,0.033
2018-05-18,30,0.032
2018-05-19,31,0.034
2018-05-20,35,0.038
2018-05-21,43,0.046
2018-05-22,50,0.054
2018-05-23,38,0.041
2018-05-24,36,0.039
2018-05-29,36,0.039
2018-05-30,34,0.037
2018-05-31,27,0.029
2018-06-01,32,0.035
2018-06-02,40,0.043
2018-06-03,34,0.037
2018-06-04,40,0.043
2018-06-05,32,0.035
2018-06-06,34,0.037
2018-06-07,36,0.039
2018-06-08,30,0.032
2018-06-09,27,0.029
2018-06-10,25,0.027
2018-06-11,31,0.034
2018-06-12,33,0.036
2018-06-13,21,0.023
2018-06-14,30,0.032
2018-06-15,31,0.034
2018-06-16,36,0.039
2018-06-17,41,0.044
2018-06-18,29,0.031
2018-06-19,44,0.047
2018-06-20,22,0.024
2018-06-21,27,0.029
2018-06-22,28,0.03
2018-06-23,34,0.037
2018-06-24,38,0.041
2018-06-25,31,0.034
2018-06-26,40,0.043
2018-06-27,36,0.039
2018-06-28,37,0.04
2018-06-29,37,0.04
2018-06-30,33,0.036
2018-07-01,31,0.034
2018-07-02,31,0.033
2018-07-03,36,0.039
2018-07-04,22,0.024
2018-07-05,21,0.023
2018-07-06,17,0.018
2018-07-07,31,0.033
2018-07-08,26,0.028
2018-07-09,18,0.019
2018-07-10,30,0.032
2018-07-11,40,0.043
2018-07-12,67,0.06
2018-07-13,49,0.053
2018-07-14,38,0.041
2018-07-15,49,0.053
2018-07-16,58,0.057
2018-07-17,32,0.035
2018-07-18,31,0.033
2018-07-19,31,0.033
2018-07-20,40,0.043
2018-07-21,38,0.041
2018-07-22,44,0.047
2018-07-23,64,0.059
2018-07-24,77,0.063
2018-07-25,84,0.065
2018-07-26,50,0.054
2018-07-27,35,0.038
2018-07-28,34,0.037
2018-07-29,44,0.048
2018-07-30,25,0.027
2018-07-31,28,0.03
2018-08-01,37,0.04
2018-08-02,20,0.022
2018-08-03,19,0.02
2018-08-04,32,0.035
2018-08-05,29,0.031
2018-08-06,32,0.035
2018-08-07,49,0.053
2018-08-08,36,0.039
2018-08-09,49,0.053
2018-08-10,28,0.03
2018-08-11,18,0.019
2018-08-12,31,0.033
2018-08-13,32,0.035
2018-08-14,61,0.058
2018-08-15,30,0.032
2018-08-16,26,0.028
2018-08-17,44,0.047
2018-08-18,45,0.049
2018-08-19,39,0.042
2018-08-20,35,0.038
2018-08-21,67,0.06
2018-08-22,54,0.056
2018-08-23,31,0.033
2018-08-24,28,0.03
2018-08-25,30,0.032
2018-08-26,27,0.029
2018-08-27,28,0.03
2018-08-28,43,0.046
2018-08-29,30,0.032
2018-08-30,14,0.015
2018-08-31,27,0.029
2018-09-01,32,0.035
2018-09-02,39,0.042
2018-09-03,31,0.033
2018-09-04,42,0.045
2018-09-05,50,0.054
2018-09-06,31,0.033
2018-09-07,29,0.031
2018-09-08,26,0.028
2018-09-09,27,0.029
2018-09-10,29,0.031
2018-09-11,27,0.029
2018-09-12,25,0.027
2018-09-13,24,0.026
2018-09-14,24,0.026
2018-09-15,24,0.026
2018-09-16,30,0.032
2018-09-17,29,0.031
2018-09-18,33,0.036
2018-09-19,31,0.033
2018-09-20,31,0.033
2018-09-21,26,0.028
2018-09-22,26,0.028
2018-09-23,31,0.034
2018-09-24,28,0.03
2018-09-25,31,0.034
2018-09-26,35,0.038
2018-09-27,43,0.046
2018-09-28,45,0.049
2018-09-29,31,0.033
2018-09-30,26,0.028
2019-04-30,6,0.006
2019-05-01,42,0.045
2019-05-02,43,0.046
2019-05-03,40,0.043
2019-05-04,39,0.042
2019-05-05,34,0.037
2019-05-06,40,0.043
2019-05-07,36,0.039
2019-05-08,38,0.041
2019-05-09,46,0.05
2019-05-10,50,0.054
2019-05-11,33,0.036
2019-05-12,25,0.027
2019-05-13,27,0.029
2019-05-14,22,0.024
2019-05-15,13,0.014
2019-05-16,31,0.034
2019-05-17,36,0.039
2019-05-18,24,0.026
2019-05-19,38,0.041
2019-05-20,38,0.041
2019-05-21,27,0.029
2019-05-22,31,0.033
2019-05-23,31,0.033
2019-05-24,34,0.037
2019-05-25,31,0.033
2019-05-26,20,0.022
2019-05-27,23,0.025
2019-05-28,29,0.031
2019-05-29,37,0.04
2019-05-30,35,0.038
2019-05-31,39,0.042
2019-06-01,35,0.038
2019-06-02,30,0.032
2019-06-03,41,0.044
2019-06-04,38,0.041
2019-06-05,27,0.029
2019-06-06,29,0.031
2019-06-07,27,0.029
2019-06-08,30,0.032
2019-06-09,39,0.042
2019-06-10,43,0.046
2019-06-11,58,0.057
2019-06-12,37,0.04
2019-06-13,34,0.037
2019-06-14,37,0.04
2019-06-15,36,0.039
2019-06-16,35,0.038
2019-06-17,34,0.037
2019-06-18,28,0.03
2019-06-19,32,0.035
2019-06-20,26,0.028
2019-06-21,29,0.031
2019-06-22,26,0.028
2019-06-23,27,0.029
2019-06-24,38,0.041
2019-06-25,26,0.028
2019-06-26,27,0.029
2019-06-27,21,0.023
2019-06-28,29,0.031
2019-06-29,32,0.035
2019-06-30,34,0.037
2019-07-01,21,0.023
2019-07-02,28,0.03
2019-07-03,34,0.037
2019-07-04,36,0.039
2019-07-05,24,0.026
2019-07-06,23,0.025
2019-07-07,31,0.033
2019-07-08,35,0.038
2019-07-09,20,0.022
2019-07-10,12,0.013
2019-07-11,22,0.024
2019-07-12,26,0.028
2019-07-13,29,0.031
2019-07-14,31,0.033
2019-07-15,17,0.018
2019-07-16,22,0.024
2019-07-17,19,0.021
2019-07-18,32,0.035
2019-07-19,34,0.037
2019-07-20,39,0.042
2019-07-21,33,0.036
2019-07-22,31,0.034
2019-07-23,23,0.025
2019-07-24,41,0.044
2019-07-25,58,0.057
2019-07-26,40,0.043
2019-07-27,25,0.027
2019-07-28,37,0.04
2019-07-29,34,0.037
2019-07-30,31,0.033
2019-07-31,31,0.033
2019-08-01,21,0.023
2019-08-02,16,0.017
2019-08-03,33,0.036
2019-08-04,42,0.045
2019-08-05,42,0.045
2019-08-06,24,0.026
2019-08-07,21,0.023
2019-08-08,19,0.02
2019-08-09,25,0.027
2019-08-10,24,0.026
2019-08-11,31,0.034
2019-08-12,39,0.042
2019-08-13,44,0.047
2019-08-14,35,0.038
2019-08-15,37,0.04
2019-08-16,36,0.039
2019-08-17,32,0.035
2019-08-18,32,0.035
2019-08-19,35,0.038
2019-08-20,24,0.026
2019-08-21,17,0.018
2019-08-22,37,0.04
2019-08-23,39,0.042
2019-08-24,37,0.04
2019-08-25,38,0.041
2019-08-26,43,0.046
2019-08-27,74,0.062
2019-08-28,48,0.052
2019-08-29,25,0.027
2019-08-30,24,0.026
2019-08-31,21,0.023
2019-09-01,29,0.031
2019-09-02,31,0.033
2019-09-03,22,0.024
2019-09-04,35,0.038
2019-09-05,43,0.046
2019-09-06,21,0.023
2019-09-07,19,0.02
2019-09-08,24,0.026
2019-09-09,21,0.023
2019-09-10,21,0.023
2019-09-11,27,0.029
2019-09-12,22,0.024
2019-09-13,22,0.024
2019-09-14,23,0.025
2019-09-15,26,0.028
2019-09-16,20,0.022
2019-09-17,19,0.02
2019-09-18,19,0.02
2019-09-19,30,0.032
2019-09-20,20,0.022
2019-09-21,25,0.027
2019-09-22,19,0.02
2019-09-23,31,0.033
2019-09-24,21,0.023
2019-09-25,31,0.033
2019-09-26,19,0.02
2019-09-27,28,0.03
2019-09-28,25,0.027
2019-09-29,22,0.024
2019-09-30,14,0.015
2019-10-01,,0.0
2020-04-30,5,0.005
2020-05-01,34,0.037
2020-05-02,37,0.04
2020-05-03,36,0.039
2020-05-04,41,0.044
2020-05-05,33,0.036
2020-05-06,38,0.041
2020-05-07,35,0.038
2020-05-08,44,0.047
2020-05-09,44,0.047
2020-05-10,31,0.034
2020-05-11,36,0.039
2020-05-12,32,0.035
2020-05-13,28,0.03
2020-05-14,32,0.035
2020-05-15,36,0.039
2020-05-16,21,0.023
2020-05-17,33,0.036
2020-05-18,26,0.028
2020-05-19,24,0.026
2020-05-20,24,0.026
2020-05-21,31,0.033
2020-05-22,31,0.033
2020-05-23,31,0.033
2020-05-24,34,0.037
2020-05-25,22,0.024
2020-05-26,28,0.03
2020-05-27,49,0.053
2020-05-28,51,0.055
2020-05-29,45,0.049
2020-05-30,21,0.023
2020-05-31,32,0.035
2020-06-01,38,0.041
2020-06-02,38,0.041
2020-06-03,36,0.039
2020-06-04,42,0.045
2020-06-05,28,0.03
2020-06-06,29,0.031
2020-06-07,27,0.029
2020-06-08,27,0.029
2020-06-09,15,0.016
2020-06-10,18,0.019
2020-06-11,31,0.034
2020-06-12,22,0.024
2020-06-13,22,0.024
2020-06-14,26,0.028
2020-06-15,25,0.027
2020-06-16,20,0.022
2020-06-17,27,0.029
2020-06-18,36,0.039
2020-06-19,42,0.045
2020-06-20,13,0.014
2020-06-21,23,0.025
2020-06-22,41,0.044
2020-06-23,40,0.043
2020-06-24,20,0.022
2020-06-25,34,0.037
2020-06-26,40,0.043
2020-06-27,27,0.029
2020-06-28,21,0.023
2020-06-29,19,0.02
2020-06-30,23,0.025
2020-07-01,27,0.029
2020-07-02,33,0.036
2020-07-03,32,0.035
2020-07-04,28,0.03
2020-07-05,30,0.032
2020-07-06,21,0.023
2020-07-07,20,0.022
2020-07-08,33,0.036
2020-07-09,26,0.028
2020-07-10,29,0.031
2020-07-11,22,0.024
2020-07-12,24,0.026
2020-07-13,43,0.046
2020-07-14,48,0.052
2020-07-15,40,0.043
2020-07-16,29,0.031
2020-07-17,25,0.027
2020-07-18,38,0.041
2020-07-19,37,0.04
2020-07-20,41,0.044
2020-07-21,36,0.039
2020-07-22,30,0.032
2020-07-23,31,0.034
2020-07-24,31,0.034
2020-07-25,38,0.041
2020-07-26,51,0.055
2020-07-27,51,0.055
2020-07-28,45,0.049
2020-07-29,42,0.045
2020-07-30,48,0.052
2020-07-31,21,0.023
2020-08-01,26,0.028
2020-08-02,22,0.024
2020-08-03,31,0.033
2020-08-04,43,0.046
2020-08-05,22,0.024
2020-08-06,25,0.027
2020-08-07,35,0.038
2020-08-08,31,0.034
2020-08-09,38,0.041
2020-08-10,37,0.04
2020-08-11,42,0.045
2020-08-12,38,0.041
2020-08-13,45,0.049
2020-08-14,48,0.052
2020-08-15,87,0.066
2020-08-16,29,0.031
2020-08-17,34,0.037
2020-08-18,31,0.033
2020-08-19,24,0.026
2020-08-20,16,0.017
2020-08-21,19,0.021
2020-08-22,35,0.038
2020-08-23,38,0.041
2020-08-24,39,0.042
2020-08-25,40,0.043
2020-08-26,36,0.039
2020-08-27,40,0.043
2020-08-28,43,0.046
2020-08-29,31,0.034
2020-08-30,32,0.035
2020-08-31,35,0.038
2020-09-01,37,0.04
2020-09-02,34,0.037
2020-09-03,49,0.053
2020-09-04,10,0.011
2020-09-14,29,0.031
2020-09-15,20,0.022
2020-09-16,20,0.022
2020-09-17,13,0.014
2020-09-18,15,0.016
2020-09-19,23,0.025
2020-09-20,21,0.023
2020-09-21,25,0.027
2020-09-22,22,0.024
2020-09-23,26,0.028
2020-09-24,27,0.029
2020-09-25,24,0.026
2020-09-26,23,0.025
2020-09-27,31,0.034
2020-09-28,33,0.036
2020-09-29,34,0.037
2020-09-30,21,0.023
2021-04-30,18,0.019
2021-05-01,27,0.029
2021-05-02,33,0.036
2021-05-03,31,0.034
2021-05-04,39,0.042
2021-05-05,36,0.039
2021-05-06,35,0.038
2021-05-07,32,0.035
2021-05-08,33,0.036
2021-05-09,35,0.038
2021-05-10,37,0.04
2021-05-11,49,0.053
2021-05-12,49,0.053
2021-05-13,41,0.044
2021-05-14,39,0.042
2021-05-15,43,0.046
2021-05-16,44,0.048
2021-05-17,31,0.033
2021-05-18,37,0.04
2021-05-19,34,0.037
2021-05-20,32,0.035
2021-05-21,32,0.035
2021-05-22,33,0.036
2021-05-23,26,0.028
2021-05-24,19,0.021
2021-05-25,26,0.028
2021-05-26,28,0.03
2021-05-27,31,0.033
2021-05-28,36,0.039
2021-05-29,40,0.043
2021-05-30,43,0.046
2021-05-31,54,0.056
2021-06-01,49,0.053
2021-06-02,36,0.039
2021-06-03,28,0.03
2021-06-04,40,0.043
2021-06-05,33,0.036
2021-06-06,31,0.033
2021-06-07,29,0.031
2021-06-08,28,0.03
2021-06-09,31,0.033
2021-06-10,30,0.032
2021-06-11,26,0.028
2021-06-12,26,0.028
2021-06-13,20,0.022
2021-06-14,27,0.029
2021-06-15,26,0.028
2021-06-16,38,0.041
2021-06-17,46,0.05
2021-06-18,36,0.039
2021-06-19,37,0.04
2021-06-20,40,0.043
2021-06-21,33,0.036
2021-06-22,31,0.033
2021-06-23,27,0.029
2021-06-24,40,0.043
2021-06-25,42,0.045
2021-06-26,47,0.051
2021-06-27,74,0.062
2021-06-28,29,0.031
2021-06-29,18,0.019
2021-06-30,17,0.018
2021-07-01,24,0.026
2021-07-02,45,0.049
2021-07-03,42,0.045
2021-07-04,35,0.038
2021-07-05,45,0.049
2021-07-06,43,0.046
2021-07-07,30,0.032
2021-07-08,31,0.033
2021-07-09,45,0.049
2021-07-10,39,0.042
2021-07-11,42,0.045
2021-07-12,38,0.041
2021-07-13,39,0.042
2021-07-14,34,0.037
2021-07-15,28,0.03
2021-07-16,29,0.031
2021-07-17,29,0.031
2021-07-18,32,0.035
2021-07-19,30,0.032
2021-07-20,27,0.029
2021-07-21,31,0.033
2021-07-22,33,0.036
2021-07-23,41,0.044
2021-07-24,44,0.047
2021-07-25,32,0.035
2021-07-26,36,0.039
2021-07-27,43,0.046
2021-07-28,46,0.05
2021-07-29,90,0.067
2021-07-30,49,0.053
2021-07-31,46,0.05
2021-08-01,54,0.056
2021-08-02,47,0.051
2021-08-03,50,0.054
2021-08-04,64,0.059
2021-08-05,11,0.012
2021-08-06,19,0.02
2021-08-07,23,0.025
2021-08-08,36,0.039
2021-08-09,38,0.041
2021-08-10,40,0.043
2021-08-11,74,0.062
2021-08-12,101,0.071
2021-08-13,31,0.033
2021-08-14,44,0.048
2021-08-15,34,0.037
2021-08-16,19,0.021
2021-08-17,31,0.033
2021-08-18,31,0.034
2021-08-19,28,0.03
2021-08-20,29,0.031
2021-08-21,29,0.031
2021-08-22,31,0.033
2021-08-23,41,0.044
2021-08-24,40,0.043
2021-08-25,31,0.034
2021-08-26,27,0.029
2021-08-27,41,0.044
2021-08-28,48,0.052
2021-08-29,46,0.05
2021-08-30,37,0.04
2021-08-31,40,0.043
2021-09-01,39,0.042
2021-09-02,45,0.049
2021-09-03,45,0.049
2021-09-04,42,0.045
2021-09-05,31,0.033
2021-09-06,38,0.041
2021-09-07,36,0.039
2021-09-08,50,0.054
2021-09-09,32,0.035
2021-09-10,25,0.027
2021-09-11,38,0.041
2021-09-12,30,0.032
2021-09-13,38,0.041
2021-09-14,40,0.043
2021-09-15,38,0.041
2021-09-16,36,0.039
2021-09-17,36,0.039
2021-09-18,35,0.038
2021-09-19,27,0.029
2021-09-20,31,0.033
2021-09-21,30,0.032
2021-09-22,31,0.033
2021-09-23,27,0.029
2021-09-24,33,0.036
2021-09-25,31,0.034
2021-09-26,30,0.032
2021-09-27,28,0.03
2021-09-28,25,0.027
2021-09-29,24,0.026
2021-09-30,24,0.026
2022-04-30,11,0.012
2022-05-01,36,0.039
2022-05-02,36,0.039
2022-05-03,37,0.04
2022-05-04,31,0.033
2022-05-05,28,0.03
2022-05-06,33,0.036
2022-05-07,33,0.036
2022-05-08,36,0.039
2022-05-09,31,0.034
2022-05-10,32,0.035
2022-05-11,31,0.033
2022-05-12,31,0.034
2022-05-13,24,0.026
2022-05-14,24,0.026
2022-05-15,29,0.031
2022-05-16,34,0.037
2022-05-17,36,0.039
2022-05-18,35,0.038
2022-05-19,34,0.037
2022-05-20,34,0.037
2022-05-21,34,0.037
2022-05-22,37,0.04
2022-05-23,36,0.039
2022-05-24,39,0.042
2022-05-25,27,0.029
2022-05-26,27,0.029
2022-05-27,33,0.036
2022-05-28,29,0.031
2022-05-29,31,0.034
2022-05-30,32,0.035
2022-05-31,31,0.033
2022-06-01,32,0.035
2022-06-02,27,0.029
2022-06-03,26,0.028
2022-06-04,21,0.023
2022-06-05,24,0.026
2022-06-06,26,0.028
2022-06-07,22,0.024
2022-06-08,24,0.026
2022-06-09,22,0.024
2022-06-10,14,0.015
2022-06-11,20,0.022
2022-06-12,24,0.026
2022-06-13,26,0.028
2022-06-14,32,0.035
2022-06-15,25,0.027
2022-06-16,31,0.033
2022-06-17,28,0.03
2022-06-18,27,0.029
2022-06-19,22,0.024
2022-06-20,32,0.035
2022-06-21,40,0.043
2022-06-22,25,0.027
2022-06-23,36,0.039
2022-06-24,42,0.045
2022-06-25,43,0.046
2022-06-26,45,0.049
2022-06-27,36,0.039
2022-06-28,23,0.025
2022-06-29,27,0.029
2022-06-30,31,0.034
2022-07-01,30,0.032
2022-07-02,23,0.025
2022-07-03,23,0.025
2022-07-04,30,0.032
2022-07-05,20,0.022
2022-07-06,15,0.016
2022-07-07,16,0.017
2022-07-08,24,0.026
2022-07-09,24,0.026
2022-07-10,32,0.035
2022-07-11,45,0.049
2022-07-12,35,0.038
2022-07-13,33,0.036
2022-07-14,32,0.035
2022-07-15,23,0.025
2022-07-16,14,0.015
2022-07-17,26,0.028
2022-07-18,34,0.037
2022-07-19,44,0.047
2022-07-20,46,0.05
2022-07-21,24,0.026
2022-07-22,32,0.035
2022-07-23,31,0.034
2022-07-24,44,0.048
2022-07-25,90,0.067
2022-07-26,87,0.066
2022-07-27,47,0.051
2022-07-28,58,0.057
2022-07-29,64,0.059
2022-07-30,45,0.049
2022-07-31,29,0.031
2022-08-01,16,0.017
2022-08-02,34,0.037
2022-08-03,25,0.027
2022-08-04,34,0.037
2022-08-05,41,0.044
2022-08-06,50,0.054
2022-08-07,49,0.053
2022-08-08,22,0.024
2022-08-09,30,0.032
2022-08-10,24,0.026
2022-08-11,27,0.029
2022-08-12,27,0.029
2022-08-13,36,0.039
2022-08-14,32,0.035
2022-08-15,35,0.038
2022-08-16,38,0.041
2022-08-17,74,0.062
2022-08-18,31,0.034
2022-08-19,15,0.016
2022-08-20,21,0.023
2022-08-21,34,0.037
2022-08-22,22,0.024
2022-08-23,34,0.037
2022-08-24,41,0.044
2022-08-25,40,0.043
2022-08-26,24,0.026
2022-08-27,28,0.03
2022-08-28,32,0.035
2022-08-29,43,0.046
2022-08-30,44,0.048
2022-08-31,35,0.038
2022-09-01,51,0.055
2022-09-02,30,0.032
2022-09-03,30,0.032
2022-09-04,25,0.027
2022-09-05,41,0.044
2022-09-06,45,0.049
2022-09-07,44,0.047
2022-09-08,40,0.043
2022-09-09,27,0.029
2022-09-10,34,0.037
2022-09-11,31,0.034
2022-09-12,26,0.028
2022-09-13,29,0.031
2022-09-14,30,0.032
2022-09-15,28,0.03
2022-09-16,32,0.035
2022-09-17,27,0.029
2022-09-18,30,0.032
2022-09-19,28,0.03
2022-09-20,11,0.012
2022-09-21,16,0.017
2022-09-22,30,0.032
2022-09-23,33,0.036
2022-09-24,34,0.037
2022-09-25,40,0.043
2022-09-26,46,0.05
2022-09-27,22,0.024
2022-09-28,30,0.032
2022-09-29,28,0.03
2022-09-30,19,0.021
2023-04-30,33,0.036
2023-05-01,35,0.038
2023-05-02,25,0.027
2023-05-03,34,0.037
2023-05-04,31,0.034
2023-05-05,32,0.035
2023-05-06,35,0.038
2023-05-07,36,0.039
2023-05-08,32,0.035
2023-05-09,37,0.04
2023-05-10,38,0.041
2023-05-11,37,0.04
2023-05-12,44,0.047
2023-05-13,54,0.056
2023-05-14,46,0.05
2023-05-15,43,0.046
2023-05-16,45,0.049
2023-05-17,49,0.053
2023-05-18,34,0.037
2023-05-19,38,0.041
2023-05-20,30,0.032
2023-05-21,34,0.037
2023-05-22,40,0.043
2023-05-23,44,0.048
2023-05-24,44,0.048
2023-05-25,44,0.048
2023-05-26,44,0.047
2023-05-27,27,0.029
2023-05-28,44,0.047
2023-05-29,39,0.042
2023-05-30,37,0.04
2023-05-31,38,0.041
2023-06-01,41,0.044
2023-06-02,41,0.044
2023-06-03,42,0.045
2023-06-04,44,0.047
2023-06-05,54,0.056
2023-06-06,84,0.065
2023-06-07,31,0.033
2023-06-08,31,0.033
2023-06-09,26,0.028
2023-06-10,47,0.051
2023-06-11,37,0.04
2023-06-12,38,0.041
2023-06-13,35,0.038
2023-06-14,33,0.036
2023-06-15,39,0.042
2023-06-16,36,0.039
2023-06-17,34,0.037
2023-06-18,31,0.034
2023-06-19,27,0.029
2023-06-20,29,0.031
2023-06-21,37,0.04
2023-06-22,43,0.046
2023-06-23,26,0.028
2023-06-24,41,0.044
2023-06-25,36,0.039
2023-06-26,32,0.035
2023-06-27,32,0.035
2023-06-28,36,0.039
2023-06-29,38,0.041
2023-06-30,43,0.046
2023-07-01,46,0.05
2023-07-02,44,0.047
2023-07-03,48,0.052
2023-07-04,61,0.058
2023-07-05,67,0.06
2023-07-06,32,0.035
2023-07-07,27,0.029
2023-07-08,27,0.029
2023-07-09,29,0.031
2023-07-10,26,0.028
2023-07-11,35,0.038
2023-07-12,26,0.028
2023-07-13,33,0.036
2023-07-14,50,0.054
2023-07-15,50,0.054
2023-07-16,31,0.033
2023-07-17,31,0.034
2023-07-18,47,0.051
2023-07-19,42,0.045
2023-07-20,24,0.026
2023-07-21,37,0.04
2023-07-22,36,0.039
2023-07-23,29,0.031
2023-07-24,23,0.025
2023-07-25,30,0.032
2023-07-26,35,0.038
2023-07-27,38,0.041
2023-07-28,36,0.039
2023-07-29,31,0.033
2023-07-30,35,0.038
2023-07-31,42,0.045
2023-08-01,47,0.051
2023-08-02,44,0.048
2023-08-03,37,0.04
2023-08-04,44,0.048
2023-08-05,42,0.045
2023-08-06,29,0.031
2023-08-07,27,0.029
2023-08-08,47,0.051
2023-08-09,30,0.032
2023-08-10,36,0.039
2023-08-11,38,0.041
2023-08-12,36,0.039
2023-08-13,49,0.053
2023-08-14,58,0.057
2023-08-15,61,0.058
2023-08-16,49,0.053
2023-08-17,33,0.036
2023-08-18,44,0.047
2023-08-19,40,0.043
2023-08-20,77,0.063
2023-08-21,40,0.043
2023-08-22,31,0.034
2023-08-23,42,0.045
2023-08-24,54,0.056
2023-08-25,46,0.05
2023-08-26,39,0.042
2023-08-27,30,0.032
2023-08-28,26,0.028
2023-08-29,28,0.03
2023-08-30,41,0.044
2023-08-31,18,0.019
2023-09-01,26,0.028
2023-09-02,35,0.038
2023-09-03,27,0.029
2023-09-04,36,0.039
2023-09-05,38,0.041
2023-09-06,41,0.044
2023-09-07,32,0.035
2023-09-08,37,0.04
2023-09-09,44,0.047
2023-09-10,36,0.039
2023-09-11,28,0.03
2023-09-12,34,0.037
2023-09-13,34,0.037
2023-09-14,44,0.048
2023-09-15,64,0.059
2023-09-16,36,0.039
2023-09-17,37,0.04
2023-09-18,30,0.032
2023-09-19,27,0.029
2023-09-20,31,0.033
2023-09-21,33,0.036
2023-09-22,37,0.04
2023-09-23,29,0.031
2023-09-24,17,0.018
2023-09-25,30,0.032
2023-09-26,30,0.032
2023-09-27,30,0.032
2023-09-28,29,0.031
2023-09-29,15,0.016
2023-09-30,28,0.03
2024-04-30,6,0.007
2024-05-01,32,0.035
2024-05-02,36,0.039
2024-05-03,32,0.035
2024-05-04,37,0.04
2024-05-05,34,0.037
2024-05-06,38,0.041
2024-05-07,31,0.034
2024-05-08,36,0.039
2024-05-09,37,0.04
2024-05-10,44,0.047
2024-05-11,46,0.05
2024-05-12,38,0.041
2024-05-13,32,0.035
2024-05-14,42,0.045
2024-05-15,37,0.04
2024-05-16,30,0.032
2024-05-17,38,0.041
2024-05-18,36,0.039
2024-05-19,38,0.041
2024-05-20,39,0.042
2024-05-21,29,0.031
2024-05-22,37,0.04
2024-05-23,33,0.036
2024-05-24,32,0.035
2024-05-25,36,0.039
2024-05-26,31,0.034
2024-05-27,31,0.034
2024-05-28,36,0.039
2024-05-29,35,0.038
2024-05-30,38,0.041
2024-05-31,42,0.045
2024-06-01,23,0.025
2024-06-02,20,0.022
2024-06-03,28,0.03
2024-06-04,22,0.024
2024-06-05,37,0.04
2024-06-06,45,0.049
2024-06-07,47,0.051
2024-06-08,35,0.038
2024-06-09,31,0.034
2024-06-10,44,0.048
2024-06-11,29,0.031
2024-06-12,42,0.045
2024-06-13,39,0.042
2024-06-14,31,0.033
2024-06-15,27,0.029
2024-06-16,26,0.028
2024-06-17,26,0.028
2024-06-18,33,0.036
2024-06-19,37,0.04
2024-06-20,42,0.045
2024-06-21,45,0.049
2024-06-22,39,0.042
2024-06-23,27,0.029
2024-06-24,38,0.041
2024-06-25,43,0.046
2024-06-26,25,0.027
2024-06-27,23,0.025
2024-06-28,31,0.034
2024-06-29,26,0.028
2024-06-30,28,0.03
2024-07-01,31,0.033
2024-07-02,41,0.044
2024-07-03,44,0.048
2024-07-04,58,0.057
2024-07-05,74,0.062
2024-07-06,54,0.056
2024-07-07,93,0.068
2024-07-08,108,0.073
2024-07-09,77,0.063
2024-07-10,43,0.046
2024-07-11,41,0.044
2024-07-12,44,0.047
2024-07-13,48,0.052
2024-07-14,37,0.04
2024-07-15,45,0.049
2024-07-16,54,0.056
2024-07-17,31,0.034
2024-07-18,27,0.029
2024-07-19,37,0.04
2024-07-20,41,0.044
2024-07-21,21,0.023
2024-07-22,34,0.037
2024-07-23,41,0.044
2024-07-24,31,0.034
2024-07-25,33,0.036
2024-07-26,37,0.04
2024-07-27,32,0.035
2024-07-28,24,0.026
2024-07-29,14,0.015
2024-07-30,18,0.019
2024-07-31,40,0.043
2024-08-01,48,0.052
2024-08-02,30,0.032
2024-08-03,37,0.04
2024-08-04,39,0.042
2024-08-05,35,0.038
2024-08-06,41,0.044
2024-08-07,43,0.046
2024-08-08,47,0.051
2024-08-09,33,0.036
2024-08-10,33,0.036
2024-08-11,22,0.024
2024-08-12,31,0.034
2024-08-13,36,0.039
2024-08-14,37,0.04
2024-08-15,22,0.024
2024-08-16,31,0.034
2024-08-17,22,0.024
2024-08-18,28,0.03
2024-08-19,29,0.031
2024-08-20,30,0.032
2024-08-21,24,0.026
2024-08-22,27,0.029
2024-08-23,24,0.026
2024-08-24,30,0.032
2024-08-25,33,0.036
2024-08-26,35,0.038
2024-08-27,35,0.038
2024-08-28,38,0.041
2024-08-29,48,0.052
2024-08-30,71,0.061
2024-08-31,48,0.052
2024-09-01,31,0.033
2024-09-02,28,0.03
2024-09-03,32,0.035
2024-09-04,32,0.035
2024-09-05,64,0.059
2024-09-06,44,0.047
2024-09-07,32,0.035
2024-09-08,35,0.038
2024-09-09,31,0.034
2024-09-10,29,0.031
2024-09-11,19,0.021
2024-09-12,21,0.023
2024-09-13,28,0.03
2024-09-14,25,0.027
2024-09-15,31,0.034
2024-09-16,27,0.029
2024-09-17,23,0.025
2024-09-18,24,0.026
2024-09-19,28,0.03
2024-09-20,34,0.037
2024-09-21,31,0.034
2024-09-22,31,0.034
2024-09-23,22,0.024
2024-09-24,34,0.037
2024-09-25,15,0.016
2024-09-26,19,0.021
2024-09-27,29,0.031
2024-09-28,29,0.031
2024-09-29,35,0.038
2024-09-30,28,0.03
2025-04-30,41,0.044
2025-05-01,40,0.043
2025-05-02,28,0.03
2025-05-03,34,0.037
2025-05-04,37,0.04
2025-05-05,41,0.044
2025-05-06,47,0.051
2025-05-07,32,0.035
2025-05-08,41,0.044
2025-05-09,45,0.049
2025-05-10,41,0.044
2025-05-11,42,0.045
2025-05-12,29,0.031
2025-05-13,31,0.033
2025-05-14,40,0.043
2025-05-15,40,0.043
2025-05-16,32,0.035
2025-05-17,36,0.039
2025-05-18,34,0.037
2025-05-19,34,0.037
2025-05-20,37,0.04
2025-05-21,36,0.039
2025-05-22,29,0.031
2025-05-23,34,0.037
2025-05-24,37,0.04
2025-05-25,31,0.033
2025-05-26,32,0.035
2025-05-27,44,0.047
2025-05-28,28,0.03
2025-05-29,25,0.027
2025-05-30,49,0.053
2025-05-31,33,0.036
2025-06-01,37,0.04
2025-06-02,40,0.043
2025-06-03,38,0.041
2025-06-04,31,0.034
2025-06-05,34,0.037
2025-06-06,38,0.041
2025-06-07,35,0.038
2025-06-08,43,0.046
2025-06-09,46,0.05
2025-06-10,45,0.049
2025-06-11,31,0.034
2025-06-12,41,0.044
2025-06-13,31,0.033
2025-06-14,40,0.043
2025-06-15,43,0.046
2025-06-16,31,0.033
2025-06-17,34,0.037
2025-06-18,25,0.027
2025-06-19,31,0.033
2025-06-20,27,0.029
2025-06-21,19,0.021
2025-06-22,28,0.03
2025-06-23,37,0.04
2025-06-24,38,0.041
2025-06-25,24,0.026
2025-06-26,21,0.023
2025-06-27,25,0.027
2025-06-28,37,0.04
2025-06-29,43,0.046
2025-06-30,51,0.055
2025-07-01,35,0.038
2025-07-02,27,0.029
2025-07-03,36,0.039
2025-07-04,26,0.028
2025-07-05,35,0.038
2025-07-06,42,0.045
2025-07-07,48,0.052
2025-07-08,37,0.04
2025-07-09,21,0.023
2025-07-10,24,0.026
2025-07-11,41,0.044
2025-07-12,32,0.035
2025-07-13,37,0.04
2025-07-14,30,0.032
2025-07-15,45,0.049
2025-07-16,54,0.056
2025-07-17,31,0.033
2025-07-18,32,0.035
2025-07-19,30,0.032
2025-07-20,33,0.036
2025-07-21,26,0.028
2025-07-22,37,0.04
2025-07-23,38,0.041
2025-07-24,27,0.029
2025-07-25,29,0.031
2025-07-26,24,0.026
2025-07-27,24,0.026
2025-07-28,31,0.034
2025-07-29,35,0.038
2025-07-30,38,0.041
2025-07-31,36,0.039
2025-08-01,30,0.032
2025-08-02,21,0.023
2025-08-03,21,0.023
2025-08-04,30,0.032
2025-08-05,25,0.027
2025-08-06,15,0.016
2025-08-07,27,0.029
2025-08-08,32,0.035
2025-08-09,34,0.037
2025-08-10,47,0.051
2025-08-11,44,0.047
2025-08-12,41,0.044
2025-08-13,22,0.024
2025-08-14,19,0.021
2025-08-15,10,0.011
2025-08-16,18,0.019
2025-08-17,21,0.023
2025-08-18,28,0.03
2025-08-19,31,0.034
2025-08-20,30,0.032
2025-08-21,44,0.048
2025-08-22,54,0.056
2025-08-23,50,0.054
2025-08-24,50,0.054
2025-08-25,37,0.04
2025-08-26,49,0.053
2025-08-27,38,0.041
2025-08-28,33,0.036
2025-08-29,24,0.026
2025-08-30,31,0.034
2025-08-31,35,0.038
2025-09-01,30,0.032
2025-09-02,39,0.042
2025-09-03,34,0.037
2025-09-04,44,0.048
2025-09-05,32,0.035
2025-09-06,24,0.026
2025-09-07,28,0.03
2025-09-08,20,0.022
2025-09-09,17,0.018
2025-09-10,23,0.025
2025-09-11,19,0.02
2025-09-12,24,0.026
2025-09-13,20,0.022
2025-09-14,31,0.034
2025-09-15,33,0.036
2025-09-16,40,0.043
2025-09-17,41,0.044
2025-09-18,34,0.037
2025-09-19,39,0.042
2025-09-20,25,0.027
2025-09-21,28,0.03
2025-09-22,27,0.029
2025-09-23,41,0.044
2025-09-24,48,0.052
2025-09-25,41,0.044
2025-09-26,34,0.037
2025-09-27,36,0.039
2025-09-28,26,0.028
2025-09-29,20,0.022
2025-09-30,27,0.029
