date,aqi,daily_max
1979-12-05,21,0.023
1979-12-06,9,0.01
1979-12-07,12,0.013
1979-12-08,14,0.015
1979-12-09,19,0.02
1979-12-10,15,0.016
1979-12-11,26,0.028
1979-12-12,5,0.005
1979-12-13,0,0.0
1979-12-14,10,0.011
1979-12-15,8,0.009
1979-12-16,12,0.013
1979-12-17,16,0.017
1979-12-18,12,0.013
1979-12-19,13,0.014
1979-12-20,11,0.012
1979-12-21,20,0.022
1979-12-22,19,0.02
1979-12-23,19,0.021
1979-12-24,18,0.019
1979-12-25,12,0.013
1979-12-26,10,0.011
1979-12-27,5,0.005
1979-12-28,12,0.013
1979-12-29,2,0.002
1979-12-30,11,0.012
1979-12-31,2,0.002
1980-01-01,4,0.004
1980-01-02,1,0.001
1980-01-03,6,0.006
1980-01-04,3,0.003
1980-01-05,8,0.009
1980-01-06,17,0.018
1980-01-07,6,0.007
1980-01-08,8,0.009
1980-01-09,5,0.005
1980-01-10,18,0.019
1980-01-11,13,0.014
1980-01-12,16,0.017
1980-01-13,14,0.015
1980-01-14,4,0.004
1980-01-15,5,0.005
1980-01-16,20,0.022
1980-01-17,15,0.016
1980-01-18,6,0.006
1980-01-19,,0.0
1980-01-21,8,0.009
1980-01-22,11,0.012
1980-01-23,6,0.007
1980-01-24,7,0.008
1980-01-25,11,0.012
1980-01-26,16,0.017
1980-01-27,10,0.011
1980-01-28,6,0.007
1980-01-29,9,0.01
1980-01-30,10,0.011
1980-01-31,16,0.017
1980-02-01,17,0.018
1980-02-02,31,0.033
1980-02-03,34,0.037
1980-02-04,25,0.027
1980-02-05,19,0.02
1980-02-06,17,0.018
1980-02-07,24,0.026
1980-02-08,12,0.013
1980-02-09,13,0.014
1980-02-10,33,0.036
1980-02-11,30,0.032
1980-02-12,22,0.024
1980-02-13,26,0.028
1980-02-14,17,0.018
1980-02-15,13,0.014
1980-02-16,21,0.023
1980-02-17,26,0.028
1980-02-18,23,0.025
1980-02-19,27,0.029
1980-02-20,13,0.014
1980-02-21,14,0.015
1980-02-22,19,0.021
1980-02-23,15,0.016
1980-02-24,17,0.018
1980-02-25,13,0.014
1980-02-26,25,0.027
1980-02-27,16,0.017
1980-02-28,26,0.028
1980-02-29,23,0.025
1980-03-01,22,0.024
1980-03-02,31,0.033
1980-03-03,28,0.03
1980-03-04,25,0.027
1980-03-05,14,0.015
1980-03-06,23,0.025
1980-03-07,20,0.022
1980-03-08,17,0.018
1980-03-09,34,0.037
1980-03-10,27,0.029
1980-03-11,26,0.028
1980-03-12,7,0.008
1980-03-13,17,0.018
1980-03-14,28,0.03
1980-03-15,36,0.039
1980-03-16,35,0.038
1980-03-17,17,0.018
1980-03-18,22,0.024
1980-03-19,25,0.027
1980-03-20,20,0.022
1980-03-21,17,0.018
1980-03-22,35,0.038
1980-03-23,26,0.028
1980-03-24,29,0.031
1980-03-25,19,0.02
1980-03-26,30,0.032
1980-03-27,32,0.035
1980-03-28,28,0.03
1980-03-29,30,0.032
1980-03-30,18,0.019
1980-03-31,14,0.015
1980-04-01,26,0.028
1980-04-02,61,0.058
1980-04-03,27,0.029
1980-04-04,16,0.017
1980-04-05,33,0.036
1980-04-06,47,0.051
1980-04-07,46,0.05
1980-04-08,28,0.03
1980-04-09,21,0.023
1980-04-10,26,0.028
1980-04-11,37,0.04
1980-04-12,20,0.022
1980-04-13,16,0.017
1980-04-14,22,0.024
1980-04-15,22,0.024
1980-04-16,31,0.033
1980-04-17,41,0.044
1980-04-18,39,0.042
1980-04-19,51,0.055
1980-04-20,119,0.076
1980-04-21,49,0.053
1980-04-22,61,0.058
1980-04-23,50,0.054
1980-04-24,40,0.043
1980-04-25,41,0.044
1980-04-26,24,0.026
1980-04-27,41,0.044
1980-04-28,31,0.033
1980-04-29,24,0.026
1980-04-30,37,0.04
1980-05-01,58,0.057
1980-05-02,84,0.065
1980-05-03,129,0.079
1980-05-04,51,0.055
1980-05-05,64,0.059
1980-05-06,42,0.045
1980-05-07,34,0.037
1980-05-08,31,0.033
1980-05-09,48,0.052
1980-05-10,74,0.062
1980-05-11,45,0.049
1980-05-12,39,0.042
1980-05-13,45,0.049
1980-05-14,41,0.044
1980-05-15,44,0.047
1980-05-16,35,0.038
1980-05-17,36,0.039
1980-05-18,47,0.051
1980-05-19,44,0.048
1980-05-20,61,0.058
1980-05-21,100,0.07
1980-05-22,54,0.056
1980-05-23,58,0.057
1980-05-24,47,0.051
1980-05-25,112,0.074
1980-05-26,64,0.059
1980-05-27,58,0.057
1980-05-28,126,0.078
1980-05-29,140,0.082
1980-05-30,42,0.045
1980-05-31,44,0.048
1980-06-01,44,0.048
1980-06-02,47,0.051
1980-06-03,48,0.052
1980-06-04,71,0.061
1980-06-05,80,0.064
1980-06-06,48,0.052
1980-06-07,46,0.05
1980-06-08,29,0.031
1980-06-09,46,0.05
1980-06-10,32,0.035
1980-06-17,136,0.081
1980-06-18,33,0.036
1980-06-19,140,0.082
1980-06-20,36,0.039
1980-06-21,58,0.057
1980-06-22,151,0.086
1980-06-23,61,0.058
1980-06-24,39,0.042
1980-06-25,44,0.048
1980-06-26,80,0.064
1980-06-27,179,0.097
1980-06-28,42,0.045
1980-06-29,35,0.038
1980-06-30,45,0.049
1980-07-01,80,0.064
1980-07-02,87,0.066
1980-07-03,42,0.045
1980-07-04,44,0.047
1980-07-05,77,0.063
1980-07-06,64,0.059
1980-07-07,159,0.089
1980-07-08,101,0.071
1980-07-09,100,0.07
1980-07-10,51,0.055
1980-07-11,67,0.06
1980-07-12,143,0.083
1980-07-13,49,0.053
1980-07-14,115,0.075
1980-07-15,143,0.083
1980-07-16,159,0.089
1980-07-17,44,0.047
1980-07-18,105,0.072
1980-07-19,164,0.091
1980-07-20,67,0.06
1980-07-21,39,0.042
1980-07-22,19,0.021
1980-07-23,44,0.048
1980-07-24,74,0.062
1980-07-25,136,0.081
1980-07-26,129,0.079
1980-07-27,46,0.05
1980-07-28,45,0.049
1980-07-29,93,0.068
1980-07-30,97,0.069
1980-07-31,61,0.058
1980-08-26,35,0.038
1980-08-27,136,0.081
1980-08-28,177,0.096
1980-08-29,47,0.051
1980-08-30,36,0.039
1980-08-31,43,0.046
1980-09-01,36,0.039
1980-09-02,51,0.055
1980-09-03,74,0.062
1980-09-04,64,0.059
1980-09-05,61,0.058
1980-09-06,87,0.066
1980-09-07,84,0.065
1980-09-08,58,0.057
1980-09-09,115,0.075
1980-09-10,33,0.036
1980-09-11,49,0.053
1980-09-12,80,0.064
1980-09-13,67,0.06
1980-09-14,84,0.065
1980-09-15,31,0.034
1980-09-16,39,0.042
1980-09-17,24,0.026
1980-09-18,29,0.031
1980-09-19,48,0.052
1980-09-20,31,0.034
1980-09-21,26,0.028
1980-09-22,21,0.023
1980-09-23,19,0.02
1980-09-24,15,0.016
1980-09-25,18,0.019
1980-09-26,20,0.022
1980-09-27,29,0.031
1980-09-28,27,0.029
1980-09-29,33,0.036
1980-09-30,30,0.032
1980-10-01,31,0.034
1980-10-02,24,0.026
1980-10-03,9,0.01
1980-10-04,19,0.02
1980-10-05,23,0.025
1980-10-06,29,0.031
1980-10-07,44,0.048
1980-10-08,50,0.054
1980-10-09,80,0.064
1980-10-10,64,0.059
1980-10-11,16,0.017
1980-10-12,25,0.027
1980-10-13,25,0.027
1980-10-14,33,0.036
1980-10-15,54,0.056
1980-10-16,43,0.046
1980-10-17,29,0.031
1980-10-18,22,0.024
1980-10-19,21,0.023
1980-10-20,21,0.023
1980-10-21,24,0.026
1980-10-22,26,0.028
1980-10-23,28,0.03
1980-10-24,14,0.015
1980-10-25,8,0.009
1980-10-26,6,0.007
1980-10-27,4,0.004
1980-10-28,0,0.0
1980-10-29,2,0.002
1980-10-30,4,0.004
1980-10-31,6,0.007
1980-11-01,10,0.011
1980-11-02,4,0.004
1980-11-03,14,0.015
1980-11-04,9,0.01
1980-11-05,3,0.003
1980-11-06,6,0.006
1980-11-07,16,0.017
1980-11-08,12,0.013
1980-11-09,14,0.015
1980-11-10,,0.005
1980-11-12,9,0.01
1980-11-13,31,0.033
1980-11-14,18,0.019
1980-11-15,9,0.01
1980-11-16,19,0.021
1980-11-17,5,0.005
1980-11-18,9,0.01
1980-11-19,16,0.017
1980-11-20,16,0.017
1980-11-21,15,0.016
1980-11-22,16,0.017
1980-11-23,14,0.015
1980-11-24,6,0.006
1980-11-25,15,0.016
1980-11-26,6,0.007
1980-11-27,12,0.013
1980-11-28,16,0.017
1980-11-29,11,0.012
1980-11-30,24,0.026
1980-12-01,31,0.034
1980-12-02,13,0.014
1980-12-03,19,0.02
1980-12-04,15,0.016
1980-12-05,16,0.017
1980-12-06,22,0.024
1980-12-07,26,0.028
1980-12-08,19,0.02
1980-12-09,6,0.006
1980-12-10,14,0.015
1980-12-11,9,0.01
1980-12-12,18,0.019
1980-12-13,9,0.01
1980-12-14,14,0.015
1980-12-15,10,0.011
1980-12-16,6,0.007
1980-12-17,10,0.011
1980-12-18,14,0.015
1980-12-19,12,0.013
1980-12-20,15,0.016
1980-12-21,19,0.021
1980-12-22,10,0.011
1980-12-23,7,0.008
1980-12-24,19,0.021
1980-12-25,21,0.023
1980-12-26,13,0.014
1980-12-27,11,0.012
1980-12-28,14,0.015
1980-12-29,1,0.001
1980-12-30,9,0.01
1980-12-31,8,0.009
1981-01-01,12,0.013
1981-01-02,14,0.015
1981-01-03,16,0.017
1981-01-04,19,0.021
1981-01-05,15,0.016
1981-01-06,13,0.014
1981-01-07,12,0.013
1981-01-08,15,0.016
1981-01-09,13,0.014
1981-01-10,19,0.021
1981-01-11,19,0.021
1981-01-12,18,0.019
1981-01-13,17,0.018
1981-01-14,16,0.017
1981-01-15,6,0.006
1981-01-16,13,0.014
1981-01-17,17,0.018
1981-01-18,16,0.017
1981-01-19,10,0.011
1981-01-20,9,0.01
1981-01-21,1,0.001
1981-01-22,12,0.013
1981-01-23,11,0.012
1981-01-24,11,0.012
1981-01-25,33,0.036
1981-01-26,20,0.022
1981-01-27,13,0.014
1981-01-28,12,0.013
1981-01-29,18,0.019
1981-01-30,16,0.017
1981-01-31,27,0.029
1981-02-01,16,0.017
1981-02-02,14,0.015
1981-02-03,14,0.015
1981-02-04,15,0.016
1981-02-05,17,0.018
1981-02-06,15,0.016
1981-02-07,19,0.02
1981-02-08,11,0.012
1981-02-09,17,0.018
1981-02-10,23,0.025
1981-02-11,10,0.011
1981-02-12,19,0.021
1981-02-13,18,0.019
1981-02-14,20,0.022
1981-02-15,34,0.037
1981-02-16,16,0.017
1981-02-17,10,0.011
1981-02-18,9,0.01
1981-02-19,17,0.018
1981-02-20,17,0.018
1981-02-21,16,0.017
1981-02-22,25,0.027
1981-02-23,13,0.014
1981-02-24,11,0.012
1981-02-25,24,0.026
1981-02-26,19,0.021
1981-02-27,31,0.033
1981-02-28,27,0.029
1981-03-01,15,0.016
1981-03-02,17,0.018
1981-03-03,24,0.026
1981-03-04,10,0.011
1981-03-05,11,0.012
1981-03-06,21,0.023
1981-03-07,26,0.028
1981-03-08,24,0.026
1981-03-09,25,0.027
1981-03-10,31,0.034
1981-03-11,18,0.019
1981-03-12,21,0.023
1981-03-13,24,0.026
1981-03-14,31,0.033
1981-03-15,33,0.036
1981-03-16,19,0.02
1981-03-17,19,0.021
1981-03-18,19,0.021
1981-03-19,16,0.017
1981-03-20,16,0.017
1981-03-21,31,0.033
1981-03-22,15,0.016
1981-03-23,31,0.034
1981-03-24,40,0.043
1981-03-25,44,0.047
1981-03-26,46,0.05
1981-03-27,37,0.04
1981-03-28,108,0.073
1981-03-29,48,0.052
1981-03-30,24,0.026
1981-03-31,48,0.052
1981-04-01,23,0.025
1981-04-02,45,0.049
1981-04-03,48,0.052
1981-04-04,30,0.032
1981-04-05,15,0.016
1981-04-06,37,0.04
1981-04-07,43,0.046
1981-04-08,41,0.044
1981-04-09,33,0.036
1981-04-10,24,0.026
1981-04-11,32,0.035
1981-04-12,33,0.036
1981-04-13,33,0.036
1981-04-14,24,0.026
1981-04-15,28,0.03
1981-04-16,41,0.044
1981-04-17,30,0.032
1981-04-18,34,0.037
1981-04-19,31,0.033
1981-04-20,29,0.031
1981-04-21,30,0.032
1981-04-22,31,0.034
1981-04-23,28,0.03
1981-04-24,19,0.02
1981-04-25,37,0.04
1981-04-26,50,0.054
1981-04-27,67,0.06
1981-04-28,54,0.056
1981-04-29,32,0.035
1981-04-30,31,0.033
1981-05-01,28,0.03
1981-05-02,38,0.041
1981-05-03,48,0.052
1981-05-04,77,0.063
1981-05-05,93,0.068
1981-05-06,19,0.021
1981-05-07,27,0.029
1981-05-08,51,0.055
1981-05-09,58,0.057
1981-05-10,41,0.044
1981-05-11,13,0.014
1981-05-12,32,0.035
1981-05-13,44,0.048
1981-05-14,40,0.043
1981-05-15,18,0.019
1981-05-16,44,0.047
1981-05-17,44,0.048
1981-05-18,16,0.017
1981-05-19,16,0.017
1981-05-20,47,0.051
1981-05-21,97,0.069
1981-05-22,156,0.088
1981-05-23,129,0.079
1981-05-24,87,0.066
1981-05-25,42,0.045
1981-05-26,44,0.048
1981-05-27,27,0.029
1981-05-28,34,0.037
1981-05-29,97,0.069
1981-05-30,36,0.039
1981-05-31,32,0.035
1981-06-01,19,0.02
1981-06-02,41,0.044
1981-06-03,27,0.029
1981-06-04,30,0.032
1981-06-05,31,0.033
1981-06-06,19,0.02
1981-06-07,48,0.052
1981-06-08,42,0.045
1981-06-09,14,0.015
1981-06-10,18,0.019
1981-06-11,45,0.049
1981-06-12,20,0.022
1981-06-13,17,0.018
1981-06-14,24,0.026
1981-06-15,23,0.025
1981-06-16,28,0.03
1981-06-17,41,0.044
1981-06-18,93,0.068
1981-06-19,77,0.063
1981-06-20,44,0.047
1981-06-21,40,0.043
1981-06-23,49,0.053
1981-06-24,67,0.06
1981-06-25,41,0.044
1981-06-26,44,0.047
1981-06-27,51,0.055
1981-06-28,119,0.076
1981-06-29,64,0.059
1981-06-30,108,0.073
1981-07-01,77,0.063
1981-07-02,44,0.048
1981-07-03,36,0.039
1981-07-04,41,0.044
1981-07-05,26,0.028
1981-07-06,30,0.032
1981-07-07,58,0.057
1981-07-08,74,0.062
1981-07-09,54,0.056
1981-07-10,45,0.049
1981-07-11,100,0.07
1981-07-12,126,0.078
1981-07-13,77,0.063
1981-07-14,71,0.061
1981-07-15,64,0.059
1981-07-16,58,0.057
1981-07-17,97,0.069
1981-07-18,185,0.099
1981-07-19,51,0.055
1981-07-21,15,0.016
1981-07-22,37,0.04
1981-07-23,49,0.053
1981-07-24,64,0.059
1981-07-25,80,0.064
1981-07-26,61,0.058
1981-07-27,67,0.06
1981-07-28,25,0.027
1981-07-29,25,0.027
1981-07-30,71,0.061
1981-07-31,51,0.055
1981-08-01,77,0.063
1981-08-02,80,0.064
1981-08-03,42,0.045
1981-08-04,87,0.066
1981-08-05,67,0.06
1981-08-06,39,0.042
1981-08-07,20,0.022
1981-08-08,41,0.044
1981-08-09,47,0.051
1981-08-10,71,0.061
1981-08-11,40,0.043
1981-08-12,48,0.052
1981-08-13,48,0.052
1981-08-14,67,0.06
1981-08-15,48,0.052
1981-08-16,61,0.058
1981-08-17,37,0.04
1981-08-18,49,0.053
1981-08-19,58,0.057
1981-08-20,61,0.058
1981-08-21,37,0.04
1981-08-22,74,0.062
1981-08-23,90,0.067
1981-08-24,97,0.069
1981-08-25,126,0.078
1981-08-26,143,0.083
1981-08-27,67,0.06
1981-08-28,100,0.07
1981-08-29,41,0.044
1981-08-30,48,0.052
1981-08-31,51,0.055
1981-09-01,30,0.032
1981-09-02,24,0.026
1981-09-03,32,0.035
1981-09-04,61,0.058
1981-09-05,58,0.057
1981-09-06,47,0.051
1981-09-07,80,0.064
1981-09-08,33,0.036
1981-09-09,41,0.044
1981-09-10,64,0.059
1981-09-11,87,0.066
1981-09-12,105,0.072
1981-09-13,136,0.081
1981-09-14,47,0.051
1981-09-15,25,0.027
1981-09-16,31,0.034
1981-09-17,23,0.025
1981-09-18,15,0.016
1981-09-19,35,0.038
1981-09-20,64,0.059
1981-09-21,54,0.056
1981-09-22,40,0.043
1981-09-23,29,0.031
1981-09-24,35,0.038
1981-09-25,50,0.054
1981-09-26,105,0.072
1981-09-27,46,0.05
1981-09-28,34,0.037
1981-09-29,43,0.046
1981-09-30,50,0.054
1981-10-01,46,0.05
1981-10-02,24,0.026
1981-10-03,34,0.037
1981-10-04,47,0.051
1981-10-05,40,0.043
1981-10-06,27,0.029
1981-10-07,30,0.032
1981-10-08,31,0.033
1981-10-09,31,0.033
1981-10-10,40,0.043
1981-10-11,46,0.05
1981-10-12,46,0.05
1981-10-13,46,0.05
1981-10-14,45,0.049
1981-10-15,27,0.029
1981-10-16,27,0.029
1981-10-17,43,0.046
1981-10-18,19,0.02
1981-10-19,25,0.027
1981-10-20,27,0.029
1981-10-21,40,0.043
1981-10-22,23,0.025
1981-10-23,20,0.022
1981-10-24,22,0.024
1981-10-25,28,0.03
1981-10-26,10,0.011
1981-10-27,8,0.009
1981-10-28,31,0.034
1981-10-29,26,0.028
1981-10-30,67,0.06
1981-10-31,58,0.057
1981-11-01,33,0.036
1981-11-02,27,0.029
1981-11-03,44,0.047
1981-11-04,31,0.034
1981-11-05,25,0.027
1981-11-06,17,0.018
1981-11-07,26,0.028
1981-11-08,32,0.035
1981-11-09,13,0.014
1981-11-10,18,0.019
1981-11-11,20,0.022
1981-11-12,17,0.018
1981-11-13,18,0.019
1981-11-14,26,0.028
1981-11-15,30,0.032
1981-11-16,26,0.028
1981-11-17,12,0.013
1981-11-18,23,0.025
1981-11-19,25,0.027
1981-11-20,15,0.016
1981-11-21,16,0.017
1981-11-22,21,0.023
1981-11-23,23,0.025
1981-11-24,10,0.011
1981-11-25,16,0.017
1981-11-26,31,0.033
1981-11-27,17,0.018
1981-11-28,16,0.017
1981-11-29,12,0.013
1981-11-30,17,0.018
1981-12-01,25,0.027
1981-12-02,13,0.014
1981-12-03,18,0.019
1981-12-04,14,0.015
1981-12-05,19,0.021
1981-12-06,22,0.024
1981-12-07,18,0.019
1981-12-08,12,0.013
1981-12-09,16,0.017
1981-12-10,14,0.015
1981-12-11,16,0.017
1981-12-12,19,0.02
1981-12-13,14,0.015
1981-12-14,2,0.002
1981-12-15,2,0.002
1981-12-16,14,0.015
1981-12-17,9,0.01
1981-12-18,7,0.008
1981-12-19,13,0.014
1981-12-20,17,0.018
1981-12-21,19,0.021
1981-12-22,18,0.019
1981-12-23,6,0.006
1981-12-24,8,0.009
1981-12-25,19,0.02
1981-12-26,17,0.018
1981-12-27,19,0.021
1981-12-28,9,0.01
1981-12-29,13,0.014
1981-12-30,15,0.016
1981-12-31,7,0.008
1982-01-01,14,0.015
1982-01-02,19,0.02
1982-01-03,13,0.014
1982-01-04,14,0.015
1982-01-05,18,0.019
1982-01-06,14,0.015
1982-01-07,13,0.014
1982-01-08,17,0.018
1982-01-09,16,0.017
1982-01-10,16,0.017
1982-01-11,13,0.014
1982-01-12,14,0.015
1982-01-13,7,0.008
1982-01-14,19,0.02
1982-01-15,26,0.028
1982-01-16,19,0.021
1982-01-17,10,0.011
1982-01-18,20,0.022
1982-01-19,10,0.011
1982-01-20,3,0.003
1982-01-21,0,0.0
1982-01-22,13,0.014
1982-01-23,16,0.017
1982-01-24,16,0.017
1982-01-25,9,0.01
1982-01-26,18,0.019
1982-01-27,20,0.022
1982-01-28,19,0.02
1982-01-29,24,0.026
1982-01-30,31,0.033
1982-01-31,18,0.019
1982-02-01,24,0.026
1982-02-02,1,0.001
1982-02-03,10,0.011
1982-02-04,14,0.015
1982-02-05,17,0.018
1982-02-06,26,0.028
1982-02-07,23,0.025
1982-02-08,24,0.026
1982-02-09,21,0.023
1982-02-10,19,0.021
1982-02-11,19,0.02
1982-02-12,15,0.016
1982-02-13,29,0.031
1982-02-14,26,0.028
1982-02-15,17,0.018
1982-02-16,6,0.006
1982-02-17,1,0.001
1982-02-18,5,0.005
1982-02-19,13,0.014
1982-02-20,23,0.025
1982-02-21,21,0.023
1982-02-22,21,0.023
1982-02-23,38,0.041
1982-02-24,21,0.023
1982-02-25,22,0.024
1982-02-26,13,0.014
1982-02-27,18,0.019
1982-02-28,27,0.029
1982-03-01,25,0.027
1982-03-02,33,0.036
1982-03-03,11,0.012
1982-03-04,24,0.026
1982-03-05,17,0.018
1982-03-06,19,0.021
1982-03-07,31,0.034
1982-03-08,30,0.032
1982-03-09,32,0.035
1982-03-10,31,0.033
1982-03-11,26,0.028
1982-03-12,31,0.033
1982-03-13,30,0.032
1982-03-14,28,0.03
1982-03-15,15,0.016
1982-03-16,21,0.023
1982-03-17,28,0.03
1982-03-18,43,0.046
1982-03-19,17,0.018
1982-03-20,25,0.027
1982-03-21,23,0.025
1982-03-22,23,0.025
1982-03-23,37,0.04
1982-03-24,43,0.046
1982-03-25,23,0.025
1982-03-26,21,0.023
1982-03-27,34,0.037
1982-03-28,32,0.035
1982-03-29,45,0.049
1982-03-30,38,0.041
1982-03-31,25,0.027
1982-04-01,47,0.051
1982-04-02,38,0.041
1982-04-03,26,0.028
1982-04-04,32,0.035
1982-04-05,22,0.024
1982-04-06,26,0.028
1982-04-07,36,0.039
1982-04-08,19,0.02
1982-04-09,33,0.036
1982-04-10,42,0.045
1982-04-11,35,0.038
1982-04-12,44,0.047
1982-04-13,35,0.038
1982-04-14,45,0.049
1982-04-15,74,0.062
1982-04-16,39,0.042
1982-04-17,29,0.031
1982-04-18,46,0.05
1982-04-19,38,0.041
1982-04-20,22,0.024
1982-04-21,42,0.045
1982-04-22,43,0.046
1982-04-23,45,0.049
1982-04-24,80,0.064
1982-04-25,47,0.051
1982-04-26,40,0.043
1982-04-27,31,0.034
1982-04-28,41,0.044
1982-04-29,36,0.039
1982-04-30,77,0.063
1982-05-01,71,0.061
1982-05-02,100,0.07
1982-05-03,74,0.062
1982-05-04,112,0.074
1982-05-05,150,0.085
1982-05-06,93,0.068
1982-05-07,45,0.049
1982-05-08,50,0.054
1982-05-09,80,0.064
1982-05-10,74,0.062
1982-05-11,112,0.074
1982-05-12,119,0.076
1982-05-13,150,0.085
1982-05-14,151,0.086
1982-05-15,133,0.08
1982-05-16,87,0.066
1982-05-17,122,0.077
1982-05-18,77,0.063
1982-05-19,54,0.056
1982-05-20,42,0.045
1982-05-21,43,0.046
1982-05-22,43,0.046
1982-05-23,47,0.051
1982-05-24,87,0.066
1982-05-25,126,0.078
1982-05-26,37,0.04
1982-05-27,41,0.044
1982-05-28,46,0.05
1982-05-29,36,0.039
1982-05-30,61,0.058
1982-05-31,50,0.054
1982-06-01,24,0.026
1982-06-02,64,0.059
1982-06-03,87,0.066
1982-06-04,42,0.045
1982-06-05,49,0.053
1982-06-06,58,0.057
1982-06-07,101,0.071
1982-06-08,42,0.045
1982-06-09,90,0.067
1982-06-10,36,0.039
1982-06-11,80,0.064
1982-06-12,45,0.049
1982-06-13,71,0.061
1982-06-14,48,0.052
1982-06-15,58,0.057
1982-06-16,31,0.034
1982-06-17,44,0.047
1982-06-18,115,0.075
1982-06-19,45,0.049
1982-06-20,44,0.047
1982-06-21,44,0.048
1982-06-22,44,0.047
1982-06-23,49,0.053
1982-06-24,71,0.061
1982-06-25,143,0.083
1982-06-26,108,0.073
1982-06-27,37,0.04
1982-06-28,33,0.036
1982-06-29,44,0.048
1982-06-30,44,0.048
1982-07-01,49,0.053
1982-07-02,77,0.063
1982-07-03,30,0.032
1982-07-04,39,0.042
1982-07-05,49,0.053
1982-07-06,58,0.057
1982-07-07,61,0.058
1982-07-08,41,0.044
1982-07-09,93,0.068
1982-07-10,37,0.04
1982-07-11,39,0.042
1982-07-12,44,0.047
1982-07-13,115,0.075
1982-07-14,97,0.069
1982-07-15,74,0.062
1982-07-16,71,0.061
1982-07-17,54,0.056
1982-07-18,37,0.04
1982-07-19,43,0.046
1982-07-20,71,0.061
1982-07-21,80,0.064
1982-07-22,46,0.05
1982-07-23,77,0.063
1982-07-24,161,0.09
1982-07-25,129,0.079
1982-07-26,97,0.069
1982-07-27,64,0.059
1982-07-28,22,0.024
1982-08-01,74,0.062
1982-08-02,43,0.046
1982-08-03,74,0.062
1982-08-04,48,0.052
1982-08-05,43,0.046
1982-08-06,33,0.036
1982-08-07,61,0.058
1982-08-08,28,0.03
1982-08-09,32,0.035
1982-08-10,38,0.041
1982-08-11,12,0.013
1982-08-12,42,0.045
1982-08-13,58,0.057
1982-08-14,101,0.071
1982-08-15,87,0.066
1982-08-16,36,0.039
1982-08-17,45,0.049
1982-08-18,39,0.042
1982-08-19,115,0.075
1982-08-20,80,0.064
1982-08-21,31,0.034
1982-08-22,37,0.04
1982-08-23,39,0.042
1982-08-24,42,0.045
1982-08-25,31,0.033
1982-08-26,51,0.055
1982-08-27,34,0.037
1982-08-28,36,0.039
1982-08-29,40,0.043
1982-08-30,27,0.029
1982-08-31,36,0.039
1982-09-01,23,0.025
1982-09-02,33,0.036
1982-09-03,20,0.022
1982-09-04,31,0.033
1982-09-05,50,0.054
1982-09-06,50,0.054
1982-09-07,84,0.065
1982-09-08,61,0.058
1982-09-09,51,0.055
1982-09-10,80,0.064
1982-09-11,50,0.054
1982-09-12,27,0.029
1982-09-13,9,0.01
1982-09-14,36,0.039
1982-09-15,36,0.039
1982-09-16,37,0.04
1982-09-17,38,0.041
1982-09-18,27,0.029
1982-09-19,39,0.042
1982-09-20,32,0.035
1982-09-21,17,0.018
1982-09-22,11,0.012
1982-09-23,28,0.03
1982-09-24,26,0.028
1982-09-25,21,0.023
1982-09-26,28,0.03
1982-09-27,29,0.031
1982-09-28,42,0.045
1982-09-29,45,0.049
1982-09-30,46,0.05
1982-10-01,87,0.066
1982-10-02,119,0.076
1982-10-03,54,0.056
1982-10-04,105,0.072
1982-10-05,74,0.062
1982-10-06,49,0.053
1982-10-07,23,0.025
1982-10-08,10,0.011
1982-10-09,11,0.012
1982-10-10,24,0.026
1982-10-11,22,0.024
1982-10-12,6,0.007
1982-10-13,19,0.021
1982-10-14,14,0.015
1982-10-15,26,0.028
1982-10-16,20,0.022
1982-10-17,24,0.026
1982-10-18,35,0.038
1982-10-19,39,0.042
1982-10-20,15,0.016
1982-10-21,22,0.024
1982-10-22,21,0.023
1982-10-23,18,0.019
1982-10-24,18,0.019
1982-10-25,19,0.021
1982-10-26,26,0.028
1982-10-27,38,0.041
1982-10-28,44,0.048
1982-10-29,26,0.028
1982-10-30,28,0.03
1982-10-31,33,0.036
1983-04-30,30,0.032
1983-05-01,33,0.036
1983-05-02,29,0.031
1983-05-03,26,0.028
1983-05-04,34,0.037
1983-05-05,38,0.041
1983-05-06,45,0.049
1983-05-07,38,0.041
1983-05-08,16,0.017
1983-05-09,39,0.042
1983-05-10,48,0.052
1983-05-11,67,0.06
1983-05-12,28,0.03
1983-05-13,27,0.029
1983-05-14,27,0.029
1983-05-15,27,0.029
1983-05-16,29,0.031
1983-05-17,41,0.044
1983-05-18,41,0.044
1983-05-19,28,0.03
1983-05-20,29,0.031
1983-05-21,22,0.024
1983-05-22,30,0.032
1983-05-23,27,0.029
1983-05-24,42,0.045
1983-05-25,40,0.043
1983-05-26,44,0.048
1983-05-27,46,0.05
1983-05-28,35,0.038
1983-05-29,36,0.039
1983-05-30,31,0.034
1983-05-31,30,0.032
1983-06-01,33,0.036
1983-06-02,45,0.049
1983-06-03,30,0.032
1983-06-04,42,0.045
1983-06-05,64,0.059
1983-06-06,42,0.045
1983-06-07,49,0.053
1983-06-08,77,0.063
1983-06-09,161,0.09
1983-06-10,161,0.09
1983-06-13,129,0.079
1983-06-14,140,0.082
1983-06-15,42,0.045
1983-06-16,61,0.058
1983-06-17,64,0.059
1983-06-18,37,0.04
1983-06-19,42,0.045
1983-06-20,51,0.055
1983-06-21,84,0.065
1983-06-22,71,0.061
1983-06-23,108,0.073
1983-06-24,174,0.095
1983-06-25,133,0.08
1983-06-26,100,0.07
1983-06-27,35,0.038
1983-06-28,39,0.042
1983-06-29,84,0.065
1983-06-30,37,0.04
1983-07-01,67,0.06
1983-07-02,49,0.053
1983-07-03,36,0.039
1983-07-04,27,0.029
1983-07-05,44,0.047
1983-07-06,43,0.046
1983-07-07,58,0.057
1983-07-08,133,0.08
1983-07-09,129,0.079
1983-07-10,136,0.081
1983-07-11,151,0.086
1983-07-12,150,0.085
1983-07-13,129,0.079
1983-07-14,112,0.074
1983-07-15,143,0.083
1983-07-16,126,0.078
1983-07-17,93,0.068
1983-07-18,64,0.059
1983-07-19,71,0.061
1983-07-20,101,0.071
1983-07-21,115,0.075
1983-07-22,77,0.063
1983-07-23,129,0.079
1983-07-24,64,0.059
1983-07-25,46,0.05
1983-07-26,80,0.064
1983-07-27,101,0.071
1983-07-28,61,0.058
1983-07-29,67,0.06
1983-07-30,74,0.062
1983-07-31,49,0.053
1983-08-01,40,0.043
1983-08-02,61,0.058
1983-08-03,54,0.056
1983-08-04,71,0.061
1983-08-05,71,0.061
1983-08-06,74,0.062
1983-08-07,50,0.054
1983-08-08,151,0.086
1983-08-09,71,0.061
1983-08-10,112,0.074
1983-08-11,32,0.035
1983-08-12,31,0.034
1983-08-13,44,0.048
1983-08-14,44,0.048
1983-08-15,71,0.061
1983-08-16,126,0.078
1983-08-17,58,0.057
1983-08-18,71,0.061
1983-08-19,159,0.089
1983-08-20,154,0.087
1983-08-21,140,0.082
1983-08-22,71,0.061
1983-08-23,45,0.049
1983-08-24,80,0.064
1983-08-25,105,0.072
1983-08-26,61,0.058
1983-08-27,77,0.063
1983-08-28,45,0.049
1983-08-29,47,0.051
1983-08-30,80,0.064
1983-08-31,67,0.06
1983-09-01,44,0.048
1983-09-02,58,0.057
1983-09-03,100,0.07
1983-09-04,44,0.048
1983-09-05,41,0.044
1983-09-06,43,0.046
1983-09-07,47,0.051
1983-09-08,64,0.059
1983-09-09,126,0.078
1983-09-10,112,0.074
1983-09-11,42,0.045
1983-09-12,28,0.03
1983-09-13,36,0.039
1983-09-14,27,0.029
1983-09-15,37,0.04
1983-09-16,32,0.035
1983-09-17,37,0.04
1983-09-18,45,0.049
1983-09-19,45,0.049
1983-09-20,26,0.028
1983-09-21,16,0.017
1983-09-22,22,0.024
1983-09-23,23,0.025
1983-09-24,30,0.032
1983-09-25,51,0.055
1983-09-26,44,0.048
1983-09-27,71,0.061
1983-09-28,50,0.054
1983-09-29,35,0.038
1983-09-30,40,0.043
1983-10-01,44,0.047
1983-10-02,77,0.063
1983-10-03,46,0.05
1983-10-04,34,0.037
1983-10-05,23,0.025
1983-10-06,25,0.027
1983-10-07,36,0.039
1983-10-08,77,0.063
1983-10-09,32,0.035
1983-10-10,44,0.048
1983-10-11,31,0.033
1983-10-12,20,0.022
1983-10-13,9,0.01
1983-10-14,22,0.024
1983-10-15,26,0.028
1983-10-16,40,0.043
1983-10-17,35,0.038
1983-10-18,11,0.012
1983-10-19,8,0.009
1983-10-20,19,0.021
1983-10-21,9,0.01
1983-10-22,9,0.01
1983-10-23,7,0.008
1983-10-24,1,0.001
1983-10-25,9,0.01
1983-10-26,15,0.016
1983-10-27,23,0.025
1983-10-28,31,0.033
1983-10-29,18,0.019
1983-10-30,15,0.016
1983-10-31,25,0.027
1986-03-31,19,0.02
1986-04-01,51,0.055
1986-04-02,28,0.03
1986-04-03,50,0.054
1986-04-04,47,0.051
1986-04-05,43,0.046
1986-04-06,40,0.043
1986-04-07,45,0.049
1986-04-08,38,0.041
1986-04-09,22,0.024
1986-04-10,35,0.038
1986-04-11,36,0.039
1986-04-12,58,0.057
1986-04-13,51,0.055
1986-04-14,41,0.044
1986-04-15,18,0.019
1986-04-16,15,0.016
1986-04-17,24,0.026
1986-04-18,61,0.058
1986-04-19,48,0.052
1986-04-20,34,0.037
1986-04-21,22,0.024
1986-04-22,33,0.036
1986-04-23,45,0.049
1986-04-24,50,0.054
1986-04-25,77,0.063
1986-04-26,133,0.08
1986-04-27,156,0.088
1986-04-28,32,0.035
1986-04-29,45,0.049
1986-04-30,49,0.053
1986-05-01,40,0.043
1986-05-02,41,0.044
1986-05-03,51,0.055
1986-05-04,71,0.061
1986-05-05,61,0.058
1986-05-06,44,0.048
1986-05-07,47,0.051
1986-05-08,67,0.06
1986-05-09,58,0.057
1986-05-10,164,0.091
1986-05-11,54,0.056
1986-05-12,31,0.034
1986-05-13,84,0.065
1986-05-14,39,0.042
1986-05-15,45,0.049
1986-05-16,44,0.048
1986-05-17,71,0.061
1986-05-18,31,0.034
1986-05-19,19,0.021
1986-05-20,13,0.014
1986-05-21,29,0.031
1986-05-22,45,0.049
1986-05-23,40,0.043
1986-05-24,93,0.068
1986-05-25,38,0.041
1986-05-26,26,0.028
1986-05-27,26,0.028
1986-05-28,31,0.033
1986-05-29,47,0.051
1986-05-30,84,0.065
1986-05-31,105,0.072
1986-06-01,115,0.075
1986-06-02,27,0.029
1986-06-03,61,0.058
1986-06-04,35,0.038
1986-06-05,35,0.038
1986-06-06,37,0.04
1986-06-07,32,0.035
1986-06-08,74,0.062
1986-06-09,84,0.065
1986-06-10,25,0.027
1986-06-11,22,0.024
1986-06-12,44,0.047
1986-06-13,43,0.046
1986-06-14,108,0.073
1986-06-15,87,0.066
1986-06-16,105,0.072
1986-06-17,49,0.053
1986-06-18,61,0.058
1986-06-19,100,0.07
1986-06-20,156,0.088
1986-06-21,105,0.072
1986-06-22,112,0.074
1986-06-23,71,0.061
1986-06-24,49,0.053
1986-06-25,84,0.065
1986-06-26,108,0.073
1986-06-27,44,0.048
1986-06-28,35,0.038
1986-06-29,108,0.073
1986-06-30,119,0.076
1986-07-01,31,0.034
1986-07-02,40,0.043
1986-07-03,43,0.046
1986-07-04,64,0.059
1986-07-05,112,0.074
1986-07-06,87,0.066
1986-07-07,119,0.076
1986-07-08,159,0.089
1986-07-09,40,0.043
1986-07-10,29,0.031
1986-07-11,31,0.033
1986-07-12,26,0.028
1986-07-13,39,0.042
1986-07-14,44,0.047
1986-07-15,61,0.058
1986-07-16,64,0.059
1986-07-17,90,0.067
1986-07-18,115,0.075
1986-07-19,140,0.082
1986-07-20,90,0.067
1986-07-21,64,0.059
1986-07-22,119,0.076
1986-07-23,126,0.078
1986-07-24,207,0.112
1986-07-25,154,0.087
1986-07-26,161,0.09
1986-07-27,87,0.066
1986-07-28,87,0.066
1986-07-29,49,0.053
1986-07-30,44,0.048
1986-07-31,18,0.019
1986-08-05,93,0.068
1986-08-06,46,0.05
1986-08-07,40,0.043
1986-08-08,41,0.044
1986-08-09,45,0.049
1986-08-10,30,0.032
1986-08-11,58,0.057
1986-08-12,67,0.06
1986-08-13,143,0.083
1986-08-14,108,0.073
1986-08-15,64,0.059
1986-08-16,64,0.059
1986-08-17,49,0.053
1986-08-18,74,0.062
1986-08-19,84,0.065
1986-08-20,38,0.041
1986-08-21,36,0.039
1986-08-22,64,0.059
1986-08-23,58,0.057
1986-08-24,38,0.041
1986-08-25,140,0.082
1986-08-26,100,0.07
1986-08-27,25,0.027
1986-08-28,33,0.036
1986-08-29,40,0.043
1986-08-30,77,0.063
1986-08-31,49,0.053
1986-09-01,26,0.028
1986-09-02,27,0.029
1986-09-03,44,0.047
1986-09-04,34,0.037
1986-09-05,51,0.055
1986-09-06,47,0.051
1986-09-07,26,0.028
1986-09-08,46,0.05
1986-09-09,64,0.059
1986-09-10,34,0.037
1986-09-11,26,0.028
1986-09-12,26,0.028
1986-09-13,43,0.046
1986-09-14,49,0.053
1986-09-15,41,0.044
1986-09-16,18,0.019
1986-09-17,48,0.052
1986-09-18,26,0.028
1986-09-19,19,0.021
1986-09-20,30,0.032
1986-09-21,48,0.052
1986-09-22,43,0.046
1986-09-23,21,0.023
1986-09-24,34,0.037
1986-09-25,33,0.036
1986-09-26,21,0.023
1986-09-27,27,0.029
1986-09-28,33,0.036
1986-09-29,34,0.037
1986-09-30,29,0.031
1986-10-01,19,0.02
1986-10-02,28,0.03
1986-10-03,19,0.021
1986-10-04,20,0.022
1986-10-05,19,0.02
1986-10-06,19,0.021
1986-10-07,27,0.029
1986-10-08,33,0.036
1986-10-09,47,0.051
1986-10-10,17,0.018
1986-10-11,21,0.023
1986-10-12,13,0.014
1986-10-13,4,0.004
1986-10-14,13,0.014
1986-10-15,23,0.025
1986-10-16,25,0.027
1986-10-17,23,0.025
1986-10-18,25,0.027
1986-10-19,17,0.018
1986-10-20,31,0.033
1986-10-21,37,0.04
1986-10-22,43,0.046
1986-10-23,24,0.026
1986-10-24,25,0.027
1986-10-25,25,0.027
1986-10-26,22,0.024
1986-10-27,8,0.009
1986-10-28,24,0.026
1986-10-29,25,0.027
1986-10-30,20,0.022
1986-10-31,35,0.038
1987-04-01,31,0.033
1987-04-02,27,0.029
1987-04-03,24,0.026
1987-04-04,31,0.034
1987-04-05,21,0.023
1987-04-06,21,0.023
1987-04-07,18,0.019
1987-04-09,34,0.037
1987-04-10,39,0.042
1987-04-11,22,0.024
1987-04-12,23,0.025
1987-04-13,28,0.03
1987-04-14,24,0.026
1987-04-15,28,0.03
1987-04-16,26,0.028
1987-04-17,17,0.018
1987-04-18,67,0.06
1987-04-19,140,0.082
1987-04-20,74,0.062
1987-04-21,90,0.067
1987-04-22,87,0.066
1987-04-23,39,0.042
1987-04-24,25,0.027
1987-04-25,44,0.048
1987-04-26,97,0.069
1987-04-27,90,0.067
1987-04-28,39,0.042
1987-04-29,58,0.057
1987-04-30,46,0.05
1987-05-01,71,0.061
1987-05-02,97,0.069
1987-05-03,45,0.049
1987-05-04,41,0.044
1987-05-05,61,0.058
1987-05-06,100,0.07
1987-05-07,147,0.084
1987-05-08,61,0.058
1987-05-09,101,0.071
1987-05-10,136,0.081
1987-05-11,87,0.066
1987-05-12,93,0.068
1987-05-13,105,0.072
1987-05-14,64,0.059
1987-05-15,46,0.05
1987-05-16,49,0.053
1987-05-19,34,0.037
1987-05-20,77,0.063
1987-05-21,47,0.051
1987-05-22,50,0.054
1987-05-23,64,0.059
1987-05-24,87,0.066
1987-05-25,41,0.044
1987-05-26,47,0.051
1987-05-27,136,0.081
1987-05-28,84,0.065
1987-05-29,147,0.084
1987-05-30,61,0.058
1987-05-31,39,0.042
1987-06-01,32,0.035
1987-06-02,34,0.037
1987-06-03,44,0.048
1987-06-04,44,0.048
1987-06-05,112,0.074
1987-06-06,87,0.066
1987-06-07,136,0.081
1987-06-08,97,0.069
1987-06-09,71,0.061
1987-06-10,50,0.054
1987-06-11,74,0.062
1987-06-12,31,0.033
1987-06-13,71,0.061
1987-06-14,101,0.071
1987-06-15,54,0.056
1987-06-16,51,0.055
1987-06-17,108,0.073
1987-06-18,64,0.059
1987-06-19,24,0.026
1987-06-20,31,0.033
1987-06-21,27,0.029
1987-06-22,36,0.039
1987-06-23,64,0.059
1987-06-24,61,0.058
1987-06-25,42,0.045
1987-06-26,35,0.038
1987-06-27,29,0.031
1987-06-28,38,0.041
1987-06-29,44,0.048
1987-06-30,54,0.056
1987-07-01,20,0.022
1987-07-02,37,0.04
1987-07-03,44,0.048
1987-07-04,54,0.056
1987-07-05,32,0.035
1987-07-06,30,0.032
1987-07-07,54,0.056
1987-07-08,58,0.057
1987-07-09,44,0.047
1987-07-10,42,0.045
1987-07-11,45,0.049
1987-07-12,67,0.06
1987-07-13,38,0.041
1987-07-14,41,0.044
1987-07-15,47,0.051
1987-07-16,54,0.056
1987-07-17,,0.031
1987-07-20,182,0.098
1987-07-21,206,0.111
1987-07-22,190,0.101
1987-07-23,179,0.097
1987-07-24,136,0.081
1987-07-25,74,0.062
1987-07-26,100,0.07
1987-07-27,47,0.051
1987-07-28,100,0.07
1987-07-29,159,0.089
1987-07-30,58,0.057
1987-07-31,159,0.089
1987-08-01,112,0.074
1987-08-02,108,0.073
1987-08-03,136,0.081
1987-08-04,100,0.07
1987-08-05,100,0.07
1987-08-06,129,0.079
1987-08-07,136,0.081
1987-08-08,136,0.081
1987-08-09,50,0.054
1987-08-10,44,0.048
1987-08-11,74,0.062
1987-08-12,182,0.098
1987-08-13,93,0.068
1987-08-14,90,0.067
1987-08-15,122,0.077
1987-08-16,84,0.065
1987-08-17,36,0.039
1987-08-18,112,0.074
1987-08-19,112,0.074
1987-08-20,80,0.064
1987-08-21,100,0.07
1987-08-22,105,0.072
1987-08-23,46,0.05
1987-08-24,51,0.055
1987-08-25,67,0.06
1987-08-26,77,0.063
1987-08-27,40,0.043
1987-08-28,31,0.034
1987-08-29,50,0.054
1987-08-30,90,0.067
1987-08-31,58,0.057
1987-09-01,42,0.045
1987-09-02,54,0.056
1987-09-03,101,0.071
1987-09-04,140,0.082
1987-09-05,90,0.067
1987-09-06,44,0.047
1987-09-07,30,0.032
1987-09-08,41,0.044
1987-09-09,77,0.063
1987-09-10,90,0.067
1987-09-11,31,0.034
1987-09-12,39,0.042
1987-09-13,58,0.057
1987-09-14,77,0.063
1987-09-15,61,0.058
1987-09-16,49,0.053
1987-09-17,46,0.05
1987-09-18,44,0.048
1987-09-19,30,0.032
1987-09-20,48,0.052
1987-09-21,30,0.032
1987-09-22,27,0.029
1987-09-23,33,0.036
1987-09-24,58,0.057
1987-09-25,43,0.046
1987-09-26,108,0.073
1987-09-27,101,0.071
1987-09-28,67,0.06
1987-09-29,23,0.025
1987-09-30,27,0.029
1987-10-01,27,0.029
1987-10-02,26,0.028
1987-10-03,24,0.026
1987-10-04,31,0.033
1987-10-05,33,0.036
1987-10-06,19,0.02
1987-10-07,12,0.013
1987-10-08,28,0.03
1987-10-09,25,0.027
1987-10-10,61,0.058
1987-10-11,15,0.016
1987-10-12,32,0.035
1987-10-13,33,0.036
1987-10-14,35,0.038
1987-10-15,67,0.06
1987-10-21,14,0.015
1987-10-22,24,0.026
1987-10-23,31,0.033
1987-10-24,43,0.046
1987-10-25,34,0.037
1987-10-26,41,0.044
1987-10-27,21,0.023
1987-10-28,22,0.024
1987-10-29,20,0.022
1987-10-30,54,0.056
1987-10-31,105,0.072
1988-03-31,3,0.003
1988-04-01,15,0.016
1988-04-02,28,0.03
1988-04-03,23,0.025
1988-04-04,44,0.048
1988-04-05,45,0.049
1988-04-06,25,0.027
1988-04-07,29,0.031
1988-04-08,31,0.033
1988-04-09,31,0.034
1988-04-10,40,0.043
1988-04-11,29,0.031
1988-04-12,45,0.049
1988-04-13,47,0.051
1988-04-14,43,0.046
1988-04-15,35,0.038
1988-04-16,35,0.038
1988-04-17,47,0.051
1988-04-18,16,0.017
1988-04-19,40,0.043
1988-04-20,42,0.045
1988-04-21,44,0.048
1988-04-22,54,0.056
1988-04-23,41,0.044
1988-04-24,30,0.032
1988-04-25,37,0.04
1988-04-26,58,0.057
1988-04-27,28,0.03
1988-04-28,32,0.035
1988-04-29,41,0.044
1988-04-30,64,0.059
1988-05-01,87,0.066
1988-05-02,71,0.061
1988-05-03,100,0.07
1988-05-04,31,0.033
1988-05-05,38,0.041
1988-05-06,49,0.053
1988-05-07,67,0.06
1988-05-08,77,0.063
1988-05-09,37,0.04
1988-05-10,40,0.043
1988-05-11,46,0.05
1988-05-12,47,0.051
1988-05-13,67,0.06
1988-05-14,119,0.076
1988-05-15,122,0.077
1988-05-16,67,0.06
1988-05-17,43,0.046
1988-05-18,42,0.045
1988-05-19,31,0.033
1988-05-20,50,0.054
1988-05-21,159,0.089
1988-05-22,122,0.077
1988-05-23,38,0.041
1988-05-24,37,0.04
1988-05-25,32,0.035
1988-05-26,77,0.063
1988-05-27,101,0.071
1988-05-28,166,0.092
1988-05-29,203,0.108
1988-05-30,204,0.109
1988-05-31,200,0.105
1988-06-01,187,0.1
1988-06-02,204,0.109
1988-06-03,40,0.043
1988-06-04,44,0.047
1988-06-05,105,0.072
1988-06-06,169,0.093
1988-06-07,161,0.09
1988-06-08,172,0.094
1988-06-09,43,0.046
1988-06-10,41,0.044
1988-06-11,77,0.063
1988-06-12,129,0.079
1988-06-13,147,0.084
1988-06-14,119,0.076
1988-06-15,182,0.098
1988-06-16,129,0.079
1988-06-17,46,0.05
1988-06-18,112,0.074
1988-06-19,143,0.083
1988-06-20,154,0.087
1988-06-21,161,0.09
1988-06-22,133,0.08
1988-06-23,187,0.1
1988-06-24,174,0.095
1988-06-25,174,0.095
1988-06-26,74,0.062
1988-06-27,40,0.043
1988-06-28,105,0.072
1988-06-29,100,0.07
1988-06-30,64,0.059
1988-07-01,31,0.033
1988-07-02,71,0.061
1988-07-03,174,0.095
1988-07-04,129,0.079
1988-07-05,90,0.067
1988-07-06,129,0.079
1988-07-07,207,0.112
1988-07-08,192,0.102
1988-07-09,201,0.106
1988-07-10,159,0.089
1988-07-11,28,0.03
1988-07-12,34,0.037
1988-07-13,26,0.028
1988-07-14,58,0.057
1988-07-15,174,0.095
1988-07-16,54,0.056
1988-07-17,71,0.061
1988-07-18,38,0.041
1988-07-19,25,0.027
1988-07-20,23,0.025
1988-07-21,50,0.054
1988-07-22,84,0.065
1988-07-23,115,0.075
1988-07-24,119,0.076
1988-07-25,122,0.077
1988-07-26,100,0.07
1988-07-27,126,0.078
1988-07-28,164,0.091
1988-07-29,151,0.086
1988-07-30,80,0.064
1988-07-31,90,0.067
1988-08-01,147,0.084
1988-08-02,212,0.116
1988-08-03,71,0.061
1988-08-04,71,0.061
1988-08-05,67,0.06
1988-08-06,51,0.055
1988-08-07,115,0.075
1988-08-08,140,0.082
1988-08-09,105,0.072
1988-08-10,147,0.084
1988-08-11,93,0.068
1988-08-12,51,0.055
1988-08-13,48,0.052
1988-08-14,44,0.048
1988-08-15,143,0.083
1988-08-16,101,0.071
1988-08-17,217,0.121
1988-08-18,208,0.113
1988-08-19,71,0.061
1988-08-20,90,0.067
1988-08-21,122,0.077
1988-08-22,54,0.056
1988-08-23,28,0.03
1988-08-24,41,0.044
1988-08-25,51,0.055
1988-08-26,87,0.066
1988-08-27,100,0.07
1988-08-28,37,0.04
1988-08-29,24,0.026
1988-08-30,43,0.046
1988-08-31,77,0.063
1988-09-01,71,0.061
1988-09-02,44,0.047
1988-09-03,24,0.026
1988-09-04,31,0.034
1988-09-05,17,0.018
1988-09-06,30,0.032
1988-09-07,38,0.041
1988-09-08,45,0.049
1988-09-09,80,0.064
1988-09-10,84,0.065
1988-09-11,42,0.045
1988-09-12,14,0.015
1988-09-13,46,0.05
1988-09-14,42,0.045
1988-09-15,61,0.058
1988-09-16,23,0.025
1988-09-17,31,0.033
1988-09-18,32,0.035
1988-09-19,20,0.022
1988-09-20,33,0.036
1988-09-21,33,0.036
1988-09-22,43,0.046
1988-09-23,36,0.039
1988-09-24,12,0.013
1988-09-25,37,0.04
1988-09-26,40,0.043
1988-09-27,41,0.044
1988-09-28,44,0.048
1988-09-29,45,0.049
1988-09-30,31,0.034
1988-10-01,28,0.03
1988-10-02,30,0.032
1988-10-03,24,0.026
1988-10-04,23,0.025
1988-10-05,16,0.017
1988-10-06,29,0.031
1988-10-07,28,0.03
1988-10-08,39,0.042
1988-10-09,42,0.045
1988-10-10,31,0.033
1988-10-11,20,0.022
1988-10-12,19,0.02
1988-10-13,19,0.021
1988-10-14,21,0.023
1988-10-15,43,0.046
1988-10-16,31,0.033
1988-10-17,28,0.03
1988-10-18,11,0.012
1988-10-19,21,0.023
1988-10-20,22,0.024
1988-10-21,9,0.01
1988-10-22,17,0.018
1988-10-23,18,0.019
1988-10-24,16,0.017
1988-10-25,12,0.013
1988-10-26,19,0.02
1988-10-27,25,0.027
1988-10-28,15,0.016
1988-10-29,20,0.022
1988-10-30,21,0.023
1988-10-31,16,0.017
1989-03-31,19,0.021
1989-04-01,35,0.038
1989-04-02,44,0.048
1989-04-03,37,0.04
1989-04-04,28,0.03
1989-04-05,32,0.035
1989-04-06,35,0.038
1989-04-07,37,0.04
1989-04-08,26,0.028
1989-04-09,33,0.036
1989-04-10,31,0.033
1989-04-11,32,0.035
1989-04-12,38,0.041
1989-04-13,46,0.05
1989-04-14,41,0.044
1989-04-15,38,0.041
1989-04-16,49,0.053
1989-04-17,51,0.055
1989-04-18,45,0.049
1989-04-19,31,0.034
1989-04-20,47,0.051
1989-04-21,50,0.054
1989-04-22,115,0.075
1989-04-23,17,0.018
1989-04-24,26,0.028
1989-04-25,48,0.052
1989-04-26,90,0.067
1989-04-27,80,0.064
1989-04-28,71,0.061
1989-04-29,50,0.054
1989-04-30,41,0.044
1989-05-01,23,0.025
1989-05-02,37,0.04
1989-05-03,45,0.049
1989-05-04,44,0.047
1989-05-05,29,0.031
1989-05-06,31,0.033
1989-05-07,30,0.032
1989-05-08,49,0.053
1989-05-09,24,0.026
1989-05-10,47,0.051
1989-05-11,34,0.037
1989-05-12,34,0.037
1989-05-13,43,0.046
1989-05-14,44,0.047
1989-05-15,39,0.042
1989-05-16,54,0.056
1989-05-17,93,0.068
1989-05-18,100,0.07
1989-05-19,40,0.043
1989-05-20,50,0.054
1989-05-21,61,0.058
1989-05-22,39,0.042
1989-05-23,67,0.06
1989-05-24,115,0.075
1989-05-25,39,0.042
1989-05-26,61,0.058
1989-05-27,46,0.05
1989-05-28,48,0.052
1989-05-29,80,0.064
1989-05-30,84,0.065
1989-05-31,87,0.066
1989-06-01,61,0.058
1989-06-02,47,0.051
1989-06-03,31,0.034
1989-06-04,74,0.062
1989-06-05,28,0.03
1989-06-06,44,0.047
1989-06-07,100,0.07
1989-06-08,48,0.052
1989-06-09,80,0.064
1989-06-10,40,0.043
1989-06-11,67,0.06
1989-06-12,26,0.028
1989-06-13,42,0.045
1989-06-14,45,0.049
1989-06-15,19,0.02
1989-06-16,20,0.022
1989-06-17,47,0.051
1989-06-18,44,0.047
1989-06-19,36,0.039
1989-06-20,31,0.034
1989-06-21,41,0.044
1989-06-22,74,0.062
1989-06-23,105,0.072
1989-06-24,169,0.093
1989-06-25,179,0.097
1989-06-26,159,0.089
1989-06-27,51,0.055
1989-06-28,74,0.062
1989-06-29,48,0.052
1989-06-30,115,0.075
1989-07-01,40,0.043
1989-07-02,38,0.041
1989-07-03,25,0.027
1989-07-04,30,0.032
1989-07-05,41,0.044
1989-07-06,34,0.037
1989-07-07,101,0.071
1989-07-08,143,0.083
1989-07-09,74,0.062
1989-07-10,64,0.059
1989-07-11,46,0.05
1989-07-12,49,0.053
1989-07-13,54,0.056
1989-07-14,45,0.049
1989-07-15,61,0.058
1989-07-16,50,0.054
1989-07-17,64,0.059
1989-07-18,150,0.085
1989-07-19,36,0.039
1989-07-20,41,0.044
1989-07-21,44,0.048
1989-07-22,47,0.051
1989-07-23,48,0.052
1989-07-24,44,0.047
1989-07-25,45,0.049
1989-07-26,87,0.066
1989-07-27,45,0.049
1989-07-28,90,0.067
1989-07-29,136,0.081
1989-07-30,43,0.046
1989-07-31,34,0.037
1989-08-01,74,0.062
1989-08-02,133,0.08
1989-08-03,58,0.057
1989-08-04,37,0.04
1989-08-05,43,0.046
1989-08-06,35,0.038
1989-08-07,37,0.04
1989-08-08,39,0.042
1989-08-09,74,0.062
1989-08-10,71,0.061
1989-08-11,100,0.07
1989-08-12,140,0.082
1989-08-13,161,0.09
1989-08-14,10,0.011
1989-08-15,84,0.065
1989-08-16,54,0.056
1989-08-17,37,0.04
1989-08-18,41,0.044
1989-08-19,38,0.041
1989-08-20,31,0.034
1989-08-21,20,0.022
1989-08-22,41,0.044
1989-08-23,23,0.025
1989-08-24,33,0.036
1989-08-25,34,0.037
1989-08-26,45,0.049
1989-08-27,93,0.068
1989-08-28,58,0.057
1989-08-29,40,0.043
1989-08-30,67,0.06
1989-08-31,58,0.057
1989-09-01,30,0.032
1989-09-02,40,0.043
1989-09-03,41,0.044
1989-09-04,42,0.045
1989-09-05,77,0.063
1989-09-06,40,0.043
1989-09-07,41,0.044
1989-09-08,45,0.049
1989-09-09,44,0.048
1989-09-10,35,0.038
1989-09-11,31,0.034
1989-09-12,45,0.049
1989-09-13,51,0.055
1989-09-14,32,0.035
1989-09-15,6,0.007
1989-09-16,27,0.029
1989-09-17,44,0.047
1989-09-18,40,0.043
1989-09-19,39,0.042
1989-09-20,38,0.041
1989-09-21,38,0.041
1989-09-22,28,0.03
1989-09-23,25,0.027
1989-09-24,26,0.028
1989-09-25,16,0.017
1989-09-26,38,0.041
1989-09-27,23,0.025
1989-09-28,41,0.044
1989-09-29,21,0.023
1989-09-30,20,0.022
1989-10-01,18,0.019
1989-10-02,21,0.023
1989-10-03,20,0.022
1989-10-04,37,0.04
1989-10-05,33,0.036
1989-10-06,31,0.033
1989-10-07,25,0.027
1989-10-08,34,0.037
1989-10-09,32,0.035
1989-10-10,26,0.028
1989-10-11,34,0.037
1989-10-12,74,0.062
1989-10-13,100,0.07
1989-10-14,80,0.064
1989-10-15,51,0.055
1989-10-16,15,0.016
1989-10-17,11,0.012
1989-10-18,18,0.019
1989-10-19,15,0.016
1989-10-20,21,0.023
1989-10-21,31,0.033
1989-10-22,31,0.033
1989-10-23,36,0.039
1989-10-24,43,0.046
1989-10-25,67,0.06
1989-10-26,67,0.06
1989-10-27,45,0.049
1989-10-28,44,0.047
1989-10-29,41,0.044
1989-10-30,42,0.045
1989-10-31,14,0.015
1990-03-31,8,0.009
1990-04-01,33,0.036
1990-04-02,24,0.026
1990-04-03,21,0.023
1990-04-04,28,0.03
1990-04-05,31,0.033
1990-04-06,26,0.028
1990-04-07,34,0.037
1990-04-08,43,0.046
1990-04-09,40,0.043
1990-04-10,22,0.024
1990-04-11,14,0.015
1990-04-12,30,0.032
1990-04-13,32,0.035
1990-04-14,27,0.029
1990-04-15,32,0.035
1990-04-16,34,0.037
1990-04-17,27,0.029
1990-04-18,34,0.037
1990-04-19,34,0.037
1990-04-20,29,0.031
1990-04-21,31,0.034
1990-04-22,49,0.053
1990-04-23,51,0.055
1990-04-24,51,0.055
1990-04-25,58,0.057
1990-04-26,61,0.058
1990-04-27,71,0.061
1990-04-28,32,0.035
1990-04-29,34,0.037
1990-04-30,51,0.055
1990-05-01,16,0.017
1990-05-02,26,0.028
1990-05-03,20,0.022
1990-05-04,29,0.031
1990-05-05,28,0.03
1990-05-06,36,0.039
1990-05-07,41,0.044
1990-05-08,44,0.047
1990-05-09,32,0.035
1990-05-10,27,0.029
1990-05-11,44,0.047
1990-05-12,32,0.035
1990-05-13,34,0.037
1990-05-14,42,0.045
1990-05-15,25,0.027
1990-05-16,31,0.033
1990-05-17,34,0.037
1990-05-18,44,0.047
1990-05-19,43,0.046
1990-05-20,19,0.02
1990-05-21,24,0.026
1990-05-22,16,0.017
1990-05-23,64,0.059
1990-05-24,74,0.062
1990-05-25,39,0.042
1990-05-26,45,0.049
1990-05-27,43,0.046
1990-05-28,36,0.039
1990-05-29,67,0.06
1990-05-30,42,0.045
1990-05-31,61,0.058
1990-06-01,58,0.057
1990-06-02,29,0.031
1990-06-03,36,0.039
1990-06-04,8,0.009
1990-06-05,33,0.036
1990-06-06,41,0.044
1990-06-07,38,0.041
1990-06-08,33,0.036
1990-06-09,50,0.054
1990-06-10,44,0.047
1990-06-11,39,0.042
1990-06-12,58,0.057
1990-06-13,77,0.063
1990-06-14,47,0.051
1990-06-15,49,0.053
1990-06-16,48,0.052
1990-06-17,48,0.052
1990-06-18,54,0.056
1990-06-19,37,0.04
1990-06-20,46,0.05
1990-06-21,49,0.053
1990-06-22,36,0.039
1990-06-23,32,0.035
1990-06-24,33,0.036
1990-06-25,54,0.056
1990-06-26,64,0.059
1990-06-27,150,0.085
1990-06-28,74,0.062
1990-06-29,44,0.048
1990-06-30,54,0.056
1990-07-01,67,0.06
1990-07-02,45,0.049
1990-07-03,84,0.065
1990-07-04,80,0.064
1990-07-05,100,0.07
1990-07-06,74,0.062
1990-07-07,54,0.056
1990-07-08,108,0.073
1990-07-09,77,0.063
1990-07-10,74,0.062
1990-07-11,45,0.049
1990-07-12,27,0.029
1990-07-13,29,0.031
1990-07-14,41,0.044
1990-07-15,36,0.039
1990-07-16,51,0.055
1990-07-17,71,0.061
1990-07-18,108,0.073
1990-07-19,97,0.069
1990-07-20,35,0.038
1990-07-21,41,0.044
1990-07-22,28,0.03
1990-07-23,40,0.043
1990-07-24,50,0.054
1990-07-25,54,0.056
1990-07-26,112,0.074
1990-07-27,87,0.066
1990-07-28,97,0.069
1990-07-29,108,0.073
1990-07-30,45,0.049
1990-07-31,40,0.043
1990-08-01,46,0.05
1990-08-02,105,0.072
1990-08-03,112,0.074
1990-08-04,44,0.047
1990-08-05,36,0.039
1990-08-06,22,0.024
1990-08-07,32,0.035
1990-08-08,45,0.049
1990-08-09,44,0.047
1990-08-10,44,0.047
1990-08-11,49,0.053
1990-08-12,44,0.048
1990-08-13,22,0.024
1990-08-14,50,0.054
1990-08-15,71,0.061
1990-08-16,112,0.074
1990-08-17,51,0.055
1990-08-18,77,0.063
1990-08-19,129,0.079
1990-08-20,154,0.087
1990-08-21,44,0.048
1990-08-22,20,0.022
1990-08-23,36,0.039
1990-08-24,61,0.058
1990-08-25,80,0.064
1990-08-26,90,0.067
1990-08-27,126,0.078
1990-08-28,80,0.064
1990-08-29,23,0.025
1990-08-30,49,0.053
1990-08-31,58,0.057
1990-09-01,50,0.054
1990-09-02,174,0.095
1990-09-03,93,0.068
1990-09-04,112,0.074
1990-09-05,177,0.096
1990-09-06,136,0.081
1990-09-07,190,0.101
1990-09-08,48,0.052
1990-09-09,84,0.065
1990-09-10,97,0.069
1990-09-11,74,0.062
1990-09-12,34,0.037
1990-09-13,33,0.036
1990-09-14,25,0.027
1990-09-15,32,0.035
1990-09-16,36,0.039
1990-09-17,28,0.03
1990-09-18,28,0.03
1990-09-19,29,0.031
1990-09-20,26,0.028
1990-09-21,15,0.016
1990-09-22,30,0.032
1990-09-23,14,0.015
1990-09-24,25,0.027
1990-09-25,32,0.035
1990-09-26,48,0.052
1990-09-27,47,0.051
1990-09-28,50,0.054
1990-09-29,64,0.059
1990-09-30,24,0.026
1990-10-01,30,0.032
1990-10-02,39,0.042
1990-10-03,31,0.034
1990-10-04,18,0.019
1990-10-05,23,0.025
1990-10-06,41,0.044
1990-10-07,31,0.034
1990-10-08,26,0.028
1990-10-09,17,0.018
1990-10-10,13,0.014
1990-10-11,12,0.013
1990-10-12,0,0.0
1990-10-13,6,0.007
1990-10-14,28,0.03
1990-10-15,29,0.031
1990-10-16,33,0.036
1990-10-17,40,0.043
1990-10-18,8,0.009
1990-10-19,17,0.018
1990-10-20,24,0.026
1990-10-21,30,0.032
1990-10-22,2,0.002
1990-10-23,6,0.006
1990-10-24,19,0.02
1990-10-25,18,0.019
1990-10-26,17,0.018
1990-10-27,19,0.021
1990-10-28,25,0.027
1990-10-29,17,0.018
1990-10-30,21,0.023
1990-10-31,31,0.033
1991-03-31,26,0.028
1991-04-01,38,0.041
1991-04-02,37,0.04
1991-04-03,38,0.041
1991-04-04,43,0.046
1991-04-05,39,0.042
1991-04-06,61,0.058
1991-04-07,42,0.045
1991-04-08,27,0.029
1991-04-09,33,0.036
1991-04-10,31,0.034
1991-04-11,32,0.035
1991-04-12,31,0.034
1991-04-13,29,0.031
1991-04-14,32,0.035
1991-04-15,41,0.044
1991-04-16,44,0.047
1991-04-17,67,0.06
1991-04-18,36,0.039
1991-04-19,28,0.03
1991-04-20,23,0.025
1991-04-21,22,0.024
1991-04-22,41,0.044
1991-04-23,38,0.041
1991-04-24,32,0.035
1991-04-25,33,0.036
1991-04-26,44,0.047
1991-04-27,28,0.03
1991-04-28,21,0.023
1991-04-29,31,0.033
1991-04-30,39,0.042
1991-05-01,42,0.045
1991-05-02,43,0.046
1991-05-03,42,0.045
1991-05-04,38,0.041
1991-05-05,18,0.019
1991-05-06,23,0.025
1991-05-07,43,0.046
1991-05-08,41,0.044
1991-05-09,25,0.027
1991-05-10,33,0.036
1991-05-11,38,0.041
1991-05-12,39,0.042
1991-05-13,26,0.028
1991-05-14,43,0.046
1991-05-15,64,0.059
1991-05-16,37,0.04
1991-05-17,35,0.038
1991-05-18,24,0.026
1991-05-19,25,0.027
1991-05-20,8,0.009
1991-06-05,37,0.04
1991-06-06,49,0.053
1991-06-07,54,0.056
1991-06-08,105,0.072
1991-06-09,156,0.088
1991-06-10,101,0.071
1991-06-11,61,0.058
1991-06-12,93,0.068
1991-06-13,105,0.072
1991-06-14,61,0.058
1991-06-15,43,0.046
1991-06-16,38,0.041
1991-06-17,17,0.018
1991-06-18,40,0.043
1991-06-19,77,0.063
1991-06-20,112,0.074
1991-06-21,61,0.058
1991-06-22,67,0.06
1991-06-23,48,0.052
1991-06-24,87,0.066
1991-06-25,33,0.036
1991-06-26,67,0.06
1991-06-27,46,0.05
1991-06-28,42,0.045
1991-06-29,84,0.065
1991-06-30,90,0.067
1991-07-01,44,0.047
1991-07-02,80,0.064
1991-07-03,61,0.058
1991-07-04,41,0.044
1991-07-05,64,0.059
1991-07-06,80,0.064
1991-07-07,77,0.063
1991-07-08,31,0.033
1991-07-09,84,0.065
1991-07-10,38,0.041
1991-07-11,51,0.055
1991-07-12,41,0.044
1991-07-13,61,0.058
1991-07-14,54,0.056
1991-07-15,49,0.053
1991-07-16,108,0.073
1991-07-17,136,0.081
1991-07-18,45,0.049
1991-07-19,54,0.056
1991-07-20,84,0.065
1991-07-21,71,0.061
1991-07-22,80,0.064
1991-07-23,100,0.07
1991-07-24,97,0.069
1991-07-25,50,0.054
1991-07-26,87,0.066
1991-07-27,101,0.071
1991-07-28,42,0.045
1991-07-29,93,0.068
1991-07-30,54,0.056
1991-07-31,64,0.059
1991-08-01,133,0.08
1991-08-02,187,0.1
1991-08-03,119,0.076
1991-08-04,67,0.06
1991-08-05,41,0.044
1991-08-06,51,0.055
1991-08-07,115,0.075
1991-08-08,67,0.06
1991-08-09,41,0.044
1991-08-10,74,0.062
1991-08-11,64,0.059
1991-08-12,71,0.061
1991-08-13,26,0.028
1991-08-14,74,0.062
1991-08-15,93,0.068
1991-08-16,122,0.077
1991-08-17,36,0.039
1991-08-18,46,0.05
1991-08-19,28,0.03
1991-08-20,31,0.034
1991-08-21,47,0.051
1991-08-22,97,0.069
1991-08-23,154,0.087
1991-08-24,112,0.074
1991-08-25,77,0.063
1991-08-26,27,0.029
1991-08-27,31,0.033
1991-08-28,51,0.055
1991-08-29,71,0.061
1991-08-30,50,0.054
1991-08-31,36,0.039
1991-09-01,48,0.052
1991-09-02,61,0.058
1991-09-03,39,0.042
1991-09-04,26,0.028
1991-09-05,40,0.043
1991-09-06,71,0.061
1991-09-07,87,0.066
1991-09-08,77,0.063
1991-09-09,20,0.022
1991-09-10,30,0.032
1991-09-11,45,0.049
1991-09-12,77,0.063
1991-09-13,74,0.062
1991-09-14,90,0.067
1991-09-15,133,0.08
1991-09-16,64,0.059
1991-09-17,46,0.05
1991-09-18,45,0.049
1991-09-19,21,0.023
1991-09-20,30,0.032
1991-09-21,44,0.048
1991-09-22,74,0.062
1991-09-23,22,0.024
1991-09-24,14,0.015
1991-09-25,32,0.035
1991-09-26,23,0.025
1991-09-27,31,0.033
1991-09-28,42,0.045
1991-09-29,64,0.059
1991-09-30,67,0.06
1991-10-01,61,0.058
1991-10-02,47,0.051
1991-10-03,40,0.043
1991-10-04,42,0.045
1991-10-05,18,0.019
1991-10-06,20,0.022
1991-10-07,22,0.024
1991-10-08,27,0.029
1991-10-09,38,0.041
1991-10-10,36,0.039
1991-10-11,30,0.032
1991-10-12,32,0.035
1991-10-13,31,0.034
1991-10-14,34,0.037
1991-10-15,16,0.017
1991-10-16,19,0.021
1991-10-17,22,0.024
1991-10-18,45,0.049
1991-10-19,21,0.023
1991-10-20,21,0.023
1991-10-21,29,0.031
1991-10-22,46,0.05
1991-10-23,15,0.016
1991-10-24,20,0.022
1991-10-25,31,0.034
1991-10-26,34,0.037
1991-10-27,10,0.011
1991-10-28,17,0.018
1991-10-29,41,0.044
1991-10-30,28,0.03
1991-10-31,27,0.029
1992-03-31,27,0.029
1992-04-01,22,0.024
1992-04-02,24,0.026
1992-04-03,27,0.029
1992-04-04,27,0.029
1992-04-05,40,0.043
1992-04-06,43,0.046
1992-04-07,58,0.057
1992-04-08,49,0.053
1992-04-09,50,0.054
1992-04-10,44,0.048
1992-04-11,46,0.05
1992-04-12,35,0.038
1992-04-13,32,0.035
1992-04-14,28,0.03
1992-04-15,31,0.034
1992-04-16,43,0.046
1992-04-17,30,0.032
1992-04-18,45,0.049
1992-04-19,42,0.045
1992-04-20,31,0.034
1992-04-21,36,0.039
1992-04-22,42,0.045
1992-04-23,54,0.056
1992-04-24,58,0.057
1992-04-25,27,0.029
1992-04-26,24,0.026
1992-04-27,11,0.012
1992-04-28,35,0.038
1992-04-29,41,0.044
1992-04-30,42,0.045
1992-05-01,51,0.055
1992-05-02,47,0.051
1992-05-03,39,0.042
1992-05-04,25,0.027
1992-05-05,23,0.025
1992-05-06,30,0.032
1992-05-07,44,0.048
1992-05-08,18,0.019
1992-05-09,36,0.039
1992-05-10,115,0.075
1992-05-11,105,0.072
1992-05-12,74,0.062
1992-05-13,43,0.046
1992-05-14,71,0.061
1992-05-15,67,0.06
1992-05-16,90,0.067
1992-05-17,36,0.039
1992-05-18,26,0.028
1992-05-19,30,0.032
1992-05-20,44,0.047
1992-05-21,48,0.052
1992-05-22,80,0.064
1992-05-23,77,0.063
1992-05-24,24,0.026
1992-05-25,37,0.04
1992-05-26,31,0.034
1992-05-27,42,0.045
1992-05-28,44,0.047
1992-05-29,26,0.028
1992-05-30,26,0.028
1992-05-31,50,0.054
1992-06-01,46,0.05
1992-06-02,71,0.061
1992-06-03,46,0.05
1992-06-04,27,0.029
1992-06-05,38,0.041
1992-06-06,80,0.064
1992-06-07,31,0.033
1992-06-08,32,0.035
1992-06-09,40,0.043
1992-06-10,44,0.047
1992-06-11,43,0.046
1992-06-12,46,0.05
1992-06-13,31,0.033
1992-06-14,40,0.043
1992-06-15,40,0.043
1992-06-16,67,0.06
1992-06-17,50,0.054
1992-06-18,36,0.039
1992-06-19,46,0.05
1992-06-20,34,0.037
1992-06-21,36,0.039
1992-06-22,36,0.039
1992-06-23,49,0.053
1992-06-24,48,0.052
1992-06-25,51,0.055
1992-06-26,40,0.043
1992-06-27,49,0.053
1992-06-28,87,0.066
1992-06-29,80,0.064
1992-06-30,46,0.05
1992-07-01,37,0.04
1992-07-02,41,0.044
1992-07-03,39,0.042
1992-07-04,45,0.049
1992-07-05,37,0.04
1992-07-06,35,0.038
1992-07-07,46,0.05
1992-07-08,51,0.055
1992-07-09,54,0.056
1992-07-10,47,0.051
1992-07-11,49,0.053
1992-07-12,35,0.038
1992-07-13,44,0.047
1992-07-14,38,0.041
1992-07-15,45,0.049
1992-07-16,38,0.041
1992-07-17,31,0.033
1992-07-18,42,0.045
1992-07-19,49,0.053
1992-07-20,44,0.048
1992-07-21,41,0.044
1992-07-22,46,0.05
1992-07-23,41,0.044
1992-07-24,43,0.046
1992-07-25,51,0.055
1992-07-26,26,0.028
1992-07-27,24,0.026
1992-07-28,6,0.007
1992-07-29,43,0.046
1992-07-30,31,0.034
1992-07-31,28,0.03
1992-08-01,32,0.035
1992-08-02,36,0.039
1992-08-03,35,0.038
1992-08-04,33,0.036
1992-08-05,43,0.046
1992-08-06,50,0.054
1992-08-07,39,0.042
1992-08-08,27,0.029
1992-08-09,49,0.053
1992-08-10,37,0.04
1992-08-11,35,0.038
1992-08-12,43,0.046
1992-08-13,44,0.048
1992-08-14,29,0.031
1992-08-15,31,0.033
1992-08-16,26,0.028
1992-08-17,40,0.043
1992-08-18,49,0.053
1992-08-19,42,0.045
1992-08-20,28,0.03
1992-08-21,47,0.051
1992-08-22,24,0.026
1992-08-23,23,0.025
1992-08-24,28,0.03
1992-08-25,35,0.038
1992-08-26,37,0.04
1992-08-27,26,0.028
1992-08-28,17,0.018
1992-08-29,34,0.037
1992-08-30,47,0.051
1992-08-31,21,0.023
1992-09-01,37,0.04
1992-09-02,30,0.032
1992-09-03,28,0.03
1992-09-04,21,0.023
1992-09-05,29,0.031
1992-09-06,31,0.033
1992-09-07,33,0.036
1992-09-08,31,0.034
1992-09-09,39,0.042
1992-09-10,23,0.025
1992-09-11,31,0.033
1992-09-12,44,0.048
1992-09-13,45,0.049
1992-09-14,42,0.045
1992-09-15,64,0.059
1992-09-16,48,0.052
1992-09-17,42,0.045
1992-09-18,10,0.011
1992-09-19,30,0.032
1992-09-20,33,0.036
1992-09-21,18,0.019
1992-09-22,10,0.011
1992-09-23,18,0.019
1992-09-24,27,0.029
1992-09-25,32,0.035
1992-09-26,19,0.021
1992-09-27,27,0.029
1992-09-28,29,0.031
1992-09-29,22,0.024
1992-09-30,21,0.023
1992-10-01,36,0.039
1992-10-02,43,0.046
1992-10-03,61,0.058
1992-10-04,25,0.027
1992-10-05,22,0.024
1992-10-06,19,0.021
1992-10-07,38,0.041
1992-10-08,24,0.026
1992-10-09,29,0.031
1992-10-10,31,0.034
1992-10-11,24,0.026
1992-10-12,30,0.032
1992-10-13,26,0.028
1992-10-14,71,0.061
1992-10-15,41,0.044
1992-10-16,10,0.011
1992-10-17,19,0.02
1992-10-18,24,0.026
1992-10-19,24,0.026
1992-10-20,28,0.03
1992-10-21,42,0.045
1992-10-22,34,0.037
1992-10-23,44,0.047
1992-10-24,43,0.046
1992-10-25,32,0.035
1992-10-26,33,0.036
1992-10-27,36,0.039
1992-10-28,25,0.027
1992-10-29,31,0.033
1992-10-30,5,0.005
1992-10-31,3,0.003
1993-03-31,22,0.024
1993-04-01,14,0.015
1993-04-02,16,0.017
1993-04-03,35,0.038
1993-04-04,42,0.045
1993-04-05,21,0.023
1993-04-06,26,0.028
1993-04-07,46,0.05
1993-04-08,49,0.053
1993-04-09,27,0.029
1993-04-10,44,0.047
1993-04-11,61,0.058
1993-04-12,39,0.042
1993-04-13,28,0.03
1993-04-14,33,0.036
1993-04-15,61,0.058
1993-04-16,23,0.025
1993-04-17,41,0.044
1993-04-18,51,0.055
1993-04-19,87,0.066
1993-04-20,41,0.044
1993-04-21,15,0.016
1993-04-22,41,0.044
1993-04-23,71,0.061
1993-04-24,49,0.053
1993-04-25,36,0.039
1993-04-26,42,0.045
1993-04-27,41,0.044
1993-04-28,74,0.062
1993-04-29,71,0.061
1993-04-30,80,0.064
1993-05-01,100,0.07
1993-05-02,47,0.051
1993-05-03,48,0.052
1993-05-04,42,0.045
1993-05-05,50,0.054
1993-05-06,84,0.065
1993-05-07,74,0.062
1993-05-08,140,0.082
1993-05-09,58,0.057
1993-05-10,129,0.079
1993-05-11,90,0.067
1993-05-12,24,0.026
1993-05-13,24,0.026
1993-05-14,41,0.044
1993-05-15,74,0.062
1993-05-16,50,0.054
1993-05-17,74,0.062
1993-05-18,25,0.027
1993-05-19,34,0.037
1993-05-20,37,0.04
1993-05-21,36,0.039
1993-05-22,77,0.063
1993-05-23,100,0.07
1993-05-24,54,0.056
1993-05-25,44,0.048
1993-05-26,44,0.047
1993-05-27,51,0.055
1993-05-28,80,0.064
1993-05-29,45,0.049
1993-05-30,74,0.062
1993-05-31,37,0.04
1993-06-01,42,0.045
1993-06-02,37,0.04
1993-06-03,122,0.077
1993-06-04,27,0.029
1993-06-05,30,0.032
1993-06-06,64,0.059
1993-06-07,50,0.054
1993-06-08,39,0.042
1993-06-09,29,0.031
1993-06-10,44,0.047
1993-06-11,39,0.042
1993-06-12,45,0.049
1993-06-13,47,0.051
1993-06-14,77,0.063
1993-06-15,49,0.053
1993-06-16,122,0.077
1993-06-17,126,0.078
1993-06-18,90,0.067
1993-06-19,112,0.074
1993-06-20,84,0.065
1993-06-21,45,0.049
1993-06-22,100,0.07
1993-06-23,122,0.077
1993-06-24,105,0.072
1993-06-25,39,0.042
1993-06-26,54,0.056
1993-06-27,74,0.062
1993-06-28,50,0.054
1993-06-29,44,0.047
1993-06-30,50,0.054
1993-07-01,49,0.053
1993-07-02,47,0.051
1993-07-03,84,0.065
1993-07-04,64,0.059
1993-07-05,61,0.058
1993-07-06,40,0.043
1993-07-07,42,0.045
1993-07-08,54,0.056
1993-07-09,50,0.054
1993-07-10,112,0.074
1993-07-11,93,0.068
1993-07-12,74,0.062
1993-07-13,71,0.061
1993-07-14,61,0.058
1993-07-15,36,0.039
1993-07-16,51,0.055
1993-07-17,64,0.059
1993-07-18,97,0.069
1993-07-19,64,0.059
1993-07-20,71,0.061
1993-07-21,143,0.083
1993-07-22,71,0.061
1993-07-23,161,0.09
1993-07-24,126,0.078
1993-07-25,87,0.066
1993-07-26,74,0.062
1993-07-27,126,0.078
1993-07-28,140,0.082
1993-07-29,49,0.053
1993-07-30,43,0.046
1993-07-31,61,0.058
1993-08-01,129,0.079
1993-08-02,54,0.056
1993-08-03,48,0.052
1993-08-04,43,0.046
1993-08-05,38,0.041
1993-08-06,43,0.046
1993-08-07,47,0.051
1993-08-08,93,0.068
1993-08-09,126,0.078
1993-08-10,90,0.067
1993-08-11,84,0.065
1993-08-12,25,0.027
1993-08-13,33,0.036
1993-08-14,129,0.079
1993-08-15,150,0.085
1993-08-16,197,0.104
1993-08-17,47,0.051
1993-08-18,50,0.054
1993-08-19,140,0.082
1993-08-20,50,0.054
1993-08-21,51,0.055
1993-08-22,97,0.069
1993-08-23,140,0.082
1993-08-24,45,0.049
1993-08-25,61,0.058
1993-08-26,93,0.068
1993-08-27,74,0.062
1993-08-28,151,0.086
1993-08-29,77,0.063
1993-08-30,80,0.064
1993-08-31,108,0.073
1993-09-01,37,0.04
1993-09-02,20,0.022
1993-09-03,14,0.015
1993-09-04,31,0.033
1993-09-05,45,0.049
1993-09-06,49,0.053
1993-09-07,25,0.027
1993-09-08,44,0.047
1993-09-09,43,0.046
1993-09-10,24,0.026
1993-09-11,33,0.036
1993-09-12,50,0.054
1993-09-13,48,0.052
1993-09-14,47,0.051
1993-09-15,1,0.001
1993-09-16,6,0.007
1993-09-17,5,0.005
1993-09-18,36,0.039
1993-09-19,47,0.051
1993-09-20,23,0.025
1993-09-21,35,0.038
1993-09-22,30,0.032
1993-09-23,23,0.025
1993-09-24,10,0.011
1993-09-25,27,0.029
1993-09-26,18,0.019
1993-09-27,16,0.017
1993-09-28,24,0.026
1993-09-29,18,0.019
1993-09-30,20,0.022
1993-10-01,43,0.046
1993-10-02,26,0.028
1993-10-03,28,0.03
1993-10-04,38,0.041
1993-10-05,27,0.029
1993-10-06,44,0.048
1993-10-07,49,0.053
1993-10-08,48,0.052
1993-10-09,31,0.033
1993-10-10,24,0.026
1993-10-11,6,0.006
1993-10-12,19,0.02
1993-10-13,20,0.022
1993-10-14,29,0.031
1993-10-15,38,0.041
1993-10-16,19,0.021
1993-10-17,20,0.022
1993-10-18,11,0.012
1993-10-19,8,0.009
1993-10-20,19,0.02
1993-10-21,18,0.019
1993-10-22,19,0.021
1993-10-23,26,0.028
1993-10-24,31,0.033
1993-10-25,39,0.042
1993-10-26,29,0.031
1993-10-27,12,0.013
1993-10-28,19,0.02
1993-10-29,16,0.017
1993-10-30,7,0.008
1993-10-31,8,0.009
1994-03-31,12,0.013
1994-04-01,42,0.045
1994-04-02,58,0.057
1994-04-03,33,0.036
1994-04-04,34,0.037
1994-04-05,32,0.035
1994-04-06,19,0.021
1994-04-07,33,0.036
1994-04-08,42,0.045
1994-04-09,44,0.047
1994-04-10,30,0.032
1994-04-11,15,0.016
1994-04-12,29,0.031
1994-04-13,42,0.045
1994-04-14,80,0.064
1994-04-15,28,0.03
1994-04-16,40,0.043
1994-04-17,45,0.049
1994-04-18,48,0.052
1994-04-19,90,0.067
1994-04-20,48,0.052
1994-04-21,41,0.044
1994-04-22,45,0.049
1994-04-23,48,0.052
1994-04-24,80,0.064
1994-04-25,54,0.056
1994-04-26,41,0.044
1994-04-27,44,0.047
1994-04-28,38,0.041
1994-04-29,27,0.029
1994-05-02,38,0.041
1994-05-03,24,0.026
1994-05-04,23,0.025
1994-05-05,58,0.057
1994-05-06,25,0.027
1994-05-07,39,0.042
1994-05-08,51,0.055
1994-05-09,51,0.055
1994-05-10,46,0.05
1994-05-11,61,0.058
1994-05-12,39,0.042
1994-05-13,48,0.052
1994-05-14,50,0.054
1994-05-15,31,0.033
1994-05-16,39,0.042
1994-05-17,42,0.045
1994-05-18,44,0.047
1994-05-19,35,0.038
1994-05-20,47,0.051
1994-05-21,80,0.064
1994-05-22,133,0.08
1994-05-23,151,0.086
1994-05-24,136,0.081
1994-05-25,71,0.061
1994-05-26,38,0.041
1994-05-27,41,0.044
1994-05-28,80,0.064
1994-05-29,87,0.066
1994-05-30,61,0.058
1994-05-31,54,0.056
1994-06-01,77,0.063
1994-06-02,34,0.037
1994-06-03,71,0.061
1994-06-04,133,0.08
1994-06-05,156,0.088
1994-06-06,48,0.052
1994-06-07,22,0.024
1994-06-08,40,0.043
1994-06-09,54,0.056
1994-06-10,105,0.072
1994-06-11,48,0.052
1994-06-12,64,0.059
1994-06-13,41,0.044
1994-06-14,47,0.051
1994-06-15,40,0.043
1994-06-16,74,0.062
1994-06-17,108,0.073
1994-06-18,154,0.087
1994-06-19,161,0.09
1994-06-20,182,0.098
1994-06-21,87,0.066
1994-06-22,87,0.066
1994-06-23,29,0.031
1994-06-24,39,0.042
1994-06-25,45,0.049
1994-06-26,33,0.036
1994-06-27,44,0.047
1994-06-28,58,0.057
1994-06-29,54,0.056
1994-06-30,61,0.058
1994-07-01,100,0.07
1994-07-02,93,0.068
1994-07-03,71,0.061
1994-07-04,48,0.052
1994-07-05,49,0.053
1994-07-06,44,0.047
1994-07-07,41,0.044
1994-07-08,26,0.028
1994-07-09,40,0.043
1994-07-10,44,0.048
1994-07-11,100,0.07
1994-07-12,54,0.056
1994-07-13,29,0.031
1994-07-14,37,0.04
1994-07-15,29,0.031
1994-07-16,47,0.051
1994-07-17,48,0.052
1994-07-18,77,0.063
1994-07-19,97,0.069
1994-07-20,87,0.066
1994-07-21,47,0.051
1994-07-22,34,0.037
1994-07-23,48,0.052
1994-07-24,58,0.057
1994-07-25,58,0.057
1994-07-26,46,0.05
1994-07-27,35,0.038
1994-07-28,50,0.054
1994-07-29,24,0.026
1994-07-30,77,0.063
1994-07-31,67,0.06
1994-08-01,44,0.048
1994-08-02,51,0.055
1994-08-03,40,0.043
1994-08-04,36,0.039
1994-08-05,26,0.028
1994-08-06,49,0.053
1994-08-07,71,0.061
1994-08-08,90,0.067
1994-08-09,61,0.058
1994-08-10,61,0.058
1994-08-11,90,0.067
1994-08-12,64,0.059
1994-08-13,44,0.047
1994-08-14,37,0.04
1994-08-15,36,0.039
1994-08-16,80,0.064
1994-08-17,35,0.038
1994-08-18,47,0.051
1994-08-19,129,0.079
1994-08-20,46,0.05
1994-08-21,44,0.048
1994-08-22,44,0.048
1994-08-23,45,0.049
1994-08-24,54,0.056
1994-08-25,100,0.07
1994-08-26,61,0.058
1994-08-27,97,0.069
1994-08-28,101,0.071
1994-08-29,42,0.045
1994-08-30,48,0.052
1994-08-31,43,0.046
1994-09-01,25,0.027
1994-09-02,36,0.039
1994-09-03,45,0.049
1994-09-04,48,0.052
1994-09-05,23,0.025
1994-09-06,26,0.028
1994-09-07,48,0.052
1994-09-08,97,0.069
1994-09-09,67,0.06
1994-09-12,93,0.068
1994-09-13,80,0.064
1994-09-14,90,0.067
1994-09-15,101,0.071
1994-09-16,101,0.071
1994-09-17,21,0.023
1994-09-18,31,0.033
1994-09-19,43,0.046
1994-09-20,61,0.058
1994-09-21,58,0.057
1994-09-22,61,0.058
1994-09-23,27,0.029
1994-09-24,30,0.032
1994-09-25,36,0.039
1994-09-26,34,0.037
1994-09-27,25,0.027
1994-09-28,41,0.044
1994-09-29,33,0.036
1994-09-30,42,0.045
1994-10-01,97,0.069
1994-10-02,45,0.049
1994-10-03,29,0.031
1994-10-04,25,0.027
1994-10-05,22,0.024
1994-10-06,41,0.044
1994-10-07,71,0.061
1994-10-08,43,0.046
1994-10-09,26,0.028
1994-10-10,30,0.032
1994-10-11,32,0.035
1994-10-12,33,0.036
1994-10-13,21,0.023
1994-10-14,28,0.03
1994-10-15,37,0.04
1994-10-16,47,0.051
1994-10-17,38,0.041
1994-10-18,34,0.037
1994-10-19,15,0.016
1994-10-20,27,0.029
1994-10-21,31,0.034
1994-10-22,23,0.025
1994-10-23,32,0.035
1994-10-24,26,0.028
1994-10-25,26,0.028
1994-10-26,12,0.013
1994-10-27,19,0.02
1994-10-28,27,0.029
1994-10-29,37,0.04
1994-10-30,42,0.045
1994-10-31,13,0.014
1995-03-31,6,0.007
1995-04-01,34,0.037
1995-04-02,44,0.047
1995-04-03,58,0.057
1995-04-04,37,0.04
1995-04-05,36,0.039
1995-04-06,50,0.054
1995-04-07,61,0.058
1995-04-08,54,0.056
1995-04-09,45,0.049
1995-04-10,33,0.036
1995-04-11,39,0.042
1995-04-12,44,0.047
1995-04-13,38,0.041
1995-04-14,45,0.049
1995-04-15,38,0.041
1995-04-16,80,0.064
1995-04-17,41,0.044
1995-04-18,38,0.041
1995-04-19,50,0.054
1995-04-20,31,0.034
1995-04-21,49,0.053
1995-04-22,38,0.041
1995-04-23,34,0.037
1995-04-24,36,0.039
1995-04-25,42,0.045
1995-04-26,50,0.054
1995-04-27,41,0.044
1995-04-28,43,0.046
1995-04-29,46,0.05
1995-04-30,39,0.042
1995-05-01,27,0.029
1995-05-02,39,0.042
1995-05-03,43,0.046
1995-05-04,32,0.035
1995-05-05,35,0.038
1995-05-06,42,0.045
1995-05-07,46,0.05
1995-05-08,38,0.041
1995-05-09,24,0.026
1995-05-10,30,0.032
1995-05-11,24,0.026
1995-05-12,28,0.03
1995-05-13,23,0.025
1995-05-14,31,0.034
1995-05-15,35,0.038
1995-05-16,25,0.027
1995-05-17,30,0.032
1995-05-18,31,0.034
1995-05-19,41,0.044
1995-05-20,74,0.062
1995-05-21,39,0.042
1995-05-22,71,0.061
1995-05-23,101,0.071
1995-05-24,87,0.066
1995-05-25,47,0.051
1995-05-26,27,0.029
1995-05-27,43,0.046
1995-05-28,37,0.04
1995-05-29,49,0.053
1995-05-30,47,0.051
1995-05-31,47,0.051
1995-06-01,30,0.032
1995-06-02,44,0.048
1995-06-03,64,0.059
1995-06-04,84,0.065
1995-06-05,64,0.059
1995-06-06,93,0.068
1995-06-07,67,0.06
1995-06-08,45,0.049
1995-06-09,50,0.054
1995-06-10,64,0.059
1995-06-11,41,0.044
1995-06-12,33,0.036
1995-06-13,48,0.052
1995-06-14,54,0.056
1995-06-15,108,0.073
1995-06-16,140,0.082
1995-06-17,150,0.085
1995-06-18,164,0.091
1995-06-19,136,0.081
1995-06-20,100,0.07
1995-06-21,80,0.064
1995-06-22,50,0.054
1995-06-23,43,0.046
1995-06-24,46,0.05
1995-06-25,93,0.068
1995-06-26,44,0.048
1995-06-27,45,0.049
1995-06-28,77,0.063
1995-06-29,49,0.053
1995-06-30,54,0.056
1995-07-01,100,0.07
1995-07-02,58,0.057
1995-07-03,87,0.066
1995-07-04,32,0.035
1995-07-05,29,0.031
1995-07-06,42,0.045
1995-07-07,105,0.072
1995-07-08,51,0.055
1995-07-09,77,0.063
1995-07-10,159,0.089
1995-07-11,156,0.088
1995-07-12,166,0.092
1995-07-13,133,0.08
1995-07-14,151,0.086
1995-07-15,143,0.083
1995-07-16,90,0.067
1995-07-17,74,0.062
1995-07-18,47,0.051
1995-07-19,119,0.076
1995-07-20,97,0.069
1995-07-21,71,0.061
1995-07-22,64,0.059
1995-07-23,34,0.037
1995-07-24,48,0.052
1995-07-25,45,0.049
1995-07-26,90,0.067
1995-07-27,41,0.044
1995-07-28,51,0.055
1995-07-29,77,0.063
1995-07-30,143,0.083
1995-07-31,129,0.079
1995-08-01,90,0.067
1995-08-02,93,0.068
1995-08-03,43,0.046
1995-08-04,31,0.033
1995-08-05,22,0.024
1995-08-06,39,0.042
1995-08-07,36,0.039
1995-08-08,51,0.055
1995-08-09,64,0.059
1995-08-10,67,0.06
1995-08-11,97,0.069
1995-08-12,115,0.075
1995-08-13,101,0.071
1995-08-14,122,0.077
1995-08-15,151,0.086
1995-08-16,143,0.083
1995-08-17,185,0.099
1995-08-18,71,0.061
1995-08-19,77,0.063
1995-08-20,77,0.063
1995-08-21,122,0.077
1995-08-22,51,0.055
1995-08-23,97,0.069
1995-08-24,122,0.077
1995-08-25,136,0.081
1995-08-26,93,0.068
1995-08-27,40,0.043
1995-08-28,156,0.088
1995-08-29,140,0.082
1995-08-30,93,0.068
1995-08-31,136,0.081
1995-09-01,32,0.035
1995-09-02,47,0.051
1995-09-03,74,0.062
1995-09-04,84,0.065
1995-09-05,126,0.078
1995-09-06,105,0.072
1995-09-07,49,0.053
1995-09-08,80,0.064
1995-09-09,39,0.042
1995-09-10,47,0.051
1995-09-11,74,0.062
1995-09-12,38,0.041
1995-09-13,30,0.032
1995-09-14,51,0.055
1995-09-15,42,0.045
1995-09-16,31,0.033
1995-09-17,33,0.036
1995-09-18,30,0.032
1995-09-19,45,0.049
1995-09-20,26,0.028
1995-09-21,36,0.039
1995-09-22,23,0.025
1995-09-23,28,0.03
1995-09-24,40,0.043
1995-09-25,22,0.024
1995-09-26,36,0.039
1995-09-27,61,0.058
1995-09-28,87,0.066
1995-09-29,49,0.053
1995-09-30,51,0.055
1995-10-01,36,0.039
1995-10-02,46,0.05
1995-10-03,19,0.021
1995-10-04,14,0.015
1995-10-05,17,0.018
1995-10-06,36,0.039
1995-10-07,22,0.024
1995-10-08,34,0.037
1995-10-09,38,0.041
1995-10-10,54,0.056
1995-10-11,80,0.064
1995-10-12,54,0.056
1995-10-13,32,0.035
1995-10-14,19,0.021
1995-10-15,31,0.033
1995-10-16,24,0.026
1995-10-17,29,0.031
1995-10-18,40,0.043
1995-10-19,42,0.045
1995-10-20,20,0.022
1995-10-21,19,0.021
1995-10-22,34,0.037
1995-10-23,36,0.039
1995-10-24,24,0.026
1995-10-25,19,0.021
1995-10-26,24,0.026
1995-10-27,22,0.024
1995-10-28,18,0.019
1995-10-29,23,0.025
1995-10-30,17,0.018
1995-10-31,22,0.024
1996-03-31,23,0.025
1996-04-01,26,0.028
1996-04-02,34,0.037
1996-04-03,48,0.052
1996-04-04,40,0.043
1996-04-05,19,0.02
1996-04-06,33,0.036
1996-04-07,38,0.041
1996-04-08,31,0.033
1996-04-09,15,0.016
1996-04-10,33,0.036
1996-04-11,50,0.054
1996-04-12,71,0.061
1996-04-13,37,0.04
1996-04-14,26,0.028
1996-04-15,23,0.025
1996-04-16,31,0.034
1996-04-17,42,0.045
1996-04-18,51,0.055
1996-04-19,33,0.036
1996-04-20,40,0.043
1996-04-21,36,0.039
1996-04-22,25,0.027
1996-04-23,23,0.025
1996-04-24,32,0.035
1996-04-25,44,0.048
1996-04-26,26,0.028
1996-04-27,41,0.044
1996-04-28,25,0.027
1996-04-29,12,0.013
1996-04-30,38,0.041
1996-05-01,39,0.042
1996-05-02,46,0.05
1996-05-03,54,0.056
1996-05-04,49,0.053
1996-05-05,32,0.035
1996-05-06,37,0.04
1996-05-07,24,0.026
1996-05-08,22,0.024
1996-05-09,31,0.034
1996-05-10,39,0.042
1996-05-11,23,0.025
1996-05-12,36,0.039
1996-05-13,28,0.03
1996-05-14,46,0.05
1996-05-15,42,0.045
1996-05-16,36,0.039
1996-05-17,48,0.052
1996-05-18,44,0.048
1996-05-19,44,0.048
1996-05-20,45,0.049
1996-05-21,24,0.026
1996-05-22,46,0.05
1996-05-23,100,0.07
1996-05-24,93,0.068
1996-05-25,50,0.054
1996-05-26,42,0.045
1996-05-27,31,0.034
1996-05-28,41,0.044
1996-05-29,31,0.033
1996-05-30,40,0.043
1996-05-31,80,0.064
1996-06-01,87,0.066
1996-06-02,38,0.041
1996-06-03,37,0.04
1996-06-04,38,0.041
1996-06-05,48,0.052
1996-06-06,46,0.05
1996-06-07,31,0.034
1996-06-08,23,0.025
1996-06-09,33,0.036
1996-06-10,40,0.043
1996-06-11,37,0.04
1996-06-12,51,0.055
1996-06-13,100,0.07
1996-06-14,101,0.071
1996-06-15,115,0.075
1996-06-16,122,0.077
1996-06-17,80,0.064
1996-06-18,48,0.052
1996-06-19,67,0.06
1996-06-20,71,0.061
1996-06-21,129,0.079
1996-06-22,151,0.086
1996-06-23,108,0.073
1996-06-24,45,0.049
1996-06-25,50,0.054
1996-06-26,48,0.052
1996-06-27,133,0.08
1996-06-28,159,0.089
1996-06-29,156,0.088
1996-06-30,151,0.086
1996-07-01,74,0.062
1996-07-02,48,0.052
1996-07-03,37,0.04
1996-07-04,58,0.057
1996-07-05,77,0.063
1996-07-06,112,0.074
1996-07-07,61,0.058
1996-07-08,46,0.05
1996-07-09,41,0.044
1996-07-10,40,0.043
1996-07-11,61,0.058
1996-07-12,80,0.064
1996-07-13,67,0.06
1996-07-14,51,0.055
1996-07-15,50,0.054
1996-07-16,50,0.054
1996-07-17,38,0.041
1996-07-18,42,0.045
1996-07-19,33,0.036
1996-07-20,37,0.04
1996-07-21,41,0.044
1996-07-22,31,0.033
1996-07-23,48,0.052
1996-07-24,51,0.055
1996-07-25,38,0.041
1996-07-26,41,0.044
1996-07-27,64,0.059
1996-07-28,44,0.047
1996-07-29,35,0.038
1996-07-30,31,0.034
1996-07-31,50,0.054
1996-08-01,41,0.044
1996-08-02,45,0.049
1996-08-03,80,0.064
1996-08-04,87,0.066
1996-08-05,74,0.062
1996-08-06,64,0.059
1996-08-07,47,0.051
1996-08-08,58,0.057
1996-08-09,71,0.061
1996-08-10,50,0.054
1996-08-11,37,0.04
1996-08-12,27,0.029
1996-08-13,54,0.056
1996-08-14,54,0.056
1996-08-15,77,0.063
1996-08-16,67,0.06
1996-08-17,51,0.055
1996-08-18,80,0.064
1996-08-19,87,0.066
1996-08-20,87,0.066
1996-08-21,58,0.057
1996-08-22,143,0.083
1996-08-23,126,0.078
1996-08-24,30,0.032
1996-08-25,77,0.063
1996-08-26,45,0.049
1996-08-27,36,0.039
1996-08-28,119,0.076
1996-08-29,126,0.078
1996-08-30,100,0.07
1996-08-31,101,0.071
1996-09-01,67,0.06
1996-09-02,58,0.057
1996-09-03,25,0.027
1996-09-04,31,0.033
1996-09-05,42,0.045
1996-09-06,22,0.024
1996-09-07,33,0.036
1996-09-08,50,0.054
1996-09-09,50,0.054
1996-09-10,36,0.039
1996-09-11,54,0.056
1996-09-12,31,0.033
1996-09-13,17,0.018
1996-09-14,35,0.038
1996-09-15,46,0.05
1996-09-16,21,0.023
1996-09-17,18,0.019
1996-09-18,24,0.026
1996-09-19,41,0.044
1996-09-20,47,0.051
1996-09-21,31,0.033
1996-09-22,39,0.042
1996-09-23,41,0.044
1996-09-24,20,0.022
1996-09-25,32,0.035
1996-09-26,46,0.05
1996-09-27,19,0.021
1996-09-28,21,0.023
1996-09-29,37,0.04
1996-09-30,40,0.043
1996-10-01,23,0.025
1996-10-02,11,0.012
1996-10-03,24,0.026
1996-10-04,25,0.027
1996-10-05,31,0.033
1996-10-06,41,0.044
1996-10-07,40,0.043
1996-10-08,21,0.023
1996-10-09,13,0.014
1996-10-10,11,0.012
1996-10-11,19,0.02
1996-10-12,39,0.042
1996-10-13,48,0.052
1996-10-14,46,0.05
1996-10-15,54,0.056
1996-10-16,41,0.044
1996-10-17,35,0.038
1996-10-18,16,0.017
1996-10-19,26,0.028
1996-10-20,25,0.027
1996-10-21,19,0.02
1996-10-22,44,0.047
1996-10-23,13,0.014
1996-10-24,23,0.025
1996-10-25,17,0.018
1996-10-26,15,0.016
1996-10-27,15,0.016
1996-10-28,15,0.016
1996-10-29,26,0.028
1996-10-30,26,0.028
1996-10-31,21,0.023
1997-03-31,14,0.015
1997-04-01,39,0.042
1997-04-02,38,0.041
1997-04-03,48,0.052
1997-04-04,28,0.03
1997-04-09,35,0.038
1997-04-10,39,0.042
1997-04-11,17,0.018
1997-04-14,44,0.047
1997-04-15,61,0.058
1997-04-16,51,0.055
1997-04-17,28,0.03
1997-04-18,43,0.046
1997-04-19,43,0.046
1997-04-20,47,0.051
1997-04-21,42,0.045
1997-04-22,46,0.05
1997-04-23,37,0.04
1997-04-24,41,0.044
1997-04-25,40,0.043
1997-04-26,49,0.053
1997-04-27,29,0.031
1997-04-28,39,0.042
1997-04-29,47,0.051
1997-04-30,74,0.062
1997-05-01,31,0.033
1997-05-02,54,0.056
1997-05-03,35,0.038
1997-05-04,58,0.057
1997-05-05,47,0.051
1997-05-06,44,0.048
1997-05-07,74,0.062
1997-05-08,34,0.037
1997-05-09,29,0.031
1997-05-10,42,0.045
1997-05-11,64,0.059
1997-05-12,28,0.03
1997-05-13,43,0.046
1997-05-14,44,0.047
1997-05-15,39,0.042
1997-05-16,41,0.044
1997-05-17,64,0.059
1997-05-18,101,0.071
1997-05-19,41,0.044
1997-05-20,43,0.046
1997-05-21,35,0.038
1997-05-22,50,0.054
1997-05-23,71,0.061
1997-05-24,64,0.059
1997-05-25,31,0.033
1997-05-26,33,0.036
1997-05-27,41,0.044
1997-05-28,32,0.035
1997-05-29,20,0.022
1997-05-30,47,0.051
1997-05-31,26,0.028
1997-06-01,38,0.041
1997-06-02,41,0.044
1997-06-03,32,0.035
1997-06-04,26,0.028
1997-06-05,29,0.031
1997-06-06,41,0.044
1997-06-07,24,0.026
1997-06-08,22,0.024
1997-06-09,16,0.017
1997-06-10,34,0.037
1997-06-11,28,0.03
1997-06-12,28,0.03
1997-06-13,28,0.03
1997-06-14,30,0.032
1997-06-15,44,0.047
1997-06-16,29,0.031
1997-06-17,28,0.03
1997-06-18,25,0.027
1997-06-19,48,0.052
1997-06-20,30,0.032
1997-06-23,93,0.068
1997-06-24,101,0.071
1997-06-25,47,0.051
1997-06-26,48,0.052
1997-06-27,112,0.074
1997-06-28,80,0.064
1997-06-29,38,0.041
1997-06-30,35,0.038
1997-07-01,67,0.06
1997-07-02,80,0.064
1997-07-03,87,0.066
1997-07-04,44,0.048
1997-07-05,36,0.039
1997-07-06,71,0.061
1997-07-07,126,0.078
1997-07-08,48,0.052
1997-07-09,51,0.055
1997-07-10,48,0.052
1997-07-11,90,0.067
1997-07-12,108,0.073
1997-07-13,156,0.088
1997-07-14,101,0.071
1997-07-15,74,0.062
1997-07-16,51,0.055
1997-07-17,140,0.082
1997-07-19,36,0.039
1997-07-20,133,0.08
1997-07-21,71,0.061
1997-07-22,67,0.06
1997-07-23,34,0.037
1997-07-24,64,0.059
1997-07-25,101,0.071
1997-07-26,129,0.079
1997-07-27,143,0.083
1997-07-28,112,0.074
1997-07-29,51,0.055
1997-07-30,71,0.061
1997-07-31,84,0.065
1997-08-01,101,0.071
1997-08-02,174,0.095
1997-08-03,122,0.077
1997-08-04,74,0.062
1997-08-05,41,0.044
1997-08-06,46,0.05
1997-08-07,87,0.066
1997-08-08,71,0.061
1997-08-09,50,0.054
1997-08-10,35,0.038
1997-08-11,40,0.043
1997-08-12,42,0.045
1997-08-13,28,0.03
1997-08-14,47,0.051
1997-08-15,44,0.047
1997-08-16,47,0.051
1997-08-17,36,0.039
1997-08-18,45,0.049
1997-08-19,34,0.037
1997-08-20,23,0.025
1997-08-21,33,0.036
1997-08-22,34,0.037
1997-08-23,36,0.039
1997-08-24,48,0.052
1997-08-25,44,0.047
1997-08-26,80,0.064
1997-08-27,74,0.062
1997-08-28,67,0.06
1997-08-29,40,0.043
1997-08-30,49,0.053
1997-08-31,84,0.065
1997-09-01,87,0.066
1997-09-02,87,0.066
1997-09-03,22,0.024
1997-09-04,23,0.025
1997-09-05,28,0.03
1997-09-09,30,0.032
1997-09-10,46,0.05
1997-09-11,30,0.032
1997-09-12,41,0.044
1997-09-13,51,0.055
1997-09-14,97,0.069
1997-09-15,108,0.073
1997-09-16,80,0.064
1997-09-17,44,0.048
1997-09-18,46,0.05
1997-09-19,100,0.07
1997-09-20,35,0.038
1997-09-21,28,0.03
1997-09-22,31,0.033
1997-09-23,24,0.026
1997-09-24,22,0.024
1997-09-25,29,0.031
1997-09-26,43,0.046
1997-09-27,48,0.052
1997-09-28,77,0.063
1997-09-29,38,0.041
1997-09-30,33,0.036
1997-10-01,19,0.02
1997-10-02,31,0.033
1997-10-03,47,0.051
1997-10-04,87,0.066
1997-10-05,80,0.064
1997-10-06,74,0.062
1997-10-07,100,0.07
1997-10-08,58,0.057
1997-10-09,42,0.045
1997-10-10,27,0.029
1997-10-11,46,0.05
1997-10-12,54,0.056
1997-10-13,38,0.041
1997-10-14,23,0.025
1997-10-15,22,0.024
1997-10-16,21,0.023
1997-10-17,17,0.018
1997-10-18,13,0.014
1997-10-19,30,0.032
1997-10-20,21,0.023
1997-10-21,22,0.024
1997-10-22,20,0.022
1997-10-23,15,0.016
1997-10-24,12,0.013
1997-10-25,9,0.01
1997-10-26,20,0.022
1997-10-27,11,0.012
1997-10-28,18,0.019
1997-10-29,21,0.023
1997-10-30,30,0.032
1997-10-31,32,0.035
1998-03-31,31,0.033
1998-04-01,47,0.051
1998-04-02,35,0.038
1998-04-03,27,0.029
1998-04-04,23,0.025
1998-04-05,36,0.039
1998-04-06,36,0.039
1998-04-07,54,0.056
1998-04-08,40,0.043
1998-04-09,26,0.028
1998-04-10,32,0.035
1998-04-11,44,0.047
1998-04-12,54,0.056
1998-04-13,71,0.061
1998-04-14,39,0.042
1998-04-15,34,0.037
1998-04-16,35,0.038
1998-04-17,25,0.027
1998-04-18,28,0.03
1998-04-19,27,0.029
1998-04-20,44,0.047
1998-04-21,33,0.036
1998-04-22,35,0.038
1998-04-23,38,0.041
1998-04-24,37,0.04
1998-04-25,30,0.032
1998-04-26,21,0.023
1998-04-27,10,0.011
1998-04-28,9,0.01
1998-04-29,6,0.006
1998-04-30,4,0.004
1998-05-04,28,0.03
1998-05-05,49,0.053
1998-05-06,50,0.054
1998-05-07,38,0.041
1998-05-08,23,0.025
1998-05-09,34,0.037
1998-05-10,44,0.047
1998-05-11,40,0.043
1998-05-12,77,0.063
1998-05-13,115,0.075
1998-05-14,140,0.082
1998-05-15,122,0.077
1998-05-16,77,0.063
1998-05-17,90,0.067
1998-05-18,90,0.067
1998-05-19,122,0.077
1998-05-20,87,0.066
1998-05-21,58,0.057
1998-05-22,31,0.033
1998-05-23,39,0.042
1998-05-24,49,0.053
1998-05-25,45,0.049
1998-05-26,47,0.051
1998-05-27,48,0.052
1998-05-28,100,0.07
1998-05-29,84,0.065
1998-05-30,80,0.064
1998-05-31,54,0.056
1998-06-01,77,0.063
1998-06-02,100,0.07
1998-06-03,42,0.045
1998-06-04,25,0.027
1998-06-05,20,0.022
1998-06-06,36,0.039
1998-06-07,44,0.048
1998-06-08,30,0.032
1998-06-09,36,0.039
1998-06-10,38,0.041
1998-06-11,33,0.036
1998-06-12,49,0.053
1998-06-13,49,0.053
1998-06-14,44,0.047
1998-06-15,32,0.035
1998-06-16,31,0.034
1998-06-17,42,0.045
1998-06-18,34,0.037
1998-06-19,64,0.059
1998-06-20,84,0.065
1998-06-21,40,0.043
1998-06-22,51,0.055
1998-06-23,61,0.058
1998-06-24,119,0.076
1998-06-25,93,0.068
1998-06-26,97,0.069
1998-06-27,44,0.047
1998-06-28,38,0.041
1998-06-29,37,0.04
1998-06-30,40,0.043
1998-07-01,44,0.047
1998-07-02,74,0.062
1998-07-03,129,0.079
1998-07-04,47,0.051
1998-07-05,67,0.06
1998-07-06,119,0.076
1998-07-07,29,0.031
1998-07-08,61,0.058
1998-07-09,87,0.066
1998-07-10,97,0.069
1998-07-11,77,0.063
1998-07-12,87,0.066
1998-07-13,36,0.039
1998-07-14,31,0.033
1998-07-15,25,0.027
1998-07-16,30,0.032
1998-07-17,43,0.046
1998-07-18,37,0.04
1998-07-19,31,0.034
1998-07-20,25,0.027
1998-07-21,27,0.029
1998-07-22,44,0.048
1998-07-23,45,0.049
1998-07-24,51,0.055
1998-07-25,74,0.062
1998-07-26,54,0.056
1998-07-27,64,0.059
1998-07-28,54,0.056
1998-07-29,77,0.063
1998-07-30,29,0.031
1998-07-31,44,0.048
1998-08-01,64,0.059
1998-08-02,80,0.064
1998-08-03,90,0.067
1998-08-04,97,0.069
1998-08-05,115,0.075
1998-08-06,119,0.076
1998-08-07,159,0.089
1998-08-08,64,0.059
1998-08-09,32,0.035
1998-08-10,45,0.049
1998-08-11,35,0.038
1998-08-12,67,0.06
1998-08-13,100,0.07
1998-08-14,47,0.051
1998-08-15,90,0.067
1998-08-16,45,0.049
1998-08-17,126,0.078
1998-08-18,87,0.066
1998-08-19,48,0.052
1998-08-20,80,0.064
1998-08-21,80,0.064
1998-08-22,112,0.074
1998-08-23,115,0.075
1998-08-24,84,0.065
1998-08-25,129,0.079
1998-08-26,47,0.051
1998-08-27,48,0.052
1998-08-28,90,0.067
1998-08-29,46,0.05
1998-08-30,71,0.061
1998-08-31,51,0.055
1998-09-01,80,0.064
1998-09-02,74,0.062
1998-09-03,93,0.068
1998-09-04,54,0.056
1998-09-05,169,0.093
1998-09-06,122,0.077
1998-09-07,77,0.063
1998-09-08,30,0.032
1998-09-09,32,0.035
1998-09-10,44,0.048
1998-09-11,112,0.074
1998-09-12,166,0.092
1998-09-13,200,0.105
1998-09-14,100,0.07
1998-09-15,33,0.036
1998-09-16,47,0.051
1998-09-17,34,0.037
1998-09-18,46,0.05
1998-09-19,51,0.055
1998-09-20,33,0.036
1998-09-22,41,0.044
1998-09-23,38,0.041
1998-09-24,50,0.054
1998-09-25,54,0.056
1998-09-26,108,0.073
1998-09-27,35,0.038
1998-09-28,49,0.053
1998-09-29,100,0.07
1998-09-30,58,0.057
1998-10-01,31,0.034
1998-10-02,32,0.035
1998-10-03,31,0.034
1998-10-04,19,0.021
1998-10-05,42,0.045
1998-10-06,38,0.041
1998-10-07,23,0.025
1998-10-08,14,0.015
1998-10-09,26,0.028
1998-10-10,33,0.036
1998-10-11,42,0.045
1998-10-12,40,0.043
1998-10-13,29,0.031
1998-10-14,20,0.022
1998-10-15,31,0.034
1998-10-16,51,0.055
1998-10-17,48,0.052
1998-10-18,37,0.04
1998-10-19,18,0.019
1998-10-20,26,0.028
1998-10-21,16,0.017
1998-10-22,18,0.019
1998-10-23,18,0.019
1998-10-24,32,0.035
1998-10-25,34,0.037
1998-10-26,39,0.042
1998-10-27,44,0.047
1998-10-28,18,0.019
1998-10-29,19,0.02
1998-10-30,27,0.029
1998-10-31,15,0.016
1999-03-31,28,0.03
1999-04-01,19,0.021
1999-04-02,31,0.033
1999-04-03,29,0.031
1999-04-04,32,0.035
1999-04-05,48,0.052
1999-04-06,50,0.054
1999-04-07,44,0.048
1999-04-08,36,0.039
1999-04-09,48,0.052
1999-04-10,38,0.041
1999-04-11,64,0.059
1999-04-12,33,0.036
1999-04-13,46,0.05
1999-04-14,40,0.043
1999-04-15,39,0.042
1999-04-16,31,0.034
1999-04-17,29,0.031
1999-04-18,27,0.029
1999-04-19,37,0.04
1999-04-20,40,0.043
1999-04-21,48,0.052
1999-04-22,45,0.049
1999-04-23,43,0.046
1999-04-24,34,0.037
1999-04-25,44,0.047
1999-04-26,13,0.014
1999-04-27,13,0.014
1999-04-28,30,0.032
1999-04-29,44,0.048
1999-04-30,45,0.049
1999-05-01,67,0.06
1999-05-02,51,0.055
1999-05-03,64,0.059
1999-05-04,90,0.067
1999-05-05,37,0.04
1999-05-06,47,0.051
1999-05-07,54,0.056
1999-05-08,49,0.053
1999-05-09,46,0.05
1999-05-10,97,0.069
1999-05-11,115,0.075
1999-05-12,115,0.075
1999-05-13,42,0.045
1999-05-14,38,0.041
1999-05-15,32,0.035
1999-05-16,44,0.047
1999-05-17,50,0.054
1999-05-18,42,0.045
1999-05-19,45,0.049
1999-05-20,58,0.057
1999-05-21,93,0.068
1999-05-22,46,0.05
1999-05-23,77,0.063
1999-05-24,35,0.038
1999-05-25,44,0.048
1999-05-26,44,0.047
1999-05-27,54,0.056
1999-05-28,97,0.069
1999-05-29,126,0.078
1999-05-30,105,0.072
1999-05-31,35,0.038
1999-06-01,36,0.039
1999-06-02,48,0.052
1999-06-03,58,0.057
1999-06-04,74,0.062
1999-06-05,45,0.049
1999-06-06,87,0.066
1999-06-07,77,0.063
1999-06-08,115,0.075
1999-06-09,87,0.066
1999-06-10,119,0.076
1999-06-11,101,0.071
1999-06-12,48,0.052
1999-06-13,67,0.06
1999-06-14,38,0.041
1999-06-15,49,0.053
1999-06-16,58,0.057
1999-06-17,50,0.054
1999-06-18,51,0.055
1999-06-19,115,0.075
1999-06-20,119,0.076
1999-06-21,126,0.078
1999-06-22,151,0.086
1999-06-23,84,0.065
1999-06-24,34,0.037
1999-06-25,46,0.05
1999-06-26,54,0.056
1999-06-27,23,0.025
1999-06-28,18,0.019
1999-06-29,20,0.022
1999-06-30,58,0.057
1999-07-01,28,0.03
1999-07-02,26,0.028
1999-07-03,30,0.032
1999-07-04,40,0.043
1999-07-05,61,0.058
1999-07-06,74,0.062
1999-07-07,74,0.062
1999-07-08,143,0.083
1999-07-09,67,0.06
1999-07-10,39,0.042
1999-07-11,67,0.06
1999-07-12,46,0.05
1999-07-13,49,0.053
1999-07-14,129,0.079
1999-07-15,105,0.072
1999-07-16,105,0.072
1999-07-17,164,0.091
1999-07-18,87,0.066
1999-07-19,119,0.076
1999-07-20,61,0.058
1999-07-21,97,0.069
1999-07-22,122,0.077
1999-07-23,143,0.083
1999-07-24,119,0.076
1999-07-25,97,0.069
1999-07-26,119,0.076
1999-07-27,119,0.076
1999-07-28,136,0.081
1999-07-29,147,0.084
1999-07-30,182,0.098
1999-07-31,150,0.085
1999-08-01,61,0.058
1999-08-02,105,0.072
1999-08-03,42,0.045
1999-08-04,154,0.087
1999-08-05,80,0.064
1999-08-06,140,0.082
1999-08-07,156,0.088
1999-08-08,58,0.057
1999-08-09,71,0.061
1999-08-10,151,0.086
1999-08-11,112,0.074
1999-08-12,126,0.078
1999-08-13,122,0.077
1999-08-14,21,0.023
1999-08-15,48,0.052
1999-08-16,105,0.072
1999-08-17,185,0.099
1999-08-18,108,0.073
1999-08-19,97,0.069
1999-08-20,71,0.061
1999-08-21,105,0.072
1999-08-22,108,0.073
1999-08-23,172,0.094
1999-08-24,54,0.056
1999-08-25,48,0.052
1999-08-26,90,0.067
1999-08-27,122,0.077
1999-08-28,115,0.075
1999-08-29,93,0.068
1999-08-30,35,0.038
1999-08-31,84,0.065
1999-09-01,129,0.079
1999-09-02,140,0.082
1999-09-03,126,0.078
1999-09-04,147,0.084
1999-09-05,44,0.047
1999-09-06,115,0.075
1999-09-07,71,0.061
1999-09-08,115,0.075
1999-09-09,44,0.048
1999-09-10,50,0.054
1999-09-11,100,0.07
1999-09-12,150,0.085
1999-09-13,40,0.043
1999-09-14,40,0.043
1999-09-15,45,0.049
1999-09-16,37,0.04
1999-09-17,41,0.044
1999-09-18,74,0.062
1999-09-19,133,0.08
1999-09-20,77,0.063
1999-09-21,25,0.027
1999-09-22,31,0.033
1999-09-23,51,0.055
1999-09-24,115,0.075
1999-09-25,143,0.083
1999-09-26,154,0.087
1999-09-27,41,0.044
1999-09-28,36,0.039
1999-09-29,15,0.016
1999-09-30,28,0.03
1999-10-01,48,0.052
1999-10-02,122,0.077
1999-10-03,112,0.074
1999-10-04,7,0.008
1999-10-05,24,0.026
1999-10-06,39,0.042
1999-10-07,43,0.046
1999-10-08,50,0.054
1999-10-09,28,0.03
1999-10-10,23,0.025
1999-10-11,26,0.028
1999-10-12,31,0.033
1999-10-13,35,0.038
1999-10-14,23,0.025
1999-10-15,44,0.048
1999-10-16,51,0.055
1999-10-17,17,0.018
1999-10-18,25,0.027
1999-10-19,10,0.011
1999-10-20,26,0.028
1999-10-21,30,0.032
1999-10-22,34,0.037
1999-10-23,22,0.024
1999-10-24,22,0.024
1999-10-25,26,0.028
1999-10-26,37,0.04
1999-10-27,30,0.032
1999-10-28,71,0.061
1999-10-29,90,0.067
1999-10-30,80,0.064
1999-10-31,43,0.046
2000-03-02,13,0.014
2000-03-03,15,0.016
2000-03-04,29,0.031
2000-03-05,35,0.038
2000-03-06,34,0.037
2000-03-07,46,0.05
2000-03-08,90,0.067
2000-03-09,43,0.046
2000-03-10,19,0.02
2000-03-11,20,0.022
2000-03-12,32,0.035
2000-03-13,28,0.03
2000-03-14,39,0.042
2000-03-15,50,0.054
2000-03-16,20,0.022
2000-03-17,28,0.03
2000-03-18,25,0.027
2000-03-19,27,0.029
2000-03-20,22,0.024
2000-03-21,17,0.018
2000-03-22,28,0.03
2000-03-23,24,0.026
2000-03-24,49,0.053
2000-03-25,44,0.047
2000-03-26,47,0.051
2000-03-27,32,0.035
2000-03-28,17,0.018
2000-03-29,29,0.031
2000-03-30,29,0.031
2000-03-31,35,0.038
2000-04-01,61,0.058
2000-04-02,29,0.031
2000-04-03,30,0.032
2000-04-04,31,0.034
2000-04-05,43,0.046
2000-04-06,44,0.048
2000-04-07,39,0.042
2000-04-08,25,0.027
2000-04-09,40,0.043
2000-04-10,46,0.05
2000-04-11,22,0.024
2000-04-12,26,0.028
2000-04-13,23,0.025
2000-04-14,33,0.036
2000-04-15,46,0.05
2000-04-16,40,0.043
2000-04-17,16,0.017
2000-04-18,8,0.009
2000-04-19,31,0.033
2000-04-20,48,0.052
2000-04-21,22,0.024
2000-04-22,32,0.035
2000-04-23,61,0.058
2000-04-24,32,0.035
2000-04-25,35,0.038
2000-04-26,44,0.047
2000-04-27,61,0.058
2000-04-28,44,0.048
2000-04-29,84,0.065
2000-04-30,119,0.076
2000-05-01,77,0.063
2000-05-02,42,0.045
2000-05-03,58,0.057
2000-05-04,43,0.046
2000-05-05,49,0.053
2000-05-06,84,0.065
2000-05-07,49,0.053
2000-05-08,42,0.045
2000-05-09,42,0.045
2000-05-10,47,0.051
2000-05-11,44,0.047
2000-05-12,44,0.048
2000-05-13,49,0.053
2000-05-14,42,0.045
2000-05-15,49,0.053
2000-05-16,54,0.056
2000-05-17,54,0.056
2000-05-18,61,0.058
2000-05-19,39,0.042
2000-05-20,33,0.036
2000-05-21,43,0.046
2000-05-22,51,0.055
2000-05-23,35,0.038
2000-05-24,80,0.064
2000-05-25,48,0.052
2000-05-26,45,0.049
2000-05-27,38,0.041
2000-05-28,39,0.042
2000-05-29,31,0.034
2000-05-30,46,0.05
2000-05-31,90,0.067
2000-06-01,122,0.077
2000-06-02,93,0.068
2000-06-03,49,0.053
2000-06-04,101,0.071
2000-06-05,49,0.053
2000-06-06,42,0.045
2000-06-07,64,0.059
2000-06-08,87,0.066
2000-06-09,147,0.084
2000-06-10,87,0.066
2000-06-11,71,0.061
2000-06-12,67,0.06
2000-06-13,77,0.063
2000-06-14,41,0.044
2000-06-15,35,0.038
2000-06-16,32,0.035
2000-06-17,25,0.027
2000-06-18,23,0.025
2000-06-19,36,0.039
2000-06-20,27,0.029
2000-06-21,44,0.047
2000-06-22,58,0.057
2000-06-23,61,0.058
2000-06-24,97,0.069
2000-06-25,40,0.043
2000-06-26,40,0.043
2000-06-27,21,0.023
2000-06-28,28,0.03
2000-06-29,50,0.054
2000-06-30,58,0.057
2000-07-01,100,0.07
2000-07-02,93,0.068
2000-07-03,64,0.059
2000-07-04,36,0.039
2000-07-05,32,0.035
2000-07-06,48,0.052
2000-07-07,38,0.041
2000-07-08,90,0.067
2000-07-09,90,0.067
2000-07-10,54,0.056
2000-07-11,58,0.057
2000-07-12,43,0.046
2000-07-13,112,0.074
2000-07-14,97,0.069
2000-07-15,41,0.044
2000-07-16,54,0.056
2000-07-17,84,0.065
2000-07-18,50,0.054
2000-07-19,31,0.033
2000-07-20,37,0.04
2000-07-21,39,0.042
2000-07-22,44,0.048
2000-07-23,48,0.052
2000-07-24,51,0.055
2000-07-25,44,0.048
2000-07-26,71,0.061
2000-07-27,122,0.077
2000-07-28,51,0.055
2000-07-29,37,0.04
2000-07-30,41,0.044
2000-07-31,45,0.049
2000-08-01,54,0.056
2000-08-02,61,0.058
2000-08-03,43,0.046
2000-08-04,45,0.049
2000-08-05,77,0.063
2000-08-06,51,0.055
2000-08-07,51,0.055
2000-08-08,31,0.033
2000-08-09,77,0.063
2000-08-10,43,0.046
2000-08-11,47,0.051
2000-08-12,44,0.048
2000-08-13,44,0.048
2000-08-14,93,0.068
2000-08-15,77,0.063
2000-08-16,80,0.064
2000-08-17,61,0.058
2000-08-18,31,0.034
2000-08-19,47,0.051
2000-08-20,43,0.046
2000-08-21,49,0.053
2000-08-22,54,0.056
2000-08-23,36,0.039
2000-08-24,41,0.044
2000-08-25,49,0.053
2000-08-26,51,0.055
2000-08-27,50,0.054
2000-08-28,67,0.06
2000-08-29,71,0.061
2000-08-30,44,0.047
2000-08-31,27,0.029
2000-09-01,31,0.033
2000-09-02,36,0.039
2000-09-03,48,0.052
2000-09-04,44,0.048
2000-09-05,23,0.025
2000-09-06,38,0.041
2000-09-07,44,0.047
2000-09-08,19,0.02
2000-09-09,34,0.037
2000-09-10,40,0.043
2000-09-11,12,0.013
2000-09-12,24,0.026
2000-09-13,38,0.041
2000-09-14,48,0.052
2000-09-15,24,0.026
2000-09-16,26,0.028
2000-09-17,35,0.038
2000-09-18,46,0.05
2000-09-19,90,0.067
2000-09-20,30,0.032
2000-09-21,25,0.027
2000-09-22,27,0.029
2000-09-23,25,0.027
2000-09-24,13,0.014
2000-09-25,13,0.014
2000-09-26,20,0.022
2000-09-27,31,0.034
2000-09-28,22,0.024
2000-09-29,30,0.032
2000-09-30,45,0.049
2000-10-01,36,0.039
2000-10-02,39,0.042
2000-10-03,46,0.05
2000-10-04,67,0.06
2000-10-05,67,0.06
2000-10-06,22,0.024
2000-10-07,23,0.025
2000-10-08,18,0.019
2000-10-09,13,0.014
2000-10-10,20,0.022
2000-10-11,28,0.03
2000-10-12,25,0.027
2000-10-13,33,0.036
2000-10-14,74,0.062
2000-10-15,71,0.061
2000-10-16,43,0.046
2000-10-17,17,0.018
2000-10-18,30,0.032
2000-10-19,38,0.041
2000-10-20,46,0.05
2000-10-21,33,0.036
2000-10-22,47,0.051
2000-10-23,31,0.033
2000-10-24,29,0.031
2000-10-25,23,0.025
2000-10-26,30,0.032
2000-10-27,49,0.053
2000-10-28,19,0.02
2000-10-29,20,0.022
2000-10-30,25,0.027
2000-10-31,22,0.024
2001-02-28,6,0.007
2001-03-01,29,0.031
2001-03-02,10,0.011
2001-03-03,12,0.013
2001-03-04,27,0.029
2001-03-05,29,0.031
2001-03-06,24,0.026
2001-03-07,28,0.03
2001-03-08,31,0.034
2001-03-09,31,0.033
2001-03-10,34,0.037
2001-03-11,47,0.051
2001-03-12,27,0.029
2001-03-13,36,0.039
2001-03-14,35,0.038
2001-03-15,32,0.035
2001-03-16,17,0.018
2001-03-17,26,0.028
2001-03-18,36,0.039
2001-03-19,38,0.041
2001-03-20,31,0.033
2001-03-21,22,0.024
2001-03-22,36,0.039
2001-03-23,44,0.048
2001-03-24,38,0.041
2001-03-25,37,0.04
2001-03-26,27,0.029
2001-03-27,32,0.035
2001-03-28,45,0.049
2001-03-29,36,0.039
2001-03-30,32,0.035
2001-03-31,25,0.027
2001-04-01,41,0.044
2001-04-02,44,0.047
2001-04-03,33,0.036
2001-04-04,47,0.051
2001-04-05,36,0.039
2001-04-06,42,0.045
2001-04-07,48,0.052
2001-04-08,49,0.053
2001-04-09,46,0.05
2001-04-10,39,0.042
2001-04-11,44,0.048
2001-04-12,80,0.064
2001-04-13,50,0.054
2001-04-14,87,0.066
2001-04-15,43,0.046
2001-04-16,45,0.049
2001-04-17,29,0.031
2001-04-18,41,0.044
2001-04-19,43,0.046
2001-04-20,38,0.041
2001-04-21,40,0.043
2001-04-22,40,0.043
2001-04-23,38,0.041
2001-04-24,33,0.036
2001-04-25,40,0.043
2001-04-26,44,0.048
2001-04-27,71,0.061
2001-04-28,42,0.045
2001-04-29,51,0.055
2001-04-30,58,0.057
2001-05-01,50,0.054
2001-05-02,49,0.053
2001-05-03,126,0.078
2001-05-04,147,0.084
2001-05-05,164,0.091
2001-05-06,147,0.084
2001-05-07,44,0.047
2001-05-08,54,0.056
2001-05-09,87,0.066
2001-05-10,84,0.065
2001-05-11,84,0.065
2001-05-12,46,0.05
2001-05-13,64,0.059
2001-05-14,87,0.066
2001-05-15,115,0.075
2001-05-16,108,0.073
2001-05-17,54,0.056
2001-05-18,49,0.053
2001-05-19,30,0.032
2001-05-20,43,0.046
2001-05-21,39,0.042
2001-05-22,40,0.043
2001-05-23,40,0.043
2001-05-24,40,0.043
2001-05-25,40,0.043
2001-05-26,61,0.058
2001-05-27,48,0.052
2001-05-28,48,0.052
2001-05-29,42,0.045
2001-05-30,42,0.045
2001-05-31,32,0.035
2001-06-01,29,0.031
2001-06-02,42,0.045
2001-06-03,42,0.045
2001-06-04,24,0.026
2001-06-05,36,0.039
2001-06-06,35,0.038
2001-06-07,32,0.035
2001-06-08,45,0.049
2001-06-09,47,0.051
2001-06-10,93,0.068
2001-06-11,119,0.076
2001-06-12,97,0.069
2001-06-13,50,0.054
2001-06-14,64,0.059
2001-06-15,36,0.039
2001-06-16,47,0.051
2001-06-17,58,0.057
2001-06-18,80,0.064
2001-06-19,126,0.078
2001-06-20,80,0.064
2001-06-21,84,0.065
2001-06-22,28,0.03
2001-06-23,41,0.044
2001-06-24,44,0.048
2001-06-25,49,0.053
2001-06-26,58,0.057
2001-06-27,108,0.073
2001-06-28,77,0.063
2001-06-29,51,0.055
2001-06-30,54,0.056
2001-07-01,58,0.057
2001-07-02,40,0.043
2001-07-03,49,0.053
2001-07-04,39,0.042
2001-07-05,44,0.048
2001-07-06,44,0.047
2001-07-07,58,0.057
2001-07-08,54,0.056
2001-07-09,54,0.056
2001-07-10,61,0.058
2001-07-11,42,0.045
2001-07-12,39,0.042
2001-07-13,41,0.044
2001-07-14,43,0.046
2001-07-15,46,0.05
2001-07-16,115,0.075
2001-07-17,77,0.063
2001-07-18,44,0.048
2001-07-19,50,0.054
2001-07-20,47,0.051
2001-07-21,49,0.053
2001-07-22,58,0.057
2001-07-23,61,0.058
2001-07-24,74,0.062
2001-07-25,71,0.061
2001-07-26,25,0.027
2001-07-27,32,0.035
2001-07-28,36,0.039
2001-07-29,35,0.038
2001-07-30,50,0.054
2001-07-31,48,0.052
2001-08-01,64,0.059
2001-08-02,93,0.068
2001-08-03,41,0.044
2001-08-04,39,0.042
2001-08-05,44,0.048
2001-08-06,50,0.054
2001-08-07,49,0.053
2001-08-08,41,0.044
2001-08-09,44,0.047
2001-08-10,49,0.053
2001-08-11,44,0.047
2001-08-12,50,0.054
2001-08-13,47,0.051
2001-08-14,45,0.049
2001-08-15,74,0.062
2001-08-16,61,0.058
2001-08-17,39,0.042
2001-08-18,48,0.052
2001-08-19,44,0.047
2001-08-20,24,0.026
2001-08-21,33,0.036
2001-08-22,54,0.056
2001-08-23,51,0.055
2001-08-24,29,0.031
2001-08-25,51,0.055
2001-08-26,51,0.055
2001-08-27,32,0.035
2001-08-28,46,0.05
2001-08-29,36,0.039
2001-08-30,44,0.048
2001-08-31,19,0.021
2001-09-01,31,0.033
2001-09-02,36,0.039
2001-09-03,22,0.024
2001-09-04,31,0.033
2001-09-05,30,0.032
2001-09-06,47,0.051
2001-09-07,54,0.056
2001-09-08,58,0.057
2001-09-09,51,0.055
2001-09-10,19,0.02
2001-09-11,37,0.04
2001-09-12,50,0.054
2001-09-13,90,0.067
2001-09-14,28,0.03
2001-09-15,44,0.047
2001-09-16,47,0.051
2001-09-17,71,0.061
2001-09-18,64,0.059
2001-09-19,32,0.035
2001-09-20,44,0.048
2001-09-21,71,0.061
2001-09-22,47,0.051
2001-09-23,87,0.066
2001-09-24,19,0.021
2001-09-25,21,0.023
2001-09-26,38,0.041
2001-09-27,36,0.039
2001-09-28,27,0.029
2001-09-29,37,0.04
2001-09-30,35,0.038
2001-10-01,36,0.039
2001-10-02,77,0.063
2001-10-03,80,0.064
2001-10-04,93,0.068
2001-10-05,44,0.047
2001-10-06,27,0.029
2001-10-07,32,0.035
2001-10-08,40,0.043
2001-10-09,41,0.044
2001-10-10,44,0.047
2001-10-11,32,0.035
2001-10-12,16,0.017
2001-10-13,33,0.036
2001-10-14,40,0.043
2001-10-15,31,0.034
2001-10-16,19,0.021
2001-10-17,23,0.025
2001-10-18,29,0.031
2001-10-19,44,0.048
2001-10-20,61,0.058
2001-10-21,64,0.059
2001-10-22,40,0.043
2001-10-23,31,0.034
2001-10-24,33,0.036
2001-10-25,33,0.036
2001-10-26,28,0.03
2001-10-27,22,0.024
2001-10-28,26,0.028
2001-10-29,32,0.035
2001-10-30,29,0.031
2001-10-31,44,0.048
2002-02-28,14,0.015
2002-03-01,36,0.039
2002-03-02,31,0.033
2002-03-03,30,0.032
2002-03-04,31,0.033
2002-03-05,36,0.039
2002-03-06,50,0.054
2002-03-07,48,0.052
2002-03-08,50,0.054
2002-03-09,31,0.034
2002-03-10,37,0.04
2002-03-11,31,0.033
2002-03-12,32,0.035
2002-03-13,27,0.029
2002-03-14,34,0.037
2002-03-15,28,0.03
2002-03-16,19,0.021
2002-03-17,8,0.009
2002-03-18,10,0.011
2002-03-19,19,0.021
2002-03-20,10,0.011
2002-03-21,27,0.029
2002-03-22,28,0.03
2002-03-23,39,0.042
2002-03-24,50,0.054
2002-03-25,22,0.024
2002-03-26,20,0.022
2002-03-27,27,0.029
2002-03-28,34,0.037
2002-03-29,43,0.046
2002-03-30,36,0.039
2002-03-31,29,0.031
2002-04-01,38,0.041
2002-04-02,46,0.05
2002-04-03,21,0.023
2002-04-04,31,0.033
2002-04-05,30,0.032
2002-04-06,39,0.042
2002-04-07,74,0.062
2002-04-08,50,0.054
2002-04-09,33,0.036
2002-04-10,33,0.036
2002-04-11,54,0.056
2002-04-12,43,0.046
2002-04-13,47,0.051
2002-04-14,36,0.039
2002-04-15,43,0.046
2002-04-16,43,0.046
2002-04-17,35,0.038
2002-04-18,46,0.05
2002-04-19,40,0.043
2002-04-20,37,0.04
2002-04-21,26,0.028
2002-04-22,37,0.04
2002-04-23,28,0.03
2002-04-24,47,0.051
2002-04-25,37,0.04
2002-04-26,39,0.042
2002-04-27,34,0.037
2002-04-28,44,0.047
2002-04-29,37,0.04
2002-04-30,44,0.048
2002-05-01,31,0.033
2002-05-02,20,0.022
2002-05-03,39,0.042
2002-05-04,40,0.043
2002-05-05,54,0.056
2002-05-06,27,0.029
2002-05-07,30,0.032
2002-05-08,35,0.038
2002-05-09,45,0.049
2002-05-10,35,0.038
2002-05-11,48,0.052
2002-05-12,44,0.047
2002-05-13,28,0.03
2002-05-14,38,0.041
2002-05-15,48,0.052
2002-05-16,58,0.057
2002-05-17,26,0.028
2002-05-18,32,0.035
2002-05-19,39,0.042
2002-05-20,33,0.036
2002-05-21,37,0.04
2002-05-22,43,0.046
2002-05-23,101,0.071
2002-05-24,101,0.071
2002-05-25,71,0.061
2002-05-26,37,0.04
2002-05-27,50,0.054
2002-05-28,67,0.06
2002-05-29,50,0.054
2002-05-30,44,0.048
2002-05-31,61,0.058
2002-06-01,112,0.074
2002-06-02,61,0.058
2002-06-03,80,0.064
2002-06-04,48,0.052
2002-06-05,58,0.057
2002-06-06,21,0.023
2002-06-07,34,0.037
2002-06-08,77,0.063
2002-06-09,58,0.057
2002-06-10,100,0.07
2002-06-11,97,0.069
2002-06-12,41,0.044
2002-06-13,43,0.046
2002-06-14,44,0.047
2002-06-15,43,0.046
2002-06-16,45,0.049
2002-06-17,44,0.048
2002-06-18,58,0.057
2002-06-19,108,0.073
2002-06-20,115,0.075
2002-06-21,133,0.08
2002-06-22,100,0.07
2002-06-23,61,0.058
2002-06-24,38,0.041
2002-06-25,42,0.045
2002-06-26,36,0.039
2002-06-27,42,0.045
2002-06-28,43,0.046
2002-06-29,58,0.057
2002-06-30,61,0.058
2002-07-01,74,0.062
2002-07-02,67,0.06
2002-07-03,87,0.066
2002-07-04,90,0.067
2002-07-05,112,0.074
2002-07-06,54,0.056
2002-07-07,97,0.069
2002-07-08,97,0.069
2002-07-09,101,0.071
2002-07-10,46,0.05
2002-07-11,74,0.062
2002-07-12,49,0.053
2002-07-13,30,0.032
2002-07-14,44,0.047
2002-07-15,80,0.064
2002-07-16,154,0.087
2002-07-17,43,0.046
2002-07-18,48,0.052
2002-07-19,58,0.057
2002-07-20,77,0.063
2002-07-21,84,0.065
2002-07-22,74,0.062
2002-07-23,41,0.044
2002-07-24,49,0.053
2002-07-25,74,0.062
2002-07-26,51,0.055
2002-07-27,49,0.053
2002-07-28,42,0.045
2002-07-29,36,0.039
2002-07-30,48,0.052
2002-07-31,87,0.066
2002-08-01,122,0.077
2002-08-02,122,0.077
2002-08-03,140,0.082
2002-08-04,74,0.062
2002-08-05,112,0.074
2002-08-06,42,0.045
2002-08-07,43,0.046
2002-08-08,64,0.059
2002-08-09,87,0.066
2002-08-10,129,0.079
2002-08-11,51,0.055
2002-08-12,93,0.068
2002-08-13,77,0.063
2002-08-14,46,0.05
2002-08-15,34,0.037
2002-08-16,28,0.03
2002-08-17,30,0.032
2002-08-18,27,0.029
2002-08-19,39,0.042
2002-08-20,45,0.049
2002-08-21,87,0.066
2002-08-22,119,0.076
2002-08-23,58,0.057
2002-08-24,45,0.049
2002-08-25,40,0.043
2002-08-26,48,0.052
2002-08-27,39,0.042
2002-08-28,54,0.056
2002-08-29,43,0.046
2002-08-30,51,0.055
2002-08-31,45,0.049
2002-09-01,44,0.048
2002-09-02,64,0.059
2002-09-03,71,0.061
2002-09-04,87,0.066
2002-09-05,84,0.065
2002-09-06,129,0.079
2002-09-07,133,0.08
2002-09-08,129,0.079
2002-09-09,119,0.076
2002-09-10,140,0.082
2002-09-11,38,0.041
2002-09-12,45,0.049
2002-09-13,108,0.073
2002-09-14,20,0.022
2002-09-15,20,0.022
2002-09-16,42,0.045
2002-09-17,45,0.049
2002-09-18,32,0.035
2002-09-19,42,0.045
2002-09-20,41,0.044
2002-09-21,40,0.043
2002-09-22,37,0.04
2002-09-23,28,0.03
2002-09-24,31,0.034
2002-09-25,26,0.028
2002-09-26,17,0.018
2002-09-27,8,0.009
2002-09-28,35,0.038
2002-09-29,37,0.04
2002-09-30,39,0.042
2002-10-01,32,0.035
2002-10-02,35,0.038
2002-10-03,37,0.04
2002-10-04,30,0.032
2002-10-05,19,0.021
2002-10-06,42,0.045
2002-10-07,21,0.023
2002-10-08,22,0.024
2002-10-09,16,0.017
2002-10-10,14,0.015
2002-10-11,6,0.006
2002-10-12,19,0.021
2002-10-13,21,0.023
2002-10-14,22,0.024
2002-10-15,7,0.008
2002-10-16,9,0.01
2002-10-17,19,0.021
2002-10-18,36,0.039
2002-10-19,32,0.035
2002-10-20,13,0.014
2002-10-21,19,0.021
2002-10-22,14,0.015
2002-10-23,17,0.018
2002-10-24,8,0.009
2002-10-25,14,0.015
2002-10-26,19,0.02
2002-10-27,15,0.016
2002-10-28,10,0.011
2002-10-29,5,0.005
2002-10-30,6,0.006
2002-10-31,6,0.006
2003-02-28,2,0.002
2003-03-01,11,0.012
2003-03-02,20,0.022
2003-03-03,19,0.021
2003-03-04,31,0.033
2003-03-05,25,0.027
2003-03-06,19,0.02
2003-03-07,20,0.022
2003-03-08,44,0.048
2003-03-09,23,0.025
2003-03-10,30,0.032
2003-03-11,31,0.034
2003-03-12,13,0.014
2003-03-13,23,0.025
2003-03-14,25,0.027
2003-03-15,34,0.037
2003-03-16,48,0.052
2003-03-17,37,0.04
2003-03-18,31,0.033
2003-03-19,25,0.027
2003-03-20,30,0.032
2003-03-21,19,0.02
2003-03-22,44,0.048
2003-03-23,48,0.052
2003-03-24,58,0.057
2003-03-25,74,0.062
2003-03-26,33,0.036
2003-03-27,44,0.047
2003-03-28,48,0.052
2003-03-29,29,0.031
2003-03-30,36,0.039
2003-03-31,41,0.044
2003-04-01,74,0.062
2003-04-02,64,0.059
2003-04-03,44,0.048
2003-04-04,38,0.041
2003-04-05,22,0.024
2003-04-06,27,0.029
2003-04-07,28,0.03
2003-04-08,18,0.019
2003-04-09,20,0.022
2003-04-10,32,0.035
2003-04-11,31,0.033
2003-04-12,49,0.053
2003-04-13,39,0.042
2003-04-14,71,0.061
2003-04-15,87,0.066
2003-04-16,101,0.071
2003-04-17,33,0.036
2003-04-18,25,0.027
2003-04-19,50,0.054
2003-04-20,42,0.045
2003-04-21,38,0.041
2003-04-22,18,0.019
2003-04-23,34,0.037
2003-04-24,36,0.039
2003-04-25,32,0.035
2003-04-26,54,0.056
2003-04-27,44,0.047
2003-04-28,84,0.065
2003-04-29,46,0.05
2003-04-30,46,0.05
2003-05-01,54,0.056
2003-05-02,32,0.035
2003-05-03,28,0.03
2003-05-04,32,0.035
2003-05-05,27,0.029
2003-05-06,31,0.033
2003-05-07,33,0.036
2003-05-08,44,0.048
2003-05-09,27,0.029
2003-05-10,31,0.034
2003-05-11,44,0.047
2003-05-12,40,0.043
2003-05-13,46,0.05
2003-05-14,50,0.054
2003-05-15,31,0.033
2003-05-16,45,0.049
2003-05-17,24,0.026
2003-05-18,23,0.025
2003-05-19,34,0.037
2003-05-20,25,0.027
2003-05-21,18,0.019
2003-05-22,30,0.032
2003-05-23,50,0.054
2003-05-24,71,0.061
2003-05-25,38,0.041
2003-05-26,43,0.046
2003-05-27,37,0.04
2003-05-28,67,0.06
2003-05-29,35,0.038
2003-05-30,48,0.052
2003-05-31,38,0.041
2003-06-01,33,0.036
2003-06-02,42,0.045
2003-06-03,31,0.033
2003-06-04,35,0.038
2003-06-05,54,0.056
2003-06-06,51,0.055
2003-06-07,33,0.036
2003-06-08,47,0.051
2003-06-09,54,0.056
2003-06-10,50,0.054
2003-06-11,27,0.029
2003-06-12,34,0.037
2003-06-13,32,0.035
2003-06-14,32,0.035
2003-06-15,40,0.043
2003-06-16,29,0.031
2003-06-17,41,0.044
2003-06-18,80,0.064
2003-06-19,44,0.047
2003-06-20,33,0.036
2003-06-21,45,0.049
2003-06-22,51,0.055
2003-06-23,100,0.07
2003-06-24,122,0.077
2003-06-25,97,0.069
2003-06-26,61,0.058
2003-06-27,44,0.048
2003-06-28,84,0.065
2003-06-29,71,0.061
2003-06-30,61,0.058
2003-07-01,23,0.025
2003-07-02,33,0.036
2003-07-03,67,0.06
2003-07-04,54,0.056
2003-07-05,54,0.056
2003-07-06,23,0.025
2003-07-08,40,0.043
2003-07-09,35,0.038
2003-07-10,29,0.031
2003-07-11,48,0.052
2003-07-12,50,0.054
2003-07-13,54,0.056
2003-07-14,61,0.058
2003-07-15,43,0.046
2003-07-16,58,0.057
2003-07-17,90,0.067
2003-07-18,80,0.064
2003-07-19,47,0.051
2003-07-20,74,0.062
2003-07-21,36,0.039
2003-07-22,35,0.038
2003-07-23,28,0.03
2003-07-24,47,0.051
2003-07-25,64,0.059
2003-07-26,87,0.066
2003-07-27,71,0.061
2003-07-28,39,0.042
2003-07-29,43,0.046
2003-07-30,87,0.066
2003-07-31,44,0.047
2003-08-01,64,0.059
2003-08-02,54,0.056
2003-08-03,49,0.053
2003-08-04,41,0.044
2003-08-05,45,0.049
2003-08-06,61,0.058
2003-08-07,46,0.05
2003-08-08,45,0.049
2003-08-09,54,0.056
2003-08-10,44,0.048
2003-08-11,38,0.041
2003-08-12,50,0.054
2003-08-13,44,0.047
2003-08-14,49,0.053
2003-08-15,42,0.045
2003-08-16,48,0.052
2003-08-17,44,0.048
2003-08-18,44,0.047
2003-08-19,51,0.055
2003-08-20,77,0.063
2003-08-21,61,0.058
2003-08-22,35,0.038
2003-08-23,41,0.044
2003-08-24,47,0.051
2003-08-25,71,0.061
2003-08-26,105,0.072
2003-08-27,77,0.063
2003-08-28,61,0.058
2003-08-29,40,0.043
2003-08-30,31,0.033
2003-08-31,26,0.028
2003-09-01,29,0.031
2003-09-02,20,0.022
2003-09-03,21,0.023
2003-09-04,37,0.04
2003-09-05,34,0.037
2003-09-06,37,0.04
2003-09-07,41,0.044
2003-09-08,48,0.052
2003-09-09,40,0.043
2003-09-10,51,0.055
2003-09-11,47,0.051
2003-09-12,54,0.056
2003-09-13,87,0.066
2003-09-14,36,0.039
2003-09-15,34,0.037
2003-09-16,44,0.048
2003-09-17,44,0.047
2003-09-18,45,0.049
2003-09-19,46,0.05
2003-09-20,39,0.042
2003-09-21,45,0.049
2003-09-22,32,0.035
2003-09-23,32,0.035
2003-09-24,42,0.045
2003-09-25,18,0.019
2003-09-26,48,0.052
2003-09-27,25,0.027
2003-09-28,24,0.026
2003-09-29,24,0.026
2003-09-30,29,0.031
2003-10-01,25,0.027
2003-10-02,21,0.023
2003-10-03,38,0.041
2003-10-04,33,0.036
2003-10-05,35,0.038
2003-10-06,31,0.033
2003-10-07,40,0.043
2003-10-08,36,0.039
2003-10-09,31,0.034
2003-10-10,20,0.022
2003-10-11,36,0.039
2003-10-12,26,0.028
2003-10-13,33,0.036
2003-10-14,27,0.029
2003-10-15,27,0.029
2003-10-16,39,0.042
2003-10-17,16,0.017
2003-10-18,30,0.032
2003-10-19,33,0.036
2003-10-20,45,0.049
2003-10-21,32,0.035
2003-10-22,23,0.025
2003-10-23,17,0.018
2003-10-24,31,0.033
2003-10-25,58,0.057
2003-10-26,19,0.021
2003-10-27,19,0.02
2003-10-28,19,0.021
2003-10-29,24,0.026
2003-10-30,43,0.046
2003-10-31,42,0.045
2004-02-29,39,0.042
2004-03-01,33,0.036
2004-03-02,31,0.033
2004-03-03,10,0.011
2004-03-04,36,0.039
2004-03-05,37,0.04
2004-03-06,31,0.033
2004-03-07,37,0.04
2004-03-08,31,0.034
2004-03-09,27,0.029
2004-03-10,31,0.033
2004-03-11,35,0.038
2004-03-12,21,0.023
2004-03-13,29,0.031
2004-03-14,34,0.037
2004-03-15,35,0.038
2004-03-16,26,0.028
2004-03-17,23,0.025
2004-03-18,37,0.04
2004-03-19,28,0.03
2004-03-20,38,0.041
2004-03-21,27,0.029
2004-03-22,26,0.028
2004-03-23,39,0.042
2004-03-24,50,0.054
2004-03-25,48,0.052
2004-03-26,42,0.045
2004-03-27,39,0.042
2004-03-28,49,0.053
2004-03-29,21,0.023
2004-03-30,39,0.042
2004-03-31,21,0.023
2004-04-01,30,0.032
2004-04-02,20,0.022
2004-04-03,43,0.046
2004-04-04,35,0.038
2004-04-05,30,0.032
2004-04-06,45,0.049
2004-04-07,67,0.06
2004-04-08,54,0.056
2004-04-09,37,0.04
2004-04-10,42,0.045
2004-04-11,43,0.046
2004-04-12,19,0.02
2004-04-13,19,0.02
2004-04-14,33,0.036
2004-04-15,44,0.047
2004-04-16,51,0.055
2004-04-17,64,0.059
2004-04-18,58,0.057
2004-04-19,45,0.049
2004-04-20,41,0.044
2004-04-21,30,0.032
2004-04-22,24,0.026
2004-04-23,19,0.021
2004-04-24,35,0.038
2004-04-25,39,0.042
2004-04-26,43,0.046
2004-04-27,37,0.04
2004-04-28,44,0.047
2004-04-29,77,0.063
2004-04-30,32,0.035
2004-05-01,37,0.04
2004-05-02,28,0.03
2004-05-03,22,0.024
2004-05-04,41,0.044
2004-05-05,58,0.057
2004-05-06,61,0.058
2004-05-07,93,0.068
2004-05-08,87,0.066
2004-05-09,64,0.059
2004-05-10,67,0.06
2004-05-11,51,0.055
2004-05-12,48,0.052
2004-05-13,32,0.035
2004-05-14,39,0.042
2004-05-15,12,0.013
2004-05-16,31,0.033
2004-05-17,32,0.035
2004-05-18,29,0.031
2004-05-19,26,0.028
2004-05-20,35,0.038
2004-05-21,36,0.039
2004-05-22,44,0.047
2004-05-23,46,0.05
2004-05-24,37,0.04
2004-05-25,40,0.043
2004-05-26,22,0.024
2004-05-27,40,0.043
2004-05-28,40,0.043
2004-05-29,44,0.047
2004-05-30,39,0.042
2004-05-31,44,0.047
2004-06-01,44,0.047
2004-06-02,50,0.054
2004-06-03,40,0.043
2004-06-04,32,0.035
2004-06-05,61,0.058
2004-06-06,80,0.064
2004-06-07,64,0.059
2004-06-08,61,0.058
2004-06-09,42,0.045
2004-06-10,41,0.044
2004-06-11,38,0.041
2004-06-12,34,0.037
2004-06-13,,0.014
2004-06-14,38,0.041
2004-06-15,25,0.027
2004-06-16,31,0.033
2004-06-17,27,0.029
2004-06-18,47,0.051
2004-06-22,37,0.04
2004-06-23,44,0.047
2004-06-24,58,0.057
2004-06-25,26,0.028
2004-06-26,41,0.044
2004-06-27,41,0.044
2004-06-28,71,0.061
2004-06-29,61,0.058
2004-06-30,58,0.057
2004-07-01,44,0.047
2004-07-02,34,0.037
2004-07-03,34,0.037
2004-07-04,39,0.042
2004-07-05,41,0.044
2004-07-06,38,0.041
2004-07-07,41,0.044
2004-07-08,50,0.054
2004-07-09,45,0.049
2004-07-10,44,0.047
2004-07-11,36,0.039
2004-07-12,46,0.05
2004-07-13,61,0.058
2004-07-14,40,0.043
2004-07-15,39,0.042
2004-07-16,49,0.053
2004-07-17,43,0.046
2004-07-18,37,0.04
2004-07-19,44,0.048
2004-07-20,49,0.053
2004-07-21,51,0.055
2004-07-22,43,0.046
2004-07-23,31,0.034
2004-07-24,38,0.041
2004-07-25,40,0.043
2004-07-26,20,0.022
2004-07-27,31,0.033
2004-07-28,40,0.043
2004-07-29,46,0.05
2004-07-30,31,0.033
2004-07-31,31,0.034
2004-08-01,38,0.041
2004-08-02,47,0.051
2004-08-03,67,0.06
2004-08-04,44,0.048
2004-08-05,28,0.03
2004-08-06,29,0.031
2004-08-07,40,0.043
2004-08-08,46,0.05
2004-08-09,46,0.05
2004-08-10,39,0.042
2004-08-11,33,0.036
2004-08-12,25,0.027
2004-08-13,24,0.026
2004-08-14,32,0.035
2004-08-15,40,0.043
2004-08-16,44,0.047
2004-08-17,58,0.057
2004-08-18,67,0.06
2004-08-19,74,0.062
2004-08-20,32,0.035
2004-08-21,32,0.035
2004-08-22,39,0.042
2004-08-23,40,0.043
2004-08-24,27,0.029
2004-08-25,24,0.026
2004-08-26,31,0.033
2004-08-27,33,0.036
2004-08-28,36,0.039
2004-08-29,31,0.034
2004-08-30,12,0.013
2004-08-31,37,0.04
2004-09-01,41,0.044
2004-09-02,34,0.037
2004-09-03,32,0.035
2004-09-04,39,0.042
2004-09-05,39,0.042
2004-09-06,39,0.042
2004-09-07,15,0.016
2004-09-08,12,0.013
2004-09-09,18,0.019
2004-09-10,32,0.035
2004-09-11,40,0.043
2004-09-12,41,0.044
2004-09-13,35,0.038
2004-09-14,42,0.045
2004-09-15,34,0.037
2004-09-16,18,0.019
2004-09-17,14,0.015
2004-09-18,29,0.031
2004-09-19,31,0.034
2004-09-20,31,0.034
2004-09-21,43,0.046
2004-09-22,46,0.05
2004-09-23,47,0.051
2004-09-24,45,0.049
2004-09-25,32,0.035
2004-09-26,39,0.042
2004-09-27,35,0.038
2004-09-28,43,0.046
2004-09-29,17,0.018
2004-09-30,24,0.026
2004-10-01,42,0.045
2004-10-02,32,0.035
2004-10-03,29,0.031
2004-10-04,31,0.033
2004-10-05,27,0.029
2004-10-06,29,0.031
2004-10-07,46,0.05
2004-10-08,36,0.039
2004-10-09,38,0.041
2004-10-10,26,0.028
2004-10-11,22,0.024
2004-10-12,11,0.012
2004-10-13,9,0.01
2004-10-14,20,0.022
2004-10-15,21,0.023
2004-10-16,25,0.027
2004-10-17,29,0.031
2004-10-18,19,0.021
2004-10-19,15,0.016
2004-10-20,12,0.013
2004-10-21,6,0.006
2004-10-22,14,0.015
2004-10-23,26,0.028
2004-10-24,25,0.027
2004-10-25,28,0.03
2004-10-26,31,0.034
2004-10-27,7,0.008
2004-10-28,11,0.012
2004-10-29,27,0.029
2004-10-30,37,0.04
2004-10-31,29,0.031
2005-02-28,29,0.031
2005-03-01,26,0.028
2005-03-02,30,0.032
2005-03-03,28,0.03
2005-03-04,33,0.036
2005-03-05,15,0.016
2005-03-06,38,0.041
2005-03-07,31,0.033
2005-03-08,28,0.03
2005-03-09,26,0.028
2005-03-10,30,0.032
2005-03-11,24,0.026
2005-03-12,32,0.035
2005-03-13,31,0.034
2005-03-14,32,0.035
2005-03-15,28,0.03
2005-03-16,33,0.036
2005-03-17,35,0.038
2005-03-18,43,0.046
2005-03-19,30,0.032
2005-03-20,31,0.034
2005-03-21,38,0.041
2005-03-22,22,0.024
2005-03-23,15,0.016
2005-03-24,21,0.023
2005-03-25,20,0.022
2005-03-26,25,0.027
2005-03-27,13,0.014
2005-03-28,12,0.013
2005-03-29,38,0.041
2005-03-30,58,0.057
2005-03-31,41,0.044
2005-04-01,29,0.031
2005-04-02,33,0.036
2005-04-03,45,0.049
2005-04-04,54,0.056
2005-04-05,67,0.06
2005-04-06,74,0.062
2005-04-07,31,0.033
2005-04-08,43,0.046
2005-04-09,45,0.049
2005-04-10,61,0.058
2005-04-11,49,0.053
2005-04-12,37,0.04
2005-04-13,22,0.024
2005-04-14,33,0.036
2005-04-15,46,0.05
2005-04-16,49,0.053
2005-04-17,97,0.069
2005-04-18,80,0.064
2005-04-19,93,0.068
2005-04-20,77,0.063
2005-04-21,33,0.036
2005-04-22,44,0.047
2005-04-23,28,0.03
2005-04-24,35,0.038
2005-04-25,44,0.048
2005-04-26,36,0.039
2005-04-27,31,0.033
2005-04-28,34,0.037
2005-04-29,21,0.023
2005-04-30,26,0.028
2005-05-01,43,0.046
2005-05-02,27,0.029
2005-05-03,35,0.038
2005-05-04,44,0.048
2005-05-05,49,0.053
2005-05-06,80,0.064
2005-05-07,90,0.067
2005-05-08,80,0.064
2005-05-09,84,0.065
2005-05-10,46,0.05
2005-05-11,61,0.058
2005-05-12,31,0.034
2005-05-13,97,0.069
2005-05-14,40,0.043
2005-05-15,33,0.036
2005-05-16,30,0.032
2005-05-17,42,0.045
2005-05-18,54,0.056
2005-05-19,46,0.05
2005-05-20,42,0.045
2005-05-21,45,0.049
2005-05-22,50,0.054
2005-05-23,47,0.051
2005-05-24,29,0.031
2005-05-25,31,0.033
2005-05-26,54,0.056
2005-05-27,49,0.053
2005-05-28,48,0.052
2005-05-29,45,0.049
2005-05-30,45,0.049
2005-05-31,47,0.051
2005-06-01,44,0.048
2005-06-02,22,0.024
2005-06-03,31,0.033
2005-06-04,48,0.052
2005-06-05,45,0.049
2005-06-06,51,0.055
2005-06-07,61,0.058
2005-06-08,42,0.045
2005-06-09,50,0.054
2005-06-10,42,0.045
2005-06-11,21,0.023
2005-06-12,22,0.024
2005-06-13,37,0.04
2005-06-14,40,0.043
2005-06-15,46,0.05
2005-06-16,40,0.043
2005-06-17,61,0.058
2005-06-18,44,0.048
2005-06-19,43,0.046
2005-06-20,49,0.053
2005-06-21,133,0.08
2005-06-22,50,0.054
2005-06-23,101,0.071
2005-06-24,122,0.077
2005-06-25,119,0.076
2005-06-26,100,0.07
2005-06-27,38,0.041
2005-06-28,54,0.056
2005-06-29,45,0.049
2005-06-30,100,0.07
2005-07-01,87,0.066
2005-07-02,58,0.057
2005-07-03,58,0.057
2005-07-04,61,0.058
2005-07-05,49,0.053
2005-07-06,80,0.064
2005-07-07,45,0.049
2005-07-08,87,0.066
2005-07-09,119,0.076
2005-07-10,105,0.072
2005-07-11,21,0.023
2005-07-12,30,0.032
2005-07-13,30,0.032
2005-07-14,29,0.031
2005-07-15,41,0.044
2005-07-16,31,0.034
2005-07-17,31,0.034
2005-07-18,27,0.029
2005-07-19,41,0.044
2005-07-20,42,0.045
2005-07-21,77,0.063
2005-07-22,77,0.063
2005-07-23,71,0.061
2005-07-24,87,0.066
2005-07-25,80,0.064
2005-07-26,51,0.055
2005-07-27,37,0.04
2005-07-28,50,0.054
2005-07-29,93,0.068
2005-07-30,100,0.07
2005-07-31,97,0.069
2005-08-01,49,0.053
2005-08-02,77,0.063
2005-08-03,108,0.073
2005-08-04,115,0.075
2005-08-05,71,0.061
2005-08-06,54,0.056
2005-08-07,54,0.056
2005-08-08,29,0.031
2005-08-09,50,0.054
2005-08-10,93,0.068
2005-08-11,112,0.074
2005-08-12,80,0.064
2005-08-13,49,0.053
2005-08-14,61,0.058
2005-08-15,51,0.055
2005-08-16,29,0.031
2005-08-17,37,0.04
2005-08-18,32,0.035
2005-08-19,44,0.048
2005-08-20,54,0.056
2005-08-21,49,0.053
2005-08-22,48,0.052
2005-08-23,54,0.056
2005-08-24,54,0.056
2005-08-25,129,0.079
2005-08-26,41,0.044
2005-08-27,50,0.054
2005-08-28,43,0.046
2005-08-29,23,0.025
2005-08-30,26,0.028
2005-08-31,44,0.047
2005-09-01,67,0.06
2005-09-02,43,0.046
2005-09-03,50,0.054
2005-09-04,48,0.052
2005-09-05,44,0.048
2005-09-06,61,0.058
2005-09-07,50,0.054
2005-09-08,97,0.069
2005-09-09,105,0.072
2005-09-10,90,0.067
2005-09-11,64,0.059
2005-09-12,87,0.066
2005-09-13,80,0.064
2005-09-14,58,0.057
2005-09-15,50,0.054
2005-09-16,32,0.035
2005-09-17,32,0.035
2005-09-18,48,0.052
2005-09-19,43,0.046
2005-09-20,39,0.042
2005-09-21,50,0.054
2005-09-22,64,0.059
2005-09-23,47,0.051
2005-09-24,47,0.051
2005-09-25,44,0.047
2005-09-26,18,0.019
2005-09-27,30,0.032
2005-09-28,43,0.046
2005-09-29,24,0.026
2005-09-30,33,0.036
2005-10-01,51,0.055
2005-10-02,48,0.052
2005-10-03,43,0.046
2005-10-04,71,0.061
2005-10-05,49,0.053
2005-10-06,22,0.024
2005-10-07,9,0.01
2005-10-08,11,0.012
2005-10-09,13,0.014
2005-10-10,7,0.008
2005-10-11,13,0.014
2005-10-12,24,0.026
2005-10-13,25,0.027
2005-10-14,35,0.038
2005-10-15,35,0.038
2005-10-16,28,0.03
2005-10-17,39,0.042
2005-10-18,35,0.038
2005-10-19,93,0.068
2005-10-20,41,0.044
2005-10-21,13,0.014
2005-10-22,27,0.029
2005-10-23,14,0.015
2005-10-24,10,0.011
2005-10-25,9,0.01
2005-10-26,19,0.02
2005-10-27,15,0.016
2005-10-28,22,0.024
2005-10-29,20,0.022
2005-10-30,37,0.04
2005-10-31,45,0.049
2006-02-28,40,0.043
2006-03-01,41,0.044
2006-03-02,31,0.033
2006-03-03,31,0.033
2006-03-04,31,0.033
2006-03-05,32,0.035
2006-03-06,12,0.013
2006-03-07,28,0.03
2006-03-08,50,0.054
2006-03-09,45,0.049
2006-03-10,29,0.031
2006-03-11,25,0.027
2006-03-12,26,0.028
2006-03-13,35,0.038
2006-03-14,36,0.039
2006-03-15,38,0.041
2006-03-16,44,0.047
2006-03-17,30,0.032
2006-03-18,35,0.038
2006-03-19,33,0.036
2006-03-20,25,0.027
2006-03-21,19,0.021
2006-03-22,31,0.033
2006-03-23,26,0.028
2006-03-24,31,0.033
2006-03-25,31,0.034
2006-03-26,31,0.034
2006-03-27,40,0.043
2006-03-28,31,0.033
2006-03-29,32,0.035
2006-03-30,84,0.065
2006-03-31,34,0.037
2006-04-01,38,0.041
2006-04-02,41,0.044
2006-04-03,29,0.031
2006-04-04,45,0.049
2006-04-05,44,0.048
2006-04-06,38,0.041
2006-04-07,42,0.045
2006-04-08,37,0.04
2006-04-09,35,0.038
2006-04-10,44,0.048
2006-04-11,87,0.066
2006-04-12,71,0.061
2006-04-13,64,0.059
2006-04-14,77,0.063
2006-04-15,80,0.064
2006-04-16,44,0.048
2006-04-17,32,0.035
2006-04-18,47,0.051
2006-04-19,49,0.053
2006-04-20,35,0.038
2006-04-21,27,0.029
2006-04-22,64,0.059
2006-04-23,58,0.057
2006-04-24,54,0.056
2006-04-25,36,0.039
2006-04-26,29,0.031
2006-04-27,46,0.05
2006-04-28,58,0.057
2006-04-29,47,0.051
2006-04-30,43,0.046
2006-05-01,39,0.042
2006-05-02,49,0.053
2006-05-03,50,0.054
2006-05-04,58,0.057
2006-05-05,45,0.049
2006-05-06,42,0.045
2006-05-07,31,0.033
2006-05-08,36,0.039
2006-05-09,44,0.048
2006-05-10,43,0.046
2006-05-11,39,0.042
2006-05-12,31,0.034
2006-05-13,47,0.051
2006-05-14,21,0.023
2006-05-15,25,0.027
2006-05-16,40,0.043
2006-05-17,43,0.046
2006-05-18,39,0.042
2006-05-19,49,0.053
2006-05-20,41,0.044
2006-05-21,51,0.055
2006-05-22,35,0.038
2006-05-23,50,0.054
2006-05-24,93,0.068
2006-05-25,49,0.053
2006-05-26,64,0.059
2006-05-27,58,0.057
2006-05-28,64,0.059
2006-05-29,67,0.06
2006-05-30,58,0.057
2006-05-31,54,0.056
2006-06-01,41,0.044
2006-06-02,31,0.033
2006-06-03,49,0.053
2006-06-04,44,0.047
2006-06-05,40,0.043
2006-06-06,58,0.057
2006-06-07,47,0.051
2006-06-08,46,0.05
2006-06-09,71,0.061
2006-06-10,35,0.038
2006-06-11,24,0.026
2006-06-12,49,0.053
2006-06-13,43,0.046
2006-06-14,54,0.056
2006-06-15,58,0.057
2006-06-16,64,0.059
2006-06-17,90,0.067
2006-06-18,49,0.053
2006-06-19,51,0.055
2006-06-20,64,0.059
2006-06-21,71,0.061
2006-06-22,61,0.058
2006-06-23,47,0.051
2006-06-24,36,0.039
2006-06-25,51,0.055
2006-06-26,38,0.041
2006-06-27,71,0.061
2006-06-28,71,0.061
2006-06-29,42,0.045
2006-06-30,71,0.061
2006-07-01,112,0.074
2006-07-02,100,0.07
2006-07-03,90,0.067
2006-07-04,48,0.052
2006-07-05,38,0.041
2006-07-06,39,0.042
2006-07-07,44,0.048
2006-07-08,54,0.056
2006-07-09,67,0.06
2006-07-10,77,0.063
2006-07-11,37,0.04
2006-07-12,41,0.044
2006-07-13,44,0.047
2006-07-14,42,0.045
2006-07-15,58,0.057
2006-07-16,77,0.063
2006-07-17,51,0.055
2006-07-18,101,0.071
2006-07-19,71,0.061
2006-07-20,87,0.066
2006-07-21,61,0.058
2006-07-22,38,0.041
2006-07-23,42,0.045
2006-07-24,64,0.059
2006-07-25,48,0.052
2006-07-26,61,0.058
2006-07-27,32,0.035
2006-07-28,31,0.033
2006-07-29,35,0.038
2006-07-30,44,0.048
2006-07-31,54,0.056
2006-08-01,49,0.053
2006-08-02,49,0.053
2006-08-03,44,0.047
2006-08-04,40,0.043
2006-08-05,58,0.057
2006-08-06,64,0.059
2006-08-07,93,0.068
2006-08-08,44,0.048
2006-08-09,44,0.047
2006-08-10,49,0.053
2006-08-11,30,0.032
2006-08-12,49,0.053
2006-08-13,42,0.045
2006-08-14,43,0.046
2006-08-15,43,0.046
2006-08-16,64,0.059
2006-08-17,87,0.066
2006-08-18,50,0.054
2006-08-19,43,0.046
2006-08-20,43,0.046
2006-08-21,42,0.045
2006-08-22,58,0.057
2006-08-23,67,0.06
2006-08-24,84,0.065
2006-08-25,87,0.066
2006-08-26,64,0.059
2006-08-27,45,0.049
2006-08-28,23,0.025
2006-08-29,42,0.045
2006-08-30,25,0.027
2006-08-31,27,0.029
2006-09-01,20,0.022
2006-09-02,22,0.024
2006-09-03,29,0.031
2006-09-04,26,0.028
2006-09-05,38,0.041
2006-09-06,44,0.048
2006-09-07,44,0.048
2006-09-08,61,0.058
2006-09-09,58,0.057
2006-09-10,47,0.051
2006-09-11,39,0.042
2006-09-12,33,0.036
2006-09-13,31,0.034
2006-09-14,21,0.023
2006-09-15,39,0.042
2006-09-16,42,0.045
2006-09-17,90,0.067
2006-09-18,30,0.032
2006-09-19,17,0.018
2006-09-20,23,0.025
2006-09-21,27,0.029
2006-09-22,28,0.03
2006-09-23,23,0.025
2006-09-24,36,0.039
2006-09-25,33,0.036
2006-09-26,38,0.041
2006-09-27,44,0.047
2006-09-28,16,0.017
2006-09-29,27,0.029
2006-09-30,29,0.031
2006-10-01,33,0.036
2006-10-02,32,0.035
2006-10-03,49,0.053
2006-10-04,54,0.056
2006-10-05,25,0.027
2006-10-06,27,0.029
2006-10-07,30,0.032
2006-10-08,26,0.028
2006-10-09,31,0.034
2006-10-10,31,0.033
2006-10-11,31,0.033
2006-10-12,19,0.02
2006-10-13,28,0.03
2006-10-14,27,0.029
2006-10-15,28,0.03
2006-10-16,34,0.037
2006-10-17,26,0.028
2006-10-18,20,0.022
2006-10-19,8,0.009
2006-10-20,10,0.011
2006-10-21,22,0.024
2006-10-22,25,0.027
2006-10-23,23,0.025
2006-10-24,15,0.016
2006-10-25,14,0.015
2006-10-26,20,0.022
2006-10-27,20,0.022
2006-10-28,27,0.029
2006-10-29,27,0.029
2006-10-30,36,0.039
2006-10-31,26,0.028
2007-02-28,27,0.029
2007-03-01,44,0.047
2007-03-02,41,0.044
2007-03-03,30,0.032
2007-03-04,32,0.035
2007-03-05,31,0.034
2007-03-06,17,0.018
2007-03-07,31,0.034
2007-03-08,22,0.024
2007-03-09,97,0.069
2007-03-10,35,0.038
2007-03-11,36,0.039
2007-03-12,42,0.045
2007-03-13,54,0.056
2007-03-14,33,0.036
2007-03-15,22,0.024
2007-03-16,19,0.021
2007-03-17,31,0.034
2007-03-18,31,0.034
2007-03-19,40,0.043
2007-03-20,26,0.028
2007-03-21,51,0.055
2007-03-22,41,0.044
2007-03-23,42,0.045
2007-03-24,47,0.051
2007-03-25,64,0.059
2007-03-26,44,0.047
2007-03-27,48,0.052
2007-03-28,32,0.035
2007-03-29,24,0.026
2007-03-30,41,0.044
2007-03-31,44,0.048
2007-04-01,46,0.05
2007-04-02,51,0.055
2007-04-03,36,0.039
2007-04-04,24,0.026
2007-04-05,30,0.032
2007-04-06,32,0.035
2007-04-07,31,0.034
2007-04-08,33,0.036
2007-04-09,38,0.041
2007-04-10,43,0.046
2007-04-11,41,0.044
2007-04-12,34,0.037
2007-04-13,40,0.043
2007-04-14,26,0.028
2007-04-15,39,0.042
2007-04-16,43,0.046
2007-04-17,42,0.045
2007-04-18,45,0.049
2007-04-19,11,0.012
2007-04-20,43,0.046
2007-04-21,67,0.06
2007-04-22,97,0.069
2007-04-23,47,0.051
2007-04-24,47,0.051
2007-04-25,44,0.047
2007-04-26,41,0.044
2007-04-27,31,0.033
2007-04-28,61,0.058
2007-04-29,54,0.056
2007-04-30,67,0.06
2007-05-01,93,0.068
2007-05-02,43,0.046
2007-05-03,25,0.027
2007-05-04,38,0.041
2007-05-05,43,0.046
2007-05-06,47,0.051
2007-05-07,48,0.052
2007-05-08,77,0.063
2007-05-09,93,0.068
2007-05-10,80,0.064
2007-05-11,77,0.063
2007-05-12,108,0.073
2007-05-13,48,0.052
2007-05-14,74,0.062
2007-05-15,74,0.062
2007-05-16,37,0.04
2007-05-17,39,0.042
2007-05-18,42,0.045
2007-05-19,77,0.063
2007-05-20,97,0.069
2007-05-21,133,0.08
2007-05-22,122,0.077
2007-05-23,108,0.073
2007-05-24,80,0.064
2007-05-25,87,0.066
2007-05-26,80,0.064
2007-05-27,84,0.065
2007-05-28,112,0.074
2007-05-29,87,0.066
2007-05-30,90,0.067
2007-05-31,84,0.065
2007-06-01,100,0.07
2007-06-02,67,0.06
2007-06-03,71,0.061
2007-06-04,39,0.042
2007-06-05,35,0.038
2007-06-06,61,0.058
2007-06-07,50,0.054
2007-06-08,35,0.038
2007-06-09,64,0.059
2007-06-10,77,0.063
2007-06-11,101,0.071
2007-06-12,100,0.07
2007-06-13,74,0.062
2007-06-14,67,0.06
2007-06-15,80,0.064
2007-06-16,115,0.075
2007-06-17,140,0.082
2007-06-18,84,0.065
2007-06-19,33,0.036
2007-06-20,101,0.071
2007-06-21,133,0.08
2007-06-22,42,0.045
2007-06-23,44,0.048
2007-06-24,54,0.056
2007-06-25,38,0.041
2007-06-26,61,0.058
2007-06-27,54,0.056
2007-06-28,32,0.035
2007-06-29,38,0.041
2007-06-30,49,0.053
2007-07-01,64,0.059
2007-07-02,64,0.059
2007-07-03,77,0.063
2007-07-04,50,0.054
2007-07-05,39,0.042
2007-07-06,64,0.059
2007-07-07,93,0.068
2007-07-08,100,0.07
2007-07-09,97,0.069
2007-07-10,31,0.034
2007-07-11,44,0.047
2007-07-12,44,0.047
2007-07-13,41,0.044
2007-07-14,54,0.056
2007-07-15,46,0.05
2007-07-16,58,0.057
2007-07-17,41,0.044
2007-07-18,46,0.05
2007-07-19,44,0.047
2007-07-20,43,0.046
2007-07-21,43,0.046
2007-07-22,50,0.054
2007-07-23,41,0.044
2007-07-24,58,0.057
2007-07-25,74,0.062
2007-07-26,67,0.06
2007-07-27,41,0.044
2007-07-28,37,0.04
2007-07-29,45,0.049
2007-07-30,58,0.057
2007-07-31,77,0.063
2007-08-01,93,0.068
2007-08-02,112,0.074
2007-08-03,112,0.074
2007-08-04,112,0.074
2007-08-05,49,0.053
2007-08-06,71,0.061
2007-08-07,64,0.059
2007-08-08,42,0.045
2007-08-09,44,0.047
2007-08-10,67,0.06
2007-08-11,61,0.058
2007-08-12,80,0.064
2007-08-13,115,0.075
2007-08-14,54,0.056
2007-08-15,122,0.077
2007-08-16,108,0.073
2007-08-17,49,0.053
2007-08-18,47,0.051
2007-08-19,97,0.069
2007-08-20,61,0.058
2007-08-21,30,0.032
2007-08-22,51,0.055
2007-08-23,61,0.058
2007-08-24,67,0.06
2007-08-25,61,0.058
2007-08-26,45,0.049
2007-08-27,58,0.057
2007-08-28,97,0.069
2007-08-29,71,0.061
2007-08-30,54,0.056
2007-08-31,43,0.046
2007-09-01,61,0.058
2007-09-02,84,0.065
2007-09-03,115,0.075
2007-09-04,112,0.074
2007-09-05,100,0.07
2007-09-06,74,0.062
2007-09-07,42,0.045
2007-09-08,71,0.061
2007-09-09,30,0.032
2007-09-10,22,0.024
2007-09-11,41,0.044
2007-09-12,43,0.046
2007-09-13,64,0.059
2007-09-14,47,0.051
2007-09-15,31,0.034
2007-09-16,40,0.043
2007-09-17,49,0.053
2007-09-18,97,0.069
2007-09-19,97,0.069
2007-09-20,119,0.076
2007-09-21,41,0.044
2007-09-22,43,0.046
2007-09-23,58,0.057
2007-09-24,44,0.048
2007-09-25,47,0.051
2007-09-26,36,0.039
2007-09-27,22,0.024
2007-09-28,42,0.045
2007-09-29,48,0.052
2007-09-30,84,0.065
2007-10-01,41,0.044
2007-10-02,51,0.055
2007-10-03,43,0.046
2007-10-04,37,0.04
2007-10-05,21,0.023
2007-10-06,39,0.042
2007-10-07,48,0.052
2007-10-08,50,0.054
2007-10-09,32,0.035
2007-10-10,30,0.032
2007-10-11,11,0.012
2007-10-12,25,0.027
2007-10-13,37,0.04
2007-10-14,45,0.049
2007-10-15,48,0.052
2007-10-16,30,0.032
2007-10-17,32,0.035
2007-10-18,27,0.029
2007-10-19,31,0.034
2007-10-20,39,0.042
2007-10-21,47,0.051
2007-10-22,33,0.036
2007-10-23,14,0.015
2007-10-24,21,0.023
2007-10-25,14,0.015
2007-10-26,31,0.034
2007-10-27,17,0.018
2007-10-28,31,0.034
2007-10-29,23,0.025
2007-10-30,32,0.035
2007-10-31,37,0.04
2008-02-29,27,0.029
2008-03-01,34,0.037
2008-03-02,41,0.044
2008-03-03,51,0.055
2008-03-04,19,0.021
2008-03-05,18,0.019
2008-03-06,26,0.028
2008-03-07,38,0.041
2008-03-08,37,0.04
2008-03-09,41,0.044
2008-03-10,32,0.035
2008-03-11,32,0.035
2008-03-12,40,0.043
2008-03-13,50,0.054
2008-03-14,24,0.026
2008-03-15,31,0.033
2008-03-16,38,0.041
2008-03-17,33,0.036
2008-03-18,43,0.046
2008-03-19,24,0.026
2008-03-20,41,0.044
2008-03-21,47,0.051
2008-03-22,27,0.029
2008-03-23,41,0.044
2008-03-24,37,0.04
2008-03-25,45,0.049
2008-03-26,54,0.056
2008-03-27,35,0.038
2008-03-28,29,0.031
2008-03-29,36,0.039
2008-03-30,30,0.032
2008-03-31,32,0.035
2008-04-01,31,0.034
2008-04-02,38,0.041
2008-04-03,31,0.033
2008-04-04,35,0.038
2008-04-05,40,0.043
2008-04-06,40,0.043
2008-04-07,48,0.052
2008-04-08,42,0.045
2008-04-09,27,0.029
2008-04-10,46,0.05
2008-04-11,43,0.046
2008-04-12,36,0.039
2008-04-13,27,0.029
2008-04-14,26,0.028
2008-04-15,43,0.046
2008-04-16,64,0.059
2008-04-17,84,0.065
2008-04-18,80,0.064
2008-04-19,43,0.046
2008-04-20,34,0.037
2008-04-21,51,0.055
2008-04-22,58,0.057
2008-04-23,61,0.058
2008-04-24,71,0.061
2008-04-25,45,0.049
2008-04-26,43,0.046
2008-04-27,51,0.055
2008-04-28,44,0.048
2008-04-29,33,0.036
2008-04-30,46,0.05
2008-05-01,74,0.062
2008-05-02,45,0.049
2008-05-03,49,0.053
2008-05-04,48,0.052
2008-05-05,80,0.064
2008-05-06,77,0.063
2008-05-07,64,0.059
2008-05-08,39,0.042
2008-05-09,26,0.028
2008-05-10,51,0.055
2008-05-11,40,0.043
2008-05-12,44,0.048
2008-05-13,48,0.052
2008-05-14,41,0.044
2008-05-15,23,0.025
2008-05-16,39,0.042
2008-05-17,51,0.055
2008-05-18,49,0.053
2008-05-19,42,0.045
2008-05-20,40,0.043
2008-05-21,49,0.053
2008-05-22,64,0.059
2008-05-23,41,0.044
2008-05-24,44,0.048
2008-05-25,77,0.063
2008-05-26,41,0.044
2008-05-27,34,0.037
2008-05-28,45,0.049
2008-05-29,84,0.065
2008-05-30,39,0.042
2008-05-31,71,0.061
2008-06-01,58,0.057
2008-06-02,80,0.064
2008-06-03,31,0.034
2008-06-04,38,0.041
2008-06-05,36,0.039
2008-06-06,38,0.041
2008-06-07,35,0.038
2008-06-08,39,0.042
2008-06-09,44,0.047
2008-06-10,44,0.048
2008-06-11,61,0.058
2008-06-12,87,0.066
2008-06-13,47,0.051
2008-06-14,48,0.052
2008-06-15,80,0.064
2008-06-16,64,0.059
2008-06-17,48,0.052
2008-06-18,48,0.052
2008-06-19,80,0.064
2008-06-20,44,0.048
2008-06-21,74,0.062
2008-06-22,61,0.058
2008-06-23,49,0.053
2008-06-24,71,0.061
2008-06-25,67,0.06
2008-06-26,42,0.045
2008-06-27,41,0.044
2008-06-28,41,0.044
2008-06-29,42,0.045
2008-06-30,34,0.037
2008-07-01,54,0.056
2008-07-02,67,0.06
2008-07-03,61,0.058
2008-07-04,44,0.048
2008-07-05,43,0.046
2008-07-06,54,0.056
2008-07-07,74,0.062
2008-07-08,37,0.04
2008-07-09,37,0.04
2008-07-10,44,0.048
2008-07-11,90,0.067
2008-07-12,38,0.041
2008-07-13,44,0.048
2008-07-14,44,0.047
2008-07-15,50,0.054
2008-07-16,87,0.066
2008-07-17,87,0.066
2008-07-18,93,0.068
2008-07-19,100,0.07
2008-07-20,67,0.06
2008-07-21,64,0.059
2008-07-22,71,0.061
2008-07-23,41,0.044
2008-07-24,58,0.057
2008-07-25,54,0.056
2008-07-26,61,0.058
2008-07-27,80,0.064
2008-07-28,58,0.057
2008-07-29,126,0.078
2008-07-30,48,0.052
2008-07-31,45,0.049
2008-08-01,67,0.06
2008-08-02,71,0.061
2008-08-03,61,0.058
2008-08-04,97,0.069
2008-08-05,67,0.06
2008-08-06,47,0.051
2008-08-07,48,0.052
2008-08-08,43,0.046
2008-08-09,47,0.051
2008-08-10,44,0.047
2008-08-11,44,0.047
2008-08-12,49,0.053
2008-08-13,67,0.06
2008-08-14,51,0.055
2008-08-15,50,0.054
2008-08-16,45,0.049
2008-08-17,47,0.051
2008-08-18,93,0.068
2008-08-19,100,0.07
2008-08-20,101,0.071
2008-08-21,93,0.068
2008-08-22,90,0.067
2008-08-23,90,0.067
2008-08-24,77,0.063
2008-08-25,47,0.051
2008-08-26,38,0.041
2008-08-27,24,0.026
2008-08-28,64,0.059
2008-08-29,61,0.058
2008-08-30,77,0.063
2008-08-31,77,0.063
2008-09-01,71,0.061
2008-09-02,58,0.057
2008-09-03,61,0.058
2008-09-04,49,0.053
2008-09-05,31,0.033
2008-09-06,43,0.046
2008-09-07,50,0.054
2008-09-08,80,0.064
2008-09-09,26,0.028
2008-09-10,51,0.055
2008-09-11,29,0.031
2008-09-12,22,0.024
2008-09-13,29,0.031
2008-09-14,34,0.037
2008-09-15,28,0.03
2008-09-17,8,0.009
2008-09-18,61,0.058
2008-09-19,67,0.06
2008-09-20,67,0.06
2008-09-21,64,0.059
2008-09-22,50,0.054
2008-09-23,64,0.059
2008-09-24,50,0.054
2008-09-25,61,0.058
2008-09-26,40,0.043
2008-09-27,36,0.039
2008-09-28,33,0.036
2008-09-29,50,0.054
2008-09-30,29,0.031
2008-10-01,23,0.025
2008-10-02,31,0.033
2008-10-03,34,0.037
2008-10-04,48,0.052
2008-10-05,93,0.068
2008-10-06,90,0.067
2008-10-07,48,0.052
2008-10-08,24,0.026
2008-10-09,40,0.043
2008-10-10,47,0.051
2008-10-11,42,0.045
2008-10-12,45,0.049
2008-10-13,38,0.041
2008-10-14,34,0.037
2008-10-15,48,0.052
2008-10-16,13,0.014
2008-10-17,26,0.028
2008-10-18,32,0.035
2008-10-19,31,0.034
2008-10-20,35,0.038
2008-10-21,30,0.032
2008-10-22,31,0.034
2008-10-23,40,0.043
2008-10-24,20,0.022
2008-10-25,23,0.025
2008-10-26,39,0.042
2008-10-27,18,0.019
2008-10-28,9,0.01
2008-10-29,22,0.024
2008-10-30,27,0.029
2008-10-31,41,0.044
2009-02-28,19,0.02
2009-03-01,32,0.035
2009-03-02,31,0.033
2009-03-03,30,0.032
2009-03-04,34,0.037
2009-03-05,46,0.05
2009-03-06,36,0.039
2009-03-07,36,0.039
2009-03-08,32,0.035
2009-03-09,32,0.035
2009-03-10,39,0.042
2009-03-11,30,0.032
2009-03-12,26,0.028
2009-03-13,31,0.034
2009-03-14,22,0.024
2009-03-15,17,0.018
2009-03-16,25,0.027
2009-03-17,42,0.045
2009-03-18,48,0.052
2009-03-19,41,0.044
2009-03-20,40,0.043
2009-03-21,44,0.048
2009-03-22,54,0.056
2009-03-23,54,0.056
2009-03-24,54,0.056
2009-03-25,33,0.036
2009-03-26,28,0.03
2009-03-27,28,0.03
2009-03-28,32,0.035
2009-03-29,30,0.032
2009-03-30,42,0.045
2009-03-31,40,0.043
2009-04-01,47,0.051
2009-04-02,42,0.045
2009-04-03,42,0.045
2009-04-04,48,0.052
2009-04-05,54,0.056
2009-04-06,29,0.031
2009-04-07,39,0.042
2009-04-08,48,0.052
2009-04-09,54,0.056
2009-04-10,38,0.041
2009-04-11,47,0.051
2009-04-12,49,0.053
2009-04-13,42,0.045
2009-04-14,31,0.033
2009-04-15,17,0.018
2009-04-16,38,0.041
2009-04-17,54,0.056
2009-04-18,77,0.063
2009-04-19,40,0.043
2009-04-20,39,0.042
2009-04-21,32,0.035
2009-04-22,46,0.05
2009-04-23,50,0.054
2009-04-24,54,0.056
2009-04-25,51,0.055
2009-04-26,61,0.058
2009-04-27,46,0.05
2009-04-28,32,0.035
2009-04-29,42,0.045
2009-04-30,36,0.039
2009-05-01,35,0.038
2009-05-02,33,0.036
2009-05-03,38,0.041
2009-05-04,44,0.047
2009-05-05,39,0.042
2009-05-06,27,0.029
2009-05-07,38,0.041
2009-05-08,36,0.039
2009-05-09,41,0.044
2009-05-10,44,0.047
2009-05-11,41,0.044
2009-05-12,51,0.055
2009-05-13,38,0.041
2009-05-14,39,0.042
2009-05-15,39,0.042
2009-05-16,37,0.04
2009-05-17,45,0.049
2009-05-18,48,0.052
2009-05-19,64,0.059
2009-05-20,77,0.063
2009-05-21,67,0.06
2009-05-22,74,0.062
2009-05-23,61,0.058
2009-05-24,38,0.041
2009-05-25,27,0.029
2009-05-26,31,0.033
2009-05-27,29,0.031
2009-05-28,39,0.042
2009-05-29,44,0.048
2009-05-30,48,0.052
2009-05-31,74,0.062
2009-06-01,71,0.061
2009-06-02,93,0.068
2009-06-03,40,0.043
2009-06-04,24,0.026
2009-06-05,64,0.059
2009-06-06,84,0.065
2009-06-07,50,0.054
2009-06-08,37,0.04
2009-06-09,58,0.057
2009-06-10,29,0.031
2009-06-11,27,0.029
2009-06-12,31,0.034
2009-06-13,45,0.049
2009-06-14,49,0.053
2009-06-15,41,0.044
2009-06-16,36,0.039
2009-06-17,42,0.045
2009-06-18,32,0.035
2009-06-19,37,0.04
2009-06-20,41,0.044
2009-06-21,45,0.049
2009-06-22,42,0.045
2009-06-23,43,0.046
2009-06-24,67,0.06
2009-06-25,84,0.065
2009-06-26,46,0.05
2009-06-27,67,0.06
2009-06-28,48,0.052
2009-06-29,54,0.056
2009-06-30,32,0.035
2009-07-01,30,0.032
2009-07-02,24,0.026
2009-07-03,47,0.051
2009-07-04,38,0.041
2009-07-05,24,0.026
2009-07-06,42,0.045
2009-07-07,49,0.053
2009-07-08,44,0.048
2009-07-09,71,0.061
2009-07-10,43,0.046
2009-07-11,43,0.046
2009-07-12,40,0.043
2009-07-13,44,0.048
2009-07-14,54,0.056
2009-07-15,36,0.039
2009-07-16,45,0.049
2009-07-17,40,0.043
2009-07-18,28,0.03
2009-07-19,30,0.032
2009-07-20,38,0.041
2009-07-21,42,0.045
2009-07-22,31,0.034
2009-07-23,44,0.048
2009-07-24,44,0.048
2009-07-25,42,0.045
2009-07-26,36,0.039
2009-07-27,38,0.041
2009-07-28,31,0.033
2009-07-29,38,0.041
2009-07-30,33,0.036
2009-07-31,41,0.044
2009-08-01,44,0.048
2009-08-02,36,0.039
2009-08-03,44,0.048
2009-08-04,14,0.015
2009-08-05,34,0.037
2009-08-06,44,0.048
2009-08-07,45,0.049
2009-08-08,48,0.052
2009-08-09,41,0.044
2009-08-10,35,0.038
2009-08-11,46,0.05
2009-08-12,46,0.05
2009-08-13,47,0.051
2009-08-14,77,0.063
2009-08-15,58,0.057
2009-08-16,48,0.052
2009-08-17,27,0.029
2009-08-18,22,0.024
2009-08-19,30,0.032
2009-08-20,28,0.03
2009-08-21,32,0.035
2009-08-22,27,0.029
2009-08-23,27,0.029
2009-08-24,35,0.038
2009-08-25,54,0.056
2009-08-26,46,0.05
2009-08-27,50,0.054
2009-08-28,29,0.031
2009-08-29,42,0.045
2009-08-30,32,0.035
2009-08-31,33,0.036
2009-09-01,42,0.045
2009-09-02,39,0.042
2009-09-03,46,0.05
2009-09-04,58,0.057
2009-09-05,77,0.063
2009-09-06,42,0.045
2009-09-07,44,0.047
2009-09-08,39,0.042
2009-09-09,42,0.045
2009-09-10,39,0.042
2009-09-11,43,0.046
2009-09-12,49,0.053
2009-09-13,45,0.049
2009-09-14,46,0.05
2009-09-15,45,0.049
2009-09-16,41,0.044
2009-09-17,39,0.042
2009-09-18,34,0.037
2009-09-19,44,0.048
2009-09-20,21,0.023
2009-09-21,16,0.017
2009-09-22,25,0.027
2009-09-23,22,0.024
2009-09-24,25,0.027
2009-09-25,15,0.016
2009-09-26,27,0.029
2009-09-27,38,0.041
2009-09-28,32,0.035
2009-09-29,19,0.02
2009-09-30,20,0.022
2009-10-01,31,0.034
2009-10-02,30,0.032
2009-10-03,33,0.036
2009-10-04,25,0.027
2009-10-05,32,0.035
2009-10-06,19,0.021
2009-10-07,24,0.026
2009-10-08,21,0.023
2009-10-09,19,0.021
2009-10-10,18,0.019
2009-10-11,27,0.029
2009-10-12,20,0.022
2009-10-13,20,0.022
2009-10-14,13,0.014
2009-10-15,5,0.005
2009-10-16,11,0.012
2009-10-17,24,0.026
2009-10-18,32,0.035
2009-10-19,31,0.033
2009-10-20,33,0.036
2009-10-21,35,0.038
2009-10-22,31,0.034
2009-10-23,24,0.026
2009-10-24,22,0.024
2009-10-25,33,0.036
2009-10-26,31,0.033
2009-10-27,19,0.021
2009-10-28,15,0.016
2009-10-29,27,0.029
2009-10-30,32,0.035
2009-10-31,22,0.024
2010-03-02,30,0.032
2010-03-03,28,0.03
2010-03-04,33,0.036
2010-03-05,34,0.037
2010-03-06,39,0.042
2010-03-07,44,0.047
2010-03-08,44,0.047
2010-03-09,47,0.051
2010-03-10,39,0.042
2010-03-11,33,0.036
2010-03-12,25,0.027
2010-03-13,28,0.03
2010-03-14,25,0.027
2010-03-15,25,0.027
2010-03-16,35,0.038
2010-03-17,35,0.038
2010-03-18,49,0.053
2010-03-19,50,0.054
2010-03-20,58,0.057
2010-03-21,51,0.055
2010-03-22,22,0.024
2010-03-23,36,0.039
2010-03-24,49,0.053
2010-03-25,43,0.046
2010-03-26,33,0.036
2010-03-27,43,0.046
2010-03-28,43,0.046
2010-03-29,26,0.028
2010-03-30,36,0.039
2010-03-31,49,0.053
2010-04-01,61,0.058
2010-04-02,74,0.062
2010-04-03,46,0.05
2010-04-04,54,0.056
2010-04-05,34,0.037
2010-04-06,48,0.052
2010-04-07,39,0.042
2010-04-08,31,0.034
2010-04-09,43,0.046
2010-04-10,50,0.054
2010-04-11,77,0.063
2010-04-12,100,0.07
2010-04-13,101,0.071
2010-04-14,100,0.07
2010-04-15,61,0.058
2010-04-16,67,0.06
2010-04-17,47,0.051
2010-04-18,38,0.041
2010-04-19,39,0.042
2010-04-20,44,0.047
2010-04-21,74,0.062
2010-04-22,58,0.057
2010-04-23,44,0.047
2010-04-24,35,0.038
2010-04-25,43,0.046
2010-04-26,18,0.019
2010-04-27,36,0.039
2010-04-28,48,0.052
2010-04-29,46,0.05
2010-04-30,64,0.059
2010-05-01,37,0.04
2010-05-02,28,0.03
2010-05-03,48,0.052
2010-05-04,58,0.057
2010-05-05,71,0.061
2010-05-06,54,0.056
2010-05-07,61,0.058
2010-05-08,33,0.036
2010-05-09,39,0.042
2010-05-10,39,0.042
2010-05-11,33,0.036
2010-05-12,26,0.028
2010-05-13,31,0.033
2010-05-14,39,0.042
2010-05-15,48,0.052
2010-05-16,34,0.037
2010-05-17,29,0.031
2010-05-18,24,0.026
2010-05-19,32,0.035
2010-05-20,35,0.038
2010-05-21,39,0.042
2010-05-22,46,0.05
2010-05-23,58,0.057
2010-05-24,54,0.056
2010-05-25,45,0.049
2010-05-26,41,0.044
2010-05-27,80,0.064
2010-05-28,54,0.056
2010-05-29,77,0.063
2010-05-30,44,0.048
2010-05-31,44,0.047
2010-06-01,67,0.06
2010-06-02,44,0.048
2010-06-03,54,0.056
2010-06-04,37,0.04
2010-06-05,41,0.044
2010-06-06,42,0.045
2010-06-07,47,0.051
2010-06-08,51,0.055
2010-06-09,31,0.034
2010-06-10,61,0.058
2010-06-11,26,0.028
2010-06-12,27,0.029
2010-06-13,38,0.041
2010-06-14,31,0.034
2010-06-15,35,0.038
2010-06-16,48,0.052
2010-06-17,64,0.059
2010-06-18,84,0.065
2010-06-19,44,0.047
2010-06-20,77,0.063
2010-06-21,44,0.047
2010-06-22,71,0.061
2010-06-23,51,0.055
2010-06-24,44,0.048
2010-06-25,97,0.069
2010-06-26,54,0.056
2010-06-27,43,0.046
2010-06-28,41,0.044
2010-06-29,44,0.048
2010-06-30,47,0.051
2010-07-01,48,0.052
2010-07-02,67,0.06
2010-07-03,64,0.059
2010-07-04,48,0.052
2010-07-05,74,0.062
2010-07-06,84,0.065
2010-07-07,87,0.066
2010-07-08,115,0.075
2010-07-09,28,0.03
2010-07-10,46,0.05
2010-07-11,49,0.053
2010-07-12,38,0.041
2010-07-13,32,0.035
2010-07-14,67,0.06
2010-07-15,54,0.056
2010-07-16,77,0.063
2010-07-17,41,0.044
2010-07-18,37,0.04
2010-07-19,42,0.045
2010-07-20,29,0.031
2010-07-21,35,0.038
2010-07-22,41,0.044
2010-07-23,36,0.039
2010-07-24,46,0.05
2010-07-25,44,0.048
2010-07-26,41,0.044
2010-07-27,37,0.04
2010-07-28,40,0.043
2010-07-29,45,0.049
2010-07-30,44,0.048
2010-07-31,48,0.052
2010-08-01,46,0.05
2010-08-02,64,0.059
2010-08-03,45,0.049
2010-08-04,58,0.057
2010-08-05,45,0.049
2010-08-06,74,0.062
2010-08-07,64,0.059
2010-08-08,108,0.073
2010-08-09,97,0.069
2010-08-10,80,0.064
2010-08-11,47,0.051
2010-08-12,64,0.059
2010-08-13,61,0.058
2010-08-14,71,0.061
2010-08-15,50,0.054
2010-08-16,42,0.045
2010-08-17,50,0.054
2010-08-18,31,0.034
2010-08-19,27,0.029
2010-08-20,58,0.057
2010-08-21,38,0.041
2010-08-22,64,0.059
2010-08-23,39,0.042
2010-08-24,38,0.041
2010-08-25,48,0.052
2010-08-26,67,0.06
2010-08-27,67,0.06
2010-08-28,97,0.069
2010-08-29,58,0.057
2010-08-30,51,0.055
2010-08-31,47,0.051
2010-09-01,64,0.059
2010-09-02,71,0.061
2010-09-03,42,0.045
2010-09-04,33,0.036
2010-09-05,48,0.052
2010-09-06,54,0.056
2010-09-07,44,0.047
2010-09-08,50,0.054
2010-09-09,45,0.049
2010-09-10,38,0.041
2010-09-11,33,0.036
2010-09-12,41,0.044
2010-09-13,50,0.054
2010-09-14,51,0.055
2010-09-15,67,0.06
2010-09-16,48,0.052
2010-09-17,44,0.048
2010-09-18,77,0.063
2010-09-19,77,0.063
2010-09-20,54,0.056
2010-09-21,50,0.054
2010-09-22,54,0.056
2010-09-23,54,0.056
2010-09-24,44,0.048
2010-09-25,42,0.045
2010-09-26,31,0.033
2010-09-27,6,0.006
2010-09-28,30,0.032
2010-09-29,42,0.045
2010-09-30,74,0.062
2010-10-01,32,0.035
2010-10-02,40,0.043
2010-10-03,19,0.021
2010-10-04,21,0.023
2010-10-05,31,0.033
2010-10-06,45,0.049
2010-10-07,49,0.053
2010-10-08,50,0.054
2010-10-09,71,0.061
2010-10-10,105,0.072
2010-10-11,90,0.067
2010-10-12,54,0.056
2010-10-13,46,0.05
2010-10-14,31,0.033
2010-10-15,38,0.041
2010-10-16,43,0.046
2010-10-17,64,0.059
2010-10-18,71,0.061
2010-10-19,38,0.041
2010-10-20,44,0.047
2010-10-21,37,0.04
2010-10-22,34,0.037
2010-10-23,46,0.05
2010-10-24,49,0.053
2010-10-25,31,0.034
2010-10-26,34,0.037
2010-10-27,34,0.037
2010-10-28,25,0.027
2010-10-29,27,0.029
2010-10-30,35,0.038
2010-10-31,38,0.041
2011-02-28,26,0.028
2011-03-01,25,0.027
2011-03-02,34,0.037
2011-03-03,38,0.041
2011-03-04,41,0.044
2011-03-05,31,0.034
2011-03-06,37,0.04
2011-03-07,35,0.038
2011-03-08,35,0.038
2011-03-09,32,0.035
2011-03-10,32,0.035
2011-03-11,39,0.042
2011-03-12,44,0.048
2011-03-13,39,0.042
2011-03-14,32,0.035
2011-03-15,28,0.03
2011-03-16,33,0.036
2011-03-17,41,0.044
2011-03-18,39,0.042
2011-03-19,42,0.045
2011-03-20,43,0.046
2011-03-21,44,0.047
2011-03-22,44,0.047
2011-03-23,41,0.044
2011-03-24,29,0.031
2011-03-25,24,0.026
2011-03-26,37,0.04
2011-03-27,42,0.045
2011-03-28,44,0.047
2011-03-29,37,0.04
2011-03-30,30,0.032
2011-03-31,37,0.04
2011-04-01,44,0.047
2011-04-02,44,0.048
2011-04-03,44,0.048
2011-04-04,31,0.033
2011-04-05,40,0.043
2011-04-06,46,0.05
2011-04-07,64,0.059
2011-04-08,40,0.043
2011-04-09,34,0.037
2011-04-10,33,0.036
2011-04-11,39,0.042
2011-04-12,35,0.038
2011-04-13,48,0.052
2011-04-14,61,0.058
2011-04-15,46,0.05
2011-04-16,29,0.031
2011-04-17,46,0.05
2011-04-18,49,0.053
2011-04-19,38,0.041
2011-04-20,30,0.032
2011-04-21,43,0.046
2011-04-22,34,0.037
2011-04-23,33,0.036
2011-04-24,36,0.039
2011-04-25,38,0.041
2011-04-26,44,0.048
2011-04-27,44,0.048
2011-04-28,44,0.048
2011-04-29,37,0.04
2011-04-30,54,0.056
2011-05-01,46,0.05
2011-05-02,31,0.034
2011-05-03,36,0.039
2011-05-04,29,0.031
2011-05-05,42,0.045
2011-05-06,47,0.051
2011-05-07,39,0.042
2011-05-08,48,0.052
2011-05-09,49,0.053
2011-05-10,39,0.042
2011-05-11,44,0.047
2011-05-12,41,0.044
2011-05-13,41,0.044
2011-05-14,38,0.041
2011-05-15,18,0.019
2011-05-16,25,0.027
2011-05-17,17,0.018
2011-05-18,13,0.014
2011-05-19,36,0.039
2011-05-20,84,0.065
2011-05-21,64,0.059
2011-05-22,40,0.043
2011-05-23,41,0.044
2011-05-24,27,0.029
2011-05-25,49,0.053
2011-05-26,44,0.048
2011-05-27,29,0.031
2011-05-28,46,0.05
2011-05-29,58,0.057
2011-05-30,49,0.053
2011-05-31,46,0.05
2011-06-01,51,0.055
2011-06-02,77,0.063
2011-06-03,74,0.062
2011-06-04,71,0.061
2011-06-05,71,0.061
2011-06-06,122,0.077
2011-06-07,77,0.063
2011-06-08,74,0.062
2011-06-09,101,0.071
2011-06-10,67,0.06
2011-06-11,80,0.064
2011-06-12,45,0.049
2011-06-13,47,0.051
2011-06-14,58,0.057
2011-06-15,31,0.033
2011-06-16,61,0.058
2011-06-17,64,0.059
2011-06-18,44,0.048
2011-06-19,44,0.048
2011-06-20,37,0.04
2011-06-21,29,0.031
2011-06-22,34,0.037
2011-06-23,48,0.052
2011-06-24,39,0.042
2011-06-25,41,0.044
2011-06-26,37,0.04
2011-06-27,31,0.034
2011-06-28,47,0.051
2011-06-29,67,0.06
2011-06-30,84,0.065
2011-07-01,133,0.08
2011-07-02,126,0.078
2011-07-03,87,0.066
2011-07-04,46,0.05
2011-07-05,54,0.056
2011-07-06,45,0.049
2011-07-07,93,0.068
2011-07-08,41,0.044
2011-07-09,51,0.055
2011-07-10,58,0.057
2011-07-11,45,0.049
2011-07-12,42,0.045
2011-07-13,74,0.062
2011-07-14,54,0.056
2011-07-15,61,0.058
2011-07-16,41,0.044
2011-07-17,31,0.033
2011-07-18,44,0.047
2011-07-19,40,0.043
2011-07-20,67,0.06
2011-07-21,71,0.061
2011-07-22,49,0.053
2011-07-23,44,0.048
2011-07-24,40,0.043
2011-07-25,49,0.053
2011-07-26,67,0.06
2011-07-27,67,0.06
2011-07-28,48,0.052
2011-07-29,38,0.041
2011-07-30,42,0.045
2011-07-31,51,0.055
2011-08-01,93,0.068
2011-08-02,115,0.075
2011-08-03,45,0.049
2011-08-04,47,0.051
2011-08-05,58,0.057
2011-08-06,54,0.056
2011-08-07,47,0.051
2011-08-08,44,0.047
2011-08-09,47,0.051
2011-08-10,43,0.046
2011-08-11,44,0.047
2011-08-12,64,0.059
2011-08-13,51,0.055
2011-08-14,44,0.048
2011-08-15,45,0.049
2011-08-16,46,0.05
2011-08-17,67,0.06
2011-08-18,49,0.053
2011-08-19,48,0.052
2011-08-20,64,0.059
2011-08-21,50,0.054
2011-08-22,37,0.04
2011-08-23,45,0.049
2011-08-24,61,0.058
2011-08-25,48,0.052
2011-08-26,39,0.042
2011-08-27,54,0.056
2011-08-28,38,0.041
2011-08-29,36,0.039
2011-08-30,50,0.054
2011-08-31,71,0.061
2011-09-01,71,0.061
2011-09-02,87,0.066
2011-09-03,112,0.074
2011-09-04,50,0.054
2011-09-05,19,0.02
2011-09-06,26,0.028
2011-09-07,12,0.013
2011-09-08,11,0.012
2011-09-09,24,0.026
2011-09-10,34,0.037
2011-09-11,42,0.045
2011-09-12,39,0.042
2011-09-13,44,0.048
2011-09-14,48,0.052
2011-09-15,28,0.03
2011-09-16,27,0.029
2011-09-17,39,0.042
2011-09-18,30,0.032
2011-09-19,18,0.019
2011-09-20,29,0.031
2011-09-21,25,0.027
2011-09-22,39,0.042
2011-09-23,21,0.023
2011-09-24,32,0.035
2011-09-25,41,0.044
2011-09-26,31,0.033
2011-09-27,28,0.03
2011-09-28,33,0.036
2011-09-29,42,0.045
2011-09-30,21,0.023
2011-10-01,19,0.021
2011-10-02,28,0.03
2011-10-03,30,0.032
2011-10-04,38,0.041
2011-10-05,43,0.046
2011-10-06,44,0.047
2011-10-07,47,0.051
2011-10-08,51,0.055
2011-10-09,36,0.039
2011-10-10,39,0.042
2011-10-11,35,0.038
2011-10-12,26,0.028
2011-10-13,23,0.025
2011-10-14,31,0.034
2011-10-15,31,0.033
2011-10-16,50,0.054
2011-10-17,33,0.036
2011-10-18,22,0.024
2011-10-19,9,0.01
2011-10-20,8,0.009
2011-10-21,20,0.022
2011-10-22,30,0.032
2011-10-23,33,0.036
2011-10-24,37,0.04
2011-10-25,35,0.038
2011-10-26,28,0.03
2011-10-27,11,0.012
2011-10-28,19,0.02
2011-10-29,24,0.026
2011-10-30,29,0.031
2011-10-31,27,0.029
2012-02-29,35,0.038
2012-03-01,38,0.041
2012-03-02,32,0.035
2012-03-03,36,0.039
2012-03-04,34,0.037
2012-03-05,31,0.034
2012-03-06,40,0.043
2012-03-07,43,0.046
2012-03-08,29,0.031
2012-03-09,36,0.039
2012-03-10,38,0.041
2012-03-11,45,0.049
2012-03-12,28,0.03
2012-03-13,36,0.039
2012-03-14,37,0.04
2012-03-15,30,0.032
2012-03-16,27,0.029
2012-03-17,35,0.038
2012-03-18,36,0.039
2012-03-19,37,0.04
2012-03-20,47,0.051
2012-03-21,48,0.052
2012-03-22,36,0.039
2012-03-23,31,0.034
2012-03-24,43,0.046
2012-03-25,41,0.044
2012-03-26,36,0.039
2012-03-27,39,0.042
2012-03-28,48,0.052
2012-03-29,39,0.042
2012-03-30,46,0.05
2012-03-31,22,0.024
2012-04-01,36,0.039
2012-04-02,36,0.039
2012-04-03,47,0.051
2012-04-04,36,0.039
2012-04-05,39,0.042
2012-04-06,42,0.045
2012-04-07,49,0.053
2012-04-08,44,0.048
2012-04-09,49,0.053
2012-04-10,45,0.049
2012-04-11,23,0.025
2012-04-12,39,0.042
2012-04-13,49,0.053
2012-04-14,50,0.054
2012-04-15,50,0.054
2012-04-16,45,0.049
2012-04-17,34,0.037
2012-04-18,47,0.051
2012-04-19,71,0.061
2012-04-20,44,0.048
2012-04-21,23,0.025
2012-04-22,36,0.039
2012-04-23,43,0.046
2012-04-24,44,0.048
2012-04-25,46,0.05
2012-04-26,58,0.057
2012-04-27,50,0.054
2012-04-28,41,0.044
2012-04-29,38,0.041
2012-04-30,39,0.042
2012-05-01,32,0.035
2012-05-02,41,0.044
2012-05-03,36,0.039
2012-05-04,38,0.041
2012-05-05,45,0.049
2012-05-06,50,0.054
2012-05-07,49,0.053
2012-05-08,44,0.047
2012-05-09,46,0.05
2012-05-10,36,0.039
2012-05-11,58,0.057
2012-05-12,48,0.052
2012-05-13,37,0.04
2012-05-14,39,0.042
2012-05-15,74,0.062
2012-05-16,112,0.074
2012-05-17,50,0.054
2012-05-18,100,0.07
2012-05-19,101,0.071
2012-05-20,64,0.059
2012-05-21,54,0.056
2012-05-22,44,0.047
2012-05-23,51,0.055
2012-05-24,54,0.056
2012-05-25,49,0.053
2012-05-26,64,0.059
2012-05-27,80,0.064
2012-05-28,44,0.048
2012-05-29,46,0.05
2012-05-30,71,0.061
2012-05-31,77,0.063
2012-06-01,29,0.031
2012-06-02,48,0.052
2012-06-03,77,0.063
2012-06-04,44,0.048
2012-06-05,40,0.043
2012-06-06,44,0.047
2012-06-07,39,0.042
2012-06-08,74,0.062
2012-06-09,84,0.065
2012-06-10,50,0.054
2012-06-11,29,0.031
2012-06-12,54,0.056
2012-06-13,74,0.062
2012-06-14,115,0.075
2012-06-15,80,0.064
2012-06-16,54,0.056
2012-06-17,41,0.044
2012-06-18,44,0.048
2012-06-19,47,0.051
2012-06-20,93,0.068
2012-06-21,49,0.053
2012-06-22,71,0.061
2012-06-23,101,0.071
2012-06-24,93,0.068
2012-06-25,87,0.066
2012-06-26,45,0.049
2012-06-27,93,0.068
2012-06-28,133,0.08
2012-06-29,151,0.086
2012-06-30,126,0.078
2012-07-01,108,0.073
2012-07-02,97,0.069
2012-07-03,71,0.061
2012-07-04,90,0.067
2012-07-05,71,0.061
2012-07-06,115,0.075
2012-07-07,119,0.076
2012-07-08,108,0.073
2012-07-09,36,0.039
2012-07-10,84,0.065
2012-07-11,108,0.073
2012-07-12,46,0.05
2012-07-13,19,0.021
2012-07-14,31,0.033
2012-07-15,25,0.027
2012-07-16,39,0.042
2012-07-17,49,0.053
2012-07-18,54,0.056
2012-07-19,43,0.046
2012-07-20,48,0.052
2012-07-21,44,0.048
2012-07-22,71,0.061
2012-07-23,51,0.055
2012-07-24,61,0.058
2012-07-25,54,0.056
2012-07-26,44,0.047
2012-07-27,74,0.062
2012-07-28,49,0.053
2012-07-29,54,0.056
2012-07-30,61,0.058
2012-07-31,90,0.067
2012-08-01,126,0.078
2012-08-02,105,0.072
2012-08-03,35,0.038
2012-08-04,36,0.039
2012-08-05,31,0.034
2012-08-06,48,0.052
2012-08-07,100,0.07
2012-08-08,115,0.075
2012-08-09,58,0.057
2012-08-10,44,0.047
2012-08-11,37,0.04
2012-08-12,54,0.056
2012-08-13,48,0.052
2012-08-14,54,0.056
2012-08-15,90,0.067
2012-08-16,71,0.061
2012-08-17,44,0.048
2012-08-18,58,0.057
2012-08-19,74,0.062
2012-08-20,74,0.062
2012-08-21,51,0.055
2012-08-22,105,0.072
2012-08-23,101,0.071
2012-08-24,93,0.068
2012-08-25,115,0.075
2012-08-26,64,0.059
2012-08-27,42,0.045
2012-08-28,58,0.057
2012-08-29,74,0.062
2012-08-30,77,0.063
2012-08-31,26,0.028
2012-09-01,27,0.029
2012-09-02,27,0.029
2012-09-03,28,0.03
2012-09-04,33,0.036
2012-09-05,44,0.048
2012-09-06,50,0.054
2012-09-07,48,0.052
2012-09-08,33,0.036
2012-09-09,37,0.04
2012-09-10,40,0.043
2012-09-11,39,0.042
2012-09-12,51,0.055
2012-09-13,54,0.056
2012-09-14,47,0.051
2012-09-15,42,0.045
2012-09-16,45,0.049
2012-09-17,23,0.025
2012-09-18,22,0.024
2012-09-19,37,0.04
2012-09-20,38,0.041
2012-09-21,44,0.048
2012-09-22,42,0.045
2012-09-23,34,0.037
2012-09-24,31,0.034
2012-09-25,35,0.038
2012-09-26,43,0.046
2012-09-27,40,0.043
2012-09-28,17,0.018
2012-09-29,43,0.046
2012-09-30,48,0.052
2012-10-01,23,0.025
2012-10-02,22,0.024
2012-10-03,38,0.041
2012-10-04,41,0.044
2012-10-05,44,0.047
2012-10-06,29,0.031
2012-10-07,26,0.028
2012-10-08,22,0.024
2012-10-09,35,0.038
2012-10-10,30,0.032
2012-10-11,14,0.015
2012-10-12,16,0.017
2012-10-13,39,0.042
2012-10-14,36,0.039
2012-10-15,31,0.034
2012-10-16,35,0.038
2012-10-17,42,0.045
2012-10-18,31,0.034
2012-10-19,24,0.026
2012-10-20,15,0.016
2012-10-21,34,0.037
2012-10-22,43,0.046
2012-10-23,47,0.051
2012-10-24,43,0.046
2012-10-25,45,0.049
2012-10-26,9,0.01
2012-10-27,24,0.026
2012-10-28,23,0.025
2012-10-29,29,0.031
2012-10-30,20,0.022
2012-10-31,19,0.021
2013-02-28,19,0.02
2013-03-01,27,0.029
2013-03-02,29,0.031
2013-03-03,36,0.039
2013-03-04,38,0.041
2013-03-05,32,0.035
2013-03-06,28,0.03
2013-03-07,28,0.03
2013-03-08,38,0.041
2013-03-09,42,0.045
2013-03-10,48,0.052
2013-03-11,24,0.026
2013-03-12,32,0.035
2013-03-13,35,0.038
2013-03-14,39,0.042
2013-03-15,44,0.048
2013-03-16,48,0.052
2013-03-17,25,0.027
2013-03-18,30,0.032
2013-03-19,38,0.041
2013-03-20,36,0.039
2013-03-21,34,0.037
2013-03-22,34,0.037
2013-03-23,44,0.047
2013-03-24,30,0.032
2013-03-25,26,0.028
2013-03-26,31,0.033
2013-03-27,36,0.039
2013-03-28,45,0.049
2013-03-29,46,0.05
2013-03-30,50,0.054
2013-03-31,38,0.041
2013-04-01,47,0.051
2013-04-02,44,0.047
2013-04-03,48,0.052
2013-04-04,36,0.039
2013-04-05,64,0.059
2013-04-06,67,0.06
2013-04-07,47,0.051
2013-04-08,40,0.043
2013-04-09,32,0.035
2013-04-10,38,0.041
2013-04-11,31,0.033
2013-04-12,40,0.043
2013-04-13,43,0.046
2013-04-14,41,0.044
2013-04-15,41,0.044
2013-04-16,35,0.038
2013-04-17,33,0.036
2013-04-18,44,0.048
2013-04-19,30,0.032
2013-04-20,44,0.048
2013-04-21,47,0.051
2013-04-22,45,0.049
2013-04-23,44,0.047
2013-04-24,28,0.03
2013-04-25,46,0.05
2013-04-26,48,0.052
2013-04-27,37,0.04
2013-04-28,36,0.039
2013-04-29,32,0.035
2013-04-30,50,0.054
2013-05-01,58,0.057
2013-05-02,41,0.044
2013-05-03,36,0.039
2013-05-04,43,0.046
2013-05-05,32,0.035
2013-05-06,35,0.038
2013-05-07,36,0.039
2013-05-08,32,0.035
2013-05-09,50,0.054
2013-05-10,31,0.034
2013-05-11,31,0.033
2013-05-12,40,0.043
2013-05-13,47,0.051
2013-05-14,71,0.061
2013-05-15,80,0.064
2013-05-16,32,0.035
2013-05-17,44,0.047
2013-05-18,36,0.039
2013-05-19,40,0.043
2013-05-20,31,0.034
2013-05-21,39,0.042
2013-05-22,33,0.036
2013-05-23,28,0.03
2013-05-24,40,0.043
2013-05-25,45,0.049
2013-05-26,50,0.054
2013-05-27,49,0.053
2013-05-28,45,0.049
2013-05-29,43,0.046
2013-05-30,40,0.043
2013-05-31,29,0.031
2013-06-01,31,0.034
2013-06-02,39,0.042
2013-06-03,35,0.038
2013-06-04,48,0.052
2013-06-05,47,0.051
2013-06-06,39,0.042
2013-06-07,51,0.055
2013-06-08,51,0.055
2013-06-09,38,0.041
2013-06-10,39,0.042
2013-06-11,46,0.05
2013-06-12,54,0.056
2013-06-13,44,0.047
2013-06-14,51,0.055
2013-06-15,58,0.057
2013-06-16,45,0.049
2013-06-17,51,0.055
2013-06-18,51,0.055
2013-06-19,45,0.049
2013-06-20,64,0.059
2013-06-21,64,0.059
2013-06-22,58,0.057
2013-06-23,51,0.055
2013-06-24,36,0.039
2013-06-25,42,0.045
2013-06-26,39,0.042
2013-06-27,42,0.045
2013-06-28,46,0.05
2013-06-29,40,0.043
2013-06-30,44,0.047
2013-07-01,38,0.041
2013-07-02,37,0.04
2013-07-03,24,0.026
2013-07-04,29,0.031
2013-07-05,15,0.016
2013-07-06,30,0.032
2013-07-07,48,0.052
2013-07-08,42,0.045
2013-07-09,36,0.039
2013-07-10,36,0.039
2013-07-11,61,0.058
2013-07-12,39,0.042
2013-07-13,38,0.041
2013-07-14,27,0.029
2013-07-15,30,0.032
2013-07-16,34,0.037
2013-07-17,47,0.051
2013-07-18,41,0.044
2013-07-19,42,0.045
2013-07-20,39,0.042
2013-07-21,49,0.053
2013-07-22,31,0.034
2013-07-23,42,0.045
2013-07-24,38,0.041
2013-07-25,45,0.049
2013-07-26,54,0.056
2013-07-27,37,0.04
2013-07-28,37,0.04
2013-07-29,47,0.051
2013-07-30,45,0.049
2013-07-31,18,0.019
2013-08-01,43,0.046
2013-08-02,43,0.046
2013-08-03,44,0.048
2013-08-04,40,0.043
2013-08-05,43,0.046
2013-08-06,40,0.043
2013-08-07,32,0.035
2013-08-08,32,0.035
2013-08-09,36,0.039
2013-08-10,38,0.041
2013-08-11,44,0.047
2013-08-12,30,0.032
2013-08-13,39,0.042
2013-08-14,33,0.036
2013-08-15,34,0.037
2013-08-16,45,0.049
2013-08-17,41,0.044
2013-08-18,35,0.038
2013-08-19,34,0.037
2013-08-20,38,0.041
2013-08-21,36,0.039
2013-08-22,58,0.057
2013-08-23,50,0.054
2013-08-24,47,0.051
2013-08-25,44,0.047
2013-08-26,45,0.049
2013-08-27,39,0.042
2013-08-28,64,0.059
2013-08-29,48,0.052
2013-08-30,58,0.057
2013-08-31,43,0.046
2013-09-01,39,0.042
2013-09-02,42,0.045
2013-09-03,36,0.039
2013-09-04,46,0.05
2013-09-05,58,0.057
2013-09-06,44,0.047
2013-09-07,58,0.057
2013-09-08,74,0.062
2013-09-09,54,0.056
2013-09-10,41,0.044
2013-09-11,50,0.054
2013-09-12,42,0.045
2013-09-13,28,0.03
2013-09-14,34,0.037
2013-09-15,41,0.044
2013-09-16,38,0.041
2013-09-17,43,0.046
2013-09-18,30,0.032
2013-09-19,32,0.035
2013-09-20,40,0.043
2013-09-21,26,0.028
2013-09-22,29,0.031
2013-09-23,30,0.032
2013-09-24,41,0.044
2013-09-25,40,0.043
2013-09-26,45,0.049
2013-09-27,54,0.056
2013-09-28,45,0.049
2013-09-29,38,0.041
2013-09-30,36,0.039
2013-10-01,36,0.039
2013-10-02,32,0.035
2013-10-03,31,0.033
2013-10-04,34,0.037
2013-10-05,33,0.036
2013-10-06,29,0.031
2013-10-07,20,0.022
2013-10-08,25,0.027
2013-10-09,36,0.039
2013-10-10,45,0.049
2013-10-11,49,0.053
2013-10-12,49,0.053
2013-10-13,41,0.044
2013-10-14,36,0.039
2013-10-15,20,0.022
2013-10-16,21,0.023
2013-10-17,22,0.024
2013-10-18,34,0.037
2013-10-19,20,0.022
2013-10-20,31,0.033
2013-10-21,32,0.035
2013-10-22,29,0.031
2013-10-23,17,0.018
2013-10-24,7,0.008
2013-10-25,25,0.027
2013-10-26,28,0.03
2013-10-27,33,0.036
2013-10-28,19,0.02
2013-10-29,13,0.014
2013-10-30,30,0.032
2013-10-31,31,0.033
2014-02-28,27,0.029
2014-03-01,42,0.045
2014-03-02,41,0.044
2014-03-03,41,0.044
2014-03-04,37,0.04
2014-03-05,40,0.043
2014-03-06,32,0.035
2014-03-07,38,0.041
2014-03-08,48,0.052
2014-03-09,42,0.045
2014-03-10,44,0.047
2014-03-11,50,0.054
2014-03-12,32,0.035
2014-03-13,37,0.04
2014-03-14,46,0.05
2014-03-15,45,0.049
2014-03-16,32,0.035
2014-03-17,34,0.037
2014-03-18,26,0.028
2014-03-19,31,0.034
2014-03-20,38,0.041
2014-03-21,46,0.05
2014-03-22,38,0.041
2014-03-23,33,0.036
2014-03-24,37,0.04
2014-03-25,33,0.036
2014-03-26,33,0.036
2014-03-27,54,0.056
2014-03-28,35,0.038
2014-03-29,29,0.031
2014-03-30,41,0.044
2014-03-31,44,0.047
2014-04-01,49,0.053
2014-04-02,38,0.041
2014-04-03,29,0.031
2014-04-04,39,0.042
2014-04-05,44,0.047
2014-04-06,46,0.05
2014-04-07,35,0.038
2014-04-08,47,0.051
2014-04-09,47,0.051
2014-04-10,47,0.051
2014-04-11,43,0.046
2014-04-12,54,0.056
2014-04-13,47,0.051
2014-04-14,42,0.045
2014-04-15,33,0.036
2014-04-16,42,0.045
2014-04-17,58,0.057
2014-04-18,74,0.062
2014-04-19,71,0.061
2014-04-20,84,0.065
2014-04-21,77,0.063
2014-04-22,47,0.051
2014-04-23,47,0.051
2014-04-24,49,0.053
2014-04-25,42,0.045
2014-04-26,48,0.052
2014-04-27,49,0.053
2014-04-28,30,0.032
2014-04-29,35,0.038
2014-04-30,36,0.039
2014-05-01,42,0.045
2014-05-02,36,0.039
2014-05-03,54,0.056
2014-05-04,80,0.064
2014-05-05,77,0.063
2014-05-06,84,0.065
2014-05-07,50,0.054
2014-05-08,45,0.049
2014-05-09,37,0.04
2014-05-10,39,0.042
2014-05-11,36,0.039
2014-05-12,32,0.035
2014-05-13,39,0.042
2014-05-14,35,0.038
2014-05-15,33,0.036
2014-05-16,40,0.043
2014-05-17,44,0.048
2014-05-18,48,0.052
2014-05-19,51,0.055
2014-05-20,64,0.059
2014-05-21,44,0.048
2014-05-22,45,0.049
2014-05-23,50,0.054
2014-05-24,49,0.053
2014-05-25,48,0.052
2014-05-26,44,0.047
2014-05-27,47,0.051
2014-05-28,37,0.04
2014-05-29,39,0.042
2014-05-30,45,0.049
2014-05-31,49,0.053
2014-06-01,38,0.041
2014-06-02,37,0.04
2014-06-03,39,0.042
2014-06-04,32,0.035
2014-06-05,44,0.048
2014-06-06,71,0.061
2014-06-07,84,0.065
2014-06-08,44,0.048
2014-06-09,54,0.056
2014-06-10,38,0.041
2014-06-11,33,0.036
2014-06-12,45,0.049
2014-06-13,44,0.047
2014-06-14,50,0.054
2014-06-15,49,0.053
2014-06-16,44,0.047
2014-06-17,36,0.039
2014-06-18,32,0.035
2014-06-19,44,0.048
2014-06-20,41,0.044
2014-06-21,51,0.055
2014-06-22,67,0.06
2014-06-23,51,0.055
2014-06-24,36,0.039
2014-06-25,46,0.05
2014-06-26,44,0.048
2014-06-27,46,0.05
2014-06-28,26,0.028
2014-06-29,28,0.03
2014-06-30,31,0.033
2014-07-01,36,0.039
2014-07-02,44,0.047
2014-07-03,31,0.034
2014-07-04,44,0.047
2014-07-05,47,0.051
2014-07-06,54,0.056
2014-07-07,46,0.05
2014-07-08,49,0.053
2014-07-09,48,0.052
2014-07-10,64,0.059
2014-07-11,93,0.068
2014-07-12,84,0.065
2014-07-13,43,0.046
2014-07-14,43,0.046
2014-07-15,31,0.034
2014-07-16,33,0.036
2014-07-17,36,0.039
2014-07-18,32,0.035
2014-07-19,31,0.033
2014-07-20,29,0.031
2014-07-21,43,0.046
2014-07-22,42,0.045
2014-07-23,67,0.06
2014-07-24,39,0.042
2014-07-25,64,0.059
2014-07-26,46,0.05
2014-07-27,38,0.041
2014-07-28,31,0.034
2014-07-29,33,0.036
2014-07-30,44,0.048
2014-07-31,77,0.063
2014-08-01,51,0.055
2014-08-02,84,0.065
2014-08-03,84,0.065
2014-08-04,84,0.065
2014-08-05,74,0.062
2014-08-06,64,0.059
2014-08-07,47,0.051
2014-08-08,31,0.033
2014-08-09,27,0.029
2014-08-10,31,0.034
2014-08-11,38,0.041
2014-08-12,42,0.045
2014-08-13,40,0.043
2014-08-14,45,0.049
2014-08-15,51,0.055
2014-08-16,44,0.047
2014-08-17,26,0.028
2014-08-18,23,0.025
2014-08-19,41,0.044
2014-08-20,43,0.046
2014-08-21,31,0.034
2014-08-22,37,0.04
2014-08-23,51,0.055
2014-08-24,42,0.045
2014-08-25,40,0.043
2014-08-26,44,0.047
2014-08-27,71,0.061
2014-08-28,41,0.044
2014-08-29,54,0.056
2014-08-30,44,0.048
2014-08-31,19,0.02
2014-09-01,22,0.024
2014-09-02,31,0.033
2014-09-03,44,0.047
2014-09-04,35,0.038
2014-09-05,44,0.048
2014-09-06,44,0.047
2014-09-07,36,0.039
2014-09-08,40,0.043
2014-09-09,37,0.04
2014-09-10,31,0.034
2014-09-11,17,0.018
2014-09-12,30,0.032
2014-09-13,27,0.029
2014-09-14,38,0.041
2014-09-15,41,0.044
2014-09-16,29,0.031
2014-09-17,44,0.048
2014-09-18,48,0.052
2014-09-19,54,0.056
2014-09-20,41,0.044
2014-09-21,36,0.039
2014-09-22,27,0.029
2014-09-23,37,0.04
2014-09-24,38,0.041
2014-09-25,38,0.041
2014-09-26,61,0.058
2014-09-27,36,0.039
2014-09-28,38,0.041
2014-09-29,58,0.057
2014-09-30,67,0.06
2014-10-01,46,0.05
2014-10-02,48,0.052
2014-10-03,30,0.032
2014-10-04,26,0.028
2014-10-05,32,0.035
2014-10-06,27,0.029
2014-10-07,24,0.026
2014-10-08,37,0.04
2014-10-09,21,0.023
2014-10-10,20,0.022
2014-10-11,19,0.021
2014-10-12,19,0.02
2014-10-13,30,0.032
2014-10-14,26,0.028
2014-10-15,19,0.02
2014-10-16,13,0.014
2014-10-17,39,0.042
2014-10-18,22,0.024
2014-10-19,33,0.036
2014-10-20,27,0.029
2014-10-21,19,0.02
2014-10-22,23,0.025
2014-10-23,34,0.037
2014-10-24,32,0.035
2014-10-25,39,0.042
2014-10-26,39,0.042
2014-10-27,40,0.043
2014-10-28,38,0.041
2014-10-29,31,0.033
2014-10-30,19,0.021
2014-10-31,17,0.018
2015-03-01,32,0.035
2015-03-02,44,0.047
2015-03-03,23,0.025
2015-03-04,31,0.034
2015-03-05,37,0.04
2015-03-06,45,0.049
2015-03-07,48,0.052
2015-03-08,61,0.058
2015-03-09,43,0.046
2015-03-10,23,0.025
2015-03-11,46,0.05
2015-03-12,44,0.047
2015-03-13,32,0.035
2015-03-14,28,0.03
2015-03-15,42,0.045
2015-03-16,46,0.05
2015-03-17,39,0.042
2015-03-18,41,0.044
2015-03-19,36,0.039
2015-03-20,30,0.032
2015-03-21,41,0.044
2015-03-22,42,0.045
2015-03-23,39,0.042
2015-03-24,31,0.034
2015-03-25,29,0.031
2015-03-26,24,0.026
2015-03-27,33,0.036
2015-03-28,39,0.042
2015-03-29,46,0.05
2015-03-30,43,0.046
2015-03-31,49,0.053
2015-04-01,45,0.049
2015-04-02,40,0.043
2015-04-03,34,0.037
2015-04-04,38,0.041
2015-04-05,42,0.045
2015-04-06,40,0.043
2015-04-07,37,0.04
2015-04-08,27,0.029
2015-04-09,31,0.033
2015-04-10,41,0.044
2015-04-11,47,0.051
2015-04-12,50,0.054
2015-04-13,39,0.042
2015-04-14,35,0.038
2015-04-15,29,0.031
2015-04-16,39,0.042
2015-04-17,38,0.041
2015-04-18,58,0.057
2015-04-19,36,0.039
2015-04-20,40,0.043
2015-04-21,43,0.046
2015-04-22,43,0.046
2015-04-23,49,0.053
2015-04-24,54,0.056
2015-04-25,36,0.039
2015-04-26,44,0.047
2015-04-27,45,0.049
2015-04-28,44,0.047
2015-04-29,51,0.055
2015-04-30,39,0.042
2015-05-01,46,0.05
2015-05-02,67,0.06
2015-05-03,77,0.063
2015-05-04,67,0.06
2015-05-05,67,0.06
2015-05-06,97,0.069
2015-05-07,97,0.069
2015-05-08,93,0.068
2015-05-09,77,0.063
2015-05-10,58,0.057
2015-05-11,50,0.054
2015-05-12,54,0.056
2015-05-13,45,0.049
2015-05-14,41,0.044
2015-05-15,46,0.05
2015-05-16,32,0.035
2015-05-17,31,0.034
2015-05-18,27,0.029
2015-05-19,44,0.047
2015-05-20,36,0.039
2015-05-21,31,0.034
2015-05-22,58,0.057
2015-05-23,74,0.062
2015-05-24,61,0.058
2015-05-25,42,0.045
2015-05-26,31,0.033
2015-05-27,42,0.045
2015-05-28,38,0.041
2015-05-29,35,0.038
2015-05-30,42,0.045
2015-05-31,38,0.041
2015-06-01,19,0.021
2015-06-02,21,0.023
2015-06-03,30,0.032
2015-06-04,51,0.055
2015-06-05,105,0.072
2015-06-06,47,0.051
2015-06-07,74,0.062
2015-06-08,41,0.044
2015-06-09,71,0.061
2015-06-10,101,0.071
2015-06-11,61,0.058
2015-06-12,45,0.049
2015-06-13,32,0.035
2015-06-14,28,0.03
2015-06-15,31,0.033
2015-06-16,38,0.041
2015-06-17,29,0.031
2015-06-18,32,0.035
2015-06-19,26,0.028
2015-06-20,30,0.032
2015-06-21,49,0.053
2015-06-22,38,0.041
2015-06-23,43,0.046
2015-06-24,64,0.059
2015-06-25,47,0.051
2015-06-26,58,0.057
2015-06-27,44,0.047
2015-06-28,48,0.052
2015-06-29,43,0.046
2015-06-30,48,0.052
2015-07-01,32,0.035
2015-07-02,42,0.045
2015-07-03,32,0.035
2015-07-04,47,0.051
2015-07-05,42,0.045
2015-07-06,49,0.053
2015-07-07,22,0.024
2015-07-08,22,0.024
2015-07-09,33,0.036
2015-07-10,31,0.033
2015-07-11,44,0.047
2015-07-12,39,0.042
2015-07-13,35,0.038
2015-07-14,41,0.044
2015-07-15,44,0.048
2015-07-16,48,0.052
2015-07-17,40,0.043
2015-07-18,39,0.042
2015-07-19,37,0.04
2015-07-20,44,0.048
2015-07-21,38,0.041
2015-07-22,44,0.047
2015-07-23,54,0.056
2015-07-24,61,0.058
2015-07-25,129,0.079
2015-07-26,48,0.052
2015-07-27,44,0.048
2015-07-28,44,0.047
2015-07-29,44,0.047
2015-07-30,44,0.047
2015-07-31,45,0.049
2015-08-01,48,0.052
2015-08-02,54,0.056
2015-08-03,50,0.054
2015-08-04,47,0.051
2015-08-05,61,0.058
2015-08-06,21,0.023
2015-08-07,38,0.041
2015-08-08,64,0.059
2015-08-09,71,0.061
2015-08-10,35,0.038
2015-08-11,41,0.044
2015-08-12,39,0.042
2015-08-13,34,0.037
2015-08-19,23,0.025
2015-08-20,43,0.046
2015-08-21,43,0.046
2015-08-22,47,0.051
2015-08-23,42,0.045
2015-08-24,39,0.042
2015-08-25,37,0.04
2015-08-26,42,0.045
2015-08-27,41,0.044
2015-08-28,61,0.058
2015-08-29,41,0.044
2015-08-30,41,0.044
2015-08-31,58,0.057
2015-09-01,93,0.068
2015-09-02,84,0.065
2015-09-03,74,0.062
2015-09-04,133,0.08
2015-09-05,61,0.058
2015-09-06,64,0.059
2015-09-07,48,0.052
2015-09-08,44,0.047
2015-09-09,36,0.039
2015-09-10,37,0.04
2015-09-11,48,0.052
2015-09-12,28,0.03
2015-09-13,33,0.036
2015-09-14,39,0.042
2015-09-15,47,0.051
2015-09-16,54,0.056
2015-09-17,51,0.055
2015-09-18,58,0.057
2015-09-19,41,0.044
2015-09-20,32,0.035
2015-09-21,41,0.044
2015-09-22,48,0.052
2015-09-23,44,0.048
2015-09-24,45,0.049
2015-09-25,35,0.038
2015-09-26,26,0.028
2015-09-27,29,0.031
2015-09-28,28,0.03
2015-09-29,19,0.02
2015-09-30,16,0.017
2015-10-01,19,0.02
2015-10-02,18,0.019
2015-10-03,11,0.012
2015-10-04,24,0.026
2015-10-05,25,0.027
2015-10-06,34,0.037
2015-10-07,46,0.05
2015-10-08,34,0.037
2015-10-09,29,0.031
2015-10-10,32,0.035
2015-10-11,43,0.046
2015-10-12,37,0.04
2015-10-13,27,0.029
2015-10-14,29,0.031
2015-10-15,35,0.038
2015-10-16,35,0.038
2015-10-17,29,0.031
2015-10-18,34,0.037
2015-10-19,37,0.04
2015-10-20,43,0.046
2015-10-21,41,0.044
2015-10-22,40,0.043
2015-10-23,45,0.049
2015-10-24,25,0.027
2015-10-25,22,0.024
2015-10-26,22,0.024
2015-10-27,21,0.023
2015-10-28,21,0.023
2015-10-29,28,0.03
2015-10-30,16,0.017
2015-10-31,27,0.029
2016-02-29,31,0.033
2016-03-01,35,0.038
2016-03-02,33,0.036
2016-03-03,25,0.027
2016-03-04,19,0.021
2016-03-05,15,0.016
2016-03-06,30,0.032
2016-03-07,40,0.043
2016-03-08,46,0.05
2016-03-09,43,0.046
2016-03-10,30,0.032
2016-03-11,26,0.028
2016-03-12,32,0.035
2016-03-13,28,0.03
2016-03-14,41,0.044
2016-03-15,47,0.051
2016-03-16,42,0.045
2016-03-17,42,0.045
2016-03-18,42,0.045
2016-03-19,31,0.033
2016-03-20,36,0.039
2016-03-21,37,0.04
2016-03-22,44,0.048
2016-03-23,44,0.047
2016-03-24,41,0.044
2016-03-25,26,0.028
2016-03-26,39,0.042
2016-03-27,33,0.036
2016-03-28,32,0.035
2016-03-29,42,0.045
2016-03-30,50,0.054
2016-03-31,39,0.042
2016-04-01,40,0.043
2016-04-02,41,0.044
2016-04-03,41,0.044
2016-04-04,39,0.042
2016-04-05,41,0.044
2016-04-06,42,0.045
2016-04-07,31,0.034
2016-04-08,31,0.033
2016-04-09,38,0.041
2016-04-10,41,0.044
2016-04-11,40,0.043
2016-04-12,42,0.045
2016-04-13,48,0.052
2016-04-14,51,0.055
2016-04-15,64,0.059
2016-04-16,64,0.059
2016-04-17,74,0.062
2016-04-18,80,0.064
2016-04-19,67,0.06
2016-04-20,84,0.065
2016-04-21,46,0.05
2016-04-22,39,0.042
2016-04-23,43,0.046
2016-04-24,48,0.052
2016-04-25,51,0.055
2016-04-26,44,0.048
2016-04-27,33,0.036
2016-04-28,43,0.046
2016-04-29,40,0.043
2016-04-30,29,0.031
2016-05-01,38,0.041
2016-05-02,29,0.031
2016-05-03,34,0.037
2016-05-04,35,0.038
2016-05-05,25,0.027
2016-05-06,44,0.048
2016-05-07,49,0.053
2016-05-08,39,0.042
2016-05-09,37,0.04
2016-05-10,43,0.046
2016-05-11,40,0.043
2016-05-12,41,0.044
2016-05-13,42,0.045
2016-05-14,28,0.03
2016-05-15,42,0.045
2016-05-16,37,0.04
2016-05-17,30,0.032
2016-05-18,39,0.042
2016-05-19,45,0.049
2016-05-20,25,0.027
2016-05-21,32,0.035
2016-05-22,51,0.055
2016-05-23,47,0.051
2016-05-24,67,0.06
2016-05-25,49,0.053
2016-05-26,41,0.044
2016-05-27,43,0.046
2016-05-28,49,0.053
2016-05-29,43,0.046
2016-05-30,58,0.057
2016-05-31,58,0.057
2016-06-01,47,0.051
2016-06-02,42,0.045
2016-06-03,51,0.055
2016-06-04,33,0.036
2016-06-05,44,0.048
2016-06-06,46,0.05
2016-06-07,44,0.047
2016-06-08,43,0.046
2016-06-09,84,0.065
2016-06-10,93,0.068
2016-06-11,84,0.065
2016-06-12,61,0.058
2016-06-13,64,0.059
2016-06-14,58,0.057
2016-06-15,44,0.048
2016-06-16,71,0.061
2016-06-17,41,0.044
2016-06-18,44,0.047
2016-06-19,44,0.048
2016-06-20,43,0.046
2016-06-21,47,0.051
2016-06-22,39,0.042
2016-06-23,39,0.042
2016-06-24,61,0.058
2016-06-25,80,0.064
2016-06-26,50,0.054
2016-06-27,61,0.058
2016-06-28,61,0.058
2016-06-29,45,0.049
2016-06-30,58,0.057
2016-07-01,51,0.055
2016-07-02,58,0.057
2016-07-03,36,0.039
2016-07-04,24,0.026
2016-07-05,29,0.031
2016-07-06,36,0.039
2016-07-07,35,0.038
2016-07-08,29,0.031
2016-07-09,40,0.043
2016-07-10,45,0.049
2016-07-11,44,0.048
2016-07-12,22,0.024
2016-07-13,28,0.03
2016-07-14,34,0.037
2016-07-15,44,0.047
2016-07-16,43,0.046
2016-07-17,41,0.044
2016-07-18,44,0.047
2016-07-19,50,0.054
2016-07-20,58,0.057
2016-07-21,77,0.063
2016-07-22,42,0.045
2016-07-23,47,0.051
2016-07-24,42,0.045
2016-07-25,37,0.04
2016-07-26,36,0.039
2016-07-27,44,0.047
2016-07-28,32,0.035
2016-07-29,40,0.043
2016-07-30,39,0.042
2016-07-31,39,0.042
2016-08-01,34,0.037
2016-08-02,40,0.043
2016-08-03,51,0.055
2016-08-04,44,0.048
2016-08-05,46,0.05
2016-08-06,45,0.049
2016-08-07,48,0.052
2016-08-08,40,0.043
2016-08-09,33,0.036
2016-08-10,27,0.029
2016-08-11,28,0.03
2016-08-12,29,0.031
2016-08-13,27,0.029
2016-08-14,23,0.025
2016-08-15,29,0.031
2016-08-16,23,0.025
2016-08-17,20,0.022
2016-08-18,24,0.026
2016-08-19,33,0.036
2016-08-20,23,0.025
2016-08-21,30,0.032
2016-08-22,35,0.038
2016-08-23,39,0.042
2016-08-24,30,0.032
2016-08-25,34,0.037
2016-08-26,51,0.055
2016-08-27,44,0.047
2016-08-28,38,0.041
2016-08-29,43,0.046
2016-08-30,58,0.057
2016-08-31,46,0.05
2016-09-01,31,0.034
2016-09-02,37,0.04
2016-09-03,35,0.038
2016-09-04,46,0.05
2016-09-05,44,0.048
2016-09-06,45,0.049
2016-09-07,44,0.047
2016-09-08,39,0.042
2016-09-09,30,0.032
2016-09-10,42,0.045
2016-09-11,35,0.038
2016-09-12,44,0.047
2016-09-13,46,0.05
2016-09-14,77,0.063
2016-09-15,44,0.048
2016-09-16,51,0.055
2016-09-17,35,0.038
2016-09-18,31,0.033
2016-09-19,35,0.038
2016-09-20,51,0.055
2016-09-21,51,0.055
2016-09-22,71,0.061
2016-09-23,49,0.053
2016-09-24,87,0.066
2016-09-25,71,0.061
2016-09-26,25,0.027
2016-09-27,37,0.04
2016-09-28,29,0.031
2016-09-29,27,0.029
2016-09-30,27,0.029
2016-10-01,25,0.027
2016-10-02,28,0.03
2016-10-03,37,0.04
2016-10-04,40,0.043
2016-10-05,44,0.048
2016-10-06,43,0.046
2016-10-07,40,0.043
2016-10-08,38,0.041
2016-10-09,35,0.038
2016-10-10,33,0.036
2016-10-11,44,0.047
2016-10-12,44,0.048
2016-10-13,15,0.016
2016-10-14,22,0.024
2016-10-15,43,0.046
2016-10-16,35,0.038
2016-10-17,31,0.033
2016-10-18,38,0.041
2016-10-19,31,0.034
2016-10-20,22,0.024
2016-10-21,21,0.023
2016-10-22,25,0.027
2016-10-23,41,0.044
2016-10-24,35,0.038
2016-10-25,34,0.037
2016-10-26,44,0.048
2016-10-27,29,0.031
2016-10-28,27,0.029
2016-10-29,44,0.047
2016-10-30,43,0.046
2016-10-31,25,0.027
2017-02-28,24,0.026
2017-03-01,34,0.037
2017-03-02,35,0.038
2017-03-03,34,0.037
2017-03-04,38,0.041
2017-03-05,47,0.051
2017-03-06,44,0.047
2017-03-07,34,0.037
2017-03-08,41,0.044
2017-03-09,44,0.048
2017-03-10,39,0.042
2017-03-11,35,0.038
2017-03-12,39,0.042
2017-03-13,35,0.038
2017-03-14,35,0.038
2017-03-15,35,0.038
2017-03-16,40,0.043
2017-03-17,28,0.03
2017-03-18,28,0.03
2017-03-19,30,0.032
2017-03-20,30,0.032
2017-03-21,35,0.038
2017-03-22,37,0.04
2017-03-23,44,0.047
2017-03-24,45,0.049
2017-03-25,45,0.049
2017-03-26,39,0.042
2017-03-27,41,0.044
2017-03-28,32,0.035
2017-03-29,34,0.037
2017-03-30,41,0.044
2017-03-31,21,0.023
2017-04-01,30,0.032
2017-04-02,35,0.038
2017-04-03,40,0.043
2017-04-04,43,0.046
2017-04-05,44,0.047
2017-04-06,33,0.036
2017-04-07,39,0.042
2017-04-08,48,0.052
2017-04-09,49,0.053
2017-04-10,54,0.056
2017-04-11,35,0.038
2017-04-12,42,0.045
2017-04-13,77,0.063
2017-04-14,74,0.062
2017-04-15,46,0.05
2017-04-16,36,0.039
2017-04-17,42,0.045
2017-04-18,38,0.041
2017-04-19,34,0.037
2017-04-20,39,0.042
2017-04-21,36,0.039
2017-04-22,25,0.027
2017-04-23,26,0.028
2017-04-24,36,0.039
2017-04-25,38,0.041
2017-04-26,50,0.054
2017-04-27,41,0.044
2017-04-28,40,0.043
2017-04-29,34,0.037
2017-04-30,36,0.039
2017-05-01,41,0.044
2017-05-02,45,0.049
2017-05-03,41,0.044
2017-05-04,33,0.036
2017-05-05,33,0.036
2017-05-06,36,0.039
2017-05-07,45,0.049
2017-05-08,46,0.05
2017-05-09,44,0.048
2017-05-10,54,0.056
2017-05-11,37,0.04
2017-05-12,24,0.026
2017-05-13,49,0.053
2017-05-14,74,0.062
2017-05-15,71,0.061
2017-05-16,46,0.05
2017-05-17,45,0.049
2017-05-18,46,0.05
2017-05-19,33,0.036
2017-05-20,41,0.044
2017-05-21,31,0.034
2017-05-22,44,0.048
2017-05-23,39,0.042
2017-05-24,35,0.038
2017-05-25,36,0.039
2017-05-26,45,0.049
2017-05-27,38,0.041
2017-05-28,44,0.047
2017-05-29,42,0.045
2017-05-30,48,0.052
2017-05-31,49,0.053
2017-06-01,67,0.06
2017-06-02,80,0.064
2017-06-03,97,0.069
2017-06-04,80,0.064
2017-06-05,38,0.041
2017-06-06,45,0.049
2017-06-07,28,0.03
2017-06-08,40,0.043
2017-06-09,51,0.055
2017-06-10,54,0.056
2017-06-11,47,0.051
2017-06-12,34,0.037
2017-06-13,31,0.034
2017-06-14,36,0.039
2017-06-15,33,0.036
2017-06-16,61,0.058
2017-06-17,47,0.051
2017-06-18,31,0.034
2017-06-19,47,0.051
2017-06-20,61,0.058
2017-06-21,49,0.053
2017-06-22,16,0.017
2017-06-23,30,0.032
2017-06-24,38,0.041
2017-06-25,44,0.048
2017-06-26,37,0.04
2017-06-27,41,0.044
2017-06-28,47,0.051
2017-06-29,34,0.037
2017-06-30,30,0.032
2017-07-01,47,0.051
2017-07-02,47,0.051
2017-07-03,44,0.047
2017-07-04,27,0.029
2017-07-05,26,0.028
2017-07-06,29,0.031
2017-07-07,46,0.05
2017-07-08,41,0.044
2017-07-09,43,0.046
2017-07-10,43,0.046
2017-07-11,39,0.042
2017-07-12,40,0.043
2017-07-13,40,0.043
2017-07-14,43,0.046
2017-07-15,44,0.047
2017-07-16,48,0.052
2017-07-17,87,0.066
2017-07-18,48,0.052
2017-07-19,77,0.063
2017-07-20,54,0.056
2017-07-21,49,0.053
2017-07-22,44,0.048
2017-07-23,44,0.048
2017-07-24,48,0.052
2017-07-25,44,0.048
2017-07-26,71,0.061
2017-07-27,39,0.042
2017-07-28,40,0.043
2017-07-29,33,0.036
2017-07-30,31,0.033
2017-07-31,39,0.042
2017-08-01,42,0.045
2017-08-02,38,0.041
2017-08-03,50,0.054
2017-08-04,36,0.039
2017-08-05,33,0.036
2017-08-06,27,0.029
2017-08-07,26,0.028
2017-08-08,44,0.048
2017-08-09,45,0.049
2017-08-10,58,0.057
2017-08-11,41,0.044
2017-08-12,46,0.05
2017-08-13,44,0.048
2017-08-14,37,0.04
2017-08-15,45,0.049
2017-08-16,36,0.039
2017-08-17,26,0.028
2017-08-18,47,0.051
2017-08-19,48,0.052
2017-08-20,49,0.053
2017-08-21,46,0.05
2017-08-22,32,0.035
2017-08-23,44,0.048
2017-08-24,44,0.047
2017-08-25,42,0.045
2017-08-26,48,0.052
2017-08-27,46,0.05
2017-08-28,26,0.028
2017-08-29,40,0.043
2017-08-30,49,0.053
2017-08-31,51,0.055
2017-09-01,24,0.026
2017-09-02,16,0.017
2017-09-03,34,0.037
2017-09-04,39,0.042
2017-09-05,23,0.025
2017-09-06,32,0.035
2017-09-07,24,0.026
2017-09-08,41,0.044
2017-09-09,38,0.041
2017-09-10,35,0.038
2017-09-11,26,0.028
2017-09-12,25,0.027
2017-09-13,22,0.024
2017-09-14,21,0.023
2017-09-15,38,0.041
2017-09-16,44,0.047
2017-09-17,46,0.05
2017-09-18,47,0.051
2017-09-19,31,0.033
2017-09-20,41,0.044
2017-09-21,43,0.046
2017-09-22,47,0.051
2017-09-23,58,0.057
2017-09-24,45,0.049
2017-09-25,46,0.05
2017-09-26,58,0.057
2017-09-27,58,0.057
2017-09-28,37,0.04
2017-09-29,42,0.045
2017-09-30,34,0.037
2017-10-01,42,0.045
2017-10-02,42,0.045
2017-10-03,43,0.046
2017-10-04,46,0.05
2017-10-05,44,0.048
2017-10-06,46,0.05
2017-10-07,29,0.031
2017-10-08,22,0.024
2017-10-09,19,0.02
2017-10-10,25,0.027
2017-10-11,26,0.028
2017-10-12,21,0.023
2017-10-13,38,0.041
2017-10-14,39,0.042
2017-10-15,22,0.024
2017-10-16,31,0.033
2017-10-17,28,0.03
2017-10-18,37,0.04
2017-10-19,43,0.046
2017-10-20,46,0.05
2017-10-21,44,0.047
2017-10-22,42,0.045
2017-10-23,28,0.03
2017-10-24,29,0.031
2017-10-25,26,0.028
2017-10-26,34,0.037
2017-10-27,39,0.042
2017-10-28,20,0.022
2017-10-29,21,0.023
2017-10-30,30,0.032
2017-10-31,18,0.019
2018-02-28,22,0.024
2018-03-01,33,0.036
2018-03-02,40,0.043
2018-03-05,27,0.029
2018-03-06,41,0.044
2018-03-07,33,0.036
2018-03-08,34,0.037
2018-03-09,39,0.042
2018-03-10,35,0.038
2018-03-11,40,0.043
2018-03-12,39,0.042
2018-03-13,36,0.039
2018-03-14,36,0.039
2018-03-15,48,0.052
2018-03-16,39,0.042
2018-03-17,26,0.028
2018-03-18,43,0.046
2018-03-19,39,0.042
2018-03-20,27,0.029
2018-03-21,31,0.033
2018-03-22,33,0.036
2018-03-23,45,0.049
2018-03-24,41,0.044
2018-03-25,44,0.048
2018-03-26,42,0.045
2018-03-27,35,0.038
2018-03-28,30,0.032
2018-03-29,32,0.035
2018-03-30,37,0.04
2018-03-31,41,0.044
2018-04-01,34,0.037
2018-04-02,32,0.035
2018-04-03,34,0.037
2018-04-04,40,0.043
2018-04-05,42,0.045
2018-04-06,44,0.048
2018-04-07,43,0.046
2018-04-08,43,0.046
2018-04-09,43,0.046
2018-04-10,39,0.042
2018-04-11,40,0.043
2018-04-12,50,0.054
2018-04-13,54,0.056
2018-04-14,36,0.039
2018-04-15,34,0.037
2018-04-16,32,0.035
2018-04-17,50,0.054
2018-04-18,49,0.053
2018-04-19,34,0.037
2018-04-20,47,0.051
2018-04-21,54,0.056
2018-04-22,49,0.053
2018-04-23,40,0.043
2018-04-24,31,0.033
2018-04-25,38,0.041
2018-04-26,43,0.046
2018-04-27,61,0.058
2018-04-28,43,0.046
2018-04-29,46,0.05
2018-04-30,54,0.056
2018-05-01,38,0.041
2018-05-02,46,0.05
2018-05-03,45,0.049
2018-05-04,34,0.037
2018-05-05,32,0.035
2018-05-06,49,0.053
2018-05-07,44,0.047
2018-05-08,50,0.054
2018-05-09,51,0.055
2018-05-10,61,0.058
2018-05-11,67,0.06
2018-05-12,50,0.054
2018-05-13,44,0.047
2018-05-14,61,0.058
2018-05-15,48,0.052
2018-05-16,38,0.041
2018-05-17,32,0.035
2018-05-18,30,0.032
2018-05-19,34,0.037
2018-05-20,64,0.059
2018-05-21,54,0.056
2018-05-22,32,0.035
2018-05-23,47,0.051
2018-05-24,45,0.049
2018-05-25,51,0.055
2018-05-26,44,0.048
2018-05-27,51,0.055
2018-05-28,31,0.034
2018-05-29,20,0.022
2018-05-30,29,0.031
2018-05-31,41,0.044
2018-06-01,43,0.046
2018-06-02,51,0.055
2018-06-03,47,0.051
2018-06-04,46,0.05
2018-06-05,61,0.058
2018-06-06,42,0.045
2018-06-07,80,0.064
2018-06-08,87,0.066
2018-06-09,54,0.056
2018-06-10,47,0.051
2018-06-11,39,0.042
2018-06-12,33,0.036
2018-06-13,39,0.042
2018-06-14,61,0.058
2018-06-15,80,0.064
2018-06-16,77,0.063
2018-06-17,61,0.058
2018-06-18,45,0.049
2018-06-19,38,0.041
2018-06-20,30,0.032
2018-06-21,19,0.02
2018-06-22,37,0.04
2018-06-23,37,0.04
2018-06-24,43,0.046
2018-06-25,26,0.028
2018-06-26,29,0.031
2018-06-27,28,0.03
2018-06-28,51,0.055
2018-06-29,42,0.045
2018-06-30,42,0.045
2018-07-01,37,0.04
2018-07-02,33,0.036
2018-07-03,33,0.036
2018-07-04,36,0.039
2018-07-05,44,0.048
2018-07-06,37,0.04
2018-07-07,46,0.05
2018-07-08,42,0.045
2018-07-09,41,0.044
2018-07-10,47,0.051
2018-07-11,47,0.051
2018-07-12,50,0.054
2018-07-13,67,0.06
2018-07-14,50,0.054
2018-07-15,39,0.042
2018-07-16,32,0.035
2018-07-17,49,0.053
2018-07-18,61,0.058
2018-07-19,58,0.057
2018-07-20,46,0.05
2018-07-21,40,0.043
2018-07-22,30,0.032
2018-07-23,35,0.038
2018-07-24,31,0.034
2018-07-25,46,0.05
2018-07-26,48,0.052
2018-07-27,39,0.042
2018-07-28,41,0.044
2018-07-29,44,0.048
2018-07-30,35,0.038
2018-07-31,38,0.041
2018-08-01,33,0.036
2018-08-02,39,0.042
2018-08-03,48,0.052
2018-08-04,47,0.051
2018-08-05,44,0.047
2018-08-06,32,0.035
2018-08-07,34,0.037
2018-08-08,32,0.035
2018-08-09,44,0.048
2018-08-10,47,0.051
2018-08-11,44,0.048
2018-08-12,43,0.046
2018-08-13,42,0.045
2018-08-14,43,0.046
2018-08-15,31,0.034
2018-08-16,26,0.028
2018-08-17,31,0.034
2018-08-18,39,0.042
2018-08-19,40,0.043
2018-08-20,31,0.033
2018-08-21,31,0.034
2018-08-22,31,0.034
2018-08-23,39,0.042
2018-08-24,41,0.044
2018-08-25,38,0.041
2018-08-26,38,0.041
2018-08-27,43,0.046
2018-08-28,35,0.038
2018-08-29,31,0.033
2018-08-30,43,0.046
2018-08-31,37,0.04
2018-09-01,26,0.028
2018-09-02,28,0.03
2018-09-03,29,0.031
2018-09-04,39,0.042
2018-09-05,34,0.037
2018-09-06,33,0.036
2018-09-07,39,0.042
2018-09-08,21,0.023
2018-09-09,11,0.012
2018-09-10,15,0.016
2018-09-11,21,0.023
2018-09-12,23,0.025
2018-09-13,38,0.041
2018-09-14,34,0.037
2018-09-15,23,0.025
2018-09-16,,0.015
2018-10-17,28,0.03
2018-10-18,32,0.035
2018-10-19,33,0.036
2018-10-20,33,0.036
2018-10-21,27,0.029
2018-10-22,28,0.03
2018-10-23,33,0.036
2018-10-24,28,0.03
2018-10-25,23,0.025
2018-10-26,15,0.016
2018-10-27,18,0.019
2018-10-28,34,0.037
2018-10-29,31,0.033
2018-10-30,31,0.034
2018-10-31,31,0.033
2019-02-28,28,0.03
2019-03-01,25,0.027
2019-03-02,27,0.029
2019-03-03,36,0.039
2019-03-04,33,0.036
2019-03-05,36,0.039
2019-03-06,38,0.041
2019-03-07,35,0.038
2019-03-08,33,0.036
2019-03-09,32,0.035
2019-03-10,40,0.043
2019-03-11,40,0.043
2019-03-12,44,0.047
2019-03-13,47,0.051
2019-03-14,39,0.042
2019-03-15,33,0.036
2019-03-16,41,0.044
2019-03-17,44,0.048
2019-03-18,42,0.045
2019-03-19,47,0.051
2019-03-20,49,0.053
2019-03-21,33,0.036
2019-03-22,44,0.047
2019-03-23,44,0.048
2019-03-24,48,0.052
2019-03-25,35,0.038
2019-03-26,43,0.046
2019-03-27,46,0.05
2019-03-28,50,0.054
2019-03-29,46,0.05
2019-03-30,43,0.046
2019-03-31,40,0.043
2019-04-01,42,0.045
2019-04-02,45,0.049
2019-04-03,51,0.055
2019-04-04,61,0.058
2019-04-05,39,0.042
2019-04-06,47,0.051
2019-04-07,38,0.041
2019-04-08,38,0.041
2019-04-09,47,0.051
2019-04-10,58,0.057
2019-04-11,45,0.049
2019-04-12,40,0.043
2019-04-13,42,0.045
2019-04-14,35,0.038
2019-04-15,36,0.039
2019-04-16,48,0.052
2019-04-17,49,0.053
2019-04-18,51,0.055
2019-04-19,26,0.028
2019-04-20,28,0.03
2019-04-21,44,0.047
2019-04-22,49,0.053
2019-04-23,45,0.049
2019-04-24,45,0.049
2019-04-25,39,0.042
2019-04-26,48,0.052
2019-04-27,43,0.046
2019-04-28,40,0.043
2019-04-29,44,0.047
2019-04-30,43,0.046
2019-05-01,40,0.043
2019-05-02,33,0.036
2019-05-03,31,0.034
2019-05-04,23,0.025
2019-05-05,35,0.038
2019-05-06,50,0.054
2019-05-07,64,0.059
2019-05-08,54,0.056
2019-05-09,31,0.034
2019-05-10,22,0.024
2019-05-11,25,0.027
2019-05-12,24,0.026
2019-05-13,33,0.036
2019-05-14,49,0.053
2019-05-15,47,0.051
2019-05-16,49,0.053
2019-05-17,51,0.055
2019-05-18,46,0.05
2019-05-19,45,0.049
2019-05-20,39,0.042
2019-05-21,37,0.04
2019-05-22,41,0.044
2019-05-23,34,0.037
2019-05-24,43,0.046
2019-05-25,44,0.047
2019-05-26,42,0.045
2019-05-27,43,0.046
2019-05-28,42,0.045
2019-05-29,22,0.024
2019-05-30,29,0.031
2019-05-31,40,0.043
2019-06-01,47,0.051
2019-06-02,51,0.055
2019-06-03,44,0.048
2019-06-04,48,0.052
2019-06-05,45,0.049
2019-06-06,41,0.044
2019-06-07,32,0.035
2019-06-08,32,0.035
2019-06-09,26,0.028
2019-06-10,35,0.038
2019-06-11,32,0.035
2019-06-12,34,0.037
2019-06-13,43,0.046
2019-06-14,45,0.049
2019-06-15,47,0.051
2019-06-16,37,0.04
2019-06-17,29,0.031
2019-06-18,28,0.03
2019-06-19,40,0.043
2019-06-20,40,0.043
2019-06-21,44,0.047
2019-06-22,35,0.038
2019-06-23,30,0.032
2019-06-24,33,0.036
2019-06-25,46,0.05
2019-06-26,51,0.055
2019-06-27,44,0.047
2019-06-28,46,0.05
2019-06-29,47,0.051
2019-06-30,49,0.053
2019-07-01,54,0.056
2019-07-02,58,0.057
2019-07-03,40,0.043
2019-07-04,40,0.043
2019-07-05,41,0.044
2019-07-06,35,0.038
2019-07-07,46,0.05
2019-07-08,38,0.041
2019-07-09,43,0.046
2019-07-10,48,0.052
2019-07-11,44,0.048
2019-07-12,50,0.054
2019-07-13,71,0.061
2019-07-14,41,0.044
2019-07-15,34,0.037
2019-07-16,23,0.025
2019-07-17,31,0.033
2019-07-18,40,0.043
2019-07-19,35,0.038
2019-07-20,36,0.039
2019-07-21,31,0.034
2019-07-22,31,0.034
2019-07-23,39,0.042
2019-07-24,45,0.049
2019-07-25,45,0.049
2019-07-26,47,0.051
2019-07-27,50,0.054
2019-07-28,46,0.05
2019-07-29,45,0.049
2019-07-30,35,0.038
2019-07-31,49,0.053
2019-08-01,49,0.053
2019-08-02,54,0.056
2019-08-03,51,0.055
2019-08-04,54,0.056
2019-08-05,80,0.064
2019-08-06,50,0.054
2019-08-07,49,0.053
2019-08-08,51,0.055
2019-08-09,45,0.049
2019-08-10,61,0.058
2019-08-11,48,0.052
2019-08-12,45,0.049
2019-08-13,49,0.053
2019-08-14,50,0.054
2019-08-15,46,0.05
2019-08-16,46,0.05
2019-08-17,50,0.054
2019-08-18,44,0.048
2019-08-19,45,0.049
2019-08-20,43,0.046
2019-08-21,47,0.051
2019-08-22,44,0.047
2019-08-23,28,0.03
2019-08-24,39,0.042
2019-08-25,32,0.035
2019-08-26,19,0.021
2019-08-27,27,0.029
2019-08-28,38,0.041
2019-08-29,39,0.042
2019-08-30,44,0.048
2019-08-31,42,0.045
2019-09-01,45,0.049
2019-09-02,44,0.048
2019-09-03,48,0.052
2019-09-04,44,0.048
2019-09-05,40,0.043
2019-09-06,48,0.052
2019-09-07,32,0.035
2019-09-08,,0.019
2019-09-10,58,0.057
2019-09-11,47,0.051
2019-09-12,58,0.057
2019-09-13,45,0.049
2019-09-14,42,0.045
2019-09-15,44,0.047
2019-09-16,50,0.054
2019-09-17,48,0.052
2019-09-18,49,0.053
2019-09-19,48,0.052
2019-09-20,43,0.046
2019-09-21,58,0.057
2019-09-22,41,0.044
2019-09-23,32,0.035
2019-09-24,40,0.043
2019-09-25,42,0.045
2019-09-26,40,0.043
2019-09-27,42,0.045
2019-09-28,44,0.047
2019-09-29,42,0.045
2019-09-30,44,0.048
2019-10-01,39,0.042
2019-10-02,42,0.045
2019-10-03,46,0.05
2019-10-04,30,0.032
2019-10-05,42,0.045
2019-10-06,27,0.029
2019-10-07,31,0.033
2019-10-08,31,0.034
2019-10-09,15,0.016
2019-10-10,40,0.043
2019-10-11,39,0.042
2019-10-12,31,0.034
2019-10-13,35,0.038
2019-10-14,40,0.043
2019-10-15,34,0.037
2019-10-16,19,0.021
2019-10-17,28,0.03
2019-10-18,31,0.034
2019-10-19,36,0.039
2019-10-20,32,0.035
2019-10-21,34,0.037
2019-10-22,31,0.033
2019-10-23,31,0.034
2019-10-24,36,0.039
2019-10-25,32,0.035
2019-10-26,22,0.024
2019-10-27,33,0.036
2019-10-28,31,0.033
2019-10-29,19,0.021
2019-10-30,10,0.011
2019-10-31,21,0.023
2020-03-01,44,0.047
2020-03-02,32,0.035
2020-03-03,35,0.038
2020-03-04,38,0.041
2020-03-05,36,0.039
2020-03-06,29,0.031
2020-03-07,34,0.037
2020-03-08,40,0.043
2020-03-09,40,0.043
2020-03-10,25,0.027
2020-03-11,25,0.027
2020-03-12,27,0.029
2020-03-13,34,0.037
2020-03-14,31,0.033
2020-03-15,31,0.033
2020-03-16,25,0.027
2020-03-17,22,0.024
2020-03-18,24,0.026
2020-03-19,21,0.023
2020-03-20,30,0.032
2020-03-21,24,0.026
2020-03-22,29,0.031
2020-03-23,25,0.027
2020-03-24,26,0.028
2020-03-25,39,0.042
2020-03-26,42,0.045
2020-03-27,39,0.042
2020-03-28,35,0.038
2020-03-29,41,0.044
2020-03-30,43,0.046
2020-03-31,24,0.026
2020-04-01,27,0.029
2020-04-02,36,0.039
2020-04-03,43,0.046
2020-04-04,61,0.058
2020-04-05,38,0.041
2020-04-06,38,0.041
2020-04-07,38,0.041
2020-04-08,37,0.04
2020-04-09,43,0.046
2020-04-10,37,0.04
2020-04-11,45,0.049
2020-04-12,41,0.044
2020-04-13,28,0.03
2020-04-14,36,0.039
2020-04-15,42,0.045
2020-04-16,42,0.045
2020-04-17,38,0.041
2020-04-18,44,0.047
2020-04-19,34,0.037
2020-04-20,46,0.05
2020-04-21,42,0.045
2020-04-22,42,0.045
2020-04-23,28,0.03
2020-04-24,37,0.04
2020-04-25,32,0.035
2020-04-26,29,0.031
2020-04-27,41,0.044
2020-04-28,39,0.042
2020-04-29,40,0.043
2020-04-30,29,0.031
2020-05-01,39,0.042
2020-05-02,48,0.052
2020-05-03,40,0.043
2020-05-04,47,0.051
2020-05-05,24,0.026
2020-05-06,43,0.046
2020-05-07,44,0.048
2020-05-08,35,0.038
2020-05-09,38,0.041
2020-05-10,42,0.045
2020-05-11,31,0.034
2020-05-12,38,0.041
2020-05-13,28,0.03
2020-05-14,44,0.047
2020-05-15,36,0.039
2020-05-16,36,0.039
2020-05-17,36,0.039
2020-05-18,29,0.031
2020-05-19,27,0.029
2020-05-20,26,0.028
2020-05-21,23,0.025
2020-05-22,37,0.04
2020-05-23,38,0.041
2020-05-24,32,0.035
2020-05-25,34,0.037
2020-05-26,36,0.039
2020-05-27,31,0.034
2020-05-28,43,0.046
2020-05-29,38,0.041
2020-05-30,39,0.042
2020-05-31,39,0.042
2020-06-01,43,0.046
2020-06-02,50,0.054
2020-06-03,50,0.054
2020-06-04,35,0.038
2020-06-05,45,0.049
2020-06-06,67,0.06
2020-06-07,48,0.052
2020-06-08,46,0.05
2020-06-09,22,0.024
2020-06-10,42,0.045
2020-06-11,42,0.045
2020-06-12,48,0.052
2020-06-13,58,0.057
2020-06-14,42,0.045
2020-06-15,41,0.044
2020-06-16,43,0.046
2020-06-17,47,0.051
2020-06-18,35,0.038
2020-06-19,71,0.061
2020-06-20,80,0.064
2020-06-21,39,0.042
2020-06-22,44,0.048
2020-06-23,40,0.043
2020-06-24,47,0.051
2020-06-25,47,0.051
2020-06-26,48,0.052
2020-06-27,26,0.028
2020-06-28,28,0.03
2020-06-29,30,0.032
2020-06-30,32,0.035
2020-07-01,33,0.036
2020-07-02,44,0.047
2020-07-03,45,0.049
2020-07-04,50,0.054
2020-07-05,44,0.047
2020-07-06,41,0.044
2020-07-07,44,0.048
2020-07-08,44,0.048
2020-07-09,33,0.036
2020-07-10,43,0.046
2020-07-11,45,0.049
2020-07-12,50,0.054
2020-07-13,45,0.049
2020-07-14,48,0.052
2020-07-15,48,0.052
2020-07-16,29,0.031
2020-07-17,37,0.04
2020-07-18,35,0.038
2020-07-19,35,0.038
2020-07-20,35,0.038
2020-07-21,39,0.042
2020-07-22,34,0.037
2020-07-23,31,0.033
2020-07-24,41,0.044
2020-07-25,42,0.045
2020-07-26,32,0.035
2020-07-27,33,0.036
2020-07-28,43,0.046
2020-07-29,37,0.04
2020-07-30,25,0.027
2020-07-31,28,0.03
2020-08-01,28,0.03
2020-08-02,33,0.036
2020-08-03,39,0.042
2020-08-04,32,0.035
2020-08-05,36,0.039
2020-08-06,42,0.045
2020-08-07,48,0.052
2020-08-08,67,0.06
2020-08-09,48,0.052
2020-08-10,31,0.034
2020-08-11,40,0.043
2020-08-12,48,0.052
2020-08-13,44,0.048
2020-08-14,39,0.042
2020-08-15,43,0.046
2020-08-16,42,0.045
2020-08-17,42,0.045
2020-08-18,37,0.04
2020-08-19,34,0.037
2020-08-20,40,0.043
2020-08-21,34,0.037
2020-08-22,33,0.036
2020-08-23,33,0.036
2020-08-24,40,0.043
2020-08-25,48,0.052
2020-08-26,32,0.035
2020-08-27,21,0.023
2020-08-28,19,0.021
2020-08-29,32,0.035
2020-08-30,34,0.037
2020-08-31,27,0.029
2020-09-01,32,0.035
2020-09-02,29,0.031
2020-09-03,34,0.037
2020-09-04,38,0.041
2020-09-05,39,0.042
2020-09-06,43,0.046
2020-09-07,39,0.042
2020-09-08,44,0.048
2020-09-09,43,0.046
2020-09-10,29,0.031
2020-09-11,28,0.03
2020-09-12,26,0.028
2020-09-13,19,0.021
2020-09-14,34,0.037
2020-09-15,28,0.03
2020-09-16,29,0.031
2020-09-17,38,0.041
2020-09-18,31,0.034
2020-09-19,33,0.036
2020-09-20,33,0.036
2020-09-21,37,0.04
2020-09-22,39,0.042
2020-09-23,40,0.043
2020-09-24,39,0.042
2020-09-25,31,0.033
2020-09-26,30,0.032
2020-09-27,29,0.031
2020-09-28,22,0.024
2020-09-29,19,0.02
2020-09-30,34,0.037
2020-10-01,31,0.034
2020-10-02,21,0.023
2020-10-03,29,0.031
2020-10-04,26,0.028
2020-10-05,30,0.032
2020-10-06,38,0.041
2020-10-07,44,0.048
2020-10-08,40,0.043
2020-10-09,39,0.042
2020-10-10,22,0.024
2020-10-11,17,0.018
2020-10-12,20,0.022
2020-10-13,33,0.036
2020-10-14,37,0.04
2020-10-15,33,0.036
2020-10-16,30,0.032
2020-10-17,33,0.036
2020-10-18,29,0.031
2020-10-19,24,0.026
2020-10-20,24,0.026
2020-10-21,33,0.036
2020-10-22,31,0.033
2020-10-23,26,0.028
2020-10-24,14,0.015
2020-10-25,10,0.011
2020-10-26,8,0.009
2020-10-27,12,0.013
2020-10-28,13,0.014
2020-10-29,17,0.018
2020-10-30,21,0.023
2020-10-31,25,0.027
2021-02-28,28,0.03
2021-03-01,31,0.033
2021-03-02,34,0.037
2021-03-03,17,0.018
2021-03-04,38,0.041
2021-03-05,37,0.04
2021-03-06,38,0.041
2021-03-07,40,0.043
2021-03-08,46,0.05
2021-03-09,48,0.052
2021-03-10,50,0.054
2021-03-11,36,0.039
2021-03-12,32,0.035
2021-03-13,37,0.04
2021-03-14,36,0.039
2021-03-15,31,0.034
2021-03-16,41,0.044
2021-03-17,29,0.031
2021-03-18,38,0.041
2021-03-19,40,0.043
2021-03-20,42,0.045
2021-03-21,44,0.047
2021-03-22,44,0.047
2021-03-23,46,0.05
2021-03-24,42,0.045
2021-03-25,32,0.035
2021-03-26,34,0.037
2021-03-27,38,0.041
2021-03-28,33,0.036
2021-03-29,41,0.044
2021-03-30,48,0.052
2021-03-31,35,0.038
2021-04-01,34,0.037
2021-04-02,40,0.043
2021-04-03,43,0.046
2021-04-04,51,0.055
2021-04-05,51,0.055
2021-04-06,47,0.051
2021-04-07,43,0.046
2021-04-08,38,0.041
2021-04-09,47,0.051
2021-04-10,36,0.039
2021-04-11,34,0.037
2021-04-12,44,0.047
2021-04-13,46,0.05
2021-04-14,32,0.035
2021-04-15,26,0.028
2021-04-16,39,0.042
2021-04-17,39,0.042
2021-04-18,44,0.048
2021-04-19,44,0.048
2021-04-20,48,0.052
2021-04-21,38,0.041
2021-04-22,43,0.046
2021-04-23,44,0.048
2021-04-24,35,0.038
2021-04-25,34,0.037
2021-04-26,46,0.05
2021-04-27,48,0.052
2021-04-28,32,0.035
2021-04-29,29,0.031
2021-04-30,45,0.049
2021-05-01,45,0.049
2021-05-02,45,0.049
2021-05-03,36,0.039
2021-05-04,44,0.047
2021-05-05,32,0.035
2021-05-06,40,0.043
2021-05-07,44,0.048
2021-05-08,39,0.042
2021-05-09,43,0.046
2021-05-10,38,0.041
2021-05-11,42,0.045
2021-05-12,37,0.04
2021-05-13,41,0.044
2021-05-14,47,0.051
2021-05-15,51,0.055
2021-05-16,43,0.046
2021-05-17,33,0.036
2021-05-18,44,0.048
2021-05-19,47,0.051
2021-05-20,48,0.052
2021-05-21,49,0.053
2021-05-22,61,0.058
2021-05-23,58,0.057
2021-05-24,71,0.061
2021-05-25,61,0.058
2021-05-26,32,0.035
2021-05-27,45,0.049
2021-05-28,33,0.036
2021-05-29,25,0.027
2021-05-30,31,0.033
2021-05-31,36,0.039
2021-06-01,38,0.041
2021-06-02,29,0.031
2021-06-03,38,0.041
2021-06-04,97,0.069
2021-06-05,49,0.053
2021-06-06,31,0.033
2021-06-07,24,0.026
2021-06-08,29,0.031
2021-06-09,21,0.023
2021-06-10,31,0.033
2021-06-11,34,0.037
2021-06-12,44,0.047
2021-06-13,44,0.047
2021-06-14,80,0.064
2021-06-15,44,0.048
2021-06-16,44,0.047
2021-06-17,54,0.056
2021-06-18,77,0.063
2021-06-19,41,0.044
2021-06-20,35,0.038
2021-06-21,30,0.032
2021-06-22,35,0.038
2021-06-23,42,0.045
2021-06-24,44,0.047
2021-06-25,36,0.039
2021-06-26,43,0.046
2021-06-27,32,0.035
2021-06-28,27,0.029
2021-06-29,37,0.04
2021-06-30,31,0.034
2021-07-01,27,0.029
2021-07-02,36,0.039
2021-07-03,35,0.038
2021-07-04,42,0.045
2021-07-05,43,0.046
2021-07-06,40,0.043
2021-07-07,39,0.042
2021-07-08,33,0.036
2021-07-09,38,0.041
2021-07-10,41,0.044
2021-07-11,35,0.038
2021-07-12,34,0.037
2021-07-13,35,0.038
2021-07-14,38,0.041
2021-07-15,41,0.044
2021-07-16,28,0.03
2021-07-17,35,0.038
2021-07-18,44,0.048
2021-07-19,33,0.036
2021-07-20,48,0.052
2021-07-21,67,0.06
2021-07-22,46,0.05
2021-07-23,44,0.048
2021-07-24,48,0.052
2021-07-25,48,0.052
2021-07-26,64,0.059
2021-07-27,84,0.065
2021-07-28,93,0.068
2021-07-29,61,0.058
2021-07-30,48,0.052
2021-07-31,39,0.042
2021-08-01,46,0.05
2021-08-02,41,0.044
2021-08-03,45,0.049
2021-08-04,43,0.046
2021-08-05,61,0.058
2021-08-06,44,0.047
2021-08-07,47,0.051
2021-08-08,43,0.046
2021-08-09,29,0.031
2021-08-10,27,0.029
2021-08-11,25,0.027
2021-08-12,33,0.036
2021-08-13,33,0.036
2021-08-14,35,0.038
2021-08-15,,0.026
2021-10-06,33,0.036
2021-10-07,28,0.03
2021-10-08,37,0.04
2021-10-09,44,0.047
2021-10-10,42,0.045
2021-10-11,31,0.034
2021-10-12,36,0.039
2021-10-13,27,0.029
2021-10-14,36,0.039
2021-10-15,24,0.026
2021-10-16,31,0.033
2021-10-17,35,0.038
2021-10-18,36,0.039
2021-10-19,43,0.046
2021-10-20,40,0.043
2021-10-21,33,0.036
2021-10-22,16,0.017
2021-10-23,28,0.03
2021-10-24,39,0.042
2021-10-25,31,0.033
2021-10-26,24,0.026
2021-10-27,26,0.028
2021-10-28,17,0.018
2021-10-29,19,0.021
2021-10-30,18,0.019
2021-10-31,27,0.029
2022-02-28,34,0.037
2022-03-01,45,0.049
2022-03-02,45,0.049
2022-03-03,31,0.034
2022-03-04,35,0.038
2022-03-05,51,0.055
2022-03-06,34,0.037
2022-03-07,31,0.034
2022-03-08,35,0.038
2022-03-09,33,0.036
2022-03-10,42,0.045
2022-03-11,41,0.044
2022-03-12,37,0.04
2022-03-13,43,0.046
2022-03-14,44,0.048
2022-03-15,46,0.05
2022-03-16,40,0.043
2022-03-17,44,0.047
2022-03-18,41,0.044
2022-03-19,25,0.027
2022-03-20,43,0.046
2022-03-21,47,0.051
2022-03-22,48,0.052
2022-03-23,38,0.041
2022-03-24,38,0.041
2022-03-25,33,0.036
2022-03-26,34,0.037
2022-03-27,35,0.038
2022-03-28,38,0.041
2022-03-29,35,0.038
2022-03-30,58,0.057
2022-03-31,25,0.027
2022-04-01,35,0.038
2022-04-02,38,0.041
2022-04-03,40,0.043
2022-04-04,35,0.038
2022-04-05,27,0.029
2022-04-06,36,0.039
2022-04-07,37,0.04
2022-04-08,30,0.032
2022-04-09,31,0.033
2022-04-10,43,0.046
2022-04-11,40,0.043
2022-04-12,29,0.031
2022-04-13,35,0.038
2022-04-14,41,0.044
2022-04-15,43,0.046
2022-04-16,45,0.049
2022-04-17,35,0.038
2022-04-18,31,0.034
2022-04-19,40,0.043
2022-04-20,44,0.048
2022-04-21,40,0.043
2022-04-22,45,0.049
2022-04-23,46,0.05
2022-04-24,44,0.048
2022-04-25,33,0.036
2022-04-26,38,0.041
2022-04-27,46,0.05
2022-04-28,44,0.048
2022-04-29,48,0.052
2022-04-30,46,0.05
2022-05-01,45,0.049
2022-05-02,49,0.053
2022-05-03,32,0.035
2022-05-04,30,0.032
2022-05-05,36,0.039
2022-05-06,37,0.04
2022-05-07,30,0.032
2022-05-08,38,0.041
2022-05-09,36,0.039
2022-05-10,46,0.05
2022-05-11,48,0.052
2022-05-12,43,0.046
2022-05-13,40,0.043
2022-05-14,43,0.046
2022-05-15,67,0.06
2022-05-16,47,0.051
2022-05-17,58,0.057
2022-05-18,47,0.051
2022-05-19,45,0.049
2022-05-20,41,0.044
2022-05-21,38,0.041
2022-05-22,31,0.033
2022-05-23,22,0.024
2022-05-24,24,0.026
2022-05-25,32,0.035
2022-05-26,31,0.034
2022-05-27,28,0.03
2022-05-28,40,0.043
2022-05-29,42,0.045
2022-05-30,44,0.048
2022-05-31,42,0.045
2022-06-01,36,0.039
2022-06-02,40,0.043
2022-06-03,80,0.064
2022-06-04,87,0.066
2022-06-05,49,0.053
2022-06-06,44,0.048
2022-06-07,42,0.045
2022-06-08,41,0.044
2022-06-09,44,0.048
2022-06-10,39,0.042
2022-06-11,50,0.054
2022-06-12,39,0.042
2022-06-13,40,0.043
2022-06-14,43,0.046
2022-06-15,64,0.059
2022-06-16,41,0.044
2022-06-17,45,0.049
2022-06-18,41,0.044
2022-06-19,41,0.044
2022-06-20,54,0.056
2022-06-21,64,0.059
2022-06-22,80,0.064
2022-06-23,80,0.064
2022-06-24,71,0.061
2022-06-25,61,0.058
2022-06-26,71,0.061
2022-06-27,49,0.053
2022-06-28,49,0.053
2022-06-29,84,0.065
2022-06-30,90,0.067
2022-07-01,43,0.046
2022-07-02,71,0.061
2022-07-03,46,0.05
2022-07-04,45,0.049
2022-07-05,37,0.04
2022-07-06,47,0.051
2022-07-07,46,0.05
2022-07-08,31,0.033
2022-07-09,32,0.035
2022-07-10,39,0.042
2022-07-11,45,0.049
2022-07-12,64,0.059
2022-07-13,48,0.052
2022-07-14,50,0.054
2022-07-15,67,0.06
2022-07-16,48,0.052
2022-07-17,38,0.041
2022-07-18,39,0.042
2022-07-19,47,0.051
2022-07-20,44,0.048
2022-07-21,67,0.06
2022-07-22,77,0.063
2022-07-23,93,0.068
2022-07-24,40,0.043
2022-07-25,41,0.044
2022-07-26,34,0.037
2022-07-27,36,0.039
2022-07-28,44,0.047
2022-07-29,42,0.045
2022-07-30,43,0.046
2022-07-31,31,0.034
2022-08-01,32,0.035
2022-08-02,61,0.058
2022-08-03,42,0.045
2022-08-04,35,0.038
2022-08-05,24,0.026
2022-08-06,33,0.036
2022-08-07,31,0.033
2022-08-08,31,0.034
2022-08-09,38,0.041
2022-08-10,38,0.041
2022-08-11,61,0.058
2022-08-12,36,0.039
2022-08-13,45,0.049
2022-08-14,38,0.041
2022-08-15,28,0.03
2022-08-16,42,0.045
2022-08-17,42,0.045
2022-08-18,58,0.057
2022-08-19,47,0.051
2022-08-20,40,0.043
2022-08-21,35,0.038
2022-08-22,45,0.049
2022-08-23,48,0.052
2022-08-24,51,0.055
2022-08-25,49,0.053
2022-08-26,67,0.06
2022-08-27,44,0.047
2022-08-28,44,0.047
2022-08-29,29,0.031
2022-08-30,42,0.045
2022-08-31,45,0.049
2022-09-01,43,0.046
2022-09-02,48,0.052
2022-09-03,35,0.038
2022-09-04,31,0.034
2022-09-05,26,0.028
2022-09-06,27,0.029
2022-09-07,41,0.044
2022-09-08,41,0.044
2022-09-09,41,0.044
2022-09-10,33,0.036
2022-09-11,25,0.027
2022-09-12,37,0.04
2022-09-13,34,0.037
2022-09-14,37,0.04
2022-09-15,44,0.048
2022-09-16,48,0.052
2022-09-17,49,0.053
2022-09-18,49,0.053
2022-09-19,45,0.049
2022-09-20,67,0.06
2022-09-21,45,0.049
2022-09-22,34,0.037
2022-09-23,35,0.038
2022-09-24,44,0.047
2022-09-25,41,0.044
2022-09-26,36,0.039
2022-09-27,40,0.043
2022-09-28,22,0.024
2022-09-29,25,0.027
2022-09-30,36,0.039
2022-10-01,37,0.04
2022-10-02,30,0.032
2022-10-03,34,0.037
2022-10-04,45,0.049
2022-10-05,54,0.056
2022-10-06,61,0.058
2022-10-07,31,0.033
2022-10-08,33,0.036
2022-10-09,40,0.043
2022-10-10,45,0.049
2022-10-11,46,0.05
2022-10-12,35,0.038
2022-10-13,34,0.037
2022-10-14,36,0.039
2022-10-15,34,0.037
2022-10-16,32,0.035
2022-10-17,31,0.033
2022-10-18,19,0.021
2022-10-19,26,0.028
2022-10-20,39,0.042
2022-10-21,44,0.048
2022-10-22,58,0.057
2022-10-23,58,0.057
2022-10-24,48,0.052
2022-10-25,44,0.047
2022-10-26,14,0.015
2022-10-27,31,0.034
2022-10-28,38,0.041
2022-10-29,41,0.044
2022-10-30,25,0.027
2022-10-31,25,0.027
2023-02-28,29,0.031
2023-03-01,49,0.053
2023-03-02,33,0.036
2023-03-03,33,0.036
2023-03-04,41,0.044
2023-03-05,42,0.045
2023-03-06,46,0.05
2023-03-07,39,0.042
2023-03-08,39,0.042
2023-03-09,40,0.043
2023-03-10,31,0.034
2023-03-11,38,0.041
2023-03-12,27,0.029
2023-03-13,33,0.036
2023-03-14,38,0.041
2023-03-15,42,0.045
2023-03-16,50,0.054
2023-03-17,31,0.033
2023-03-18,37,0.04
2023-03-19,37,0.04
2023-03-20,43,0.046
2023-03-21,48,0.052
2023-03-22,39,0.042
2023-03-23,37,0.04
2023-03-24,31,0.033
2023-03-25,41,0.044
2023-03-26,46,0.05
2023-03-27,46,0.05
2023-03-28,43,0.046
2023-03-29,49,0.053
2023-03-30,54,0.056
2023-03-31,44,0.048
2023-04-01,42,0.045
2023-04-02,43,0.046
2023-04-03,46,0.05
2023-04-04,33,0.036
2023-04-05,38,0.041
2023-04-06,31,0.033
2023-04-07,43,0.046
2023-04-08,43,0.046
2023-04-09,54,0.056
2023-04-10,50,0.054
2023-04-11,71,0.061
2023-04-12,71,0.061
2023-04-13,77,0.063
2023-04-14,44,0.048
2023-04-15,44,0.047
2023-04-16,31,0.034
2023-04-17,46,0.05
2023-04-18,50,0.054
2023-04-19,64,0.059
2023-04-20,84,0.065
2023-04-21,47,0.051
2023-04-22,41,0.044
2023-04-23,36,0.039
2023-04-24,41,0.044
2023-04-25,46,0.05
2023-04-26,51,0.055
2023-04-27,47,0.051
2023-04-28,35,0.038
2023-04-29,41,0.044
2023-04-30,39,0.042
2023-05-01,37,0.04
2023-05-02,40,0.043
2023-05-03,33,0.036
2023-05-04,47,0.051
2023-05-05,50,0.054
2023-05-06,51,0.055
2023-05-07,40,0.043
2023-05-08,39,0.042
2023-05-09,44,0.048
2023-05-10,49,0.053
2023-05-11,44,0.048
2023-05-12,37,0.04
2023-05-13,36,0.039
2023-05-14,48,0.052
2023-05-15,41,0.044
2023-05-16,29,0.031
2023-05-17,42,0.045
2023-05-18,48,0.052
2023-05-19,40,0.043
2023-05-20,42,0.045
2023-05-21,44,0.048
2023-05-22,49,0.053
2023-05-23,50,0.054
2023-05-24,51,0.055
2023-05-25,49,0.053
2023-05-26,47,0.051
2023-05-27,45,0.049
2023-05-28,41,0.044
2023-05-29,42,0.045
2023-05-30,36,0.039
2023-05-31,44,0.048
2023-06-01,44,0.048
2023-06-02,87,0.066
2023-06-03,90,0.067
2023-06-04,67,0.06
2023-06-05,74,0.062
2023-06-06,97,0.069
2023-06-07,46,0.05
2023-06-08,61,0.058
2023-06-09,87,0.066
2023-06-10,97,0.069
2023-06-11,44,0.048
2023-06-12,39,0.042
2023-06-13,48,0.052
2023-06-14,84,0.065
2023-06-15,71,0.061
2023-06-16,50,0.054
2023-06-17,54,0.056
2023-06-18,61,0.058
2023-06-19,35,0.038
2023-06-20,35,0.038
2023-06-21,44,0.047
2023-06-22,27,0.029
2023-06-23,33,0.036
2023-06-24,100,0.07
2023-06-25,46,0.05
2023-06-26,51,0.055
2023-06-27,45,0.049
2023-06-28,119,0.076
2023-06-29,47,0.051
2023-06-30,38,0.041
2023-07-01,32,0.035
2023-07-02,42,0.045
2023-07-03,44,0.047
2023-07-04,44,0.048
2023-07-05,47,0.051
2023-07-06,45,0.049
2023-07-07,49,0.053
2023-07-08,42,0.045
2023-07-09,38,0.041
2023-07-10,61,0.058
2023-07-11,64,0.059
2023-07-12,54,0.056
2023-07-13,41,0.044
2023-07-14,54,0.056
2023-07-15,28,0.03
2023-07-16,51,0.055
2023-07-17,47,0.051
2023-07-18,42,0.045
2023-07-19,35,0.038
2023-07-20,37,0.04
2023-07-21,43,0.046
2023-07-22,45,0.049
2023-07-23,48,0.052
2023-07-24,44,0.047
2023-07-25,54,0.056
2023-07-26,42,0.045
2023-07-27,42,0.045
2023-07-28,42,0.045
2023-07-29,43,0.046
2023-07-30,41,0.044
2023-07-31,41,0.044
2023-08-01,44,0.047
2023-08-02,41,0.044
2023-08-03,38,0.041
2023-08-04,80,0.064
2023-08-05,49,0.053
2023-08-06,34,0.037
2023-08-07,35,0.038
2023-08-08,46,0.05
2023-08-09,38,0.041
2023-08-10,41,0.044
2023-08-11,45,0.049
2023-08-12,40,0.043
2023-08-13,38,0.041
2023-08-14,35,0.038
2023-08-15,33,0.036
2023-08-16,33,0.036
2023-08-17,40,0.043
2023-08-18,43,0.046
2023-08-19,48,0.052
2023-08-20,49,0.053
2023-08-21,64,0.059
2023-08-22,44,0.048
2023-08-23,77,0.063
2023-08-24,43,0.046
2023-08-25,45,0.049
2023-08-26,43,0.046
2023-08-27,31,0.033
2023-08-28,41,0.044
2023-08-29,48,0.052
2023-08-30,32,0.035
2023-08-31,31,0.034
2023-09-01,48,0.052
2023-09-02,44,0.047
2023-09-03,45,0.049
2023-09-04,45,0.049
2023-09-05,39,0.042
2023-09-06,32,0.035
2023-09-07,34,0.037
2023-09-08,36,0.039
2023-09-09,23,0.025
2023-09-10,34,0.037
2023-09-11,46,0.05
2023-09-12,37,0.04
2023-09-13,38,0.041
2023-09-14,45,0.049
2023-09-15,46,0.05
2023-09-16,54,0.056
2023-09-17,48,0.052
2023-09-18,43,0.046
2023-09-19,48,0.052
2023-09-20,61,0.058
2023-09-21,49,0.053
2023-09-22,49,0.053
2023-09-23,44,0.048
2023-09-24,36,0.039
2023-09-25,37,0.04
2023-09-26,45,0.049
2023-09-27,36,0.039
2023-09-28,38,0.041
2023-09-29,44,0.047
2023-09-30,47,0.051
2023-10-01,44,0.047
2023-10-02,44,0.048
2023-10-03,45,0.049
2023-10-04,47,0.051
2023-10-05,37,0.04
2023-10-06,39,0.042
2023-10-07,27,0.029
2023-10-08,27,0.029
2023-10-09,35,0.038
2023-10-10,38,0.041
2023-10-11,40,0.043
2023-10-12,51,0.055
2023-10-13,44,0.047
2023-10-14,16,0.017
2023-10-15,21,0.023
2023-10-16,18,0.019
2023-10-17,24,0.026
2023-10-18,31,0.034
2023-10-19,40,0.043
2023-10-20,23,0.025
2023-10-21,37,0.04
2023-10-22,28,0.03
2023-10-23,35,0.038
2023-10-24,40,0.043
2023-10-25,41,0.044
2023-10-26,32,0.035
2023-10-27,24,0.026
2023-10-28,19,0.021
2023-10-29,7,0.008
2023-10-30,17,0.018
2023-10-31,29,0.031
2024-02-29,22,0.024
2024-03-01,24,0.026
2024-03-02,19,0.02
2024-03-03,32,0.035
2024-03-04,31,0.033
2024-03-05,26,0.028
2024-03-06,32,0.035
2024-03-07,19,0.02
2024-03-08,30,0.032
2024-03-09,25,0.027
2024-03-10,33,0.036
2024-03-11,37,0.04
2024-03-12,43,0.046
2024-03-13,46,0.05
2024-03-14,38,0.041
2024-03-15,19,0.021
2024-03-16,37,0.04
2024-03-17,36,0.039
2024-03-18,28,0.03
2024-03-19,39,0.042
2024-03-20,36,0.039
2024-03-21,39,0.042
2024-03-22,19,0.021
2024-03-23,38,0.041
2024-03-24,41,0.044
2024-03-25,47,0.051
2024-03-26,39,0.042
2024-03-27,26,0.028
2024-03-28,41,0.044
2024-03-29,45,0.049
2024-03-30,47,0.051
2024-03-31,36,0.039
2024-04-01,35,0.038
2024-04-02,35,0.038
2024-04-03,35,0.038
2024-04-04,29,0.031
2024-04-05,23,0.025
2024-04-06,40,0.043
2024-04-07,39,0.042
2024-04-08,42,0.045
2024-04-09,37,0.04
2024-04-10,31,0.033
2024-04-11,37,0.04
2024-04-12,30,0.032
2024-04-13,44,0.048
2024-04-14,48,0.052
2024-04-15,45,0.049
2024-04-16,46,0.05
2024-04-17,39,0.042
2024-04-18,46,0.05
2024-04-19,30,0.032
2024-04-20,40,0.043
2024-04-21,31,0.033
2024-04-22,46,0.05
2024-04-23,49,0.053
2024-04-24,39,0.042
2024-04-25,36,0.039
2024-04-26,45,0.049
2024-04-27,43,0.046
2024-04-28,41,0.044
2024-04-29,42,0.045
2024-04-30,39,0.042
2024-05-01,44,0.048
2024-05-02,47,0.051
2024-05-03,36,0.039
2024-05-04,38,0.041
2024-05-05,44,0.048
2024-05-06,39,0.042
2024-05-07,28,0.03
2024-05-08,35,0.038
2024-05-09,42,0.045
2024-05-10,33,0.036
2024-05-11,40,0.043
2024-05-12,44,0.048
2024-05-13,43,0.046
2024-05-14,30,0.032
2024-05-15,37,0.04
2024-05-16,43,0.046
2024-05-17,35,0.038
2024-05-18,41,0.044
2024-05-19,50,0.054
2024-05-20,61,0.058
2024-05-21,43,0.046
2024-05-22,36,0.039
2024-05-23,40,0.043
2024-05-24,45,0.049
2024-05-25,40,0.043
2024-05-26,46,0.05
2024-05-27,45,0.049
2024-05-28,45,0.049
2024-05-29,36,0.039
2024-05-30,41,0.044
2024-05-31,46,0.05
2024-06-01,40,0.043
2024-06-02,30,0.032
2024-06-03,45,0.049
2024-06-04,36,0.039
2024-06-05,30,0.032
2024-06-06,45,0.049
2024-06-07,43,0.046
2024-06-08,44,0.047
2024-06-09,40,0.043
2024-06-10,32,0.035
2024-06-11,45,0.049
2024-06-12,67,0.06
2024-06-13,54,0.056
2024-06-14,54,0.056
2024-06-15,45,0.049
2024-06-16,58,0.057
2024-06-17,38,0.041
2024-06-18,47,0.051
2024-06-19,40,0.043
2024-06-20,61,0.058
2024-06-21,77,0.063
2024-06-22,49,0.053
2024-06-23,33,0.036
2024-06-24,46,0.05
2024-06-25,51,0.055
2024-06-26,45,0.049
2024-06-27,47,0.051
2024-06-28,45,0.049
2024-06-29,39,0.042
2024-06-30,42,0.045
2024-07-01,38,0.041
2024-07-02,47,0.051
2024-07-03,37,0.04
2024-07-04,31,0.034
2024-07-05,44,0.048
2024-07-06,48,0.052
2024-07-07,54,0.056
2024-07-08,48,0.052
2024-07-09,43,0.046
2024-07-10,46,0.05
2024-07-11,44,0.048
2024-07-12,58,0.057
2024-07-13,54,0.056
2024-07-14,50,0.054
2024-07-15,44,0.047
2024-07-16,49,0.053
2024-07-17,45,0.049
2024-07-18,46,0.05
2024-07-19,51,0.055
2024-07-20,51,0.055
2024-07-21,40,0.043
2024-07-22,44,0.048
2024-07-23,43,0.046
2024-07-24,58,0.057
2024-07-25,58,0.057
2024-07-26,67,0.06
2024-07-27,77,0.063
2024-07-28,31,0.034
2024-07-29,32,0.035
2024-07-30,47,0.051
2024-07-31,34,0.037
2024-08-01,39,0.042
2024-08-02,44,0.047
2024-08-03,45,0.049
2024-08-04,51,0.055
2024-08-05,71,0.061
2024-08-06,64,0.059
2024-08-07,48,0.052
2024-08-08,46,0.05
2024-08-09,51,0.055
2024-08-10,32,0.035
2024-08-11,34,0.037
2024-08-12,41,0.044
2024-08-13,22,0.024
2024-08-14,42,0.045
2024-08-15,49,0.053
2024-08-16,39,0.042
2024-08-17,43,0.046
2024-08-18,35,0.038
2024-08-19,40,0.043
2024-08-20,37,0.04
2024-08-21,39,0.042
2024-08-22,45,0.049
2024-08-23,58,0.057
2024-08-24,61,0.058
2024-08-25,61,0.058
2024-08-26,54,0.056
2024-08-27,74,0.062
2024-08-28,64,0.059
2024-08-29,67,0.06
2024-08-30,51,0.055
2024-08-31,40,0.043
2024-09-01,42,0.045
2024-09-02,36,0.039
2024-09-03,40,0.043
2024-09-04,43,0.046
2024-09-05,54,0.056
2024-09-06,46,0.05
2024-09-07,31,0.034
2024-09-08,37,0.04
2024-09-09,44,0.048
2024-09-10,61,0.058
2024-09-11,58,0.057
2024-09-12,49,0.053
2024-09-13,30,0.032
2024-09-14,35,0.038
2024-09-15,34,0.037
2024-09-16,41,0.044
2024-09-17,35,0.038
2024-09-18,33,0.036
2024-09-19,48,0.052
2024-09-20,54,0.056
2024-09-21,46,0.05
2024-09-22,41,0.044
2024-09-23,32,0.035
2024-09-24,31,0.034
2024-09-25,24,0.026
2024-09-26,27,0.029
2024-09-27,35,0.038
2024-09-28,24,0.026
2024-09-29,19,0.021
2024-09-30,23,0.025
2024-10-01,24,0.026
2024-10-02,32,0.035
2024-10-03,40,0.043
2024-10-04,48,0.052
2024-10-05,74,0.062
2024-10-06,48,0.052
2024-10-07,36,0.039
2024-10-08,40,0.043
2024-10-09,44,0.048
2024-10-10,41,0.044
2024-10-11,41,0.044
2024-10-12,54,0.056
2024-10-13,48,0.052
2024-10-14,25,0.027
2024-10-15,25,0.027
2024-10-16,28,0.03
2024-10-17,32,0.035
2024-10-18,39,0.042
2024-10-19,40,0.043
2024-10-20,49,0.053
2024-10-21,54,0.056
2024-10-22,45,0.049
2024-10-23,51,0.055
2024-10-24,31,0.034
2024-10-25,47,0.051
2024-10-26,36,0.039
2024-10-27,39,0.042
2024-10-28,37,0.04
2024-10-29,29,0.031
2025-02-28,34,0.037
2025-03-01,33,0.036
2025-03-02,34,0.037
2025-03-03,38,0.041
2025-03-04,44,0.047
2025-03-05,31,0.033
2025-03-06,33,0.036
2025-03-07,35,0.038
2025-03-08,38,0.041
2025-03-09,42,0.045
2025-03-10,45,0.049
2025-03-11,50,0.054
2025-03-12,58,0.057
2025-03-13,49,0.053
2025-03-14,44,0.048
2025-03-15,38,0.041
2025-03-16,34,0.037
2025-03-17,28,0.03
2025-03-18,44,0.047
2025-03-19,40,0.043
2025-03-20,25,0.027
2025-03-21,36,0.039
2025-03-22,40,0.043
2025-03-23,31,0.034
2025-03-24,39,0.042
2025-03-25,33,0.036
2025-03-26,41,0.044
2025-03-27,42,0.045
2025-03-28,50,0.054
2025-03-29,45,0.049
2025-03-30,43,0.046
2025-03-31,31,0.034
2025-04-01,33,0.036
2025-04-02,32,0.035
2025-04-03,34,0.037
2025-04-04,28,0.03
2025-04-05,34,0.037
2025-04-06,33,0.036
2025-04-07,44,0.048
2025-04-08,38,0.041
2025-04-09,42,0.045
2025-04-10,49,0.053
2025-04-11,32,0.035
2025-04-12,46,0.05
2025-04-13,45,0.049
2025-04-14,45,0.049
2025-04-15,36,0.039
2025-04-16,43,0.046
2025-04-17,45,0.049
2025-04-18,61,0.058
2025-04-19,44,0.047
2025-04-20,42,0.045
2025-04-21,31,0.034
2025-04-22,41,0.044
2025-04-23,46,0.05
2025-04-24,43,0.046
2025-04-25,29,0.031
2025-04-26,31,0.033
2025-04-27,43,0.046
2025-04-28,46,0.05
2025-04-29,37,0.04
2025-04-30,35,0.038
2025-05-01,37,0.04
2025-05-02,40,0.043
2025-05-03,27,0.029
2025-05-04,31,0.033
2025-05-05,30,0.032
2025-05-06,37,0.04
2025-05-07,42,0.045
2025-05-08,40,0.043
2025-05-09,44,0.047
2025-05-10,46,0.05
2025-05-11,50,0.054
2025-05-12,24,0.026
2025-05-13,35,0.038
2025-05-14,36,0.039
2025-05-15,40,0.043
2025-05-16,42,0.045
2025-05-17,40,0.043
2025-05-18,40,0.043
2025-05-19,47,0.051
2025-05-20,37,0.04
2025-05-21,33,0.036
2025-05-22,35,0.038
2025-05-23,40,0.043
2025-05-24,44,0.047
2025-05-25,34,0.037
2025-05-26,39,0.042
2025-05-27,16,0.017
2025-05-28,27,0.029
2025-05-29,46,0.05
2025-05-30,43,0.046
2025-05-31,44,0.047
2025-06-01,44,0.047
2025-06-02,71,0.061
2025-06-03,58,0.057
2025-06-04,49,0.053
2025-06-05,37,0.04
2025-06-06,36,0.039
2025-06-07,41,0.044
2025-06-08,41,0.044
2025-06-09,31,0.034
2025-06-10,50,0.054
2025-06-11,64,0.059
2025-06-12,51,0.055
2025-06-13,31,0.033
2025-06-14,29,0.031
2025-06-15,33,0.036
2025-06-16,35,0.038
2025-06-17,26,0.028
2025-06-18,36,0.039
2025-06-19,39,0.042
2025-06-20,46,0.05
2025-06-21,38,0.041
2025-06-22,26,0.028
2025-06-23,35,0.038
2025-06-24,48,0.052
2025-06-25,45,0.049
2025-06-26,45,0.049
2025-06-27,40,0.043
2025-06-28,38,0.041
2025-06-29,37,0.04
2025-06-30,26,0.028
2025-07-01,38,0.041
2025-07-02,48,0.052
2025-07-03,54,0.056
2025-07-04,67,0.06
2025-07-05,47,0.051
2025-07-06,41,0.044
2025-07-07,35,0.038
2025-07-08,44,0.047
2025-07-09,34,0.037
2025-07-10,46,0.05
2025-07-11,44,0.047
2025-07-12,31,0.033
2025-07-13,36,0.039
2025-07-14,34,0.037
2025-07-15,31,0.033
2025-07-16,33,0.036
2025-07-17,31,0.033
2025-07-18,32,0.035
2025-07-19,28,0.03
2025-07-20,24,0.026
2025-07-21,36,0.039
2025-07-22,43,0.046
2025-07-23,71,0.061
2025-07-24,38,0.041
2025-07-25,39,0.042
2025-07-26,28,0.03
2025-07-27,28,0.03
2025-07-28,39,0.042
2025-07-29,44,0.047
2025-07-30,44,0.047
2025-07-31,50,0.054
2025-08-01,39,0.042
2025-08-02,35,0.038
2025-08-03,28,0.03
2025-08-04,31,0.033
2025-08-05,32,0.035
2025-08-06,38,0.041
2025-08-07,41,0.044
2025-08-08,36,0.039
2025-08-09,41,0.044
2025-08-10,39,0.042
2025-08-11,40,0.043
2025-08-12,29,0.031
2025-08-13,39,0.042
2025-08-14,47,0.051
2025-08-15,41,0.044
2025-08-16,42,0.045
2025-08-17,45,0.049
2025-08-18,42,0.045
2025-08-19,49,0.053
2025-08-20,35,0.038
2025-08-21,32,0.035
2025-08-22,36,0.039
2025-08-23,41,0.044
2025-08-24,34,0.037
2025-08-25,31,0.034
2025-08-26,35,0.038
2025-08-27,44,0.047
2025-08-28,45,0.049
2025-08-29,41,0.044
2025-08-30,41,0.044
2025-08-31,42,0.045
2025-09-01,40,0.043
2025-09-02,35,0.038
2025-09-03,43,0.046
2025-09-04,33,0.036
2025-09-05,41,0.044
2025-09-06,23,0.025
2025-09-07,33,0.036
2025-09-08,36,0.039
2025-09-09,48,0.052
2025-09-10,48,0.052
2025-09-11,58,0.057
2025-09-12,74,0.062
2025-09-13,67,0.06
2025-09-14,71,0.061
2025-09-15,64,0.059
2025-09-16,67,0.06
2025-09-17,58,0.057
2025-09-18,90,0.067
2025-09-19,100,0.07
2025-09-20,50,0.054
2025-09-21,44,0.048
2025-09-22,32,0.035
2025-09-23,33,0.036
2025-09-24,27,0.029
2025-09-25,36,0.039
2025-09-26,44,0.048
2025-09-27,46,0.05
2025-09-28,48,0.052
2025-09-29,51,0.055
2025-09-30,47,0.051
2025-10-01,51,0.055
2025-10-02,58,0.057
2025-10-03,46,0.05
2025-10-04,54,0.056
2025-10-05,38,0.041
2025-10-06,32,0.035
2025-10-07,21,0.023
2025-10-08,31,0.034
2025-10-09,36,0.039
2025-10-10,35,0.038
2025-10-11,48,0.052
2025-10-12,44,0.048
2025-10-13,33,0.036
2025-10-14,36,0.039
2025-10-15,39,0.042
2025-10-16,32,0.035
2025-10-17,35,0.038
2025-10-18,44,0.048
2025-10-19,31,0.033
2025-10-20,29,0.031
2025-10-21,33,0.036
2025-10-22,31,0.034
2025-10-23,31,0.034
2025-10-24,32,0.035
2025-10-25,28,0.03
2025-10-26,30,0.032
2025-10-27,21,0.023
2025-10-28,21,0.023
2025-10-29,16,0.017
2025-10-30,15,0.016
2025-10-31,26,0.028
