date,aqi,value
1999-02-06,58,13.0
1999-02-07,76,22.3
1999-02-08,60,13.8
1999-02-09,41,7.3
1999-02-19,69,18.7
1999-04-29,7,1.3
1999-04-30,54,10.8
1999-05-01,47,8.4
1999-05-13,43,7.8
1999-05-14,54,10.6
1999-05-18,7,1.3
1999-06-10,48,8.7
1999-06-11,77,23.2
1999-06-12,8,1.5
1999-06-15,25,4.5
1999-06-16,32,5.7
1999-06-17,42,7.5
1999-06-19,84,26.9
1999-06-20,62,14.9
1999-06-24,6,1.1
1999-06-25,8,1.4
1999-06-26,8,1.5
1999-08-13,32,5.7
1999-08-14,33,5.9
1999-08-15,37,6.6
1999-08-16,57,12.1
1999-08-17,38,6.9
1999-08-18,37,6.6
1999-08-21,61,14.3
1999-08-22,67,17.8
1999-08-25,62,14.8
1999-08-27,69,19.0
1999-08-28,74,21.3
1999-08-29,68,18.0
1999-08-31,70,19.4
1999-09-01,78,23.4
1999-09-02,82,26.0
1999-09-03,4,0.8
1999-09-04,81,25.3
1999-09-05,25,4.5
1999-09-08,19,3.5
1999-09-09,21,3.8
1999-09-11,53,10.2
1999-09-12,22,4.0
1999-09-13,21,3.8
1999-09-14,22,4.0
1999-09-15,47,8.4
1999-09-17,42,7.5
1999-09-18,60,14.0
1999-09-19,60,14.0
1999-09-20,20,3.6
1999-09-21,37,6.6
1999-09-22,29,5.3
1999-09-23,43,7.7
1999-09-24,52,9.8
1999-09-25,52,9.9
1999-09-26,43,7.7
1999-09-27,26,4.6
1999-09-28,32,5.8
1999-09-29,28,5.0
1999-09-30,29,5.3
1999-10-21,41,7.3
1999-10-30,43,7.8
1999-10-31,42,7.5
1999-11-01,46,8.2
1999-11-02,29,5.3
1999-11-03,29,5.3
1999-11-06,54,10.6
1999-11-07,59,13.3
1999-11-08,49,8.8
1999-11-09,55,11.1
1999-11-10,59,13.4
1999-11-11,72,20.6
1999-11-12,76,22.7
1999-11-13,45,8.1
1999-11-14,32,5.7
1999-11-15,49,8.9
1999-11-16,52,9.9
1999-11-17,52,9.5
1999-11-19,57,12.4
1999-11-20,57,12.2
1999-11-21,62,15.1
1999-11-22,62,15.1
1999-11-23,53,10.0
1999-11-24,34,6.2
1999-11-25,36,6.5
1999-11-26,52,9.9
1999-11-27,43,7.7
1999-11-28,55,11.0
1999-11-29,70,19.3
1999-11-30,59,13.6
1999-12-01,54,10.8
1999-12-02,80,24.5
1999-12-03,101,35.6
1999-12-04,72,20.4
1999-12-05,52,9.7
1999-12-06,38,6.9
1999-12-07,51,9.3
1999-12-08,57,12.4
1999-12-09,53,10.0
1999-12-10,53,10.0
1999-12-11,60,13.7
1999-12-12,58,12.7
1999-12-26,33,5.9
2000-01-01,67,17.8
2000-01-02,74,21.2
2000-01-03,58,13.1
2000-01-04,36,6.5
2000-01-05,43,7.8
2000-01-06,22,4.0
2000-01-08,56,11.7
2000-01-09,59,13.5
2000-01-10,18,3.2
2000-01-11,72,20.2
2000-01-12,39,7.0
2000-01-13,62,14.9
2000-01-14,52,9.9
2000-01-15,53,10.0
2000-01-16,57,12.5
2000-01-17,82,25.6
2000-01-18,72,20.2
2000-01-19,63,15.8
2000-01-20,52,9.4
2000-01-23,26,4.7
2000-01-24,52,9.8
2000-01-25,27,4.8
2000-01-26,48,8.7
2000-01-27,55,11.3
2000-01-28,71,20.0
2000-01-29,78,23.7
2000-01-30,100,35.3
2000-01-31,81,25.4
2000-02-02,67,17.6
2000-02-03,19,3.5
2000-02-04,51,9.1
2000-02-05,57,12.5
2000-02-06,58,12.7
2000-02-07,45,8.1
2000-02-08,61,14.5
2000-02-09,61,14.2
2000-02-10,82,25.5
2000-02-11,44,7.9
2000-02-12,69,18.6
2000-02-13,98,34.1
2000-02-15,74,21.4
2000-02-16,61,14.2
2000-02-17,65,16.5
2000-02-18,81,25.1
2000-02-19,68,18.0
2000-02-20,65,16.7
2000-02-21,67,17.6
2000-02-22,74,21.5
2000-02-23,54,10.5
2000-02-24,54,10.7
2000-02-26,24,4.3
2000-02-27,25,4.5
2000-02-28,43,7.8
2000-02-29,48,8.6
2000-03-01,44,8.0
2000-03-03,57,12.1
2000-03-04,38,6.8
2000-03-05,23,4.2
2000-03-06,53,10.1
2000-03-07,64,16.0
2000-03-08,39,7.1
2000-03-09,36,6.4
2000-03-10,58,13.0
2000-03-11,54,10.9
2000-03-12,60,14.1
2000-03-13,56,11.8
2000-03-14,58,12.8
2000-03-15,79,24.0
2000-03-16,43,7.8
2000-03-17,53,10.2
2000-03-18,68,18.2
2000-03-19,80,24.4
2000-03-20,85,27.4
2000-03-21,87,28.3
2000-03-24,48,8.6
2000-03-25,32,5.8
2000-03-26,38,6.9
2000-03-28,42,7.5
2000-03-29,58,12.6
2000-03-30,68,18.3
2000-04-01,48,8.6
2000-04-02,29,5.3
2000-04-03,55,11.3
2000-04-04,54,10.9
2000-04-05,65,16.7
2000-04-06,43,7.8
2000-04-07,3,0.5
2000-04-08,28,5.1
2000-04-09,48,8.7
2000-04-10,44,7.9
2000-04-12,53,10.4
2000-04-13,89,29.4
2000-04-14,65,16.5
2000-04-15,60,13.8
2000-04-16,32,5.7
2000-04-17,55,11.5
2000-04-18,64,16.1
2000-04-19,33,5.9
2000-04-20,45,8.1
2000-04-22,66,17.0
2000-04-23,55,11.3
2000-04-24,54,10.6
2000-04-25,59,13.6
2000-04-26,61,14.3
2000-04-27,38,6.8
2000-04-28,37,6.7
2000-04-30,62,15.2
2000-05-01,35,6.3
2000-05-02,47,8.5
2000-05-03,53,10.0
2000-05-04,52,9.7
2000-05-05,51,9.3
2000-05-06,57,12.2
2000-05-07,68,18.2
2000-05-08,39,7.0
2000-05-09,34,6.2
2000-05-10,39,7.1
2000-05-12,21,3.7
2000-05-13,26,4.7
2000-05-14,36,6.4
2000-05-15,37,6.7
2000-05-16,58,12.8
2000-05-17,65,16.5
2000-05-18,44,8.0
2000-05-23,39,7.0
2000-05-24,34,6.2
2000-05-25,42,7.5
2000-05-26,44,7.9
2000-05-27,23,4.2
2000-05-28,31,5.5
2000-05-29,44,8.0
2000-05-30,58,13.0
2000-05-31,61,14.3
2000-06-01,58,12.6
2000-06-02,23,4.1
2000-06-03,41,7.3
2000-06-04,39,7.0
2000-06-05,24,4.3
2000-06-06,41,7.3
2000-06-07,54,10.8
2000-06-08,57,12.5
2000-06-09,64,16.0
2000-06-10,44,8.0
2000-06-11,46,8.2
2000-06-12,46,8.2
2000-06-13,46,8.3
2000-06-14,31,5.5
2000-06-15,36,6.4
2000-06-16,27,4.8
2000-06-17,31,5.5
2000-06-18,28,5.0
2000-06-19,50,9.0
2000-06-20,25,4.5
2000-06-21,27,4.8
2000-06-22,41,7.3
2000-06-23,49,8.9
2000-06-29,40,7.2
2000-07-01,64,16.0
2000-07-02,53,10.0
2000-07-03,48,8.6
2000-07-04,51,9.1
2000-07-05,51,9.1
2000-07-08,66,17.4
2000-07-09,66,17.4
2000-07-10,67,17.9
2000-07-11,71,19.9
2000-07-13,52,9.8
2000-07-17,27,4.9
2000-07-22,36,6.4
2000-07-23,37,6.6
2000-07-24,57,12.4
2000-07-25,61,14.2
2000-07-26,61,14.2
2000-07-27,59,13.6
2000-07-28,51,9.2
2000-07-29,64,16.2
2000-07-30,68,18.3
2000-07-31,62,14.8
2000-08-01,62,14.8
2000-08-02,64,16.2
2000-08-03,64,16.0
2000-08-04,69,18.8
2000-08-05,69,18.6
2000-08-06,53,10.3
2000-08-07,55,11.5
2000-08-08,52,9.9
2000-08-09,46,8.2
2000-08-10,42,7.5
2000-08-11,56,11.7
2000-08-12,68,18.3
2000-08-13,68,18.2
2000-08-14,64,16.0
2000-08-15,58,12.6
2000-08-16,59,13.4
2000-08-17,53,10.3
2000-08-18,54,10.8
2000-08-19,53,10.1
2000-08-20,58,12.8
2000-08-21,80,24.7
2000-08-22,82,25.8
2000-08-23,56,11.7
2000-08-24,60,13.9
2000-08-25,65,16.7
2000-08-26,62,15.1
2000-08-27,91,30.5
2000-08-28,85,27.6
2000-08-29,51,9.2
2000-08-30,62,14.8
2000-08-31,52,9.4
2000-09-01,55,11.4
2000-09-02,57,12.3
2000-09-03,60,13.9
2000-09-04,52,9.9
2000-09-06,51,9.2
2000-09-07,52,9.4
2000-09-08,61,14.5
2000-09-09,55,11.2
2000-09-10,54,10.8
2000-09-11,53,10.2
2000-09-12,31,5.6
2000-09-13,52,9.7
2000-09-14,31,5.5
2000-09-15,31,5.6
2000-09-16,33,6.0
2000-09-17,45,8.1
2000-09-18,52,9.9
2000-09-19,41,7.3
2000-09-20,16,2.9
2000-09-21,26,4.6
2000-09-22,48,8.7
2000-09-23,16,2.8
2000-09-24,26,4.6
2000-09-25,39,7.1
2000-09-26,42,7.5
2000-09-27,47,8.4
2000-09-28,49,8.8
2000-09-29,58,12.6
2000-09-30,53,10.0
2000-10-01,55,11.1
2000-10-02,31,5.6
2000-10-03,38,6.9
2000-10-05,51,9.2
2000-10-06,27,4.9
2000-10-07,31,5.6
2000-10-08,36,6.5
2000-10-09,33,6.0
2000-10-10,32,5.7
2000-10-11,41,7.3
2000-10-12,51,9.3
2000-10-13,55,11.1
2000-10-14,39,7.0
2000-10-15,45,8.1
2000-10-16,50,9.0
2000-10-17,50,9.0
2000-10-18,47,8.4
2000-10-19,47,8.5
2000-10-20,53,10.2
2000-10-21,53,10.1
2000-10-22,36,6.4
2000-10-23,31,5.6
2000-10-24,58,13.0
2000-10-25,78,23.4
2000-10-26,31,5.6
2000-10-27,58,12.8
2000-10-28,58,13.1
2000-10-29,83,26.3
2000-10-30,76,22.6
2000-11-01,55,11.4
2000-11-02,19,3.5
2000-11-03,24,4.4
2000-11-04,25,4.5
2000-11-05,42,7.6
2000-11-06,13,2.4
2000-11-07,16,2.8
2000-11-08,27,4.8
2000-11-09,43,7.8
2000-11-10,56,11.7
2000-11-11,57,12.5
2000-11-12,52,9.4
2000-11-13,52,9.4
2000-11-14,54,10.6
2000-11-15,72,20.2
2000-11-16,44,8.0
2000-11-17,51,9.2
2000-11-18,46,8.2
2000-11-19,22,3.9
2000-11-20,33,5.9
2000-11-21,59,13.3
2000-11-22,81,25.4
2000-11-30,60,13.7
2000-12-01,65,16.6
2000-12-02,59,13.3
2000-12-03,56,11.9
2000-12-04,51,9.2
2000-12-06,44,7.9
2000-12-07,29,5.2
2000-12-08,52,9.6
2000-12-09,65,16.5
2000-12-10,44,7.9
2000-12-13,62,14.9
2000-12-14,87,28.6
2000-12-15,69,18.8
2000-12-16,59,13.5
2000-12-20,55,11.5
2000-12-21,34,6.1
2000-12-22,53,10.0
2000-12-23,62,14.8
2000-12-26,69,18.5
2000-12-28,80,24.8
2000-12-29,53,10.3
2000-12-30,54,10.9
2000-12-31,69,18.7
2001-01-01,69,18.9
2001-01-03,69,19.0
2001-01-04,49,8.9
2001-01-07,3,0.6
2001-01-10,6,1.0
2001-01-11,65,16.6
2001-01-12,80,24.9
2001-01-13,60,13.9
2001-01-14,56,12.0
2001-01-15,61,14.4
2001-01-16,63,15.5
2001-01-17,72,20.5
2001-01-18,55,11.0
2001-01-19,52,9.5
2001-01-20,59,13.3
2001-01-21,76,22.6
2001-01-22,76,22.5
2001-01-24,58,12.9
2001-01-25,65,16.7
2001-01-26,55,11.5
2001-01-27,55,11.0
2001-01-28,54,10.7
2001-01-29,55,11.5
2001-01-30,61,14.2
2001-01-31,33,5.9
2001-02-02,60,14.1
2001-02-03,73,20.9
2001-02-04,55,11.3
2001-02-05,54,10.6
2001-02-07,86,28.0
2001-02-08,74,21.5
2001-02-09,39,7.0
2001-02-10,58,13.1
2001-02-11,56,11.8
2001-02-12,80,24.4
2001-02-13,78,23.4
2001-02-14,70,19.2
2001-02-15,79,24.1
2001-02-16,54,10.8
2001-02-17,55,11.3
2001-02-18,59,13.3
2001-02-19,71,19.7
2001-02-20,71,20.0
2001-02-21,47,8.5
2001-02-22,66,17.0
2001-02-23,67,17.7
2001-02-24,27,4.9
2001-02-25,59,13.5
2001-02-26,66,17.1
2001-02-27,40,7.2
2001-02-28,64,16.0
2001-03-02,79,24.2
2001-03-08,65,16.4
2001-03-09,77,23.1
2001-03-10,76,22.4
2001-03-11,59,13.6
2001-03-12,58,13.1
2001-03-13,28,5.0
2001-03-14,48,8.6
2001-03-15,66,17.2
2001-03-16,56,11.6
2001-03-17,65,16.4
2001-03-18,60,13.9
2001-03-19,63,15.6
2001-03-20,63,15.3
2001-03-21,76,22.6
2001-03-22,93,31.9
2001-03-23,64,16.1
2001-03-24,42,7.6
2001-03-25,57,12.3
2001-03-26,51,9.2
2001-03-28,71,20.1
2001-03-29,71,20.1
2001-03-31,36,6.5
2001-04-01,52,9.7
2001-04-02,62,15.0
2001-04-03,61,14.5
2001-04-04,100,35.4
2001-04-05,115,41.0
2001-04-06,76,22.6
2001-04-07,14,2.5
2001-04-08,52,9.9
2001-04-09,42,7.5
2001-04-10,55,11.2
2001-04-11,24,4.3
2001-04-12,19,3.5
2001-04-13,52,9.9
2001-04-14,45,8.1
2001-04-15,33,6.0
2001-04-16,30,5.4
2001-04-17,47,8.5
2001-04-18,63,15.8
2001-04-19,64,15.9
2001-04-20,58,13.0
2001-04-21,37,6.7
2001-04-22,58,12.8
2001-04-23,22,3.9
2001-04-24,39,7.1
2001-04-25,38,6.8
2001-04-26,50,9.0
2001-04-27,52,9.5
2001-05-01,56,11.7
2001-05-03,44,7.9
2001-05-04,52,9.5
2001-05-05,48,8.6
2001-05-06,29,5.2
2001-05-07,19,3.5
2001-05-08,36,6.4
2001-05-09,44,7.9
2001-05-11,37,6.6
2001-05-12,45,8.1
2001-05-13,48,8.6
2001-05-14,51,9.1
2001-05-15,45,8.1
2001-05-16,51,9.2
2001-05-17,44,8.0
2001-05-18,37,6.7
2001-05-19,48,8.6
2001-05-20,35,6.3
2001-05-21,22,3.9
2001-05-22,19,3.4
2001-05-25,52,9.7
2001-05-26,36,6.5
2001-05-27,47,8.4
2001-05-28,47,8.4
2001-05-29,52,9.8
2001-05-30,55,11.1
2001-06-02,31,5.5
2001-06-03,28,5.0
2001-06-15,22,4.0
2001-06-16,28,5.0
2001-06-17,44,8.0
2001-06-18,54,10.8
2001-06-19,26,4.7
2001-06-20,47,8.4
2001-06-21,46,8.2
2001-06-22,37,6.7
2001-06-23,47,8.5
2001-06-24,52,9.4
2001-06-30,63,15.5
2001-07-06,52,9.4
2001-07-07,76,22.4
2001-07-08,56,11.9
2001-07-09,33,5.9
2001-07-10,6,1.0
2001-07-11,55,11.0
2001-07-12,54,10.6
2001-07-13,61,14.4
2001-07-14,69,18.9
2001-07-15,77,23.1
2001-07-16,76,22.3
2001-07-17,75,21.8
2001-07-18,53,10.0
2001-07-19,36,6.5
2001-07-20,66,17.1
2001-07-21,67,17.9
2001-07-22,59,13.5
2001-07-23,52,9.7
2001-07-24,57,12.1
2001-07-25,50,9.0
2001-07-26,63,15.3
2001-07-27,64,16.0
2001-07-28,49,8.9
2001-07-29,53,10.3
2001-07-30,62,15.2
2001-07-31,57,12.3
2001-08-01,55,11.2
2001-08-02,58,13.0
2001-08-03,58,12.8
2001-08-04,63,15.3
2001-08-05,77,22.8
2001-08-07,71,19.8
2001-08-08,80,24.7
2001-08-09,61,14.7
2001-08-10,28,5.1
2001-08-11,38,6.8
2001-08-12,42,7.5
2001-08-13,42,7.6
2001-08-14,52,9.7
2001-08-15,52,9.4
2001-08-16,34,6.2
2001-08-17,45,8.1
2001-08-18,29,5.2
2001-08-19,38,6.8
2001-08-20,47,8.4
2001-08-21,49,8.8
2001-08-22,50,9.0
2001-08-23,37,6.6
2001-08-24,37,6.7
2001-08-25,50,9.0
2001-08-26,57,12.4
2001-08-27,56,11.6
2001-08-28,39,7.0
2001-08-29,47,8.5
2001-08-30,35,6.3
2001-08-31,40,7.2
2001-09-01,33,5.9
2001-09-02,54,10.9
2001-09-03,54,10.9
2001-09-04,41,7.3
2001-09-05,63,15.4
2001-09-06,64,16.3
2001-09-07,51,9.2
2001-09-08,32,5.8
2001-09-09,24,4.4
2001-09-10,32,5.8
2001-09-11,43,7.7
2001-09-12,53,10.4
2001-09-13,44,8.0
2001-09-14,36,6.5
2001-09-15,42,7.5
2001-09-16,70,19.2
2001-09-17,59,13.2
2001-09-18,57,12.1
2001-09-19,56,11.7
2001-09-20,44,7.9
2001-09-21,24,4.4
2001-09-22,40,7.2
2001-09-23,21,3.8
2001-09-24,18,3.2
2001-09-25,29,5.2
2001-09-26,34,6.2
2001-09-27,45,8.1
2001-09-28,55,11.3
2001-09-29,44,8.0
2001-09-30,52,9.9
2001-10-01,58,13.1
2001-10-02,53,10.3
2001-10-03,22,4.0
2001-10-04,51,9.1
2001-10-05,40,7.2
2001-10-06,34,6.1
2001-10-07,32,5.8
2001-10-08,46,8.3
2001-10-09,59,13.3
2001-10-10,33,5.9
2001-10-11,35,6.3
2001-10-12,51,9.2
2001-10-13,21,3.8
2001-10-14,16,2.9
2001-10-15,20,3.6
2001-10-16,24,4.4
2001-10-17,24,4.4
2001-10-18,28,5.1
2001-10-19,31,5.5
2001-10-20,33,5.9
2001-10-21,32,5.8
2001-10-22,53,10.1
2001-10-23,58,12.6
2001-10-24,13,2.4
2001-10-25,21,3.8
2001-10-26,32,5.8
2001-10-27,32,5.8
2001-10-28,44,7.9
2001-10-29,56,11.6
2001-10-30,56,12.0
2001-10-31,59,13.4
2001-11-01,27,4.9
2001-11-02,35,6.3
2001-11-03,47,8.5
2001-11-04,46,8.3
2001-11-05,60,14.0
2001-11-06,56,11.9
2001-11-08,51,9.3
2001-11-09,30,5.4
2001-11-10,36,6.5
2001-11-11,63,15.3
2001-11-12,60,14.0
2001-11-14,83,26.2
2001-11-15,61,14.5
2001-11-17,67,17.5
2001-11-18,55,11.3
2001-11-19,18,3.2
2001-11-20,25,4.5
2001-11-21,37,6.6
2001-11-22,42,7.5
2001-11-23,63,15.8
2001-11-24,38,6.9
2001-11-25,43,7.7
2001-11-26,42,7.6
2001-11-27,17,3.0
2001-11-28,33,6.0
2001-11-29,56,12.0
2001-11-30,63,15.8
2001-12-01,61,14.2
2001-12-02,54,10.9
2001-12-03,71,19.6
2001-12-04,56,11.9
2001-12-05,42,7.5
2001-12-06,24,4.3
2001-12-07,53,10.2
2001-12-08,37,6.7
2001-12-09,16,2.9
2001-12-10,37,6.7
2001-12-11,56,11.8
2001-12-12,64,16.3
2001-12-13,55,11.0
2001-12-14,54,10.5
2001-12-15,55,11.2
2001-12-19,17,3.1
2001-12-20,23,4.1
2001-12-21,46,8.3
2001-12-22,39,7.1
2001-12-23,9,1.7
2001-12-24,36,6.4
2001-12-25,56,11.8
2001-12-27,52,9.6
2001-12-28,28,5.1
2001-12-29,29,5.2
2001-12-30,39,7.1
2001-12-31,50,9.0
2002-01-01,58,12.6
2002-01-02,69,18.8
2002-01-03,51,9.2
2002-01-04,67,17.5
2002-01-05,39,7.1
2002-01-06,27,4.8
2002-01-07,34,6.2
2002-01-08,39,7.1
2002-01-09,46,8.3
2002-01-10,33,5.9
2002-01-11,36,6.4
2002-01-12,19,3.5
2002-01-13,8,1.5
2002-01-14,37,6.7
2002-01-16,50,9.0
2002-01-17,46,8.3
2002-01-18,53,10.2
2002-01-19,58,12.9
2002-01-20,53,10.0
2002-01-21,22,4.0
2002-01-22,39,7.1
2002-01-23,54,10.7
2002-01-24,54,10.7
2002-01-25,19,3.5
2002-01-26,23,4.2
2002-01-27,37,6.7
2002-01-28,54,10.7
2002-01-29,61,14.2
2002-01-30,52,9.6
2002-01-31,69,18.8
2002-02-01,73,21.0
2002-02-02,77,23.1
2002-02-03,76,22.6
2002-02-04,58,13.0
2002-02-05,97,33.9
2002-02-06,77,23.0
2002-02-07,68,18.0
2002-02-08,66,17.1
2002-02-09,54,10.5
2002-02-10,39,7.1
2002-02-11,28,5.0
2002-02-12,18,3.3
2002-02-13,28,5.0
2002-02-14,20,3.6
2002-02-15,26,4.6
2002-02-16,18,3.3
2002-02-17,31,5.5
2002-02-18,52,9.5
2002-02-19,79,24.2
2002-02-20,56,11.6
2002-02-21,51,9.2
2002-02-22,58,12.6
2002-02-23,35,6.3
2002-02-24,47,8.5
2002-02-25,32,5.7
2002-02-26,24,4.4
2002-02-27,26,4.7
2002-02-28,38,6.8
2002-03-03,37,6.6
2002-03-06,72,20.5
2002-03-07,77,23.3
2002-03-08,60,14.1
2002-03-09,38,6.8
2002-03-10,25,4.5
2002-03-11,58,12.9
2002-03-12,68,18.2
2002-03-13,43,7.8
2002-03-14,69,18.6
2002-03-15,53,10.1
2002-03-16,52,9.9
2002-03-17,67,17.9
2002-03-18,83,26.4
2002-03-19,80,24.9
2002-03-20,60,13.9
2002-03-21,32,5.7
2002-03-22,42,7.5
2002-03-23,54,10.8
2002-03-24,46,8.2
2002-03-25,33,5.9
2002-03-26,57,12.4
2002-03-27,63,15.7
2002-04-02,51,9.1
2002-04-10,52,9.9
2002-04-11,66,17.1
2002-04-12,68,18.2
2002-04-13,44,7.9
2002-04-14,67,17.8
2002-04-15,56,11.9
2002-04-16,57,12.5
2002-04-17,44,8.0
2002-04-18,54,10.5
2002-04-19,28,5.0
2002-04-20,44,8.0
2002-04-24,54,10.8
2002-04-25,34,6.1
2002-04-26,39,7.1
2002-04-27,34,6.2
2002-04-28,51,9.2
2002-04-29,53,10.2
2002-05-02,31,5.5
2002-05-03,31,5.6
2002-05-04,34,6.2
2002-05-05,44,7.9
2002-05-06,44,7.9
2002-05-07,39,7.1
2002-05-08,23,4.1
2002-05-10,34,6.2
2002-05-11,36,6.4
2002-05-12,18,3.3
2002-05-13,18,3.3
2002-05-14,34,6.1
2002-05-15,51,9.3
2002-05-16,42,7.5
2002-05-17,18,3.3
2002-05-18,30,5.4
2002-05-19,33,5.9
2002-05-20,26,4.7
2002-05-21,42,7.5
2002-05-22,61,14.3
2002-05-23,30,5.4
2002-05-24,27,4.8
2002-05-25,22,3.9
2002-05-26,24,4.3
2002-05-27,26,4.7
2002-05-28,32,5.7
2002-05-29,43,7.8
2002-05-30,43,7.8
2002-05-31,46,8.3
2002-06-01,56,11.8
2002-06-02,54,10.8
2002-06-03,68,18.3
2002-06-04,52,9.6
2002-06-05,42,7.5
2002-06-06,41,7.4
2002-06-07,51,9.2
2002-06-08,64,16.3
2002-06-09,65,16.7
2002-06-10,57,12.4
2002-06-11,48,8.6
2002-06-12,52,9.5
2002-06-13,22,3.9
2002-06-14,26,4.7
2002-06-15,52,9.5
2002-06-16,41,7.4
2002-06-17,50,9.0
2002-06-18,58,12.8
2002-06-19,68,18.0
2002-06-20,66,17.2
2002-06-21,64,15.9
2002-06-22,62,15.1
2002-06-23,70,19.1
2002-06-24,88,29.0
2002-06-25,80,24.5
2002-06-26,58,12.8
2002-06-27,54,10.6
2002-06-28,55,11.5
2002-06-29,64,15.9
2002-06-30,60,14.0
2002-07-01,54,10.8
2002-07-02,58,12.8
2002-07-03,57,12.4
2002-07-04,65,16.5
2002-07-05,60,13.9
2002-07-06,74,21.7
2002-07-07,92,31.2
2002-07-08,84,26.7
2002-07-09,52,9.5
2002-07-10,47,8.4
2002-07-11,33,5.9
2002-07-12,57,12.2
2002-07-13,61,14.6
2002-07-14,66,17.3
2002-07-15,69,18.6
2002-07-16,76,22.7
2002-07-17,63,15.4
2002-07-18,46,8.2
2002-07-19,53,10.4
2002-07-20,53,10.3
2002-07-21,52,9.6
2002-07-22,42,7.6
2002-07-23,32,5.8
2002-07-24,52,9.7
2002-07-25,67,17.7
2002-07-26,62,15.2
2002-07-31,48,8.6
2002-08-01,40,7.2
2002-08-02,25,4.5
2002-08-03,56,11.6
2002-08-04,56,11.9
2002-08-05,65,16.6
2002-08-06,62,14.9
2002-08-07,57,12.4
2002-08-08,53,10.4
2002-08-09,67,17.8
2002-08-10,59,13.6
2002-08-11,63,15.7
2002-08-12,62,14.9
2002-08-13,33,5.9
2002-08-14,31,5.5
2002-08-15,31,5.5
2002-08-16,44,8.0
2002-08-17,19,3.5
2002-08-18,22,3.9
2002-08-19,28,5.1
2002-08-20,51,9.2
2002-08-21,55,11.1
2002-08-22,31,5.5
2002-08-23,36,6.4
2002-08-24,44,7.9
2002-08-25,44,8.0
2002-08-26,54,10.5
2002-08-27,61,14.3
2002-08-28,72,20.5
2002-08-29,80,24.8
2002-08-30,77,23.2
2002-08-31,94,32.1
2002-09-01,93,31.5
2002-09-02,63,15.4
2002-09-03,27,4.9
2002-09-04,53,10.2
2002-09-05,69,18.7
2002-09-06,72,20.4
2002-09-07,73,20.9
2002-09-11,36,6.5
2002-09-12,42,7.5
2002-09-13,56,11.8
2002-09-14,55,11.3
2002-09-15,26,4.6
2002-09-16,39,7.0
2002-09-17,54,10.8
2002-09-18,57,12.5
2002-09-19,19,3.4
2002-09-20,32,5.7
2002-09-21,23,4.1
2002-09-22,19,3.5
2002-09-23,16,2.8
2002-09-24,23,4.2
2002-09-28,68,18.0
2002-09-29,57,12.1
2002-09-30,58,13.1
2002-10-01,27,4.9
2002-10-02,20,3.6
2002-10-03,48,8.6
2002-10-04,14,2.6
2002-10-05,23,4.2
2002-10-06,23,4.2
2002-10-07,22,3.9
2002-10-08,26,4.6
2002-10-09,39,7.0
2002-10-10,40,7.2
2002-10-11,52,9.5
2002-10-12,32,5.7
2002-10-13,22,3.9
2002-10-14,24,4.4
2002-10-15,25,4.5
2002-10-16,31,5.6
2002-10-17,38,6.9
2002-10-18,36,6.4
2002-10-19,38,6.9
2002-10-20,57,12.5
2002-10-21,54,10.6
2002-10-22,43,7.7
2002-10-23,49,8.8
2002-10-24,66,16.9
2002-10-25,54,10.5
2002-10-26,54,10.7
2002-10-27,56,11.8
2002-10-28,62,14.8
2002-10-29,73,20.8
2002-10-30,52,9.5
2002-10-31,52,9.6
2002-11-01,48,8.6
2002-11-02,55,11.1
2002-11-03,54,10.8
2002-11-04,66,17.3
2002-11-05,70,19.2
2002-11-06,52,9.8
2002-11-07,26,4.7
2002-11-08,28,5.0
2002-11-09,48,8.6
2002-11-10,34,6.1
2002-11-11,43,7.8
2002-11-12,47,8.5
2002-11-13,28,5.1
2002-11-14,57,12.4
2002-11-15,67,17.9
2002-11-16,71,19.7
2002-11-17,73,21.1
2002-11-18,59,13.3
2002-11-19,48,8.7
2002-11-20,37,6.7
2002-11-21,31,5.6
2002-11-22,36,6.4
2002-11-27,71,20.1
2002-11-28,48,8.6
2002-11-29,11,2.0
2002-11-30,33,5.9
2002-12-01,24,4.3
2002-12-04,69,18.8
2002-12-06,38,6.9
2002-12-07,52,9.4
2002-12-08,55,11.1
2002-12-09,78,23.6
2002-12-10,80,24.5
2002-12-11,79,24.0
2002-12-12,71,19.8
2002-12-13,52,9.6
2002-12-14,55,11.0
2002-12-15,49,8.8
2002-12-16,65,16.7
2002-12-17,79,24.2
2002-12-19,18,3.3
2002-12-20,14,2.6
2002-12-21,36,6.5
2002-12-22,26,4.6
2002-12-23,25,4.5
2002-12-24,53,10.2
2002-12-25,40,7.2
2002-12-28,31,5.6
2002-12-29,53,10.4
2002-12-30,33,6.0
2002-12-31,37,6.7
2003-01-01,32,5.7
2003-01-02,48,8.7
2003-01-03,63,15.8
2003-01-04,37,6.6
2003-01-05,54,10.7
2003-01-06,53,10.0
2003-01-07,30,5.4
2003-01-08,23,4.2
2003-01-09,21,3.8
2003-01-10,16,2.9
2003-01-11,34,6.2
2003-01-12,41,7.4
2003-01-13,34,6.1
2003-01-14,29,5.2
2003-01-15,52,9.7
2003-01-16,41,7.4
2003-01-17,58,12.8
2003-01-18,51,9.1
2003-01-19,57,12.5
2003-01-20,40,7.2
2003-01-21,48,8.7
2003-01-22,52,9.5
2003-01-25,72,20.5
2003-01-26,49,8.9
2003-01-27,54,10.6
2003-01-28,74,21.7
2003-01-29,51,9.3
2003-01-31,57,12.5
2003-02-01,53,10.3
2003-02-02,70,19.5
2003-02-03,52,9.4
2003-02-04,26,4.7
2003-02-05,62,15.0
2003-02-06,46,8.3
2003-02-07,44,7.9
2003-02-08,41,7.3
2003-02-09,47,8.4
2003-02-10,52,9.8
2003-02-11,48,8.7
2003-02-12,43,7.8
2003-02-13,62,14.9
2003-02-14,64,16.1
2003-02-15,57,12.3
2003-02-16,65,16.7
2003-02-17,69,19.0
2003-02-18,51,9.2
2003-02-19,57,12.5
2003-02-20,29,5.3
2003-02-21,56,11.8
2003-02-22,67,17.7
2003-02-23,44,8.0
2003-02-24,52,9.9
2003-02-26,73,21.0
2003-02-27,82,25.6
2003-02-28,83,26.5
2003-03-01,81,25.0
2003-03-02,39,7.0
2003-03-03,57,12.1
2003-03-04,54,10.9
2003-03-08,61,14.7
2003-03-09,44,8.0
2003-03-10,51,9.2
2003-03-11,65,16.6
2003-03-12,104,36.9
2003-03-13,83,26.5
2003-03-14,90,30.3
2003-03-15,63,15.3
2003-03-16,61,14.5
2003-03-17,78,23.8
2003-03-18,94,32.3
2003-03-19,91,30.4
2003-03-20,56,11.8
2003-03-21,26,4.7
2003-03-22,40,7.2
2003-03-23,30,5.4
2003-03-24,13,2.4
2003-03-26,38,6.8
2003-03-27,61,14.5
2003-03-28,44,7.9
2003-03-29,25,4.5
2003-03-30,33,6.0
2003-03-31,38,6.8
2003-04-01,30,5.4
2003-04-02,51,9.3
2003-04-03,65,16.6
2003-04-04,48,8.7
2003-04-05,40,7.2
2003-04-06,57,12.3
2003-04-07,53,10.0
2003-04-08,62,14.8
2003-04-09,63,15.4
2003-04-10,98,34.4
2003-04-11,106,37.5
2003-04-12,53,10.3
2003-04-13,71,20.1
2003-04-14,62,14.8
2003-04-15,58,12.8
2003-04-16,53,10.3
2003-04-17,40,7.2
2003-04-18,72,20.5
2003-04-19,39,7.0
2003-04-20,17,3.1
2003-04-21,21,3.8
2003-04-22,38,6.8
2003-04-23,42,7.6
2003-04-24,54,10.6
2003-04-25,62,15.0
2003-04-26,57,12.3
2003-04-27,54,10.8
2003-04-28,22,3.9
2003-04-29,27,4.9
2003-04-30,65,16.7
2003-05-01,59,13.4
2003-05-02,52,9.6
2003-05-03,56,11.7
2003-05-04,53,10.2
2003-05-05,31,5.6
2003-05-06,20,3.6
2003-05-07,21,3.8
2003-05-08,39,7.0
2003-05-09,16,2.8
2003-05-10,21,3.7
2003-05-11,19,3.5
2003-05-12,37,6.6
2003-05-13,45,8.1
2003-05-14,29,5.3
2003-05-15,40,7.2
2003-05-16,57,12.5
2003-05-17,64,16.2
2003-05-18,70,19.3
2003-05-19,55,11.4
2003-05-20,33,5.9
2003-05-21,35,6.3
2003-05-22,44,7.9
2003-05-23,57,12.1
2003-05-24,66,17.3
2003-05-25,55,11.3
2003-05-26,65,16.7
2003-05-27,60,13.8
2003-05-28,53,10.4
2003-05-29,53,10.1
2003-05-30,52,9.6
2003-05-31,33,5.9
2003-06-01,52,9.5
2003-06-02,60,13.8
2003-06-03,73,20.8
2003-06-04,60,14.1
2003-06-05,53,10.3
2003-06-07,29,5.3
2003-06-08,18,3.2
2003-06-09,31,5.5
2003-06-10,25,4.5
2003-06-11,27,4.8
2003-06-12,49,8.9
2003-06-13,27,4.8
2003-06-14,35,6.3
2003-06-15,53,10.3
2003-06-16,60,13.8
2003-06-17,60,13.8
2003-06-18,57,12.4
2003-06-19,44,8.0
2003-06-20,38,6.9
2003-06-21,66,17.2
2003-06-22,73,20.8
2003-06-23,51,9.3
2003-06-24,64,16.3
2003-06-25,51,9.2
2003-06-26,26,4.6
2003-06-27,37,6.7
2003-06-28,38,6.8
2003-06-29,31,5.6
2003-06-30,44,8.0
2003-07-01,62,14.9
2003-07-02,63,15.5
2003-07-03,65,16.7
2003-07-04,58,13.1
2003-07-05,56,11.7
2003-07-06,38,6.9
2003-07-07,54,10.8
2003-07-08,52,9.6
2003-07-09,36,6.4
2003-07-12,30,5.4
2003-07-13,31,5.6
2003-07-14,61,14.4
2003-07-15,55,11.2
2003-07-16,50,9.0
2003-07-17,52,9.9
2003-07-18,58,13.0
2003-07-19,63,15.4
2003-07-20,65,16.4
2003-07-21,39,7.0
2003-07-22,28,5.1
2003-07-23,37,6.7
2003-07-24,39,7.1
2003-07-25,59,13.5
2003-07-26,65,16.6
2003-07-27,55,11.2
2003-07-28,44,7.9
2003-07-29,53,10.3
2003-07-30,55,11.1
2003-07-31,48,8.7
2003-08-01,52,9.6
2003-08-05,55,11.1
2003-08-06,52,9.7
2003-08-07,39,7.0
2003-08-08,54,10.6
2003-08-09,55,11.4
2003-08-10,56,11.8
2003-08-11,46,8.2
2003-08-12,53,10.4
2003-08-13,55,11.3
2003-08-14,90,30.2
2003-08-15,72,20.3
2003-08-16,56,11.6
2003-08-17,54,10.7
2003-08-18,54,10.5
2003-08-19,35,6.3
2003-08-20,49,8.9
2003-08-21,60,13.7
2003-08-22,61,14.7
2003-08-23,64,16.1
2003-08-24,59,13.6
2003-08-25,68,18.1
2003-08-26,58,12.8
2003-08-27,60,13.7
2003-08-28,55,11.0
2003-08-29,64,16.3
2003-08-30,21,3.7
2003-08-31,52,9.4
2003-09-01,43,7.7
2003-09-02,55,11.0
2003-09-03,44,7.9
2003-09-04,34,6.1
2003-09-05,44,7.9
2003-09-06,42,7.5
2003-09-07,51,9.2
2003-09-08,61,14.2
2003-09-09,74,21.5
2003-09-10,79,24.1
2003-09-11,34,6.1
2003-09-12,32,5.8
2003-09-13,31,5.5
2003-09-14,14,2.6
2003-09-15,26,4.7
2003-09-16,44,8.0
2003-09-17,59,13.3
2003-09-18,31,5.5
2003-09-19,12,2.2
2003-09-20,21,3.8
2003-09-21,50,9.0
2003-09-22,26,4.6
2003-09-23,31,5.6
2003-09-24,26,4.7
2003-09-25,21,3.7
2003-09-26,24,4.4
2003-09-27,15,2.7
2003-09-28,14,2.5
2003-09-29,26,4.6
2003-09-30,21,3.8
2003-10-01,24,4.4
2003-10-02,25,4.5
2003-10-03,27,4.9
2003-10-04,26,4.7
2003-10-05,33,5.9
2003-10-06,33,5.9
2003-10-07,31,5.5
2003-10-08,58,13.1
2003-10-09,51,9.3
2003-10-10,57,12.3
2003-10-11,34,6.2
2003-10-12,18,3.2
2003-10-13,27,4.8
2003-10-14,16,2.8
2003-10-15,42,7.5
2003-10-16,30,5.4
2003-10-17,24,4.4
2003-10-18,38,6.9
2003-10-19,45,8.1
2003-10-20,35,6.3
2003-10-21,33,6.0
2003-10-22,40,7.2
2003-10-23,44,8.0
2003-10-24,36,6.4
2003-10-25,15,2.7
2003-10-26,17,3.0
2003-10-27,33,6.0
2003-10-28,11,2.0
2003-10-29,20,3.6
2003-10-30,58,12.6
2003-10-31,49,8.8
2003-11-01,28,5.0
2003-11-02,51,9.2
2003-11-03,32,5.8
2003-11-04,30,5.4
2003-11-05,44,7.9
2003-11-06,44,8.0
2003-11-07,59,13.5
2003-11-08,33,5.9
2003-11-09,54,10.8
2003-11-10,57,12.5
2003-11-11,38,6.8
2003-11-12,14,2.6
2003-11-13,21,3.8
2003-11-14,24,4.3
2003-11-15,47,8.4
2003-11-16,38,6.9
2003-11-17,53,10.3
2003-11-18,21,3.7
2003-11-20,21,3.7
2003-11-21,43,7.7
2003-11-22,56,11.9
2003-11-23,21,3.8
2003-11-24,39,7.1
2003-11-25,39,7.0
2003-11-26,58,12.6
2003-11-27,33,5.9
2003-11-28,40,7.2
2003-11-29,24,4.4
2003-11-30,24,4.3
2003-12-01,24,4.3
2003-12-02,47,8.5
2003-12-03,59,13.6
2003-12-04,75,21.8
2003-12-05,50,9.0
2003-12-06,61,14.7
2003-12-07,77,22.9
2003-12-09,6,1.0
2003-12-10,24,4.4
2003-12-11,48,8.7
2003-12-12,54,10.8
2003-12-13,59,13.3
2003-12-14,71,19.8
2003-12-15,71,20.1
2003-12-16,43,7.7
2003-12-17,39,7.0
2003-12-18,18,3.2
2003-12-19,41,7.3
2003-12-20,48,8.6
2003-12-21,31,5.5
2003-12-22,27,4.8
2003-12-23,41,7.3
2003-12-24,58,12.7
2003-12-25,40,7.2
2003-12-26,55,11.2
2003-12-27,41,7.3
2003-12-28,14,2.6
2003-12-29,27,4.9
2003-12-30,24,4.4
2003-12-31,31,5.6
2004-01-01,56,11.8
2004-01-02,56,11.6
2004-01-03,52,9.5
2004-01-04,15,2.7
2004-01-07,54,10.6
2004-01-08,68,18.2
2004-01-09,90,30.1
2004-01-10,95,32.7
2004-01-11,51,9.1
2004-01-12,52,9.8
2004-01-13,52,9.9
2004-01-14,52,9.7
2004-01-15,57,12.5
2004-01-16,56,11.9
2004-01-17,71,19.6
2004-01-18,31,5.5
2004-01-19,30,5.4
2004-01-20,53,10.4
2004-01-21,51,9.3
2004-01-22,21,3.8
2004-01-24,65,16.6
2004-01-25,58,12.6
2004-01-26,50,9.0
2004-01-28,52,9.4
2004-02-04,65,16.7
2004-02-05,64,16.2
2004-02-06,66,16.9
2004-02-07,59,13.4
2004-02-08,64,16.0
2004-02-09,35,6.3
2004-02-10,37,6.6
2004-02-14,57,12.5
2004-02-18,97,34.0
2004-02-19,85,27.3
2004-02-21,46,8.2
2004-02-22,49,8.8
2004-02-23,63,15.3
2004-02-24,64,15.9
2004-02-26,67,17.8
2004-02-27,64,15.9
2004-03-02,55,11.1
2004-03-04,54,10.5
2004-03-05,29,5.3
2004-03-06,33,5.9
2004-03-07,9,1.6
2004-03-08,20,3.6
2004-03-09,28,5.1
2004-03-10,30,5.4
2004-03-11,26,4.7
2004-03-12,41,7.4
2004-03-13,59,13.6
2004-03-14,16,2.8
2004-03-15,36,6.5
2004-03-16,63,15.5
2004-03-19,53,10.3
2004-03-20,31,5.6
2004-03-21,34,6.1
2004-03-22,84,26.6
2004-03-23,100,35.4
2004-03-24,55,11.1
2004-03-26,6,1.0
2004-03-27,52,9.7
2004-03-28,11,2.0
2004-03-29,16,2.9
2004-03-30,34,6.2
2004-03-31,53,10.0
2004-04-01,48,8.7
2004-04-02,55,11.3
2004-04-03,41,7.3
2004-04-04,26,4.7
2004-04-05,71,19.7
2004-04-07,47,8.4
2004-04-08,24,4.3
2004-04-09,31,5.5
2004-04-10,42,7.5
2004-04-11,36,6.4
2004-04-12,56,11.6
2004-04-13,57,12.1
2004-04-14,57,12.3
2004-04-15,49,8.8
2004-04-16,56,11.6
2004-04-17,55,11.1
2004-04-18,53,10.4
2004-04-19,37,6.7
2004-04-20,33,6.0
2004-04-21,22,4.0
2004-04-22,41,7.4
2004-04-23,53,10.1
2004-04-24,56,12.0
2004-04-25,26,4.7
2004-04-26,19,3.4
2004-04-27,31,5.6
2004-04-28,37,6.6
2004-04-29,43,7.7
2004-04-30,28,5.0
2004-05-01,29,5.2
2004-05-02,38,6.9
2004-05-03,33,6.0
2004-05-05,23,4.1
2004-05-06,43,7.7
2004-05-07,51,9.3
2004-05-08,54,10.6
2004-05-09,30,5.4
2004-05-10,28,5.1
2004-05-11,58,12.6
2004-05-12,52,9.4
2004-05-13,40,7.2
2004-05-14,50,9.0
2004-05-15,54,10.7
2004-05-16,48,8.7
2004-05-17,52,9.4
2004-05-18,21,3.7
2004-05-19,53,10.2
2004-05-20,50,9.0
2004-05-21,43,7.7
2004-05-22,35,6.3
2004-05-23,18,3.2
2004-05-24,23,4.1
2004-05-25,11,2.0
2004-05-26,26,4.7
2004-05-27,35,6.3
2004-05-28,29,5.2
2004-05-29,44,8.0
2004-05-30,16,2.8
2004-05-31,11,2.0
2004-06-01,17,3.1
2004-06-02,23,4.1
2004-06-03,33,6.0
2004-06-04,44,7.9
2004-06-05,48,8.6
2004-06-06,59,13.6
2004-06-07,55,11.5
2004-06-08,47,8.4
2004-06-09,23,4.1
2004-06-10,42,7.6
2004-06-11,40,7.2
2004-06-12,31,5.5
2004-06-13,29,5.3
2004-06-14,24,4.3
2004-06-15,28,5.0
2004-06-16,32,5.8
2004-06-17,20,3.6
2004-06-18,20,3.6
2004-06-19,24,4.4
2004-06-20,33,5.9
2004-06-21,27,4.9
2004-06-22,24,4.4
2004-06-23,32,5.8
2004-06-24,26,4.7
2004-06-26,41,7.4
2004-06-27,41,7.4
2004-06-28,34,6.1
2004-06-29,38,6.8
2004-06-30,53,10.2
2004-07-01,56,11.9
2004-07-02,42,7.5
2004-07-03,36,6.5
2004-07-04,84,26.6
2004-07-05,55,11.5
2004-07-06,26,4.6
2004-07-07,23,4.2
2004-07-08,35,6.3
2004-07-09,24,4.4
2004-07-10,47,8.5
2004-07-11,49,8.8
2004-07-12,45,8.1
2004-07-13,52,9.7
2004-07-14,34,6.1
2004-07-15,51,9.2
2004-07-16,43,7.8
2004-07-17,52,9.8
2004-07-18,53,10.3
2004-07-19,58,12.6
2004-07-20,61,14.4
2004-07-21,58,13.1
2004-07-22,39,7.1
2004-07-23,42,7.5
2004-07-24,44,8.0
2004-07-25,44,8.0
2004-07-26,52,9.8
2004-07-27,58,12.6
2004-07-28,58,12.8
2004-07-29,55,11.1
2004-07-30,52,9.7
2004-07-31,49,8.9
2004-08-01,60,14.1
2004-08-02,62,14.8
2004-08-03,62,15.0
2004-08-04,56,11.6
2004-08-05,46,8.2
2004-08-06,40,7.2
2004-08-07,47,8.4
2004-08-08,56,11.7
2004-08-09,29,5.2
2004-08-10,22,4.0
2004-08-11,24,4.3
2004-08-12,36,6.5
2004-08-13,30,5.4
2004-08-14,37,6.7
2004-08-15,36,6.5
2004-08-16,53,10.2
2004-08-17,60,13.7
2004-08-18,56,11.6
2004-08-20,32,5.8
2004-08-22,54,10.6
2004-08-23,52,9.5
2004-08-24,21,3.8
2004-08-25,27,4.8
2004-08-26,47,8.4
2004-08-27,25,4.5
2004-08-28,24,4.4
2004-08-29,31,5.5
2004-08-30,49,8.9
2004-08-31,43,7.7
2004-09-01,55,11.1
2004-09-02,58,13.0
2004-09-06,17,3.1
2004-09-08,28,5.1
2004-09-09,36,6.4
2004-09-10,43,7.8
2004-09-11,58,13.1
2004-09-12,67,17.7
2004-09-13,72,20.2
2004-09-14,72,20.4
2004-09-16,36,6.5
2004-09-17,26,4.6
2004-09-18,39,7.0
2004-09-19,59,13.2
2004-09-20,52,9.4
2004-09-21,61,14.6
2004-09-22,66,17.4
2004-09-23,31,5.6
2004-09-24,32,5.7
2004-09-25,32,5.7
2004-09-26,37,6.6
2004-09-27,52,9.4
2004-09-28,21,3.8
2004-09-29,33,6.0
2004-09-30,52,9.6
2004-10-02,14,2.6
2004-10-03,27,4.8
2004-10-04,15,2.7
2004-10-05,22,4.0
2004-10-06,34,6.2
2004-10-07,61,14.6
2004-10-08,36,6.5
2004-10-09,33,5.9
2004-10-10,42,7.6
2004-10-11,31,5.5
2004-10-12,42,7.5
2004-10-13,29,5.2
2004-10-14,29,5.3
2004-10-18,40,7.2
2004-10-21,34,6.1
2004-10-22,53,10.0
2004-10-23,17,3.0
2004-10-24,29,5.2
2004-10-25,29,5.3
2004-10-26,76,22.5
2004-10-28,44,8.0
2004-10-30,18,3.2
2004-10-31,40,7.2
2004-11-01,33,6.0
2004-11-04,51,9.2
2004-11-05,26,4.6
2004-11-06,24,4.4
2004-11-07,27,4.8
2004-11-08,26,4.6
2004-11-09,45,8.1
2004-11-10,52,9.8
2004-11-11,24,4.4
2004-11-12,47,8.5
2004-11-13,52,9.8
2004-11-14,60,13.8
2004-11-15,62,14.9
2004-11-16,53,10.0
2004-11-17,54,10.5
2004-11-18,55,11.4
2004-11-19,20,3.6
2004-11-20,50,9.0
2004-11-21,50,9.0
2004-11-22,55,11.5
2004-11-23,30,5.4
2004-11-24,34,6.2
2004-11-25,51,9.2
2004-11-26,51,9.3
2004-11-27,51,9.2
2004-11-28,48,8.6
2004-11-29,48,8.6
2004-11-30,59,13.6
2004-12-01,60,13.8
2004-12-02,58,13.1
2004-12-03,66,17.1
2004-12-04,42,7.5
2004-12-05,55,11.0
2004-12-06,55,11.4
2004-12-07,59,13.5
2004-12-08,62,14.9
2004-12-09,60,13.9
2004-12-10,49,8.8
2004-12-11,53,10.3
2004-12-12,15,2.7
2004-12-13,18,3.3
2004-12-14,41,7.3
2004-12-15,30,5.4
2004-12-16,18,3.3
2004-12-17,56,11.8
2004-12-18,13,2.3
2004-12-19,13,2.4
2004-12-20,32,5.7
2004-12-21,18,3.3
2004-12-22,20,3.6
2004-12-23,26,4.6
2004-12-24,47,8.5
2004-12-25,30,5.4
2004-12-26,63,15.4
2004-12-27,72,20.2
2004-12-28,70,19.1
2004-12-29,84,26.9
2004-12-30,36,6.5
2004-12-31,39,7.0
2005-01-01,52,9.5
2005-01-02,38,6.9
2005-01-03,47,8.4
2005-01-04,54,10.5
2005-01-05,51,9.1
2005-01-06,56,12.0
2005-01-07,56,12.0
2005-01-08,71,20.0
2005-01-09,66,17.3
2005-01-10,67,17.5
2005-01-11,87,28.6
2005-01-12,73,20.8
2005-01-13,54,10.7
2005-01-14,52,9.8
2005-01-15,61,14.2
2005-01-16,84,26.6
2005-01-17,88,29.1
2005-01-18,67,17.5
2005-01-19,56,11.7
2005-01-20,59,13.5
2005-01-21,69,18.9
2005-01-22,30,5.4
2005-01-23,56,11.9
2005-01-24,60,14.1
2005-01-25,54,10.8
2005-01-26,32,5.8
2005-01-27,56,11.9
2005-01-28,67,17.7
2005-01-29,89,29.4
2005-01-30,105,37.0
2005-01-31,120,43.4
2005-02-01,103,36.4
2005-02-02,90,29.9
2005-02-03,67,17.5
2005-02-04,46,8.2
2005-02-05,38,6.9
2005-02-06,51,9.3
2005-02-07,28,5.0
2005-02-09,60,14.1
2005-02-10,69,19.0
2005-02-11,55,11.5
2005-02-12,55,11.4
2005-02-13,23,4.2
2005-02-14,32,5.8
2005-02-15,46,8.3
2005-02-16,43,7.7
2005-02-17,37,6.6
2005-02-18,51,9.2
2005-02-19,54,10.8
2005-02-20,48,8.6
2005-02-21,64,16.1
2005-02-22,57,12.4
2005-02-23,63,15.3
2005-02-24,62,15.2
2005-02-25,48,8.6
2005-02-26,68,18.1
2005-02-27,71,19.6
2005-02-28,47,8.5
2005-03-01,25,4.5
2005-03-02,54,10.8
2005-03-03,67,17.7
2005-03-04,55,11.2
2005-03-05,47,8.5
2005-03-06,34,6.2
2005-03-11,18,3.2
2005-03-12,26,4.7
2005-03-13,38,6.8
2005-03-15,52,9.4
2005-03-16,40,7.2
2005-03-17,55,11.1
2005-03-18,62,15.2
2005-03-19,54,10.7
2005-03-20,77,23.3
2005-03-21,69,18.9
2005-03-22,67,17.6
2005-03-23,62,14.9
2005-03-24,61,14.5
2005-03-25,69,18.9
2005-03-26,80,24.4
2005-03-27,61,14.4
2005-03-28,31,5.6
2005-03-29,54,10.6
2005-03-30,48,8.6
2005-03-31,26,4.6
2005-04-01,23,4.1
2005-04-02,62,14.9
2005-04-03,108,38.2
2005-04-04,81,25.3
2005-04-05,65,16.8
2005-04-06,63,15.5
2005-04-07,41,7.4
2005-04-08,53,10.3
2005-04-09,61,14.7
2005-04-10,68,18.4
2005-04-11,59,13.2
2005-04-12,29,5.2
2005-04-13,48,8.6
2005-04-14,34,6.2
2005-04-15,51,9.2
2005-04-16,67,17.7
2005-04-17,67,17.5
2005-04-18,80,24.5
2005-04-19,70,19.1
2005-04-20,58,12.9
2005-04-21,62,14.9
2005-04-22,30,5.4
2005-04-23,23,4.1
2005-04-24,23,4.1
2005-04-25,28,5.1
2005-04-26,19,3.4
2005-04-27,27,4.8
2005-04-28,24,4.3
2005-04-30,24,4.4
2005-05-01,14,2.6
2005-05-02,24,4.3
2005-05-03,32,5.8
2005-05-04,44,8.0
2005-05-05,40,7.2
2005-05-06,58,13.0
2005-05-07,56,11.9
2005-05-08,54,10.9
2005-05-09,17,3.0
2005-05-10,51,9.3
2005-05-11,35,6.3
2005-05-12,40,7.2
2005-05-13,35,6.3
2005-05-14,26,4.6
2005-05-15,24,4.3
2005-05-16,34,6.2
2005-05-17,55,11.0
2005-05-18,51,9.2
2005-05-19,29,5.3
2005-05-20,44,8.0
2005-05-21,58,12.8
2005-05-22,27,4.9
2005-05-23,37,6.7
2005-05-24,81,25.0
2005-05-25,41,7.4
2005-05-26,21,3.7
2005-05-27,17,3.1
2005-05-28,21,3.7
2005-05-29,27,4.8
2005-05-30,19,3.4
2005-05-31,53,10.4
2005-06-01,56,11.7
2005-06-02,79,24.1
2005-06-03,52,9.8
2005-06-09,33,6.0
2005-06-10,37,6.6
2005-06-11,20,3.6
2005-06-12,23,4.1
2005-06-13,16,2.9
2005-06-14,16,2.8
2005-06-15,23,4.2
2005-06-16,31,5.6
2005-06-17,41,7.4
2005-06-18,42,7.6
2005-06-19,58,12.6
2005-06-20,63,15.4
2005-06-21,37,6.7
2005-06-22,63,15.4
2005-06-23,77,23.3
2005-06-24,83,26.3
2005-06-25,72,20.5
2005-06-26,84,27.0
2005-06-27,76,22.7
2005-06-28,57,12.4
2005-06-29,73,21.0
2005-06-30,25,4.5
2005-07-01,33,5.9
2005-07-02,43,7.7
2005-07-03,63,15.7
2005-07-04,84,27.0
2005-07-05,81,25.4
2005-07-06,46,8.2
2005-07-07,52,9.7
2005-07-08,58,12.6
2005-07-09,67,17.7
2005-07-10,82,25.7
2005-07-11,94,32.4
2005-07-12,82,25.5
2005-07-14,75,22.1
2005-07-15,69,18.8
2005-07-16,74,21.2
2005-07-17,61,14.5
2005-07-18,32,5.7
2005-07-19,40,7.2
2005-07-20,55,11.3
2005-07-21,56,11.6
2005-07-22,54,10.9
2005-07-23,48,8.6
2005-07-24,55,11.1
2005-07-25,43,7.8
2005-07-26,24,4.4
2005-07-27,19,3.5
2005-07-28,28,5.0
2005-07-29,49,8.9
2005-07-30,53,10.2
2005-07-31,59,13.6
2005-08-01,70,19.4
2005-08-02,69,18.5
2005-08-03,75,22.1
2005-08-04,31,5.5
2005-08-05,39,7.0
2005-08-06,41,7.4
2005-08-07,59,13.5
2005-08-08,67,17.6
2005-08-09,58,12.8
2005-08-10,39,7.0
2005-08-11,43,7.8
2005-08-12,48,8.7
2005-08-13,29,5.3
2005-08-14,18,3.2
2005-08-15,42,7.5
2005-08-16,53,10.0
2005-08-17,64,15.9
2005-08-18,45,8.1
2005-08-19,51,9.1
2005-08-20,44,7.9
2005-08-21,47,8.5
2005-08-22,32,5.8
2005-08-23,49,8.9
2005-08-24,90,29.8
2005-08-25,58,13.0
2005-08-26,31,5.6
2005-08-27,42,7.5
2005-08-28,40,7.2
2005-08-29,43,7.7
2005-08-31,35,6.3
2005-09-01,31,5.5
2005-09-03,59,13.2
2005-09-04,68,18.0
2005-09-05,57,12.1
2005-09-06,63,15.6
2005-09-07,78,23.4
2005-09-08,86,27.9
2005-09-09,81,25.4
2005-09-10,84,26.7
2005-09-11,83,26.2
2005-09-12,61,14.4
2005-09-13,41,7.3
2005-09-14,36,6.4
2005-09-15,36,6.5
2005-09-16,40,7.2
2005-09-17,44,8.0
2005-09-18,54,10.6
2005-09-19,45,8.1
2005-09-20,50,9.0
2005-09-21,55,11.2
2005-09-22,34,6.2
2005-09-23,41,7.3
2005-09-24,60,13.9
2005-09-25,48,8.7
2005-09-26,27,4.8
2005-09-27,33,6.0
2005-09-28,24,4.4
2005-09-29,17,3.1
2005-09-30,31,5.6
2005-10-01,53,10.1
2005-10-02,56,11.8
2005-10-03,53,10.3
2005-10-04,59,13.2
2005-10-05,22,4.0
2005-10-06,12,2.2
2005-10-07,15,2.7
2005-10-08,22,3.9
2005-10-09,32,5.8
2005-10-10,54,10.7
2005-10-11,55,11.3
2005-10-12,59,13.6
2005-10-13,40,7.2
2005-10-15,22,4.0
2005-10-16,32,5.7
2005-10-17,46,8.2
2005-10-18,39,7.1
2005-10-19,17,3.1
2005-10-20,25,4.5
2005-10-21,32,5.8
2005-10-22,32,5.7
2005-10-23,31,5.5
2005-10-24,27,4.8
2005-10-25,50,9.0
2005-10-26,51,9.2
2005-10-28,53,10.0
2005-10-29,66,16.9
2005-10-30,61,14.7
2005-10-31,24,4.4
2005-11-01,24,4.4
2005-11-02,31,5.5
2005-11-03,44,7.9
2005-11-04,28,5.1
2005-11-05,55,11.2
2005-11-06,44,7.9
2005-11-07,35,6.3
2005-11-08,58,13.1
2005-11-09,20,3.6
2005-11-10,23,4.2
2005-11-11,34,6.2
2005-11-12,55,11.4
2005-11-13,16,2.8
2005-11-14,19,3.5
2005-11-15,33,5.9
2005-11-16,18,3.3
2005-11-17,43,7.7
2005-11-18,30,5.4
2005-11-19,27,4.9
2005-11-20,31,5.5
2005-11-21,26,4.6
2005-11-22,23,4.2
2005-11-23,17,3.0
2005-11-24,19,3.4
2005-11-25,21,3.7
2005-11-26,58,12.6
2005-11-27,51,9.3
2005-11-28,19,3.5
2005-11-29,24,4.3
2005-11-30,46,8.3
2005-12-01,60,13.7
2005-12-02,62,15.2
2005-12-03,69,18.9
2005-12-04,76,22.5
2005-12-05,54,10.7
2005-12-06,57,12.4
2005-12-07,57,12.4
2005-12-08,61,14.7
2005-12-09,68,18.2
2005-12-10,28,5.0
2005-12-11,14,2.5
2005-12-12,27,4.9
2005-12-13,52,9.7
2005-12-14,37,6.6
2005-12-15,23,4.1
2005-12-16,17,3.1
2005-12-17,16,2.8
2005-12-18,23,4.2
2005-12-19,47,8.5
2005-12-20,61,14.4
2005-12-21,63,15.8
2005-12-22,67,17.9
2005-12-23,32,5.7
2005-12-24,37,6.6
2005-12-25,54,10.8
2005-12-26,56,11.9
2005-12-27,57,12.4
2005-12-28,55,11.5
2005-12-29,41,7.4
2005-12-30,34,6.1
2005-12-31,46,8.2
2006-01-01,55,11.5
2006-01-02,62,15.0
2006-01-03,62,14.9
2006-01-04,31,5.6
2006-01-05,59,13.6
2006-01-06,59,13.2
2006-01-07,37,6.6
2006-01-08,65,16.6
2006-01-09,45,8.1
2006-01-10,39,7.0
2006-01-11,38,6.9
2006-01-12,36,6.5
2006-01-13,46,8.3
2006-01-14,53,10.3
2006-01-15,17,3.0
2006-01-16,52,9.7
2006-01-17,52,9.6
2006-01-18,36,6.4
2006-01-19,56,11.7
2006-01-20,65,16.6
2006-01-21,61,14.2
2006-01-22,66,17.0
2006-01-23,66,17.0
2006-01-24,12,2.1
2006-01-25,24,4.4
2006-01-26,27,4.8
2006-01-27,34,6.2
2006-01-28,57,12.1
2006-01-29,61,14.7
2006-01-30,55,11.0
2006-01-31,51,9.2
2006-02-01,18,3.3
2006-02-02,25,4.5
2006-02-03,33,5.9
2006-02-04,36,6.5
2006-02-05,36,6.4
2006-02-06,49,8.8
2006-02-07,49,8.9
2006-02-08,50,9.0
2006-02-09,54,10.5
2006-02-10,16,2.8
2006-02-11,48,8.6
2006-02-12,42,7.5
2006-02-13,31,5.5
2006-02-14,26,4.6
2006-02-15,24,4.4
2006-02-16,46,8.2
2006-02-17,29,5.2
2006-02-22,37,6.7
2006-02-23,46,8.2
2006-02-24,34,6.2
2006-02-25,41,7.4
2006-02-26,39,7.1
2006-02-27,59,13.3
2006-02-28,83,26.5
2006-03-01,58,12.6
2006-03-02,52,9.4
2006-03-03,36,6.4
2006-03-04,62,15.0
2006-03-05,67,17.5
2006-03-06,43,7.8
2006-03-07,59,13.6
2006-03-08,74,21.4
2006-03-09,42,7.5
2006-03-11,27,4.8
2006-03-12,35,6.3
2006-03-13,28,5.1
2006-03-14,53,10.2
2006-03-15,55,11.5
2006-03-16,58,12.7
2006-03-17,53,10.3
2006-03-18,44,8.0
2006-03-19,40,7.2
2006-03-20,41,7.4
2006-03-21,51,9.1
2006-03-22,63,15.6
2006-03-23,47,8.5
2006-03-24,48,8.7
2006-03-25,61,14.4
2006-03-26,53,10.3
2006-03-27,68,18.2
2006-03-28,64,15.9
2006-03-29,62,14.9
2006-03-30,55,11.0
2006-03-31,21,3.8
2006-04-01,33,6.0
2006-04-02,48,8.7
2006-04-03,28,5.1
2006-04-04,46,8.3
2006-04-05,65,16.4
2006-04-06,55,11.5
2006-04-07,27,4.9
2006-04-08,27,4.9
2006-04-09,66,16.9
2006-04-10,68,18.1
2006-04-11,57,12.1
2006-04-13,80,24.7
2006-04-14,50,9.0
2006-04-15,43,7.8
2006-04-16,58,12.7
2006-04-17,58,13.0
2006-04-18,61,14.7
2006-04-19,16,2.9
2006-04-20,20,3.6
2006-04-21,33,5.9
2006-04-22,54,10.8
2006-04-23,31,5.6
2006-04-24,56,11.8
2006-04-25,33,6.0
2006-04-26,47,8.4
2006-04-28,53,10.3
2006-04-29,34,6.1
2006-04-30,28,5.0
2006-05-01,35,6.3
2006-05-02,34,6.1
2006-05-03,27,4.9
2006-05-04,16,2.8
2006-05-05,20,3.6
2006-05-07,32,5.7
2006-05-08,38,6.8
2006-05-09,27,4.9
2006-05-10,26,4.7
2006-05-11,18,3.2
2006-05-12,21,3.8
2006-05-13,16,2.8
2006-05-14,31,5.6
2006-05-15,32,5.8
2006-05-16,29,5.2
2006-05-17,26,4.7
2006-05-19,42,7.5
2006-05-20,50,9.0
2006-05-21,33,6.0
2006-05-22,52,9.5
2006-05-23,63,15.6
2006-05-24,37,6.7
2006-05-25,34,6.2
2006-05-26,47,8.5
2006-05-27,46,8.2
2006-05-28,52,9.6
2006-05-29,53,10.3
2006-05-30,30,5.4
2006-05-31,35,6.3
2006-06-01,45,8.1
2006-06-02,44,7.9
2006-06-03,39,7.0
2006-06-04,42,7.6
2006-06-05,55,11.5
2006-06-06,47,8.5
2006-06-07,42,7.5
2006-06-08,42,7.6
2006-06-09,51,9.3
2006-06-10,59,13.6
2006-06-11,54,10.8
2006-06-12,46,8.3
2006-06-13,41,7.4
2006-06-15,67,17.8
2006-06-16,72,20.2
2006-06-17,31,5.6
2006-06-18,21,3.8
2006-06-19,29,5.3
2006-06-20,29,5.3
2006-06-21,33,5.9
2006-06-22,33,5.9
2006-06-23,39,7.0
2006-06-24,37,6.7
2006-06-25,35,6.3
2006-06-27,56,11.6
2006-06-28,81,25.4
2006-06-29,64,15.9
2006-06-30,57,12.2
2006-07-01,60,13.8
2006-07-02,55,11.2
2006-07-03,65,16.4
2006-07-04,71,19.9
2006-07-05,54,10.9
2006-07-06,52,9.5
2006-07-07,55,11.3
2006-07-08,60,14.1
2006-07-09,65,16.8
2006-07-10,64,16.3
2006-07-11,38,6.8
2006-07-12,43,7.7
2006-07-13,42,7.5
2006-07-14,45,8.1
2006-07-15,55,11.1
2006-07-16,60,14.1
2006-07-17,53,10.2
2006-07-18,39,7.1
2006-07-19,57,12.5
2006-07-20,54,10.5
2006-07-21,24,4.4
2006-07-22,28,5.0
2006-07-23,40,7.2
2006-07-24,49,8.9
2006-07-25,61,14.7
2006-07-26,63,15.5
2006-07-27,51,9.1
2006-07-28,48,8.6
2006-07-29,52,9.6
2006-07-30,36,6.4
2006-07-31,34,6.2
2006-08-01,43,7.7
2006-08-02,48,8.6
2006-08-03,43,7.8
2006-08-04,45,8.1
2006-08-05,58,12.6
2006-08-06,32,5.7
2006-08-07,32,5.8
2006-08-08,29,5.2
2006-08-09,61,14.2
2006-08-10,40,7.2
2006-08-11,59,13.4
2006-08-12,80,24.7
2006-08-13,70,19.1
2006-08-14,32,5.8
2006-08-15,32,5.7
2006-08-16,54,10.5
2006-08-17,48,8.6
2006-08-18,48,8.7
2006-08-19,48,8.6
2006-08-20,46,8.2
2006-08-21,53,10.1
2006-08-22,57,12.1
2006-08-23,58,13.1
2006-08-24,62,14.8
2006-08-25,52,9.9
2006-08-26,40,7.2
2006-08-27,56,11.6
2006-08-28,44,7.9
2006-08-30,40,7.2
2006-08-31,53,10.4
2006-09-01,58,12.9
2006-09-02,22,4.0
2006-09-03,26,4.6
2006-09-04,26,4.7
2006-09-05,45,8.1
2006-09-06,52,9.7
2006-09-07,48,8.6
2006-09-08,46,8.2
2006-09-09,55,11.5
2006-09-10,60,13.7
2006-09-11,20,3.6
2006-09-12,28,5.1
2006-09-13,41,7.4
2006-09-14,52,9.7
2006-09-15,55,11.2
2006-09-16,53,10.3
2006-09-17,13,2.4
2006-09-18,12,2.1
2006-09-19,23,4.2
2006-09-20,20,3.6
2006-09-21,44,8.0
2006-09-22,18,3.3
2006-09-23,10,1.8
2006-09-24,28,5.1
2006-09-25,23,4.2
2006-09-26,32,5.8
2006-09-27,17,3.1
2006-09-28,17,3.1
2006-09-29,21,3.7
2006-09-30,23,4.1
2006-10-01,43,7.8
2006-10-02,43,7.8
2006-10-03,51,9.2
2006-10-04,29,5.2
2006-10-05,30,5.4
2006-10-06,31,5.6
2006-10-07,52,9.7
2006-10-08,38,6.8
2006-10-09,18,3.2
2006-10-10,36,6.5
2006-10-11,19,3.4
2006-10-12,11,1.9
2006-10-13,14,2.6
2006-10-14,20,3.6
2006-10-15,52,9.5
2006-10-16,51,9.1
2006-10-17,35,6.3
2006-10-18,18,3.3
2006-10-19,32,5.8
2006-10-20,37,6.7
2006-10-21,38,6.9
2006-10-22,33,5.9
2006-10-23,33,6.0
2006-10-24,43,7.7
2006-10-25,55,11.1
2006-10-26,64,16.3
2006-10-27,65,16.4
2006-10-28,30,5.4
2006-10-29,37,6.7
2006-10-30,33,6.0
2006-10-31,27,4.8
2006-11-01,31,5.6
2006-11-02,38,6.9
2006-11-03,44,7.9
2006-11-04,52,9.5
2006-11-05,61,14.4
2006-11-06,53,10.0
2006-11-07,30,5.4
2006-11-08,27,4.9
2006-11-09,20,3.6
2006-11-10,31,5.5
2006-11-11,48,8.7
2006-11-12,42,7.6
2006-11-13,23,4.1
2006-11-14,61,14.3
2006-11-15,71,19.7
2006-11-16,64,16.3
2006-11-17,56,11.6
2006-11-18,52,9.7
2006-11-19,62,15.1
2006-11-20,57,12.4
2006-11-21,51,9.2
2006-11-22,60,13.9
2006-11-23,71,19.9
2006-11-24,39,7.1
2006-11-25,70,19.2
2006-11-26,87,28.4
2006-11-27,71,19.6
2006-11-28,46,8.2
2006-11-29,25,4.5
2006-11-30,25,4.5
2006-12-01,16,2.8
2006-12-02,28,5.1
2006-12-03,30,5.4
2006-12-04,33,6.0
2006-12-05,37,6.6
2006-12-06,25,4.5
2006-12-07,33,6.0
2006-12-08,32,5.8
2006-12-09,26,4.6
2006-12-10,43,7.8
2006-12-11,61,14.5
2006-12-12,59,13.3
2006-12-13,35,6.3
2006-12-14,15,2.7
2006-12-15,24,4.4
2006-12-16,50,9.0
2006-12-17,13,2.4
2006-12-18,28,5.1
2006-12-19,38,6.9
2006-12-20,34,6.2
2006-12-21,42,7.5
2006-12-22,47,8.4
2006-12-23,32,5.8
2006-12-24,37,6.6
2006-12-25,23,4.1
2006-12-26,32,5.8
2006-12-27,36,6.4
2006-12-28,52,9.9
2006-12-29,63,15.7
2006-12-30,52,9.5
2006-12-31,27,4.8
2007-01-01,30,5.4
2007-01-02,43,7.7
2007-01-03,37,6.6
2007-01-04,51,9.2
2007-01-05,27,4.8
2007-01-06,16,2.8
2007-01-07,13,2.4
2007-01-08,11,2.0
2007-01-09,22,3.9
2007-01-10,20,3.6
2007-01-11,46,8.3
2007-01-12,22,4.0
2007-01-18,47,8.5
2007-01-19,57,12.4
2007-01-20,72,20.5
2007-01-21,66,17.1
2007-01-22,59,13.4
2007-01-23,58,12.8
2007-01-24,54,10.9
2007-01-26,74,21.5
2007-01-27,27,4.8
2007-01-28,18,3.3
2007-01-29,36,6.4
2007-02-03,33,5.9
2007-02-04,37,6.7
2007-02-05,63,15.7
2007-02-06,66,17.4
2007-02-08,60,13.7
2007-02-09,50,9.0
2007-02-10,58,12.6
2007-02-13,55,11.3
2007-02-16,58,12.7
2007-02-17,52,9.4
2007-02-18,55,11.3
2007-02-19,28,5.1
2007-02-20,42,7.6
2007-02-22,52,9.8
2007-02-23,40,7.2
2007-02-24,54,10.7
2007-02-25,38,6.8
2007-02-26,43,7.8
2007-02-27,59,13.6
2007-02-28,67,17.9
2007-03-01,56,11.9
2007-03-02,29,5.2
2007-03-03,27,4.9
2007-03-04,41,7.3
2007-03-07,100,35.2
2007-03-08,92,30.9
2007-03-09,70,19.5
2007-03-10,57,12.2
2007-03-11,53,10.1
2007-03-12,56,11.7
2007-03-13,36,6.5
2007-03-15,42,7.6
2007-03-16,45,8.1
2007-03-17,52,9.6
2007-03-18,66,17.2
2007-03-19,57,12.1
2007-03-20,51,9.1
2007-03-21,52,9.6
2007-03-22,21,3.7
2007-03-24,45,8.1
2007-03-25,27,4.8
2007-03-26,39,7.0
2007-03-27,49,8.8
2007-03-28,52,9.6
2007-03-29,71,20.1
2007-03-30,28,5.0
2007-03-31,18,3.2
2007-04-01,22,4.0
2007-04-02,36,6.5
2007-04-03,34,6.1
2007-04-04,23,4.1
2007-04-05,31,5.5
2007-04-06,26,4.6
2007-04-07,21,3.8
2007-04-08,16,2.8
2007-04-09,55,11.5
2007-04-10,61,14.7
2007-04-11,52,9.4
2007-04-12,57,12.5
2007-04-13,66,17.4
2007-04-14,60,14.0
2007-04-15,50,9.0
2007-04-16,42,7.6
2007-04-17,48,8.7
2007-04-18,51,9.3
2007-04-19,33,6.0
2007-04-20,56,11.8
2007-04-21,62,14.9
2007-04-22,57,12.3
2007-04-23,33,6.0
2007-04-24,36,6.4
2007-04-25,22,3.9
2007-04-26,33,6.0
2007-04-27,36,6.5
2007-04-28,22,4.0
2007-04-29,28,5.0
2007-04-30,48,8.7
2007-05-01,39,7.1
2007-05-02,33,5.9
2007-05-03,58,12.7
2007-05-08,24,4.4
2007-05-09,28,5.1
2007-05-10,44,8.0
2007-05-11,46,8.3
2007-05-12,52,9.8
2007-05-13,52,9.6
2007-05-14,54,10.5
2007-05-15,36,6.5
2007-05-16,32,5.8
2007-05-17,19,3.5
2007-05-18,31,5.5
2007-05-19,46,8.2
2007-05-20,56,11.8
2007-05-22,64,16.0
2007-05-23,56,11.9
2007-05-24,18,3.3
2007-05-25,34,6.2
2007-05-26,29,5.3
2007-05-27,26,4.6
2007-05-28,52,9.6
2007-05-29,38,6.8
2007-05-30,33,6.0
2007-05-31,24,4.4
2007-06-01,19,3.5
2007-06-02,14,2.5
2007-06-03,21,3.8
2007-06-04,47,8.5
2007-06-05,37,6.6
2007-06-06,44,8.0
2007-06-07,25,4.5
2007-06-08,34,6.2
2007-06-09,44,8.0
2007-06-10,51,9.2
2007-06-11,41,7.3
2007-06-12,54,10.8
2007-06-14,86,27.9
2007-06-15,95,32.9
2007-06-16,79,24.2
2007-06-17,57,12.2
2007-06-18,31,5.5
2007-06-19,28,5.1
2007-06-20,37,6.7
2007-06-21,33,6.0
2007-06-22,34,6.2
2007-06-23,28,5.0
2007-06-24,32,5.8
2007-06-25,51,9.2
2007-06-26,51,9.2
2007-06-29,43,7.7
2007-06-30,49,8.9
2007-07-01,67,17.5
2007-07-02,65,16.6
2007-07-03,59,13.5
2007-07-04,70,19.4
2007-07-05,55,11.5
2007-07-06,47,8.4
2007-07-07,43,7.7
2007-07-08,49,8.8
2007-07-09,52,9.7
2007-07-10,37,6.6
2007-07-11,28,5.1
2007-07-12,33,6.0
2007-07-13,34,6.1
2007-07-14,44,7.9
2007-07-15,55,11.5
2007-07-16,51,9.2
2007-07-17,44,7.9
2007-07-18,53,10.4
2007-07-19,41,7.3
2007-07-20,57,12.2
2007-07-21,55,11.3
2007-07-22,57,12.4
2007-07-23,56,12.0
2007-07-24,59,13.4
2007-07-25,69,19.0
2007-07-26,65,16.8
2007-07-27,33,6.0
2007-07-28,45,8.1
2007-07-29,54,10.8
2007-07-30,70,19.5
2007-07-31,74,21.4
2007-08-01,64,16.3
2007-08-02,46,8.3
2007-08-03,38,6.8
2007-08-04,59,13.3
2007-08-05,64,16.0
2007-08-06,53,10.2
2007-08-07,43,7.7
2007-08-08,26,4.6
2007-08-09,52,9.4
2007-08-10,45,8.1
2007-08-11,54,10.6
2007-08-12,44,8.0
2007-08-13,47,8.5
2007-08-14,61,14.2
2007-08-15,68,18.1
2007-08-16,59,13.6
2007-08-17,62,14.9
2007-08-18,58,12.9
2007-08-19,41,7.3
2007-08-20,28,5.0
2007-08-21,41,7.4
2007-08-22,33,5.9
2007-08-23,21,3.7
2007-08-24,40,7.2
2007-08-25,39,7.1
2007-08-26,44,8.0
2007-08-27,51,9.3
2007-08-28,52,9.5
2007-08-29,28,5.0
2007-08-30,46,8.3
2007-08-31,39,7.0
2007-09-01,49,8.8
2007-09-02,52,9.9
2007-09-03,51,9.1
2007-09-04,73,20.7
2007-09-05,63,15.5
2007-09-06,50,9.0
2007-09-07,33,6.0
2007-09-08,34,6.1
2007-09-09,27,4.8
2007-09-10,13,2.3
2007-09-12,25,4.5
2007-09-13,31,5.5
2007-09-14,15,2.7
2007-09-15,21,3.7
2007-09-16,48,8.7
2007-09-17,70,19.4
2007-09-18,44,7.9
2007-09-19,46,8.3
2007-09-20,59,13.3
2007-09-21,58,12.7
2007-09-22,21,3.8
2007-09-23,58,13.0
2007-09-24,57,12.3
2007-09-26,27,4.8
2007-09-27,31,5.6
2007-09-28,26,4.6
2007-09-29,51,9.3
2007-09-30,52,9.5
2007-10-01,32,5.7
2007-10-02,26,4.7
2007-10-03,19,3.5
2007-10-04,58,13.1
2007-10-05,60,13.8
2007-10-06,51,9.1
2007-10-07,37,6.7
2007-10-08,17,3.1
2007-10-09,21,3.7
2007-10-12,30,5.4
2007-10-13,42,7.6
2007-10-14,49,8.8
2007-10-15,33,5.9
2007-10-16,18,3.3
2007-10-17,25,4.5
2007-10-18,12,2.1
2007-10-19,20,3.6
2007-10-20,16,2.8
2007-10-21,24,4.4
2007-10-22,27,4.8
2007-10-23,22,4.0
2007-10-25,59,13.4
2007-10-26,57,12.3
2007-10-27,36,6.4
2007-10-28,32,5.8
2007-10-29,73,21.0
2007-10-30,59,13.5
2007-10-31,25,4.5
2007-11-01,25,4.5
2007-11-02,39,7.0
2007-11-03,25,4.5
2007-11-04,27,4.9
2007-11-07,33,6.0
2007-11-08,36,6.5
2007-11-09,61,14.4
2007-11-10,59,13.3
2007-11-11,59,13.6
2007-11-12,29,5.3
2007-11-13,31,5.5
2007-11-14,16,2.8
2007-11-15,18,3.3
2007-11-16,36,6.5
2007-11-17,68,18.0
2007-11-18,85,27.4
2007-11-19,63,15.3
2007-11-20,68,18.1
2007-11-21,35,6.3
2007-11-22,39,7.0
2007-11-23,46,8.3
2007-11-24,55,11.2
2007-11-25,60,13.8
2007-11-26,52,9.4
2007-11-27,38,6.8
2007-11-28,46,8.3
2007-11-29,35,6.3
2007-11-30,33,5.9
2007-12-01,31,5.5
2007-12-02,47,8.5
2007-12-03,52,9.9
2007-12-04,60,14.1
2007-12-05,55,11.2
2007-12-06,61,14.7
2007-12-07,67,17.5
2007-12-08,59,13.5
2007-12-09,55,11.1
2007-12-10,71,19.9
2007-12-11,65,16.7
2007-12-12,70,19.4
2007-12-14,59,13.3
2007-12-15,70,19.5
2007-12-16,76,22.6
2007-12-19,81,25.1
2007-12-20,109,38.7
2007-12-21,95,32.8
2007-12-22,55,11.5
2007-12-23,29,5.2
2007-12-24,31,5.6
2007-12-25,66,17.0
2007-12-26,63,15.5
2007-12-27,70,19.5
2007-12-29,67,17.6
2007-12-30,81,25.0
2007-12-31,64,16.0
2008-01-01,43,7.7
2008-01-02,51,9.3
2008-01-03,32,5.7
2008-01-04,52,9.8
2008-01-05,61,14.6
2008-01-06,52,9.9
2008-01-07,73,21.1
2008-01-08,33,6.0
2008-01-11,62,15.2
2008-01-13,63,15.3
2008-01-14,53,10.0
2008-01-15,52,9.7
2008-01-16,60,13.9
2008-01-17,54,10.5
2008-01-24,15,2.7
2008-01-25,64,16.1
2008-01-26,56,11.7
2008-01-27,53,10.0
2008-01-28,52,9.8
2008-01-29,42,7.5
2008-01-31,61,14.3
2008-02-01,78,23.8
2008-02-02,84,26.8
2008-02-03,86,28.0
2008-02-04,74,21.7
2008-02-05,75,21.9
2008-02-06,61,14.6
2008-02-07,82,25.5
2008-02-08,57,12.5
2008-02-09,46,8.3
2008-02-10,29,5.3
2008-02-11,46,8.2
2008-02-12,62,14.8
2008-02-13,72,20.2
2008-02-14,69,18.6
2008-02-15,54,10.9
2008-02-16,56,11.8
2008-02-17,53,10.4
2008-02-18,29,5.2
2008-02-19,44,7.9
2008-02-23,75,21.9
2008-02-24,56,11.9
2008-02-26,33,6.0
2008-02-27,53,10.0
2008-02-28,56,11.8
2008-02-29,44,7.9
2008-03-01,37,6.7
2008-03-02,59,13.4
2008-03-03,29,5.3
2008-03-04,48,8.6
2008-03-05,58,13.0
2008-03-06,48,8.7
2008-03-07,33,6.0
2008-03-08,53,10.3
2008-03-09,48,8.7
2008-03-10,63,15.5
2008-03-12,53,10.0
2008-03-13,16,2.9
2008-03-14,43,7.8
2008-03-15,44,7.9
2008-03-16,53,10.3
2008-03-17,64,16.2
2008-03-18,66,17.2
2008-03-19,56,12.0
2008-03-20,54,10.5
2008-03-21,48,8.7
2008-03-22,59,13.3
2008-03-23,56,11.8
2008-03-24,32,5.8
2008-03-25,38,6.9
2008-03-26,38,6.9
2008-03-27,34,6.2
2008-03-28,55,11.0
2008-03-29,54,10.5
2008-03-30,68,18.1
2008-03-31,53,10.2
2008-04-01,43,7.8
2008-04-02,51,9.3
2008-04-03,58,12.8
2008-04-04,55,11.4
2008-04-05,73,21.0
2008-04-06,39,7.1
2008-04-07,27,4.8
2008-04-08,57,12.2
2008-04-09,61,14.4
2008-04-10,32,5.8
2008-04-12,19,3.5
2008-04-13,16,2.8
2008-04-14,41,7.3
2008-04-15,59,13.3
2008-04-16,52,9.5
2008-04-17,30,5.4
2008-04-18,23,4.2
2008-04-19,31,5.6
2008-04-20,38,6.9
2008-04-21,52,9.6
2008-04-22,38,6.8
2008-04-23,49,8.8
2008-04-24,50,9.0
2008-04-26,43,7.7
2008-04-27,35,6.3
2008-04-28,41,7.4
2008-04-29,41,7.3
2008-04-30,52,9.5
2008-05-01,52,9.8
2008-05-02,19,3.5
2008-05-03,31,5.5
2008-05-04,29,5.3
2008-05-05,46,8.2
2008-05-06,39,7.1
2008-05-07,42,7.5
2008-05-08,34,6.2
2008-05-09,39,7.0
2008-05-10,44,8.0
2008-05-11,22,4.0
2008-05-12,29,5.2
2008-05-13,41,7.4
2008-05-14,26,4.6
2008-05-15,41,7.4
2008-05-16,34,6.1
2008-05-17,38,6.8
2008-05-18,33,5.9
2008-05-19,31,5.6
2008-05-20,29,5.2
2008-05-21,32,5.8
2008-05-22,34,6.1
2008-05-23,54,10.6
2008-05-24,32,5.7
2008-05-25,54,10.7
2008-05-26,21,3.8
2008-05-27,25,4.5
2008-05-28,51,9.3
2008-05-29,57,12.4
2008-05-30,23,4.1
2008-05-31,21,3.8
2008-06-01,36,6.4
2008-06-02,47,8.5
2008-06-03,44,8.0
2008-06-04,55,11.3
2008-06-05,24,4.3
2008-06-06,12,2.1
2008-06-07,35,6.3
2008-06-09,15,2.7
2008-06-10,29,5.3
2008-06-11,37,6.7
2008-06-12,33,5.9
2008-06-13,47,8.5
2008-06-14,35,6.3
2008-06-15,26,4.6
2008-06-16,20,3.6
2008-06-17,47,8.4
2008-06-18,35,6.3
2008-06-19,52,9.5
2008-06-20,41,7.3
2008-06-21,35,6.3
2008-06-22,41,7.3
2008-06-23,47,8.5
2008-06-24,53,10.0
2008-06-25,61,14.5
2008-06-26,47,8.4
2008-06-27,36,6.5
2008-06-28,32,5.7
2008-06-29,31,5.6
2008-06-30,42,7.6
2008-07-01,53,10.0
2008-07-02,70,19.3
2008-07-03,46,8.3
2008-07-04,75,22.0
2008-07-05,63,15.5
2008-07-06,59,13.4
2008-07-07,51,9.2
2008-07-08,38,6.9
2008-07-09,57,12.3
2008-07-10,39,7.0
2008-07-11,51,9.1
2008-07-13,29,5.2
2008-07-14,26,4.6
2008-07-15,35,6.3
2008-07-16,47,8.5
2008-07-17,52,9.9
2008-07-19,53,10.3
2008-07-20,61,14.5
2008-07-21,48,8.6
2008-07-22,41,7.4
2008-07-23,57,12.5
2008-07-24,56,12.0
2008-07-25,60,13.8
2008-07-26,61,14.3
2008-07-27,56,11.8
2008-07-29,51,9.1
2008-07-30,54,10.5
2008-07-31,48,8.6
2008-08-01,53,10.2
2008-08-02,59,13.5
2008-08-03,61,14.3
2008-08-04,6,1.0
2008-08-05,58,12.8
2008-08-06,53,10.4
2008-08-07,61,14.2
2008-08-08,53,10.3
2008-08-09,51,9.1
2008-08-10,53,10.2
2008-08-11,59,13.4
2008-08-12,25,4.5
2008-08-13,43,7.8
2008-08-14,33,6.0
2008-08-15,41,7.4
2008-08-16,54,10.8
2008-08-17,53,10.0
2008-08-18,60,13.8
2008-08-19,65,16.5
2008-08-20,72,20.6
2008-08-21,63,15.8
2008-08-22,53,10.3
2008-08-23,38,6.9
2008-08-24,31,5.5
2008-08-25,38,6.8
2008-08-26,52,9.8
2008-08-27,71,19.8
2008-08-28,61,14.6
2008-08-29,42,7.5
2008-08-30,32,5.7
2008-08-31,65,16.6
2008-09-01,73,21.1
2008-09-02,45,8.1
2008-09-03,18,3.3
2008-09-04,28,5.1
2008-09-05,45,8.1
2008-09-06,33,6.0
2008-09-07,36,6.5
2008-09-08,31,5.5
2008-09-09,29,5.3
2008-09-10,56,11.9
2008-09-12,23,4.2
2008-09-13,21,3.7
2008-09-14,13,2.4
2008-09-15,19,3.4
2008-09-16,30,5.4
2008-09-17,42,7.5
2008-09-18,46,8.3
2008-09-20,71,19.7
2008-09-21,60,14.1
2008-09-22,69,18.7
2008-09-23,61,14.2
2008-09-24,59,13.3
2008-09-25,53,10.4
2008-09-26,58,13.0
2008-09-27,64,16.0
2008-09-28,55,11.4
2008-09-29,31,5.6
2008-10-01,27,4.9
2008-10-02,44,7.9
2008-10-03,53,10.0
2008-10-04,44,8.0
2008-10-05,55,11.4
2008-10-06,63,15.8
2008-10-07,19,3.5
2008-10-08,28,5.1
2008-10-09,24,4.4
2008-10-10,29,5.3
2008-10-11,59,13.2
2008-10-12,55,11.3
2008-10-13,24,4.4
2008-10-14,38,6.8
2008-10-15,19,3.5
2008-10-16,32,5.8
2008-10-17,31,5.6
2008-10-18,39,7.0
2008-10-19,44,7.9
2008-10-20,36,6.5
2008-10-21,38,6.9
2008-10-22,43,7.7
2008-10-23,17,3.0
2008-10-24,36,6.5
2008-10-25,27,4.9
2008-10-26,18,3.2
2008-10-27,17,3.1
2008-10-28,33,6.0
2008-10-29,6,1.0
2008-10-30,43,7.8
2008-10-31,53,10.3
2008-11-01,57,12.5
2008-11-02,58,12.8
2008-11-03,56,11.6
2008-11-05,52,9.8
2008-11-06,8,1.5
2008-11-07,21,3.7
2008-11-08,14,2.5
2008-11-09,22,4.0
2008-11-10,43,7.8
2008-11-11,35,6.3
2008-11-12,52,9.5
2008-11-13,43,7.8
2008-11-14,16,2.8
2008-11-15,24,4.3
2008-11-16,21,3.8
2008-11-17,32,5.8
2008-11-18,38,6.8
2008-11-19,37,6.7
2008-11-20,27,4.9
2008-11-21,31,5.5
2008-11-23,60,13.7
2008-11-24,27,4.9
2008-11-26,56,11.9
2008-11-27,53,10.3
2008-11-28,24,4.4
2008-11-29,49,8.8
2008-11-30,52,9.9
2008-12-01,41,7.3
2008-12-02,39,7.0
2008-12-03,29,5.2
2008-12-05,32,5.7
2008-12-06,23,4.2
2008-12-07,32,5.7
2008-12-08,58,12.8
2008-12-09,56,11.8
2008-12-10,60,14.0
2008-12-11,35,6.3
2008-12-12,18,3.3
2008-12-13,31,5.6
2008-12-14,39,7.0
2008-12-17,7,1.3
2008-12-18,69,18.8
2008-12-19,74,21.2
2008-12-20,65,16.7
2008-12-21,51,9.1
2008-12-22,50,9.0
2008-12-23,49,8.9
2008-12-25,8,1.5
2008-12-26,52,9.9
2008-12-27,55,11.2
2008-12-28,44,7.9
2008-12-30,36,6.4
2008-12-31,38,6.8
2009-01-01,38,6.9
2009-01-02,30,5.4
2009-01-03,55,11.5
2009-01-04,41,7.3
2009-01-05,32,5.8
2009-01-06,37,6.7
2009-01-07,43,7.7
2009-01-08,56,11.8
2009-01-09,59,13.3
2009-01-10,56,11.6
2009-01-11,49,8.8
2009-01-12,55,11.0
2009-01-17,35,6.3
2009-01-18,23,4.1
2009-01-19,45,8.1
2009-01-20,35,6.3
2009-01-21,55,11.0
2009-01-22,60,13.7
2009-01-23,55,11.3
2009-01-24,41,7.3
2009-01-25,41,7.3
2009-01-26,49,8.8
2009-01-27,61,14.4
2009-01-28,66,17.2
2009-01-30,52,9.4
2009-01-31,19,3.4
2009-02-01,13,2.4
2009-02-02,17,3.0
2009-02-05,59,13.5
2009-02-06,56,11.8
2009-02-07,43,7.7
2009-02-08,68,18.4
2009-02-09,52,9.5
2009-02-10,16,2.9
2009-02-11,41,7.3
2009-02-12,28,5.0
2009-02-13,35,6.3
2009-02-14,45,8.1
2009-02-15,50,9.0
2009-02-16,54,10.5
2009-02-17,75,21.9
2009-02-18,55,11.2
2009-02-19,27,4.9
2009-02-20,56,11.8
2009-02-21,47,8.5
2009-02-22,32,5.8
2009-02-23,47,8.4
2009-02-24,61,14.2
2009-02-25,63,15.5
2009-02-26,61,14.4
2009-02-27,43,7.8
2009-02-28,51,9.3
2009-03-01,58,12.7
2009-03-02,62,14.8
2009-03-03,59,13.3
2009-03-04,75,21.8
2009-03-05,61,14.7
2009-03-06,45,8.1
2009-03-07,52,9.4
2009-03-08,60,14.1
2009-03-09,55,11.4
2009-03-10,34,6.2
2009-03-11,33,6.0
2009-03-12,48,8.7
2009-03-13,53,10.0
2009-03-14,61,14.5
2009-03-15,83,26.5
2009-03-16,55,11.0
2009-03-17,53,10.4
2009-03-18,25,4.5
2009-03-19,44,7.9
2009-03-20,43,7.8
2009-03-21,63,15.7
2009-03-22,67,17.5
2009-03-23,61,14.2
2009-03-24,16,2.8
2009-03-25,24,4.3
2009-03-26,38,6.9
2009-03-27,30,5.4
2009-03-28,41,7.3
2009-03-29,51,9.3
2009-03-30,42,7.5
2009-03-31,23,4.1
2009-04-01,26,4.6
2009-04-02,30,5.4
2009-04-09,56,12.0
2009-04-15,41,7.3
2009-04-16,40,7.2
2009-04-17,59,13.5
2009-04-18,72,20.2
2009-04-19,43,7.7
2009-04-20,21,3.7
2009-04-21,30,5.4
2009-04-22,49,8.9
2009-04-23,49,8.8
2009-04-24,55,11.3
2009-04-25,28,5.0
2009-04-26,39,7.0
2009-04-27,21,3.8
2009-04-28,32,5.7
2009-04-29,47,8.4
2009-04-30,24,4.3
2009-05-01,28,5.1
2009-05-02,37,6.7
2009-05-03,32,5.8
2009-05-04,36,6.5
2009-05-05,46,8.2
2009-05-06,33,6.0
2009-05-07,39,7.0
2009-05-08,24,4.4
2009-05-09,30,5.4
2009-05-10,38,6.8
2009-05-11,37,6.6
2009-05-12,52,9.6
2009-05-13,27,4.8
2009-05-15,38,6.9
2009-05-16,23,4.1
2009-05-19,39,7.1
2009-05-20,46,8.3
2009-05-21,54,10.9
2009-05-22,54,10.5
2009-05-23,58,13.0
2009-05-24,54,10.8
2009-05-25,61,14.3
2009-05-26,66,16.9
2009-05-27,56,11.8
2009-05-28,38,6.8
2009-05-29,41,7.4
2009-05-30,49,8.8
2009-05-31,42,7.5
2009-06-01,44,7.9
2009-06-02,42,7.6
2009-06-03,33,6.0
2009-06-04,41,7.4
2009-06-05,41,7.4
2009-06-06,58,12.6
2009-06-07,61,14.4
2009-06-08,20,3.6
2009-06-09,32,5.7
2009-06-10,32,5.8
2009-06-11,30,5.4
2009-06-12,42,7.6
2009-06-13,29,5.3
2009-06-14,37,6.6
2009-06-15,37,6.6
2009-06-16,32,5.8
2009-06-17,36,6.5
2009-06-18,52,9.5
2009-06-19,37,6.7
2009-06-20,37,6.6
2009-06-21,32,5.8
2009-06-22,73,21.0
2009-06-23,56,11.8
2009-06-24,44,8.0
2009-06-25,52,9.5
2009-06-26,57,12.1
2009-06-27,52,9.4
2009-06-28,28,5.1
2009-06-29,46,8.2
2009-06-30,31,5.5
2009-07-01,42,7.6
2009-07-02,56,11.7
2009-07-03,53,10.2
2009-07-04,54,10.5
2009-07-05,49,8.8
2009-07-06,52,9.8
2009-07-07,49,8.8
2009-07-08,23,4.2
2009-07-09,53,10.2
2009-07-10,58,12.8
2009-07-11,28,5.1
2009-07-12,27,4.8
2009-07-13,53,10.1
2009-07-14,58,13.1
2009-07-15,27,4.8
2009-07-16,36,6.5
2009-07-22,41,7.3
2009-07-23,49,8.8
2009-07-24,51,9.1
2009-07-25,37,6.6
2009-07-26,42,7.5
2009-07-27,51,9.1
2009-07-28,43,7.8
2009-07-29,49,8.8
2009-07-30,28,5.0
2009-07-31,40,7.2
2009-08-01,36,6.5
2009-08-02,38,6.9
2009-08-03,58,12.8
2009-08-04,58,12.9
2009-08-05,39,7.0
2009-08-06,48,8.6
2009-08-07,59,13.3
2009-08-08,56,11.6
2009-08-09,32,5.8
2009-08-10,33,6.0
2009-08-11,44,8.0
2009-08-12,49,8.8
2009-08-13,53,10.2
2009-08-14,58,12.9
2009-08-15,67,17.7
2009-08-16,31,5.5
2009-08-17,33,5.9
2009-08-18,42,7.6
2009-08-19,27,4.8
2009-08-20,16,2.9
2009-08-29,26,4.7
2009-08-31,30,5.4
2009-09-01,49,8.9
2009-09-02,55,11.2
2009-09-03,68,18.0
2009-09-04,71,19.9
2009-09-05,74,21.6
2009-09-06,72,20.2
2009-09-07,63,15.3
2009-09-08,61,14.5
2009-09-09,72,20.5
2009-09-10,67,17.7
2009-09-11,65,16.7
2009-09-12,56,12.0
2009-09-13,67,17.5
2009-09-14,68,18.0
2009-09-15,63,15.7
2009-09-16,62,14.9
2009-09-17,58,13.0
2009-09-18,55,11.0
2009-09-19,55,11.0
2009-09-20,58,12.7
2009-09-21,47,8.4
2009-09-22,17,3.1
2009-09-23,37,6.7
2009-09-24,39,7.0
2009-09-25,30,5.4
2009-09-26,39,7.0
2009-09-27,32,5.7
2009-09-28,22,3.9
2009-09-29,28,5.0
2009-09-30,32,5.7
2009-10-01,28,5.0
2009-10-02,13,2.3
2009-10-03,25,4.5
2009-10-04,27,4.9
2009-10-05,24,4.3
2009-10-06,21,3.8
2009-10-07,21,3.7
2009-10-08,23,4.2
2009-10-09,37,6.6
2009-10-10,7,1.2
2009-10-11,31,5.6
2009-10-12,51,9.2
2009-10-13,41,7.3
2009-10-14,56,11.8
2009-10-15,37,6.6
2009-10-16,29,5.3
2009-10-17,47,8.5
2009-10-18,42,7.5
2009-10-19,59,13.4
2009-10-20,63,15.4
2009-10-21,51,9.1
2009-10-22,6,1.0
2009-10-23,26,4.7
2009-10-24,37,6.7
2009-10-25,,7.847059
2009-10-26,,5.575
2009-10-27,36,6.5
2009-10-28,34,6.2
2009-10-29,31,5.6
2009-10-30,29,5.2
2009-10-31,41,7.3
2009-11-01,29,5.2
2009-11-02,38,6.8
2009-11-03,32,5.8
2009-11-04,39,7.0
2009-11-05,39,7.1
2009-11-06,52,9.7
2009-11-07,48,8.6
2009-11-08,51,9.3
2009-11-09,39,7.0
2009-11-10,43,7.8
2009-11-11,53,10.0
2009-11-12,73,21.1
2009-11-13,70,19.3
2009-11-14,59,13.4
2009-11-15,53,10.3
2009-11-16,58,12.6
2009-11-17,59,13.3
2009-11-18,71,19.9
2009-11-19,90,30.3
2009-11-20,68,18.1
2009-11-21,69,18.8
2009-11-22,71,20.0
2009-11-23,78,23.7
2009-11-24,53,10.3
2009-11-25,31,5.5
2009-11-26,40,7.2
2009-11-27,23,4.1
2009-11-28,62,14.9
2009-11-29,58,12.7
2009-11-30,47,8.4
2009-12-01,27,4.9
2009-12-02,32,5.8
2009-12-03,30,5.4
2009-12-04,31,5.6
2009-12-05,44,7.9
2009-12-06,60,14.0
2009-12-07,54,10.8
2009-12-08,62,15.2
2009-12-09,44,8.0
2009-12-10,56,11.9
2009-12-11,57,12.4
2009-12-12,66,17.4
2009-12-13,89,29.5
2009-12-14,52,9.8
2009-12-15,58,13.1
2009-12-16,60,13.9
2009-12-17,90,30.0
2009-12-18,124,44.7
2009-12-19,88,28.9
2009-12-20,65,16.7
2009-12-21,71,20.0
2009-12-22,71,19.7
2009-12-23,55,11.0
2009-12-24,44,7.9
2009-12-25,29,5.2
2009-12-26,40,7.2
2009-12-27,31,5.5
2009-12-28,50,9.0
2009-12-29,67,17.6
2009-12-30,67,17.5
2009-12-31,66,17.2
2010-01-01,59,13.2
2010-01-02,56,11.9
2010-01-03,60,13.7
2010-01-04,85,27.4
2010-01-05,137,50.0
2010-01-06,73,20.7
2010-01-07,39,7.0
2010-01-08,53,10.1
2010-01-09,56,11.9
2010-01-10,55,11.2
2010-01-11,64,15.9
2010-01-12,79,23.9
2010-01-13,69,18.7
2010-01-14,69,19.0
2010-01-15,80,24.9
2010-01-16,63,15.3
2010-01-17,60,13.8
2010-01-18,74,21.6
2010-01-19,,13.507692
2010-01-20,52,9.5
2010-01-22,,9.8
2010-01-23,42,7.6
2010-01-24,18,3.2
2010-01-25,37,6.6
2010-01-26,33,6.0
2010-01-27,47,8.4
2010-01-28,57,12.1
2010-01-29,62,14.9
2010-01-30,76,22.5
2010-01-31,105,37.3
2010-02-01,78,23.6
2010-02-02,86,27.9
2010-02-03,91,30.5
2010-02-04,88,28.8
2010-02-05,124,44.9
2010-02-06,89,29.7
2010-02-07,77,22.8
2010-02-08,62,14.9
2010-02-09,49,8.9
2010-02-10,58,12.6
2010-02-11,69,18.9
2010-02-12,85,27.2
2010-02-13,90,29.8
2010-02-14,51,9.2
2010-02-15,24,4.4
2010-02-16,29,5.3
2010-02-17,51,9.3
2010-02-18,67,17.8
2010-02-19,64,16.3
2010-02-20,61,14.3
2010-02-21,54,10.9
2010-02-22,55,11.3
2010-02-23,56,11.8
2010-02-24,51,9.1
2010-02-25,57,12.5
2010-02-26,73,21.0
2010-02-27,94,32.2
2010-02-28,90,30.0
2010-03-01,62,15.0
2010-03-02,77,22.9
2010-03-03,85,27.5
2010-03-04,69,18.8
2010-03-05,63,15.5
2010-03-06,77,23.0
2010-03-07,81,25.4
2010-03-08,80,24.5
2010-03-09,77,23.0
2010-03-10,60,13.9
2010-03-11,17,3.1
2010-03-12,29,5.3
2010-03-13,52,9.8
2010-03-14,54,10.5
2010-03-15,54,10.5
2010-03-16,55,11.5
2010-03-17,48,8.6
2010-03-18,52,9.4
2010-03-19,28,5.0
2010-03-20,21,3.7
2010-03-21,33,5.9
2010-03-22,30,5.4
2010-03-23,52,9.7
2010-03-24,47,8.4
2010-03-25,34,6.2
2010-03-26,32,5.7
2010-03-27,48,8.6
2010-03-28,33,5.9
2010-03-29,38,6.8
2010-03-30,64,16.0
2010-03-31,57,12.3
2010-04-01,56,11.7
2010-04-02,32,5.8
2010-04-03,13,2.3
2010-04-04,23,4.1
2010-04-05,47,8.4
2010-04-06,53,10.3
2010-04-07,9,1.6
2010-04-08,35,6.3
2010-04-09,57,12.5
2010-04-10,39,7.1
2010-04-11,56,12.0
2010-04-12,79,24.0
2010-04-13,82,25.5
2010-04-14,61,14.6
2010-04-15,56,12.0
2010-04-16,28,5.0
2010-04-17,37,6.7
2010-04-18,60,13.8
2010-04-19,62,15.1
2010-04-20,73,20.9
2010-04-21,83,26.5
2010-04-22,83,26.4
2010-04-23,54,10.9
2010-04-24,23,4.2
2010-04-25,53,10.4
2010-04-26,17,3.0
2010-04-27,39,7.0
2010-04-28,48,8.6
2010-04-29,34,6.2
2010-04-30,7,1.2
2010-05-01,4,0.8
2010-05-02,20,3.6
2010-05-03,4,0.7
2010-05-04,13,2.3
2010-05-05,6,1.1
2010-05-06,5,0.9
2010-05-07,24,4.4
2010-05-08,29,5.2
2010-05-09,34,6.2
2010-05-10,9,1.7
2010-05-11,38,6.8
2010-05-12,17,3.1
2010-05-13,13,2.4
2010-05-14,38,6.9
2010-05-15,36,6.5
2010-05-16,33,5.9
2010-05-17,47,8.4
2010-05-18,58,12.7
2010-05-19,41,7.3
2010-05-20,47,8.4
2010-05-21,43,7.7
2010-05-22,40,7.2
2010-05-23,44,7.9
2010-05-24,42,7.6
2010-05-25,29,5.2
2010-05-26,45,8.1
2010-05-27,17,3.1
2010-05-28,32,5.8
2010-05-29,46,8.2
2010-05-30,37,6.6
2010-05-31,,3.933333
2010-06-01,42,7.5
2010-06-02,,9.846154
2010-06-03,15,2.7
2010-06-04,26,4.7
2010-06-05,,6.0
2010-06-07,31,5.5
2010-06-08,17,3.0
2010-06-09,23,4.2
2010-06-10,27,4.8
2010-06-11,23,4.1
2010-06-12,18,3.2
2010-06-13,21,3.8
2010-06-14,14,2.6
2010-06-15,18,3.2
2010-06-16,26,4.7
2010-06-17,32,5.7
2010-06-18,31,5.5
2010-06-19,33,5.9
2010-06-20,18,3.2
2010-06-21,12,2.2
2010-06-22,39,7.0
2010-06-23,8,1.4
2010-06-24,27,4.8
2010-06-25,41,7.3
2010-06-26,54,10.7
2010-06-27,19,3.4
2010-06-28,28,5.0
2010-06-29,19,3.5
2010-06-30,38,6.9
2010-07-01,60,14.1
2010-07-02,64,15.9
2010-07-03,51,9.1
2010-07-04,90,2.1
2010-07-05,106,1.6
2010-07-06,27,4.8
2010-07-07,36,6.5
2010-07-08,19,3.5
2010-07-09,44,7.9
2010-07-10,29,5.3
2010-07-11,18,3.2
2010-07-12,24,4.4
2010-07-13,51,9.1
2010-07-14,52,9.4
2010-07-15,37,6.7
2010-07-16,40,7.2
2010-07-17,52,9.7
2010-07-18,38,6.8
2010-07-19,33,5.9
2010-07-20,19,3.4
2010-07-21,17,3.1
2010-07-22,43,7.7
2010-07-23,25,4.5
2010-07-24,18,3.3
2010-07-25,40,7.2
2010-07-26,32,5.7
2010-07-27,54,10.7
2010-07-28,46,8.3
2010-07-29,29,5.3
2010-07-30,48,8.6
2010-07-31,45,8.1
2010-08-01,51,9.1
2010-08-02,59,13.3
2010-08-03,18,3.2
2010-08-04,43,7.7
2010-08-05,52,9.4
2010-08-06,58,12.6
2010-08-07,63,15.3
2010-08-08,58,13.1
2010-08-09,54,10.5
2010-08-10,54,10.5
2010-08-11,39,7.0
2010-08-12,55,11.3
2010-08-13,49,8.9
2010-08-14,46,8.2
2010-08-15,24,4.3
2010-08-16,32,5.7
2010-08-17,25,4.5
2010-08-18,56,11.8
2010-08-19,52,9.4
2010-08-20,51,9.1
2010-08-21,56,12.0
2010-08-22,52,9.7
2010-08-23,63,15.4
2010-08-24,47,8.4
2010-08-25,37,6.6
2010-08-26,42,7.6
2010-08-27,44,8.0
2010-08-28,54,10.9
2010-08-29,53,10.4
2010-08-30,52,9.8
2010-08-31,43,7.7
2010-09-01,21,3.8
2010-09-02,4,0.7
2010-09-03,13,2.4
2010-09-04,24,4.3
2010-09-05,27,4.8
2010-09-06,46,8.3
2010-09-07,9,1.7
2010-09-08,29,5.3
2010-09-09,22,3.9
2010-09-10,28,5.0
2010-09-11,27,4.9
2010-09-12,8,1.5
2010-09-13,29,5.3
2010-09-14,22,3.9
2010-09-15,27,4.9
2010-09-16,,0.285714
2010-09-17,,5.090909
2010-09-18,12,2.2
2010-09-19,4,0.7
2010-09-20,55,11.2
2010-09-21,61,14.2
2010-09-22,40,7.2
2010-09-23,32,5.8
2010-09-24,6,1.1
2010-09-25,14,2.5
2010-09-26,17,3.0
2010-09-27,18,3.2
2010-09-28,19,3.5
2010-09-29,29,5.2
2010-09-30,14,2.5
2010-10-01,34,6.1
2010-10-02,19,3.5
2010-10-03,14,2.5
2010-10-04,16,2.8
2010-10-05,41,7.4
2010-10-06,40,7.2
2010-10-07,,15.333333
2010-10-11,44,7.9
2010-10-12,,6.5625
2010-10-13,15,2.7
2010-10-14,17,3.1
2010-10-15,34,6.2
2010-10-16,31,5.5
2010-10-17,36,6.5
2010-10-18,34,6.2
2010-10-19,53,10.1
2010-10-20,25,4.5
2010-10-21,26,4.6
2010-10-22,39,7.0
2010-10-23,42,7.6
2010-10-24,14,2.6
2010-10-25,25,4.5
2010-10-26,2,0.3
2010-10-27,4,0.8
2010-10-28,,2.727273
2010-10-29,27,4.8
2010-11-04,15,2.7
2010-11-16,49,8.8
2010-11-22,41,7.3
2010-11-28,33,5.9
2010-12-04,57,12.4
2010-12-10,36,6.5
2010-12-16,74,21.5
2010-12-22,59,13.5
2010-12-28,68,18.3
2011-01-03,,8.222222
2011-01-04,54,10.7
2011-01-05,53,10.3
2011-01-06,45,8.1
2011-01-07,35,6.3
2011-01-08,27,4.9
2011-01-09,33,5.9
2011-01-10,58,13.0
2011-01-11,54,10.5
2011-01-12,55,11.1
2011-01-13,68,18.0
2011-01-14,79,24.3
2011-01-15,51,9.1
2011-01-16,53,10.3
2011-01-17,75,22.2
2011-01-18,,12.5
2011-01-20,,6.923077
2011-01-21,58,12.7
2011-01-22,80,24.7
2011-01-23,75,22.0
2011-01-24,57,12.3
2011-01-25,59,13.2
2011-01-26,68,18.2
2011-01-27,52,9.8
2011-01-28,,3.181818
2011-01-29,47,8.4
2011-01-30,47,8.5
2011-01-31,60,14.0
2011-02-01,28,5.0
2011-02-02,24,4.4
2011-02-03,28,5.0
2011-02-04,29,5.2
2011-02-05,55,11.2
2011-02-06,73,20.9
2011-02-07,30,5.4
2011-02-08,37,6.6
2011-02-09,34,6.1
2011-02-10,43,7.8
2011-02-11,34,6.1
2011-02-12,25,4.5
2011-02-13,18,3.3
2011-02-14,26,4.6
2011-02-15,52,9.6
2011-02-16,68,18.3
2011-02-17,38,6.9
2011-02-18,34,6.2
2011-02-19,29,5.2
2011-02-20,54,10.5
2011-02-21,31,5.5
2011-02-22,49,8.8
2011-02-23,55,11.1
2011-02-24,58,12.6
2011-02-25,33,6.0
2011-02-26,61,14.4
2011-02-27,69,19.0
2011-02-28,54,10.6
2011-03-01,51,9.1
2011-03-02,24,4.4
2011-03-03,68,18.0
2011-03-04,90,30.3
2011-03-05,51,9.2
2011-03-06,52,9.7
2011-03-07,62,14.9
2011-03-08,76,22.5
2011-03-09,69,18.7
2011-03-10,52,9.5
2011-03-11,23,4.2
2011-03-12,41,7.3
2011-03-13,55,11.5
2011-03-14,57,12.2
2011-03-15,53,10.3
2011-03-16,56,11.9
2011-03-17,50,9.0
2011-03-18,34,6.2
2011-03-19,36,6.5
2011-03-20,63,15.4
2011-03-21,58,13.0
2011-03-22,54,10.8
2011-03-23,26,4.7
2011-03-24,50,9.0
2011-03-25,56,12.0
2011-03-26,59,13.6
2011-03-27,46,8.2
2011-03-28,51,9.2
2011-03-29,67,17.7
2011-03-30,69,19.0
2011-03-31,78,23.7
2011-04-01,37,6.7
2011-04-02,52,9.6
2011-04-03,67,17.6
2011-04-04,17,3.0
2011-04-05,15,2.7
2011-04-06,37,6.6
2011-04-07,55,11.0
2011-04-08,69,19.0
2011-04-09,79,24.3
2011-04-10,54,10.6
2011-04-11,34,6.2
2011-04-12,55,11.5
2011-04-13,62,14.8
2011-04-14,59,13.2
2011-04-15,52,9.5
2011-04-16,28,5.1
2011-04-17,51,9.1
2011-04-18,38,6.9
2011-04-19,33,5.9
2011-04-20,35,6.3
2011-04-21,43,7.7
2011-04-22,46,8.3
2011-04-23,21,3.7
2011-04-24,41,7.4
2011-04-25,48,8.7
2011-04-26,26,4.7
2011-04-27,29,5.3
2011-04-28,34,6.2
2011-04-29,41,7.3
2011-04-30,19,3.4
2011-05-01,17,3.0
2011-05-02,30,5.4
2011-05-03,43,7.8
2011-05-04,50,9.0
2011-05-05,28,5.0
2011-05-06,29,5.2
2011-05-07,29,5.2
2011-05-08,60,14.0
2011-05-09,65,16.8
2011-05-10,74,21.2
2011-05-11,57,12.2
2011-05-12,58,13.0
2011-05-13,31,5.5
2011-05-14,15,2.7
2011-05-15,26,4.7
2011-05-16,33,5.9
2011-05-17,37,6.7
2011-05-18,37,6.6
2011-05-19,44,8.0
2011-05-20,58,12.9
2011-05-21,47,8.4
2011-05-22,20,3.6
2011-05-23,16,2.8
2011-05-24,,8.5625
2011-05-25,,3.692308
2011-05-26,28,5.0
2011-05-27,34,6.2
2011-05-28,47,8.4
2011-05-29,52,9.9
2011-05-30,62,15.0
2011-05-31,17,3.0
2011-06-01,38,6.8
2011-06-02,56,11.6
2011-06-03,65,16.5
2011-06-04,53,10.1
2011-06-05,55,11.2
2011-06-06,56,11.8
2011-06-07,78,23.5
2011-06-08,59,13.6
2011-06-09,37,6.6
2011-06-10,46,8.3
2011-06-11,49,8.8
2011-06-12,28,5.1
2011-06-13,56,12.0
2011-06-14,66,17.0
2011-06-15,42,7.5
2011-06-16,32,5.8
2011-06-17,54,10.9
2011-06-18,40,7.2
2011-06-19,54,10.9
2011-06-20,39,7.1
2011-06-21,14,2.6
2011-06-22,22,3.9
2011-06-23,22,3.9
2011-06-24,32,5.7
2011-06-25,29,5.3
2011-06-26,50,9.0
2011-06-27,14,2.5
2011-06-28,31,5.6
2011-06-29,53,10.3
2011-06-30,51,9.1
2011-07-01,53,10.1
2011-07-02,,3.6
2011-07-05,,8.769231
2011-07-06,43,7.8
2011-07-07,28,5.0
2011-07-08,47,8.5
2011-07-09,61,14.7
2011-07-10,73,21.1
2011-07-11,39,7.0
2011-07-12,19,3.5
2011-07-13,,4.384615
2011-07-14,,14.294118
2011-07-15,61,14.2
2011-07-16,61,14.7
2011-07-17,57,12.4
2011-07-18,61,14.6
2011-07-19,51,9.1
2011-07-20,46,8.2
2011-07-21,30,5.4
2011-07-22,43,7.7
2011-07-23,52,9.4
2011-07-24,42,7.5
2011-07-25,38,6.9
2011-07-26,41,7.4
2011-07-27,54,10.9
2011-07-28,54,10.7
2011-07-29,36,6.5
2011-07-30,43,7.8
2011-07-31,55,11.3
2011-08-01,56,11.8
2011-08-02,50,9.0
2011-08-03,38,6.8
2011-08-04,48,8.6
2011-08-05,52,9.8
2011-08-06,48,8.6
2011-08-07,36,6.5
2011-08-08,24,4.3
2011-08-09,27,4.9
2011-08-10,27,4.9
2011-08-11,33,6.0
2011-08-12,12,2.2
2011-08-13,30,5.4
2011-08-14,40,7.2
2011-08-15,25,4.5
2011-08-16,45,8.1
2011-08-17,55,11.3
2011-08-18,35,6.3
2011-08-19,22,4.0
2011-08-20,26,4.7
2011-08-21,41,7.4
2011-08-22,25,4.5
2011-08-23,56,12.0
2011-08-24,52,9.8
2011-08-25,37,6.7
2011-08-26,47,8.5
2011-08-27,39,7.0
2011-08-28,33,6.0
2011-08-29,38,6.8
2011-08-30,44,7.9
2011-08-31,70,19.5
2011-09-01,63,15.3
2011-09-02,62,15.0
2011-09-03,59,13.3
2011-09-04,24,4.4
2011-09-05,22,4.0
2011-09-06,22,3.9
2011-09-07,31,5.6
2011-09-08,42,7.6
2011-09-09,52,9.5
2011-09-10,53,10.2
2011-09-11,53,10.4
2011-09-12,52,9.8
2011-09-13,39,7.0
2011-09-14,23,4.2
2011-09-15,24,4.3
2011-09-16,32,5.7
2011-09-17,53,10.4
2011-09-18,46,8.3
2011-09-19,40,7.2
2011-09-20,26,4.7
2011-09-21,28,5.0
2011-09-22,32,5.7
2011-09-23,36,6.5
2011-09-24,36,6.5
2011-09-25,32,5.7
2011-09-26,44,7.9
2011-09-27,61,14.4
2011-09-28,60,13.8
2011-09-29,42,7.5
2011-09-30,33,6.0
2011-10-01,36,6.5
2011-10-02,38,6.9
2011-10-03,52,9.5
2011-10-04,53,10.2
2011-10-05,59,13.6
2011-10-06,63,15.4
2011-10-07,58,12.8
2011-10-08,54,10.9
2011-10-09,52,9.7
2011-10-10,15,2.7
2011-10-11,28,5.0
2011-10-12,37,6.6
2011-10-13,14,2.5
2011-10-14,23,4.2
2011-10-15,31,5.6
2011-10-16,31,5.5
2011-10-17,37,6.7
2011-10-18,39,7.0
2011-10-19,42,7.5
2011-10-20,37,6.7
2011-10-21,48,8.6
2011-10-22,60,13.8
2011-10-23,52,9.4
2011-10-24,28,5.1
2011-10-25,48,8.6
2011-10-26,42,7.6
2011-10-27,36,6.5
2011-10-28,34,6.2
2011-10-29,46,8.2
2011-10-30,29,5.2
2011-10-31,36,6.5
2011-11-01,54,10.6
2011-11-02,29,5.2
2011-11-03,39,7.1
2011-11-04,48,8.6
2011-11-05,61,14.7
2011-11-06,49,8.8
2011-11-07,53,10.1
2011-11-08,34,6.1
2011-11-09,38,6.8
2011-11-10,32,5.8
2011-11-11,37,6.7
2011-11-12,30,5.4
2011-11-13,29,5.2
2011-11-14,21,3.7
2011-11-15,24,4.3
2011-11-16,22,4.0
2011-11-17,26,4.7
2011-11-18,29,5.3
2011-11-19,55,11.4
2011-11-20,32,5.7
2011-11-21,63,15.7
2011-11-22,76,22.5
2011-11-23,62,15.1
2011-11-24,34,6.2
2011-11-25,66,17.4
2011-11-26,50,9.0
2011-11-27,31,5.6
2011-11-28,52,9.6
2011-11-29,49,8.8
2011-11-30,28,5.0
2011-12-01,48,8.6
2011-12-02,53,10.1
2011-12-03,60,13.7
2011-12-04,58,12.8
2011-12-05,53,10.3
2011-12-06,53,10.0
2011-12-07,59,13.5
2011-12-08,65,16.6
2011-12-09,49,8.9
2011-12-10,72,20.4
2011-12-11,75,21.9
2011-12-12,58,13.1
2011-12-13,65,16.5
2011-12-14,35,6.3
2011-12-15,53,10.3
2011-12-16,56,11.9
2011-12-17,39,7.1
2011-12-18,48,8.6
2011-12-19,43,7.7
2011-12-20,51,9.1
2011-12-21,44,8.0
2011-12-22,34,6.2
2011-12-23,44,8.0
2011-12-24,36,6.5
2011-12-25,16,2.9
2011-12-26,19,3.5
2011-12-27,26,4.7
2011-12-28,29,5.3
2011-12-29,21,3.7
2011-12-30,15,2.7
2011-12-31,22,4.0
2012-01-01,14,2.6
2012-01-02,20,3.6
2012-01-03,19,3.5
2012-01-04,28,5.1
2012-01-05,19,3.5
2012-01-06,,5.9
2012-01-09,,7.9
2012-01-10,47,8.4
2012-01-11,35,6.3
2012-01-12,34,6.1
2012-01-13,24,4.3
2012-01-14,25,4.5
2012-01-15,20,3.6
2012-01-16,33,6.0
2012-01-17,25,4.5
2012-01-18,38,6.9
2012-01-19,31,5.6
2012-01-20,33,5.9
2012-01-21,54,10.6
2012-01-22,83,26.2
2012-01-23,54,10.9
2012-01-24,55,11.5
2012-01-25,77,23.1
2012-01-26,48,8.7
2012-01-27,36,6.4
2012-01-28,12,2.2
2012-01-29,25,4.5
2012-01-30,18,3.2
2012-01-31,28,5.0
2012-02-01,40,7.2
2012-02-02,53,10.2
2012-02-03,57,12.1
2012-02-04,52,9.4
2012-02-05,58,12.7
2012-02-06,85,27.5
2012-02-07,54,10.8
2012-02-08,43,7.7
2012-02-09,65,16.5
2012-02-10,27,4.8
2012-02-11,29,5.2
2012-02-12,49,8.9
2012-02-13,32,5.7
2012-02-14,64,15.9
2012-02-15,74,21.2
2012-02-16,49,8.9
2012-02-17,37,6.7
2012-02-18,54,10.5
2012-02-19,55,11.5
2012-02-20,40,7.2
2012-02-21,21,3.8
2012-02-22,19,3.5
2012-02-23,36,6.5
2012-02-24,31,5.5
2012-02-25,35,6.3
2012-02-26,19,3.5
2012-02-27,35,6.3
2012-02-28,53,10.0
2012-02-29,54,10.5
2012-03-01,55,11.0
2012-03-02,41,7.3
2012-03-03,33,5.9
2012-03-04,52,9.5
2012-03-05,47,8.5
2012-03-06,31,5.6
2012-03-07,46,8.2
2012-03-08,38,6.9
2012-03-09,41,7.4
2012-03-10,37,6.7
2012-03-11,49,8.8
2012-03-12,45,8.1
2012-03-13,53,10.3
2012-03-14,53,10.3
2012-03-15,70,19.1
2012-03-16,71,19.7
2012-03-17,55,11.4
2012-03-18,51,9.1
2012-03-19,51,9.2
2012-03-20,33,5.9
2012-03-21,26,4.7
2012-03-22,14,2.5
2012-03-23,46,8.2
2012-03-24,53,10.4
2012-03-25,67,17.6
2012-03-26,59,13.6
2012-03-27,39,7.0
2012-03-28,38,6.9
2012-03-29,49,8.9
2012-03-30,57,12.2
2012-03-31,58,12.8
2012-04-01,67,17.7
2012-04-02,61,14.3
2012-04-03,52,9.6
2012-04-04,31,5.6
2012-04-05,32,5.7
2012-04-06,32,5.8
2012-04-07,32,5.7
2012-04-08,24,4.4
2012-04-09,22,4.0
2012-04-10,22,4.0
2012-04-11,19,3.5
2012-04-12,39,7.0
2012-04-13,43,7.7
2012-04-14,47,8.4
2012-04-15,21,3.7
2012-04-16,21,3.8
2012-04-17,28,5.1
2012-04-18,43,7.7
2012-04-19,31,5.6
2012-04-20,30,5.4
2012-04-21,25,4.5
2012-04-22,16,2.9
2012-04-23,36,6.5
2012-04-24,43,7.7
2012-04-25,52,9.7
2012-04-26,39,7.0
2012-04-27,34,6.2
2012-04-28,55,11.2
2012-04-29,63,15.3
2012-04-30,,11.0
2012-05-01,,8.6875
2012-05-02,53,10.4
2012-05-03,33,6.0
2012-05-04,58,13.1
2012-05-05,62,15.2
2012-05-06,,10.0
2012-05-09,28,5.0
2012-05-14,,6.8
2012-05-15,,6.857143
2012-05-16,,6.125
2012-05-17,50,9.0
2012-05-18,56,11.8
2012-05-19,62,14.8
2012-05-20,25,4.5
2012-05-21,34,6.1
2012-05-22,36,6.5
2012-05-23,,8.642857
2012-05-24,,5.363636
2012-05-25,38,6.8
2012-05-26,57,12.5
2012-05-27,54,10.7
2012-05-28,25,4.5
2012-05-29,15,2.7
2012-05-30,23,4.2
2012-05-31,23,4.2
2012-06-01,29,5.3
2012-06-02,27,4.8
2012-06-03,28,5.0
2012-06-04,28,5.0
2012-06-05,46,8.3
2012-06-06,46,8.2
2012-06-07,53,10.1
2012-06-08,58,13.1
2012-06-09,62,15.1
2012-06-10,56,12.0
2012-06-11,23,4.1
2012-06-12,22,3.9
2012-06-13,26,4.7
2012-06-14,51,9.1
2012-06-15,27,4.8
2012-06-16,29,5.2
2012-06-17,32,5.7
2012-06-18,36,6.5
2012-06-19,53,10.1
2012-06-20,24,4.4
2012-06-21,16,2.8
2012-06-22,28,5.0
2012-06-23,43,7.7
2012-06-24,63,15.7
2012-06-25,57,12.1
2012-06-26,42,7.6
2012-06-27,66,17.2
2012-06-28,72,20.2
2012-06-29,62,15.2
2012-06-30,58,13.1
2012-07-01,54,10.5
2012-07-02,35,6.3
2012-07-03,63,15.6
2012-07-04,74,21.3
2012-07-05,58,12.6
2012-07-06,53,10.2
2012-07-07,46,8.3
2012-07-08,33,6.0
2012-07-09,33,6.0
2012-07-10,28,5.0
2012-07-11,55,11.2
2012-07-12,62,15.2
2012-07-13,62,15.0
2012-07-14,52,9.6
2012-07-15,54,10.5
2012-07-16,32,5.7
2012-07-17,49,8.9
2012-07-18,59,13.2
2012-07-19,38,6.9
2012-07-20,48,8.6
2012-07-21,37,6.7
2012-07-22,47,8.5
2012-07-23,58,12.6
2012-07-24,59,13.4
2012-07-25,51,9.2
2012-07-26,38,6.9
2012-07-27,34,6.1
2012-07-28,21,3.7
2012-07-29,37,6.6
2012-07-30,47,8.5
2012-07-31,49,8.8
2012-08-01,47,8.4
2012-08-02,39,7.1
2012-08-03,52,9.5
2012-08-04,34,6.1
2012-08-05,7,1.3
2012-08-06,21,3.8
2012-08-07,33,5.9
2012-08-08,33,6.0
2012-08-09,34,6.1
2012-08-10,22,4.0
2012-08-11,21,3.8
2012-08-12,27,4.9
2012-08-13,19,3.5
2012-08-14,30,5.4
2012-08-15,36,6.5
2012-08-16,19,3.4
2012-08-17,25,4.5
2012-08-18,28,5.1
2012-08-19,28,5.0
2012-08-20,41,7.4
2012-08-21,37,6.7
2012-08-22,49,8.8
2012-08-23,59,13.5
2012-08-24,57,12.5
2012-08-25,56,11.7
2012-08-26,64,16.2
2012-08-27,61,14.6
2012-08-28,57,12.2
2012-08-29,58,12.7
2012-08-30,55,11.3
2012-08-31,55,11.3
2012-09-01,42,7.5
2012-09-02,32,5.8
2012-09-03,43,7.7
2012-09-04,41,7.4
2012-09-05,32,5.7
2012-09-06,31,5.5
2012-09-07,28,5.0
2012-09-08,12,2.2
2012-09-09,10,1.8
2012-09-10,11,1.9
2012-09-11,31,5.5
2012-09-12,42,7.6
2012-09-13,27,4.9
2012-09-14,31,5.6
2012-09-15,27,4.9
2012-09-16,22,4.0
2012-09-17,17,3.1
2012-09-18,13,2.3
2012-09-19,37,6.6
2012-09-20,36,6.4
2012-09-21,25,4.5
2012-09-22,,4.875
2012-09-24,,5.916667
2012-09-25,51,9.3
2012-09-26,46,8.2
2012-09-27,43,7.7
2012-09-28,54,10.9
2012-09-29,52,9.8
2012-09-30,54,10.6
2012-10-01,54,10.5
2012-10-02,40,7.2
2012-10-03,36,6.4
2012-10-04,9,1.6
2012-10-05,24,4.3
2012-10-06,19,3.4
2012-10-07,17,3.0
2012-10-08,15,2.7
2012-10-09,19,3.5
2012-10-10,18,3.2
2012-10-11,22,4.0
2012-10-12,22,3.9
2012-10-13,29,5.3
2012-10-14,56,11.7
2012-10-15,52,9.8
2012-10-16,25,4.5
2012-10-17,23,4.2
2012-10-18,13,2.3
2012-10-19,1,0.2
2012-10-20,24,4.3
2012-10-21,46,8.2
2012-10-22,61,14.4
2012-10-23,57,12.5
2012-10-24,44,8.0
2012-10-25,27,4.9
2012-10-26,21,3.7
2012-10-27,42,7.5
2012-10-28,38,6.9
2012-10-29,37,6.7
2012-10-30,44,8.0
2012-10-31,62,15.1
2012-11-01,66,17.3
2012-11-02,29,5.2
2012-11-03,54,10.7
2012-11-04,63,15.7
2012-11-05,70,19.1
2012-11-06,30,5.4
2012-11-07,26,4.7
2012-11-08,33,6.0
2012-11-09,55,11.2
2012-11-10,32,5.8
2012-11-11,12,2.2
2012-11-12,29,5.3
2012-11-13,43,7.7
2012-11-14,34,6.2
2012-11-15,38,6.8
2012-11-16,55,11.0
2012-11-17,58,12.7
2012-11-18,52,9.9
2012-11-19,54,10.5
2012-11-20,61,14.4
2012-11-21,32,5.7
2012-11-22,21,3.7
2012-11-23,21,3.8
2012-11-24,28,5.1
2012-11-25,33,6.0
2012-11-26,53,10.0
2012-11-27,53,10.0
2012-11-28,54,10.5
2012-11-29,56,12.0
2012-11-30,81,25.0
2012-12-01,77,23.3
2012-12-02,60,13.9
2012-12-03,41,7.3
2012-12-04,23,4.1
2012-12-05,24,4.4
2012-12-06,19,3.5
2012-12-07,44,7.9
2012-12-08,62,15.0
2012-12-09,40,7.2
2012-12-10,19,3.5
2012-12-11,17,3.0
2012-12-12,16,2.8
2012-12-13,52,9.5
2012-12-14,57,12.5
2012-12-15,55,11.4
2012-12-16,67,17.6
2012-12-17,69,19.0
2012-12-18,59,13.4
2012-12-19,58,13.1
2012-12-20,52,9.4
2012-12-21,55,11.2
2012-12-22,68,18.0
2012-12-23,71,19.6
2012-12-24,53,10.0
2012-12-25,24,4.3
2012-12-26,39,7.1
2012-12-27,58,13.1
2012-12-28,76,22.4
2012-12-29,61,14.7
2012-12-30,53,10.0
2012-12-31,53,10.0
2013-01-01,52,9.8
2013-01-02,56,12.0
2013-01-03,45,8.1
2013-01-04,65,16.6
2013-01-05,68,18.3
2013-01-06,51,9.2
2013-01-07,37,6.7
2013-01-08,57,12.4
2013-01-09,54,10.7
2013-01-10,23,4.1
2013-01-11,26,4.7
2013-01-12,29,5.3
2013-01-13,35,6.3
2013-01-14,39,7.1
2013-01-15,36,6.4
2013-01-16,26,4.7
2013-01-17,54,10.6
2013-01-18,33,5.9
2013-01-19,21,3.7
2013-01-20,22,3.9
2013-01-21,17,3.1
2013-01-22,30,5.4
2013-01-23,45,8.1
2013-01-24,24,4.4
2013-01-25,41,7.3
2013-01-26,54,10.6
2013-01-27,53,10.4
2013-01-28,34,6.2
2013-01-29,56,11.7
2013-01-30,52,9.7
2013-01-31,43,7.7
2013-02-01,37,6.7
2013-02-02,46,8.2
2013-02-03,13,2.3
2013-02-04,48,8.6
2013-02-05,49,8.8
2013-02-06,52,9.8
2013-02-07,72,20.4
2013-02-08,58,12.8
2013-02-09,63,15.6
2013-02-10,34,6.2
2013-02-11,52,9.4
2013-02-12,51,9.3
2013-02-13,31,5.5
2013-02-14,21,3.7
2013-02-15,28,5.0
2013-02-16,39,7.1
2013-02-17,50,9.0
2013-02-18,44,7.9
2013-02-19,19,3.4
2013-02-20,24,4.4
2013-02-21,50,9.0
2013-02-22,57,12.2
2013-02-23,74,21.5
2013-02-24,84,26.6
2013-02-25,118,42.4
2013-02-26,104,36.6
2013-02-27,69,18.9
2013-02-28,47,8.4
2013-03-01,39,7.1
2013-03-02,55,11.3
2013-03-03,68,18.0
2013-03-04,61,14.3
2013-03-05,32,5.8
2013-03-06,44,7.9
2013-03-07,54,10.9
2013-03-08,71,20.0
2013-03-09,75,22.2
2013-03-10,52,9.5
2013-03-11,42,7.6
2013-03-12,46,8.2
2013-03-13,54,10.7
2013-03-14,56,11.6
2013-03-15,70,19.1
2013-03-16,54,10.5
2013-03-17,39,7.0
2013-03-18,39,7.1
2013-03-19,37,6.7
2013-03-20,33,5.9
2013-03-21,51,9.2
2013-03-22,57,12.4
2013-03-23,63,15.8
2013-03-24,65,16.6
2013-03-25,21,3.8
2013-03-26,37,6.7
2013-03-27,56,11.9
2013-03-28,58,13.1
2013-03-29,66,17.1
2013-03-30,51,9.2
2013-03-31,46,8.2
2013-04-01,24,4.4
2013-04-02,54,10.5
2013-04-03,58,13.0
2013-04-04,57,12.3
2013-04-05,54,10.6
2013-04-06,40,7.2
2013-04-07,59,13.2
2013-04-08,55,11.5
2013-04-09,33,6.0
2013-04-10,11,2.0
2013-04-11,28,5.0
2013-04-12,22,4.0
2013-04-13,36,6.5
2013-04-14,31,5.6
2013-04-15,15,2.7
2013-04-16,24,4.3
2013-04-17,22,3.9
2013-04-18,16,2.8
2013-04-19,19,3.5
2013-04-20,23,4.1
2013-04-21,32,5.7
2013-04-22,41,7.3
2013-04-23,37,6.7
2013-04-24,41,7.3
2013-04-25,28,5.1
2013-04-26,52,9.6
2013-04-27,64,15.9
2013-04-28,52,9.6
2013-04-29,49,8.9
2013-04-30,37,6.7
2013-05-01,19,3.5
2013-05-02,29,5.2
2013-05-03,19,3.5
2013-05-04,12,2.1
2013-05-05,48,8.7
2013-05-06,57,12.2
2013-05-07,65,16.4
2013-05-08,49,8.9
2013-05-09,51,9.3
2013-05-10,38,6.9
2013-05-11,33,6.0
2013-05-12,25,4.5
2013-05-13,32,5.8
2013-05-14,41,7.3
2013-05-15,35,6.3
2013-05-16,52,9.6
2013-05-17,38,6.9
2013-05-18,53,10.3
2013-05-19,33,5.9
2013-05-20,13,2.4
2013-05-21,1,0.2
2013-05-22,2,0.4
2013-05-23,26,4.7
2013-05-24,34,6.1
2013-05-25,42,7.5
2013-05-26,55,11.5
2013-05-27,18,3.2
2013-05-28,40,7.2
2013-05-29,37,6.7
2013-05-30,,3.545455
2013-05-31,9,1.6
2013-06-01,2,0.4
2013-06-02,11,2.0
2013-06-03,19,3.4
2013-06-04,50,9.0
2013-06-05,33,5.9
2013-06-06,20,3.6
2013-06-07,,3.5
2013-06-09,17,3.0
2013-06-10,,8.363636
2013-06-11,44,8.0
2013-06-12,52,9.5
2013-06-13,37,6.6
2013-06-14,52,9.7
2013-06-15,38,6.9
2013-06-16,44,7.9
2013-06-17,31,5.6
2013-06-18,34,6.1
2013-06-19,44,8.0
2013-06-20,,12.583333
2013-06-21,,21.117647
2013-06-22,72,20.2
2013-06-23,57,12.4
2013-06-24,62,15.0
2013-06-25,64,16.3
2013-06-26,52,9.5
2013-06-27,44,7.9
2013-06-28,33,5.9
2013-06-29,46,8.2
2013-06-30,70,19.3
2013-07-01,80,24.5
2013-07-02,75,21.9
2013-07-03,75,22.0
2013-07-04,74,21.7
2013-07-05,76,22.3
2013-07-06,79,24.1
2013-07-07,73,21.1
2013-07-08,66,17.0
2013-07-09,57,12.1
2013-07-10,51,9.2
2013-07-11,66,17.0
2013-07-12,69,18.7
2013-07-13,65,16.4
2013-07-14,61,14.5
2013-07-15,63,15.5
2013-07-16,53,10.2
2013-07-17,55,11.3
2013-07-18,53,10.3
2013-07-19,43,7.7
2013-07-20,54,10.7
2013-07-21,43,7.8
2013-07-22,39,7.0
2013-07-23,29,5.2
2013-07-24,42,7.6
2013-07-25,41,7.4
2013-07-26,33,6.0
2013-07-27,29,5.2
2013-07-28,35,6.3
2013-07-29,34,6.1
2013-07-30,55,11.4
2013-07-31,52,9.8
2013-08-01,55,11.0
2013-08-02,41,7.3
2013-08-03,34,6.2
2013-08-04,33,5.9
2013-08-05,44,8.0
2013-08-06,45,8.1
2013-08-07,36,6.5
2013-08-08,52,9.6
2013-08-09,53,10.2
2013-08-10,57,12.5
2013-08-11,53,10.2
2013-08-12,53,10.2
2013-08-13,59,13.2
2013-08-14,65,16.4
2013-08-15,51,9.2
2013-08-16,53,10.3
2013-08-17,53,10.2
2013-08-18,61,14.2
2013-08-19,64,16.1
2013-08-20,61,14.6
2013-08-21,65,16.6
2013-08-22,43,7.8
2013-08-23,65,16.5
2013-08-24,67,17.5
2013-08-25,66,17.1
2013-08-26,60,13.9
2013-08-27,54,10.8
2013-08-28,55,11.2
2013-08-29,63,15.5
2013-08-30,65,16.6
2013-08-31,55,11.0
2013-09-01,34,6.2
2013-09-02,26,4.7
2013-09-03,36,6.5
2013-09-04,44,7.9
2013-09-05,51,9.3
2013-09-06,61,14.6
2013-09-07,70,19.3
2013-09-08,71,19.6
2013-09-09,59,13.2
2013-09-10,53,10.2
2013-09-11,33,5.9
2013-09-12,42,7.5
2013-09-13,44,8.0
2013-09-14,36,6.4
2013-09-15,42,7.5
2013-09-16,28,5.0
2013-09-17,53,10.3
2013-09-18,59,13.2
2013-09-19,37,6.7
2013-09-20,26,4.6
2013-09-21,41,7.4
2013-09-22,33,6.0
2013-09-23,37,6.6
2013-09-24,57,12.2
2013-09-25,65,16.4
2013-09-26,56,11.8
2013-09-27,61,14.4
2013-09-28,44,7.9
2013-09-29,28,5.1
2013-09-30,33,6.0
2013-10-01,41,7.4
2013-10-02,57,12.4
2013-10-03,24,4.4
2013-10-04,31,5.5
2013-10-05,13,2.4
2013-10-06,19,3.5
2013-10-07,31,5.5
2013-10-08,33,5.9
2013-10-09,43,7.8
2013-10-10,55,11.2
2013-10-11,52,9.5
2013-10-12,29,5.2
2013-10-13,43,7.8
2013-10-14,33,6.0
2013-10-15,9,1.7
2013-10-16,36,6.5
2013-10-17,37,6.6
2013-10-18,,4.25
2013-10-19,29,5.3
2013-10-21,,4.545455
2013-10-22,26,4.7
2013-10-23,38,6.9
2013-10-24,26,4.7
2013-10-25,22,3.9
2013-10-26,37,6.7
2013-10-27,34,6.2
2013-10-28,48,8.7
2013-10-29,55,11.4
2013-10-30,43,7.8
2013-10-31,43,7.8
2013-11-01,24,4.4
2013-11-02,44,7.9
2013-11-03,28,5.1
2013-11-04,30,5.4
2013-11-05,24,4.4
2013-11-06,31,5.5
2013-11-07,33,5.9
2013-11-08,23,4.1
2013-11-09,14,2.5
2013-11-10,31,5.6
2013-11-11,28,5.0
2013-11-12,33,6.0
2013-11-13,23,4.2
2013-11-14,37,6.6
2013-11-15,55,11.0
2013-11-16,54,10.6
2013-11-17,31,5.6
2013-11-18,26,4.6
2013-11-19,21,3.7
2013-11-20,30,5.4
2013-11-21,53,10.1
2013-11-22,36,6.5
2013-11-23,34,6.2
2013-11-24,22,4.0
2013-11-25,26,4.7
2013-11-26,30,5.4
2013-11-27,35,6.3
2013-11-28,48,8.6
2013-11-29,55,11.5
2013-11-30,55,11.0
2013-12-01,63,15.7
2013-12-02,62,14.9
2013-12-03,77,23.0
2013-12-04,43,7.8
2013-12-05,32,5.7
2013-12-06,37,6.7
2013-12-07,48,8.6
2013-12-08,53,10.0
2013-12-09,49,8.9
2013-12-10,49,8.9
2013-12-11,43,7.7
2013-12-12,53,10.2
2013-12-13,74,21.4
2013-12-14,69,18.6
2013-12-15,65,16.5
2013-12-16,61,14.2
2013-12-17,28,5.0
2013-12-18,41,7.3
2013-12-19,60,14.1
2013-12-20,61,14.3
2013-12-21,58,12.6
2013-12-22,53,10.2
2013-12-23,31,5.6
2013-12-24,61,14.3
2013-12-25,42,7.5
2013-12-26,23,4.2
2013-12-27,26,4.7
2013-12-28,34,6.2
2013-12-29,26,4.7
2013-12-30,27,4.8
2013-12-31,45,8.1
2014-01-01,56,11.9
2014-01-02,55,11.2
2014-01-03,51,9.2
2014-01-04,46,8.2
2014-01-05,31,5.6
2014-01-06,28,5.0
2014-01-07,42,7.6
2014-01-08,57,12.3
2014-01-09,73,21.1
2014-01-10,70,19.2
2014-01-11,33,5.9
2014-01-12,16,2.9
2014-01-13,21,3.7
2014-01-14,28,5.1
2014-01-15,26,4.7
2014-01-16,33,5.9
2014-01-17,21,3.7
2014-01-18,33,5.9
2014-01-19,22,4.0
2014-01-20,26,4.6
2014-01-21,19,3.5
2014-01-22,41,7.3
2014-01-23,19,3.5
2014-01-24,17,3.0
2014-01-25,12,2.2
2014-01-26,,1.25
2014-01-27,,4.3125
2014-01-28,38,6.8
2014-01-29,26,4.7
2014-01-30,33,6.0
2014-01-31,33,6.0
2014-02-01,53,10.2
2014-02-02,54,10.9
2014-02-03,57,12.5
2014-02-04,59,13.4
2014-02-05,25,4.5
2014-02-06,37,6.6
2014-02-07,49,8.8
2014-02-08,73,20.8
2014-02-09,59,13.5
2014-02-10,52,9.8
2014-02-11,57,12.2
2014-02-12,71,19.8
2014-02-13,46,8.3
2014-02-14,53,10.0
2014-02-15,53,10.1
2014-02-16,61,14.4
2014-02-17,39,7.0
2014-02-18,17,3.0
2014-02-19,18,3.2
2014-02-20,24,4.4
2014-02-21,25,4.5
2014-02-22,33,6.0
2014-02-23,29,5.3
2014-02-24,36,6.4
2014-02-25,43,7.7
2014-02-26,48,8.1
2014-02-27,32,5.7
2014-02-28,52,9.9
2014-03-01,36,6.5
2014-03-02,29,5.2
2014-03-03,48,8.6
2014-03-04,55,11.5
2014-03-05,89,29.5
2014-03-06,103,36.2
2014-03-07,77,23.1
2014-03-08,52,9.4
2014-03-09,29,5.3
2014-03-10,23,4.2
2014-03-11,45,8.1
2014-03-12,38,6.9
2014-03-13,21,3.8
2014-03-14,25,4.5
2014-03-15,48,8.6
2014-03-16,26,4.7
2014-03-17,33,6.0
2014-03-18,55,11.5
2014-03-19,46,8.2
2014-03-20,53,10.1
2014-03-21,33,5.9
2014-03-22,30,5.4
2014-03-23,37,6.6
2014-03-24,51,9.2
2014-03-25,27,4.9
2014-03-26,57,12.2
2014-03-27,58,12.6
2014-03-28,65,16.7
2014-03-29,66,17.2
2014-03-30,98,34.5
2014-03-31,55,11.5
2014-04-01,52,9.5
2014-04-02,58,12.7
2014-04-03,58,13.1
2014-04-04,37,6.7
2014-04-05,52,9.9
2014-04-06,76,22.5
2014-04-07,60,13.9
2014-04-08,30,5.4
2014-04-09,36,6.4
2014-04-10,36,6.5
2014-04-11,50,9.0
2014-04-12,96,33.5
2014-04-13,65,16.6
2014-04-14,28,5.1
2014-04-15,54,10.9
2014-04-16,60,14.0
2014-04-17,62,14.8
2014-04-18,81,25.3
2014-04-19,67,17.6
2014-04-20,58,12.7
2014-04-21,52,9.7
2014-04-22,32,5.7
2014-04-23,,9.25
2014-04-24,,8.866667
2014-04-25,31,5.6
2014-04-26,55,11.2
2014-04-27,51,9.2
2014-04-28,52,9.9
2014-04-29,15,2.7
2014-04-30,18,3.3
2014-05-01,11,1.9
2014-05-02,21,3.7
2014-05-03,34,6.2
2014-05-04,42,7.5
2014-05-05,43,7.8
2014-05-06,55,11.3
2014-05-07,60,14.0
2014-05-08,52,9.8
2014-05-09,21,3.7
2014-05-10,34,6.2
2014-05-11,42,7.6
2014-05-12,,2.0
2014-05-13,21,3.8
2014-05-14,42,7.6
2014-05-15,36,6.4
2014-05-16,46,8.3
2014-05-17,54,10.8
2014-05-18,49,8.9
2014-05-19,55,11.5
2014-05-20,58,12.8
2014-05-21,34,6.1
2014-05-22,35,6.3
2014-05-23,36,6.4
2014-05-24,36,6.4
2014-05-25,56,11.8
2014-05-26,24,4.3
2014-05-27,29,5.3
2014-05-28,39,7.0
2014-05-29,46,8.2
2014-05-30,51,9.1
2014-05-31,34,6.2
2014-06-01,28,5.1
2014-06-02,27,4.9
2014-06-03,29,5.3
2014-06-04,24,4.4
2014-06-05,58,12.7
2014-06-06,,7.375
2014-06-07,41,7.3
2014-06-09,,9.166667
2014-06-10,52,9.8
2014-06-11,47,8.4
2014-06-12,19,3.4
2014-06-13,23,4.2
2014-06-14,53,10.1
2014-06-15,27,4.9
2014-06-16,57,12.5
2014-06-17,63,15.7
2014-06-18,63,15.3
2014-06-19,52,9.5
2014-06-20,,4.352941
2014-06-22,41,7.4
2014-06-23,,3.176471
2014-06-24,31,5.6
2014-06-25,35,6.3
2014-06-26,26,4.7
2014-06-27,32,5.7
2014-06-28,17,3.1
2014-06-29,34,6.1
2014-06-30,51,9.2
2014-07-01,40,7.2
2014-07-02,29,5.3
2014-07-03,53,10.0
2014-07-04,60,13.7
2014-07-05,56,11.8
2014-07-06,61,14.2
2014-07-07,42,7.5
2014-07-08,37,6.7
2014-07-09,71,19.6
2014-07-10,69,18.6
2014-07-11,57,12.3
2014-07-12,44,7.9
2014-07-13,32,5.7
2014-07-14,52,9.6
2014-07-15,30,5.4
2014-07-16,55,11.5
2014-07-17,54,10.7
2014-07-18,54,10.5
2014-07-19,52,9.5
2014-07-20,37,6.7
2014-07-21,60,13.8
2014-07-22,55,11.1
2014-07-23,59,13.5
2014-07-24,52,9.5
2014-07-25,57,12.3
2014-07-26,57,12.2
2014-07-27,33,5.9
2014-07-28,39,7.0
2014-07-29,47,8.5
2014-07-30,53,10.2
2014-07-31,59,13.6
2014-08-01,53,10.3
2014-08-02,59,13.6
2014-08-03,24,4.4
2014-08-04,52,9.8
2014-08-05,54,10.5
2014-08-06,51,9.1
2014-08-07,44,8.0
2014-08-08,55,11.4
2014-08-09,54,10.5
2014-08-10,44,8.0
2014-08-11,38,6.8
2014-08-12,42,7.6
2014-08-13,51,9.2
2014-08-14,44,7.9
2014-08-15,51,9.3
2014-08-16,33,5.9
2014-08-17,29,5.3
2014-08-18,18,3.2
2014-08-19,47,8.5
2014-08-20,49,8.8
2014-08-21,70,19.1
2014-08-22,52,9.6
2014-08-23,51,9.1
2014-08-24,62,15.0
2014-08-25,25,4.5
2014-08-26,14,2.5
2014-08-27,14,2.5
2014-08-28,41,7.3
2014-08-29,36,6.5
2014-08-30,28,5.1
2014-08-31,22,3.9
2014-09-01,27,4.8
2014-09-02,15,2.7
2014-09-03,32,5.7
2014-09-04,33,6.0
2014-09-05,26,4.6
2014-09-06,34,6.2
2014-09-07,34,6.1
2014-09-08,30,5.4
2014-09-09,25,4.5
2014-09-10,21,3.7
2014-09-11,19,3.4
2014-09-12,26,4.6
2014-09-13,25,4.5
2014-09-14,25,4.5
2014-09-15,31,5.6
2014-09-16,39,7.0
2014-09-17,45,8.1
2014-09-18,53,10.0
2014-09-19,59,13.2
2014-09-20,47,8.5
2014-09-21,29,5.2
2014-09-22,36,6.4
2014-09-23,31,5.5
2014-09-24,48,8.6
2014-09-25,62,15.2
2014-09-26,62,14.8
2014-09-27,67,17.6
2014-09-28,68,18.0
2014-09-29,68,18.4
2014-09-30,59,13.4
2014-10-01,51,9.3
2014-10-02,54,10.6
2014-10-03,28,5.1
2014-10-04,33,5.9
2014-10-05,27,4.9
2014-10-06,26,4.7
2014-10-07,26,4.6
2014-10-08,26,4.7
2014-10-09,22,3.9
2014-10-10,40,7.2
2014-10-11,43,7.7
2014-10-12,47,8.5
2014-10-13,28,5.0
2014-10-14,29,5.3
2014-10-15,24,4.3
2014-10-16,26,4.6
2014-10-17,42,7.6
2014-10-18,48,8.7
2014-10-19,34,6.2
2014-10-20,43,7.7
2014-10-21,44,8.0
2014-10-22,51,9.1
2014-10-23,52,9.8
2014-10-24,59,13.2
2014-10-25,35,6.3
2014-10-26,29,5.3
2014-10-27,39,7.1
2014-10-28,17,3.0
2014-10-29,19,3.5
2014-10-30,33,5.9
2014-10-31,27,4.9
2014-11-01,29,5.3
2014-11-02,32,5.7
2014-11-03,39,7.0
2014-11-04,18,3.3
2014-11-05,18,3.2
2014-11-06,30,5.4
2014-11-07,,4.2
2014-11-10,,10.357143
2014-11-11,28,5.1
2014-11-12,33,5.9
2014-11-13,39,7.0
2014-11-14,41,7.3
2014-11-15,53,10.2
2014-11-16,52,9.6
2014-11-17,20,3.6
2014-11-18,37,6.7
2014-11-19,43,7.7
2014-11-20,45,8.1
2014-11-21,61,14.7
2014-11-22,60,14.0
2014-11-23,27,4.8
2014-11-24,38,6.8
2014-11-25,29,5.2
2014-11-26,52,9.8
2014-11-27,34,6.2
2014-11-28,46,8.2
2014-11-29,41,7.4
2014-11-30,50,9.0
2014-12-01,27,4.9
2014-12-02,44,8.0
2014-12-03,40,7.2
2014-12-04,56,12.0
2014-12-05,87,28.2
2014-12-06,78,23.4
2014-12-07,57,12.3
2014-12-08,42,7.6
2014-12-09,55,11.0
2014-12-10,70,19.2
2014-12-11,73,21.0
2014-12-12,73,20.8
2014-12-13,61,14.7
2014-12-14,64,16.0
2014-12-15,22,4.0
2014-12-16,29,5.2
2014-12-17,38,6.9
2014-12-18,53,10.4
2014-12-19,63,15.8
2014-12-20,60,14.1
2014-12-21,55,11.5
2014-12-22,38,6.8
2014-12-23,33,5.9
2014-12-24,26,4.6
2014-12-25,20,3.6
2014-12-26,52,9.7
2014-12-27,34,6.1
2014-12-28,58,12.9
2014-12-29,55,11.5
2014-12-30,39,7.1
2014-12-31,36,6.4
2015-01-01,53,10.1
2015-01-02,60,14.0
2015-01-03,61,14.3
2015-01-04,27,4.9
2015-01-05,41,7.3
2015-01-06,43,7.8
2015-01-07,37,6.6
2015-01-08,37,6.7
2015-01-09,39,7.1
2015-01-10,36,6.5
2015-01-11,55,11.2
2015-01-12,45,8.1
2015-01-13,58,12.7
2015-01-14,46,8.2
2015-01-15,44,8.0
2015-01-16,34,6.2
2015-01-17,24,4.4
2015-01-18,22,4.0
2015-01-19,43,7.8
2015-01-20,16,2.9
2015-01-21,37,6.6
2015-01-22,38,6.9
2015-01-23,47,8.4
2015-01-24,16,2.8
2015-01-25,42,7.6
2015-01-26,28,5.1
2015-01-27,32,5.8
2015-01-28,53,10.0
2015-01-29,38,6.9
2015-01-30,34,6.2
2015-01-31,27,4.9
2015-02-01,37,6.7
2015-02-02,39,7.0
2015-02-03,58,12.8
2015-02-04,54,10.7
2015-02-05,58,13.1
2015-02-06,59,13.3
2015-02-07,60,13.7
2015-02-08,75,22.0
2015-02-09,77,23.2
2015-02-10,62,15.2
2015-02-11,55,11.2
2015-02-12,32,5.7
2015-02-13,42,7.6
2015-02-14,44,8.0
2015-02-15,36,6.5
2015-02-16,48,8.6
2015-02-17,39,7.0
2015-02-18,50,9.0
2015-02-19,54,10.7
2015-02-20,62,15.2
2015-02-21,57,12.5
2015-02-22,36,6.4
2015-02-23,37,6.7
2015-02-24,37,6.6
2015-02-25,39,7.0
2015-02-26,37,6.6
2015-02-27,46,8.3
2015-02-28,55,11.5
2015-03-01,55,11.2
2015-03-02,54,10.6
2015-03-03,58,12.6
2015-03-04,37,6.6
2015-03-05,49,8.8
2015-03-06,45,8.1
2015-03-07,29,5.3
2015-03-08,30,5.4
2015-03-09,48,8.6
2015-03-10,63,15.6
2015-03-11,38,6.8
2015-03-12,55,11.3
2015-03-13,52,9.6
2015-03-14,46,8.3
2015-03-15,32,5.7
2015-03-16,42,7.5
2015-03-17,26,4.6
2015-03-18,48,8.7
2015-03-19,56,12.0
2015-03-20,53,10.4
2015-03-21,51,9.2
2015-03-22,62,14.8
2015-03-23,60,14.1
2015-03-24,59,13.3
2015-03-25,47,8.5
2015-03-26,44,7.9
2015-03-27,34,6.1
2015-03-28,46,8.2
2015-03-29,53,10.1
2015-03-30,32,5.7
2015-03-31,39,7.0
2015-04-01,53,10.0
2015-04-02,36,6.4
2015-04-03,34,6.2
2015-04-04,36,6.5
2015-04-05,83,26.3
2015-04-06,42,7.5
2015-04-07,58,12.8
2015-04-08,52,9.5
2015-04-09,35,6.3
2015-04-10,33,6.0
2015-04-11,80,24.9
2015-04-12,55,11.3
2015-04-13,17,3.0
2015-04-14,32,5.8
2015-04-15,41,7.3
2015-04-16,63,15.5
2015-04-17,63,15.8
2015-04-18,54,10.5
2015-04-19,34,6.2
2015-04-20,19,3.4
2015-04-21,23,4.1
2015-04-22,27,4.8
2015-04-23,53,10.0
2015-04-24,53,10.0
2015-04-25,57,12.2
2015-04-26,56,11.9
2015-04-27,48,8.6
2015-04-28,52,9.9
2015-04-29,40,7.2
2015-04-30,53,10.0
2015-05-01,53,10.4
2015-05-02,51,9.2
2015-05-03,44,8.0
2015-05-04,55,11.0
2015-05-05,53,10.1
2015-05-06,26,4.7
2015-05-07,20,3.6
2015-05-08,38,6.8
2015-05-09,48,8.6
2015-05-10,31,5.5
2015-05-11,17,3.0
2015-05-12,37,6.7
2015-05-13,32,5.7
2015-05-14,17,3.0
2015-05-15,17,3.0
2015-05-16,29,5.3
2015-05-17,14,2.6
2015-05-18,32,5.7
2015-05-19,27,4.8
2015-05-20,31,5.5
2015-05-21,40,7.2
2015-05-22,47,8.5
2015-05-23,48,8.6
2015-05-24,32,5.7
2015-05-25,30,5.4
2015-05-26,38,6.8
2015-05-27,56,11.9
2015-05-28,51,9.1
2015-05-29,24,4.3
2015-05-30,25,4.5
2015-05-31,28,5.1
2015-06-01,27,4.8
2015-06-02,43,7.7
2015-06-03,47,8.4
2015-06-04,32,5.7
2015-06-05,,10.375
2015-06-08,,12.181818
2015-06-09,54,10.8
2015-06-10,54,10.9
2015-06-11,49,8.9
2015-06-12,35,6.3
2015-06-13,51,9.2
2015-06-14,43,7.7
2015-06-15,33,5.9
2015-06-16,51,9.3
2015-06-17,51,9.3
2015-06-18,53,10.1
2015-06-19,51,9.2
2015-06-20,54,10.6
2015-06-21,52,9.6
2015-06-22,58,12.7
2015-06-23,47,8.4
2015-06-24,57,12.1
2015-06-25,52,9.4
2015-06-26,53,10.2
2015-06-27,60,14.0
2015-06-28,58,13.1
2015-06-29,85,27.2
2015-06-30,108,38.2
2015-07-01,74,21.4
2015-07-02,64,16.0
2015-07-03,68,18.4
2015-07-04,93,31.7
2015-07-05,73,20.9
2015-07-06,86,27.7
2015-07-07,55,11.5
2015-07-08,55,11.1
2015-07-09,70,19.3
2015-07-10,71,19.8
2015-07-11,60,14.0
2015-07-12,64,15.9
2015-07-13,52,9.5
2015-07-14,55,11.0
2015-07-15,51,9.2
2015-07-16,38,6.9
2015-07-17,52,9.7
2015-07-18,46,8.2
2015-07-19,38,6.8
2015-07-20,42,7.5
2015-07-21,47,8.5
2015-07-22,53,10.1
2015-07-23,54,10.6
2015-07-24,53,10.0
2015-07-25,36,6.4
2015-07-26,42,7.6
2015-07-27,43,7.8
2015-07-28,53,10.0
2015-07-29,41,7.3
2015-07-30,51,9.2
2015-07-31,43,7.8
2015-08-01,39,7.1
2015-08-02,47,8.4
2015-08-03,44,8.0
2015-08-04,36,6.5
2015-08-05,67,17.5
2015-08-06,58,13.0
2015-08-07,56,11.7
2015-08-08,42,7.5
2015-08-09,57,12.5
2015-08-10,30,5.4
2015-08-11,43,7.7
2015-08-12,57,12.5
2015-08-13,46,8.3
2015-08-14,54,10.7
2015-08-15,62,14.9
2015-08-16,63,15.6
2015-08-17,60,14.0
2015-08-18,,5.5625
2015-08-19,42,7.5
2015-08-20,53,10.0
2015-08-21,51,9.2
2015-08-22,67,17.8
2015-08-23,41,7.4
2015-08-24,43,7.7
2015-08-25,50,9.0
2015-08-26,41,7.4
2015-08-27,54,10.6
2015-08-28,54,10.5
2015-08-29,51,9.1
2015-08-30,55,11.3
2015-08-31,63,15.6
2015-09-01,69,18.7
2015-09-02,61,14.6
2015-09-03,38,6.8
2015-09-04,55,11.0
2015-09-05,52,9.6
2015-09-06,52,9.8
2015-09-07,43,7.7
2015-09-08,36,6.5
2015-09-09,41,7.4
2015-09-10,42,7.5
2015-09-11,45,8.1
2015-09-12,53,10.2
2015-09-13,46,8.2
2015-09-14,55,11.4
2015-09-15,59,13.2
2015-09-16,55,11.5
2015-09-17,44,7.9
2015-09-18,53,10.4
2015-09-19,49,8.8
2015-09-20,38,6.8
2015-09-21,52,9.4
2015-09-22,54,10.7
2015-09-23,52,9.5
2015-09-24,56,11.8
2015-09-25,59,13.5
2015-09-26,61,14.3
2015-09-27,55,11.4
2015-09-28,58,12.7
2015-09-29,44,8.0
2015-09-30,41,7.4
2015-10-01,38,6.9
2015-10-02,45,8.1
2015-10-03,44,7.9
2015-10-04,51,9.2
2015-10-05,55,11.5
2015-10-06,53,10.0
2015-10-07,57,12.1
2015-10-08,54,10.7
2015-10-09,52,9.9
2015-10-10,55,11.5
2015-10-11,58,12.6
2015-10-12,49,8.9
2015-10-13,44,8.0
2015-10-14,54,10.9
2015-10-15,54,10.7
2015-10-16,,9.857143
2015-10-18,48,8.6
2015-10-19,,14.166667
2015-10-20,56,12.0
2015-10-21,55,11.2
2015-10-22,49,8.8
2015-10-23,27,4.8
2015-10-24,34,6.2
2015-10-25,44,8.0
2015-10-26,42,7.5
2015-10-27,42,7.5
2015-10-28,39,7.1
2015-10-29,31,5.5
2015-10-30,39,7.1
2015-10-31,46,8.2
2015-11-01,25,4.5
2015-11-02,26,4.7
2015-11-03,52,9.7
2015-11-04,58,12.9
2015-11-05,32,5.8
2015-11-06,36,6.5
2015-11-07,56,11.7
2015-11-08,36,6.4
2015-11-09,33,6.0
2015-11-10,54,10.7
2015-11-11,56,12.0
2015-11-12,26,4.7
2015-11-13,31,5.5
2015-11-14,30,5.4
2015-11-15,37,6.7
2015-11-16,46,8.2
2015-11-17,18,3.2
2015-11-18,19,3.4
2015-11-19,21,3.8
2015-11-20,28,5.0
2015-11-21,29,5.2
2015-11-22,29,5.3
2015-11-23,23,4.2
2015-11-24,40,7.2
2015-11-25,54,10.9
2015-11-26,35,6.3
2015-11-27,26,4.7
2015-11-28,38,6.8
2015-11-29,37,6.7
2015-11-30,27,4.8
2015-12-01,38,6.9
2015-12-02,49,8.9
2015-12-03,57,12.4
2015-12-04,49,8.8
2015-12-05,44,8.0
2015-12-06,53,10.2
2015-12-07,34,6.1
2015-12-08,35,6.3
2015-12-09,22,4.0
2015-12-10,15,2.7
2015-12-11,40,7.2
2015-12-12,56,12.0
2015-12-13,14,2.5
2015-12-14,14,2.6
2015-12-15,23,4.2
2015-12-16,22,3.9
2015-12-17,28,5.0
2015-12-18,30,5.4
2015-12-19,45,8.1
2015-12-20,43,7.7
2015-12-21,58,13.0
2015-12-22,54,10.9
2015-12-23,35,6.3
2015-12-24,53,10.4
2015-12-25,51,9.3
2015-12-26,49,8.9
2015-12-27,44,7.9
2015-12-28,40,7.2
2015-12-29,44,8.0
2015-12-30,55,11.5
2015-12-31,62,15.0
2016-01-01,34,6.1
2016-01-02,37,6.7
2016-01-03,56,11.8
2016-01-04,52,9.6
2016-01-05,58,13.0
2016-01-06,58,13.0
2016-01-07,53,10.2
2016-01-08,52,9.4
2016-01-09,38,6.8
2016-01-10,41,7.4
2016-01-11,55,11.0
2016-01-12,59,13.2
2016-01-13,51,9.2
2016-01-14,27,4.9
2016-01-15,54,10.8
2016-01-16,41,7.3
2016-01-17,47,8.5
2016-01-18,55,11.4
2016-01-19,54,10.5
2016-01-20,62,15.0
2016-01-21,71,19.8
2016-01-22,68,18.1
2016-01-23,67,17.7
2016-01-24,76,22.7
2016-01-25,66,17.0
2016-01-26,55,11.2
2016-01-27,56,11.7
2016-01-28,31,5.5
2016-01-29,47,8.5
2016-01-30,44,7.9
2016-01-31,28,5.1
2016-02-01,41,7.4
2016-02-02,49,8.9
2016-02-03,43,7.8
2016-02-04,60,14.1
2016-02-05,68,18.4
2016-02-06,40,7.2
2016-02-07,31,5.5
2016-02-08,51,9.2
2016-02-09,33,6.0
2016-02-10,38,6.9
2016-02-11,53,10.1
2016-02-12,60,13.7
2016-02-13,29,5.2
2016-02-14,50,9.0
2016-02-15,52,9.7
2016-02-16,53,10.3
2016-02-17,61,14.6
2016-02-18,60,14.1
2016-02-19,32,5.8
2016-02-20,32,5.7
2016-02-21,32,5.8
2016-02-22,44,8.0
2016-02-23,,6.888889
2016-02-24,39,7.1
2016-02-26,,6.0
2016-02-27,19,3.4
2016-02-28,33,5.9
2016-02-29,24,4.4
2016-03-01,31,5.6
2016-03-02,45,8.1
2016-03-03,63,15.4
2016-03-04,63,15.5
2016-03-05,42,7.6
2016-03-06,56,11.6
2016-03-07,58,12.7
2016-03-08,28,5.0
2016-03-09,37,6.7
2016-03-10,63,15.8
2016-03-11,58,13.0
2016-03-12,51,9.3
2016-03-13,41,7.4
2016-03-14,52,9.4
2016-03-15,17,3.1
2016-03-16,15,2.7
2016-03-17,17,3.0
2016-03-18,25,4.5
2016-03-19,22,4.0
2016-03-20,23,4.1
2016-03-21,49,8.9
2016-03-22,42,7.5
2016-03-23,57,12.3
2016-03-24,36,6.4
2016-03-25,48,8.6
2016-03-26,44,7.9
2016-03-27,25,4.5
2016-03-28,37,6.6
2016-03-29,48,8.6
2016-03-30,63,15.5
2016-03-31,31,5.6
2016-04-01,21,3.7
2016-04-02,29,5.2
2016-04-03,43,7.8
2016-04-04,32,5.7
2016-04-05,54,10.5
2016-04-06,23,4.2
2016-04-07,33,6.0
2016-04-08,19,3.4
2016-04-09,27,4.8
2016-04-10,33,6.0
2016-04-11,24,4.4
2016-04-12,37,6.7
2016-04-13,58,12.9
2016-04-14,126,45.8
2016-04-15,38,6.8
2016-04-16,21,3.7
2016-04-17,27,4.9
2016-04-18,21,3.7
2016-04-19,25,4.5
2016-04-20,24,4.3
2016-04-21,28,5.0
2016-04-22,40,7.2
2016-04-23,52,9.7
2016-04-24,42,7.6
2016-04-25,12,2.2
2016-04-26,21,3.7
2016-04-27,26,4.7
2016-04-28,19,3.4
2016-04-29,39,7.0
2016-04-30,18,3.2
2016-05-01,18,3.3
2016-05-02,29,5.3
2016-05-03,31,5.6
2016-05-04,25,4.5
2016-05-05,39,7.0
2016-05-06,26,4.7
2016-05-07,130,9.0
2016-05-08,77,23.1
2016-05-09,23,4.1
2016-05-10,30,5.4
2016-05-11,14,2.6
2016-05-12,33,6.0
2016-05-13,43,7.7
2016-05-14,28,5.0
2016-05-15,19,3.4
2016-05-16,29,5.2
2016-05-17,34,6.2
2016-05-18,45,8.1
2016-05-19,39,7.0
2016-05-20,40,7.2
2016-05-21,52,9.6
2016-05-22,43,7.7
2016-05-23,48,8.7
2016-05-24,14,2.6
2016-05-25,19,3.5
2016-05-26,25,4.5
2016-05-27,12,2.2
2016-05-28,14,2.5
2016-05-29,20,3.6
2016-05-30,22,3.9
2016-05-31,10,1.8
2016-06-01,21,3.8
2016-06-02,20,3.6
2016-06-03,22,4.0
2016-06-04,15,2.7
2016-06-05,21,3.8
2016-06-06,26,4.7
2016-06-07,21,3.7
2016-06-08,36,6.4
2016-06-09,53,10.2
2016-06-10,55,11.1
2016-06-11,53,10.2
2016-06-12,53,10.4
2016-06-13,38,6.8
2016-06-14,43,7.8
2016-06-15,34,6.1
2016-06-16,40,7.2
2016-06-17,51,9.1
2016-06-18,44,7.9
2016-06-19,53,10.0
2016-06-20,46,8.3
2016-06-21,32,5.8
2016-06-22,41,7.4
2016-06-23,34,6.1
2016-06-24,31,5.5
2016-06-25,36,6.4
2016-06-26,39,7.0
2016-06-27,36,6.4
2016-06-28,26,4.7
2016-06-29,32,5.7
2016-06-30,37,6.7
2016-07-01,18,3.2
2016-07-02,23,4.2
2016-07-03,36,6.5
2016-07-04,89,29.4
2016-07-05,51,9.3
2016-07-06,34,6.2
2016-07-07,11,2.0
2016-07-08,18,3.3
2016-07-09,26,4.7
2016-07-10,43,7.8
2016-07-11,60,13.8
2016-07-12,42,7.5
2016-07-13,54,10.5
2016-07-14,34,6.1
2016-07-15,38,6.8
2016-07-16,43,7.8
2016-07-17,56,12.0
2016-07-18,39,7.0
2016-07-19,40,7.2
2016-07-20,48,8.6
2016-07-21,47,8.5
2016-07-22,52,9.5
2016-07-23,39,7.1
2016-07-24,41,7.3
2016-07-25,28,5.1
2016-07-26,40,7.2
2016-07-27,37,6.6
2016-07-28,30,5.4
2016-07-29,33,5.9
2016-07-30,31,5.6
2016-07-31,23,4.2
2016-08-01,18,3.3
2016-08-02,19,3.5
2016-08-03,40,7.2
2016-08-04,53,10.0
2016-08-05,34,6.2
2016-08-06,22,4.0
2016-08-07,31,5.5
2016-08-08,36,6.4
2016-08-09,51,9.1
2016-08-10,52,9.8
2016-08-11,48,8.6
2016-08-12,4,0.7
2016-08-13,21,3.7
2016-08-14,28,5.1
2016-08-15,31,5.6
2016-08-16,32,5.7
2016-08-17,44,7.9
2016-08-18,30,5.4
2016-08-19,19,3.5
2016-08-20,17,3.0
2016-08-21,16,2.8
2016-08-22,22,3.9
2016-08-23,40,7.2
2016-08-24,34,6.2
2016-08-25,32,5.7
2016-08-26,27,4.9
2016-08-27,31,5.5
2016-08-28,33,5.9
2016-08-29,33,5.9
2016-08-30,27,4.9
2016-08-31,29,5.2
2016-09-01,12,2.2
2016-09-02,17,3.0
2016-09-03,24,4.3
2016-09-04,42,7.6
2016-09-05,49,8.8
2016-09-06,23,4.2
2016-09-07,12,2.2
2016-09-08,21,3.7
2016-09-09,,1.714286
2016-09-12,,6.9
2016-09-13,24,4.4
2016-09-14,26,4.7
2016-09-15,43,7.8
2016-09-16,23,4.2
2016-09-17,49,8.9
2016-09-18,34,6.1
2016-09-19,48,8.6
2016-09-20,52,9.7
2016-09-21,59,13.3
2016-09-22,62,15.0
2016-09-23,60,13.7
2016-09-24,56,11.9
2016-09-25,34,6.1
2016-09-26,32,5.7
2016-09-27,42,7.5
2016-09-28,38,6.8
2016-09-29,38,6.8
2016-09-30,45,8.1
2016-10-01,44,8.0
2016-10-02,36,6.4
2016-10-03,30,5.4
2016-10-04,57,12.3
2016-10-05,26,4.6
2016-10-06,29,5.2
2016-10-07,43,7.7
2016-10-08,28,5.0
2016-10-09,33,6.0
2016-10-10,39,7.0
2016-10-11,48,8.7
2016-10-12,32,5.8
2016-10-13,40,7.2
2016-10-14,44,7.9
2016-10-15,56,11.9
2016-10-16,52,9.4
2016-10-17,46,8.2
2016-10-18,37,6.7
2016-10-19,37,6.6
2016-10-20,51,9.3
2016-10-21,45,8.1
2016-10-22,44,8.0
2016-10-23,43,7.7
2016-10-24,52,9.6
2016-10-25,52,9.9
2016-10-26,59,13.2
2016-10-27,58,13.0
2016-10-28,54,10.9
2016-10-29,55,11.4
2016-10-30,39,7.0
2016-10-31,53,10.3
2016-11-01,48,8.7
2016-11-02,36,6.5
2016-11-03,46,8.3
2016-11-04,57,12.2
2016-11-05,52,9.4
2016-11-06,49,8.9
2016-11-07,60,14.0
2016-11-08,51,9.1
2016-11-09,51,9.1
2016-11-10,42,7.6
2016-11-11,53,10.1
2016-11-12,53,10.3
2016-11-13,53,10.3
2016-11-14,52,9.7
2016-11-15,53,10.4
2016-11-16,52,9.4
2016-11-17,58,12.6
2016-11-18,44,8.0
2016-11-19,42,7.5
2016-11-20,46,8.2
2016-11-21,54,10.6
2016-11-22,57,12.1
2016-11-23,54,10.7
2016-11-24,63,15.4
2016-11-25,37,6.7
2016-11-26,37,6.6
2016-11-27,54,10.6
2016-11-28,44,8.0
2016-11-29,37,6.7
2016-11-30,34,6.2
2016-12-01,46,8.2
2016-12-02,52,9.9
2016-12-03,55,11.5
2016-12-04,55,11.1
2016-12-05,44,7.9
2016-12-06,29,5.2
2016-12-07,41,7.3
2016-12-08,43,7.8
2016-12-09,53,10.4
2016-12-10,51,9.2
2016-12-11,57,12.2
2016-12-12,57,12.1
2016-12-13,60,13.7
2016-12-14,52,9.9
2016-12-15,43,7.7
2016-12-16,53,10.0
2016-12-17,56,11.6
2016-12-18,56,11.6
2016-12-19,52,9.8
2016-12-20,54,10.9
2016-12-21,53,10.4
2016-12-22,44,7.9
2016-12-23,54,10.5
2016-12-24,62,15.2
2016-12-25,44,7.9
2016-12-26,38,6.9
2016-12-27,36,6.5
2016-12-28,37,6.7
2016-12-29,26,4.6
2016-12-30,32,5.8
2016-12-31,54,10.9
2017-01-01,58,12.9
2017-01-02,66,17.1
2017-01-03,44,8.0
2017-01-04,38,6.9
2017-01-05,56,11.7
2017-01-06,59,13.6
2017-01-07,61,14.2
2017-01-08,63,15.6
2017-01-09,56,11.8
2017-01-10,59,13.4
2017-01-11,53,10.4
2017-01-12,57,12.4
2017-01-13,48,8.6
2017-01-14,62,14.9
2017-01-15,61,14.2
2017-01-16,47,8.5
2017-01-17,59,13.5
2017-01-18,54,10.5
2017-01-19,63,15.6
2017-01-20,34,6.2
2017-01-21,46,8.3
2017-01-22,63,15.4
2017-01-23,59,13.4
2017-01-24,57,12.1
2017-01-25,48,8.6
2017-01-26,54,10.7
2017-01-27,53,10.4
2017-01-28,38,6.9
2017-01-29,53,10.3
2017-01-30,39,7.0
2017-01-31,37,6.7
2017-02-01,50,9.0
2017-02-02,44,8.0
2017-02-03,37,6.6
2017-02-04,55,11.4
2017-02-05,62,15.2
2017-02-06,71,20.0
2017-02-07,62,14.9
2017-02-08,40,7.2
2017-02-09,58,12.9
2017-02-10,61,14.5
2017-02-11,52,9.8
2017-02-12,42,7.5
2017-02-13,37,6.6
2017-02-14,41,7.3
2017-02-15,52,9.5
2017-02-16,39,7.0
2017-02-17,33,6.0
2017-02-18,42,7.5
2017-02-19,65,16.4
2017-02-20,58,12.8
2017-02-21,38,6.8
2017-02-22,37,6.7
2017-02-23,40,7.2
2017-02-24,36,6.5
2017-02-25,44,8.0
2017-02-26,51,9.3
2017-02-27,57,12.3
2017-02-28,68,18.1
2017-03-01,57,12.1
2017-03-02,57,12.1
2017-03-03,57,12.4
2017-03-04,52,9.7
2017-03-05,52,9.5
2017-03-06,46,8.2
2017-03-07,28,5.0
2017-03-08,39,7.0
2017-03-09,36,6.4
2017-03-10,41,7.3
2017-03-11,46,8.2
2017-03-12,54,10.6
2017-03-13,55,11.3
2017-03-14,53,10.1
2017-03-15,58,13.1
2017-03-16,66,17.3
2017-03-17,57,12.3
2017-03-18,50,9.0
2017-03-19,74,21.2
2017-03-20,61,14.7
2017-03-21,46,8.2
2017-03-22,54,10.7
2017-03-23,59,13.5
2017-03-24,60,14.0
2017-03-25,39,7.0
2017-03-26,44,7.9
2017-03-27,52,9.9
2017-03-28,54,10.8
2017-03-29,42,7.6
2017-03-30,46,8.2
2017-03-31,53,10.2
2017-04-01,54,10.5
2017-04-02,61,14.4
2017-04-03,63,15.7
2017-04-04,44,8.0
2017-04-05,41,7.4
2017-04-06,46,8.2
2017-04-07,55,11.5
2017-04-08,82,25.7
2017-04-09,69,18.7
2017-04-10,51,9.3
2017-04-11,52,9.7
2017-04-12,77,23.0
2017-04-13,79,24.0
2017-04-14,66,17.4
2017-04-15,54,10.7
2017-04-16,41,7.4
2017-04-17,47,8.5
2017-04-18,52,9.6
2017-04-19,52,9.4
2017-04-20,28,5.1
2017-04-21,31,5.5
2017-04-22,52,9.7
2017-04-23,58,13.0
2017-04-24,52,9.7
2017-04-25,53,10.3
2017-04-26,33,5.9
2017-04-27,41,7.4
2017-04-28,49,8.9
2017-04-29,51,9.2
2017-04-30,24,4.4
2017-05-01,28,5.1
2017-05-02,47,8.5
2017-05-03,52,9.5
2017-05-04,,8.4
2017-05-05,,9.153846
2017-05-06,52,9.5
2017-05-07,46,8.2
2017-05-08,52,9.8
2017-05-09,55,11.0
2017-05-10,55,11.4
2017-05-11,51,9.3
2017-05-12,53,10.4
2017-05-13,44,8.0
2017-05-14,53,10.2
2017-05-15,58,12.7
2017-05-16,55,11.0
2017-05-17,29,5.3
2017-05-18,24,4.4
2017-05-19,23,4.2
2017-05-20,28,5.1
2017-05-21,38,6.8
2017-05-22,38,6.8
2017-05-23,32,5.7
2017-05-24,31,5.5
2017-05-25,38,6.8
2017-05-26,42,7.5
2017-05-27,44,7.9
2017-05-28,42,7.5
2017-05-29,46,8.2
2017-05-30,38,6.8
2017-05-31,48,8.7
2017-06-01,52,9.9
2017-06-02,52,9.7
2017-06-03,52,9.9
2017-06-04,53,10.0
2017-06-05,54,10.5
2017-06-06,45,8.1
2017-06-07,51,9.2
2017-06-08,47,8.5
2017-06-09,,10.375
2017-06-12,,11.0
2017-06-13,55,11.2
2017-06-14,33,6.0
2017-06-15,42,7.5
2017-06-16,31,5.5
2017-06-17,28,5.0
2017-06-18,32,5.7
2017-06-19,47,8.4
2017-06-20,37,6.6
2017-06-21,46,8.3
2017-06-22,52,9.5
2017-06-23,39,7.0
2017-06-24,40,7.2
2017-06-25,35,6.3
2017-06-26,42,7.5
2017-06-27,44,8.0
2017-06-28,44,7.9
2017-06-29,44,7.9
2017-06-30,52,9.7
2017-07-01,47,8.5
2017-07-02,38,6.8
2017-07-03,58,13.0
2017-07-04,88,29.0
2017-07-05,61,14.4
2017-07-06,44,8.0
2017-07-07,49,8.8
2017-07-08,55,11.3
2017-07-09,,10.25
2017-07-10,,8.5
2017-07-11,46,8.2
2017-07-12,45,8.1
2017-07-13,54,10.9
2017-07-14,36,6.4
2017-07-15,38,6.8
2017-07-16,41,7.4
2017-07-17,45,8.1
2017-07-18,52,9.8
2017-07-19,54,10.9
2017-07-20,55,11.2
2017-07-21,52,9.7
2017-07-22,52,9.5
2017-07-23,49,8.9
2017-07-24,43,7.8
2017-07-25,50,9.0
2017-07-26,36,6.5
2017-07-27,27,4.9
2017-07-28,45,8.1
2017-07-29,52,9.5
2017-07-30,46,8.2
2017-07-31,52,9.7
2017-08-01,55,11.0
2017-08-02,61,14.4
2017-08-03,,13.125
2017-08-05,29,5.3
2017-08-08,46,8.3
2017-08-11,,8.5
2017-08-12,39,7.1
2017-08-13,42,7.5
2017-08-14,39,7.1
2017-08-15,21,3.8
2017-08-16,13,2.3
2017-08-17,62,14.9
2017-08-18,53,10.4
2017-08-19,65,16.8
2017-08-20,25,4.5
2017-08-21,20,3.6
2017-08-22,33,5.9
2017-08-23,51,9.2
2017-08-24,42,7.5
2017-08-25,52,9.5
2017-08-26,52,9.8
2017-08-27,54,10.6
2017-08-28,48,8.7
2017-08-29,41,7.4
2017-08-30,51,9.2
2017-08-31,53,10.0
2017-09-01,70,19.1
2017-09-02,64,16.0
2017-09-03,68,18.0
2017-09-04,61,14.3
2017-09-05,53,10.2
2017-09-06,58,12.6
2017-09-07,60,13.8
2017-09-08,58,12.9
2017-09-09,53,10.4
2017-09-10,55,11.1
2017-09-11,55,11.1
2017-09-12,55,11.5
2017-09-13,58,12.6
2017-09-14,63,15.6
2017-09-15,61,14.5
2017-09-16,50,9.0
2017-09-17,23,4.1
2017-09-18,18,3.3
2017-09-19,51,9.2
2017-09-20,25,4.5
2017-09-21,46,8.3
2017-09-22,43,7.7
2017-09-23,47,8.5
2017-09-24,54,10.9
2017-09-25,17,3.0
2017-09-26,32,5.8
2017-09-27,53,10.1
2017-09-28,57,12.3
2017-09-29,57,12.4
2017-09-30,56,12.0
2017-10-01,57,12.1
2017-10-02,65,16.7
2017-10-03,57,12.1
2017-10-04,46,8.2
2017-10-05,47,8.5
2017-10-06,39,7.1
2017-10-07,52,9.4
2017-10-08,54,10.7
2017-10-09,52,9.5
2017-10-10,52,9.8
2017-10-11,54,10.7
2017-10-12,53,10.2
2017-10-13,55,11.4
2017-10-14,56,11.7
2017-10-15,53,10.4
2017-10-16,48,8.7
2017-10-17,52,9.9
2017-10-18,56,11.6
2017-10-19,61,14.2
2017-10-20,58,13.1
2017-10-21,45,8.1
2017-10-22,46,8.2
2017-10-23,50,9.0
2017-10-24,55,11.0
2017-10-25,58,12.9
2017-10-26,61,14.5
2017-10-27,,10.875
2017-10-28,58,13.0
2017-10-29,54,10.9
2017-10-30,55,11.1
2017-10-31,55,11.4
2017-11-01,58,13.0
2017-11-02,62,14.8
2017-11-03,68,18.2
2017-11-04,75,22.2
2017-11-05,68,18.0
2017-11-06,,16.6
2017-11-09,,5.9
2017-11-10,34,6.2
2017-11-11,,6.0
2017-11-12,73,21.0
2017-11-13,,5.733333
2017-11-14,27,4.9
2017-11-15,22,3.9
2017-11-16,22,4.0
2017-11-17,47,8.4
2017-11-18,41,7.3
2017-11-19,24,4.4
2017-11-20,1,0.2
2017-11-21,21,3.8
2017-11-22,30,5.4
2017-11-23,0,0.0
2017-11-24,0,-1.0
2017-11-25,3,0.6
2017-11-26,11,2.0
2017-11-27,11,2.0
2017-11-28,0,-0.3
2017-11-29,21,3.8
2017-11-30,1,0.2
2017-12-01,,1.0
2017-12-03,64,16.1
2017-12-04,,7.333333
2017-12-05,16,2.9
2017-12-06,22,3.9
2017-12-07,31,5.5
2017-12-08,52,9.5
2017-12-09,28,5.0
2017-12-10,34,6.2
2017-12-11,39,7.1
2017-12-12,28,5.0
2017-12-13,30,5.4
2017-12-14,31,5.6
2017-12-15,27,4.8
2017-12-16,28,5.1
2017-12-17,63,15.7
2017-12-18,52,9.9
2017-12-19,41,7.3
2017-12-20,31,5.6
2017-12-21,55,11.4
2017-12-22,54,10.7
2017-12-23,54,10.8
2017-12-24,40,7.2
2017-12-25,34,6.1
2017-12-26,52,9.7
2017-12-27,57,12.2
2017-12-28,58,12.9
2017-12-29,62,15.1
2017-12-30,49,8.8
2017-12-31,44,8.0
2018-01-01,64,16.3
2018-01-02,60,13.7
2018-01-03,55,11.1
2018-01-04,61,14.7
2018-01-05,63,15.4
2018-01-06,56,11.8
2018-01-07,68,18.4
2018-01-08,55,11.3
2018-01-09,55,11.0
2018-01-10,67,17.9
2018-01-11,47,8.5
2018-01-12,37,6.7
2018-01-13,,7.666667
2018-01-14,44,8.0
2018-01-16,,9.444444
2018-01-17,61,14.3
2018-01-18,56,12.0
2018-01-19,53,10.1
2018-01-20,64,16.2
2018-01-21,66,17.0
2018-01-22,47,8.4
2018-01-23,55,11.0
2018-01-24,55,11.2
2018-01-25,51,9.1
2018-01-26,46,8.2
2018-01-27,42,7.6
2018-01-28,58,12.9
2018-01-29,53,10.2
2018-01-30,55,11.0
2018-01-31,49,8.8
2018-02-01,53,10.0
2018-02-02,59,13.3
2018-02-03,53,10.0
2018-02-04,53,10.3
2018-02-05,48,8.7
2018-02-06,56,12.0
2018-02-07,62,15.0
2018-02-08,80,24.9
2018-02-09,60,13.7
2018-02-10,54,10.8
2018-02-11,58,12.6
2018-02-12,57,12.3
2018-02-13,64,16.2
2018-02-14,70,19.5
2018-02-15,61,14.2
2018-02-16,43,7.8
2018-02-17,44,8.0
2018-02-18,38,6.8
2018-02-19,44,8.0
2018-02-20,42,7.5
2018-02-21,54,10.5
2018-02-22,52,9.9
2018-02-23,67,17.9
2018-02-24,61,14.2
2018-02-25,47,8.4
2018-02-26,45,8.1
2018-02-27,58,12.8
2018-02-28,80,24.5
2018-03-01,54,10.9
2018-03-02,52,9.9
2018-03-03,55,11.1
2018-03-04,55,11.2
2018-03-05,43,7.8
2018-03-06,36,6.4
2018-03-07,51,9.2
2018-03-08,56,12.0
2018-03-09,56,11.8
2018-03-10,62,15.2
2018-03-11,63,15.5
2018-03-12,59,13.5
2018-03-13,42,7.6
2018-03-14,56,11.6
2018-03-15,62,15.1
2018-03-16,56,12.0
2018-03-17,63,15.7
2018-03-18,63,15.7
2018-03-19,59,13.3
2018-03-20,54,10.5
2018-03-21,54,10.9
2018-03-22,58,12.9
2018-03-23,63,15.5
2018-03-24,52,9.4
2018-03-25,60,13.7
2018-03-26,58,12.6
2018-03-27,56,11.7
2018-03-28,56,11.6
2018-03-29,52,9.7
2018-03-30,55,11.3
2018-03-31,56,11.7
2018-04-01,54,10.7
2018-04-02,61,14.3
2018-04-03,54,10.8
2018-04-04,54,10.5
2018-04-05,69,18.5
2018-04-06,52,9.7
2018-04-07,43,7.7
2018-04-08,54,10.8
2018-04-09,57,12.5
2018-04-10,64,16.1
2018-04-11,91,30.4
2018-04-12,62,15.0
2018-04-13,61,14.5
2018-04-14,23,4.2
2018-04-15,39,7.0
2018-04-16,40,7.2
2018-04-17,42,7.6
2018-04-18,35,6.3
2018-04-19,42,7.5
2018-04-20,46,8.2
2018-04-21,53,10.0
2018-04-22,57,12.1
2018-04-23,57,12.5
2018-04-24,62,14.8
2018-04-25,46,8.2
2018-04-26,47,8.5
2018-04-27,33,6.0
2018-04-28,41,7.3
2018-04-29,48,8.7
2018-04-30,58,12.9
2018-05-01,43,7.7
2018-05-02,63,15.4
2018-05-03,44,8.0
2018-05-04,,7.166667
2018-05-07,,7.066667
2018-05-08,52,9.4
2018-05-09,45,8.1
2018-05-10,43,7.7
2018-05-11,50,9.0
2018-05-12,56,11.7
2018-05-13,58,13.1
2018-05-14,58,12.9
2018-05-15,43,7.8
2018-05-16,39,7.1
2018-05-17,33,6.0
2018-05-18,36,6.4
2018-05-19,36,6.4
2018-05-20,39,7.1
2018-05-21,53,10.4
2018-05-22,54,10.7
2018-05-23,52,9.6
2018-05-24,55,11.1
2018-05-25,54,10.7
2018-05-26,56,12.0
2018-05-27,57,12.4
2018-05-28,52,9.9
2018-05-29,52,9.5
2018-05-30,51,9.3
2018-05-31,54,10.6
2018-06-01,54,10.5
2018-06-02,34,6.1
2018-06-03,34,6.2
2018-06-04,,10.375
2018-06-07,,4.5
2018-06-08,39,7.0
2018-06-09,20,3.6
2018-06-10,12,2.2
2018-06-11,29,5.2
2018-06-12,48,8.6
2018-06-13,19,3.5
2018-06-14,33,6.0
2018-06-15,18,3.3
2018-06-16,9,1.7
2018-06-17,29,5.3
2018-06-18,31,5.6
2018-06-19,22,3.9
2018-06-20,14,2.6
2018-06-21,11,2.0
2018-06-22,24,4.4
2018-06-23,52,9.8
2018-06-24,23,4.2
2018-06-25,15,2.7
2018-06-26,19,3.4
2018-06-27,26,4.7
2018-06-28,32,5.7
2018-06-29,42,7.5
2018-06-30,44,7.9
2018-07-01,19,3.4
2018-07-02,27,4.9
2018-07-03,63,15.5
2018-07-04,72,20.5
2018-07-05,19,3.5
2018-07-06,0,-1.2
2018-07-07,17,3.0
2018-07-08,28,5.1
2018-07-09,42,7.5
2018-07-10,,6.625
2018-07-13,,3.428571
2018-07-14,8,1.5
2018-07-15,26,4.6
2018-07-16,18,3.2
2018-07-17,14,2.6
2018-07-18,40,7.2
2018-07-19,18,3.2
2018-07-20,12,2.2
2018-07-21,41,7.3
2018-07-22,55,11.0
2018-07-23,59,13.3
2018-07-24,12,2.2
2018-07-25,33,6.0
2018-07-26,19,3.5
2018-07-27,36,6.4
2018-07-28,32,5.8
2018-07-29,31,5.5
2018-07-30,39,7.0
2018-07-31,46,8.3
2018-08-01,40,7.2
2018-08-02,32,5.8
2018-08-03,52,9.4
2018-08-04,53,10.2
2018-08-05,52,9.5
2018-08-06,,8.444444
2018-08-09,55,11.4
2018-08-12,59,13.6
2018-08-13,,12.785714
2018-08-14,44,7.9
2018-08-15,38,6.9
2018-08-16,28,5.0
2018-08-17,43,7.7
2018-08-18,54,10.7
2018-08-19,34,6.1
2018-08-20,52,9.7
2018-08-21,78,23.5
2018-08-22,66,17.3
2018-08-23,66,17.0
2018-08-24,65,16.7
2018-08-25,71,19.7
2018-08-26,40,7.2
2018-08-27,,15.0
2018-08-30,34,6.1
2018-09-02,24,4.4
2018-09-05,14,2.6
2018-09-06,,2.818182
2018-09-07,14,2.5
2018-09-08,24,4.3
2018-09-09,32,5.8
2018-09-10,22,4.0
2018-09-11,24,4.3
2018-09-12,33,5.9
2018-09-13,35,6.3
2018-09-14,32,5.8
2018-09-15,38,6.9
2018-09-16,32,5.7
2018-09-17,42,7.6
2018-09-18,34,6.1
2018-09-19,29,5.2
2018-09-20,24,4.3
2018-09-21,6,1.1
2018-09-22,18,3.2
2018-09-23,29,5.2
2018-09-24,19,3.5
2018-09-25,21,3.8
2018-09-26,17,3.1
2018-09-27,21,3.7
2018-09-28,22,4.0
2018-09-29,19,3.5
2018-09-30,7,1.3
2018-10-01,7,1.3
2018-10-02,47,8.5
2018-10-03,16,2.8
2018-10-04,14,2.5
2018-10-05,28,5.0
2018-10-06,15,2.7
2018-10-07,7,1.3
2018-10-08,2,0.4
2018-10-09,0,0.0
2018-10-10,0,-1.1
2018-10-11,11,1.9
2018-10-12,20,3.6
2018-10-13,4,0.8
2018-10-14,,1.0
2018-10-15,,0.5
2018-10-17,29,5.2
2018-10-18,,2.7
2018-10-19,19,3.4
2018-10-20,22,3.9
2018-10-21,28,5.1
2018-10-22,29,5.2
2018-10-23,40,7.2
2018-10-24,30,5.4
2018-10-25,33,5.9
2018-10-26,41,7.3
2018-10-27,24,4.4
2018-10-28,11,2.0
2018-10-29,24,4.3
2018-10-30,9,1.7
2018-10-31,47,8.5
2018-11-01,51,9.2
2018-11-02,20,3.6
2018-11-03,16,2.9
2018-11-04,7,1.3
2018-11-05,4,0.7
2018-11-06,9,1.7
2018-11-07,25,4.5
2018-11-08,52,9.5
2018-11-09,38,6.8
2018-11-10,28,5.1
2018-11-11,45,8.1
2018-11-12,39,7.0
2018-11-13,47,8.4
2018-11-14,39,7.0
2018-11-15,40,7.2
2018-11-16,34,6.2
2018-11-17,31,5.6
2018-11-18,18,3.2
2018-11-19,31,5.6
2018-11-20,51,9.3
2018-11-21,41,7.3
2018-11-22,37,6.7
2018-11-23,29,5.2
2018-11-24,11,1.9
2018-11-25,14,2.5
2018-11-26,20,3.6
2018-11-27,19,3.5
2018-11-28,38,6.8
2018-11-29,61,14.2
2018-11-30,61,14.5
2018-12-01,37,6.7
2018-12-02,1,0.1
2018-12-03,14,2.6
2018-12-04,22,4.0
2018-12-05,44,8.0
2018-12-06,47,8.4
2018-12-07,51,9.3
2018-12-08,55,11.2
2018-12-09,54,10.5
2018-12-10,56,11.9
2018-12-11,31,5.5
2018-12-12,21,3.8
2018-12-13,40,7.2
2018-12-14,53,10.2
2018-12-15,44,7.9
2018-12-16,20,3.6
2018-12-17,41,7.3
2018-12-18,32,5.8
2018-12-19,31,5.6
2018-12-20,21,3.7
2018-12-21,62,15.0
2018-12-22,17,3.1
2018-12-23,14,2.6
2018-12-24,16,2.9
2018-12-25,,4.066667
2018-12-26,,8.928571
2018-12-27,12,2.2
2018-12-28,20,3.6
2018-12-29,39,7.1
2018-12-30,24,4.4
2018-12-31,41,7.4
2019-01-01,25,4.5
2019-01-02,18,3.2
2019-01-03,24,4.4
2019-01-04,37,6.6
2019-01-05,28,5.1
2019-01-06,25,4.5
2019-01-07,15,2.7
2019-01-08,6,1.1
2019-01-09,26,4.6
2019-01-10,31,5.5
2019-01-11,37,6.7
2019-01-12,59,13.6
2019-01-13,73,20.7
2019-01-14,47,8.4
2019-01-15,33,6.0
2019-01-16,54,10.7
2019-01-17,64,16.1
2019-01-18,55,11.0
2019-01-19,29,5.2
2019-01-20,37,6.7
2019-01-21,44,8.0
2019-01-22,46,8.3
2019-01-23,50,9.0
2019-01-24,27,4.9
2019-01-25,29,5.3
2019-01-26,42,7.5
2019-01-27,53,10.4
2019-01-28,24,4.3
2019-01-29,17,3.1
2019-01-30,19,3.5
2019-01-31,40,7.2
2019-02-01,61,14.3
2019-02-02,45,8.1
2019-02-03,43,7.7
2019-02-04,19,3.4
2019-02-05,13,2.4
2019-02-06,48,8.7
2019-02-07,8,1.5
2019-02-08,24,4.4
2019-02-09,30,5.4
2019-02-10,51,9.2
2019-02-11,60,14.1
2019-02-12,51,9.3
2019-02-13,57,12.3
2019-02-14,42,7.6
2019-02-15,42,7.6
2019-02-16,48,8.7
2019-02-17,55,11.4
2019-02-18,53,10.3
2019-02-19,69,18.5
2019-02-20,63,15.6
2019-02-21,70,19.2
2019-02-22,68,18.4
2019-02-23,66,17.0
2019-02-24,34,6.1
2019-02-25,28,5.1
2019-02-26,47,8.5
2019-02-27,53,10.2
2019-02-28,63,15.7
2019-03-01,64,16.0
2019-03-02,55,11.4
2019-03-03,36,6.5
2019-03-04,30,5.4
2019-03-05,32,5.7
2019-03-06,56,12.0
2019-03-07,55,11.3
2019-03-08,71,19.9
2019-03-09,44,8.0
2019-03-10,33,5.9
2019-03-11,55,11.4
2019-03-12,24,4.3
2019-03-13,14,2.5
2019-03-14,6,1.1
2019-03-15,13,2.4
2019-03-16,30,5.4
2019-03-17,33,6.0
2019-03-18,49,8.8
2019-03-19,40,7.2
2019-03-20,36,6.4
2019-03-21,31,5.5
2019-03-22,33,5.9
2019-03-23,41,7.4
2019-03-24,58,13.1
2019-03-25,44,8.0
2019-03-26,55,11.2
2019-03-27,59,13.3
2019-03-28,31,5.5
2019-03-29,6,1.0
2019-03-30,9,1.6
2019-03-31,16,2.8
2019-04-01,26,4.6
2019-04-02,28,5.1
2019-04-03,32,5.7
2019-04-04,46,8.3
2019-04-05,55,11.3
2019-04-06,48,8.6
2019-04-07,33,6.0
2019-04-08,17,3.0
2019-04-09,23,4.2
2019-04-10,52,9.4
2019-04-11,23,4.1
2019-04-12,0,0.0
2019-04-13,5,0.9
2019-04-14,24,4.3
2019-04-15,51,9.1
2019-04-16,51,9.3
2019-04-17,44,8.0
2019-04-18,14,2.6
2019-04-19,34,6.2
2019-04-20,48,8.7
2019-04-21,53,10.1
2019-04-22,15,2.7
2019-04-23,17,3.1
2019-04-24,52,9.5
2019-04-25,26,4.7
2019-04-26,29,5.3
2019-04-27,21,3.8
2019-04-28,13,2.3
2019-04-29,7,1.2
2019-04-30,17,3.1
2019-05-01,21,3.7
2019-05-02,29,5.2
2019-05-03,14,2.5
2019-05-04,24,4.3
2019-05-05,22,4.0
2019-05-06,23,4.2
2019-05-07,18,3.2
2019-05-08,4,0.7
2019-05-09,1,0.2
2019-05-10,26,4.7
2019-05-11,18,3.3
2019-05-12,6,1.1
2019-05-13,14,2.6
2019-05-14,29,5.2
2019-05-15,33,6.0
2019-05-16,44,8.0
2019-05-17,42,7.5
2019-05-18,21,3.7
2019-05-19,0,-0.6
2019-05-20,0,0.0
2019-05-21,12,2.1
2019-05-22,9,1.7
2019-05-23,4,0.8
2019-05-24,21,3.7
2019-05-25,9,1.7
2019-05-26,8,1.4
2019-05-27,4,0.8
2019-05-28,0,0.0
2019-05-29,1,0.2
2019-05-30,22,4.0
2019-05-31,70,19.1
2019-06-01,59,13.6
2019-06-02,33,6.0
2019-06-03,41,7.4
2019-06-04,16,2.8
2019-06-05,23,4.2
2019-06-06,34,6.2
2019-06-07,44,8.0
2019-06-08,33,6.0
2019-06-09,19,3.5
2019-06-10,27,4.9
2019-06-11,31,5.5
2019-06-12,14,2.6
2019-06-13,27,4.9
2019-06-14,24,4.4
2019-06-15,26,4.6
2019-06-16,26,4.7
2019-06-17,26,4.6
2019-06-18,20,3.6
2019-06-19,14,2.5
2019-06-20,19,3.5
2019-06-21,9,1.7
2019-06-22,13,2.3
2019-06-23,1,0.2
2019-06-24,11,2.0
2019-06-25,21,3.8
2019-06-26,9,1.6
2019-06-27,54,10.9
2019-06-28,61,14.7
2019-06-29,62,15.1
2019-06-30,54,10.6
2019-07-01,42,7.5
2019-07-02,49,8.8
2019-07-03,31,5.5
2019-07-04,65,16.7
2019-07-05,25,4.5
2019-07-06,19,3.4
2019-07-07,40,7.2
2019-07-08,48,8.7
2019-07-09,13,2.3
2019-07-10,13,2.4
2019-07-11,38,6.9
2019-07-12,,3.0
2019-07-14,52,9.5
2019-07-15,,5.454545
2019-07-16,24,4.3
2019-07-17,53,10.3
2019-07-18,55,11.3
2019-07-19,55,11.3
2019-07-20,48,8.7
2019-07-21,22,4.0
2019-07-22,37,6.7
2019-07-23,51,9.3
2019-07-24,52,9.5
2019-07-25,55,11.0
2019-07-26,59,13.6
2019-07-27,62,14.9
2019-07-28,64,16.0
2019-07-29,37,6.7
2019-07-30,37,6.7
2019-07-31,40,7.2
2019-08-01,48,8.7
2019-08-02,48,8.6
2019-08-03,55,11.0
2019-08-04,60,13.7
2019-08-05,55,11.2
2019-08-06,36,6.5
2019-08-07,41,7.4
2019-08-08,41,7.3
2019-08-09,46,8.2
2019-08-10,43,7.7
2019-08-11,26,4.7
2019-08-12,25,4.5
2019-08-13,27,4.9
2019-08-14,31,5.6
2019-08-15,40,7.2
2019-08-16,39,7.1
2019-08-17,34,6.2
2019-08-18,33,6.0
2019-08-19,42,7.6
2019-08-20,63,15.3
2019-08-21,37,6.6
2019-08-22,36,6.5
2019-08-23,46,8.3
2019-08-24,52,9.5
2019-08-25,43,7.7
2019-08-26,23,4.2
2019-08-27,33,5.9
2019-08-28,37,6.7
2019-08-29,33,5.9
2019-08-30,39,7.0
2019-08-31,39,7.0
2019-09-01,50,9.0
2019-09-02,48,8.7
2019-09-03,52,9.5
2019-09-04,47,8.5
2019-09-05,55,11.4
2019-09-06,41,7.4
2019-09-07,40,7.2
2019-09-08,47,8.5
2019-09-09,47,8.5
2019-09-10,42,7.6
2019-09-11,45,8.1
2019-09-12,32,5.7
2019-09-13,32,5.7
2019-09-14,46,8.2
2019-09-15,57,12.1
2019-09-16,64,15.9
2019-09-17,63,15.4
2019-09-18,56,12.0
2019-09-19,46,8.2
2019-09-20,53,10.4
2019-09-21,29,5.2
2019-09-22,20,3.6
2019-09-23,42,7.6
2019-09-24,41,7.4
2019-09-25,24,4.3
2019-09-26,39,7.0
2019-09-27,29,5.2
2019-09-28,39,7.1
2019-09-29,21,3.7
2019-09-30,47,8.5
2019-10-01,22,3.9
2019-10-02,20,3.6
2019-10-03,26,4.6
2019-10-04,36,6.4
2019-10-05,42,7.5
2019-10-06,44,8.0
2019-10-07,37,6.7
2019-10-08,34,6.2
2019-10-09,39,7.0
2019-10-10,27,4.8
2019-10-11,30,5.4
2019-10-12,31,5.6
2019-10-13,31,5.6
2019-10-14,44,7.9
2019-10-15,34,6.2
2019-10-16,47,8.5
2019-10-17,52,9.7
2019-10-18,52,9.4
2019-10-19,38,6.8
2019-10-20,33,6.0
2019-10-21,23,4.2
2019-10-22,26,4.7
2019-10-23,31,5.5
2019-10-24,45,8.1
2019-10-25,,11.6
2019-10-27,14,2.6
2019-10-28,,3.692308
2019-10-29,43,7.8
2019-10-30,15,2.7
2019-10-31,31,5.5
2019-11-01,29,5.2
2019-11-02,17,3.1
2019-11-03,26,4.6
2019-11-04,21,3.7
2019-11-05,36,6.5
2019-11-06,36,6.5
2019-11-07,26,4.6
2019-11-08,33,6.0
2019-11-09,43,7.7
2019-11-10,32,5.8
2019-11-11,25,4.5
2019-11-12,34,6.1
2019-11-13,25,4.5
2019-11-14,51,9.3
2019-11-15,45,8.1
2019-11-16,46,8.3
2019-11-17,23,4.2
2019-11-18,24,4.4
2019-11-19,22,3.9
2019-11-20,37,6.7
2019-11-21,11,1.9
2019-11-22,34,6.2
2019-11-23,27,4.8
2019-11-24,24,4.3
2019-11-25,19,3.4
2019-11-26,18,3.2
2019-11-27,8,1.4
2019-11-28,27,4.8
2019-11-29,22,4.0
2019-11-30,3,0.5
2019-12-01,2,0.4
2019-12-02,21,3.7
2019-12-03,15,2.7
2019-12-04,13,2.4
2019-12-05,39,7.1
2019-12-06,33,5.9
2019-12-07,33,6.0
2019-12-08,39,7.1
2019-12-09,37,6.7
2019-12-10,51,9.2
2019-12-11,51,9.3
2019-12-12,39,7.1
2019-12-13,69,19.0
2019-12-14,42,7.6
2019-12-15,25,4.5
2019-12-16,63,15.3
2019-12-17,52,9.4
2019-12-18,50,9.0
2019-12-19,34,6.1
2019-12-20,52,9.6
2019-12-21,50,9.0
2019-12-22,43,7.7
2019-12-23,50,9.0
2019-12-24,43,7.8
2019-12-25,54,10.5
2019-12-26,50,9.0
2019-12-27,53,10.0
2019-12-28,30,5.4
2019-12-29,13,2.3
2019-12-30,23,4.2
2019-12-31,13,2.3
2020-01-01,22,3.9
2020-01-02,23,4.2
2020-01-03,24,4.4
2020-01-04,14,2.5
2020-01-05,7,1.2
2020-01-06,19,3.4
2020-01-07,15,2.7
2020-01-08,19,3.5
2020-01-09,33,5.9
2020-01-10,48,8.7
2020-01-11,22,4.0
2020-01-12,44,7.9
2020-01-13,44,7.9
2020-01-14,39,7.1
2020-01-15,51,9.3
2020-01-16,42,7.6
2020-01-17,26,4.7
2020-01-18,27,4.8
2020-01-19,38,6.8
2020-01-20,50,9.0
2020-01-21,55,11.0
2020-01-22,30,5.4
2020-01-23,36,6.4
2020-01-24,56,11.8
2020-01-25,33,6.0
2020-01-26,48,8.7
2020-01-27,45,8.1
2020-01-28,48,8.6
2020-01-29,54,10.5
2020-01-30,55,11.2
2020-01-31,49,8.8
2020-02-01,25,4.5
2020-02-02,15,2.7
2020-02-03,17,3.0
2020-02-04,2,0.4
2020-02-05,32,5.8
2020-02-06,39,7.1
2020-02-07,27,4.9
2020-02-08,33,6.0
2020-02-09,24,4.4
2020-02-10,33,6.0
2020-02-11,19,3.5
2020-02-12,12,2.1
2020-02-13,26,4.7
2020-02-14,27,4.9
2020-02-15,20,3.6
2020-02-16,24,4.4
2020-02-17,43,7.7
2020-02-18,42,7.5
2020-02-19,37,6.7
2020-02-20,48,8.7
2020-02-21,42,7.5
2020-02-22,42,7.5
2020-02-23,47,8.5
2020-02-24,19,3.4
2020-02-25,21,3.7
2020-02-26,22,3.9
2020-02-27,29,5.2
2020-02-28,24,4.3
2020-02-29,44,8.0
2020-03-01,18,3.2
2020-03-02,17,3.1
2020-03-03,12,2.2
2020-03-04,12,2.2
2020-03-05,7,1.2
2020-03-06,38,6.9
2020-03-07,54,10.5
2020-03-08,52,9.9
2020-03-09,18,3.2
2020-03-10,47,8.5
2020-03-11,49,8.9
2020-03-12,15,2.7
2020-03-13,24,4.3
2020-03-14,26,4.6
2020-03-15,34,6.1
2020-03-16,41,7.3
2020-03-17,,4.875
2020-03-18,22,4.0
2020-03-19,3,0.5
2020-03-20,14,2.5
2020-03-21,30,5.4
2020-03-22,32,5.7
2020-03-23,,4.375
2020-03-24,32,5.8
2020-03-25,44,8.0
2020-03-26,33,6.0
2020-03-27,42,7.6
2020-03-28,19,3.5
2020-03-29,13,2.3
2020-03-30,31,5.6
2020-03-31,56,12.0
2020-04-01,54,10.8
2020-04-02,32,5.8
2020-04-03,24,4.4
2020-04-04,20,3.6
2020-04-05,28,5.1
2020-04-06,45,8.1
2020-04-07,48,8.6
2020-04-08,52,9.4
2020-04-09,4,0.8
2020-04-10,74,21.2
2020-04-11,94,32.2
2020-04-12,31,5.5
2020-04-13,7,1.3
2020-04-14,19,3.5
2020-04-15,32,5.8
2020-04-16,34,6.2
2020-04-17,49,8.9
2020-04-18,35,6.3
2020-04-19,31,5.5
2020-04-20,27,4.8
2020-04-21,23,4.1
2020-04-22,40,7.2
2020-04-23,37,6.7
2020-04-24,46,8.3
2020-04-25,43,7.7
2020-04-26,27,4.8
2020-04-27,29,5.3
2020-04-28,36,6.4
2020-04-29,21,3.7
2020-04-30,34,6.1
2020-05-01,37,6.7
2020-05-02,25,4.5
2020-05-03,33,6.0
2020-05-04,29,5.2
2020-05-05,18,3.2
2020-05-06,19,3.5
2020-05-07,40,7.2
2020-05-08,30,5.4
2020-05-09,38,6.8
2020-05-10,17,3.1
2020-05-11,18,3.2
2020-05-12,29,5.2
2020-05-13,22,3.9
2020-05-14,42,7.5
2020-05-15,26,4.6
2020-05-16,33,6.0
2020-05-17,13,2.3
2020-05-18,15,2.7
2020-05-19,7,1.3
2020-05-20,15,2.7
2020-05-21,18,3.2
2020-05-22,32,5.7
2020-05-23,28,5.1
2020-05-24,19,3.5
2020-05-25,46,8.2
2020-05-26,17,3.1
2020-05-27,28,5.1
2020-05-28,22,3.9
2020-05-29,20,3.6
2020-05-30,36,6.4
2020-05-31,26,4.7
2020-06-01,39,7.1
2020-06-02,52,9.5
2020-06-03,26,4.7
2020-06-04,20,3.6
2020-06-05,,4.444444
2020-06-08,54,10.9
2020-06-09,,7.6
2020-06-10,41,7.3
2020-06-11,24,4.3
2020-06-12,34,6.1
2020-06-13,43,7.8
2020-06-14,46,8.3
2020-06-15,54,10.5
2020-06-16,60,13.7
2020-06-17,58,13.0
2020-06-18,54,10.9
2020-06-19,25,4.5
2020-06-20,38,6.9
2020-06-21,33,6.0
2020-06-22,29,5.3
2020-06-23,18,3.2
2020-06-24,31,5.6
2020-06-25,34,6.1
2020-06-26,51,9.2
2020-06-27,23,4.2
2020-06-28,82,25.8
2020-06-29,69,18.5
2020-06-30,61,14.5
2020-07-01,28,5.0
2020-07-02,46,8.2
2020-07-03,59,13.6
2020-07-04,137,50.2
2020-07-05,113,40.4
2020-07-06,64,16.0
2020-07-07,56,11.7
2020-07-08,54,10.8
2020-07-09,28,5.0
2020-07-10,36,6.5
2020-07-11,21,3.8
2020-07-12,33,6.0
2020-07-13,39,7.0
2020-07-14,38,6.9
2020-07-15,32,5.8
2020-07-16,41,7.4
2020-07-17,60,13.9
2020-07-18,63,15.7
2020-07-19,35,6.3
2020-07-20,25,4.5
2020-07-21,18,3.3
2020-07-22,34,6.2
2020-07-23,38,6.8
2020-07-24,46,8.2
2020-07-25,42,7.6
2020-07-26,26,4.6
2020-07-27,27,4.9
2020-07-28,29,5.2
2020-07-29,23,4.1
2020-07-30,27,4.9
2020-07-31,37,6.6
2020-08-01,46,8.2
2020-08-02,28,5.1
2020-08-03,28,5.0
2020-08-04,42,7.5
2020-08-05,39,7.1
2020-08-06,49,8.9
2020-08-07,51,9.3
2020-08-08,55,11.1
2020-08-09,49,8.9
2020-08-10,33,6.0
2020-08-11,37,6.7
2020-08-12,49,8.8
2020-08-13,40,7.2
2020-08-14,52,9.5
2020-08-15,41,7.4
2020-08-16,49,8.8
2020-08-17,31,5.6
2020-08-18,53,10.0
2020-08-19,42,7.5
2020-08-20,51,9.3
2020-08-21,53,10.2
2020-08-22,,9.833333
2020-08-24,,14.266667
2020-08-25,64,16.3
2020-08-26,59,13.2
2020-08-27,47,8.5
2020-08-28,49,8.9
2020-08-29,42,7.6
2020-08-30,51,9.3
2020-08-31,28,5.1
2020-09-01,41,7.3
2020-09-02,43,7.7
2020-09-03,33,6.0
2020-09-04,48,8.7
2020-09-05,56,12.0
2020-09-06,43,7.7
2020-09-07,26,4.7
2020-09-08,17,3.1
2020-09-09,18,3.2
2020-09-10,21,3.7
2020-09-11,29,5.2
2020-09-12,40,7.2
2020-09-13,55,11.1
2020-09-14,47,8.4
2020-09-15,53,10.3
2020-09-16,60,13.8
2020-09-17,51,9.3
2020-09-18,42,7.6
2020-09-19,53,10.0
2020-09-20,58,12.9
2020-09-21,56,11.6
2020-09-22,61,14.6
2020-09-23,38,6.8
2020-09-24,51,9.1
2020-09-25,55,11.0
2020-09-26,55,11.1
2020-09-27,25,4.5
2020-09-28,31,5.5
2020-09-29,32,5.8
2020-09-30,43,7.7
2020-10-01,39,7.0
2020-10-02,42,7.6
2020-10-03,52,9.8
2020-10-04,55,11.1
2020-10-05,51,9.2
2020-10-06,55,11.5
2020-10-07,55,11.4
2020-10-08,61,14.2
2020-10-09,66,17.3
2020-10-10,61,14.4
2020-10-11,56,11.9
2020-10-12,13,2.4
2020-10-13,27,4.8
2020-10-14,25,4.5
2020-10-15,35,6.3
2020-10-16,42,7.6
2020-10-17,35,6.3
2020-10-18,36,6.5
2020-10-19,43,7.7
2020-10-20,46,8.3
2020-10-21,47,8.4
2020-10-22,19,3.5
2020-10-23,40,7.2
2020-10-24,52,9.7
2020-10-25,51,9.1
2020-10-26,40,7.2
2020-10-27,52,9.7
2020-10-28,52,9.6
2020-10-29,38,6.9
2020-10-30,48,8.6
2020-10-31,27,4.9
2020-11-01,34,6.2
2020-11-02,46,8.3
2020-11-03,50,9.0
2020-11-04,53,10.2
2020-11-05,63,15.7
2020-11-06,60,13.9
2020-11-07,55,11.4
2020-11-08,52,9.9
2020-11-09,25,4.5
2020-11-10,16,2.9
2020-11-11,35,6.3
2020-11-12,43,7.7
2020-11-13,43,7.8
2020-11-14,37,6.7
2020-11-15,13,2.3
2020-11-16,28,5.1
2020-11-17,35,6.3
2020-11-18,53,10.2
2020-11-19,54,10.8
2020-11-20,,11.1
2020-11-23,,1.9
2020-11-24,15,2.7
2020-11-25,25,4.5
2020-11-26,18,3.2
2020-11-27,23,4.2
2020-11-28,12,2.1
2020-11-29,14,2.5
2020-11-30,25,4.5
2020-12-01,27,4.9
2020-12-02,39,7.0
2020-12-03,43,7.8
2020-12-04,15,2.7
2020-12-05,47,8.5
2020-12-06,52,9.9
2020-12-07,36,6.4
2020-12-08,32,5.8
2020-12-09,40,7.2
2020-12-10,38,6.9
2020-12-11,21,3.7
2020-12-12,3,0.5
2020-12-13,34,6.2
2020-12-14,42,7.5
2020-12-15,54,10.7
2020-12-16,68,18.3
2020-12-17,57,12.5
2020-12-18,31,5.6
2020-12-19,53,10.0
2020-12-20,9,1.7
2020-12-21,3,0.5
2020-12-22,25,4.5
2020-12-23,18,3.2
2020-12-24,2,0.3
2020-12-25,24,4.4
2020-12-26,23,4.1
2020-12-27,30,5.4
2020-12-28,16,2.8
2020-12-29,26,4.6
2020-12-30,18,3.2
2020-12-31,57,12.1
2021-01-01,56,11.6
2021-01-02,69,18.8
2021-01-03,67,17.5
2021-01-04,30,5.4
2021-01-05,29,5.2
2021-01-06,18,3.2
2021-01-07,65,16.5
2021-01-08,75,21.9
2021-01-09,74,21.3
2021-01-10,60,13.8
2021-01-11,26,4.7
2021-01-12,37,6.6
2021-01-13,28,5.1
2021-01-14,40,7.2
2021-01-15,24,4.4
2021-01-16,4,0.7
2021-01-17,17,3.1
2021-01-18,28,5.1
2021-01-19,31,5.6
2021-01-20,21,3.8
2021-01-21,3,0.5
2021-01-22,13,2.4
2021-01-23,19,3.4
2021-01-24,22,4.0
2021-01-25,55,11.5
2021-01-26,10,1.8
2021-01-27,44,7.9
2021-01-28,53,10.0
2021-01-29,57,12.4
2021-01-30,43,7.7
2021-01-31,64,16.0
2021-02-01,69,18.5
2021-02-02,44,8.0
2021-02-03,54,10.9
2021-02-04,35,6.3
2021-02-05,21,3.7
2021-02-06,29,5.2
2021-02-07,19,3.5
2021-02-08,21,3.8
2021-02-09,38,6.9
2021-02-10,47,8.5
2021-02-11,39,7.0
2021-02-12,40,7.2
2021-02-13,39,7.1
2021-02-14,33,6.0
2021-02-15,28,5.1
2021-02-16,54,10.7
2021-02-17,55,11.5
2021-02-18,63,15.8
2021-02-19,64,16.1
2021-02-20,64,16.3
2021-02-21,64,16.3
2021-02-22,11,2.0
2021-02-23,19,3.4
2021-02-24,8,1.4
2021-02-25,41,7.4
2021-02-26,39,7.0
2021-02-27,37,6.7
2021-02-28,19,3.4
2021-03-01,36,6.5
2021-03-02,33,5.9
2021-03-03,26,4.7
2021-03-04,38,6.9
2021-03-05,40,7.2
2021-03-06,58,13.0
2021-03-07,33,5.9
2021-03-08,29,5.2
2021-03-09,57,12.2
2021-03-10,33,6.0
2021-03-11,7,1.3
2021-03-12,35,6.3
2021-03-13,52,9.7
2021-03-14,,4.166667
2021-03-15,29,5.2
2021-03-16,28,5.1
2021-03-17,21,3.7
2021-03-18,23,4.1
2021-03-19,34,6.2
2021-03-20,36,6.5
2021-03-21,56,11.7
2021-03-22,32,5.7
2021-03-23,43,7.8
2021-03-24,12,2.2
2021-03-25,19,3.5
2021-03-26,33,6.0
2021-03-27,16,2.8
2021-03-28,33,6.0
2021-03-29,33,5.9
2021-03-30,23,4.1
2021-03-31,23,4.2
2021-04-01,46,8.2
2021-04-02,53,10.1
2021-04-03,62,15.2
2021-04-04,58,12.8
2021-04-05,34,6.1
2021-04-06,46,8.2
2021-04-07,11,2.0
2021-04-08,1,0.2
2021-04-09,12,2.2
2021-04-10,19,3.4
2021-04-11,23,4.2
2021-04-12,8,1.5
2021-04-13,0,-0.4
2021-04-14,14,2.5
2021-04-15,34,6.1
2021-04-16,52,9.5
2021-04-17,23,4.1
2021-04-18,24,4.4
2021-04-19,6,1.1
2021-04-20,14,2.5
2021-04-21,8,1.5
2021-04-22,31,5.6
2021-04-23,39,7.0
2021-04-24,44,8.0
2021-04-25,31,5.6
2021-04-26,30,5.4
2021-04-27,52,9.5
2021-04-28,39,7.1
2021-04-29,29,5.2
2021-04-30,35,6.3
2021-05-01,28,5.1
2021-05-02,31,5.5
2021-05-03,23,4.1
2021-05-04,14,2.5
2021-05-05,19,3.5
2021-05-06,27,4.8
2021-05-07,34,6.1
2021-05-08,25,4.5
2021-05-09,11,2.0
2021-05-10,26,4.6
2021-05-11,26,4.6
2021-05-12,23,4.1
2021-05-13,19,3.4
2021-05-14,26,4.7
2021-05-15,44,8.0
2021-05-16,31,5.5
2021-05-17,16,2.9
2021-05-18,18,3.3
2021-05-19,16,2.9
2021-05-20,4,0.8
2021-05-21,,2.625
2021-05-22,24,4.3
2021-05-24,,7.0
2021-05-25,32,5.7
2021-05-26,21,3.7
2021-05-27,21,3.7
2021-05-28,11,2.0
2021-05-29,25,4.5
2021-05-30,39,7.0
2021-05-31,54,10.5
2021-06-01,48,8.6
2021-06-02,41,7.3
2021-06-03,41,7.4
2021-06-04,37,6.6
2021-06-05,33,6.0
2021-06-06,31,5.6
2021-06-07,33,5.9
2021-06-08,38,6.9
2021-06-09,41,7.3
2021-06-10,47,8.5
2021-06-11,34,6.2
2021-06-12,23,4.2
2021-06-13,47,8.4
2021-06-14,49,8.8
2021-06-15,52,9.9
2021-06-16,56,11.7
2021-06-17,61,14.6
2021-06-18,55,11.3
2021-06-19,34,6.2
2021-06-20,28,5.0
2021-06-21,24,4.4
2021-06-22,33,6.0
2021-06-23,52,9.5
2021-06-24,36,6.4
2021-06-25,33,6.0
2021-06-26,32,5.7
2021-06-27,43,7.7
2021-06-28,40,7.2
2021-06-29,46,8.3
2021-06-30,39,7.0
2021-07-01,51,9.1
2021-07-02,63,15.3
2021-07-03,69,18.8
2021-07-04,83,26.4
2021-07-05,55,11.2
2021-07-06,53,10.2
2021-07-07,33,6.0
2021-07-08,52,9.5
2021-07-09,38,6.8
2021-07-10,28,5.0
2021-07-11,28,5.0
2021-07-12,48,8.7
2021-07-13,45,8.1
2021-07-14,62,15.2
2021-07-15,31,5.5
2021-07-16,57,12.1
2021-07-17,57,12.3
2021-07-18,57,12.2
2021-07-19,56,12.0
2021-07-20,58,12.6
2021-07-21,61,14.2
2021-07-22,75,22.1
2021-07-23,64,16.1
2021-07-24,53,10.2
2021-07-25,54,10.7
2021-07-26,57,12.4
2021-07-27,60,13.9
2021-07-28,60,13.7
2021-07-29,66,17.0
2021-07-30,125,45.3
2021-07-31,103,36.5
2021-08-01,111,39.7
2021-08-02,87,28.6
2021-08-03,65,16.5
2021-08-04,61,14.2
2021-08-05,65,16.5
2021-08-06,63,15.5
2021-08-07,59,13.6
2021-08-08,51,9.2
2021-08-09,63,15.8
2021-08-10,58,12.6
2021-08-11,54,10.7
2021-08-12,45,8.1
2021-08-13,39,7.0
2021-08-14,42,7.6
2021-08-15,46,8.2
2021-08-16,47,8.5
2021-08-17,52,9.5
2021-08-18,53,10.0
2021-08-19,38,6.8
2021-08-20,38,6.9
2021-08-21,23,4.2
2021-08-22,41,7.3
2021-08-23,44,8.0
2021-08-24,52,9.7
2021-08-25,28,5.1
2021-08-26,37,6.6
2021-08-27,56,12.0
2021-08-28,49,8.9
2021-08-29,43,7.8
2021-08-30,43,7.8
2021-08-31,26,4.7
2021-09-01,44,7.9
2021-09-02,42,7.5
2021-09-03,11,1.9
2021-09-04,26,4.7
2021-09-05,54,10.5
2021-09-06,55,11.2
2021-09-07,48,8.6
2021-09-08,37,6.7
2021-09-09,36,6.4
2021-09-10,55,11.4
2021-09-11,59,13.2
2021-09-12,52,9.5
2021-09-13,57,12.4
2021-09-14,52,9.6
2021-09-15,48,8.7
2021-09-16,42,7.5
2021-09-17,29,5.3
2021-09-18,49,8.9
2021-09-19,33,6.0
2021-09-20,21,3.8
2021-09-21,28,5.0
2021-09-22,34,6.1
2021-09-23,45,8.1
2021-09-24,43,7.7
2021-09-25,32,5.7
2021-09-26,45,8.1
2021-09-27,54,10.7
2021-09-28,57,12.1
2021-09-29,57,12.5
2021-09-30,32,5.8
2021-10-01,28,5.1
2021-10-02,36,6.4
2021-10-03,46,8.2
2021-10-04,55,11.0
2021-10-05,54,10.6
2021-10-06,50,9.0
2021-10-07,51,9.1
2021-10-08,54,10.6
2021-10-09,55,11.2
2021-10-10,36,6.5
2021-10-11,56,11.6
2021-10-12,58,12.9
2021-10-13,25,4.5
2021-10-14,20,3.6
2021-10-15,32,5.7
2021-10-16,34,6.1
2021-10-17,46,8.2
2021-10-18,46,8.2
2021-10-19,52,9.5
2021-10-20,29,5.3
2021-10-21,34,6.2
2021-10-22,51,9.1
2021-10-23,39,7.0
2021-10-24,17,3.0
2021-10-25,27,4.8
2021-10-26,28,5.0
2021-10-27,34,6.1
2021-10-28,15,2.7
2021-10-29,24,4.3
2021-10-30,27,4.8
2021-10-31,48,8.7
2021-11-01,39,7.1
2021-11-02,,8.727273
2021-11-03,31,5.6
2021-11-05,,3.0
2021-11-06,33,5.9
2021-11-07,32,5.7
2021-11-08,45,8.1
2021-11-09,29,5.2
2021-11-10,59,13.2
2021-11-11,1,0.2
2021-11-12,1,0.2
2021-11-13,10,1.8
2021-11-14,22,3.9
2021-11-15,8,1.5
2021-11-16,20,3.6
2021-11-17,6,1.1
2021-11-18,25,4.5
2021-11-19,22,4.0
2021-11-20,33,6.0
2021-11-21,26,4.7
2021-11-22,23,4.1
2021-11-23,41,7.4
2021-11-24,24,4.3
2021-11-25,30,5.4
2021-11-26,36,6.5
2021-11-27,17,3.0
2021-11-28,16,2.9
2021-11-29,11,1.9
2021-11-30,17,3.0
2021-12-01,21,3.7
2021-12-02,22,4.0
2021-12-03,19,3.4
2021-12-04,32,5.7
2021-12-05,24,4.3
2021-12-06,29,5.2
2021-12-07,34,6.2
2021-12-08,49,8.9
2021-12-09,22,4.0
2021-12-10,22,3.9
2021-12-11,0,-0.4
2021-12-12,2,0.4
2021-12-13,36,6.5
2021-12-14,48,8.7
2021-12-15,74,21.6
2021-12-16,17,3.0
2021-12-17,21,3.8
2021-12-18,32,5.7
2021-12-19,32,5.7
2021-12-20,24,4.4
2021-12-21,17,3.1
2021-12-22,26,4.7
2021-12-23,35,6.3
2021-12-24,44,7.9
2021-12-25,29,5.2
2021-12-26,37,6.7
2021-12-27,17,3.0
2021-12-28,14,2.6
2021-12-29,9,1.7
2021-12-30,26,4.7
2021-12-31,52,9.9
2022-01-01,21,3.7
2022-01-02,43,7.8
2022-01-03,56,12.0
2022-01-04,31,5.6
2022-01-05,31,5.5
2022-01-06,19,3.5
2022-01-07,31,5.5
2022-01-08,41,7.4
2022-01-09,35,6.3
2022-01-10,38,6.8
2022-01-11,32,5.8
2022-01-12,18,3.3
2022-01-13,7,1.2
2022-01-14,35,6.3
2022-01-15,31,5.5
2022-01-16,26,4.7
2022-01-17,22,4.0
2022-01-18,31,5.6
2022-01-19,12,2.2
2022-01-20,29,5.2
2022-01-21,33,5.9
2022-01-22,19,3.4
2022-01-23,17,3.0
2022-01-24,6,1.1
2022-01-25,18,3.3
2022-01-26,19,3.5
2022-01-27,13,2.3
2022-01-28,23,4.1
2022-01-29,22,3.9
2022-01-30,28,5.0
2022-01-31,31,5.5
2022-02-01,13,2.4
2022-02-02,18,3.3
2022-02-03,34,6.1
2022-02-04,33,5.9
2022-02-05,29,5.3
2022-02-06,17,3.0
2022-02-07,21,3.7
2022-02-08,9,1.6
2022-02-09,11,2.0
2022-02-10,0,0.0
2022-02-11,3,0.6
2022-02-12,12,2.2
2022-02-13,18,3.3
2022-02-14,22,3.9
2022-02-15,41,7.4
2022-02-16,51,9.1
2022-02-17,16,2.9
2022-02-18,12,2.2
2022-02-19,19,3.5
2022-02-20,21,3.8
2022-02-21,32,5.7
2022-02-22,20,3.6
2022-02-23,31,5.6
2022-02-24,50,9.0
2022-02-25,46,8.3
2022-02-26,44,8.0
2022-02-27,19,3.5
2022-02-28,12,2.1
2022-03-01,18,3.3
2022-03-02,36,6.5
2022-03-03,32,5.7
2022-03-04,55,11.3
2022-03-05,55,11.5
2022-03-06,26,4.7
2022-03-07,15,2.7
2022-03-08,26,4.6
2022-03-09,0,-0.7
2022-03-10,23,4.1
2022-03-11,8,1.4
2022-03-12,23,4.1
2022-03-13,24,4.3
2022-03-14,32,5.7
2022-03-15,48,8.6
2022-03-16,52,9.7
2022-03-17,7,1.2
2022-03-18,21,3.8
2022-03-19,27,4.9
2022-03-20,31,5.5
2022-03-21,54,10.6
2022-03-22,20,3.6
2022-03-23,18,3.2
2022-03-24,4,0.7
2022-03-25,4,0.8
2022-03-26,0,-1.1
2022-03-27,7,1.3
2022-03-28,25,4.5
2022-03-29,53,10.3
2022-03-30,34,6.1
2022-03-31,19,3.5
2022-04-01,32,5.7
2022-04-02,26,4.7
2022-04-03,37,6.7
2022-04-04,30,5.4
2022-04-05,27,4.9
2022-04-06,3,0.6
2022-04-07,7,1.3
2022-04-08,2,0.3
2022-04-09,24,4.3
2022-04-10,26,4.7
2022-04-11,17,3.0
2022-04-12,51,9.3
2022-04-13,13,2.3
2022-04-14,4,0.7
2022-04-15,30,5.4
2022-04-16,16,2.8
2022-04-17,14,2.6
2022-04-18,18,3.2
2022-04-19,21,3.8
2022-04-20,37,6.6
2022-04-21,47,8.4
2022-04-22,52,9.4
2022-04-23,54,10.7
2022-04-24,0,-1.0
2022-04-25,17,3.0
2022-04-26,41,7.3
2022-04-27,42,7.5
2022-04-28,38,6.9
2022-04-29,32,5.7
2022-04-30,0,-1.1
2022-05-01,5,0.9
2022-05-02,4,0.8
2022-05-03,8,1.4
2022-05-04,12,2.2
2022-05-05,17,3.1
2022-05-06,,4.666667
2022-05-08,40,7.2
2022-05-09,,26.0
2022-05-10,55,11.2
2022-05-11,65,16.5
2022-05-12,56,11.7
2022-05-13,33,6.0
2022-05-14,41,7.3
2022-05-15,26,4.7
2022-05-16,27,4.8
2022-05-17,40,7.2
2022-05-18,39,7.1
2022-05-19,32,5.7
2022-05-20,18,3.2
2022-05-21,21,3.8
2022-05-22,37,6.7
2022-05-23,32,5.7
2022-05-24,39,7.0
2022-05-25,21,3.8
2022-05-26,26,4.7
2022-05-27,37,6.7
2022-05-28,38,6.9
2022-05-29,56,11.7
2022-05-30,46,8.2
2022-05-31,,2.647059
2022-06-01,26,4.7
2022-06-02,43,7.8
2022-06-03,41,7.3
2022-06-04,33,6.0
2022-06-05,28,5.1
2022-06-06,31,5.5
2022-06-07,41,7.4
2022-06-08,23,4.1
2022-06-09,34,6.1
2022-06-10,42,7.6
2022-06-11,43,7.7
2022-06-12,24,4.3
2022-06-13,56,11.8
2022-06-14,79,24.0
2022-06-15,28,5.0
2022-06-16,37,6.7
2022-06-17,39,7.1
2022-06-18,61,14.4
2022-06-19,54,10.7
2022-06-20,56,11.6
2022-06-21,34,6.1
2022-06-22,37,6.6
2022-06-23,36,6.4
2022-06-24,29,5.2
2022-06-25,36,6.5
2022-06-26,46,8.2
2022-06-27,53,10.0
2022-06-28,43,7.7
2022-06-29,44,8.0
2022-06-30,53,10.2
2022-07-01,41,7.3
2022-07-02,33,6.0
2022-07-03,55,11.2
2022-07-04,57,12.2
2022-07-05,44,7.9
2022-07-06,,1.384615
2022-07-07,18,3.2
2022-07-08,22,4.0
2022-07-09,33,5.9
2022-07-10,26,4.7
2022-07-11,13,2.3
2022-07-12,39,7.0
2022-07-13,43,7.7
2022-07-14,37,6.6
2022-07-15,52,9.4
2022-07-16,56,12.0
2022-07-17,46,8.2
2022-07-18,39,7.0
2022-07-19,36,6.4
2022-07-20,56,11.6
2022-07-21,43,7.8
2022-07-22,43,7.7
2022-07-23,53,10.3
2022-07-24,25,4.5
2022-07-25,36,6.5
2022-07-26,33,5.9
2022-07-27,31,5.6
2022-07-28,27,4.9
2022-07-29,41,7.3
2022-07-30,40,7.2
2022-07-31,31,5.6
2022-08-01,51,9.2
2022-08-02,51,9.2
2022-08-03,32,5.7
2022-08-04,25,4.5
2022-08-05,36,6.5
2022-08-06,55,11.3
2022-08-07,50,9.0
2022-08-08,14,2.5
2022-08-09,40,7.2
2022-08-10,44,8.0
2022-08-11,41,7.3
2022-08-12,42,7.6
2022-08-13,44,7.9
2022-08-14,25,4.5
2022-08-15,23,4.1
2022-08-16,35,6.3
2022-08-17,44,7.9
2022-08-18,51,9.2
2022-08-19,30,5.4
2022-08-20,31,5.5
2022-08-21,42,7.5
2022-08-22,39,7.1
2022-08-23,44,8.0
2022-08-24,54,10.5
2022-08-25,39,7.1
2022-08-26,24,4.4
2022-08-27,37,6.7
2022-08-28,21,3.8
2022-08-29,28,5.1
2022-08-30,36,6.4
2022-08-31,52,9.5
2022-09-01,39,7.0
2022-09-02,25,4.5
2022-09-03,18,3.2
2022-09-04,38,6.8
2022-09-05,37,6.7
2022-09-06,34,6.1
2022-09-07,46,8.2
2022-09-08,39,7.1
2022-09-09,32,5.8
2022-09-10,32,5.8
2022-09-11,27,4.8
2022-09-12,34,6.1
2022-09-13,36,6.5
2022-09-14,47,8.4
2022-09-15,51,9.2
2022-09-16,53,10.4
2022-09-17,49,8.8
2022-09-18,22,4.0
2022-09-19,22,4.0
2022-09-20,26,4.6
2022-09-21,25,4.5
2022-09-22,26,4.6
2022-09-23,31,5.6
2022-09-24,29,5.3
2022-09-25,21,3.7
2022-09-26,29,5.3
2022-09-27,34,6.2
2022-09-28,31,5.6
2022-09-29,29,5.3
2022-09-30,29,5.3
2022-10-01,37,6.7
2022-10-02,30,5.4
2022-10-03,36,6.4
2022-10-04,53,10.3
2022-10-05,48,8.6
2022-10-06,53,10.2
2022-10-07,34,6.2
2022-10-08,52,9.5
2022-10-09,44,8.0
2022-10-10,55,11.5
2022-10-11,47,8.4
2022-10-12,18,3.2
2022-10-13,22,4.0
2022-10-14,20,3.6
2022-10-15,27,4.8
2022-10-16,36,6.5
2022-10-17,24,4.4
2022-10-18,31,5.5
2022-10-19,48,8.7
2022-10-20,60,14.0
2022-10-21,55,11.3
2022-10-22,48,8.7
2022-10-23,36,6.5
2022-10-24,21,3.8
2022-10-25,16,2.9
2022-10-26,26,4.6
2022-10-27,29,5.2
2022-10-28,,9.0
2022-10-29,44,7.9
2022-10-31,,4.0
2022-11-01,23,4.1
2022-11-02,39,7.1
2022-11-03,33,5.9
2022-11-04,19,3.4
2022-11-05,15,2.7
2022-11-06,2,0.4
2022-11-07,18,3.2
2022-11-08,27,4.9
2022-11-09,37,6.7
2022-11-10,8,1.5
2022-11-11,22,3.9
2022-11-12,15,2.7
2022-11-13,19,3.4
2022-11-14,34,6.1
2022-11-15,48,8.7
2022-11-16,37,6.7
2022-11-17,21,3.8
2022-11-18,23,4.2
2022-11-19,29,5.2
2022-11-20,19,3.4
2022-11-21,33,6.0
2022-11-22,53,10.1
2022-11-23,46,8.2
2022-11-24,29,5.3
2022-11-25,28,5.0
2022-11-26,18,3.2
2022-11-27,22,4.0
2022-11-28,19,3.5
2022-11-29,12,2.1
2022-11-30,21,3.7
2022-12-01,26,4.7
2022-12-02,18,3.2
2022-12-03,25,4.5
2022-12-04,30,5.4
2022-12-05,23,4.2
2022-12-06,36,6.5
2022-12-07,61,14.2
2022-12-08,69,18.7
2022-12-09,36,6.4
2022-12-10,44,8.0
2022-12-11,42,7.6
2022-12-12,58,12.7
2022-12-13,16,2.9
2022-12-14,19,3.5
2022-12-15,30,5.4
2022-12-16,21,3.7
2022-12-17,9,1.7
2022-12-18,28,5.1
2022-12-19,32,5.7
2022-12-20,46,8.3
2022-12-21,61,14.2
2022-12-22,36,6.5
2022-12-23,26,4.7
2022-12-24,16,2.8
2022-12-25,19,3.5
2022-12-26,23,4.2
2022-12-27,21,3.7
2022-12-28,31,5.5
2022-12-29,41,7.3
2022-12-30,33,5.9
2022-12-31,49,8.8
2023-01-01,55,11.2
2023-01-02,24,4.4
2023-01-03,24,4.4
2023-01-04,37,6.7
2023-01-05,31,5.5
2023-01-06,61,14.2
2023-01-07,69,18.7
2023-01-08,67,17.5
2023-01-09,54,10.8
2023-01-10,50,9.0
2023-01-11,52,9.6
2023-01-12,51,9.2
2023-01-13,58,13.1
2023-01-14,56,11.9
2023-01-15,47,8.5
2023-01-16,54,10.6
2023-01-17,32,5.8
2023-01-18,27,4.8
2023-01-19,22,4.0
2023-01-20,60,13.8
2023-01-21,91,30.8
2023-01-22,59,13.6
2023-01-23,64,16.0
2023-01-24,45,8.1
2023-01-25,22,4.0
2023-01-26,42,7.5
2023-01-27,17,3.0
2023-01-28,18,3.3
2023-01-29,18,3.2
2023-01-30,32,5.8
2023-01-31,45,8.1
2023-02-01,44,7.9
2023-02-02,52,9.9
2023-02-03,37,6.7
2023-02-04,23,4.2
2023-02-05,6,1.0
2023-02-06,23,4.2
2023-02-07,4,0.7
2023-02-08,26,4.6
2023-02-09,16,2.8
2023-02-10,17,3.0
2023-02-11,8,1.4
2023-02-12,15,2.7
2023-02-13,19,3.4
2023-02-14,24,4.3
2023-02-15,0,-0.2
2023-02-16,6,1.1
2023-02-17,52,9.8
2023-02-18,21,3.7
2023-02-19,13,2.4
2023-02-20,17,3.0
2023-02-21,19,3.5
2023-02-22,15,2.7
2023-02-23,12,2.1
2023-02-24,28,5.0
2023-02-25,41,7.4
2023-02-26,38,6.9
2023-02-27,9,1.6
2023-02-28,19,3.4
2023-03-01,11,1.9
2023-03-02,10,1.8
2023-03-03,36,6.5
2023-03-04,39,7.1
2023-03-05,23,4.2
2023-03-06,11,1.9
2023-03-07,12,2.2
2023-03-08,26,4.6
2023-03-09,21,3.7
2023-03-10,48,8.7
2023-03-11,33,6.0
2023-03-12,7,1.3
2023-03-13,23,4.1
2023-03-14,37,6.7
2023-03-15,35,6.3
2023-03-16,25,4.5
2023-03-17,18,3.2
2023-03-18,23,4.2
2023-03-19,18,3.3
2023-03-20,21,3.7
2023-03-21,42,7.5
2023-03-22,33,6.0
2023-03-23,19,3.4
2023-03-24,28,5.0
2023-03-25,52,9.5
2023-03-26,17,3.1
2023-03-27,31,5.6
2023-03-28,53,10.3
2023-03-29,27,4.9
2023-03-30,47,8.4
2023-03-31,23,4.2
2023-04-01,8,1.4
2023-04-02,19,3.5
2023-04-03,6,1.0
2023-04-04,16,2.8
2023-04-05,4,0.8
2023-04-06,27,4.8
2023-04-07,70,19.5
2023-04-08,47,8.4
2023-04-09,39,7.0
2023-04-10,27,4.8
2023-04-11,60,13.7
2023-04-12,28,5.1
2023-04-13,26,4.6
2023-04-14,33,5.9
2023-04-15,3,0.5
2023-04-16,13,2.3
2023-04-17,14,2.5
2023-04-18,21,3.7
2023-04-19,43,7.7
2023-04-20,16,2.9
2023-04-21,0,-0.2
2023-04-22,0,-0.3
2023-04-23,25,4.5
2023-04-24,42,7.6
2023-04-25,53,10.2
2023-04-26,54,10.9
2023-04-27,51,9.2
2023-04-28,17,3.1
2023-04-29,5,0.9
2023-04-30,16,2.8
2023-05-01,7,1.3
2023-05-02,7,1.2
2023-05-03,26,4.7
2023-05-04,34,6.1
2023-05-05,,9.0
2023-05-06,66,16.9
2023-05-09,,3.785714
2023-05-10,39,7.0
2023-05-11,31,5.5
2023-05-12,50,9.0
2023-05-13,26,4.7
2023-05-14,54,10.6
2023-05-15,42,7.5
2023-05-16,51,9.2
2023-05-17,52,9.8
2023-05-18,97,33.8
2023-05-19,62,15.2
2023-05-20,55,11.0
2023-05-21,56,12.0
2023-05-22,61,14.5
2023-05-23,62,14.9
2023-05-24,57,12.1
2023-05-25,56,11.6
2023-05-26,48,8.6
2023-05-27,38,6.8
2023-05-28,52,9.7
2023-05-29,55,11.0
2023-05-30,47,8.5
2023-05-31,31,5.5
2023-06-01,41,7.4
2023-06-02,38,6.9
2023-06-03,49,8.8
2023-06-04,59,13.3
2023-06-05,56,11.8
2023-06-06,54,10.5
2023-06-07,58,12.7
2023-06-08,62,14.8
2023-06-09,61,14.3
2023-06-10,56,11.7
2023-06-11,54,10.6
2023-06-12,34,6.2
2023-06-13,44,8.0
2023-06-14,54,10.8
2023-06-15,39,7.1
2023-06-16,55,11.2
2023-06-17,56,11.8
2023-06-18,62,15.2
2023-06-19,49,8.8
2023-06-20,60,14.1
2023-06-21,64,16.2
2023-06-22,51,9.3
2023-06-23,52,9.9
2023-06-24,35,6.3
2023-06-25,71,19.6
2023-06-26,72,20.4
2023-06-27,75,22.0
2023-06-28,46,8.3
2023-06-29,58,12.9
2023-06-30,27,4.9
2023-07-01,45,8.1
2023-07-02,64,15.9
2023-07-03,58,13.1
2023-07-04,64,16.0
2023-07-05,25,4.5
2023-07-06,23,4.1
2023-07-07,23,4.2
2023-07-08,23,4.1
2023-07-09,27,4.8
2023-07-10,23,4.2
2023-07-11,21,3.8
2023-07-12,7,1.2
2023-07-13,21,3.8
2023-07-14,17,3.0
2023-07-15,91,30.5
2023-07-16,92,31.0
2023-07-17,59,13.3
2023-07-18,30,5.4
2023-07-19,55,11.0
2023-07-20,42,7.5
2023-07-21,56,11.7
2023-07-22,53,10.4
2023-07-23,63,15.5
2023-07-24,40,7.2
2023-07-25,44,7.9
2023-07-26,54,10.7
2023-07-27,52,9.7
2023-07-28,60,13.8
2023-07-29,22,4.0
2023-07-30,34,6.2
2023-07-31,21,3.8
2023-08-01,19,3.4
2023-08-02,12,2.1
2023-08-03,22,3.9
2023-08-04,23,4.1
2023-08-05,21,3.8
2023-08-06,16,2.9
2023-08-07,57,12.5
2023-08-08,57,12.5
2023-08-09,19,3.5
2023-08-10,19,3.4
2023-08-11,19,3.5
2023-08-12,19,3.4
2023-08-13,3,0.5
2023-08-14,16,2.8
2023-08-15,26,4.7
2023-08-16,32,5.8
2023-08-17,52,9.7
2023-08-18,61,14.5
2023-08-19,53,10.3
2023-08-20,54,10.5
2023-08-21,59,13.6
2023-08-22,58,12.8
2023-08-23,59,13.3
2023-08-24,57,12.4
2023-08-25,52,9.4
2023-08-26,41,7.3
2023-08-27,34,6.1
2023-08-28,38,6.9
2023-08-29,67,17.8
2023-08-30,73,20.7
2023-08-31,55,11.0
2023-09-01,40,7.2
2023-09-02,52,9.6
2023-09-03,51,9.3
2023-09-04,54,10.5
2023-09-05,57,12.3
2023-09-06,153,58.8
2023-09-07,111,39.4
2023-09-08,74,21.5
2023-09-09,64,16.3
2023-09-10,54,10.6
2023-09-11,54,10.9
2023-09-12,57,12.1
2023-09-13,52,9.8
2023-09-14,50,9.0
2023-09-15,38,6.8
2023-09-16,69,18.6
2023-09-17,100,35.2
2023-09-18,74,21.6
2023-09-19,42,7.5
2023-09-20,46,8.2
2023-09-21,53,10.2
2023-09-22,43,7.8
2023-09-23,24,4.4
2023-09-24,18,3.3
2023-09-25,21,3.7
2023-09-26,18,3.2
2023-09-27,35,6.3
2023-09-28,37,6.7
2023-09-29,53,10.4
2023-09-30,55,11.0
2023-10-01,46,8.2
2023-10-02,60,14.1
2023-10-03,55,11.5
2023-10-04,13,2.4
2023-10-05,32,5.7
2023-10-06,22,3.9
2023-10-07,23,4.1
2023-10-08,13,2.4
2023-10-09,42,7.6
2023-10-10,43,7.8
2023-10-11,29,5.3
2023-10-12,16,2.9
2023-10-13,0,-0.9
2023-10-14,12,2.2
2023-10-15,22,4.0
2023-10-16,33,6.0
2023-10-17,31,5.6
2023-10-18,24,4.3
2023-10-19,25,4.5
2023-10-20,24,4.4
2023-10-21,22,3.9
2023-10-22,33,6.0
2023-10-23,44,7.9
2023-10-24,24,4.3
2023-10-25,27,4.9
2023-10-26,11,1.9
2023-10-27,38,6.8
2023-10-28,52,9.7
2023-10-29,52,9.4
2023-10-30,33,6.0
2023-10-31,32,5.7
2023-11-01,38,6.9
2023-11-02,50,9.0
2023-11-03,,7.428571
2023-11-05,52,9.8
2023-11-08,,4.428571
2023-11-09,27,4.8
2023-11-10,39,7.1
2023-11-11,40,7.2
2023-11-12,37,6.6
2023-11-13,38,6.9
2023-11-14,37,6.7
2023-11-15,53,10.0
2023-11-16,36,6.4
2023-11-17,23,4.2
2023-11-18,55,11.0
2023-11-19,44,7.9
2023-11-20,39,7.1
2023-11-21,22,4.0
2023-11-22,26,4.7
2023-11-23,16,2.8
2023-11-24,25,4.5
2023-11-25,43,7.8
2023-11-26,23,4.2
2023-11-27,31,5.6
2023-11-28,33,6.0
2023-11-29,21,3.7
2023-11-30,28,5.0
2023-12-01,23,4.2
2023-12-02,54,10.6
2023-12-03,59,13.3
2023-12-04,46,8.2
2023-12-05,27,4.9
2023-12-06,31,5.6
2023-12-07,29,5.3
2023-12-08,13,2.4
2023-12-09,9,1.7
2023-12-10,14,2.5
2023-12-11,34,6.2
2023-12-12,26,4.7
2023-12-13,50,9.0
2023-12-14,66,17.0
2023-12-15,63,15.5
2023-12-16,27,4.9
2023-12-17,19,3.5
2023-12-18,29,5.2
2023-12-19,20,3.6
2023-12-20,41,7.4
2023-12-21,59,13.5
2023-12-22,59,13.3
2023-12-23,38,6.8
2023-12-24,19,3.5
2023-12-25,11,1.9
2023-12-26,11,1.9
2023-12-27,18,3.2
2023-12-28,32,5.7
2023-12-29,30,5.4
2023-12-30,25,4.5
2023-12-31,26,4.7
2024-01-01,40,7.2
2024-01-02,43,7.7
2024-01-03,57,12.5
2024-01-04,42,7.5
2024-01-05,58,12.7
2024-01-06,56,12.0
2024-01-07,18,3.3
2024-01-08,28,5.0
2024-01-09,39,7.0
2024-01-10,44,8.0
2024-01-11,34,6.1
2024-01-12,9,1.7
2024-01-13,29,5.3
2024-01-14,27,4.9
2024-01-15,24,4.3
2024-01-16,34,6.1
2024-01-17,26,4.7
2024-01-18,35,6.3
2024-01-19,35,6.3
2024-01-20,55,11.5
2024-01-21,47,8.5
2024-01-22,47,8.4
2024-01-23,46,8.2
2024-01-24,42,7.6
2024-01-25,47,8.5
2024-01-26,39,7.1
2024-01-27,52,9.7
2024-01-28,39,7.0
2024-01-29,28,5.1
2024-01-30,36,6.5
2024-01-31,39,7.0
2024-02-01,43,7.7
2024-02-02,51,9.2
2024-02-03,56,11.9
2024-02-04,55,11.4
2024-02-05,53,10.2
2024-02-06,52,9.7
2024-02-07,31,5.5
2024-02-08,12,2.1
2024-02-09,8,1.5
2024-02-10,18,3.3
2024-02-11,28,5.1
2024-02-12,26,4.7
2024-02-13,21,3.8
2024-02-14,40,7.2
2024-02-15,23,4.1
2024-02-16,32,5.7
2024-02-17,28,5.1
2024-02-18,14,2.6
2024-02-19,27,4.8
2024-02-20,19,3.5
2024-02-21,35,6.3
2024-02-22,31,5.5
2024-02-23,18,3.2
2024-02-24,45,8.1
2024-02-25,25,4.5
2024-02-26,64,16.2
2024-02-27,37,6.7
2024-02-28,26,4.6
2024-02-29,33,5.9
2024-03-01,39,7.1
2024-03-02,61,14.2
2024-03-03,24,4.3
2024-03-04,16,2.8
2024-03-05,24,4.3
2024-03-06,52,9.6
2024-03-07,39,7.1
2024-03-08,19,3.5
2024-03-09,26,4.7
2024-03-10,42,7.5
2024-03-11,21,3.7
2024-03-12,34,6.2
2024-03-13,57,12.2
2024-03-14,21,3.8
2024-03-15,34,6.2
2024-03-16,19,3.5
2024-03-17,11,2.0
2024-03-18,22,3.9
2024-03-19,23,4.1
2024-03-20,17,3.1
2024-03-21,40,7.2
2024-03-22,50,9.0
2024-03-23,36,6.4
2024-03-24,52,9.5
2024-03-25,35,6.3
2024-03-26,16,2.8
2024-03-27,43,7.7
2024-03-28,64,16.3
2024-03-29,53,10.0
2024-03-30,48,8.7
2024-03-31,43,7.8
2024-04-01,23,4.2
2024-04-02,22,3.9
2024-04-03,26,4.7
2024-04-04,16,2.8
2024-04-05,29,5.3
2024-04-06,53,10.0
2024-04-07,49,8.8
2024-04-08,12,2.2
2024-04-09,16,2.9
2024-04-10,34,6.2
2024-04-11,14,2.5
2024-04-12,29,5.2
2024-04-13,54,10.5
2024-04-14,36,6.5
2024-04-15,36,6.4
2024-04-16,24,4.3
2024-04-17,21,3.7
2024-04-18,17,3.0
2024-04-19,21,3.8
2024-04-20,23,4.1
2024-04-21,28,5.1
2024-04-22,34,6.2
2024-04-23,29,5.3
2024-04-24,37,6.6
2024-04-25,41,7.3
2024-04-26,14,2.5
2024-04-27,11,2.0
2024-04-28,14,2.6
2024-04-29,13,2.3
2024-04-30,19,3.4
2024-05-01,16,2.8
2024-05-02,16,2.9
2024-05-03,19,3.5
2024-05-04,13,2.3
2024-05-05,14,2.5
2024-05-06,9,1.6
2024-05-07,17,3.1
2024-05-08,14,2.5
2024-05-09,17,3.0
2024-05-10,25,4.5
2024-05-11,42,7.6
2024-05-12,34,6.2
2024-05-13,66,17.3
2024-05-14,85,27.1
2024-05-15,45,8.1
2024-05-16,37,6.7
2024-05-17,26,4.7
2024-05-18,26,4.6
2024-05-19,19,3.5
2024-05-20,18,3.2
2024-05-21,6,1.1
2024-05-22,28,5.1
2024-05-23,21,3.8
2024-05-24,12,2.2
2024-05-25,12,2.2
2024-05-26,25,4.5
2024-05-27,5,0.9
2024-05-28,16,2.8
2024-05-29,32,5.8
2024-05-30,27,4.8
2024-05-31,23,4.2
2024-06-01,31,5.5
2024-06-02,29,5.2
2024-06-03,18,3.2
2024-06-04,11,2.0
2024-06-05,15,2.7
2024-06-06,12,2.2
2024-06-07,26,4.7
2024-06-08,18,3.3
2024-06-09,19,3.5
2024-06-10,26,4.7
2024-06-11,,2.875
2024-06-14,,4.636364
2024-06-15,17,3.0
2024-06-16,40,7.2
2024-06-17,36,6.4
2024-06-18,38,6.8
2024-06-19,10,1.8
2024-06-20,26,4.6
2024-06-21,32,5.7
2024-06-22,11,2.0
2024-06-23,0,-0.2
2024-06-24,,0.714286
2024-06-26,23,4.2
2024-06-27,,7.636364
2024-06-28,49,8.9
2024-06-29,34,6.1
2024-06-30,46,8.2
2024-07-01,48,8.6
2024-07-02,47,8.5
2024-07-03,55,11.2
2024-07-04,80,24.9
2024-07-05,62,15.0
2024-07-06,56,11.6
2024-07-07,44,8.0
2024-07-08,,7.428571
2024-07-11,53,10.4
2024-07-14,47,8.4
2024-07-17,53,10.0
2024-07-20,41,7.4
2024-07-23,55,11.4
2024-07-24,,13.4
2024-07-25,58,13.0
2024-07-26,65,16.5
2024-07-27,59,13.2
2024-07-28,52,9.7
2024-07-29,57,12.4
2024-07-30,34,6.2
2024-07-31,40,7.2
2024-08-01,36,6.5
2024-08-02,49,8.9
2024-08-03,49,8.9
2024-08-04,46,8.2
2024-08-05,51,9.3
2024-08-06,24,4.3
2024-08-07,27,4.8
2024-08-08,38,6.8
2024-08-09,36,6.5
2024-08-10,51,9.2
2024-08-11,40,7.2
2024-08-12,38,6.9
2024-08-13,32,5.8
2024-08-14,9,1.6
2024-08-15,26,4.7
2024-08-16,59,13.4
2024-08-17,52,9.6
2024-08-18,56,11.9
2024-08-19,69,18.8
2024-08-20,64,15.9
2024-08-21,61,14.5
2024-08-22,51,9.3
2024-08-23,48,8.7
2024-08-24,56,12.0
2024-08-25,54,10.9
2024-08-26,38,6.9
2024-08-27,26,4.6
2024-08-28,32,5.7
2024-08-29,33,5.9
2024-08-30,30,5.4
2024-08-31,41,7.3
2024-09-01,54,10.7
2024-09-02,46,8.2
2024-09-03,41,7.4
2024-09-04,47,8.5
2024-09-05,56,11.7
2024-09-06,45,8.1
2024-09-07,49,8.9
2024-09-08,28,5.1
2024-09-09,41,7.3
2024-09-10,51,9.3
2024-09-11,52,9.7
2024-09-12,66,17.0
2024-09-13,55,11.0
2024-09-14,32,5.8
2024-09-15,22,4.0
2024-09-16,23,4.2
2024-09-17,16,2.8
2024-09-18,36,6.4
2024-09-19,41,7.4
2024-09-20,41,7.4
2024-09-21,38,6.9
2024-09-22,32,5.7
2024-09-23,38,6.9
2024-09-24,39,7.0
2024-09-25,36,6.5
2024-09-26,36,6.5
2024-09-27,51,9.2
2024-09-28,54,10.5
2024-09-29,52,9.9
2024-09-30,46,8.2
2024-10-01,58,13.0
2024-10-02,57,12.2
2024-10-03,57,12.1
2024-10-04,49,8.9
2024-10-05,57,12.4
2024-10-06,47,8.5
2024-10-07,52,9.5
2024-10-08,54,10.7
2024-10-09,59,13.2
2024-10-10,59,13.5
2024-10-11,66,17.2
2024-10-12,60,14.1
2024-10-13,53,10.1
2024-10-14,44,8.0
2024-10-15,,7.0
2024-10-18,,14.454545
2024-10-19,47,8.4
2024-10-20,34,6.2
2024-10-21,48,8.7
2024-10-22,36,6.5
2024-10-23,22,4.0
2024-10-24,28,5.1
2024-10-25,27,4.8
2024-10-26,28,5.1
2024-10-27,26,4.6
2024-10-28,54,10.9
2024-10-29,44,7.9
2024-10-30,35,6.3
2024-10-31,34,6.1
2024-11-01,22,4.0
2024-11-02,18,3.3
2024-11-03,9,1.6
2024-11-04,7,1.2
2024-11-05,14,2.6
2024-11-06,24,4.4
2024-11-07,40,7.2
2024-11-08,52,9.5
2024-11-09,6,1.1
2024-11-10,11,2.0
2024-11-11,12,2.2
2024-11-12,12,2.2
2024-11-13,21,3.7
2024-11-14,14,2.6
2024-11-15,11,1.9
2024-11-16,27,4.8
2024-11-17,21,3.8
2024-11-18,19,3.5
2024-11-19,0,0.0
2024-11-20,11,1.9
2024-11-21,12,2.2
2024-11-22,30,5.4
2024-11-23,28,5.1
2024-11-24,34,6.1
2024-11-25,26,4.7
2024-11-26,23,4.1
2024-11-27,38,6.9
2024-11-28,26,4.6
2024-11-29,42,7.6
2024-11-30,26,4.7
2024-12-01,31,5.5
2024-12-02,43,7.8
2024-12-03,48,8.6
2024-12-04,35,6.3
2024-12-05,29,5.2
2024-12-06,29,5.3
2024-12-07,28,5.0
2024-12-08,27,4.9
2024-12-09,11,1.9
2024-12-10,22,4.0
2024-12-11,28,5.0
2024-12-12,29,5.3
2024-12-13,38,6.8
2024-12-14,33,5.9
2024-12-15,46,8.3
2024-12-16,9,1.7
2024-12-17,33,6.0
2024-12-18,54,10.5
2024-12-19,52,9.8
2024-12-20,28,5.1
2024-12-21,38,6.9
2024-12-22,46,8.2
2024-12-23,42,7.5
2024-12-24,70,19.2
2024-12-25,35,6.3
2024-12-26,53,10.2
2024-12-27,25,4.5
2024-12-28,31,5.6
2024-12-29,47,8.4
2024-12-30,17,3.0
2024-12-31,21,3.7
2025-01-01,18,3.2
2025-01-02,29,5.2
2025-01-03,46,8.2
2025-01-04,18,3.3
2025-01-05,17,3.1
2025-01-06,28,5.0
2025-01-07,31,5.5
2025-01-08,56,11.8
2025-01-09,58,12.6
2025-01-10,26,4.7
2025-01-11,43,7.7
2025-01-12,34,6.1
2025-01-13,16,2.8
2025-01-14,29,5.2
2025-01-15,36,6.5
2025-01-16,19,3.5
2025-01-17,46,8.3
2025-01-18,21,3.8
2025-01-19,26,4.6
2025-01-20,21,3.7
2025-01-21,23,4.2
2025-01-22,26,4.7
2025-01-23,36,6.5
2025-01-24,24,4.4
2025-01-25,11,1.9
2025-01-26,23,4.1
2025-01-27,19,3.4
2025-01-28,14,2.5
2025-01-29,14,2.5
2025-01-30,54,10.9
2025-01-31,43,7.8
2025-02-01,43,7.8
2025-02-02,29,5.2
2025-02-03,32,5.8
2025-02-04,23,4.1
2025-02-05,34,6.2
2025-02-06,31,5.6
2025-02-07,16,2.8
2025-02-08,21,3.7
2025-02-09,44,8.0
2025-02-10,46,8.3
2025-02-11,28,5.0
2025-02-12,33,5.9
2025-02-13,47,8.5
2025-02-14,44,8.0
2025-02-15,58,13.0
2025-02-16,22,4.0
2025-02-17,39,7.1
2025-02-18,27,4.8
2025-02-19,21,3.7
2025-02-20,49,8.9
2025-02-21,58,13.0
2025-02-22,62,15.2
2025-02-23,48,8.6
2025-02-24,17,3.1
2025-02-25,14,2.5
2025-02-26,12,2.1
2025-02-27,4,0.7
2025-02-28,12,2.2
2025-03-01,26,4.6
2025-03-02,26,4.6
2025-03-03,62,14.9
2025-03-04,47,8.5
2025-03-05,21,3.8
2025-03-06,19,3.5
2025-03-07,26,4.7
2025-03-08,22,4.0
2025-03-09,16,2.9
2025-03-10,12,2.2
2025-03-11,18,3.3
2025-03-12,41,7.4
2025-03-13,58,12.6
2025-03-14,58,12.6
2025-03-15,19,3.5
2025-03-16,7,1.3
2025-03-17,16,2.9
2025-03-18,32,5.8
2025-03-19,36,6.5
2025-03-20,21,3.7
2025-03-21,21,3.7
2025-03-22,26,4.7
2025-03-23,16,2.8
2025-03-24,29,5.3
2025-03-25,27,4.8
2025-03-26,23,4.2
2025-03-27,52,9.5
2025-03-28,27,4.8
2025-03-29,36,6.5
2025-03-30,10,1.8
2025-03-31,19,3.5
2025-04-01,46,8.2
2025-04-02,20,3.6
2025-04-03,23,4.1
2025-04-04,39,7.1
2025-04-05,34,6.2
2025-04-06,41,7.4
2025-04-07,23,4.1
2025-04-08,33,6.0
2025-04-09,53,10.1
2025-04-10,19,3.5
2025-04-11,42,7.6
2025-04-12,61,14.6
2025-04-13,54,10.5
2025-04-14,13,2.4
2025-04-15,,4.583333
2025-04-16,78,23.8
2025-04-17,,15.6
2025-04-18,46,8.2
2025-04-19,37,6.7
2025-04-20,34,6.2
2025-04-21,51,9.1
2025-04-22,38,6.9
2025-04-23,53,10.2
2025-04-24,34,6.1
2025-04-25,23,4.1
2025-04-26,23,4.1
2025-04-27,35,6.3
2025-04-28,54,10.6
2025-04-29,28,5.0
2025-04-30,27,4.8
2025-05-01,33,5.9
2025-05-02,29,5.2
2025-05-03,25,4.5
2025-05-04,41,7.4
2025-05-05,39,7.0
2025-05-06,33,5.9
2025-05-07,39,7.1
2025-05-08,37,6.6
2025-05-09,42,7.6
2025-05-10,43,7.7
2025-05-11,44,8.0
2025-05-12,43,7.8
2025-05-13,43,7.8
2025-05-14,48,8.6
2025-05-15,43,7.8
2025-05-16,30,5.4
2025-05-17,17,3.1
2025-05-18,22,3.9
2025-05-19,24,4.4
2025-05-20,14,2.5
2025-05-21,12,2.2
2025-05-22,19,3.5
2025-05-23,33,6.0
2025-05-24,28,5.1
2025-05-25,34,6.1
2025-05-26,38,6.9
2025-05-27,30,5.4
2025-05-28,42,7.6
2025-05-29,38,6.8
2025-05-30,41,7.4
2025-05-31,31,5.5
2025-06-01,84,26.9
2025-06-02,50,9.0
2025-06-03,74,21.7
2025-06-04,64,16.1
2025-06-05,67,17.7
2025-06-06,55,11.3
2025-06-07,53,10.3
2025-06-08,80,24.7
2025-06-09,62,15.2
2025-06-10,59,13.6
2025-06-11,52,9.5
2025-06-12,55,11.2
2025-06-13,52,9.5
2025-06-14,32,5.7
2025-06-15,36,6.5
2025-06-16,42,7.5
2025-06-17,21,3.8
2025-06-18,23,4.1
2025-06-19,29,5.2
2025-06-20,39,7.0
2025-06-21,47,8.4
2025-06-22,62,15.2
2025-06-23,52,9.7
2025-06-24,18,3.2
2025-06-25,15,2.7
2025-06-26,13,2.3
2025-06-27,19,3.4
2025-06-28,20,3.6
2025-06-29,15,2.7
2025-06-30,27,4.9
2025-07-01,32,5.7
2025-07-02,27,4.8
2025-07-03,52,9.6
2025-07-04,68,18.3
2025-07-05,26,4.7
2025-07-06,53,10.2
2025-07-07,51,9.1
2025-07-08,14,2.5
2025-07-09,13,2.3
2025-07-10,25,4.5
2025-07-11,18,3.2
2025-07-12,58,12.9
2025-07-13,80,24.6
2025-07-14,54,10.6
2025-07-15,29,5.2
2025-07-16,17,3.0
2025-07-17,16,2.9
2025-07-18,23,4.2
2025-07-19,53,10.3
2025-07-20,25,4.5
2025-07-21,24,4.4
2025-07-22,15,2.7
2025-07-23,40,7.2
2025-07-24,16,2.9
2025-07-25,21,3.8
2025-07-26,7,1.3
2025-07-27,27,4.8
2025-07-28,24,4.4
2025-07-29,22,4.0
2025-07-30,14,2.5
2025-07-31,84,27.0
2025-08-01,137,50.0
2025-08-02,89,29.6
2025-08-03,72,20.6
2025-08-04,53,10.4
2025-08-05,41,7.4
2025-08-06,37,6.7
2025-08-07,58,12.7
2025-08-08,45,8.1
2025-08-09,55,11.1
2025-08-10,21,3.8
2025-08-11,44,8.0
2025-08-12,35,6.3
2025-08-13,39,7.0
2025-08-14,43,7.8
2025-08-15,38,6.9
2025-08-16,34,6.2
2025-08-17,30,5.4
2025-08-18,32,5.8
2025-08-19,29,5.3
2025-08-20,27,4.8
2025-08-21,29,5.2
2025-08-22,23,4.2
2025-08-23,18,3.2
2025-08-24,23,4.2
2025-08-25,22,4.0
2025-08-26,31,5.5
2025-08-27,26,4.6
2025-08-28,37,6.7
2025-08-29,44,7.9
2025-08-30,42,7.6
2025-08-31,34,6.1
2025-09-01,36,6.5
2025-09-02,40,7.2
2025-09-03,62,15.1
2025-09-04,71,19.7
2025-09-05,36,6.5
2025-09-06,26,4.7
2025-09-07,39,7.1
2025-09-08,52,9.6
2025-09-09,39,7.0
2025-09-10,33,5.9
2025-09-11,46,8.2
2025-09-12,51,9.3
2025-09-13,41,7.4
2025-09-14,53,10.0
2025-09-15,34,6.2
2025-09-16,57,12.1
2025-09-17,24,4.3
2025-09-18,20,3.6
2025-09-19,7,1.3
2025-09-20,25,4.5
2025-09-21,28,5.1
2025-09-22,26,4.6
2025-09-23,31,5.6
2025-09-24,31,5.5
2025-09-25,43,7.7
2025-09-26,42,7.5
2025-09-27,46,8.3
2025-09-28,51,9.2
2025-09-29,52,9.9
2025-09-30,50,9.0
2025-10-01,54,10.8
2025-10-02,54,10.6
2025-10-03,56,11.6
2025-10-04,54,10.7
2025-10-05,50,9.0
2025-10-06,23,4.2
2025-10-07,33,5.9
2025-10-08,39,7.0
2025-10-09,27,4.9
2025-10-10,48,8.6
2025-10-11,40,7.2
2025-10-12,37,6.6
2025-10-13,30,5.4
2025-10-14,33,6.0
2025-10-15,53,10.0
2025-10-16,52,9.8
2025-10-17,43,7.8
2025-10-18,23,4.2
2025-10-19,16,2.8
2025-10-20,22,3.9
2025-10-21,19,3.4
2025-10-22,30,5.4
2025-10-23,39,7.1
2025-10-24,39,7.1
2025-10-25,40,7.2
2025-10-26,31,5.6
2025-10-27,27,4.9
2025-10-28,26,4.7
2025-10-29,27,4.8
2025-10-30,,6.363636
2025-10-31,12,2.2
2025-11-03,,4.3125
2025-11-04,24,4.4
2025-11-05,21,3.7
2025-11-06,22,4.0
2025-11-07,12,2.1
2025-11-08,27,4.8
2025-11-09,16,2.8
2025-11-10,14,2.5
2025-11-11,22,4.0
2025-11-12,35,6.3
2025-11-13,37,6.7
2025-11-14,43,7.8
2025-11-15,21,3.7
2025-11-16,22,4.0
2025-11-17,26,4.7
2025-11-18,31,5.6
2025-11-19,51,9.1
2025-11-20,49,8.9
2025-11-21,33,6.0
2025-11-22,16,2.8
2025-11-23,30,5.4
2025-11-24,16,2.9
2025-11-25,17,3.0
2025-11-26,27,4.8
2025-11-27,27,4.9
2025-11-28,19,3.5
2025-11-29,31,5.6
2025-11-30,22,4.0
2025-12-01,34,6.1
2025-12-02,49,8.8
2025-12-03,39,7.1
2025-12-04,29,5.3
2025-12-05,21,3.7
2025-12-06,36,6.5
2025-12-07,36,6.4
2025-12-08,34,6.2
2025-12-09,9,1.6
2025-12-10,48,8.7
2025-12-11,53,10.2
2025-12-12,53,10.1
2025-12-13,31,5.5
2025-12-14,32,5.7
2025-12-15,26,4.6
2025-12-16,42,7.6
2025-12-17,21,3.7
2025-12-18,39,7.1
2025-12-19,12,2.2
2025-12-20,23,4.2
2025-12-21,14,2.5
2025-12-22,30,5.4
2025-12-23,32,5.8
2025-12-24,55,11.2
2025-12-25,15,2.7
2025-12-26,29,5.2
2025-12-27,59,13.5
2025-12-28,43,7.8
2025-12-29,25,4.5
2025-12-30,19,3.5
2025-12-31,14,2.6
