date,aqi,value
1999-01-22,59,13.6
1999-01-23,27,4.9
1999-01-24,5,0.9
1999-01-25,68,18.3
1999-01-27,75,22.1
1999-02-01,33,5.9
1999-02-02,61,14.3
1999-02-03,71,19.8
1999-02-04,54,10.6
1999-02-22,63,15.7
1999-02-24,85,27.5
1999-02-25,91,30.4
1999-02-26,75,21.9
1999-02-27,74,21.7
1999-02-28,22,3.9
1999-03-01,37,6.6
1999-03-02,64,15.9
1999-03-03,37,6.7
1999-03-04,55,11.1
1999-03-06,65,16.5
1999-03-07,63,15.5
1999-03-08,53,10.1
1999-03-09,65,16.4
1999-03-10,73,21.1
1999-03-11,76,22.4
1999-03-12,56,11.9
1999-03-13,72,20.3
1999-03-14,71,19.8
1999-03-15,52,9.9
1999-03-16,58,12.7
1999-03-17,73,20.7
1999-03-18,76,22.6
1999-03-19,55,11.1
1999-03-20,71,19.7
1999-03-21,83,26.4
1999-03-22,92,31.0
1999-03-24,80,24.8
1999-03-25,81,25.4
1999-03-26,63,15.3
1999-03-27,72,20.3
1999-03-28,77,23.2
1999-03-29,79,24.1
1999-03-30,71,19.7
1999-03-31,76,22.6
1999-04-01,67,17.5
1999-04-02,79,24.3
1999-04-03,77,23.1
1999-04-05,62,15.1
1999-04-06,76,22.3
1999-04-07,77,23.2
1999-04-08,80,24.4
1999-04-11,64,16.2
1999-04-12,48,8.7
1999-04-13,63,15.7
1999-04-14,65,16.4
1999-04-15,61,14.4
1999-04-18,53,10.4
1999-04-19,56,11.7
1999-04-20,62,14.9
1999-04-21,71,19.8
1999-04-22,80,24.5
1999-04-23,78,23.5
1999-04-24,78,23.5
1999-04-25,90,30.2
1999-04-27,60,13.8
1999-04-28,29,5.3
1999-04-30,34,6.2
1999-05-01,37,6.6
1999-05-02,63,15.3
1999-05-03,71,20.0
1999-05-04,73,21.0
1999-05-05,62,14.9
1999-05-06,58,12.8
1999-05-07,48,8.7
1999-05-08,54,10.5
1999-05-09,61,14.2
1999-05-10,63,15.4
1999-05-11,72,20.6
1999-05-12,71,20.0
1999-05-13,66,17.2
1999-05-14,73,20.9
1999-05-15,52,9.9
1999-05-16,63,15.5
1999-05-17,67,17.7
1999-05-18,74,21.3
1999-05-19,56,11.8
1999-05-20,62,15.2
1999-05-21,77,23.0
1999-05-22,85,27.2
1999-05-25,63,15.8
1999-05-27,67,17.7
1999-05-28,76,22.3
1999-05-29,87,28.6
1999-05-30,78,23.4
1999-05-31,115,41.2
1999-06-01,83,26.3
1999-06-02,77,22.9
1999-06-03,66,17.0
1999-06-04,78,23.5
1999-06-05,100,35.4
1999-06-06,104,36.7
1999-06-07,69,18.6
1999-06-08,82,25.8
1999-06-09,94,32.3
1999-06-10,74,21.2
1999-06-11,56,11.7
1999-06-12,82,25.5
1999-06-13,74,21.4
1999-06-14,60,14.1
1999-06-15,71,19.7
1999-06-16,54,10.6
1999-06-17,89,29.5
1999-06-18,117,41.8
1999-06-19,84,26.8
1999-06-20,64,16.0
1999-06-21,60,14.1
1999-06-22,72,20.5
1999-06-24,69,18.6
1999-06-26,52,9.8
1999-06-27,39,7.0
1999-06-29,71,19.7
1999-06-30,70,19.1
1999-07-01,84,26.8
1999-07-03,59,13.5
1999-07-04,52,9.6
1999-07-05,72,20.5
1999-07-06,92,31.3
1999-07-10,60,13.9
1999-07-12,54,10.5
1999-07-13,43,7.7
1999-07-14,65,16.6
1999-07-15,73,21.1
1999-07-16,76,22.7
1999-07-17,72,20.2
1999-07-19,91,30.7
1999-07-20,97,33.9
1999-07-21,99,34.6
1999-07-22,88,28.8
1999-07-23,108,38.5
1999-07-24,123,44.5
1999-07-25,91,30.5
1999-07-26,95,32.6
1999-07-27,160,67.9
1999-07-28,110,39.0
1999-07-29,131,47.6
1999-07-30,76,22.3
1999-07-31,99,34.7
1999-08-01,107,38.1
1999-08-04,155,61.6
1999-08-05,119,42.9
1999-08-06,106,37.4
1999-08-07,102,35.8
1999-08-08,113,40.2
1999-08-09,85,27.6
1999-08-10,132,48.2
1999-08-11,103,36.3
1999-08-12,154,59.1
1999-08-13,91,30.8
1999-08-14,65,16.6
1999-08-15,69,18.9
1999-08-16,85,27.6
1999-08-17,96,33.3
1999-08-18,88,28.9
1999-08-19,98,34.3
1999-08-20,104,36.6
1999-08-21,82,25.9
1999-08-24,48,8.6
1999-08-25,58,12.9
1999-08-26,69,18.9
1999-08-27,89,29.7
1999-08-28,96,33.2
1999-08-29,95,32.6
1999-09-01,73,20.8
1999-09-03,87,28.5
1999-09-04,78,23.5
1999-09-05,97,33.9
1999-09-06,88,28.7
1999-09-07,89,29.7
1999-09-08,111,39.5
1999-09-09,112,39.8
1999-09-10,64,16.0
1999-09-12,74,21.6
1999-09-13,89,29.7
1999-09-14,103,36.2
1999-09-15,82,25.5
1999-09-16,58,12.7
1999-09-17,70,19.4
1999-09-18,52,9.9
1999-09-19,88,28.9
1999-09-20,70,19.1
1999-09-21,64,15.9
1999-09-23,62,15.1
1999-09-24,85,27.6
1999-09-25,77,22.9
1999-09-26,66,17.0
1999-09-28,52,9.7
1999-09-29,55,11.5
1999-10-01,71,19.7
1999-10-02,83,26.5
1999-10-03,74,21.5
1999-10-04,56,11.7
1999-10-06,93,31.5
1999-10-07,76,22.6
1999-10-08,83,26.4
1999-10-09,61,14.4
1999-10-10,54,10.7
1999-10-11,73,21.1
1999-10-13,60,14.1
1999-10-15,60,14.1
1999-10-16,58,12.6
1999-10-17,72,20.2
1999-10-18,67,17.5
1999-10-19,67,17.8
1999-10-20,68,18.1
1999-10-21,59,13.4
1999-10-22,69,18.8
1999-10-23,32,5.7
1999-10-30,87,28.5
1999-10-31,61,14.3
1999-11-01,52,9.4
1999-11-02,50,9.0
1999-11-03,38,6.9
1999-11-04,79,24.3
1999-11-05,74,21.7
1999-11-06,81,25.4
1999-11-07,80,24.6
1999-11-09,92,30.9
1999-11-10,92,31.0
1999-11-11,95,32.5
1999-11-12,66,17.3
1999-11-13,99,34.8
1999-11-14,92,31.0
1999-11-15,59,13.3
1999-11-16,179,95.0
1999-11-17,75,22.1
1999-11-18,93,31.8
1999-11-19,76,22.5
1999-11-20,92,31.3
1999-11-21,61,14.7
1999-11-22,63,15.5
1999-11-23,66,17.3
1999-11-24,62,15.0
1999-11-25,23,4.1
1999-11-26,59,13.6
1999-11-27,57,12.4
1999-11-28,69,18.6
1999-11-29,67,17.9
1999-11-30,41,7.3
1999-12-01,63,15.5
1999-12-02,82,25.5
1999-12-03,71,20.0
1999-12-04,67,17.5
1999-12-05,55,11.4
1999-12-06,22,4.0
1999-12-07,67,17.6
1999-12-08,68,18.2
1999-12-09,87,28.4
1999-12-10,58,12.8
1999-12-11,57,12.4
1999-12-12,58,13.0
1999-12-15,59,13.6
1999-12-16,51,9.3
1999-12-17,72,20.6
1999-12-18,63,15.6
1999-12-19,43,7.8
1999-12-20,55,11.1
1999-12-21,60,13.8
1999-12-23,58,12.9
1999-12-24,55,11.3
1999-12-25,61,14.4
1999-12-26,58,12.8
1999-12-27,41,7.3
1999-12-28,59,13.6
1999-12-29,56,11.6
1999-12-30,79,24.1
1999-12-31,82,25.8
2000-01-01,75,22.0
2000-01-02,56,12.0
2000-01-03,33,6.0
2000-01-04,36,6.5
2000-01-05,50,9.0
2000-01-06,59,13.6
2000-01-07,64,16.2
2000-01-08,62,14.9
2000-01-09,22,4.0
2000-01-10,39,7.0
2000-01-11,57,12.2
2000-01-12,69,18.7
2000-01-13,52,9.8
2000-01-14,52,9.4
2000-01-15,65,16.8
2000-01-16,63,15.7
2000-01-17,61,14.4
2000-01-18,65,16.5
2000-01-19,64,16.3
2000-01-20,46,8.2
2000-01-21,52,9.5
2000-01-22,58,12.9
2000-01-23,104,36.7
2000-01-24,80,24.4
2000-01-25,62,15.0
2000-01-26,53,10.2
2000-01-27,62,15.0
2000-01-28,53,10.2
2000-01-29,33,6.0
2000-01-30,61,14.4
2000-01-31,65,16.4
2000-02-01,75,22.0
2000-02-05,60,14.1
2000-02-06,67,17.8
2000-02-07,80,24.4
2000-02-09,93,31.9
2000-02-10,64,16.0
2000-02-11,77,23.2
2000-02-13,52,9.6
2000-02-14,57,12.2
2000-02-15,57,12.4
2000-02-16,71,20.0
2000-02-18,83,26.2
2000-02-19,58,12.7
2000-02-20,58,13.0
2000-02-21,59,13.6
2000-02-22,74,21.6
2000-02-23,87,28.2
2000-02-24,72,20.5
2000-02-25,65,16.8
2000-02-26,58,13.1
2000-02-27,52,9.6
2000-02-28,49,8.8
2000-02-29,64,15.9
2000-03-02,54,10.6
2000-03-03,67,17.7
2000-03-04,70,19.4
2000-03-05,63,15.4
2000-03-10,95,32.7
2000-03-14,70,19.1
2000-03-15,72,20.6
2000-03-16,52,9.7
2000-03-18,52,9.4
2000-03-19,54,10.8
2000-03-20,46,8.3
2000-03-21,59,13.5
2000-03-24,46,8.3
2000-03-25,89,29.4
2000-03-26,62,15.1
2000-03-31,75,22.1
2000-04-01,76,22.6
2000-04-02,54,10.6
2000-04-03,51,9.3
2000-04-04,35,6.3
2000-04-06,62,15.2
2000-04-08,57,12.4
2000-04-09,47,8.5
2000-04-10,65,16.5
2000-04-11,70,19.2
2000-04-12,71,19.7
2000-04-13,74,21.7
2000-04-14,66,17.0
2000-04-15,53,10.0
2000-04-16,67,17.8
2000-04-17,58,13.0
2000-04-18,58,13.0
2000-04-19,80,24.4
2000-04-20,53,10.1
2000-04-21,49,8.9
2000-04-22,71,20.0
2000-04-23,60,14.0
2000-04-24,64,16.1
2000-04-28,60,14.1
2000-04-29,69,18.9
2000-04-30,71,20.1
2000-05-01,77,22.9
2000-05-02,81,25.4
2000-05-03,88,28.9
2000-05-06,64,15.9
2000-05-09,64,16.3
2000-05-10,64,16.2
2000-05-11,73,21.0
2000-05-13,64,16.0
2000-05-14,58,12.8
2000-05-15,59,13.6
2000-05-17,84,26.7
2000-05-19,52,9.7
2000-05-20,68,18.1
2000-05-22,61,14.3
2000-05-23,66,17.1
2000-05-24,66,17.2
2000-05-25,64,16.1
2000-05-26,70,19.5
2000-05-27,70,19.3
2000-05-28,55,11.4
2000-05-29,58,12.6
2000-05-31,63,15.8
2000-06-01,83,26.4
2000-06-02,83,26.5
2000-06-03,29,5.3
2000-06-04,78,23.8
2000-06-06,62,15.0
2000-06-07,57,12.1
2000-06-08,69,18.5
2000-06-09,69,18.9
2000-06-10,71,19.6
2000-06-12,69,18.5
2000-06-13,55,11.3
2000-06-14,62,15.1
2000-06-15,56,11.9
2000-06-16,36,6.5
2000-06-17,38,6.9
2000-06-18,57,12.5
2000-06-19,60,13.8
2000-06-20,65,16.7
2000-06-22,59,13.3
2000-06-23,61,14.4
2000-06-25,68,18.4
2000-06-26,59,13.3
2000-06-27,53,10.3
2000-06-28,57,12.1
2000-06-29,63,15.3
2000-06-30,78,23.4
2000-07-01,76,22.5
2000-07-02,0,0.0
2000-07-03,96,33.1
2000-07-04,104,36.6
2000-07-05,3,0.6
2000-07-06,1,0.1
2000-07-07,73,21.0
2000-07-08,78,23.6
2000-07-11,96,33.3
2000-07-12,81,25.2
2000-07-13,82,25.7
2000-07-14,88,29.2
2000-07-15,69,18.6
2000-07-16,66,17.3
2000-07-17,61,14.5
2000-07-18,76,22.7
2000-07-19,86,27.9
2000-07-20,68,18.2
2000-07-21,66,17.3
2000-07-22,86,27.7
2000-07-23,70,19.2
2000-07-24,64,16.0
2000-07-25,63,15.7
2000-07-26,81,25.4
2000-07-28,81,25.1
2000-07-29,70,19.1
2000-07-30,63,15.6
2000-07-31,52,9.8
2000-08-01,40,7.2
2000-08-02,49,8.9
2000-08-03,58,12.8
2000-08-05,82,25.7
2000-08-06,87,28.6
2000-08-07,72,20.3
2000-08-08,68,18.4
2000-08-09,70,19.3
2000-08-10,67,17.7
2000-08-11,74,21.2
2000-08-13,67,17.8
2000-08-14,76,22.5
2000-08-15,77,22.9
2000-08-16,77,22.8
2000-08-17,110,39.1
2000-08-18,95,32.7
2000-08-19,78,23.5
2000-08-21,80,24.6
2000-08-22,80,24.8
2000-08-23,87,28.3
2000-08-26,80,24.9
2000-08-30,74,21.2
2000-08-31,11,1.9
2000-09-01,61,14.7
2000-09-02,52,9.9
2000-09-03,55,11.4
2000-09-04,22,4.0
2000-09-05,66,17.3
2000-09-06,6,1.0
2000-09-07,51,9.2
2000-09-08,53,10.0
2000-09-09,55,11.2
2000-09-10,48,8.7
2000-09-11,53,10.2
2000-09-14,84,26.7
2000-09-15,67,17.8
2000-09-17,54,10.6
2000-09-18,54,10.7
2000-09-19,65,16.7
2000-09-20,58,13.0
2000-09-21,49,8.8
2000-09-22,33,5.9
2000-09-23,55,11.5
2000-09-25,56,11.6
2000-09-26,40,7.2
2000-09-27,56,12.0
2000-09-28,67,17.6
2000-09-29,68,18.1
2000-09-30,68,18.3
2000-10-01,74,21.2
2000-10-02,65,16.6
2000-10-03,88,29.1
2000-10-04,87,28.3
2000-10-05,82,25.5
2000-10-06,70,19.2
2000-10-07,54,10.7
2000-10-08,38,6.8
2000-10-09,23,4.2
2000-10-17,96,33.0
2000-10-18,98,34.1
2000-10-19,75,21.8
2000-10-21,88,29.2
2000-10-22,87,28.4
2000-10-23,111,39.7
2000-10-24,96,33.4
2000-10-25,111,39.5
2000-10-26,99,35.0
2000-10-27,122,44.1
2000-10-29,76,22.4
2000-10-30,86,28.1
2000-10-31,98,34.2
2000-11-01,92,31.1
2000-11-02,110,39.0
2000-11-03,123,44.6
2000-11-04,129,46.7
2000-11-05,164,73.6
2000-11-06,81,25.3
2000-11-07,88,28.9
2000-11-08,90,29.9
2000-11-09,51,9.1
2000-11-10,31,5.5
2000-11-11,59,13.5
2000-11-13,77,23.1
2000-11-14,44,8.0
2000-11-15,57,12.1
2000-11-16,68,18.0
2000-11-17,54,10.6
2000-11-19,62,15.0
2000-11-20,51,9.2
2000-11-21,33,6.0
2000-11-22,55,11.3
2000-11-23,64,15.9
2000-11-24,71,19.7
2000-11-25,49,8.9
2000-11-30,52,9.6
2000-12-01,69,18.7
2000-12-02,71,19.7
2000-12-03,60,14.0
2000-12-04,68,18.1
2000-12-05,72,20.3
2000-12-06,72,20.5
2000-12-07,68,18.2
2000-12-09,73,20.8
2000-12-10,88,28.9
2000-12-11,82,25.6
2000-12-12,33,6.0
2000-12-13,54,10.6
2000-12-14,58,13.0
2000-12-15,63,15.3
2000-12-16,57,12.5
2000-12-17,39,7.0
2000-12-18,56,11.7
2000-12-21,63,15.7
2000-12-22,28,5.1
2000-12-23,57,12.3
2000-12-24,69,18.5
2000-12-25,52,9.7
2000-12-26,49,8.9
2000-12-27,44,7.9
2000-12-30,55,11.0
2000-12-31,55,11.3
2001-01-01,59,13.6
2001-01-02,62,15.0
2001-01-03,68,18.4
2001-01-05,76,22.3
2001-01-06,54,10.5
2001-01-07,71,20.1
2001-01-08,65,16.7
2001-01-09,54,10.6
2001-01-10,72,20.3
2001-01-11,105,37.0
2001-01-12,72,20.3
2001-01-13,72,20.2
2001-01-14,63,15.3
2001-01-16,59,13.3
2001-01-17,72,20.2
2001-01-18,77,23.0
2001-01-19,43,7.7
2001-01-20,41,7.3
2001-01-21,58,12.8
2001-01-22,69,18.6
2001-01-23,74,21.3
2001-01-25,62,14.9
2001-01-26,63,15.7
2001-01-28,65,16.8
2001-01-30,12,2.2
2001-01-31,34,6.2
2001-02-02,57,12.3
2001-02-04,64,15.9
2001-02-05,62,15.0
2001-02-06,65,16.4
2001-02-07,81,25.2
2001-02-08,84,27.0
2001-02-09,67,17.9
2001-02-10,29,5.3
2001-02-11,53,10.4
2001-02-12,54,10.8
2001-02-13,62,15.1
2001-02-14,53,10.0
2001-02-15,44,7.9
2001-02-16,33,6.0
2001-02-17,51,9.1
2001-02-18,52,9.7
2001-02-19,61,14.4
2001-02-20,79,24.0
2001-02-21,86,27.7
2001-02-22,94,32.2
2001-02-23,42,7.6
2001-02-24,76,22.7
2001-02-25,38,6.9
2001-02-26,64,16.3
2001-02-28,60,13.9
2001-03-01,57,12.4
2001-03-02,60,14.1
2001-03-03,28,5.1
2001-03-04,17,3.0
2001-03-06,34,6.2
2001-03-07,118,42.5
2001-03-08,79,23.9
2001-03-09,62,14.9
2001-03-10,65,16.7
2001-03-11,68,18.2
2001-03-12,58,12.6
2001-03-13,32,5.8
2001-03-14,39,7.1
2001-03-15,34,6.2
2001-03-17,54,10.7
2001-03-18,73,20.9
2001-03-19,58,12.6
2001-03-20,34,6.1
2001-03-21,43,7.8
2001-03-22,58,12.6
2001-03-23,63,15.3
2001-03-24,76,22.5
2001-03-25,57,12.3
2001-03-26,54,10.6
2001-03-27,62,15.0
2001-03-28,73,21.1
2001-03-29,53,10.1
2001-03-30,61,14.3
2001-03-31,55,11.0
2001-04-01,38,6.8
2001-04-02,53,10.2
2001-04-03,55,11.2
2001-04-04,62,14.8
2001-04-06,74,21.2
2001-04-07,63,15.6
2001-04-08,58,12.6
2001-04-09,66,17.3
2001-04-10,76,22.4
2001-04-13,59,13.2
2001-04-14,65,16.6
2001-04-15,56,11.8
2001-04-16,52,9.9
2001-04-17,42,7.6
2001-04-18,58,12.6
2001-04-19,66,16.9
2001-04-21,72,20.6
2001-04-22,66,17.1
2001-04-23,60,13.9
2001-04-24,60,14.1
2001-04-25,57,12.2
2001-04-26,63,15.6
2001-04-27,80,24.4
2001-04-28,73,21.1
2001-04-29,78,23.7
2001-04-30,74,21.2
2001-05-01,82,25.9
2001-05-02,69,18.8
2001-05-03,56,11.7
2001-05-04,57,12.1
2001-05-05,72,20.4
2001-05-06,87,28.2
2001-05-07,57,12.4
2001-05-08,54,10.6
2001-05-09,66,17.3
2001-05-10,69,18.9
2001-05-11,62,14.9
2001-05-13,58,12.8
2001-05-14,55,11.4
2001-05-15,65,16.4
2001-05-16,74,21.6
2001-05-17,84,26.6
2001-05-18,80,24.5
2001-05-19,69,18.7
2001-05-20,58,12.8
2001-05-21,65,16.8
2001-05-24,55,11.2
2001-05-25,54,10.7
2001-05-26,59,13.4
2001-05-27,64,16.1
2001-05-28,67,17.6
2001-05-29,55,11.4
2001-05-30,76,22.5
2001-05-31,85,27.4
2001-06-01,46,8.2
2001-06-03,66,17.2
2001-06-06,63,15.6
2001-06-07,69,18.6
2001-06-08,57,12.1
2001-06-09,74,21.3
2001-06-10,95,32.6
2001-06-11,55,11.4
2001-06-12,47,8.5
2001-06-14,59,13.3
2001-06-15,61,14.2
2001-06-16,123,44.6
2001-06-17,55,11.2
2001-06-18,123,44.4
2001-06-20,74,21.7
2001-06-23,62,14.9
2001-06-24,72,20.6
2001-06-25,159,67.5
2001-06-27,98,34.3
2001-06-28,47,8.5
2001-06-29,61,14.7
2001-06-30,34,6.2
2001-07-01,52,9.9
2001-07-02,67,17.8
2001-07-03,59,13.5
2001-07-04,52,9.5
2001-07-05,48,8.7
2001-07-06,60,13.8
2001-07-07,83,26.1
2001-07-08,91,30.6
2001-07-09,80,24.5
2001-07-10,83,26.1
2001-07-12,108,38.5
2001-07-13,86,27.7
2001-07-14,86,27.9
2001-07-16,92,31.2
2001-07-17,86,28.1
2001-07-18,93,31.6
2001-07-19,100,35.3
2001-07-20,84,26.8
2001-07-21,76,22.4
2001-07-22,71,20.1
2001-07-23,67,17.7
2001-07-24,40,7.2
2001-07-25,49,8.9
2001-07-26,51,9.2
2001-07-27,58,12.8
2001-07-28,55,11.3
2001-07-29,55,11.4
2001-07-31,60,13.8
2001-08-01,62,14.9
2001-08-02,78,23.5
2001-08-03,81,25.0
2001-08-04,85,27.4
2001-08-05,70,19.1
2001-08-07,59,13.4
2001-08-08,80,24.4
2001-08-09,89,29.3
2001-08-10,61,14.7
2001-08-11,58,12.9
2001-08-12,52,9.5
2001-08-13,65,16.8
2001-08-14,74,21.5
2001-08-16,68,18.4
2001-08-17,82,25.5
2001-08-18,80,24.9
2001-08-22,77,23.3
2001-08-25,80,24.4
2001-08-26,90,29.8
2001-08-27,81,25.1
2001-08-28,80,24.5
2001-08-29,77,23.0
2001-08-30,61,14.3
2001-09-03,36,6.4
2001-09-04,54,10.7
2001-09-06,70,19.3
2001-09-07,75,21.9
2001-09-08,59,13.3
2001-09-09,51,9.3
2001-09-13,81,25.4
2001-09-14,92,31.2
2001-09-16,57,12.2
2001-09-17,59,13.5
2001-09-18,81,25.1
2001-09-20,69,18.9
2001-09-22,66,17.4
2001-09-23,63,15.5
2001-09-24,59,13.5
2001-09-25,35,6.3
2001-09-26,49,8.9
2001-09-28,62,15.0
2001-09-29,53,10.2
2001-09-30,56,11.6
2001-10-01,61,14.7
2001-10-02,69,18.5
2001-10-03,80,24.9
2001-10-04,88,28.9
2001-10-06,38,6.9
2001-10-07,151,56.2
2001-10-08,51,9.3
2001-10-09,54,10.7
2001-10-10,46,8.3
2001-10-11,34,6.2
2001-10-13,29,5.2
2001-10-14,28,5.0
2001-10-15,48,8.7
2001-10-16,50,9.0
2001-10-17,36,6.4
2001-10-20,74,21.2
2001-10-21,72,20.3
2001-10-22,69,19.0
2001-10-23,69,18.7
2001-10-24,68,18.0
2001-10-25,26,4.6
2001-10-26,25,4.5
2001-10-27,36,6.5
2001-10-28,57,12.2
2001-10-29,68,18.3
2001-10-31,69,18.6
2001-11-01,64,16.3
2001-11-02,63,15.4
2001-11-03,69,18.9
2001-11-04,56,11.9
2001-11-05,61,14.2
2001-11-06,68,18.0
2001-11-07,93,31.8
2001-11-08,101,35.7
2001-11-09,86,27.9
2001-11-10,79,24.0
2001-11-11,66,17.2
2001-11-12,66,17.2
2001-11-13,55,11.2
2001-11-14,65,16.6
2001-11-15,74,21.6
2001-11-16,123,44.6
2001-11-17,123,44.4
2001-11-18,99,34.8
2001-11-19,94,32.3
2001-11-20,65,16.4
2001-11-21,53,10.0
2001-11-22,73,20.8
2001-11-23,65,16.8
2001-11-24,59,13.4
2001-11-25,54,10.7
2001-11-26,67,17.6
2001-11-27,58,13.0
2001-11-28,58,12.6
2001-11-29,44,7.9
2001-11-30,47,8.5
2001-12-01,60,13.7
2001-12-02,70,19.1
2001-12-03,67,17.6
2001-12-04,72,20.2
2001-12-05,72,20.4
2001-12-06,68,18.0
2001-12-07,69,18.5
2001-12-08,66,17.3
2001-12-09,54,10.6
2001-12-10,53,10.1
2001-12-11,55,11.4
2001-12-12,57,12.4
2001-12-13,32,5.7
2001-12-14,44,8.0
2001-12-15,47,8.4
2001-12-16,51,9.3
2001-12-17,52,9.9
2001-12-18,44,8.0
2001-12-19,58,12.9
2001-12-20,41,7.3
2001-12-21,51,9.1
2001-12-23,52,9.9
2001-12-24,24,4.3
2001-12-25,36,6.4
2001-12-26,47,8.4
2001-12-27,55,11.3
2001-12-29,50,9.0
2001-12-30,48,8.6
2001-12-31,53,10.2
2002-01-01,61,14.5
2002-01-02,67,17.7
2002-01-03,62,14.9
2002-01-04,71,19.8
2002-01-05,77,22.8
2002-01-06,53,10.3
2002-01-07,47,8.4
2002-01-08,53,10.3
2002-01-09,63,15.3
2002-01-10,59,13.6
2002-01-11,47,8.4
2002-01-12,66,17.3
2002-01-13,56,11.8
2002-01-15,57,12.2
2002-01-17,74,21.5
2002-01-18,81,25.4
2002-01-19,56,11.6
2002-01-20,48,8.6
2002-01-21,52,9.7
2002-01-22,57,12.2
2002-01-23,55,11.5
2002-01-24,32,5.7
2002-01-25,34,6.2
2002-01-26,41,7.4
2002-01-27,62,15.0
2002-01-28,66,17.1
2002-01-29,56,12.0
2002-01-30,58,12.8
2002-01-31,58,13.1
2002-02-01,36,6.4
2002-02-02,45,8.1
2002-02-03,68,18.2
2002-02-04,34,6.2
2002-02-05,47,8.4
2002-02-06,56,12.0
2002-02-07,42,7.5
2002-02-08,63,15.4
2002-02-09,65,16.4
2002-02-10,56,12.0
2002-02-11,47,8.5
2002-02-12,56,11.8
2002-02-13,51,9.3
2002-02-15,85,27.1
2002-02-16,65,16.4
2002-02-17,36,6.5
2002-02-18,43,7.7
2002-02-19,63,15.4
2002-02-20,55,11.5
2002-02-22,62,14.8
2002-02-23,61,14.4
2002-02-24,71,20.0
2002-02-25,85,27.6
2002-02-27,37,6.7
2002-02-28,57,12.1
2002-03-01,85,27.5
2002-03-02,46,8.3
2002-03-03,52,9.9
2002-03-04,39,7.1
2002-03-06,74,21.3
2002-03-07,70,19.2
2002-03-08,65,16.6
2002-03-09,47,8.4
2002-03-11,44,8.0
2002-03-12,63,15.3
2002-03-13,55,11.3
2002-03-14,61,14.5
2002-03-15,59,13.6
2002-03-16,57,12.3
2002-03-17,58,12.8
2002-03-18,59,13.6
2002-03-19,74,21.4
2002-03-20,55,11.1
2002-03-21,50,9.0
2002-03-22,42,7.6
2002-03-23,53,10.2
2002-03-24,64,16.3
2002-03-25,67,17.8
2002-03-26,61,14.2
2002-03-27,37,6.7
2002-03-28,63,15.3
2002-03-29,70,19.1
2002-03-30,40,7.2
2002-03-31,52,9.7
2002-04-01,46,8.3
2002-04-02,63,15.6
2002-04-04,53,10.2
2002-04-05,54,10.9
2002-04-06,60,14.1
2002-04-07,64,15.9
2002-04-08,60,13.7
2002-04-10,57,12.1
2002-04-11,44,7.9
2002-04-12,39,7.0
2002-04-13,29,5.3
2002-04-14,37,6.7
2002-04-15,53,10.4
2002-04-16,54,10.7
2002-04-17,62,15.2
2002-04-18,78,23.7
2002-04-19,74,21.4
2002-04-20,69,19.0
2002-04-21,66,17.2
2002-04-22,55,11.4
2002-04-23,46,8.3
2002-04-25,57,12.3
2002-04-26,43,7.7
2002-04-27,63,15.6
2002-04-28,63,15.8
2002-04-29,53,10.3
2002-05-01,57,12.3
2002-05-02,72,20.6
2002-05-03,79,23.9
2002-05-04,35,6.3
2002-05-05,39,7.0
2002-05-06,56,12.0
2002-05-07,79,24.1
2002-05-08,71,19.8
2002-05-09,61,14.6
2002-05-10,62,15.1
2002-05-14,54,10.5
2002-05-15,59,13.3
2002-05-16,64,16.1
2002-05-17,57,12.5
2002-05-18,76,22.5
2002-05-19,52,9.7
2002-05-20,55,11.1
2002-05-21,59,13.6
2002-05-22,67,17.6
2002-05-23,68,18.0
2002-05-24,71,19.8
2002-05-25,80,24.6
2002-05-26,88,29.1
2002-05-27,70,19.5
2002-05-28,59,13.6
2002-05-29,59,13.4
2002-05-30,51,9.3
2002-05-31,59,13.4
2002-06-01,82,25.9
2002-06-02,81,25.4
2002-06-03,82,25.9
2002-06-04,91,30.4
2002-06-05,79,23.9
2002-06-06,60,14.1
2002-06-07,71,19.6
2002-06-08,55,11.3
2002-06-09,49,8.8
2002-06-10,56,11.6
2002-06-11,63,15.7
2002-06-13,96,33.4
2002-06-14,62,15.1
2002-06-15,54,10.7
2002-06-16,66,16.9
2002-06-17,71,19.9
2002-06-18,78,23.6
2002-06-19,79,24.1
2002-06-20,66,16.9
2002-06-21,60,13.8
2002-06-22,49,8.9
2002-06-23,32,5.7
2002-06-24,37,6.6
2002-06-25,51,9.2
2002-06-27,52,9.6
2002-06-28,47,8.5
2002-06-29,64,16.3
2002-06-30,72,20.5
2002-07-01,77,22.8
2002-07-02,93,31.6
2002-07-03,84,26.8
2002-07-04,86,27.9
2002-07-05,104,36.9
2002-07-06,98,34.1
2002-07-07,84,26.6
2002-07-08,77,22.9
2002-07-09,61,14.5
2002-07-10,61,14.4
2002-07-11,68,18.4
2002-07-12,84,26.6
2002-07-13,69,18.7
2002-07-14,55,11.2
2002-07-15,55,11.4
2002-07-16,71,19.6
2002-07-17,73,21.1
2002-07-18,62,15.0
2002-07-19,59,13.3
2002-07-20,65,16.7
2002-07-21,67,17.6
2002-07-22,71,19.6
2002-07-23,73,21.0
2002-07-24,66,17.3
2002-07-25,63,15.4
2002-07-27,61,14.4
2002-07-28,56,11.8
2002-07-29,58,12.7
2002-07-30,67,17.5
2002-07-31,61,14.4
2002-08-01,80,24.9
2002-08-02,85,27.4
2002-08-03,69,18.6
2002-08-04,59,13.3
2002-08-05,74,21.4
2002-08-06,103,36.4
2002-08-07,71,19.8
2002-08-08,77,22.8
2002-08-09,81,25.2
2002-08-10,77,22.8
2002-08-11,76,22.7
2002-08-12,80,24.5
2002-08-13,70,19.5
2002-08-15,55,11.2
2002-08-16,45,8.1
2002-08-17,61,14.6
2002-08-18,60,13.8
2002-08-19,56,12.0
2002-08-20,65,16.8
2002-08-21,77,23.2
2002-08-22,67,17.6
2002-08-23,76,22.5
2002-08-24,67,17.8
2002-08-27,61,14.4
2002-08-28,67,17.6
2002-08-29,65,16.4
2002-08-30,58,12.6
2002-08-31,41,7.4
2002-09-01,32,5.7
2002-09-02,49,8.8
2002-09-04,73,21.1
2002-09-05,82,25.5
2002-09-06,82,25.9
2002-09-07,82,25.5
2002-09-08,67,17.6
2002-09-09,67,17.9
2002-09-10,82,26.0
2002-09-11,108,38.4
2002-09-12,74,21.2
2002-09-13,63,15.3
2002-09-14,33,6.0
2002-09-15,41,7.3
2002-09-16,77,23.1
2002-09-17,88,29.1
2002-09-19,77,23.3
2002-09-20,63,15.3
2002-09-22,53,10.1
2002-09-23,62,15.2
2002-09-24,88,29.1
2002-09-25,72,20.6
2002-09-26,48,8.7
2002-09-27,25,4.5
2002-09-28,52,9.7
2002-09-29,66,17.2
2002-09-30,65,16.6
2002-10-01,63,15.5
2002-10-02,68,18.2
2002-10-03,66,17.2
2002-10-04,54,10.7
2002-10-05,64,16.3
2002-10-06,74,21.2
2002-10-07,55,11.4
2002-10-08,73,21.0
2002-10-09,75,21.8
2002-10-11,79,24.2
2002-10-12,76,22.3
2002-10-13,55,11.1
2002-10-15,33,6.0
2002-10-16,54,10.5
2002-10-17,62,15.2
2002-10-18,65,16.6
2002-10-19,67,17.6
2002-10-20,65,16.7
2002-10-21,56,11.6
2002-10-22,67,17.8
2002-10-23,68,18.0
2002-10-30,42,7.5
2002-10-31,45,8.1
2002-11-01,56,11.9
2002-11-02,52,9.5
2002-11-03,53,10.0
2002-11-04,60,13.7
2002-11-05,46,8.3
2002-11-06,42,7.5
2002-11-07,60,13.8
2002-11-08,69,18.8
2002-11-09,70,19.2
2002-11-10,52,9.6
2002-11-11,37,6.7
2002-11-12,48,8.7
2002-11-13,54,10.5
2002-11-14,61,14.2
2002-11-15,67,17.7
2002-11-16,53,10.1
2002-11-17,51,9.3
2002-11-18,66,16.9
2002-11-19,76,22.5
2002-11-20,86,27.8
2002-11-22,40,7.2
2002-11-23,54,10.9
2002-11-24,67,17.9
2002-11-26,80,24.8
2002-11-27,55,11.5
2002-11-28,59,13.3
2002-11-30,43,7.8
2002-12-01,55,11.5
2002-12-02,63,15.4
2002-12-03,73,20.8
2002-12-04,61,14.5
2002-12-05,44,8.0
2002-12-06,53,10.0
2002-12-07,73,21.1
2002-12-08,85,27.2
2002-12-09,64,16.3
2002-12-10,67,17.9
2002-12-11,48,8.6
2002-12-12,73,20.7
2002-12-13,28,5.0
2002-12-14,53,10.4
2002-12-15,61,14.3
2002-12-16,68,18.0
2002-12-18,56,11.7
2002-12-19,61,14.4
2002-12-20,26,4.6
2002-12-21,39,7.1
2002-12-24,45,8.1
2002-12-25,31,5.6
2002-12-26,58,13.1
2002-12-27,106,37.4
2002-12-28,55,11.5
2002-12-29,60,14.0
2002-12-30,71,19.7
2002-12-31,56,11.7
2003-01-01,24,4.3
2003-01-02,29,5.2
2003-01-03,42,7.5
2003-01-04,55,11.0
2003-01-09,59,13.5
2003-01-12,45,8.1
2003-01-13,60,14.0
2003-01-14,58,13.0
2003-01-15,55,11.0
2003-01-16,66,17.0
2003-01-17,48,8.7
2003-01-18,57,12.5
2003-01-20,58,12.8
2003-01-21,60,13.7
2003-01-22,66,17.2
2003-01-23,53,10.1
2003-01-24,57,12.1
2003-01-25,54,10.9
2003-01-26,59,13.5
2003-01-27,61,14.3
2003-01-28,70,19.3
2003-01-29,65,16.6
2003-01-30,58,12.7
2003-01-31,58,12.9
2003-02-01,53,10.0
2003-02-02,59,13.4
2003-02-03,55,11.1
2003-02-04,28,5.1
2003-02-05,39,7.1
2003-02-06,55,11.4
2003-02-07,52,9.9
2003-02-08,55,11.0
2003-02-09,49,8.8
2003-02-10,42,7.5
2003-02-11,55,11.1
2003-02-12,39,7.0
2003-02-13,39,7.1
2003-02-14,68,18.0
2003-02-15,62,14.8
2003-02-16,37,6.7
2003-02-17,54,10.7
2003-02-19,78,23.8
2003-02-20,71,19.8
2003-02-21,87,28.3
2003-02-22,39,7.0
2003-02-23,36,6.4
2003-02-24,58,12.7
2003-02-25,64,16.1
2003-02-26,70,19.2
2003-02-27,42,7.5
2003-02-28,59,13.3
2003-03-01,54,10.5
2003-03-02,54,10.5
2003-03-04,61,14.4
2003-03-05,48,8.7
2003-03-06,37,6.7
2003-03-07,54,10.7
2003-03-08,54,10.7
2003-03-09,58,12.8
2003-03-10,53,10.3
2003-03-11,65,16.7
2003-03-12,75,22.0
2003-03-13,69,18.8
2003-03-14,62,15.2
2003-03-15,76,22.7
2003-03-16,52,9.4
2003-03-17,36,6.4
2003-03-18,34,6.2
2003-03-21,45,8.1
2003-03-22,64,16.0
2003-03-24,60,14.0
2003-03-25,70,19.4
2003-03-26,77,22.8
2003-03-27,62,15.1
2003-03-28,64,16.1
2003-03-29,60,13.9
2003-03-30,52,9.4
2003-03-31,45,8.1
2003-04-02,57,12.1
2003-04-03,66,16.9
2003-04-04,59,13.3
2003-04-05,56,11.9
2003-04-06,65,16.8
2003-04-07,56,11.8
2003-04-08,58,12.6
2003-04-09,37,6.7
2003-04-10,28,5.0
2003-04-11,55,11.1
2003-04-12,65,16.4
2003-04-13,65,16.8
2003-04-14,69,18.6
2003-04-16,64,16.2
2003-04-17,65,16.5
2003-04-18,64,16.0
2003-04-19,53,10.3
2003-04-20,63,15.8
2003-04-21,61,14.6
2003-04-23,56,11.9
2003-04-24,69,18.6
2003-04-25,52,9.8
2003-04-26,55,11.1
2003-04-27,67,17.6
2003-04-28,70,19.3
2003-04-29,94,32.4
2003-04-30,99,35.0
2003-05-01,63,15.7
2003-05-02,60,13.8
2003-05-03,57,12.3
2003-05-04,70,19.2
2003-05-07,59,13.5
2003-05-08,64,16.1
2003-05-09,59,13.6
2003-05-10,57,12.4
2003-05-11,55,11.1
2003-05-12,45,8.1
2003-05-13,55,11.3
2003-05-14,61,14.2
2003-05-15,62,14.9
2003-05-16,84,26.7
2003-05-17,77,23.0
2003-05-18,42,7.5
2003-05-19,52,9.8
2003-05-20,60,14.1
2003-05-21,54,10.8
2003-05-22,20,3.6
2003-05-23,48,8.6
2003-05-24,89,29.3
2003-05-25,95,32.5
2003-05-26,66,17.1
2003-05-27,70,19.5
2003-05-28,72,20.6
2003-05-30,59,13.5
2003-05-31,74,21.2
2003-06-01,63,15.7
2003-06-02,70,19.1
2003-06-03,56,11.7
2003-06-04,55,11.5
2003-06-05,71,20.0
2003-06-06,74,21.4
2003-06-07,19,3.5
2003-06-08,60,14.0
2003-06-09,66,17.1
2003-06-10,73,21.1
2003-06-11,63,15.7
2003-06-12,33,5.9
2003-06-13,28,5.0
2003-06-14,38,6.8
2003-06-15,65,16.6
2003-06-16,67,17.8
2003-06-17,55,11.0
2003-06-18,26,4.7
2003-06-19,58,12.6
2003-06-20,69,18.6
2003-06-21,59,13.3
2003-06-22,65,16.6
2003-06-23,81,25.1
2003-06-24,89,29.7
2003-06-25,100,35.3
2003-06-26,105,37.1
2003-06-27,86,28.0
2003-06-28,72,20.4
2003-06-29,76,22.7
2003-06-30,58,12.8
2003-07-01,34,6.2
2003-07-02,39,7.0
2003-07-03,75,21.9
2003-07-04,63,15.5
2003-07-05,33,6.0
2003-07-06,55,11.3
2003-07-07,65,16.6
2003-07-08,82,25.8
2003-07-09,63,15.4
2003-07-10,56,11.8
2003-07-11,53,10.3
2003-07-12,68,18.1
2003-07-13,58,12.8
2003-07-14,57,12.1
2003-07-15,71,19.9
2003-07-16,71,19.9
2003-07-17,88,28.9
2003-07-18,110,39.0
2003-07-19,85,27.3
2003-07-20,87,28.4
2003-07-21,67,17.6
2003-07-22,56,11.9
2003-07-23,62,14.9
2003-07-24,67,17.9
2003-07-25,77,22.9
2003-07-26,55,11.0
2003-07-27,66,17.0
2003-07-28,80,24.4
2003-07-29,76,22.7
2003-07-30,69,18.8
2003-07-31,63,15.3
2003-08-01,61,14.3
2003-08-02,70,19.3
2003-08-03,57,12.5
2003-08-06,53,10.4
2003-08-07,70,19.1
2003-08-08,72,20.4
2003-08-09,73,21.0
2003-08-10,84,26.8
2003-08-11,88,29.2
2003-08-13,66,17.0
2003-08-14,58,12.6
2003-08-15,68,18.3
2003-08-16,74,21.7
2003-08-17,82,26.0
2003-08-18,98,34.3
2003-08-19,104,36.8
2003-08-20,90,30.0
2003-08-21,81,25.1
2003-08-22,64,16.3
2003-08-29,55,11.3
2003-08-30,53,10.3
2003-08-31,55,11.4
2003-09-01,69,18.6
2003-09-02,65,16.6
2003-09-03,48,8.7
2003-09-04,58,12.8
2003-09-05,73,20.7
2003-09-06,76,22.7
2003-09-07,77,23.3
2003-09-08,87,28.5
2003-09-09,88,29.1
2003-09-10,78,23.8
2003-09-11,72,20.6
2003-09-12,66,17.1
2003-09-13,65,16.8
2003-09-14,63,15.7
2003-09-15,58,13.1
2003-09-16,64,16.1
2003-09-17,63,15.6
2003-09-18,70,19.1
2003-09-19,88,29.0
2003-09-20,92,31.2
2003-09-21,76,22.7
2003-09-22,31,5.6
2003-09-24,69,18.6
2003-09-25,75,22.2
2003-09-26,86,28.0
2003-09-27,61,14.2
2003-09-28,42,7.6
2003-09-29,36,6.5
2003-09-30,56,11.8
2003-10-01,60,14.0
2003-10-02,52,9.6
2003-10-03,57,12.2
2003-10-04,73,21.1
2003-10-05,72,20.4
2003-10-06,74,21.7
2003-10-07,82,25.5
2003-10-08,60,13.8
2003-10-09,53,10.3
2003-10-10,63,15.7
2003-10-11,57,12.1
2003-10-12,62,14.9
2003-10-13,69,18.9
2003-10-14,68,18.4
2003-10-15,47,8.5
2003-10-16,61,14.4
2003-10-17,75,21.8
2003-10-18,71,20.0
2003-10-19,63,15.6
2003-10-20,68,18.1
2003-10-21,73,21.1
2003-10-22,58,13.1
2003-10-23,57,12.2
2003-10-24,66,17.4
2003-10-25,70,19.4
2003-10-26,62,15.0
2003-10-27,55,11.3
2003-10-28,58,13.1
2003-10-29,59,13.4
2003-10-30,70,19.4
2003-10-31,64,16.1
2003-11-01,67,17.8
2003-11-02,69,18.9
2003-11-03,69,18.9
2003-11-04,61,14.4
2003-11-05,52,9.8
2003-11-06,52,9.8
2003-11-07,60,14.0
2003-11-08,55,11.1
2003-11-09,56,12.0
2003-11-10,51,9.1
2003-11-11,58,12.7
2003-11-12,58,12.6
2003-11-13,25,4.5
2003-11-14,52,9.8
2003-11-15,66,17.2
2003-11-16,69,18.5
2003-11-17,62,14.9
2003-11-18,46,8.2
2003-11-19,33,5.9
2003-11-20,37,6.7
2003-11-29,35,6.3
2003-11-30,51,9.1
2003-12-01,39,7.1
2003-12-02,32,5.8
2003-12-03,51,9.3
2003-12-04,41,7.4
2003-12-05,38,6.8
2003-12-07,43,7.7
2003-12-08,60,13.7
2003-12-09,60,13.9
2003-12-10,28,5.0
2003-12-11,26,4.7
2003-12-12,43,7.8
2003-12-13,38,6.9
2003-12-14,19,3.5
2003-12-15,43,7.7
2003-12-17,43,7.8
2003-12-18,43,7.8
2003-12-19,33,6.0
2003-12-20,52,9.5
2003-12-21,71,19.6
2003-12-22,71,20.1
2003-12-23,66,16.9
2003-12-24,48,8.7
2003-12-25,16,2.9
2003-12-31,65,16.4
2004-01-01,75,21.8
2004-01-02,64,16.1
2004-01-03,64,16.0
2004-01-04,53,10.1
2004-01-05,36,6.4
2004-01-07,44,8.0
2004-01-08,77,22.9
2004-01-09,65,16.6
2004-01-10,67,17.6
2004-01-11,74,21.5
2004-01-12,66,16.9
2004-01-13,58,12.7
2004-01-14,68,18.4
2004-01-15,52,9.4
2004-01-16,53,10.0
2004-01-17,87,28.2
2004-01-18,48,8.7
2004-01-19,58,12.6
2004-01-20,62,15.2
2004-01-21,70,19.1
2004-01-22,59,13.5
2004-01-23,41,7.3
2004-01-24,74,21.2
2004-01-25,57,12.3
2004-01-26,64,16.0
2004-01-27,52,9.4
2004-01-29,59,13.6
2004-01-30,57,12.5
2004-01-31,53,10.0
2004-02-01,38,6.8
2004-02-02,57,12.1
2004-02-04,61,14.2
2004-02-05,74,21.2
2004-02-06,52,9.6
2004-02-07,52,9.7
2004-02-08,47,8.4
2004-02-09,59,13.6
2004-02-10,79,24.3
2004-02-11,56,11.8
2004-02-12,52,9.7
2004-02-13,56,12.0
2004-02-14,54,10.6
2004-02-15,17,3.1
2004-02-16,63,15.5
2004-02-17,65,16.5
2004-02-18,63,15.6
2004-02-19,68,18.1
2004-02-21,58,12.9
2004-02-22,62,14.8
2004-02-23,75,21.9
2004-02-24,88,28.8
2004-02-25,66,17.2
2004-02-26,44,8.0
2004-02-27,62,15.1
2004-02-28,63,15.5
2004-02-29,57,12.1
2004-03-01,54,10.9
2004-03-04,69,18.5
2004-03-05,61,14.3
2004-03-06,45,8.1
2004-03-08,23,4.2
2004-03-09,53,10.2
2004-03-10,59,13.5
2004-03-12,61,14.5
2004-03-13,53,10.2
2004-03-14,67,17.5
2004-03-15,77,23.3
2004-03-16,57,12.3
2004-03-17,46,8.2
2004-03-19,63,15.3
2004-03-20,70,19.1
2004-03-21,39,7.0
2004-03-22,44,7.9
2004-03-23,53,10.2
2004-03-25,68,18.0
2004-03-26,52,9.9
2004-03-27,52,9.7
2004-03-28,59,13.6
2004-03-29,78,23.4
2004-03-30,45,8.1
2004-03-31,40,7.2
2004-04-01,52,9.8
2004-04-02,56,11.7
2004-04-03,54,10.6
2004-04-04,33,6.0
2004-04-07,66,17.0
2004-04-08,62,15.1
2004-04-09,64,16.1
2004-04-10,70,19.3
2004-04-11,64,15.9
2004-04-12,72,20.6
2004-04-13,36,6.5
2004-04-14,49,8.8
2004-04-15,53,10.1
2004-04-17,68,18.1
2004-04-18,68,18.2
2004-04-19,65,16.8
2004-04-20,64,16.0
2004-04-21,55,11.2
2004-04-22,58,12.6
2004-04-23,62,15.1
2004-04-24,67,17.7
2004-04-25,66,17.0
2004-04-26,58,12.6
2004-04-27,55,11.1
2004-04-28,55,11.0
2004-04-29,64,16.0
2004-04-30,65,16.7
2004-05-02,33,5.9
2004-05-03,54,10.5
2004-05-05,69,18.8
2004-05-06,71,20.1
2004-05-07,69,18.7
2004-05-08,69,18.7
2004-05-09,77,23.1
2004-05-10,80,24.5
2004-05-11,71,19.8
2004-05-12,63,15.6
2004-05-13,63,15.3
2004-05-14,58,13.1
2004-05-15,53,10.1
2004-05-16,58,12.9
2004-05-18,56,11.6
2004-05-19,62,14.8
2004-05-20,75,21.9
2004-05-21,79,24.3
2004-05-22,78,23.6
2004-05-23,61,14.4
2004-05-24,67,17.9
2004-05-25,67,17.7
2004-05-26,65,16.7
2004-05-28,68,18.0
2004-05-29,66,16.9
2004-05-30,60,14.1
2004-05-31,42,7.6
2004-06-01,61,14.4
2004-06-02,80,24.6
2004-06-03,66,17.2
2004-06-04,65,16.7
2004-06-05,72,20.5
2004-06-06,97,33.8
2004-06-07,90,30.2
2004-06-08,62,15.1
2004-06-09,57,12.1
2004-06-10,69,18.9
2004-06-11,101,35.7
2004-06-12,89,29.6
2004-06-13,61,14.2
2004-06-14,63,15.6
2004-06-15,44,8.0
2004-06-16,54,10.6
2004-06-18,63,15.6
2004-06-19,68,18.2
2004-06-20,76,22.6
2004-06-21,68,18.2
2004-06-22,62,15.1
2004-06-23,52,9.5
2004-06-24,56,11.7
2004-06-25,48,8.7
2004-06-26,65,16.4
2004-06-27,59,13.2
2004-06-28,55,11.0
2004-06-29,62,14.8
2004-06-30,63,15.6
2004-07-01,69,19.0
2004-07-02,56,11.8
2004-07-03,56,12.0
2004-07-04,61,14.6
2004-07-05,66,17.1
2004-07-06,72,20.2
2004-07-07,54,10.5
2004-07-08,65,16.4
2004-07-09,79,24.0
2004-07-10,83,26.2
2004-07-11,70,19.1
2004-07-13,73,20.9
2004-07-15,60,13.8
2004-07-16,83,26.5
2004-07-17,85,27.6
2004-07-18,66,17.0
2004-07-19,84,26.9
2004-07-20,94,32.0
2004-07-21,113,40.5
2004-07-22,129,47.0
2004-07-23,72,20.6
2004-07-24,78,23.4
2004-07-25,82,25.5
2004-07-26,62,15.1
2004-07-27,77,23.2
2004-07-28,70,19.3
2004-07-29,71,19.7
2004-07-30,42,7.5
2004-07-31,52,9.8
2004-08-01,62,14.9
2004-08-02,65,16.8
2004-08-03,65,16.4
2004-08-04,97,33.7
2004-08-05,87,28.5
2004-08-06,64,16.2
2004-08-07,66,17.1
2004-08-08,65,16.8
2004-08-09,71,19.9
2004-08-10,74,21.3
2004-08-11,74,21.4
2004-08-12,59,13.4
2004-08-13,63,15.6
2004-08-14,68,18.1
2004-08-15,67,17.6
2004-08-16,63,15.6
2004-08-17,78,23.4
2004-08-18,100,35.4
2004-08-19,115,41.1
2004-08-20,90,29.9
2004-08-21,52,9.7
2004-08-22,67,17.9
2004-08-23,81,25.1
2004-08-24,82,25.5
2004-08-25,74,21.3
2004-08-26,80,24.5
2004-08-27,77,22.8
2004-08-28,76,22.5
2004-08-29,77,23.2
2004-08-30,77,23.1
2004-09-01,83,26.1
2004-09-02,56,11.9
2004-09-03,76,22.7
2004-09-04,76,22.7
2004-09-05,67,17.7
2004-09-06,46,8.2
2004-09-08,38,6.9
2004-09-09,57,12.4
2004-09-11,63,15.7
2004-09-12,63,15.5
2004-09-13,68,18.0
2004-09-14,61,14.7
2004-09-15,54,10.8
2004-09-16,47,8.4
2004-09-17,28,5.0
2004-09-18,44,8.0
2004-09-19,37,6.7
2004-09-20,39,7.0
2004-09-21,51,9.2
2004-09-22,57,12.2
2004-09-23,71,20.0
2004-09-24,85,27.1
2004-09-25,73,20.8
2004-09-26,61,14.5
2004-09-27,44,8.0
2004-09-28,77,22.9
2004-09-29,99,34.7
2004-09-30,95,32.7
2004-10-01,103,36.2
2004-10-02,119,42.7
2004-10-03,97,33.9
2004-10-04,59,13.2
2004-10-05,66,16.9
2004-10-06,82,25.5
2004-10-07,83,26.3
2004-10-08,61,14.3
2004-10-09,63,15.7
2004-10-10,54,10.9
2004-10-11,58,12.7
2004-10-12,57,12.1
2004-10-13,57,12.2
2004-10-14,59,13.6
2004-10-15,34,6.2
2004-10-16,51,9.2
2004-10-18,68,18.2
2004-10-19,38,6.8
2004-10-20,59,13.3
2004-10-21,72,20.5
2004-10-22,63,15.3
2004-10-23,62,14.8
2004-10-24,61,14.7
2004-10-26,70,19.3
2004-10-27,81,25.1
2004-10-28,87,28.5
2004-10-29,97,34.0
2004-10-31,70,19.4
2004-11-02,53,10.1
2004-11-03,42,7.5
2004-11-04,42,7.6
2004-11-05,44,7.9
2004-11-06,58,12.7
2004-11-07,60,14.1
2004-11-08,55,11.3
2004-11-09,55,11.2
2004-11-10,52,9.8
2004-11-11,62,15.0
2004-11-12,51,9.3
2004-11-13,31,5.6
2004-11-14,34,6.2
2004-11-15,56,11.7
2004-11-16,71,20.1
2004-11-17,76,22.7
2004-11-18,79,24.0
2004-11-19,82,25.7
2004-11-20,60,13.7
2004-11-21,55,11.0
2004-11-22,52,9.8
2004-11-23,32,5.8
2004-11-24,16,2.8
2004-11-25,27,4.8
2004-11-26,53,10.0
2004-11-27,56,11.8
2004-11-28,50,9.0
2004-11-29,53,10.1
2004-11-30,63,15.3
2004-12-01,28,5.0
2004-12-02,60,13.7
2004-12-03,56,12.0
2004-12-04,65,16.8
2004-12-05,81,25.1
2004-12-06,69,18.8
2004-12-07,54,10.9
2004-12-08,57,12.2
2004-12-09,49,8.8
2004-12-10,46,8.2
2004-12-11,19,3.5
2004-12-13,47,8.5
2004-12-14,44,8.0
2004-12-15,57,12.4
2004-12-16,85,27.1
2004-12-17,86,27.9
2004-12-18,78,23.4
2004-12-19,56,11.6
2004-12-20,56,11.8
2004-12-22,59,13.4
2004-12-23,41,7.4
2004-12-24,61,14.3
2004-12-25,66,17.4
2004-12-26,55,11.3
2004-12-28,72,20.3
2004-12-29,76,22.6
2004-12-30,80,24.4
2004-12-31,73,21.0
2005-01-01,72,20.3
2005-01-02,65,16.6
2005-01-03,62,15.1
2005-01-05,58,13.1
2005-01-06,37,6.6
2005-01-07,47,8.5
2005-01-08,43,7.7
2005-01-09,54,10.8
2005-01-10,69,18.7
2005-01-11,74,21.2
2005-01-12,57,12.5
2005-01-13,48,8.7
2005-01-14,34,6.2
2005-01-15,49,8.8
2005-01-16,55,11.1
2005-01-21,78,23.4
2005-01-22,77,23.2
2005-01-23,38,6.9
2005-01-24,52,9.5
2005-01-25,63,15.8
2005-01-26,73,20.9
2005-01-27,53,10.4
2005-01-28,47,8.4
2005-01-29,52,9.6
2005-01-30,62,15.0
2005-01-31,60,13.8
2005-02-01,59,13.3
2005-02-02,56,11.9
2005-02-03,55,11.5
2005-02-04,60,13.8
2005-02-05,67,17.7
2005-02-06,56,11.8
2005-02-07,52,9.5
2005-02-08,62,14.8
2005-02-09,43,7.8
2005-02-10,38,6.9
2005-02-11,51,9.2
2005-02-12,54,10.7
2005-02-13,65,16.7
2005-02-14,67,17.5
2005-02-15,54,10.5
2005-02-16,58,12.8
2005-02-17,37,6.7
2005-02-18,44,7.9
2005-02-19,68,18.1
2005-02-20,75,21.8
2005-02-21,60,13.7
2005-02-22,57,12.1
2005-02-23,59,13.5
2005-02-24,58,12.7
2005-02-25,65,16.7
2005-02-26,63,15.8
2005-02-27,69,19.0
2005-02-28,52,9.5
2005-03-01,47,8.5
2005-03-02,44,7.9
2005-03-03,58,12.7
2005-03-04,63,15.5
2005-03-05,55,11.0
2005-03-06,58,13.1
2005-03-07,64,15.9
2005-03-08,34,6.1
2005-03-09,53,10.1
2005-03-10,53,10.2
2005-03-11,40,7.2
2005-03-12,32,5.8
2005-03-13,57,12.4
2005-03-14,56,11.7
2005-03-15,62,15.0
2005-03-16,57,12.4
2005-03-19,66,17.1
2005-03-20,68,18.1
2005-03-21,65,16.5
2005-03-23,37,6.7
2005-03-24,54,10.5
2005-03-25,71,20.1
2005-03-26,75,21.8
2005-03-27,28,5.0
2005-03-28,41,7.4
2005-03-29,54,10.8
2005-03-30,65,16.6
2005-03-31,53,10.4
2005-04-01,51,9.2
2005-04-02,33,6.0
2005-04-03,47,8.5
2005-04-04,60,13.7
2005-04-05,61,14.7
2005-04-06,60,13.8
2005-04-07,48,8.7
2005-04-08,47,8.5
2005-04-09,64,16.2
2005-04-10,62,14.9
2005-04-11,61,14.6
2005-04-12,53,10.4
2005-04-13,48,8.6
2005-04-14,44,7.9
2005-04-15,56,11.8
2005-04-16,51,9.1
2005-04-18,81,25.1
2005-04-19,86,27.7
2005-04-20,73,21.1
2005-04-21,63,15.6
2005-04-22,56,11.7
2005-04-23,43,7.7
2005-04-24,37,6.6
2005-04-25,44,8.0
2005-04-26,51,9.2
2005-04-27,41,7.4
2005-04-28,60,14.0
2005-04-29,58,13.0
2005-04-30,39,7.1
2005-05-01,53,10.4
2005-05-02,43,7.8
2005-05-03,57,12.3
2005-05-05,73,20.7
2005-05-06,68,18.0
2005-05-07,86,28.1
2005-05-08,80,24.8
2005-05-09,90,29.9
2005-05-10,77,23.1
2005-05-11,65,16.5
2005-05-12,76,22.3
2005-05-13,79,24.1
2005-05-14,77,23.1
2005-05-15,63,15.7
2005-05-16,55,11.1
2005-05-18,80,24.4
2005-05-20,55,11.5
2005-05-21,52,9.6
2005-05-22,74,21.6
2005-05-23,69,18.8
2005-05-24,55,11.3
2005-05-27,81,25.3
2005-05-28,82,25.9
2005-05-29,59,13.5
2005-05-30,49,8.9
2005-05-31,58,13.0
2005-06-01,18,3.2
2005-06-02,36,6.5
2005-06-03,53,10.3
2005-06-04,64,16.3
2005-06-05,61,14.7
2005-06-06,66,16.9
2005-06-07,59,13.5
2005-06-08,68,18.0
2005-06-09,61,14.5
2005-06-10,52,9.9
2005-06-11,47,8.4
2005-06-12,23,4.1
2005-06-13,62,14.8
2005-06-14,83,26.5
2005-06-15,66,17.2
2005-06-16,62,14.9
2005-06-17,63,15.8
2005-06-18,73,21.1
2005-06-19,68,18.4
2005-06-20,75,22.2
2005-06-21,71,19.7
2005-06-22,95,32.6
2005-06-23,109,38.6
2005-06-24,104,36.7
2005-06-25,91,30.8
2005-06-26,64,16.0
2005-06-27,64,16.2
2005-06-28,50,9.0
2005-06-29,55,11.2
2005-07-01,85,27.3
2005-07-02,85,27.1
2005-07-03,83,26.3
2005-07-04,63,15.6
2005-07-05,59,13.5
2005-07-06,53,10.3
2005-07-07,42,7.5
2005-07-08,65,16.6
2005-07-09,58,12.7
2005-07-10,44,7.9
2005-07-12,55,11.5
2005-07-13,62,14.9
2005-07-14,63,15.3
2005-07-15,53,10.1
2005-07-16,34,6.2
2005-07-17,56,11.6
2005-07-18,70,19.4
2005-07-19,64,16.3
2005-07-29,76,22.6
2005-07-30,55,11.1
2005-07-31,57,12.3
2005-08-01,47,8.4
2005-08-02,74,21.4
2005-08-03,88,29.2
2005-08-04,110,39.2
2005-08-05,77,23.2
2005-08-06,67,17.5
2005-08-07,41,7.3
2005-08-08,52,9.8
2005-08-09,61,14.4
2005-08-10,65,16.8
2005-08-11,55,11.5
2005-08-12,64,16.1
2005-08-13,66,17.2
2005-08-14,58,13.1
2005-08-15,72,20.2
2005-08-17,82,25.7
2005-08-18,74,21.6
2005-08-19,72,20.6
2005-08-20,90,30.2
2005-08-21,76,22.6
2005-08-22,73,21.0
2005-08-23,73,21.0
2005-08-24,86,27.9
2005-08-25,78,23.4
2005-08-26,82,25.9
2005-08-27,67,17.7
2005-08-28,56,12.0
2005-08-29,43,7.7
2005-08-30,50,9.0
2005-08-31,71,19.6
2005-09-01,79,23.9
2005-09-02,85,27.3
2005-09-03,85,27.4
2005-09-04,73,21.0
2005-09-05,74,21.6
2005-09-06,61,14.7
2005-09-07,55,11.2
2005-09-08,57,12.5
2005-09-09,71,19.7
2005-09-10,83,26.2
2005-09-11,90,30.0
2005-09-12,82,25.6
2005-09-13,98,34.1
2005-09-14,107,37.8
2005-09-15,102,36.1
2005-09-16,81,25.3
2005-09-17,71,20.0
2005-09-18,69,19.0
2005-09-19,72,20.6
2005-09-20,96,33.3
2005-09-21,85,27.3
2005-09-22,54,10.8
2005-09-23,51,9.1
2005-09-24,65,16.7
2005-09-25,66,17.4
2005-09-26,44,8.0
2005-09-27,55,11.0
2005-09-28,67,17.7
2005-09-29,65,16.7
2005-09-30,61,14.6
2005-10-01,73,21.1
2005-10-02,63,15.7
2005-10-03,69,18.9
2005-10-04,60,13.9
2005-10-05,58,12.7
2005-10-06,15,2.7
2005-10-08,39,7.1
2005-10-09,62,14.9
2005-10-10,69,19.0
2005-10-11,55,11.4
2005-10-12,59,13.6
2005-10-13,69,19.0
2005-10-14,71,20.1
2005-10-15,67,17.6
2005-10-16,54,10.5
2005-10-17,59,13.3
2005-10-18,75,22.1
2005-10-19,91,30.4
2005-10-20,85,27.4
2005-10-21,84,26.8
2005-10-22,59,13.5
2005-10-23,54,10.6
2005-10-24,52,9.8
2005-10-25,44,8.0
2005-10-26,54,10.8
2005-10-27,69,18.5
2005-10-28,67,17.6
2005-10-29,80,24.8
2005-10-30,88,29.1
2005-10-31,82,25.5
2005-11-01,68,18.3
2005-11-02,62,14.8
2005-11-03,72,20.4
2005-11-04,74,21.7
2005-11-05,71,19.6
2005-11-06,68,18.4
2005-11-07,70,19.5
2005-11-08,77,22.8
2005-11-10,32,5.8
2005-11-11,58,12.6
2005-11-12,64,16.1
2005-11-13,58,12.9
2005-11-14,60,13.8
2005-11-15,52,9.6
2005-11-16,40,7.2
2005-11-17,36,6.5
2005-11-18,60,14.1
2005-11-19,65,16.8
2005-11-20,59,13.6
2005-11-21,49,8.8
2005-11-22,54,10.7
2005-11-23,43,7.8
2005-11-24,47,8.5
2005-11-25,46,8.2
2005-11-26,68,18.1
2005-11-27,68,18.3
2005-11-28,47,8.4
2005-11-29,38,6.9
2005-11-30,46,8.3
2005-12-01,53,10.4
2005-12-02,54,10.6
2005-12-03,76,22.5
2005-12-04,54,10.9
2005-12-05,55,11.4
2005-12-06,52,9.9
2005-12-07,65,16.5
2005-12-09,54,10.8
2005-12-10,61,14.4
2005-12-11,48,8.7
2005-12-12,52,9.4
2005-12-13,56,12.0
2005-12-14,64,15.9
2005-12-15,44,8.0
2005-12-17,53,10.0
2005-12-18,56,11.8
2005-12-19,66,17.0
2005-12-20,62,15.2
2005-12-21,56,11.9
2005-12-22,77,23.3
2005-12-23,85,27.5
2005-12-24,75,21.8
2005-12-25,37,6.7
2005-12-26,44,8.0
2005-12-27,55,11.4
2005-12-28,57,12.1
2005-12-29,61,14.7
2005-12-30,57,12.5
2005-12-31,54,10.7
2006-01-01,75,22.2
2006-01-02,43,7.7
2006-01-03,59,13.2
2006-01-04,63,15.8
2006-01-05,66,17.2
2006-01-06,14,2.5
2006-01-07,43,7.7
2006-01-08,51,9.3
2006-01-09,45,8.1
2006-01-10,59,13.5
2006-01-11,58,13.0
2006-01-12,60,13.8
2006-01-13,51,9.3
2006-01-14,29,5.3
2006-01-15,42,7.5
2006-01-16,48,8.6
2006-01-17,41,7.4
2006-01-18,37,6.7
2006-01-19,59,13.2
2006-01-20,61,14.5
2006-01-21,57,12.1
2006-01-23,28,5.0
2006-01-24,36,6.5
2006-01-25,21,3.7
2006-01-26,44,8.0
2006-01-27,51,9.2
2006-01-28,61,14.6
2006-01-29,42,7.6
2006-01-30,54,10.6
2006-01-31,47,8.5
2006-02-01,59,13.3
2006-02-02,66,17.4
2006-02-03,51,9.2
2006-02-04,26,4.6
2006-02-05,23,4.2
2006-02-06,52,9.4
2006-02-07,53,10.0
2006-02-08,50,9.0
2006-02-09,52,9.7
2006-02-10,66,17.1
2006-02-11,60,14.1
2006-02-12,52,9.6
2006-02-15,66,17.0
2006-02-16,70,19.1
2006-02-17,64,16.1
2006-02-18,59,13.2
2006-02-19,70,19.4
2006-02-20,71,19.7
2006-02-21,61,14.6
2006-02-22,52,9.5
2006-02-23,36,6.5
2006-02-24,51,9.1
2006-02-25,52,9.9
2006-02-26,42,7.5
2006-02-27,34,6.1
2006-02-28,56,12.0
2006-03-01,69,19.0
2006-03-02,71,20.0
2006-03-03,55,11.5
2006-03-04,55,11.0
2006-03-05,56,11.6
2006-03-06,65,16.8
2006-03-08,74,21.5
2006-03-09,90,30.2
2006-03-10,42,7.5
2006-03-11,56,11.7
2006-03-12,60,13.8
2006-03-13,51,9.1
2006-03-14,37,6.7
2006-03-15,43,7.8
2006-03-17,60,14.0
2006-03-18,66,17.4
2006-03-19,66,17.3
2006-03-20,63,15.5
2006-03-21,42,7.6
2006-03-22,56,11.9
2006-03-23,65,16.8
2006-03-24,57,12.4
2006-03-25,53,10.2
2006-03-26,53,10.0
2006-03-27,64,16.1
2006-03-28,73,21.0
2006-03-29,66,17.2
2006-03-30,84,26.7
2006-03-31,71,19.7
2006-04-01,61,14.6
2006-04-02,69,19.0
2006-04-03,52,9.9
2006-04-04,50,9.0
2006-04-05,55,11.4
2006-04-06,67,17.5
2006-04-07,61,14.6
2006-04-08,51,9.1
2006-04-09,52,9.9
2006-04-10,63,15.8
2006-04-11,68,18.2
2006-04-12,63,15.7
2006-04-13,75,22.0
2006-04-14,77,22.9
2006-04-15,59,13.5
2006-04-16,56,12.0
2006-04-17,66,17.3
2006-04-18,65,16.4
2006-04-19,73,20.7
2006-04-20,67,17.6
2006-04-21,56,11.9
2006-04-22,47,8.4
2006-04-23,57,12.4
2006-04-24,75,22.2
2006-04-25,78,23.6
2006-04-26,60,13.9
2006-04-27,57,12.5
2006-04-28,66,16.9
2006-04-29,67,17.7
2006-04-30,46,8.3
2006-05-01,53,10.4
2006-05-02,66,17.4
2006-05-04,64,16.3
2006-05-05,58,12.6
2006-05-06,67,17.5
2006-05-07,71,19.8
2006-05-08,35,6.3
2006-05-09,67,17.6
2006-05-10,63,15.7
2006-05-11,34,6.1
2006-05-12,38,6.8
2006-05-13,52,9.8
2006-05-14,45,8.1
2006-05-15,41,7.4
2006-05-16,8,1.5
2006-05-17,44,7.9
2006-05-18,38,6.9
2006-05-19,12,2.1
2006-05-20,62,15.1
2006-05-21,54,10.5
2006-05-22,63,15.3
2006-05-23,66,17.4
2006-05-24,70,19.4
2006-05-25,83,26.1
2006-05-26,70,19.1
2006-05-27,60,13.8
2006-05-28,72,20.4
2006-05-29,78,23.6
2006-05-30,77,23.3
2006-05-31,85,27.4
2006-06-01,57,12.2
2006-06-02,54,10.7
2006-06-03,53,10.4
2006-06-04,72,20.4
2006-06-05,58,12.9
2006-06-06,59,13.5
2006-06-09,61,14.4
2006-06-10,95,32.9
2006-06-12,66,17.4
2006-06-13,63,15.8
2006-06-14,76,22.3
2006-06-15,58,12.9
2006-06-16,89,29.4
2006-06-17,85,27.5
2006-06-18,73,20.9
2006-06-19,81,25.4
2006-06-20,91,30.7
2006-06-21,38,6.9
2006-06-22,99,34.8
2006-06-23,92,31.3
2006-06-24,67,17.7
2006-06-25,52,9.9
2006-06-27,70,19.1
2006-06-28,73,20.9
2006-06-29,67,17.8
2006-06-30,70,19.2
2006-07-01,66,17.4
2006-07-02,79,24.2
2006-07-03,88,29.0
2006-07-04,87,28.2
2006-07-05,86,27.9
2006-07-06,73,20.9
2006-07-07,69,18.9
2006-07-08,79,23.9
2006-07-09,82,25.9
2006-07-10,86,28.1
2006-07-11,95,32.9
2006-07-12,70,19.4
2006-07-13,80,24.5
2006-07-14,61,14.6
2006-07-15,61,14.6
2006-07-16,76,22.5
2006-07-17,85,27.2
2006-07-18,88,29.2
2006-07-19,91,30.7
2006-07-20,91,30.4
2006-07-21,98,34.5
2006-07-22,64,16.3
2006-07-23,84,26.7
2006-07-24,78,23.6
2006-07-25,75,22.1
2006-07-26,56,11.6
2006-07-27,67,17.8
2006-07-28,82,25.6
2006-07-29,57,12.1
2006-07-30,73,21.0
2006-07-31,75,22.1
2006-08-01,82,25.9
2006-08-02,80,24.5
2006-08-03,74,21.6
2006-08-04,76,22.6
2006-08-05,66,17.3
2006-08-06,76,22.3
2006-08-07,89,29.6
2006-08-11,57,12.1
2006-08-12,60,14.1
2006-08-13,58,12.9
2006-08-14,54,10.7
2006-08-16,68,18.2
2006-08-17,93,31.4
2006-08-18,85,27.3
2006-08-19,90,30.1
2006-08-20,98,34.2
2006-08-21,77,23.1
2006-08-22,66,17.4
2006-08-23,87,28.2
2006-08-24,79,24.2
2006-08-25,55,11.3
2006-08-26,58,13.0
2006-08-27,63,15.5
2006-08-28,57,12.3
2006-08-29,58,12.7
2006-08-30,67,17.9
2006-08-31,37,6.7
2006-09-01,52,9.4
2006-09-07,60,13.7
2006-09-08,74,21.6
2006-09-09,74,21.2
2006-09-11,94,32.1
2006-09-12,82,25.8
2006-09-13,33,5.9
2006-09-14,57,12.5
2006-09-15,63,15.5
2006-09-17,77,23.3
2006-09-18,57,12.4
2006-09-19,52,9.8
2006-09-20,55,11.3
2006-09-21,61,14.5
2006-09-22,67,17.7
2006-09-23,61,14.5
2006-09-24,46,8.3
2006-09-25,21,3.8
2006-09-26,62,15.0
2006-09-27,67,17.6
2006-09-28,62,14.9
2006-09-29,55,11.5
2006-09-30,63,15.4
2006-10-01,69,18.8
2006-10-02,70,19.3
2006-10-03,74,21.4
2006-10-04,84,26.9
2006-10-05,98,34.4
2006-10-06,60,13.9
2006-10-07,50,9.0
2006-10-08,40,7.2
2006-10-09,39,7.1
2006-10-10,56,12.0
2006-10-11,62,15.1
2006-10-13,31,5.6
2006-10-14,52,9.5
2006-10-15,47,8.4
2006-10-16,58,12.8
2006-10-17,53,10.0
2006-10-19,82,25.6
2006-10-20,38,6.8
2006-10-22,61,14.4
2006-10-23,12,2.2
2006-10-26,68,18.0
2006-10-28,36,6.4
2006-10-29,52,9.6
2006-10-30,63,15.8
2006-10-31,71,20.0
2006-11-01,74,21.6
2006-11-02,42,7.6
2006-11-03,36,6.4
2006-11-04,54,10.8
2006-11-05,56,11.6
2006-11-06,58,12.6
2006-11-07,59,13.2
2006-11-08,53,10.4
2006-11-09,68,18.2
2006-11-10,82,25.6
2006-11-11,65,16.7
2006-11-12,39,7.0
2006-11-13,62,15.2
2006-11-15,65,16.7
2006-11-16,20,3.6
2006-11-17,42,7.5
2006-11-18,55,11.2
2006-11-19,67,17.9
2006-11-20,52,9.5
2006-11-21,41,7.3
2006-11-22,44,8.0
2006-11-23,56,11.8
2006-11-24,59,13.2
2006-11-25,59,13.4
2006-11-26,62,15.1
2006-11-27,66,17.2
2006-11-28,67,17.9
2006-11-29,52,9.5
2006-11-30,35,6.3
2006-12-01,31,5.5
2006-12-02,45,8.1
2006-12-03,51,9.2
2006-12-04,46,8.3
2006-12-05,56,11.6
2006-12-06,65,16.5
2006-12-07,55,11.1
2006-12-09,72,20.5
2006-12-10,75,22.0
2006-12-12,62,14.8
2006-12-13,65,16.5
2006-12-14,76,22.3
2006-12-15,70,19.2
2006-12-16,68,18.1
2006-12-17,72,20.6
2006-12-18,83,26.2
2006-12-19,83,26.3
2006-12-20,60,14.0
2006-12-21,61,14.6
2006-12-23,42,7.6
2006-12-24,48,8.7
2006-12-25,26,4.6
2006-12-26,34,6.2
2006-12-27,54,10.7
2006-12-29,56,11.8
2006-12-30,54,10.5
2006-12-31,51,9.1
2007-01-01,30,5.4
2007-01-02,45,8.1
2007-01-03,53,10.1
2007-01-04,56,11.9
2007-01-05,28,5.1
2007-01-06,52,9.9
2007-01-07,54,10.5
2007-01-08,22,4.0
2007-01-11,56,11.9
2007-01-12,55,11.0
2007-01-13,59,13.4
2007-01-14,57,12.3
2007-01-15,26,4.6
2007-01-16,39,7.1
2007-01-17,42,7.5
2007-01-18,53,10.3
2007-01-20,37,6.7
2007-01-21,49,8.9
2007-01-22,48,8.7
2007-01-23,52,9.5
2007-01-24,59,13.3
2007-01-25,49,8.9
2007-01-26,54,10.9
2007-01-27,61,14.4
2007-01-28,33,5.9
2007-01-29,48,8.6
2007-01-30,57,12.5
2007-01-31,58,12.8
2007-02-01,64,16.3
2007-02-02,60,14.0
2007-02-03,57,12.2
2007-02-04,54,10.5
2007-02-05,39,7.1
2007-02-06,44,8.0
2007-02-07,65,16.7
2007-02-08,57,12.4
2007-02-09,53,10.4
2007-02-10,44,8.0
2007-02-11,55,11.0
2007-02-12,63,15.6
2007-02-13,70,19.1
2007-02-14,53,10.3
2007-02-15,41,7.4
2007-02-16,54,10.7
2007-02-17,65,16.6
2007-02-18,49,8.8
2007-02-19,58,12.9
2007-02-20,52,9.8
2007-02-21,46,8.3
2007-02-22,33,5.9
2007-02-23,18,3.2
2007-02-24,57,12.5
2007-02-25,44,8.0
2007-02-26,36,6.4
2007-03-01,63,15.5
2007-03-02,18,3.3
2007-03-03,28,5.0
2007-03-04,31,5.5
2007-03-05,38,6.9
2007-03-06,54,10.5
2007-03-07,69,19.0
2007-03-08,79,24.2
2007-03-09,89,29.7
2007-03-10,34,6.2
2007-03-11,80,24.6
2007-03-12,71,19.9
2007-03-13,85,27.5
2007-03-14,77,23.1
2007-03-15,71,19.7
2007-03-16,52,9.8
2007-03-17,44,7.9
2007-03-18,52,9.9
2007-03-19,62,15.0
2007-03-20,74,21.2
2007-03-21,81,25.3
2007-03-22,60,13.9
2007-03-23,64,16.2
2007-03-24,77,22.8
2007-03-25,82,25.7
2007-03-26,83,26.4
2007-03-27,71,19.7
2007-03-28,80,24.7
2007-03-29,78,23.6
2007-03-30,62,14.9
2007-03-31,75,22.0
2007-04-01,55,11.1
2007-04-02,53,10.4
2007-04-03,64,16.2
2007-04-04,42,7.5
2007-04-05,12,2.1
2007-04-06,9,1.7
2007-04-07,11,1.9
2007-04-08,6,1.1
2007-04-09,13,2.3
2007-04-10,23,4.2
2007-04-11,66,17.1
2007-04-12,49,8.8
2007-04-13,57,12.5
2007-04-14,65,16.4
2007-04-15,36,6.5
2007-04-16,51,9.1
2007-04-17,72,20.2
2007-04-18,56,11.7
2007-04-19,60,14.0
2007-04-21,62,14.8
2007-04-22,73,20.8
2007-04-23,61,14.7
2007-04-24,58,13.0
2007-04-25,54,10.9
2007-04-26,46,8.2
2007-04-27,42,7.5
2007-04-28,39,7.0
2007-04-29,52,9.9
2007-04-30,58,13.1
2007-05-01,74,21.6
2007-05-02,81,25.3
2007-05-03,85,27.4
2007-05-04,46,8.2
2007-05-05,60,13.8
2007-05-06,58,12.9
2007-05-07,44,8.0
2007-05-08,29,5.3
2007-05-09,37,6.7
2007-05-10,52,9.9
2007-05-11,61,14.6
2007-05-12,70,19.2
2007-05-13,76,22.4
2007-05-14,64,16.2
2007-05-15,63,15.7
2007-05-16,97,33.6
2007-05-17,56,11.8
2007-05-18,54,10.6
2007-05-20,63,15.3
2007-05-22,138,50.6
2007-05-23,71,20.0
2007-05-24,54,10.7
2007-05-25,58,12.9
2007-05-26,66,16.9
2007-05-28,61,14.7
2007-05-29,71,19.6
2007-05-30,65,16.8
2007-05-31,99,35.1
2007-06-01,87,28.2
2007-06-02,56,11.8
2007-06-03,69,18.8
2007-06-05,63,15.6
2007-06-06,64,16.2
2007-06-07,54,10.8
2007-06-08,53,10.1
2007-06-09,59,13.6
2007-06-10,70,19.4
2007-06-13,64,16.0
2007-06-14,65,16.6
2007-06-15,58,13.1
2007-06-16,65,16.5
2007-06-17,83,26.1
2007-06-18,78,23.4
2007-06-20,48,8.7
2007-06-21,65,16.5
2007-06-22,87,28.3
2007-06-23,91,30.8
2007-06-24,95,32.6
2007-06-25,86,28.0
2007-06-26,77,23.3
2007-06-27,63,15.4
2007-06-28,61,14.3
2007-06-29,68,18.4
2007-06-30,85,27.1
2007-07-01,66,17.4
2007-07-02,65,16.6
2007-07-03,63,15.3
2007-07-04,70,19.3
2007-07-05,98,34.3
2007-07-06,83,26.4
2007-07-07,56,11.6
2007-07-08,54,10.7
2007-07-09,68,18.3
2007-07-10,60,13.9
2007-07-11,52,9.6
2007-07-12,66,17.1
2007-07-13,68,18.4
2007-07-14,75,21.9
2007-07-15,59,13.5
2007-07-16,63,15.3
2007-07-17,66,17.0
2007-07-18,58,12.8
2007-07-19,63,15.3
2007-07-20,59,13.3
2007-07-21,63,15.6
2007-07-22,76,22.6
2007-07-23,69,19.0
2007-07-24,62,15.2
2007-07-25,50,9.0
2007-07-26,67,17.6
2007-07-27,79,24.1
2007-07-28,69,19.0
2007-07-29,69,18.9
2007-07-30,75,22.0
2007-07-31,71,20.1
2007-08-01,69,18.8
2007-08-02,72,20.2
2007-08-03,77,22.9
2007-08-04,90,29.9
2007-08-05,114,40.6
2007-08-06,112,40.0
2007-08-07,119,42.7
2007-08-08,110,39.2
2007-08-09,79,24.1
2007-08-10,77,22.9
2007-08-11,74,21.5
2007-08-12,78,23.4
2007-08-13,80,24.6
2007-08-14,82,26.0
2007-08-15,92,31.0
2007-08-16,98,34.2
2007-08-17,94,32.2
2007-08-18,85,27.1
2007-08-19,67,17.8
2007-08-20,61,14.3
2007-08-21,63,15.8
2007-08-23,65,16.4
2007-08-24,62,15.2
2007-08-25,63,15.4
2007-08-26,63,15.7
2007-08-27,72,20.4
2007-08-28,60,14.1
2007-08-29,59,13.3
2007-08-30,56,11.6
2007-08-31,62,15.2
2007-09-01,72,20.2
2007-09-02,81,25.2
2007-09-03,68,18.1
2007-09-04,90,30.3
2007-09-05,95,32.7
2007-09-06,66,17.2
2007-09-07,57,12.2
2007-09-08,63,15.8
2007-09-09,80,24.8
2007-09-10,82,26.0
2007-09-11,67,17.9
2007-09-12,71,19.9
2007-09-13,65,16.4
2007-09-14,28,5.0
2007-09-15,55,11.3
2007-09-16,65,16.6
2007-09-17,69,19.0
2007-09-18,78,23.7
2007-09-19,51,9.1
2007-09-20,46,8.2
2007-09-21,32,5.7
2007-09-22,46,8.3
2007-09-23,47,8.4
2007-09-24,65,16.8
2007-09-25,81,25.3
2007-09-26,74,21.4
2007-09-27,71,20.1
2007-09-28,53,10.3
2007-09-30,54,10.6
2007-10-01,52,9.4
2007-10-02,43,7.8
2007-10-03,42,7.6
2007-10-04,42,7.6
2007-10-05,46,8.2
2007-10-06,41,7.4
2007-10-07,50,9.0
2007-10-08,57,12.3
2007-10-09,69,18.8
2007-10-10,52,9.7
2007-10-11,32,5.7
2007-10-12,47,8.4
2007-10-13,60,13.7
2007-10-14,75,22.2
2007-10-15,71,19.6
2007-10-17,65,16.6
2007-10-18,47,8.5
2007-10-19,38,6.8
2007-10-20,41,7.3
2007-10-21,53,10.0
2007-10-22,58,12.7
2007-10-23,32,5.7
2007-10-24,48,8.6
2007-10-25,54,10.5
2007-10-27,46,8.3
2007-10-28,54,10.7
2007-10-29,42,7.6
2007-10-30,54,10.5
2007-10-31,53,10.3
2007-11-01,66,16.9
2007-11-02,62,15.1
2007-11-03,60,14.1
2007-11-04,56,12.0
2007-11-05,61,14.2
2007-11-06,51,9.2
2007-11-07,49,8.8
2007-11-08,66,17.1
2007-11-09,73,20.7
2007-11-10,62,14.8
2007-11-11,64,15.9
2007-11-12,75,22.2
2007-11-13,78,23.5
2007-11-14,71,19.9
2007-11-15,38,6.9
2007-11-16,53,10.1
2007-11-17,66,17.4
2007-11-18,65,16.8
2007-11-21,69,18.6
2007-11-22,34,6.2
2007-11-23,42,7.5
2007-11-24,45,8.1
2007-11-25,55,11.5
2007-11-26,39,7.1
2007-11-30,62,14.9
2007-12-01,60,13.8
2007-12-02,59,13.3
2007-12-03,37,6.7
2007-12-04,42,7.5
2007-12-05,59,13.2
2007-12-06,50,9.0
2007-12-07,70,19.2
2007-12-08,83,26.5
2007-12-09,67,17.7
2007-12-10,66,16.9
2007-12-11,63,15.6
2007-12-12,55,11.3
2007-12-13,48,8.6
2007-12-14,44,7.9
2007-12-15,51,9.2
2007-12-16,36,6.5
2007-12-17,46,8.3
2007-12-18,63,15.7
2007-12-19,69,18.9
2007-12-20,87,28.2
2007-12-21,66,17.0
2007-12-22,66,16.9
2007-12-23,31,5.5
2007-12-24,29,5.3
2007-12-25,52,9.4
2007-12-26,24,4.3
2007-12-27,52,9.9
2007-12-28,55,11.5
2007-12-29,48,8.6
2007-12-30,53,10.1
2007-12-31,50,9.0
2008-01-01,36,6.4
2008-01-02,36,6.4
2008-01-05,66,17.2
2008-01-06,61,14.2
2008-01-07,53,10.1
2008-01-08,42,7.5
2008-01-09,54,10.6
2008-01-10,44,8.0
2008-01-11,36,6.5
2008-01-12,54,10.5
2008-01-13,61,14.2
2008-01-14,51,9.2
2008-01-15,53,10.3
2008-01-16,58,13.1
2008-01-17,54,10.9
2008-01-18,55,11.4
2008-01-19,52,9.5
2008-01-20,40,7.2
2008-01-22,54,10.7
2008-01-23,52,9.8
2008-01-24,56,11.9
2008-01-27,58,12.8
2008-01-28,48,8.7
2008-01-29,52,9.9
2008-01-30,32,5.8
2008-01-31,47,8.5
2008-02-01,35,6.3
2008-02-02,56,11.7
2008-02-03,60,13.9
2008-02-04,58,13.0
2008-02-05,63,15.4
2008-02-06,34,6.2
2008-02-07,41,7.4
2008-02-08,58,12.8
2008-02-09,58,13.1
2008-02-10,27,4.8
2008-02-11,52,9.7
2008-02-12,60,13.7
2008-02-13,51,9.3
2008-02-15,69,18.9
2008-02-16,58,13.1
2008-02-17,66,17.1
2008-02-18,24,4.4
2008-02-20,56,11.6
2008-02-22,43,7.8
2008-02-23,54,10.8
2008-02-24,54,10.6
2008-02-25,64,16.0
2008-02-26,57,12.1
2008-02-27,36,6.4
2008-03-01,58,12.8
2008-03-02,53,10.4
2008-03-03,59,13.2
2008-03-04,32,5.7
2008-03-05,49,8.9
2008-03-06,54,10.6
2008-03-07,54,10.5
2008-03-08,38,6.9
2008-03-13,75,21.8
2008-03-14,69,18.6
2008-03-15,46,8.2
2008-03-16,39,7.0
2008-03-17,59,13.3
2008-03-18,64,16.0
2008-03-19,48,8.6
2008-03-20,42,7.5
2008-03-21,57,12.3
2008-03-22,62,15.2
2008-03-23,58,13.1
2008-03-24,53,10.2
2008-03-28,69,18.6
2008-03-29,60,13.8
2008-03-30,57,12.1
2008-04-01,54,10.9
2008-04-02,45,8.1
2008-04-03,54,10.6
2008-04-04,42,7.5
2008-04-05,26,4.6
2008-04-06,63,15.5
2008-04-08,53,10.3
2008-04-09,58,13.1
2008-04-11,57,12.1
2008-04-12,42,7.5
2008-04-13,34,6.2
2008-04-14,36,6.4
2008-04-15,54,10.9
2008-04-16,65,16.6
2008-04-17,74,21.7
2008-04-18,70,19.1
2008-04-19,52,9.7
2008-04-20,52,9.9
2008-04-21,55,11.3
2008-04-22,57,12.4
2008-04-23,49,8.9
2008-04-24,57,12.2
2008-04-25,52,9.7
2008-04-26,54,10.9
2008-04-27,52,9.4
2008-04-28,55,11.4
2008-04-29,51,9.1
2008-04-30,63,15.3
2008-05-01,66,17.0
2008-05-02,58,12.7
2008-05-03,53,10.2
2008-05-04,56,11.6
2008-05-05,53,10.3
2008-05-06,60,13.8
2008-05-07,70,19.4
2008-05-08,67,17.9
2008-05-09,59,13.2
2008-05-10,68,18.3
2008-05-11,50,9.0
2008-05-12,47,8.4
2008-05-13,61,14.6
2008-05-14,65,16.5
2008-05-15,66,17.1
2008-05-16,52,9.8
2008-05-17,55,11.5
2008-05-18,57,12.3
2008-05-19,55,11.0
2008-05-20,65,16.5
2008-05-21,60,13.7
2008-05-22,75,22.0
2008-05-23,78,23.7
2008-05-24,65,16.5
2008-05-25,63,15.5
2008-05-26,65,16.8
2008-05-27,71,20.1
2008-05-29,62,14.9
2008-05-30,75,22.0
2008-05-31,75,22.1
2008-06-01,66,17.0
2008-06-02,64,16.2
2008-06-03,75,22.1
2008-06-04,68,18.2
2008-06-05,54,10.8
2008-06-06,62,15.1
2008-06-07,71,20.0
2008-06-08,72,20.2
2008-06-09,75,22.1
2008-06-10,69,18.6
2008-06-11,72,20.3
2008-06-12,60,13.9
2008-06-13,58,12.8
2008-06-14,56,11.6
2008-06-15,55,11.2
2008-06-16,71,19.6
2008-06-17,65,16.4
2008-06-18,56,11.8
2008-06-19,60,14.1
2008-06-20,78,23.5
2008-06-21,80,24.5
2008-06-22,88,28.9
2008-06-23,72,20.6
2008-06-24,67,17.8
2008-06-26,78,23.6
2008-06-27,62,15.0
2008-06-28,53,10.3
2008-06-29,57,12.4
2008-06-30,47,8.5
2008-07-01,51,9.1
2008-07-02,68,18.1
2008-07-03,69,18.6
2008-07-04,68,18.1
2008-07-05,60,14.0
2008-07-06,55,11.5
2008-07-07,64,15.9
2008-07-08,57,12.1
2008-07-09,56,11.6
2008-07-10,58,12.6
2008-07-12,63,15.3
2008-07-13,55,11.2
2008-07-14,53,10.4
2008-07-15,65,16.7
2008-07-16,74,21.5
2008-07-17,92,31.0
2008-07-18,84,26.9
2008-07-19,83,26.5
2008-07-20,100,35.4
2008-07-24,65,16.4
2008-07-26,75,22.1
2008-07-27,66,17.1
2008-07-28,91,30.5
2008-07-29,73,21.0
2008-07-30,57,12.4
2008-07-31,55,11.5
2008-08-01,65,16.4
2008-08-02,68,18.4
2008-08-03,69,18.7
2008-08-04,77,23.3
2008-08-05,77,23.1
2008-08-06,77,23.2
2008-08-07,61,14.6
2008-08-09,70,19.2
2008-08-10,71,19.8
2008-08-11,74,21.5
2008-08-12,70,19.3
2008-08-13,61,14.3
2008-08-14,69,18.8
2008-08-16,81,25.1
2008-08-17,77,22.8
2008-08-18,74,21.7
2008-08-19,72,20.6
2008-08-20,61,14.5
2008-08-21,53,10.4
2008-08-22,59,13.3
2008-08-23,44,7.9
2008-08-24,33,5.9
2008-08-25,33,6.0
2008-08-26,30,5.4
2008-08-27,23,4.2
2008-08-28,59,13.2
2008-08-29,59,13.3
2008-08-30,72,20.6
2008-08-31,53,10.0
2008-09-01,55,11.1
2008-09-03,65,16.8
2008-09-04,54,10.7
2008-09-05,52,9.7
2008-09-06,67,17.7
2008-09-07,61,14.4
2008-09-08,70,19.1
2008-09-09,54,10.8
2008-09-11,42,7.6
2008-09-12,41,7.3
2008-09-13,42,7.5
2008-09-14,34,6.1
2008-09-15,48,8.6
2008-09-16,52,9.9
2008-09-17,56,11.8
2008-09-18,59,13.4
2008-09-19,58,13.0
2008-09-20,55,11.1
2008-09-21,49,8.9
2008-09-22,45,8.1
2008-09-23,64,16.0
2008-09-24,55,11.3
2008-09-25,38,6.8
2008-09-26,52,9.5
2008-09-27,53,10.2
2008-09-28,118,42.4
2008-09-29,69,18.7
2008-09-30,65,16.4
2008-10-01,55,11.3
2008-10-02,58,13.0
2008-10-03,71,19.9
2008-10-04,84,26.8
2008-10-05,86,27.8
2008-10-06,68,18.2
2008-10-07,58,12.6
2008-10-08,34,6.2
2008-10-09,23,4.1
2008-10-10,34,6.1
2008-10-11,43,7.7
2008-10-12,28,5.1
2008-10-13,29,5.2
2008-10-14,58,12.9
2008-10-15,56,11.7
2008-10-16,57,12.5
2008-10-17,56,11.7
2008-10-19,47,8.5
2008-10-20,46,8.3
2008-10-21,59,13.4
2008-10-22,55,11.5
2008-10-23,33,5.9
2008-10-24,26,4.6
2008-10-25,28,5.0
2008-10-26,34,6.2
2008-10-27,26,4.6
2008-10-28,24,4.3
2008-10-29,29,5.3
2008-10-30,50,9.0
2008-10-31,57,12.3
2008-11-01,62,15.1
2008-11-02,63,15.3
2008-11-03,55,11.2
2008-11-04,40,7.2
2008-11-05,48,8.7
2008-11-06,59,13.2
2008-11-07,57,12.5
2008-11-08,32,5.7
2008-11-11,57,12.2
2008-11-12,58,12.6
2008-11-13,59,13.4
2008-11-14,55,11.2
2008-11-15,17,3.0
2008-11-16,24,4.4
2008-11-17,32,5.7
2008-11-18,32,5.7
2008-11-19,48,8.6
2008-11-20,56,11.6
2008-11-21,53,10.2
2008-11-22,55,11.3
2008-11-23,59,13.5
2008-11-25,40,7.2
2008-11-26,55,11.3
2008-11-27,64,15.9
2008-11-28,74,21.2
2008-11-29,55,11.5
2008-11-30,31,5.6
2008-12-01,36,6.4
2008-12-02,51,9.1
2008-12-03,62,15.1
2008-12-04,58,12.8
2008-12-05,44,8.0
2008-12-06,58,12.9
2008-12-07,44,7.9
2008-12-08,57,12.5
2008-12-09,50,9.0
2008-12-10,21,3.7
2008-12-11,9,1.6
2008-12-12,26,4.6
2008-12-13,51,9.3
2008-12-14,49,8.9
2008-12-15,60,13.7
2008-12-16,61,14.2
2008-12-17,44,7.9
2008-12-18,43,7.8
2008-12-19,49,8.9
2008-12-20,51,9.2
2008-12-21,32,5.7
2008-12-22,51,9.3
2008-12-23,53,10.0
2008-12-24,43,7.8
2008-12-25,32,5.8
2008-12-26,51,9.2
2008-12-27,38,6.8
2008-12-28,31,5.5
2008-12-29,32,5.7
2008-12-30,44,7.9
2008-12-31,36,6.5
2009-01-01,52,9.9
2009-01-02,52,9.5
2009-01-03,65,16.5
2009-01-04,42,7.5
2009-01-05,51,9.3
2009-01-06,33,6.0
2009-01-07,14,2.5
2009-01-08,21,3.8
2009-01-09,28,5.0
2009-01-10,53,10.2
2009-01-11,57,12.2
2009-01-12,53,10.0
2009-01-13,60,13.7
2009-01-14,47,8.5
2009-01-15,36,6.4
2009-01-17,55,11.0
2009-01-18,48,8.6
2009-01-19,52,9.8
2009-01-20,54,10.9
2009-01-21,58,13.0
2009-01-22,73,21.0
2009-01-23,68,18.4
2009-01-24,55,11.5
2009-01-25,72,20.2
2009-01-26,72,20.5
2009-01-27,59,13.3
2009-01-29,44,8.0
2009-01-30,39,7.1
2009-01-31,45,8.1
2009-02-01,62,15.0
2009-02-02,63,15.7
2009-02-03,19,3.5
2009-02-04,86,28.0
2009-02-05,55,11.2
2009-02-06,71,19.6
2009-02-07,65,16.5
2009-02-08,62,15.1
2009-02-09,93,31.4
2009-02-10,74,21.5
2009-02-11,52,9.8
2009-02-12,28,5.1
2009-02-13,142,52.0
2009-02-14,64,15.9
2009-02-15,58,13.0
2009-02-16,39,7.0
2009-02-17,59,13.6
2009-02-18,60,13.7
2009-02-19,47,8.5
2009-02-20,39,7.0
2009-02-21,55,11.1
2009-02-22,48,8.7
2009-02-23,44,8.0
2009-02-24,68,18.1
2009-02-25,86,27.9
2009-02-26,63,15.4
2009-02-27,27,4.9
2009-02-28,17,3.1
2009-03-01,22,3.9
2009-03-02,39,7.0
2009-03-03,47,8.5
2009-03-04,59,13.2
2009-03-05,67,17.5
2009-03-06,64,15.9
2009-03-07,62,15.2
2009-03-08,58,12.9
2009-03-10,67,17.7
2009-03-11,64,16.0
2009-03-12,43,7.8
2009-03-13,59,13.5
2009-03-14,34,6.1
2009-03-15,15,2.7
2009-03-16,27,4.9
2009-03-17,49,8.8
2009-03-18,61,14.5
2009-03-19,62,15.0
2009-03-20,37,6.7
2009-03-21,54,10.5
2009-03-23,64,15.9
2009-03-25,54,10.9
2009-03-26,48,8.7
2009-04-01,55,11.1
2009-04-02,58,13.0
2009-04-03,33,6.0
2009-04-04,39,7.0
2009-04-05,16,2.8
2009-04-06,52,9.7
2009-04-07,26,4.7
2009-04-08,49,8.9
2009-04-10,52,9.8
2009-04-11,58,12.9
2009-04-12,58,12.8
2009-04-13,43,7.7
2009-04-14,28,5.0
2009-04-16,54,10.8
2009-04-17,51,9.2
2009-04-18,54,10.6
2009-04-19,54,10.8
2009-04-20,42,7.6
2009-04-21,52,9.8
2009-04-22,44,7.9
2009-04-23,62,14.9
2009-04-24,57,12.3
2009-04-25,59,13.6
2009-04-26,52,9.4
2009-04-27,59,13.5
2009-04-28,50,9.0
2009-04-29,58,12.7
2009-04-30,54,10.7
2009-05-01,51,9.1
2009-05-02,37,6.6
2009-05-03,37,6.7
2009-05-04,33,5.9
2009-05-05,54,10.5
2009-05-06,42,7.5
2009-05-07,50,9.0
2009-05-08,59,13.5
2009-05-09,65,16.5
2009-05-10,47,8.4
2009-05-11,56,11.6
2009-05-12,51,9.3
2009-05-13,53,10.4
2009-05-14,56,11.8
2009-05-15,49,8.8
2009-05-19,34,6.2
2009-05-20,36,6.4
2009-05-21,36,6.4
2009-05-22,30,5.4
2009-05-23,26,4.7
2009-05-24,37,6.7
2009-05-25,56,11.6
2009-05-27,18,3.3
2009-05-28,53,10.2
2009-05-29,37,6.7
2009-05-30,47,8.4
2009-05-31,54,10.5
2009-06-01,57,12.4
2009-06-02,63,15.6
2009-06-03,59,13.5
2009-06-04,34,6.1
2009-06-05,43,7.8
2009-06-06,32,5.7
2009-06-07,39,7.1
2009-06-08,64,15.9
2009-06-09,80,24.8
2009-06-10,66,17.2
2009-06-12,41,7.4
2009-06-13,57,12.3
2009-06-14,61,14.5
2009-06-16,59,13.3
2009-06-17,71,20.1
2009-06-18,66,17.2
2009-06-19,70,19.4
2009-06-21,65,16.6
2009-06-22,63,15.6
2009-06-23,59,13.5
2009-06-24,73,20.8
2009-06-25,81,25.1
2009-06-26,78,23.4
2009-06-27,82,25.8
2009-06-28,77,23.0
2009-06-29,55,11.5
2009-06-30,52,9.6
2009-07-01,55,11.5
2009-07-02,55,11.1
2009-07-03,55,11.5
2009-07-04,64,16.0
2009-07-05,84,26.7
2009-07-06,53,10.0
2009-07-07,55,11.4
2009-07-08,53,10.4
2009-07-09,54,10.9
2009-07-10,57,12.2
2009-07-11,57,12.3
2009-07-12,58,12.6
2009-07-13,46,8.3
2009-07-14,52,9.8
2009-07-15,70,19.3
2009-07-16,63,15.5
2009-07-17,56,12.0
2009-07-18,46,8.2
2009-07-19,53,10.0
2009-07-20,52,9.9
2009-07-21,61,14.4
2009-07-22,64,15.9
2009-07-23,63,15.5
2009-07-24,60,13.7
2009-07-25,50,9.0
2009-07-26,71,19.6
2009-08-05,62,15.0
2009-08-06,61,14.3
2009-08-07,78,23.6
2009-08-08,71,20.1
2009-08-09,66,17.2
2009-08-10,66,16.9
2009-08-11,57,12.1
2009-08-12,35,6.3
2009-08-13,37,6.7
2009-08-14,53,10.2
2009-08-15,50,9.0
2009-08-16,46,8.2
2009-08-17,42,7.5
2009-08-18,32,5.7
2009-08-19,34,6.1
2009-08-20,34,6.1
2009-08-21,41,7.3
2009-08-22,41,7.4
2009-08-23,54,10.7
2009-08-24,64,15.9
2009-08-25,65,16.7
2009-08-26,57,12.5
2009-08-28,18,3.3
2009-08-29,56,11.6
2009-08-30,57,12.2
2009-08-31,43,7.8
2009-09-01,57,12.3
2009-09-02,55,11.0
2009-09-03,53,10.0
2009-09-04,62,15.0
2009-09-05,66,17.0
2009-09-06,62,14.8
2009-09-07,64,16.0
2009-09-08,76,22.4
2009-09-09,72,20.5
2009-09-10,59,13.3
2009-09-11,66,17.2
2009-09-12,67,17.8
2009-09-13,65,16.7
2009-09-14,76,22.3
2009-09-15,64,16.1
2009-09-17,33,6.0
2009-09-18,48,8.6
2009-09-19,53,10.2
2009-09-20,37,6.7
2009-09-21,16,2.9
2009-09-22,47,8.5
2009-09-23,47,8.4
2009-09-25,45,8.1
2009-09-26,37,6.6
2009-09-27,36,6.5
2009-09-30,43,7.7
2009-10-01,53,10.4
2009-10-02,59,13.4
2009-10-03,47,8.4
2009-10-04,44,8.0
2009-10-05,14,2.5
2009-10-06,38,6.9
2009-10-07,3,0.5
2009-10-08,46,8.3
2009-10-09,44,8.0
2009-10-10,43,7.7
2009-10-11,26,4.6
2009-10-12,33,6.0
2009-10-14,10,1.8
2009-10-15,15,2.7
2009-10-16,21,3.8
2009-10-17,28,5.1
2009-10-18,34,6.2
2009-10-21,61,14.2
2009-10-22,55,11.2
2009-10-23,30,5.4
2009-10-24,28,5.0
2009-10-25,26,4.7
2009-10-26,47,8.5
2009-10-27,34,6.1
2009-10-29,59,13.3
2009-10-30,59,13.3
2009-10-31,33,5.9
2009-11-02,59,13.2
2009-11-03,60,13.7
2009-11-04,60,14.0
2009-11-05,55,11.2
2009-11-06,57,12.1
2009-11-07,62,15.2
2009-11-08,65,16.7
2009-11-09,58,12.7
2009-11-10,31,5.5
2009-11-11,9,1.7
2009-11-12,33,5.9
2009-11-13,39,7.1
2009-11-14,61,14.4
2009-11-15,67,17.6
2009-11-16,83,26.5
2009-11-17,76,22.3
2009-11-18,65,16.7
2009-11-19,55,11.1
2009-11-20,55,11.5
2009-11-21,63,15.7
2009-11-22,50,9.0
2009-11-23,28,5.0
2009-11-24,49,8.9
2009-11-25,60,13.7
2009-11-26,42,7.5
2009-11-27,25,4.5
2009-11-28,47,8.4
2009-11-29,57,12.2
2009-11-30,48,8.6
2009-12-01,35,6.3
2009-12-02,19,3.5
2009-12-03,29,5.3
2009-12-04,52,9.7
2009-12-05,55,11.2
2009-12-06,58,13.0
2009-12-07,64,16.2
2009-12-08,58,13.0
2009-12-09,25,4.5
2009-12-10,37,6.6
2009-12-11,32,5.7
2009-12-12,39,7.0
2009-12-13,56,11.7
2009-12-14,55,11.3
2009-12-15,43,7.7
2009-12-16,43,7.7
2009-12-17,67,17.8
2009-12-18,29,5.2
2009-12-19,46,8.2
2009-12-20,55,11.4
2009-12-21,72,20.5
2009-12-22,74,21.5
2009-12-23,73,20.9
2009-12-24,58,12.9
2009-12-25,24,4.3
2009-12-26,36,6.4
2009-12-27,47,8.4
2009-12-28,26,4.6
2009-12-29,52,9.8
2009-12-30,57,12.1
2009-12-31,62,15.2
2010-01-01,42,7.5
2010-01-02,35,6.3
2010-01-03,44,8.0
2010-01-04,47,8.5
2010-01-05,51,9.1
2010-01-06,53,10.2
2010-01-07,56,11.7
2010-01-08,56,11.8
2010-01-09,56,11.8
2010-01-10,53,10.1
2010-01-11,59,13.5
2010-01-12,55,11.2
2010-01-13,74,21.7
2010-01-16,71,20.0
2010-01-17,12,2.2
2010-01-18,46,8.2
2010-01-19,57,12.2
2010-01-20,56,12.0
2010-01-21,17,3.1
2010-01-22,55,11.5
2010-01-23,42,7.6
2010-01-24,33,6.0
2010-01-25,19,3.5
2010-01-26,22,4.0
2010-01-29,49,8.8
2010-01-30,38,6.8
2010-01-31,59,13.2
2010-02-01,59,13.5
2010-02-02,54,10.5
2010-02-03,57,12.2
2010-02-04,66,17.2
2010-02-05,22,4.0
2010-02-06,36,6.4
2010-02-07,56,11.6
2010-02-08,61,14.3
2010-02-09,51,9.3
2010-02-10,41,7.3
2010-02-11,33,6.0
2010-02-12,49,8.9
2010-02-13,57,12.3
2010-02-14,58,12.9
2010-02-15,33,5.9
2010-02-16,30,5.4
2010-02-17,32,5.7
2010-02-18,32,5.7
2010-02-19,44,8.0
2010-02-20,55,11.2
2010-02-21,64,16.0
2010-02-22,61,14.4
2010-02-23,52,9.8
2010-02-24,58,12.7
2010-02-25,48,8.6
2010-02-26,48,8.7
2010-02-27,38,6.8
2010-02-28,41,7.3
2010-03-01,49,8.8
2010-03-02,48,8.7
2010-03-03,48,8.7
2010-03-04,48,8.6
2010-03-05,42,7.5
2010-03-06,48,8.6
2010-03-07,55,11.5
2010-03-08,65,16.5
2010-03-09,73,21.0
2010-03-10,53,10.3
2010-03-11,45,8.1
2010-03-12,33,6.0
2010-03-13,32,5.7
2010-03-15,31,5.5
2010-03-16,44,8.0
2010-03-17,54,10.7
2010-03-18,55,11.5
2010-03-19,64,16.1
2010-03-20,71,19.6
2010-03-21,58,13.1
2010-03-22,23,4.1
2010-03-23,48,8.7
2010-03-24,66,17.0
2010-03-25,69,19.0
2010-03-26,33,5.9
2010-03-27,46,8.3
2010-03-28,47,8.5
2010-03-29,36,6.5
2010-03-30,48,8.6
2010-04-02,81,25.0
2010-04-03,65,16.5
2010-04-04,64,16.0
2010-04-05,66,17.0
2010-04-06,66,17.2
2010-04-07,57,12.2
2010-04-08,45,8.1
2010-04-09,42,7.6
2010-04-10,55,11.5
2010-04-11,56,12.0
2010-04-12,62,14.8
2010-04-13,180,96.8
2010-04-14,81,25.2
2010-04-15,73,20.7
2010-04-16,79,23.9
2010-04-17,68,18.2
2010-04-18,47,8.4
2010-04-20,58,12.6
2010-04-21,64,16.0
2010-04-22,67,17.9
2010-04-23,66,17.4
2010-04-24,58,13.0
2010-04-25,50,9.0
2010-04-26,33,6.0
2010-04-27,31,5.5
2010-04-28,49,8.8
2010-04-29,59,13.4
2010-04-30,57,12.3
2010-05-01,56,11.7
2010-05-02,72,20.2
2010-05-03,52,9.9
2010-05-05,62,14.8
2010-05-06,71,19.9
2010-05-07,76,22.5
2010-05-08,54,10.5
2010-05-09,29,5.2
2010-05-10,44,7.9
2010-05-11,52,9.5
2010-05-12,58,12.7
2010-05-13,62,15.1
2010-05-14,68,18.1
2010-05-15,65,16.6
2010-05-16,53,10.2
2010-05-17,37,6.7
2010-05-18,48,8.6
2010-05-19,52,9.8
2010-05-20,57,12.4
2010-05-21,42,7.6
2010-05-22,63,15.8
2010-05-23,60,14.1
2010-05-24,54,10.7
2010-05-25,33,5.9
2010-05-26,52,9.9
2010-05-27,55,11.4
2010-05-28,63,15.6
2010-05-29,58,12.7
2010-05-30,41,7.4
2010-05-31,41,7.3
2010-06-01,63,15.4
2010-06-04,43,7.8
2010-06-05,40,7.2
2010-06-06,56,11.7
2010-06-07,48,8.7
2010-06-08,58,12.9
2010-06-09,69,19.0
2010-06-10,68,18.2
2010-06-11,81,25.2
2010-06-12,73,21.0
2010-06-13,70,19.2
2010-06-14,65,16.6
2010-06-15,63,15.5
2010-06-16,57,12.5
2010-06-17,55,11.5
2010-06-18,58,12.7
2010-06-19,63,15.8
2010-06-20,56,11.8
2010-06-21,66,17.0
2010-06-22,64,16.0
2010-06-23,63,15.4
2010-06-24,64,16.0
2010-06-25,60,13.9
2010-06-26,54,10.6
2010-06-27,59,13.2
2010-06-28,63,15.6
2010-07-07,64,16.0
2010-07-08,71,19.9
2010-07-09,76,22.5
2010-07-10,56,11.6
2010-07-11,60,14.1
2010-07-12,62,14.8
2010-07-13,58,12.8
2010-07-14,55,11.0
2010-07-15,61,14.4
2010-07-16,64,15.9
2010-07-17,51,9.1
2010-07-18,49,8.9
2010-07-19,56,11.9
2010-07-20,62,15.2
2010-07-21,61,14.5
2010-07-22,63,15.4
2010-07-23,64,16.1
2010-07-24,71,19.7
2010-07-25,46,8.3
2010-07-26,52,9.5
2010-07-27,43,7.8
2010-07-28,53,10.0
2010-07-29,52,9.5
2010-07-30,61,14.5
2010-07-31,66,16.9
2010-08-01,55,11.5
2010-08-02,71,19.7
2010-08-03,69,18.6
2010-08-04,68,18.0
2010-08-05,65,16.5
2010-08-06,61,14.5
2010-08-07,60,13.9
2010-08-08,67,17.5
2010-08-09,75,22.0
2010-08-10,69,18.5
2010-08-11,51,9.2
2010-08-12,60,13.9
2010-08-13,48,8.7
2010-08-14,53,10.1
2010-08-15,39,7.0
2010-08-16,38,6.8
2010-08-17,41,7.4
2010-08-18,48,8.6
2010-08-19,51,9.3
2010-08-20,52,9.7
2010-08-21,57,12.5
2010-08-22,48,8.7
2010-08-23,60,13.9
2010-08-24,71,20.0
2010-08-25,73,21.0
2010-08-26,77,23.1
2010-08-27,62,15.2
2010-08-28,55,11.1
2010-08-29,58,12.6
2010-08-31,54,10.9
2010-09-01,69,18.7
2010-09-02,71,20.0
2010-09-03,72,20.5
2010-09-04,37,6.6
2010-09-05,47,8.5
2010-09-06,55,11.3
2010-09-07,63,15.5
2010-09-08,68,18.0
2010-09-09,61,14.5
2010-09-10,60,13.7
2010-09-11,61,14.4
2010-09-12,41,7.4
2010-09-13,48,8.7
2010-09-14,53,10.1
2010-09-15,61,14.4
2010-09-16,56,12.0
2010-09-17,67,17.7
2010-09-18,72,20.2
2010-09-19,71,19.8
2010-09-20,72,20.5
2010-09-21,69,19.0
2010-09-22,69,19.0
2010-09-23,71,20.0
2010-09-24,57,12.5
2010-09-25,57,12.5
2010-09-26,38,6.9
2010-09-27,33,5.9
2010-09-28,55,11.0
2010-09-29,55,11.3
2010-09-30,40,7.2
2010-10-01,58,12.8
2010-10-02,54,10.7
2010-10-03,39,7.0
2010-10-04,29,5.2
2010-10-05,46,8.3
2010-10-06,52,9.6
2010-10-07,58,13.1
2010-10-08,63,15.3
2010-10-09,63,15.4
2010-10-10,60,14.1
2010-10-11,71,19.8
2010-10-12,69,18.9
2010-10-13,62,15.0
2010-10-14,47,8.5
2010-10-15,43,7.8
2010-10-16,52,9.9
2010-10-17,55,11.3
2010-10-19,75,22.2
2010-10-23,60,14.1
2010-10-24,50,9.0
2010-10-25,44,7.9
2010-10-26,31,5.5
2010-10-27,29,5.2
2010-10-28,34,6.2
2010-10-29,36,6.5
2010-10-30,57,12.1
2010-10-31,62,15.0
2010-11-01,64,16.1
2010-11-02,54,10.7
2010-11-03,38,6.8
2010-11-04,38,6.9
2010-11-05,38,6.8
2010-11-06,50,9.0
2010-11-07,56,11.9
2010-11-08,53,10.0
2010-11-09,53,10.2
2010-11-10,61,14.5
2010-11-11,68,18.1
2010-11-12,62,15.0
2010-11-13,63,15.3
2010-11-14,65,16.7
2010-11-15,57,12.5
2010-11-16,28,5.1
2010-11-17,43,7.8
2010-11-18,61,14.2
2010-11-19,65,16.5
2010-11-20,67,17.6
2010-11-21,62,15.1
2010-11-22,53,10.3
2010-11-23,52,9.7
2010-11-24,32,5.7
2010-11-25,54,10.8
2010-11-26,19,3.5
2010-11-27,36,6.5
2010-11-28,47,8.4
2010-11-29,44,7.9
2010-11-30,29,5.2
2010-12-01,39,7.1
2010-12-02,43,7.7
2010-12-03,59,13.2
2010-12-04,63,15.7
2010-12-05,40,7.2
2010-12-06,32,5.8
2010-12-07,53,10.2
2010-12-08,57,12.2
2010-12-09,62,14.8
2010-12-10,71,19.7
2010-12-11,63,15.6
2010-12-12,39,7.1
2010-12-13,26,4.7
2010-12-16,42,7.5
2010-12-17,44,8.0
2010-12-18,72,20.5
2010-12-19,59,13.5
2010-12-20,53,10.2
2010-12-21,57,12.5
2010-12-23,49,8.9
2010-12-24,55,11.4
2010-12-25,73,20.9
2010-12-26,43,7.7
2010-12-27,27,4.9
2010-12-28,39,7.0
2010-12-29,60,13.9
2010-12-30,58,12.7
2010-12-31,58,13.0
2011-01-01,42,7.5
2011-01-02,18,3.2
2011-01-03,42,7.5
2011-01-04,61,14.6
2011-01-05,,10.090909
2011-01-06,53,10.4
2011-01-07,37,6.6
2011-01-08,34,6.2
2011-01-09,49,8.9
2011-01-10,49,8.9
2011-01-11,53,10.2
2011-01-12,60,13.8
2011-01-13,58,12.6
2011-01-14,65,16.7
2011-01-15,64,16.0
2011-01-16,61,14.2
2011-01-17,71,19.9
2011-01-18,69,18.9
2011-01-19,54,10.8
2011-01-20,60,13.8
2011-01-21,35,6.3
2011-01-22,48,8.7
2011-01-23,56,11.7
2011-01-24,65,16.6
2011-01-25,62,15.0
2011-01-26,41,7.3
2011-01-27,58,12.6
2011-01-28,53,10.3
2011-01-29,58,12.6
2011-01-30,57,12.3
2011-01-31,65,16.6
2011-02-01,78,23.6
2011-02-02,32,5.7
2011-02-03,,8.1
2011-02-04,,5.583333
2011-02-05,16,2.8
2011-02-06,49,8.9
2011-02-07,66,17.2
2011-02-08,,7.764706
2011-02-09,52,9.6
2011-02-10,52,9.4
2011-02-11,59,13.4
2011-02-12,43,7.8
2011-02-13,52,9.8
2011-02-14,55,11.0
2011-02-15,61,14.2
2011-02-16,69,19.0
2011-02-17,,21.8
2011-02-18,,29.375
2011-02-19,77,23.3
2011-02-20,51,9.2
2011-02-21,58,12.9
2011-02-22,46,8.2
2011-02-23,66,17.2
2011-02-24,87,28.4
2011-02-25,39,7.0
2011-02-26,51,9.1
2011-02-27,57,12.5
2011-02-28,58,13.0
2011-03-01,32,5.7
2011-03-02,53,10.4
2011-03-03,60,14.0
2011-03-04,56,12.0
2011-03-05,46,8.2
2011-03-06,33,6.0
2011-03-07,47,8.4
2011-03-08,52,9.9
2011-03-09,43,7.8
2011-03-10,35,6.3
2011-03-11,54,10.5
2011-03-12,54,10.7
2011-03-13,58,12.6
2011-03-14,63,15.5
2011-03-15,55,11.2
2011-03-16,45,8.1
2011-03-17,55,11.1
2011-03-18,65,16.4
2011-03-19,69,18.8
2011-03-20,56,11.9
2011-03-21,58,12.7
2011-03-22,67,17.9
2011-03-23,62,14.9
2011-03-24,40,7.2
2011-03-25,47,8.5
2011-03-26,66,17.0
2011-03-27,51,9.3
2011-03-28,24,4.3
2011-03-29,56,11.9
2011-03-30,44,8.0
2011-03-31,51,9.2
2011-04-01,61,14.2
2011-04-02,35,6.3
2011-04-03,43,7.8
2011-04-04,53,10.4
2011-04-05,22,3.9
2011-04-06,41,7.4
2011-04-07,57,12.5
2011-04-08,64,16.1
2011-04-09,66,17.2
2011-04-10,59,13.6
2011-04-11,55,11.1
2011-04-12,34,6.2
2011-04-13,50,9.0
2011-04-14,63,15.6
2011-04-15,59,13.5
2011-04-16,39,7.1
2011-04-17,42,7.5
2011-04-18,60,13.7
2011-04-19,61,14.7
2011-04-20,53,10.0
2011-04-21,48,8.7
2011-04-22,56,11.8
2011-04-23,50,9.0
2011-04-24,58,12.7
2011-04-25,59,13.2
2011-04-26,51,9.1
2011-04-27,52,9.8
2011-04-28,31,5.5
2011-04-29,44,8.0
2011-04-30,57,12.5
2011-05-01,61,14.3
2011-05-02,55,11.5
2011-05-03,43,7.7
2011-05-04,38,6.9
2011-05-05,52,9.5
2011-05-06,54,10.6
2011-05-07,56,11.6
2011-05-08,64,16.3
2011-05-09,75,21.9
2011-05-10,78,23.5
2011-05-11,73,20.7
2011-05-12,70,19.1
2011-05-13,60,13.7
2011-05-14,48,8.7
2011-05-15,20,3.6
2011-05-16,19,3.5
2011-05-17,32,5.8
2011-05-18,54,10.6
2011-05-19,61,14.6
2011-05-20,68,18.3
2011-05-21,68,18.3
2011-05-22,69,18.5
2011-05-23,63,15.8
2011-05-24,63,15.6
2011-05-25,66,17.2
2011-05-26,51,9.1
2011-05-27,56,11.9
2011-05-28,62,15.2
2011-05-29,72,20.2
2011-05-30,65,16.6
2011-05-31,73,21.0
2011-06-01,78,23.4
2011-06-02,97,33.6
2011-06-03,86,28.1
2011-06-04,77,23.2
2011-06-05,75,22.2
2011-06-06,66,17.3
2011-06-07,75,22.2
2011-06-08,83,26.2
2011-06-09,83,26.5
2011-06-10,71,19.8
2011-06-11,72,20.2
2011-06-12,67,17.9
2011-06-13,69,18.8
2011-06-14,61,14.5
2011-06-15,62,15.0
2011-06-16,56,11.7
2011-06-17,60,14.1
2011-06-18,53,10.1
2011-06-19,57,12.2
2011-06-20,64,16.0
2011-06-21,55,11.2
2011-06-22,,4.6875
2011-06-23,51,9.1
2011-06-24,52,9.7
2011-06-25,53,10.0
2011-06-27,56,11.9
2011-06-28,54,10.8
2011-06-29,56,11.9
2011-06-30,65,16.4
2011-07-01,70,19.5
2011-07-02,76,22.5
2011-07-03,74,21.6
2011-07-04,70,19.3
2011-07-05,60,14.1
2011-07-06,59,13.4
2011-07-07,75,22.0
2011-07-08,70,19.2
2011-07-09,63,15.7
2011-07-10,66,17.0
2011-07-11,71,19.9
2011-07-12,77,23.2
2011-07-13,69,18.7
2011-07-14,62,15.1
2011-07-15,55,11.0
2011-07-16,41,7.3
2011-07-17,39,7.0
2011-07-18,63,15.5
2011-07-19,71,19.7
2011-07-20,72,20.4
2011-07-21,66,17.0
2011-07-22,70,19.2
2011-07-23,45,8.1
2011-07-24,41,7.3
2011-07-25,56,11.8
2011-07-26,62,14.8
2011-07-27,60,14.0
2011-07-28,31,5.6
2011-07-29,41,7.4
2011-07-30,51,9.2
2011-07-31,54,10.9
2011-08-01,55,11.3
2011-08-02,62,14.8
2011-08-03,76,22.5
2011-08-04,54,10.6
2011-08-05,56,11.6
2011-08-06,59,13.5
2011-08-07,64,16.0
2011-08-08,57,12.4
2011-08-09,53,10.2
2011-08-10,57,12.3
2011-08-11,58,13.0
2011-08-12,63,15.7
2011-08-13,61,14.4
2011-08-14,54,10.5
2011-08-15,55,11.5
2011-08-16,62,14.8
2011-08-17,62,15.2
2011-08-18,63,15.8
2011-08-19,71,19.7
2011-08-20,64,16.3
2011-08-21,69,18.5
2011-08-22,61,14.2
2011-08-23,50,9.0
2011-08-24,57,12.1
2011-08-25,57,12.2
2011-08-26,64,16.2
2011-08-27,54,10.7
2011-08-28,53,10.2
2011-08-29,63,15.5
2011-08-30,67,17.5
2011-08-31,71,19.6
2011-09-01,70,19.2
2011-09-02,70,19.5
2011-09-03,75,22.0
2011-09-04,63,15.5
2011-09-05,33,6.0
2011-09-06,,3.818182
2011-09-07,24,4.3
2011-09-08,34,6.2
2011-09-09,52,9.5
2011-09-10,57,12.2
2011-09-11,58,12.8
2011-09-12,63,15.4
2011-09-13,65,16.7
2011-09-14,70,19.2
2011-09-15,65,16.8
2011-09-16,34,6.2
2011-09-17,38,6.9
2011-09-18,27,4.8
2011-09-19,31,5.6
2011-09-20,40,7.2
2011-09-21,44,8.0
2011-09-22,52,9.8
2011-09-23,41,7.3
2011-09-24,38,6.8
2011-09-25,55,11.1
2011-09-26,53,10.0
2011-09-27,57,12.5
2011-09-28,59,13.6
2011-09-29,56,11.7
2011-09-30,46,8.3
2011-10-01,18,3.2
2011-10-02,18,3.3
2011-10-03,31,5.5
2011-10-04,46,8.2
2011-10-05,55,11.0
2011-10-06,55,11.1
2011-10-07,54,10.7
2011-10-08,40,7.2
2011-10-09,33,5.9
2011-10-10,32,5.7
2011-10-11,23,4.2
2011-10-12,26,4.6
2011-10-13,34,6.1
2011-10-14,32,5.7
2011-10-15,37,6.7
2011-10-16,46,8.2
2011-10-17,58,13.1
2011-10-18,56,11.7
2011-10-19,27,4.9
2011-10-20,27,4.9
2011-10-21,41,7.4
2011-10-22,51,9.1
2011-10-23,57,12.4
2011-10-24,57,12.2
2011-10-25,60,13.7
2011-10-26,62,14.8
2011-10-27,65,16.7
2011-10-28,52,9.7
2011-10-29,26,4.6
2011-10-30,53,10.1
2011-10-31,57,12.4
2011-11-01,59,13.5
2011-11-02,62,14.9
2011-11-03,57,12.2
2011-11-04,38,6.9
2011-11-05,52,9.5
2011-11-06,39,7.1
2011-11-07,43,7.8
2011-11-08,52,9.4
2011-11-09,54,10.9
2011-11-10,26,4.6
2011-11-11,42,7.6
2011-11-12,62,15.2
2011-11-13,55,11.5
2011-11-14,48,8.6
2011-11-15,56,11.6
2011-11-16,43,7.7
2011-11-17,33,6.0
2011-11-18,32,5.8
2011-11-19,46,8.2
2011-11-20,64,15.9
2011-11-21,60,13.7
2011-11-22,52,9.7
2011-11-23,22,4.0
2011-11-24,42,7.5
2011-11-25,52,9.5
2011-11-26,48,8.7
2011-11-27,24,4.3
2011-11-28,12,2.1
2011-11-29,16,2.9
2011-11-30,28,5.0
2011-12-01,52,9.5
2011-12-02,62,14.9
2011-12-03,63,15.5
2011-12-04,56,12.0
2011-12-05,51,9.3
2011-12-06,31,5.5
2011-12-07,11,2.0
2011-12-08,43,7.7
2011-12-09,55,11.3
2011-12-10,55,11.1
2011-12-11,52,9.4
2011-12-12,51,9.3
2011-12-13,53,10.1
2011-12-14,59,13.3
2011-12-15,60,13.9
2011-12-16,47,8.4
2011-12-17,24,4.3
2011-12-18,45,8.1
2011-12-19,67,17.8
2011-12-20,62,15.2
2011-12-21,22,3.9
2011-12-22,17,3.0
2011-12-23,28,5.0
2011-12-24,48,8.7
2011-12-25,59,13.3
2011-12-26,39,7.0
2011-12-27,16,2.9
2011-12-28,32,5.7
2011-12-29,59,13.4
2011-12-30,59,13.5
2011-12-31,52,9.6
2012-01-01,60,13.8
2012-01-02,12,2.1
2012-01-03,22,3.9
2012-01-04,50,9.0
2012-01-05,55,11.0
2012-01-06,62,15.2
2012-01-07,55,11.5
2012-01-08,50,9.0
2012-01-09,51,9.1
2012-01-10,51,9.1
2012-01-11,41,7.3
2012-01-12,27,4.9
2012-01-13,14,2.5
2012-01-14,22,3.9
2012-01-15,33,5.9
2012-01-16,58,12.8
2012-01-17,53,10.2
2012-01-18,41,7.4
2012-01-19,49,8.8
2012-01-20,46,8.2
2012-01-21,26,4.6
2012-01-22,28,5.0
2012-01-23,19,3.4
2012-01-24,34,6.1
2012-01-25,51,9.2
2012-01-26,41,7.4
2012-01-27,23,4.2
2012-01-28,43,7.7
2012-01-29,25,4.5
2012-01-30,51,9.2
2012-01-31,60,13.7
2012-02-01,67,17.5
2012-02-02,38,6.8
2012-02-03,36,6.5
2012-02-04,56,12.0
2012-02-05,21,3.7
2012-02-06,48,8.7
2012-02-07,55,11.3
2012-02-08,51,9.2
2012-02-09,55,11.0
2012-02-10,70,19.5
2012-02-11,34,6.1
2012-02-12,34,6.2
2012-02-13,60,13.9
2012-02-14,90,30.0
2012-02-15,63,15.3
2012-02-16,58,12.9
2012-02-17,48,8.7
2012-02-18,54,10.9
2012-02-19,14,2.6
2012-02-20,29,5.2
2012-02-21,37,6.7
2012-02-22,43,7.7
2012-02-23,48,8.6
2012-02-24,45,8.1
2012-02-25,18,3.2
2012-02-26,36,6.5
2012-02-27,44,8.0
2012-02-28,47,8.5
2012-02-29,33,6.0
2012-03-01,50,9.0
2012-03-02,39,7.0
2012-03-03,22,4.0
2012-03-04,26,4.6
2012-03-05,25,4.5
2012-03-06,46,8.3
2012-03-07,60,13.7
2012-03-08,55,11.4
2012-03-09,24,4.3
2012-03-10,30,5.4
2012-03-11,50,9.0
2012-03-12,36,6.5
2012-03-13,51,9.1
2012-03-14,55,11.0
2012-03-15,58,12.7
2012-03-16,47,8.5
2012-03-17,59,13.6
2012-03-18,63,15.8
2012-03-19,71,19.6
2012-03-20,69,18.8
2012-03-21,61,14.6
2012-03-22,48,8.7
2012-03-23,47,8.5
2012-03-24,23,4.2
2012-03-25,32,5.8
2012-03-26,51,9.1
2012-03-27,59,13.5
2012-03-28,69,18.7
2012-03-29,70,19.2
2012-03-30,60,14.0
2012-03-31,42,7.5
2012-04-01,52,9.5
2012-04-02,61,14.7
2012-04-03,61,14.4
2012-04-04,55,11.3
2012-04-05,44,7.9
2012-04-06,32,5.8
2012-04-07,55,11.0
2012-04-08,54,10.7
2012-04-09,44,8.0
2012-04-10,53,10.2
2012-04-11,28,5.1
2012-04-12,32,5.8
2012-04-13,57,12.2
2012-04-14,57,12.4
2012-04-15,56,11.6
2012-04-16,53,10.0
2012-04-17,57,12.2
2012-04-18,37,6.7
2012-04-19,44,7.9
2012-04-20,60,14.0
2012-04-21,61,14.2
2012-04-22,29,5.2
2012-04-23,44,8.0
2012-04-24,37,6.7
2012-04-25,58,12.7
2012-04-26,46,8.3
2012-04-27,65,16.5
2012-04-28,58,12.6
2012-04-29,59,13.5
2012-04-30,63,15.3
2012-05-01,58,12.7
2012-05-02,56,12.0
2012-05-03,52,9.7
2012-05-04,53,10.3
2012-05-05,56,11.9
2012-05-06,52,9.7
2012-05-07,53,10.0
2012-05-08,47,8.5
2012-05-09,53,10.2
2012-05-10,46,8.3
2012-05-11,53,10.1
2012-05-12,63,15.5
2012-05-13,56,12.0
2012-05-14,41,7.3
2012-05-15,52,9.9
2012-05-16,46,8.3
2012-05-17,54,10.5
2012-05-18,53,10.3
2012-05-19,56,11.7
2012-05-20,55,11.2
2012-05-21,58,13.0
2012-05-22,46,8.2
2012-05-23,58,12.8
2012-05-24,63,15.4
2012-05-25,67,17.5
2012-05-26,72,20.6
2012-05-27,51,9.2
2012-05-28,32,5.8
2012-05-29,39,7.1
2012-05-30,42,7.6
2012-05-31,57,12.2
2012-06-01,41,7.4
2012-06-02,31,5.6
2012-06-03,58,13.0
2012-06-04,46,8.3
2012-06-05,35,6.3
2012-06-06,43,7.7
2012-06-07,42,7.5
2012-06-08,52,9.7
2012-06-09,52,9.5
2012-06-10,23,4.2
2012-06-11,24,4.3
2012-06-12,44,8.0
2012-06-13,54,10.6
2012-06-14,58,12.6
2012-06-15,51,9.3
2012-06-16,47,8.5
2012-06-17,45,8.1
2012-06-18,57,12.3
2012-06-19,57,12.2
2012-06-20,52,9.9
2012-06-21,57,12.3
2012-06-22,62,15.2
2012-06-23,61,14.5
2012-06-24,60,13.7
2012-06-25,48,8.6
2012-06-26,56,11.6
2012-06-27,52,9.7
2012-06-28,63,15.5
2012-06-29,58,12.9
2012-06-30,74,21.6
2012-07-01,82,25.6
2012-07-02,54,10.8
2012-07-03,58,12.7
2012-07-04,68,18.4
2012-07-05,73,20.9
2012-07-06,54,10.5
2012-07-07,55,11.4
2012-07-08,60,13.8
2012-07-09,59,13.5
2012-07-10,46,8.2
2012-07-11,34,6.2
2012-07-12,43,7.8
2012-07-13,37,6.6
2012-07-14,36,6.5
2012-07-15,30,5.4
2012-07-16,54,10.7
2012-07-20,58,12.9
2012-07-21,48,8.6
2012-07-22,54,10.6
2012-07-23,61,14.2
2012-07-24,55,11.4
2012-07-25,59,13.6
2012-07-26,62,14.9
2012-07-27,52,9.7
2012-07-28,43,7.7
2012-07-29,52,9.5
2012-07-30,55,11.4
2012-07-31,55,11.2
2012-08-01,63,15.6
2012-08-02,62,15.1
2012-08-03,56,11.9
2012-08-04,51,9.3
2012-08-05,37,6.6
2012-08-06,36,6.5
2012-08-07,37,6.7
2012-08-08,46,8.3
2012-08-09,46,8.3
2012-08-10,57,12.1
2012-08-11,45,8.1
2012-08-12,42,7.6
2012-08-13,57,12.1
2012-08-14,54,10.8
2012-08-15,57,12.2
2012-08-16,63,15.5
2012-08-17,54,10.6
2012-08-18,53,10.1
2012-08-19,46,8.3
2012-08-20,55,11.2
2012-08-21,60,14.0
2012-08-22,58,13.0
2012-08-23,56,12.0
2012-08-24,55,11.0
2012-08-25,56,11.8
2012-08-26,59,13.4
2012-08-27,53,10.0
2012-08-28,22,4.0
2012-08-29,36,6.5
2012-08-30,28,5.0
2012-08-31,36,6.4
2012-09-01,48,8.6
2012-09-02,47,8.5
2012-09-03,48,8.7
2012-09-04,31,5.6
2012-09-05,40,7.2
2012-09-06,51,9.2
2012-09-07,59,13.5
2012-09-08,,13.785714
2012-09-09,31,5.5
2012-09-10,48,8.6
2012-09-11,55,11.5
2012-09-12,55,11.1
2012-09-13,48,8.6
2012-09-14,46,8.3
2012-09-15,52,9.8
2012-09-16,54,10.8
2012-09-17,44,8.0
2012-09-18,28,5.0
2012-09-19,45,8.1
2012-09-20,58,12.7
2012-09-21,61,14.2
2012-09-22,60,14.0
2012-09-23,64,16.3
2012-09-24,27,4.9
2012-09-25,52,9.4
2012-09-26,54,10.7
2012-09-27,59,13.6
2012-09-28,59,13.2
2012-09-29,59,13.4
2012-09-30,56,11.7
2012-10-01,20,3.6
2012-10-02,16,2.9
2012-10-03,51,9.3
2012-10-04,57,12.5
2012-10-05,64,16.3
2012-10-06,61,14.5
2012-10-07,27,4.8
2012-10-08,38,6.9
2012-10-09,69,18.7
2012-10-10,51,9.1
2012-10-11,71,19.6
2012-10-12,49,8.8
2012-10-13,49,8.8
2012-10-14,51,9.3
2012-10-15,38,6.9
2012-10-16,40,7.2
2012-10-17,53,10.4
2012-10-18,51,9.1
2012-10-19,37,6.7
2012-10-20,42,7.5
2012-10-21,37,6.7
2012-10-22,66,17.2
2012-10-23,56,11.6
2012-10-24,60,13.7
2012-10-25,54,10.8
2012-10-26,50,9.0
2012-10-27,52,9.5
2012-10-28,19,3.5
2012-10-29,23,4.2
2012-10-30,62,14.8
2012-10-31,32,5.8
2012-11-01,33,6.0
2012-11-02,,20.333333
2012-11-03,67,17.8
2012-11-04,61,14.5
2012-11-05,46,8.3
2012-11-06,58,13.0
2012-11-07,53,10.2
2012-11-08,55,11.4
2012-11-09,61,14.4
2012-11-10,62,14.9
2012-11-11,59,13.3
2012-11-12,38,6.8
2012-11-13,32,5.8
2012-11-15,53,10.0
2012-11-16,64,16.1
2012-11-17,55,11.4
2012-11-18,39,7.1
2012-11-19,53,10.0
2012-11-20,55,11.5
2012-11-21,61,14.6
2012-11-22,64,15.9
2012-11-23,63,15.6
2012-11-24,22,4.0
2012-11-25,46,8.2
2012-11-26,70,19.4
2012-11-27,70,19.2
2012-11-28,54,10.6
2012-11-29,62,14.9
2012-11-30,65,16.7
2012-12-01,61,14.5
2012-12-02,54,10.7
2012-12-03,55,11.1
2012-12-04,56,11.9
2012-12-05,54,10.9
2012-12-06,34,6.2
2012-12-07,49,8.9
2012-12-08,58,12.7
2012-12-09,49,8.8
2012-12-10,25,4.5
2012-12-11,49,8.9
2012-12-12,45,8.1
2012-12-13,45,8.1
2012-12-14,59,13.2
2012-12-15,59,13.2
2012-12-16,57,12.5
2012-12-17,18,3.2
2012-12-18,42,7.6
2012-12-19,59,13.2
2012-12-20,53,10.0
2012-12-21,9,1.6
2012-12-22,3,0.5
2012-12-23,19,3.5
2012-12-24,,10.461538
2012-12-25,31,5.6
2012-12-26,,9.25
2012-12-27,47,8.5
2012-12-28,59,13.4
2012-12-29,44,8.0
2012-12-30,52,9.8
2012-12-31,59,13.3
2013-01-01,61,14.5
2013-01-02,31,5.5
2013-01-03,55,11.3
2013-01-04,47,8.5
2013-01-05,54,10.7
2013-01-06,33,6.0
2013-01-07,43,7.7
2013-01-08,53,10.2
2013-01-09,52,9.7
2013-01-10,50,9.0
2013-01-11,36,6.4
2013-01-12,43,7.7
2013-01-13,38,6.9
2013-01-14,31,5.5
2013-01-15,31,5.5
2013-01-16,25,4.5
2013-01-17,15,2.7
2013-01-18,32,5.7
2013-01-19,53,10.4
2013-01-20,55,11.5
2013-01-21,53,10.2
2013-01-22,22,4.0
2013-01-23,54,10.5
2013-01-24,55,11.0
2013-01-25,58,12.9
2013-01-26,53,10.3
2013-01-27,56,11.7
2013-01-28,69,19.0
2013-01-29,74,21.3
2013-01-30,34,6.2
2013-01-31,21,3.7
2013-02-01,28,5.0
2013-02-02,52,9.6
2013-02-03,36,6.4
2013-02-04,42,7.6
2013-02-05,62,15.2
2013-02-06,54,10.7
2013-02-07,57,12.2
2013-02-08,42,7.6
2013-02-09,42,7.5
2013-02-10,37,6.7
2013-02-11,17,3.0
2013-02-12,27,4.8
2013-02-13,17,3.0
2013-02-14,34,6.2
2013-02-15,55,11.0
2013-02-16,28,5.0
2013-02-17,24,4.3
2013-02-18,53,10.2
2013-02-19,39,7.0
2013-02-20,17,3.1
2013-02-21,42,7.6
2013-02-22,44,7.9
2013-02-23,26,4.7
2013-02-24,34,6.1
2013-02-25,47,8.5
2013-02-26,25,4.5
2013-02-27,27,4.9
2013-02-28,33,6.0
2013-03-01,33,6.0
2013-03-02,27,4.9
2013-03-03,36,6.5
2013-03-04,48,8.7
2013-03-05,43,7.7
2013-03-06,37,6.6
2013-03-07,44,7.9
2013-03-08,44,8.0
2013-03-09,54,10.6
2013-03-10,51,9.2
2013-03-11,20,3.6
2013-03-12,21,3.8
2013-03-13,27,4.8
2013-03-14,33,5.9
2013-03-15,55,11.5
2013-03-16,56,12.0
2013-03-17,54,10.6
2013-03-18,49,8.8
2013-03-19,23,4.1
2013-03-20,22,4.0
2013-03-21,51,9.2
2013-03-22,41,7.4
2013-03-23,60,13.9
2013-03-24,17,3.0
2013-03-25,37,6.7
2013-03-26,33,5.9
2013-03-27,39,7.1
2013-03-28,55,11.5
2013-03-29,61,14.3
2013-03-30,61,14.7
2013-03-31,51,9.2
2013-04-01,29,5.3
2013-04-02,40,7.2
2013-04-03,36,6.4
2013-04-04,40,7.2
2013-04-05,29,5.2
2013-04-06,55,11.2
2013-04-07,51,9.2
2013-04-08,55,11.0
2013-04-09,62,14.9
2013-04-10,59,13.5
2013-04-11,42,7.6
2013-04-12,21,3.7
2013-04-13,33,5.9
2013-04-14,47,8.5
2013-04-15,46,8.2
2013-04-16,52,9.8
2013-04-17,53,10.3
2013-04-18,57,12.1
2013-04-19,33,5.9
2013-04-20,19,3.4
2013-04-21,39,7.1
2013-04-22,58,13.1
2013-04-23,43,7.8
2013-04-24,47,8.5
2013-04-25,34,6.1
2013-04-26,55,11.5
2013-04-27,56,12.0
2013-04-28,44,8.0
2013-04-29,34,6.2
2013-04-30,52,9.5
2013-05-01,36,6.5
2013-05-02,22,4.0
2013-05-03,26,4.6
2013-05-04,21,3.7
2013-05-05,35,6.3
2013-05-06,29,5.2
2013-05-07,24,4.4
2013-05-08,51,9.2
2013-05-09,55,11.5
2013-05-10,59,13.4
2013-05-11,52,9.6
2013-05-12,29,5.2
2013-05-13,26,4.7
2013-05-14,54,10.7
2013-05-15,57,12.5
2013-05-16,65,16.4
2013-05-17,59,13.2
2013-05-18,43,7.8
2013-05-19,31,5.5
2013-05-20,56,11.9
2013-05-21,60,14.0
2013-05-22,52,9.5
2013-05-23,34,6.2
2013-05-24,29,5.3
2013-05-25,36,6.5
2013-05-26,53,10.0
2013-05-27,58,12.7
2013-05-28,48,8.6
2013-05-29,47,8.5
2013-05-30,49,8.8
2013-05-31,46,8.2
2013-06-01,36,6.5
2013-06-02,29,5.2
2013-06-03,48,8.6
2013-06-04,56,11.6
2013-06-05,52,9.4
2013-06-06,19,3.4
2013-06-07,43,7.7
2013-06-08,66,16.9
2013-06-09,53,10.4
2013-06-10,30,5.4
2013-06-11,57,12.3
2013-06-12,69,18.7
2013-06-13,65,16.8
2013-06-14,56,11.9
2013-06-15,57,12.1
2013-06-16,61,14.7
2013-06-17,37,6.7
2013-06-18,43,7.7
2013-06-19,34,6.2
2013-06-20,54,10.8
2013-06-21,56,11.9
2013-06-22,57,12.1
2013-06-23,52,9.5
2013-06-24,56,11.6
2013-06-25,60,14.1
2013-06-26,56,12.0
2013-06-27,57,12.3
2013-06-28,58,13.0
2013-06-29,55,11.2
2013-06-30,55,11.1
2013-07-01,50,9.0
2013-07-02,52,9.4
2013-07-03,18,3.2
2013-07-04,29,5.2
2013-07-05,31,5.5
2013-07-06,27,4.8
2013-07-07,26,4.6
2013-07-08,33,5.9
2013-07-09,39,7.1
2013-07-10,42,7.6
2013-07-11,52,9.9
2013-07-12,54,10.6
2013-07-13,29,5.2
2013-07-14,24,4.4
2013-07-15,32,5.8
2013-07-16,32,5.7
2013-07-17,43,7.7
2013-07-18,46,8.3
2013-07-19,58,12.7
2013-07-20,54,10.5
2013-07-21,27,4.9
2013-07-22,51,9.1
2013-07-23,37,6.7
2013-07-24,54,10.7
2013-07-25,58,13.0
2013-07-26,62,15.2
2013-07-27,64,16.3
2013-07-28,66,17.2
2013-07-29,53,10.2
2013-07-30,53,10.0
2013-07-31,48,8.7
2013-08-01,52,9.5
2013-08-02,57,12.3
2013-08-03,64,16.1
2013-08-04,56,11.7
2013-08-05,61,14.5
2013-08-06,61,14.3
2013-08-07,57,12.1
2013-08-08,49,8.9
2013-08-09,42,7.6
2013-08-10,44,7.9
2013-08-11,42,7.6
2013-08-12,39,7.0
2013-08-13,39,7.0
2013-08-14,54,10.5
2013-08-15,56,12.0
2013-08-16,28,5.1
2013-08-17,44,7.9
2013-08-18,26,4.7
2013-08-19,33,6.0
2013-08-20,25,4.5
2013-08-21,32,5.8
2013-08-22,36,6.4
2013-08-23,53,10.3
2013-08-24,44,8.0
2013-08-25,47,8.4
2013-08-26,47,8.5
2013-08-27,65,16.7
2013-08-28,74,21.5
2013-08-29,72,20.5
2013-08-30,69,19.0
2013-08-31,65,16.5
2013-09-01,61,14.7
2013-09-02,50,9.0
2013-09-03,60,13.7
2013-09-04,63,15.3
2013-09-05,63,15.3
2013-09-06,61,14.4
2013-09-07,64,15.9
2013-09-08,69,18.5
2013-09-09,69,18.7
2013-09-10,66,16.9
2013-09-11,61,14.4
2013-09-12,64,16.3
2013-09-13,53,10.1
2013-09-14,55,11.1
2013-09-15,59,13.2
2013-09-16,63,15.5
2013-09-17,59,13.2
2013-09-18,52,9.6
2013-09-19,56,11.8
2013-09-20,56,11.6
2013-09-21,39,7.0
2013-09-22,26,4.6
2013-09-23,44,8.0
2013-09-24,52,9.9
2013-09-25,41,7.4
2013-09-26,52,9.7
2013-09-27,51,9.3
2013-09-28,36,6.4
2013-09-29,39,7.0
2013-09-30,46,8.2
2013-10-01,55,11.2
2013-10-02,58,13.0
2013-10-03,62,14.9
2013-10-04,64,16.2
2013-10-05,65,16.7
2013-10-06,52,9.5
2013-10-07,19,3.5
2013-10-08,29,5.2
2013-10-09,31,5.6
2013-10-10,51,9.2
2013-10-11,52,9.7
2013-10-12,51,9.3
2013-10-13,51,9.2
2013-10-14,21,3.7
2013-10-15,28,5.0
2013-10-16,52,9.8
2013-10-17,53,10.0
2013-10-18,38,6.9
2013-10-19,54,10.7
2013-10-20,34,6.2
2013-10-21,56,11.6
2013-10-22,62,15.0
2013-10-23,36,6.4
2013-10-24,34,6.1
2013-10-25,31,5.5
2013-10-26,54,10.7
2013-10-27,60,13.7
2013-10-28,63,15.7
2013-10-29,66,17.0
2013-10-30,66,17.0
2013-10-31,57,12.3
2013-11-01,35,6.3
2013-11-02,44,8.0
2013-11-03,51,9.1
2013-11-04,47,8.5
2013-11-05,33,6.0
2013-11-06,43,7.7
2013-11-07,42,7.6
2013-11-08,39,7.0
2013-11-09,58,12.7
2013-11-10,60,14.1
2013-11-11,56,11.7
2013-11-12,58,12.6
2013-11-13,46,8.2
2013-11-14,62,14.9
2013-11-15,69,19.0
2013-11-16,63,15.7
2013-11-17,53,10.2
2013-11-18,28,5.1
2013-11-19,34,6.2
2013-11-20,52,9.6
2013-11-21,49,8.9
2013-11-22,63,15.5
2013-11-23,39,7.1
2013-11-24,37,6.7
2013-11-25,38,6.9
2013-11-26,29,5.2
2013-11-27,38,6.8
2013-11-28,56,11.6
2013-11-29,67,17.5
2013-11-30,60,13.7
2013-12-01,61,14.6
2013-12-02,67,17.6
2013-12-03,58,13.1
2013-12-04,46,8.3
2013-12-05,30,5.4
2013-12-06,41,7.3
2013-12-07,26,4.7
2013-12-08,8,1.4
2013-12-09,15,2.7
2013-12-10,27,4.8
2013-12-11,53,10.4
2013-12-12,43,7.7
2013-12-13,52,9.5
2013-12-14,47,8.5
2013-12-15,37,6.6
2013-12-16,53,10.2
2013-12-17,54,10.7
2013-12-18,34,6.2
2013-12-19,61,14.5
2013-12-20,69,19.0
2013-12-21,57,12.1
2013-12-22,18,3.2
2013-12-23,24,4.3
2013-12-24,41,7.3
2013-12-25,46,8.2
2013-12-26,48,8.7
2013-12-27,61,14.2
2013-12-28,62,15.0
2013-12-29,13,2.3
2013-12-30,53,10.4
2013-12-31,46,8.3
2014-01-01,64,16.3
2014-01-02,47,8.5
2014-01-03,46,8.2
2014-01-04,52,9.9
2014-01-05,69,19.0
2014-01-06,23,4.2
2014-01-07,32,5.7
2014-01-08,54,10.9
2014-01-09,55,11.2
2014-01-10,27,4.8
2014-01-11,15,2.7
2014-01-12,30,5.4
2014-01-13,43,7.7
2014-01-14,25,4.5
2014-01-15,36,6.4
2014-01-16,31,5.6
2014-01-17,38,6.9
2014-01-18,22,3.9
2014-01-19,46,8.2
2014-01-20,51,9.2
2014-01-21,52,9.4
2014-01-22,41,7.4
2014-01-23,46,8.2
2014-01-24,44,7.9
2014-01-25,57,12.2
2014-01-26,43,7.7
2014-01-27,52,9.9
2014-01-28,35,6.3
2014-01-29,52,9.8
2014-01-30,66,17.3
2014-01-31,80,24.5
2014-02-01,72,20.6
2014-02-02,51,9.1
2014-02-03,22,3.9
2014-02-04,34,6.2
2014-02-05,23,4.1
2014-02-06,63,15.8
2014-02-07,61,14.7
2014-02-08,56,11.7
2014-02-09,63,15.4
2014-02-10,59,13.3
2014-02-11,52,9.4
2014-02-12,53,10.2
2014-02-13,42,7.6
2014-02-14,59,13.6
2014-02-15,36,6.4
2014-02-16,60,13.7
2014-02-17,60,13.8
2014-02-18,57,12.5
2014-02-19,43,7.8
2014-02-20,52,9.6
2014-02-21,27,4.9
2014-02-22,43,7.7
2014-02-23,59,13.3
2014-02-24,33,5.9
2014-02-25,52,9.9
2014-02-26,47,8.5
2014-02-27,37,6.7
2014-02-28,51,9.2
2014-03-01,62,14.8
2014-03-02,71,19.6
2014-03-03,48,8.7
2014-03-04,27,4.9
2014-03-05,27,4.9
2014-03-06,53,10.0
2014-03-07,18,3.2
2014-03-08,54,10.7
2014-03-09,56,11.7
2014-03-10,57,12.5
2014-03-11,72,20.2
2014-03-12,42,7.6
2014-03-13,29,5.3
2014-03-14,60,14.0
2014-03-15,70,19.5
2014-03-16,58,12.6
2014-03-17,11,1.9
2014-03-18,19,3.4
2014-03-19,36,6.4
2014-03-20,52,9.9
2014-03-21,55,11.3
2014-03-22,73,20.8
2014-03-23,64,15.9
2014-03-24,55,11.2
2014-03-25,55,11.2
2014-03-26,40,7.2
2014-03-27,57,12.4
2014-03-28,40,7.2
2014-03-29,23,4.1
2014-03-30,37,6.6
2014-03-31,49,8.9
2014-04-01,59,13.4
2014-04-02,65,16.4
2014-04-03,63,15.3
2014-04-04,33,5.9
2014-04-05,34,6.2
2014-04-06,53,10.4
2014-04-07,23,4.2
2014-04-08,44,7.9
2014-04-09,51,9.1
2014-04-10,54,10.6
2014-04-11,56,11.8
2014-04-12,67,17.6
2014-04-13,57,12.1
2014-04-14,38,6.9
2014-04-15,15,2.7
2014-04-16,34,6.2
2014-04-17,42,7.6
2014-04-18,49,8.8
2014-04-19,14,2.5
2014-04-20,47,8.5
2014-04-21,57,12.4
2014-04-22,60,13.8
2014-04-23,49,8.9
2014-04-24,58,12.7
2014-04-25,54,10.9
2014-04-26,48,8.7
2014-04-27,60,13.9
2014-04-28,60,14.1
2014-04-29,29,5.3
2014-04-30,23,4.1
2014-05-01,29,5.3
2014-05-02,38,6.9
2014-05-03,39,7.1
2014-05-04,52,9.5
2014-05-05,57,12.5
2014-05-06,60,13.8
2014-05-07,58,13.0
2014-05-08,58,12.7
2014-05-09,52,9.4
2014-05-10,44,8.0
2014-05-11,51,9.1
2014-05-12,55,11.5
2014-05-13,56,12.0
2014-05-14,47,8.4
2014-05-15,15,2.7
2014-05-16,36,6.4
2014-05-17,52,9.7
2014-05-18,37,6.6
2014-05-19,26,4.6
2014-05-20,58,12.7
2014-05-21,58,13.0
2014-05-22,61,14.7
2014-05-23,61,14.4
2014-05-24,62,15.1
2014-05-25,63,15.4
2014-05-26,55,11.2
2014-05-27,63,15.5
2014-05-28,61,14.6
2014-05-29,53,10.3
2014-05-30,51,9.1
2014-05-31,51,9.2
2014-06-01,50,9.0
2014-06-02,40,7.2
2014-06-03,46,8.2
2014-06-04,53,10.2
2014-06-05,47,8.5
2014-06-06,40,7.2
2014-06-07,50,9.0
2014-06-08,38,6.9
2014-06-09,54,10.5
2014-06-10,32,5.8
2014-06-11,28,5.0
2014-06-12,42,7.5
2014-06-13,53,10.0
2014-06-14,53,10.0
2014-06-15,57,12.5
2014-06-16,68,18.3
2014-06-17,70,19.2
2014-06-18,67,17.7
2014-06-19,68,18.1
2014-06-20,62,14.9
2014-06-21,58,12.8
2014-06-22,56,11.7
2014-06-23,57,12.2
2014-06-24,57,12.4
2014-06-25,54,10.9
2014-06-26,47,8.5
2014-06-27,51,9.3
2014-06-28,42,7.6
2014-06-29,47,8.5
2014-06-30,44,8.0
2014-07-01,84,26.8
2014-07-02,76,22.7
2014-07-03,52,9.8
2014-07-04,50,9.0
2014-07-05,52,9.5
2014-07-06,55,11.5
2014-07-07,63,15.5
2014-07-08,71,19.7
2014-07-09,58,13.1
2014-07-10,48,8.7
2014-07-11,44,7.9
2014-07-12,54,10.7
2014-07-13,52,9.7
2014-07-14,56,11.7
2014-07-15,53,10.0
2014-07-16,44,7.9
2014-07-17,44,8.0
2014-07-18,57,12.3
2014-07-20,37,6.6
2014-07-21,42,7.6
2014-07-22,32,5.8
2014-07-23,44,7.9
2014-07-24,58,12.9
2014-07-25,56,11.9
2014-07-26,56,12.0
2014-07-27,62,14.9
2014-07-28,57,12.3
2014-07-29,47,8.4
2014-07-30,51,9.2
2014-07-31,56,11.8
2014-08-01,29,5.2
2014-08-02,38,6.9
2014-08-03,38,6.8
2014-08-04,52,9.9
2014-08-05,60,13.7
2014-08-06,71,20.1
2014-08-07,67,17.5
2014-08-08,54,10.5
2014-08-09,55,11.0
2014-08-10,50,9.0
2014-08-11,45,8.1
2014-08-12,54,10.5
2014-08-13,52,9.7
2014-08-14,55,11.1
2014-08-15,66,17.4
2014-08-16,67,17.6
2014-08-17,63,15.8
2014-08-18,55,11.4
2014-08-19,54,10.5
2014-08-20,59,13.6
2014-08-21,56,11.7
2014-08-22,63,15.6
2014-08-23,62,15.2
2014-08-24,54,10.9
2014-08-25,39,7.1
2014-08-26,52,9.5
2014-08-27,55,11.4
2014-08-28,57,12.5
2014-08-29,58,12.6
2014-08-30,54,10.7
2014-08-31,49,8.9
2014-09-01,58,12.8
2014-09-02,52,9.4
2014-09-03,43,7.7
2014-09-04,47,8.5
2014-09-05,41,7.3
2014-09-06,47,8.5
2014-09-07,46,8.2
2014-09-08,29,5.2
2014-09-09,27,4.8
2014-09-10,39,7.0
2014-09-11,44,8.0
2014-09-12,52,9.7
2014-09-13,43,7.7
2014-09-14,50,9.0
2014-09-15,60,13.8
2014-09-16,57,12.1
2014-09-17,48,8.6
2014-09-18,53,10.3
2014-09-19,53,10.0
2014-09-20,48,8.6
2014-09-21,53,10.4
2014-09-22,40,7.2
2014-09-23,34,6.2
2014-09-24,29,5.2
2014-09-25,12,2.2
2014-09-26,21,3.7
2014-09-27,28,5.1
2014-09-28,46,8.3
2014-09-29,43,7.7
2014-09-30,34,6.2
2014-10-01,52,9.9
2014-10-02,54,10.6
2014-10-03,43,7.8
2014-10-04,25,4.5
2014-10-05,31,5.5
2014-10-06,40,7.2
2014-10-07,48,8.7
2014-10-08,55,11.5
2014-10-09,63,15.4
2014-10-10,54,10.7
2014-10-11,58,12.6
2014-10-12,53,10.0
2014-10-13,50,9.0
2014-10-14,24,4.3
2014-10-15,33,6.0
2014-10-16,28,5.1
2014-10-17,60,13.9
2014-10-18,52,9.7
2014-10-19,31,5.6
2014-10-20,54,10.6
2014-10-21,52,9.9
2014-10-22,24,4.3
2014-10-23,41,7.3
2014-10-24,54,10.5
2014-10-25,53,10.1
2014-10-26,59,13.6
2014-10-27,72,20.2
2014-10-28,70,19.5
2014-10-29,52,9.5
2014-10-30,33,5.9
2014-10-31,43,7.7
2014-11-01,19,3.5
2014-11-02,30,5.4
2014-11-03,54,10.5
2014-11-04,63,15.3
2014-11-05,63,15.5
2014-11-06,45,8.1
2014-11-07,27,4.8
2014-11-08,52,9.4
2014-11-09,59,13.4
2014-11-10,64,16.3
2014-11-11,70,19.1
2014-11-12,61,14.5
2014-11-13,54,10.7
2014-11-14,64,15.9
2014-11-15,59,13.5
2014-11-16,60,14.0
2014-11-17,43,7.7
2014-11-18,33,6.0
2014-11-19,49,8.9
2014-11-20,56,12.0
2014-11-21,59,13.6
2014-11-22,54,10.7
2014-11-23,25,4.5
2014-11-24,48,8.6
2014-11-25,22,4.0
2014-11-26,34,6.2
2014-11-27,30,5.4
2014-11-28,54,10.7
2014-11-29,58,13.1
2014-11-30,52,9.9
2014-12-01,57,12.3
2014-12-02,59,13.3
2014-12-03,61,14.7
2014-12-04,64,16.3
2014-12-05,59,13.6
2014-12-06,31,5.5
2014-12-07,27,4.9
2014-12-08,39,7.1
2014-12-09,50,9.0
2014-12-10,28,5.0
2014-12-11,39,7.1
2014-12-12,47,8.5
2014-12-13,51,9.2
2014-12-14,62,15.2
2014-12-15,68,18.3
2014-12-16,46,8.2
2014-12-17,33,6.0
2014-12-18,52,9.5
2014-12-19,52,9.7
2014-12-20,65,16.4
2014-12-21,68,18.2
2014-12-22,39,7.0
2014-12-23,17,3.0
2014-12-24,10,1.8
2014-12-25,33,6.0
2014-12-26,54,10.8
2014-12-27,60,13.9
2014-12-28,34,6.2
2014-12-29,24,4.4
2014-12-30,24,4.3
2014-12-31,52,9.4
2015-01-01,60,13.8
2015-01-02,55,11.1
2015-01-03,22,4.0
2015-01-04,19,3.4
2015-01-05,37,6.7
2015-01-06,45,8.1
2015-01-07,36,6.5
2015-01-08,43,7.7
2015-01-09,57,12.3
2015-01-10,53,10.1
2015-01-11,62,14.8
2015-01-12,55,11.0
2015-01-13,33,6.0
2015-01-14,47,8.5
2015-01-15,64,15.9
2015-01-16,52,9.8
2015-01-17,55,11.0
2015-01-18,50,9.0
2015-01-19,46,8.3
2015-01-20,60,13.7
2015-01-21,60,14.1
2015-01-22,55,11.1
2015-01-23,38,6.8
2015-01-24,24,4.4
2015-01-25,35,6.3
2015-01-26,28,5.0
2015-01-27,33,6.0
2015-01-28,40,7.2
2015-01-29,60,13.8
2015-01-30,33,6.0
2015-01-31,44,7.9
2015-02-01,55,11.2
2015-02-02,28,5.1
2015-02-03,39,7.1
2015-02-04,57,12.1
2015-02-05,45,8.1
2015-02-06,43,7.7
2015-02-07,60,13.8
2015-02-08,56,11.6
2015-02-09,47,8.5
2015-02-10,28,5.0
2015-02-11,46,8.2
2015-02-12,48,8.6
2015-02-13,38,6.9
2015-02-14,52,9.8
2015-02-15,32,5.7
2015-02-16,40,7.2
2015-02-17,42,7.5
2015-02-18,44,8.0
2015-02-19,34,6.2
2015-02-20,48,8.7
2015-02-21,56,11.9
2015-02-22,58,13.1
2015-02-23,55,11.5
2015-02-24,56,11.9
2015-02-25,52,9.9
2015-02-26,43,7.7
2015-02-27,57,12.5
2015-02-28,56,11.8
2015-03-01,61,14.4
2015-03-02,50,9.0
2015-03-03,34,6.2
2015-03-04,26,4.6
2015-03-05,24,4.3
2015-03-06,30,5.4
2015-03-07,42,7.5
2015-03-08,56,11.9
2015-03-09,52,9.7
2015-03-10,56,11.9
2015-03-11,56,12.0
2015-03-12,38,6.9
2015-03-13,28,5.0
2015-03-14,28,5.0
2015-03-15,28,5.0
2015-03-16,39,7.0
2015-03-17,58,12.9
2015-03-18,64,15.9
2015-03-19,58,13.1
2015-03-20,39,7.0
2015-03-21,37,6.7
2015-03-22,32,5.7
2015-03-23,35,6.3
2015-03-24,44,7.9
2015-03-25,35,6.3
2015-03-26,34,6.1
2015-03-27,16,2.9
2015-03-28,28,5.1
2015-03-29,42,7.6
2015-03-30,50,9.0
2015-03-31,53,10.1
2015-04-01,47,8.5
2015-04-02,55,11.4
2015-04-03,42,7.6
2015-04-04,27,4.9
2015-04-05,23,4.1
2015-04-06,43,7.7
2015-04-07,52,9.8
2015-04-08,58,12.7
2015-04-09,57,12.3
2015-04-10,36,6.4
2015-04-11,37,6.6
2015-04-12,53,10.1
2015-04-13,36,6.4
2015-04-14,29,5.3
2015-04-15,29,5.2
2015-04-16,15,2.7
2015-04-17,8,1.4
2015-04-18,7,1.3
2015-04-19,21,3.7
2015-04-20,32,5.7
2015-04-21,26,4.6
2015-04-22,52,9.7
2015-04-23,37,6.7
2015-04-24,49,8.9
2015-04-25,54,10.9
2015-04-26,45,8.1
2015-04-27,34,6.2
2015-04-28,49,8.9
2015-04-29,49,8.8
2015-04-30,54,10.9
2015-05-01,47,8.4
2015-05-02,54,10.9
2015-05-03,56,11.8
2015-05-04,56,11.6
2015-05-05,55,11.1
2015-05-06,55,11.2
2015-05-07,60,13.7
2015-05-08,67,17.8
2015-05-09,59,13.2
2015-05-10,59,13.3
2015-05-11,61,14.3
2015-05-12,58,12.7
2015-05-13,39,7.0
2015-05-14,58,12.6
2015-05-15,55,11.2
2015-05-16,47,8.5
2015-05-17,52,9.9
2015-05-18,50,9.0
2015-05-19,44,8.0
2015-05-20,53,10.3
2015-05-21,37,6.6
2015-05-22,37,6.6
2015-05-23,51,9.2
2015-05-24,46,8.3
2015-05-25,39,7.1
2015-05-26,31,5.5
2015-05-27,31,5.5
2015-05-28,24,4.4
2015-05-29,37,6.7
2015-05-30,39,7.0
2015-05-31,33,5.9
2015-06-01,31,5.5
2015-06-02,34,6.1
2015-06-03,26,4.7
2015-06-04,21,3.7
2015-06-05,44,8.0
2015-06-06,54,10.9
2015-06-07,55,11.4
2015-06-08,53,10.2
2015-06-09,51,9.2
2015-06-10,54,10.7
2015-06-11,55,11.4
2015-06-12,32,5.7
2015-06-13,57,12.1
2015-06-14,59,13.2
2015-06-15,65,16.5
2015-06-16,67,17.9
2015-06-17,64,16.3
2015-06-18,56,12.0
2015-06-19,52,9.7
2015-06-20,54,10.9
2015-06-21,61,14.7
2015-06-22,59,13.3
2015-06-23,82,25.7
2015-06-24,81,25.4
2015-06-25,55,11.4
2015-06-26,62,14.8
2015-06-27,51,9.2
2015-06-28,41,7.3
2015-06-29,55,11.4
2015-06-30,56,11.7
2015-07-01,64,15.9
2015-07-02,56,12.0
2015-07-03,64,15.9
2015-07-04,52,9.8
2015-07-05,37,6.6
2015-07-06,57,12.1
2015-07-07,67,17.5
2015-07-08,69,18.5
2015-07-09,70,19.1
2015-07-10,74,21.4
2015-07-11,65,16.5
2015-07-12,61,14.2
2015-07-13,59,13.2
2015-07-14,53,10.0
2015-07-15,46,8.3
2015-07-16,53,10.1
2015-07-17,57,12.2
2015-07-18,58,13.0
2015-07-19,52,9.4
2015-07-20,55,11.4
2015-07-21,55,11.5
2015-07-22,52,9.4
2015-07-23,48,8.7
2015-07-24,37,6.7
2015-07-25,49,8.8
2015-07-26,60,14.1
2015-07-27,64,16.0
2015-07-28,58,12.7
2015-07-29,59,13.3
2015-07-30,58,12.7
2015-07-31,54,10.5
2015-08-01,53,10.2
2015-08-02,54,10.6
2015-08-03,56,11.9
2015-08-04,55,11.1
2015-08-05,61,14.3
2015-08-06,54,10.7
2015-08-07,37,6.7
2015-08-08,41,7.4
2015-08-09,52,9.5
2015-08-10,53,10.3
2015-08-11,51,9.3
2015-08-12,50,9.0
2015-08-13,55,11.0
2015-08-14,53,10.0
2015-08-15,54,10.7
2015-08-16,49,8.8
2015-08-17,27,4.9
2015-08-18,23,4.1
2015-08-19,28,5.0
2015-08-20,34,6.2
2015-08-21,44,7.9
2015-08-22,52,9.9
2015-08-23,19,3.4
2015-08-24,53,10.1
2015-08-25,43,7.7
2015-08-26,46,8.2
2015-08-27,58,12.6
2015-08-28,56,11.7
2015-08-29,52,9.5
2015-08-30,46,8.2
2015-08-31,39,7.0
2015-09-01,44,7.9
2015-09-02,55,11.2
2015-09-03,60,14.0
2015-09-04,59,13.3
2015-09-05,58,12.7
2015-09-06,55,11.4
2015-09-07,41,7.4
2015-09-08,31,5.5
2015-09-09,29,5.3
2015-09-10,46,8.3
2015-09-11,52,9.9
2015-09-12,38,6.8
2015-09-13,24,4.4
2015-09-14,37,6.6
2015-09-15,45,8.1
2015-09-16,44,7.9
2015-09-17,52,9.7
2015-09-18,52,9.7
2015-09-19,54,10.6
2015-09-20,61,14.5
2015-09-21,48,8.7
2015-09-22,43,7.7
2015-09-23,33,5.9
2015-09-24,28,5.0
2015-09-25,8,1.5
2015-09-26,9,1.7
2015-09-27,6,1.0
2015-09-28,8,1.5
2015-09-29,8,1.5
2015-09-30,24,4.3
2015-10-01,17,3.0
2015-10-02,4,0.7
2015-10-03,5,0.9
2015-10-04,8,1.5
2015-10-05,8,1.5
2015-10-06,29,5.2
2015-10-07,52,9.6
2015-10-08,52,9.5
2015-10-09,53,10.3
2015-10-10,31,5.5
2015-10-11,27,4.9
2015-10-12,44,8.0
2015-10-13,54,10.5
2015-10-14,36,6.4
2015-10-15,52,9.8
2015-10-16,66,17.3
2015-10-17,27,4.8
2015-10-18,29,5.2
2015-10-19,40,7.2
2015-10-20,48,8.7
2015-10-21,57,12.2
2015-10-22,53,10.2
2015-10-23,54,10.8
2015-10-24,58,12.7
2015-10-25,63,15.7
2015-10-26,41,7.3
2015-10-27,11,1.9
2015-10-28,19,3.5
2015-10-29,54,10.5
2015-10-30,36,6.5
2015-10-31,52,9.8
2015-11-01,35,6.3
2015-11-02,14,2.5
2015-11-03,11,2.0
2015-11-04,19,3.5
2015-11-05,22,4.0
2015-11-06,24,4.4
2015-11-07,17,3.0
2015-11-08,21,3.7
2015-11-09,8,1.5
2015-11-10,21,3.7
2015-11-11,52,9.7
2015-11-12,31,5.5
2015-11-13,26,4.6
2015-11-14,29,5.2
2015-11-15,55,11.2
2015-11-16,56,11.8
2015-11-17,46,8.2
2015-11-18,22,4.0
2015-11-19,21,3.7
2015-11-20,32,5.7
2015-11-21,43,7.8
2015-11-22,22,3.9
2015-11-23,31,5.5
2015-11-24,53,10.2
2015-11-25,44,8.0
2015-11-26,26,4.7
2015-11-27,24,4.4
2015-11-28,43,7.7
2015-11-29,57,12.2
2015-11-30,48,8.6
2015-12-01,56,11.7
2015-12-02,19,3.4
2015-12-03,38,6.9
2015-12-04,50,9.0
2015-12-05,52,9.6
2015-12-06,44,8.0
2015-12-07,57,12.3
2015-12-08,60,13.7
2015-12-09,61,14.3
2015-12-10,61,14.6
2015-12-11,52,9.4
2015-12-12,54,10.7
2015-12-13,48,8.7
2015-12-14,17,3.1
2015-12-15,33,5.9
2015-12-16,54,10.5
2015-12-17,21,3.7
2015-12-18,24,4.3
2015-12-19,35,6.3
2015-12-20,51,9.3
2015-12-21,38,6.9
2015-12-22,25,4.5
2015-12-23,6,1.0
2015-12-24,8,1.5
2015-12-25,16,2.8
2015-12-26,15,2.7
2015-12-27,14,2.5
2015-12-28,17,3.1
2015-12-29,29,5.2
2015-12-30,37,6.6
2015-12-31,29,5.2
2016-01-01,39,7.0
2016-01-02,29,5.2
2016-01-03,22,4.0
2016-01-04,22,4.0
2016-01-05,17,3.0
2016-01-06,25,4.5
2016-01-07,24,4.3
2016-01-08,33,6.0
2016-01-09,25,4.5
2016-01-10,16,2.8
2016-01-11,26,4.6
2016-01-12,43,7.7
2016-01-13,25,4.5
2016-01-14,74,21.4
2016-01-15,43,7.8
2016-01-16,18,3.3
2016-01-17,39,7.1
2016-01-18,27,4.8
2016-01-19,23,4.2
2016-01-20,55,11.5
2016-01-21,61,14.2
2016-01-22,20,3.6
2016-01-23,30,5.4
2016-01-24,57,12.2
2016-01-25,62,14.8
2016-01-26,71,19.7
2016-01-27,49,8.8
2016-01-28,41,7.3
2016-01-29,31,5.6
2016-01-30,51,9.2
2016-01-31,54,10.6
2016-02-01,51,9.2
2016-02-02,44,7.9
2016-02-03,28,5.1
2016-02-04,18,3.2
2016-02-05,19,3.5
2016-02-06,49,8.8
2016-02-07,49,8.8
2016-02-08,36,6.4
2016-02-09,51,9.1
2016-02-10,23,4.1
2016-02-11,43,7.8
2016-02-12,52,9.5
2016-02-13,38,6.8
2016-02-14,43,7.7
2016-02-15,34,6.1
2016-02-16,12,2.1
2016-02-17,19,3.4
2016-02-18,39,7.1
2016-02-19,54,10.9
2016-02-20,61,14.3
2016-02-21,54,10.9
2016-02-22,35,6.3
2016-02-23,23,4.1
2016-02-24,,6.142857
2016-02-25,,7.153846
2016-02-26,20,3.6
2016-02-27,31,5.5
2016-02-28,56,11.6
2016-02-29,52,9.5
2016-03-01,52,9.9
2016-03-02,23,4.2
2016-03-03,37,6.6
2016-03-04,23,4.2
2016-03-05,35,6.3
2016-03-06,36,6.5
2016-03-07,55,11.3
2016-03-08,60,13.7
2016-03-09,52,9.6
2016-03-10,52,9.6
2016-03-11,41,7.4
2016-03-12,57,12.2
2016-03-13,43,7.7
2016-03-14,45,8.1
2016-03-15,54,10.7
2016-03-16,53,10.4
2016-03-17,52,9.4
2016-03-18,55,11.4
2016-03-19,26,4.6
2016-03-20,34,6.2
2016-03-21,31,5.6
2016-03-22,60,13.9
2016-03-23,60,13.9
2016-03-24,,28.222222
2016-03-25,52,9.4
2016-03-26,61,14.2
2016-03-27,45,8.1
2016-03-28,28,5.0
2016-03-29,32,5.7
2016-03-30,55,11.3
2016-03-31,43,7.8
2016-04-01,26,4.7
2016-04-03,25,4.5
2016-04-04,52,9.6
2016-04-06,48,8.7
2016-04-08,22,4.0
2016-04-10,62,15.2
2016-04-11,53,10.1
2016-04-12,34,6.2
2016-04-13,38,6.9
2016-04-14,49,8.8
2016-04-15,33,6.0
2016-04-16,36,6.5
2016-04-17,41,7.3
2016-04-18,56,11.7
2016-04-19,69,18.5
2016-04-20,65,16.5
2016-04-21,59,13.2
2016-04-22,42,7.5
2016-04-23,39,7.1
2016-04-24,49,8.9
2016-04-25,52,9.4
2016-04-26,55,11.3
2016-04-27,58,12.6
2016-04-28,56,11.9
2016-04-29,54,10.7
2016-04-30,60,13.7
2016-05-01,42,7.5
2016-05-02,43,7.7
2016-05-03,39,7.0
2016-05-04,32,5.7
2016-05-05,18,3.2
2016-05-06,26,4.7
2016-05-07,43,7.8
2016-05-08,52,9.7
2016-05-09,55,11.2
2016-05-10,54,10.7
2016-05-11,60,13.7
2016-05-12,56,12.0
2016-05-13,33,6.0
2016-05-14,38,6.9
2016-05-15,25,4.5
2016-05-16,38,6.9
2016-05-17,44,7.9
2016-05-18,43,7.7
2016-05-19,28,5.0
2016-05-20,16,2.9
2016-05-21,28,5.0
2016-05-22,32,5.8
2016-05-23,54,10.9
2016-05-24,69,18.5
2016-05-25,61,14.5
2016-05-26,64,16.0
2016-05-27,59,13.2
2016-05-28,51,9.2
2016-05-29,48,8.7
2016-05-30,54,10.9
2016-05-31,54,10.9
2016-06-01,49,8.9
2016-06-02,52,9.7
2016-06-03,48,8.7
2016-06-04,44,8.0
2016-06-05,22,4.0
2016-06-06,35,6.3
2016-06-07,41,7.3
2016-06-08,41,7.3
2016-06-09,55,11.5
2016-06-10,57,12.2
2016-06-11,65,16.8
2016-06-12,61,14.7
2016-06-13,68,18.3
2016-06-14,66,17.0
2016-06-15,43,7.8
2016-06-16,43,7.8
2016-06-17,55,11.5
2016-06-18,19,3.5
2016-06-19,32,5.7
2016-06-20,52,9.9
2016-06-21,54,10.7
2016-06-22,55,11.5
2016-06-23,57,12.4
2016-06-24,54,10.8
2016-06-25,57,12.5
2016-06-26,53,10.2
2016-06-27,49,8.8
2016-06-28,51,9.1
2016-06-29,52,9.9
2016-06-30,56,11.6
2016-07-01,46,8.3
2016-07-02,56,11.8
2016-07-04,57,12.2
2016-07-05,53,10.1
2016-07-06,41,7.4
2016-07-07,46,8.2
2016-07-08,54,10.6
2016-07-09,53,10.2
2016-07-10,47,8.4
2016-07-11,44,7.9
2016-07-12,51,9.2
2016-07-13,33,6.0
2016-07-14,42,7.5
2016-07-15,37,6.7
2016-07-16,52,9.7
2016-07-17,37,6.7
2016-07-18,36,6.5
2016-07-19,44,8.0
2016-07-20,52,9.5
2016-07-21,47,8.4
2016-07-22,38,6.9
2016-07-23,51,9.3
2016-07-24,51,9.2
2016-07-25,52,9.8
2016-07-26,42,7.6
2016-07-27,32,5.7
2016-07-28,53,10.4
2016-07-29,47,8.5
2016-07-30,44,8.0
2016-07-31,49,8.9
2016-08-01,43,7.8
2016-08-02,47,8.4
2016-08-03,52,9.8
2016-08-04,52,9.4
2016-08-05,55,11.0
2016-08-06,58,12.9
2016-08-07,55,11.0
2016-08-08,37,6.7
2016-08-09,29,5.3
2016-08-10,23,4.2
2016-08-11,28,5.1
2016-08-12,22,4.0
2016-08-13,19,3.4
2016-08-14,25,4.5
2016-08-15,16,2.9
2016-08-16,29,5.2
2016-08-17,36,6.4
2016-08-18,34,6.1
2016-08-19,33,5.9
2016-08-20,32,5.8
2016-08-21,38,6.8
2016-08-22,42,7.5
2016-08-23,52,9.9
2016-08-24,46,8.2
2016-08-25,54,10.6
2016-08-26,55,11.0
2016-08-27,52,9.9
2016-08-28,53,10.3
2016-08-29,54,10.9
2016-08-30,52,9.4
2016-08-31,45,8.1
2016-09-01,33,5.9
2016-09-02,38,6.9
2016-09-03,34,6.1
2016-09-04,43,7.8
2016-09-05,47,8.4
2016-09-06,55,11.2
2016-09-07,59,13.5
2016-09-08,59,13.6
2016-09-09,63,15.4
2016-09-10,61,14.6
2016-09-11,44,8.0
2016-09-12,48,8.6
2016-09-13,39,7.1
2016-09-14,28,5.1
2016-09-15,42,7.5
2016-09-16,51,9.3
2016-09-17,51,9.2
2016-09-18,31,5.5
2016-09-19,30,5.4
2016-09-20,36,6.5
2016-09-21,45,8.1
2016-09-22,35,6.3
2016-09-23,38,6.8
2016-09-24,52,9.8
2016-09-25,54,10.6
2016-09-26,54,10.9
2016-09-27,47,8.4
2016-09-28,46,8.3
2016-09-29,38,6.9
2016-09-30,37,6.7
2016-10-01,53,10.0
2016-10-02,58,12.8
2016-10-03,60,14.0
2016-10-04,54,10.7
2016-10-05,31,5.6
2016-10-06,40,7.2
2016-10-07,32,5.7
2016-10-08,18,3.2
2016-10-09,26,4.6
2016-10-10,17,3.1
2016-10-11,52,9.9
2016-10-12,46,8.3
2016-10-13,55,11.4
2016-10-14,55,11.5
2016-10-15,53,10.1
2016-10-16,53,10.2
2016-10-17,46,8.2
2016-10-18,54,10.5
2016-10-19,58,12.6
2016-10-20,56,11.7
2016-10-21,23,4.2
2016-10-22,25,4.5
2016-10-23,43,7.7
2016-10-24,56,11.8
2016-10-25,56,11.7
2016-10-26,56,11.9
2016-10-27,55,11.2
2016-10-28,65,16.5
2016-10-29,66,17.4
2016-10-30,65,16.8
2016-10-31,61,14.7
2016-11-01,62,15.2
2016-11-02,55,11.0
2016-11-03,56,11.7
2016-11-04,52,9.7
2016-11-05,47,8.4
2016-11-06,55,11.3
2016-11-07,51,9.3
2016-11-08,52,9.6
2016-11-09,68,18.4
2016-11-10,80,24.5
2016-11-11,78,23.4
2016-11-12,44,7.9
2016-11-13,48,8.6
2016-11-14,130,47.3
2016-11-15,96,33.1
2016-11-16,68,18.0
2016-11-17,59,13.5
2016-11-18,64,15.9
2016-11-19,56,12.0
2016-11-20,16,2.8
2016-11-21,25,4.5
2016-11-22,57,12.4
2016-11-23,57,12.4
2016-11-24,52,9.7
2016-11-25,55,11.5
2016-11-26,47,8.5
2016-11-27,53,10.2
2016-11-28,45,8.1
2016-11-29,31,5.5
2016-11-30,24,4.3
2016-12-01,31,5.5
2016-12-02,31,5.6
2016-12-03,49,8.9
2016-12-04,33,6.0
2016-12-05,23,4.2
2016-12-06,11,2.0
2016-12-07,29,5.3
2016-12-08,26,4.6
2016-12-09,24,4.3
2016-12-10,55,11.0
2016-12-11,61,14.3
2016-12-12,52,9.9
2016-12-13,49,8.9
2016-12-14,39,7.0
2016-12-15,61,14.3
2016-12-16,63,15.6
2016-12-17,54,10.5
2016-12-18,54,10.7
2016-12-19,67,17.7
2016-12-20,46,8.3
2016-12-21,77,23.2
2016-12-22,71,20.0
2016-12-23,66,17.0
2016-12-24,57,12.4
2016-12-25,71,19.9
2016-12-26,53,10.3
2016-12-27,46,8.2
2016-12-28,57,12.1
2016-12-29,29,5.2
2016-12-30,50,9.0
2016-12-31,66,16.9
2017-01-01,47,8.5
2017-01-02,38,6.8
2017-01-03,42,7.6
2017-01-04,23,4.2
2017-01-05,57,12.5
2017-01-06,64,16.2
2017-01-07,48,8.6
2017-01-08,72,20.4
2017-01-09,75,22.2
2017-01-10,65,16.5
2017-01-11,57,12.2
2017-01-12,64,16.3
2017-01-13,58,13.0
2017-01-14,62,15.2
2017-01-15,68,18.0
2017-01-16,64,16.0
2017-01-17,55,11.2
2017-01-18,53,10.3
2017-01-19,55,11.3
2017-01-20,43,7.8
2017-01-21,28,5.0
2017-01-22,13,2.3
2017-01-23,43,7.7
2017-01-24,54,10.7
2017-01-25,48,8.6
2017-01-26,,7.818182
2017-01-28,19,3.4
2017-01-31,57,12.2
2017-02-03,31,5.6
2017-02-04,43,7.7
2017-02-05,61,14.4
2017-02-06,58,12.7
2017-02-07,44,8.0
2017-02-08,19,3.5
2017-02-09,22,3.9
2017-02-10,52,9.4
2017-02-11,56,11.8
2017-02-12,56,12.0
2017-02-13,25,4.5
2017-02-14,54,10.6
2017-02-15,43,7.7
2017-02-16,33,6.0
2017-02-17,56,11.9
2017-02-18,62,15.0
2017-02-19,44,7.9
2017-02-20,54,10.6
2017-02-21,59,13.3
2017-02-22,53,10.0
2017-02-23,46,8.2
2017-02-24,44,8.0
2017-02-25,28,5.0
2017-02-26,32,5.7
2017-02-27,49,8.8
2017-02-28,52,9.5
2017-03-01,50,9.0
2017-03-02,18,3.3
2017-03-03,27,4.8
2017-03-04,43,7.8
2017-03-05,56,11.9
2017-03-06,52,9.8
2017-03-07,47,8.5
2017-03-08,29,5.2
2017-03-09,41,7.4
2017-03-10,31,5.6
2017-03-11,23,4.1
2017-03-12,25,4.5
2017-03-13,37,6.7
2017-03-14,30,5.4
2017-03-15,24,4.3
2017-03-16,33,5.9
2017-03-17,58,12.7
2017-03-18,54,10.7
2017-03-19,22,3.9
2017-03-20,46,8.3
2017-03-21,63,15.4
2017-03-22,41,7.4
2017-03-23,46,8.2
2017-03-24,52,9.7
2017-03-25,36,6.5
2017-03-26,38,6.8
2017-03-27,53,10.0
2017-03-28,46,8.2
2017-03-29,61,14.2
2017-03-30,55,11.5
2017-03-31,22,4.0
2017-04-01,18,3.2
2017-04-02,40,7.2
2017-04-03,42,7.5
2017-04-04,39,7.0
2017-04-05,33,6.0
2017-04-06,10,1.8
2017-04-07,12,2.2
2017-04-08,28,5.0
2017-04-09,51,9.2
2017-04-10,52,9.8
2017-04-11,59,13.6
2017-04-12,66,17.2
2017-04-13,61,14.7
2017-04-14,63,15.5
2017-04-15,51,9.3
2017-04-16,55,11.0
2017-04-17,55,11.3
2017-04-18,48,8.6
2017-04-19,47,8.4
2017-04-20,53,10.0
2017-04-21,56,11.9
2017-04-22,51,9.2
2017-04-23,15,2.7
2017-04-24,10,1.8
2017-04-25,27,4.9
2017-04-26,52,9.4
2017-04-27,51,9.2
2017-04-28,54,10.5
2017-04-29,61,14.7
2017-04-30,46,8.2
2017-05-01,24,4.4
2017-05-02,0,-1.1
2017-05-03,44,8.0
2017-05-04,51,9.3
2017-05-05,9,1.7
2017-05-06,27,4.8
2017-05-07,26,4.7
2017-05-08,42,7.5
2017-05-09,54,10.9
2017-05-10,60,13.8
2017-05-11,57,12.5
2017-05-12,55,11.5
2017-05-13,32,5.8
2017-05-14,39,7.0
2017-05-15,54,10.6
2017-05-16,53,10.0
2017-05-17,49,8.8
2017-05-18,50,9.0
2017-05-19,50,9.0
2017-05-20,52,9.5
2017-05-21,26,4.6
2017-05-22,41,7.4
2017-05-23,22,4.0
2017-05-24,19,3.4
2017-05-25,22,3.9
2017-05-26,40,7.2
2017-05-27,54,10.8
2017-05-28,29,5.3
2017-05-29,36,6.4
2017-05-30,32,5.7
2017-05-31,55,11.5
2017-06-01,54,10.6
2017-06-02,48,8.7
2017-06-03,55,11.3
2017-06-04,49,8.9
2017-06-05,34,6.2
2017-06-06,34,6.1
2017-06-07,34,6.2
2017-06-08,52,9.4
2017-06-09,54,10.7
2017-06-10,55,11.2
2017-06-11,44,7.9
2017-06-12,41,7.3
2017-06-13,41,7.3
2017-06-14,43,7.8
2017-06-15,42,7.5
2017-06-16,36,6.4
2017-06-17,39,7.0
2017-06-18,,7.15625
2017-06-19,38,6.9
2017-06-20,27,4.9
2017-06-21,0,0.0
2017-06-22,30,5.4
2017-06-23,45,8.1
2017-06-24,46,8.3
2017-06-25,25,4.5
2017-06-26,37,6.7
2017-06-27,37,6.7
2017-06-28,47,8.5
2017-06-29,42,7.5
2017-06-30,26,4.6
2017-07-01,46,8.2
2017-07-02,42,7.6
2017-07-03,51,9.1
2017-07-04,69,18.7
2017-07-05,81,25.0
2017-07-06,43,7.7
2017-07-07,40,7.2
2017-07-08,47,8.5
2017-07-09,40,7.2
2017-07-10,47,8.4
2017-07-11,47,8.4
2017-07-12,43,7.8
2017-07-13,44,8.0
2017-07-14,41,7.4
2017-07-15,34,6.1
2017-07-16,32,5.7
2017-07-17,29,5.2
2017-07-18,41,7.3
2017-07-19,55,11.4
2017-07-20,60,14.0
2017-07-21,63,15.4
2017-07-22,61,14.4
2017-07-23,57,12.5
2017-07-24,48,8.7
2017-07-25,52,9.4
2017-07-26,57,12.2
2017-07-27,44,7.9
2017-07-28,57,12.4
2017-07-29,43,7.7
2017-07-30,28,5.1
2017-07-31,36,6.5
2017-08-01,49,8.9
2017-08-02,54,10.7
2017-08-03,53,10.3
2017-08-04,31,5.6
2017-08-05,48,8.7
2017-08-06,44,7.9
2017-08-07,48,8.7
2017-08-08,41,7.3
2017-08-09,28,5.0
2017-08-10,36,6.4
2017-08-11,24,4.4
2017-08-12,37,6.6
2017-08-13,45,8.1
2017-08-14,54,10.5
2017-08-15,37,6.7
2017-08-16,38,6.9
2017-08-17,41,7.4
2017-08-18,51,9.1
2017-08-19,56,11.7
2017-08-20,63,15.3
2017-08-21,59,13.6
2017-08-22,53,10.0
2017-08-23,52,9.8
2017-08-24,50,9.0
2017-08-25,54,10.5
2017-08-26,55,11.0
2017-08-27,53,10.2
2017-08-28,50,9.0
2017-08-29,36,6.4
2017-08-30,37,6.7
2017-08-31,28,5.0
2017-09-01,30,5.4
2017-09-02,36,6.4
2017-09-03,56,11.8
2017-09-04,59,13.4
2017-09-05,61,14.4
2017-09-06,51,9.3
2017-09-07,37,6.6
2017-09-08,51,9.2
2017-09-09,38,6.9
2017-09-10,34,6.2
2017-09-11,,4.25
2017-09-12,,6.15
2017-09-13,54,10.6
2017-09-14,58,12.8
2017-09-15,64,16.2
2017-09-16,62,14.9
2017-09-17,62,15.0
2017-09-18,60,13.7
2017-09-19,61,14.7
2017-09-20,60,13.9
2017-09-21,57,12.2
2017-09-22,53,10.3
2017-09-23,57,12.5
2017-09-24,56,11.9
2017-09-25,54,10.5
2017-09-26,57,12.1
2017-09-27,55,11.3
2017-09-28,57,12.5
2017-09-29,58,12.8
2017-09-30,40,7.2
2017-10-01,18,3.2
2017-10-02,35,6.3
2017-10-03,32,5.7
2017-10-04,36,6.5
2017-10-05,48,8.7
2017-10-06,38,6.9
2017-10-07,23,4.2
2017-10-08,27,4.8
2017-10-09,22,3.9
2017-10-10,49,8.8
2017-10-11,57,12.2
2017-10-12,55,11.5
2017-10-13,55,11.1
2017-10-14,43,7.8
2017-10-15,49,8.9
2017-10-16,21,3.8
2017-10-17,18,3.3
2017-10-18,38,6.8
2017-10-19,52,9.7
2017-10-20,54,10.7
2017-10-21,51,9.3
2017-10-22,31,5.5
2017-10-23,14,2.6
2017-10-24,22,4.0
2017-10-25,28,5.1
2017-10-26,37,6.7
2017-10-27,48,8.6
2017-10-28,34,6.2
2017-10-29,36,6.4
2017-10-30,38,6.8
2017-10-31,56,12.0
2017-11-01,58,13.1
2017-11-02,54,10.7
2017-11-03,58,12.9
2017-11-04,56,11.7
2017-11-05,57,12.2
2017-11-06,57,12.3
2017-11-07,57,12.4
2017-11-08,29,5.2
2017-11-09,16,2.8
2017-11-10,33,6.0
2017-11-11,44,8.0
2017-11-12,46,8.2
2017-11-13,52,9.4
2017-11-14,55,11.3
2017-11-15,57,12.2
2017-11-16,54,10.7
2017-11-17,55,11.0
2017-11-18,57,12.4
2017-11-19,18,3.2
2017-11-20,38,6.8
2017-11-21,52,9.7
2017-11-22,52,9.7
2017-11-23,51,9.3
2017-11-24,62,14.8
2017-11-25,63,15.5
2017-11-26,33,6.0
2017-11-27,47,8.4
2017-11-28,60,13.7
2017-11-29,66,16.9
2017-11-30,54,10.6
2017-12-01,68,18.1
2017-12-02,73,20.9
2017-12-03,64,16.2
2017-12-04,61,14.2
2017-12-05,55,11.2
2017-12-06,20,3.6
2017-12-07,30,5.4
2017-12-08,32,5.7
2017-12-09,41,7.3
2017-12-10,42,7.5
2017-12-11,52,9.4
2017-12-12,36,6.5
2017-12-13,19,3.5
2017-12-14,51,9.1
2017-12-15,60,14.0
2017-12-16,62,15.2
2017-12-17,76,22.6
2017-12-18,64,15.9
2017-12-19,54,10.9
2017-12-20,18,3.2
2017-12-21,,4.855556
2017-12-23,28,5.1
2017-12-24,11,1.9
2017-12-25,24,4.4
2017-12-26,39,7.0
2017-12-27,47,8.4
2017-12-28,39,7.0
2017-12-29,55,11.0
2017-12-30,60,14.1
2017-12-31,62,15.0
2018-01-01,54,10.8
2018-01-02,54,10.6
2018-01-03,53,10.3
2018-01-04,47,8.4
2018-01-05,52,9.7
2018-01-06,43,7.8
2018-01-07,56,12.0
2018-01-08,54,10.7
2018-01-09,61,14.5
2018-01-10,28,5.0
2018-01-11,19,3.4
2018-01-12,15,2.7
2018-01-13,22,3.9
2018-01-14,40,7.2
2018-01-15,59,13.6
2018-01-16,61,14.2
2018-01-17,52,9.8
2018-01-18,50,9.0
2018-01-19,42,7.5
2018-01-20,54,10.5
2018-01-21,54,10.8
2018-01-22,57,12.1
2018-01-23,20,3.6
2018-01-24,16,2.8
2018-01-25,32,5.7
2018-01-26,55,11.2
2018-01-27,55,11.4
2018-01-28,33,6.0
2018-01-29,31,5.5
2018-01-30,26,4.6
2018-01-31,39,7.1
2018-02-01,61,14.6
2018-02-02,13,2.3
2018-02-03,28,5.0
2018-02-04,41,7.4
2018-02-05,47,8.4
2018-02-06,54,10.7
2018-02-07,28,5.1
2018-02-08,31,5.6
2018-02-09,40,7.2
2018-02-10,32,5.7
2018-02-11,13,2.4
2018-02-12,18,3.3
2018-02-13,34,6.2
2018-02-14,42,7.6
2018-02-15,38,6.9
2018-02-16,31,5.6
2018-02-17,24,4.4
2018-02-18,13,2.4
2018-02-19,52,9.4
2018-02-20,41,7.3
2018-02-21,39,7.1
2018-02-22,57,12.1
2018-02-23,53,10.2
2018-02-24,60,13.8
2018-02-25,31,5.6
2018-02-26,17,3.0
2018-02-27,17,3.1
2018-02-28,39,7.0
2018-03-01,25,4.5
2018-03-02,17,3.0
2018-03-03,14,2.5
2018-03-04,31,5.5
2018-03-05,65,16.7
2018-03-06,57,12.3
2018-03-07,47,8.5
2018-03-08,26,4.6
2018-03-09,55,11.4
2018-03-10,64,15.9
2018-03-11,59,13.2
2018-03-12,18,3.3
2018-03-13,31,5.5
2018-03-14,36,6.5
2018-03-15,54,10.6
2018-03-16,63,15.5
2018-03-17,55,11.3
2018-03-18,49,8.9
2018-03-19,55,11.0
2018-03-20,29,5.3
2018-03-21,24,4.3
2018-03-22,24,4.4
2018-03-23,46,8.3
2018-03-24,56,11.6
2018-03-25,46,8.2
2018-03-26,37,6.6
2018-03-27,44,7.9
2018-03-28,52,9.8
2018-03-29,51,9.1
2018-03-30,19,3.5
2018-03-31,20,3.6
2018-04-01,51,9.1
2018-04-02,63,15.5
2018-04-03,63,15.8
2018-04-04,23,4.2
2018-04-05,31,5.5
2018-04-06,58,12.7
2018-04-07,51,9.3
2018-04-08,18,3.3
2018-04-09,28,5.0
2018-04-10,37,6.7
2018-04-11,44,7.9
2018-04-12,54,10.8
2018-04-13,57,12.2
2018-04-14,54,10.8
2018-04-15,34,6.2
2018-04-16,18,3.2
2018-04-17,34,6.2
2018-04-18,38,6.8
2018-04-19,39,7.1
2018-04-20,22,4.0
2018-04-21,51,9.3
2018-04-22,32,5.7
2018-04-23,11,2.0
2018-04-24,22,4.0
2018-04-25,19,3.4
2018-04-26,32,5.8
2018-04-27,30,5.4
2018-04-28,46,8.2
2018-04-29,27,4.8
2018-04-30,42,7.5
2018-05-01,57,12.2
2018-05-02,57,12.1
2018-05-03,56,12.0
2018-05-04,55,11.3
2018-05-05,59,13.4
2018-05-06,40,7.2
2018-05-07,44,8.0
2018-05-08,21,3.7
2018-05-09,55,11.2
2018-05-10,56,11.9
2018-05-11,58,13.0
2018-05-12,62,15.1
2018-05-13,62,14.9
2018-05-14,66,17.2
2018-05-15,30,5.4
2018-05-16,15,2.7
2018-05-17,22,3.9
2018-05-18,34,6.1
2018-05-19,53,10.3
2018-05-20,52,9.5
2018-05-21,25,4.5
2018-05-22,23,4.2
2018-05-23,14,2.5
2018-05-24,22,4.0
2018-05-25,21,3.7
2018-05-26,32,5.7
2018-05-27,31,5.5
2018-05-28,13,2.3
2018-05-29,16,2.9
2018-05-30,22,4.0
2018-05-31,47,8.5
2018-06-01,31,5.6
2018-06-02,44,8.0
2018-06-03,55,11.1
2018-06-04,34,6.1
2018-06-05,43,7.8
2018-06-06,44,7.9
2018-06-07,56,11.9
2018-06-08,60,13.9
2018-06-09,62,15.0
2018-06-10,62,14.9
2018-06-11,56,11.7
2018-06-12,52,9.5
2018-06-13,52,9.7
2018-06-14,52,9.4
2018-06-15,52,9.8
2018-06-16,54,10.5
2018-06-17,41,7.4
2018-06-18,51,9.1
2018-06-19,57,12.3
2018-06-20,65,16.4
2018-06-21,61,14.2
2018-06-22,36,6.4
2018-06-23,42,7.5
2018-06-24,,9.8
2018-06-25,39,7.0
2018-06-26,33,5.9
2018-06-27,29,5.2
2018-06-28,27,4.9
2018-06-29,39,7.0
2018-06-30,46,8.2
2018-07-01,31,5.6
2018-07-02,27,4.8
2018-07-03,34,6.1
2018-07-04,54,10.6
2018-07-05,53,10.0
2018-07-06,39,7.0
2018-07-07,34,6.2
2018-07-08,40,7.2
2018-07-09,52,9.5
2018-07-10,52,9.9
2018-07-11,54,10.9
2018-07-12,59,13.6
2018-07-13,56,12.0
2018-07-14,53,10.0
2018-07-15,51,9.3
2018-07-16,47,8.5
2018-07-17,44,7.9
2018-07-18,47,8.4
2018-07-19,49,8.8
2018-07-20,46,8.2
2018-07-21,36,6.5
2018-07-22,39,7.1
2018-07-23,37,6.7
2018-07-24,39,7.0
2018-07-25,46,8.2
2018-07-26,51,9.2
2018-07-27,59,13.4
2018-07-28,53,10.3
2018-07-29,53,10.0
2018-07-30,56,11.9
2018-07-31,51,9.1
2018-08-01,18,3.2
2018-08-02,13,2.3
2018-08-03,21,3.7
2018-08-04,33,6.0
2018-08-05,42,7.5
2018-08-06,54,10.7
2018-08-07,49,8.8
2018-08-08,42,7.6
2018-08-09,34,6.1
2018-08-10,37,6.6
2018-08-11,38,6.9
2018-08-12,55,11.4
2018-08-13,62,15.2
2018-08-14,58,12.6
2018-08-15,63,15.8
2018-08-16,61,14.4
2018-08-17,23,4.1
2018-08-18,30,5.4
2018-08-19,41,7.3
2018-08-20,34,6.1
2018-08-21,44,8.0
2018-08-22,48,8.7
2018-08-23,64,15.9
2018-08-24,57,12.2
2018-08-25,57,12.2
2018-08-26,57,12.2
2018-08-27,55,11.2
2018-08-28,55,11.0
2018-08-29,45,8.1
2018-08-30,18,3.3
2018-08-31,25,4.5
2018-09-01,28,5.0
2018-09-02,22,4.0
2018-09-03,26,4.7
2018-09-04,39,7.1
2018-09-05,37,6.6
2018-09-06,34,6.1
2018-09-07,47,8.5
2018-09-08,41,7.3
2018-09-09,45,8.1
2018-09-10,45,8.1
2018-09-11,31,5.6
2018-09-12,39,7.1
2018-09-13,39,7.0
2018-09-14,33,6.0
2018-09-15,22,3.9
2018-09-16,11,2.0
2018-09-17,18,3.3
2018-09-18,27,4.9
2018-09-19,49,8.8
2018-09-20,55,11.1
2018-09-21,48,8.6
2018-09-22,51,9.3
2018-09-23,48,8.6
2018-09-24,51,9.2
2018-09-25,39,7.0
2018-09-26,29,5.3
2018-09-27,27,4.9
2018-09-28,38,6.8
2018-09-29,45,8.1
2018-09-30,33,5.9
2018-10-01,40,7.2
2018-10-02,53,10.4
2018-10-03,54,10.5
2018-10-04,59,13.2
2018-10-05,59,13.5
2018-10-06,60,14.1
2018-10-07,39,7.0
2018-10-08,37,6.6
2018-10-09,23,4.1
2018-10-10,16,2.9
2018-10-11,17,3.1
2018-10-12,33,5.9
2018-10-13,31,5.6
2018-10-14,47,8.5
2018-10-15,52,9.9
2018-10-16,52,9.9
2018-10-17,17,3.0
2018-10-18,24,4.4
2018-10-19,53,10.2
2018-10-20,49,8.9
2018-10-21,19,3.5
2018-10-22,35,6.3
2018-10-23,51,9.2
2018-10-24,49,8.9
2018-10-25,48,8.6
2018-10-26,12,2.2
2018-10-27,16,2.9
2018-10-28,39,7.0
2018-10-29,31,5.5
2018-10-30,41,7.4
2018-10-31,58,12.6
2018-11-01,29,5.3
2018-11-02,31,5.5
2018-11-03,31,5.5
2018-11-04,32,5.7
2018-11-05,37,6.7
2018-11-06,29,5.2
2018-11-07,51,9.1
2018-11-08,45,8.1
2018-11-09,,4.685714
2018-11-10,27,4.9
2018-11-11,39,7.0
2018-11-12,18,3.2
2018-11-13,15,2.7
2018-11-14,23,4.2
2018-11-15,11,1.9
2018-11-16,37,6.7
2018-11-17,56,11.6
2018-11-18,64,16.3
2018-11-19,65,16.8
2018-11-20,42,7.6
2018-11-21,36,6.5
2018-11-22,53,10.2
2018-11-23,42,7.5
2018-11-24,49,8.8
2018-11-25,53,10.3
2018-11-26,23,4.2
2018-11-27,38,6.9
2018-11-28,36,6.5
2018-11-29,53,10.4
2018-11-30,43,7.7
2018-12-01,30,5.4
2018-12-02,44,7.9
2018-12-03,48,8.7
2018-12-04,17,3.1
2018-12-05,19,3.5
2018-12-06,39,7.0
2018-12-07,60,13.9
2018-12-08,44,8.0
2018-12-09,7,1.3
2018-12-10,29,5.2
2018-12-11,53,10.1
2018-12-12,36,6.4
2018-12-13,58,12.6
2018-12-14,25,4.5
2018-12-15,13,2.3
2018-12-16,12,2.1
2018-12-17,22,4.0
2018-12-18,33,6.0
2018-12-19,54,10.8
2018-12-20,29,5.3
2018-12-21,13,2.3
2018-12-22,33,6.0
2018-12-23,51,9.3
2018-12-24,28,5.1
2018-12-25,56,11.7
2018-12-26,54,10.6
2018-12-27,30,5.4
2018-12-28,13,2.4
2018-12-29,37,6.7
2018-12-30,34,6.2
2018-12-31,20,3.6
2019-01-01,28,5.0
2019-01-02,28,5.1
2019-01-03,18,3.2
2019-01-04,12,2.2
2019-01-05,14,2.6
2019-01-06,31,5.5
2019-01-07,50,9.0
2019-01-08,51,9.3
2019-01-09,11,1.9
2019-01-10,26,4.7
2019-01-11,40,7.2
2019-01-12,46,8.2
2019-01-13,41,7.3
2019-01-14,17,3.1
2019-01-15,30,5.4
2019-01-16,53,10.2
2019-01-17,64,16.0
2019-01-18,53,10.3
2019-01-19,31,5.5
2019-01-20,16,2.8
2019-01-21,24,4.4
2019-01-22,22,4.0
2019-01-23,26,4.7
2019-01-24,23,4.2
2019-01-25,36,6.5
2019-01-26,43,7.8
2019-01-27,63,15.7
2019-01-28,61,14.5
2019-01-29,45,8.1
2019-01-30,31,5.5
2019-01-31,44,8.0
2019-02-01,56,11.8
2019-02-02,57,12.5
2019-02-03,57,12.1
2019-02-04,57,12.5
2019-02-05,55,11.3
2019-02-06,48,8.7
2019-02-07,47,8.5
2019-02-08,19,3.4
2019-02-09,24,4.4
2019-02-10,45,8.1
2019-02-11,39,7.0
2019-02-12,21,3.8
2019-02-13,19,3.4
2019-02-14,37,6.6
2019-02-15,45,8.1
2019-02-16,27,4.9
2019-02-17,23,4.2
2019-02-18,16,2.8
2019-02-19,18,3.3
2019-02-20,6,1.1
2019-02-21,36,6.4
2019-02-22,30,5.4
2019-02-23,6,1.1
2019-02-24,12,2.1
2019-02-25,17,3.1
2019-02-26,51,9.3
2019-02-27,63,15.3
2019-02-28,54,10.9
2019-03-01,27,4.8
2019-03-02,36,6.4
2019-03-03,34,6.2
2019-03-04,32,5.8
2019-03-05,17,3.1
2019-03-06,33,5.9
2019-03-07,53,10.0
2019-03-08,69,18.7
2019-03-09,63,15.8
2019-03-10,42,7.5
2019-03-11,37,6.7
2019-03-12,31,5.5
2019-03-13,51,9.2
2019-03-14,53,10.0
2019-03-15,41,7.3
2019-03-16,19,3.4
2019-03-17,23,4.2
2019-03-18,29,5.2
2019-03-19,33,5.9
2019-03-20,53,10.0
2019-03-21,54,10.9
2019-03-22,34,6.2
2019-03-23,38,6.9
2019-03-24,61,14.2
2019-03-25,61,14.7
2019-03-26,31,5.6
2019-03-27,28,5.1
2019-03-28,52,9.8
2019-03-29,57,12.1
2019-03-30,60,13.8
2019-03-31,24,4.3
2019-04-01,23,4.1
2019-04-02,37,6.7
2019-04-03,51,9.2
2019-04-04,64,15.9
2019-04-05,47,8.5
2019-04-06,53,10.1
2019-04-07,38,6.9
2019-04-08,37,6.7
2019-04-09,29,5.2
2019-04-10,38,6.8
2019-04-11,42,7.5
2019-04-12,33,5.9
2019-04-13,52,9.8
2019-04-14,38,6.9
2019-04-15,17,3.1
2019-04-16,34,6.1
2019-04-17,57,12.1
2019-04-18,52,9.4
2019-04-19,14,2.6
2019-04-20,14,2.5
2019-04-21,26,4.7
2019-04-22,44,7.9
2019-04-23,53,10.0
2019-04-24,50,9.0
2019-04-25,43,7.8
2019-04-26,26,4.6
2019-04-27,36,6.5
2019-04-28,54,10.6
2019-04-29,59,13.3
2019-04-30,62,15.2
2019-05-01,59,13.3
2019-05-02,54,10.9
2019-05-03,55,11.0
2019-05-04,41,7.3
2019-05-05,14,2.6
2019-05-06,28,5.1
2019-05-07,48,8.7
2019-05-08,45,8.1
2019-05-09,27,4.9
2019-05-10,34,6.2
2019-05-11,34,6.2
2019-05-12,23,4.1
2019-05-13,22,4.0
2019-05-14,27,4.9
2019-05-15,48,8.7
2019-05-16,55,11.1
2019-05-17,56,11.9
2019-05-18,58,13.0
2019-05-19,58,12.6
2019-05-20,55,11.4
2019-05-21,52,9.5
2019-05-22,54,10.6
2019-05-23,55,11.1
2019-05-24,57,12.2
2019-05-25,57,12.2
2019-05-26,58,12.8
2019-05-27,62,15.0
2019-05-28,56,11.8
2019-05-29,56,11.9
2019-05-30,55,11.1
2019-05-31,56,11.9
2019-06-01,52,9.5
2019-06-02,56,11.9
2019-06-03,62,15.1
2019-06-04,63,15.7
2019-06-05,72,20.4
2019-06-06,53,10.3
2019-06-07,26,4.7
2019-06-08,,5.535714
2019-06-10,,6.741176
2019-06-11,45,8.1
2019-06-12,28,5.0
2019-06-13,31,5.6
2019-06-14,36,6.5
2019-06-15,51,9.2
2019-06-16,52,9.4
2019-06-17,50,9.0
2019-06-18,30,5.4
2019-06-19,35,6.3
2019-06-20,40,7.2
2019-06-21,47,8.4
2019-06-22,43,7.7
2019-06-23,44,7.9
2019-06-24,58,12.8
2019-06-25,36,6.5
2019-06-26,52,9.7
2019-06-27,53,10.2
2019-06-28,51,9.3
2019-06-29,51,9.1
2019-06-30,52,9.5
2019-07-01,57,12.2
2019-07-02,58,12.9
2019-07-03,57,12.5
2019-07-04,63,15.4
2019-07-05,56,12.0
2019-07-06,58,12.8
2019-07-07,56,11.8
2019-07-08,52,9.7
2019-07-09,47,8.4
2019-07-10,49,8.8
2019-07-11,41,7.4
2019-07-12,31,5.5
2019-07-13,39,7.0
2019-07-14,54,10.8
2019-07-15,58,12.9
2019-07-16,66,17.3
2019-07-17,55,11.0
2019-07-18,42,7.6
2019-07-19,45,8.1
2019-07-20,38,6.9
2019-07-21,26,4.6
2019-07-22,29,5.3
2019-07-23,29,5.2
2019-07-24,33,5.9
2019-07-25,47,8.4
2019-07-26,52,9.6
2019-07-27,55,11.0
2019-07-28,59,13.3
2019-07-29,61,14.5
2019-07-30,59,13.5
2019-07-31,60,14.1
2019-08-01,57,12.3
2019-08-02,48,8.6
2019-08-03,43,7.7
2019-08-04,33,5.9
2019-08-05,44,8.0
2019-08-06,52,9.4
2019-08-07,55,11.2
2019-08-08,47,8.5
2019-08-09,53,10.3
2019-08-10,55,11.0
2019-08-11,55,11.5
2019-08-12,58,12.9
2019-08-13,57,12.5
2019-08-14,39,7.0
2019-08-15,40,7.2
2019-08-16,52,9.5
2019-08-17,53,10.4
2019-08-18,53,10.4
2019-08-19,44,7.9
2019-08-20,28,5.1
2019-08-21,46,8.3
2019-08-22,50,9.0
2019-08-23,36,6.5
2019-08-24,42,7.5
2019-08-25,27,4.8
2019-08-26,34,6.2
2019-08-27,30,5.4
2019-08-28,33,5.9
2019-08-29,37,6.6
2019-08-30,40,7.2
2019-08-31,49,8.9
2019-09-01,51,9.3
2019-09-02,46,8.3
2019-09-03,54,10.6
2019-09-04,53,10.0
2019-09-05,52,9.9
2019-09-06,47,8.5
2019-09-07,58,13.1
2019-09-08,54,10.7
2019-09-09,59,13.2
2019-09-10,61,14.4
2019-09-11,58,12.7
2019-09-12,61,14.7
2019-09-13,61,14.2
2019-09-14,53,10.1
2019-09-15,51,9.3
2019-09-16,57,12.1
2019-09-17,58,13.1
2019-09-18,55,11.4
2019-09-19,38,6.9
2019-09-20,42,7.6
2019-09-21,43,7.8
2019-09-22,39,7.1
2019-09-23,51,9.3
2019-09-24,60,13.7
2019-09-25,47,8.5
2019-09-26,53,10.0
2019-09-27,53,10.1
2019-09-28,57,12.1
2019-09-29,52,9.5
2019-09-30,56,12.0
2019-10-01,59,13.5
2019-10-02,63,15.8
2019-10-03,64,16.3
2019-10-04,57,12.2
2019-10-05,52,9.5
2019-10-06,30,5.4
2019-10-07,32,5.8
2019-10-08,32,5.7
2019-10-09,23,4.2
2019-10-10,37,6.7
2019-10-11,44,8.0
2019-10-12,48,8.6
2019-10-13,29,5.3
2019-10-14,33,5.9
2019-10-15,51,9.2
2019-10-16,22,3.9
2019-10-17,23,4.2
2019-10-18,35,6.3
2019-10-19,22,3.9
2019-10-20,18,3.3
2019-10-21,38,6.9
2019-10-22,24,4.4
2019-10-23,24,4.3
2019-10-24,37,6.6
2019-10-25,43,7.8
2019-10-26,28,5.1
2019-10-27,22,3.9
2019-10-28,38,6.8
2019-10-29,56,11.9
2019-10-30,28,5.0
2019-10-31,17,3.1
2019-11-01,30,5.4
2019-11-02,51,9.3
2019-11-03,39,7.1
2019-11-04,52,9.4
2019-11-05,52,9.8
2019-11-06,57,12.2
2019-11-07,55,11.5
2019-11-08,30,5.4
2019-11-09,41,7.4
2019-11-10,57,12.3
2019-11-11,60,13.8
2019-11-12,24,4.4
2019-11-13,26,4.6
2019-11-14,52,9.4
2019-11-15,51,9.3
2019-11-16,51,9.3
2019-11-17,41,7.4
2019-11-18,52,9.8
2019-11-19,57,12.5
2019-11-20,42,7.6
2019-11-21,55,11.5
2019-11-22,69,18.8
2019-11-23,51,9.2
2019-11-24,22,3.9
2019-11-25,52,9.6
2019-11-26,58,12.6
2019-11-27,39,7.0
2019-11-28,20,3.6
2019-11-29,45,8.1
2019-11-30,59,13.6
2019-12-01,23,4.1
2019-12-02,12,2.1
2019-12-03,23,4.1
2019-12-04,32,5.8
2019-12-05,37,6.7
2019-12-06,60,13.7
2019-12-07,62,15.2
2019-12-08,42,7.5
2019-12-09,55,11.0
2019-12-10,31,5.5
2019-12-11,17,3.0
2019-12-12,29,5.2
2019-12-13,16,2.8
2019-12-14,32,5.7
2019-12-15,57,12.4
2019-12-16,53,10.1
2019-12-17,21,3.7
2019-12-18,32,5.7
2019-12-19,48,8.6
2019-12-20,55,11.5
2019-12-21,54,10.7
2019-12-22,43,7.7
2019-12-23,4,0.7
2019-12-24,13,2.3
2019-12-25,47,8.4
2019-12-26,56,11.9
2019-12-27,55,11.2
2019-12-28,40,7.2
2019-12-29,17,3.0
2019-12-30,17,3.0
2019-12-31,17,3.1
2020-01-01,29,5.2
2020-01-02,52,9.7
2020-01-03,32,5.8
2020-01-04,16,2.8
2020-01-05,25,4.5
2020-01-06,52,9.6
2020-01-07,35,6.3
2020-01-08,29,5.3
2020-01-09,52,9.8
2020-01-10,46,8.3
2020-01-11,23,4.2
2020-01-12,23,4.2
2020-01-13,28,5.0
2020-01-14,13,2.4
2020-01-15,22,4.0
2020-01-16,23,4.2
2020-01-17,19,3.4
2020-01-18,34,6.2
2020-01-19,17,3.1
2020-01-20,36,6.4
2020-01-21,41,7.4
2020-01-22,50,9.0
2020-01-23,31,5.6
2020-01-24,32,5.7
2020-01-25,22,3.9
2020-01-26,29,5.3
2020-01-27,43,7.7
2020-01-28,38,6.9
2020-01-29,46,8.2
2020-01-30,53,10.3
2020-01-31,52,9.5
2020-02-01,50,9.0
2020-02-02,24,4.3
2020-02-03,46,8.2
2020-02-04,34,6.2
2020-02-05,39,7.1
2020-02-06,13,2.3
2020-02-07,11,2.0
2020-02-08,53,10.2
2020-02-09,34,6.2
2020-02-10,42,7.6
2020-02-11,33,5.9
2020-02-12,25,4.5
2020-02-13,17,3.0
2020-02-14,21,3.8
2020-02-15,33,5.9
2020-02-16,51,9.3
2020-02-17,25,4.5
2020-02-18,17,3.0
2020-02-19,23,4.1
2020-02-20,16,2.9
2020-02-21,28,5.0
2020-02-22,48,8.6
2020-02-23,53,10.0
2020-02-24,47,8.4
2020-02-25,26,4.7
2020-02-26,24,4.3
2020-02-27,21,3.7
2020-02-28,37,6.6
2020-02-29,22,4.0
2020-03-01,56,11.6
2020-03-02,64,16.0
2020-03-03,37,6.7
2020-03-04,43,7.7
2020-03-05,16,2.8
2020-03-06,16,2.9
2020-03-07,23,4.2
2020-03-08,52,9.6
2020-03-09,53,10.0
2020-03-10,48,8.6
2020-03-11,35,6.3
2020-03-12,49,8.8
2020-03-13,42,7.6
2020-03-14,48,8.7
2020-03-15,31,5.6
2020-03-16,51,9.3
2020-03-17,59,13.6
2020-03-18,64,16.1
2020-03-19,57,12.5
2020-03-20,51,9.1
2020-03-21,23,4.2
2020-03-22,33,6.0
2020-03-23,21,3.7
2020-03-24,24,4.4
2020-03-25,23,4.1
2020-03-26,47,8.4
2020-03-27,61,14.4
2020-03-28,58,12.6
2020-03-29,53,10.3
2020-03-30,39,7.0
2020-03-31,42,7.5
2020-04-01,19,3.5
2020-04-02,27,4.8
2020-04-03,37,6.7
2020-04-04,53,10.2
2020-04-05,62,15.1
2020-04-06,64,16.0
2020-04-07,62,15.1
2020-04-08,52,9.8
2020-04-09,36,6.4
2020-04-10,25,4.5
2020-04-11,46,8.2
2020-04-12,61,14.2
2020-04-13,33,5.9
2020-04-14,26,4.7
2020-04-15,23,4.2
2020-04-16,37,6.7
2020-04-17,52,9.4
2020-04-18,43,7.8
2020-04-19,42,7.6
2020-04-20,21,3.8
2020-04-21,41,7.3
2020-04-22,33,5.9
2020-04-23,23,4.1
2020-04-24,21,3.7
2020-04-25,32,5.8
2020-04-26,13,2.3
2020-04-27,25,4.5
2020-04-28,53,10.1
2020-04-29,48,8.7
2020-04-30,20,3.6
2020-05-01,29,5.3
2020-05-02,48,8.7
2020-05-03,52,9.4
2020-05-04,49,8.9
2020-05-05,52,9.9
2020-05-06,21,3.8
2020-05-07,26,4.7
2020-05-08,44,7.9
2020-05-09,24,4.3
2020-05-10,34,6.2
2020-05-11,27,4.8
2020-05-12,33,6.0
2020-05-13,46,8.2
2020-05-14,40,7.2
2020-05-15,34,6.1
2020-05-16,42,7.6
2020-05-17,41,7.3
2020-05-18,29,5.3
2020-05-19,23,4.2
2020-05-20,9,1.6
2020-05-21,21,3.7
2020-05-22,37,6.6
2020-05-23,48,8.6
2020-05-24,41,7.3
2020-05-25,48,8.7
2020-05-26,26,4.7
2020-05-27,23,4.2
2020-05-28,24,4.4
2020-05-29,41,7.4
2020-05-30,36,6.5
2020-05-31,43,7.8
2020-06-01,50,9.0
2020-06-02,50,9.0
2020-06-03,55,11.2
2020-06-04,50,9.0
2020-06-05,44,8.0
2020-06-06,43,7.7
2020-06-07,23,4.1
2020-06-08,37,6.6
2020-06-09,39,7.1
2020-06-10,30,5.4
2020-06-11,36,6.5
2020-06-12,38,6.9
2020-06-13,48,8.6
2020-06-14,55,11.5
2020-06-15,39,7.1
2020-06-16,12,2.2
2020-06-17,23,4.1
2020-06-18,35,6.3
2020-06-19,50,9.0
2020-06-20,56,11.9
2020-06-21,57,12.3
2020-06-22,52,9.7
2020-06-23,30,5.4
2020-06-24,32,5.8
2020-06-25,31,5.5
2020-06-26,80,24.8
2020-06-27,85,27.6
2020-06-28,44,8.0
2020-06-29,51,9.1
2020-06-30,36,6.5
2020-07-01,38,6.8
2020-07-02,43,7.8
2020-07-03,58,13.0
2020-07-04,79,24.0
2020-07-05,105,37.2
2020-07-06,43,7.7
2020-07-07,25,4.5
2020-07-08,32,5.7
2020-07-09,33,5.9
2020-07-10,40,7.2
2020-07-11,42,7.5
2020-07-12,43,7.8
2020-07-13,43,7.7
2020-07-14,52,9.5
2020-07-15,54,10.7
2020-07-16,52,9.6
2020-07-17,54,10.8
2020-07-18,57,12.1
2020-07-19,54,10.8
2020-07-20,57,12.4
2020-07-21,53,10.2
2020-07-22,43,7.8
2020-07-23,28,5.1
2020-07-24,28,5.0
2020-07-25,28,5.1
2020-07-26,32,5.8
2020-07-27,35,6.3
2020-07-28,35,6.3
2020-07-29,23,4.1
2020-07-30,41,7.3
2020-07-31,62,14.8
2020-08-01,57,12.5
2020-08-02,53,10.2
2020-08-03,51,9.2
2020-08-04,42,7.5
2020-08-05,53,10.4
2020-08-06,55,11.1
2020-08-07,55,11.0
2020-08-08,58,12.9
2020-08-09,59,13.2
2020-08-10,49,8.9
2020-08-11,54,10.8
2020-08-12,53,10.3
2020-08-13,52,9.7
2020-08-14,36,6.5
2020-08-15,40,7.2
2020-08-16,48,8.6
2020-08-17,58,12.7
2020-08-18,53,10.1
2020-08-19,50,9.0
2020-08-20,44,7.9
2020-08-21,31,5.6
2020-08-22,26,4.6
2020-08-23,40,7.2
2020-08-24,38,6.9
2020-08-25,14,2.6
2020-08-26,52,9.8
2020-08-27,52,9.4
2020-08-28,30,5.4
2020-08-29,44,7.9
2020-08-30,50,9.0
2020-08-31,39,7.1
2020-09-01,51,9.3
2020-09-02,64,15.9
2020-09-03,75,22.0
2020-09-04,71,19.8
2020-09-05,42,7.5
2020-09-06,43,7.8
2020-09-07,51,9.1
2020-09-08,52,9.5
2020-09-09,33,5.9
2020-09-10,33,6.0
2020-09-11,32,5.8
2020-09-12,27,4.8
2020-09-13,36,6.5
2020-09-14,39,7.1
2020-09-15,36,6.4
2020-09-16,39,7.1
2020-09-17,15,2.7
2020-09-18,33,5.9
2020-09-19,62,14.8
2020-09-20,24,4.3
2020-09-21,27,4.8
2020-09-22,38,6.8
2020-09-23,52,9.7
2020-09-24,49,8.8
2020-09-25,37,6.7
2020-09-26,47,8.4
2020-09-27,48,8.7
2020-09-28,53,10.3
2020-09-29,37,6.6
2020-09-30,32,5.8
2020-10-01,46,8.2
2020-10-02,31,5.6
2020-10-03,38,6.9
2020-10-04,55,11.5
2020-10-05,60,13.9
2020-10-06,53,10.3
2020-10-07,59,13.4
2020-10-08,66,17.2
2020-10-09,64,16.1
2020-10-10,52,9.9
2020-10-11,39,7.0
2020-10-12,32,5.7
2020-10-13,54,10.6
2020-10-14,52,9.7
2020-10-15,58,13.1
2020-10-16,54,10.5
2020-10-17,28,5.0
2020-10-18,43,7.8
2020-10-19,53,10.3
2020-10-20,56,11.7
2020-10-21,42,7.5
2020-10-22,43,7.7
2020-10-23,36,6.4
2020-10-24,33,6.0
2020-10-25,53,10.1
2020-10-26,51,9.3
2020-10-27,49,8.9
2020-10-28,51,9.1
2020-10-29,32,5.7
2020-10-30,26,4.7
2020-10-31,43,7.8
2020-11-01,42,7.6
2020-11-02,26,4.7
2020-11-03,44,7.9
2020-11-04,62,15.1
2020-11-05,58,12.8
2020-11-06,52,9.9
2020-11-07,43,7.8
2020-11-08,32,5.8
2020-11-09,28,5.1
2020-11-10,37,6.6
2020-11-11,30,5.4
2020-11-12,46,8.3
2020-11-13,52,9.7
2020-11-14,56,11.9
2020-11-15,57,12.1
2020-11-16,24,4.3
2020-11-17,28,5.0
2020-11-18,31,5.6
2020-11-19,56,11.6
2020-11-20,55,11.4
2020-11-21,69,19.0
2020-11-22,71,20.1
2020-11-23,28,5.1
2020-11-24,51,9.3
2020-11-25,47,8.4
2020-11-26,37,6.6
2020-11-27,60,13.9
2020-11-28,58,12.9
2020-11-29,47,8.4
2020-11-30,20,3.6
2020-12-01,35,6.3
2020-12-02,42,7.5
2020-12-03,59,13.5
2020-12-04,51,9.2
2020-12-05,42,7.5
2020-12-06,58,12.9
2020-12-07,59,13.6
2020-12-08,47,8.4
2020-12-09,57,12.5
2020-12-10,69,18.9
2020-12-11,76,22.3
2020-12-12,66,17.3
2020-12-13,60,13.8
2020-12-14,21,3.7
2020-12-15,38,6.8
2020-12-16,43,7.8
2020-12-17,47,8.5
2020-12-18,55,11.0
2020-12-19,62,15.1
2020-12-20,53,10.0
2020-12-21,52,9.6
2020-12-22,34,6.1
2020-12-23,48,8.7
2020-12-24,32,5.8
2020-12-25,16,2.8
2020-12-26,28,5.0
2020-12-27,63,15.6
2020-12-28,57,12.3
2020-12-29,59,13.6
2020-12-30,64,16.0
2020-12-31,68,18.4
2021-01-01,24,4.4
2021-01-02,51,9.1
2021-01-03,29,5.2
2021-01-04,42,7.5
2021-01-05,40,7.2
2021-01-06,51,9.1
2021-01-07,51,9.1
2021-01-08,41,7.4
2021-01-09,57,12.5
2021-01-10,55,11.0
2021-01-11,65,16.5
2021-01-12,55,11.5
2021-01-13,53,10.1
2021-01-14,54,10.8
2021-01-15,39,7.0
2021-01-16,23,4.1
2021-01-17,49,8.9
2021-01-18,32,5.8
2021-01-19,53,10.0
2021-01-20,42,7.6
2021-01-21,46,8.2
2021-01-22,31,5.5
2021-01-23,48,8.7
2021-01-24,43,7.7
2021-01-25,53,10.2
2021-01-26,,10.1
2021-01-27,,5.092857
2021-01-28,21,3.7
2021-01-29,44,7.9
2021-01-30,63,15.3
2021-01-31,43,7.7
2021-02-01,34,6.2
2021-02-02,28,5.0
2021-02-03,23,4.2
2021-02-04,55,11.3
2021-02-05,41,7.3
2021-02-06,37,6.6
2021-02-07,26,4.6
2021-02-08,48,8.7
2021-02-09,52,9.9
2021-02-10,63,15.3
2021-02-11,58,12.8
2021-02-12,33,6.0
2021-02-13,28,5.1
2021-02-14,35,6.3
2021-02-15,9,1.7
2021-02-16,52,9.7
2021-02-17,55,11.5
2021-02-18,31,5.5
2021-02-19,54,10.6
2021-02-20,49,8.8
2021-02-21,50,9.0
2021-02-22,29,5.3
2021-02-23,26,4.7
2021-02-24,59,13.6
2021-02-25,66,17.3
2021-02-26,63,15.4
2021-02-27,58,13.0
2021-02-28,57,12.3
2021-03-01,33,6.0
2021-03-02,18,3.3
2021-03-03,33,5.9
2021-03-04,36,6.4
2021-03-05,49,8.8
2021-03-06,54,10.9
2021-03-07,52,9.4
2021-03-08,53,10.4
2021-03-09,83,26.3
2021-03-10,82,25.8
2021-03-11,75,22.0
2021-03-12,95,32.9
2021-03-13,71,19.9
2021-03-14,63,15.8
2021-03-15,69,18.7
2021-03-16,53,10.1
2021-03-17,24,4.4
2021-03-18,48,8.7
2021-03-19,15,2.7
2021-03-20,23,4.2
2021-03-21,35,6.3
2021-03-22,43,7.8
2021-03-23,57,12.1
2021-03-24,55,11.3
2021-03-25,59,13.2
2021-03-26,49,8.8
2021-03-27,55,11.0
2021-03-28,37,6.7
2021-03-29,27,4.9
2021-03-30,51,9.2
2021-03-31,42,7.5
2021-04-01,19,3.4
2021-04-02,28,5.1
2021-04-03,48,8.6
2021-04-04,59,13.5
2021-04-05,59,13.6
2021-04-06,72,20.5
2021-04-07,72,20.4
2021-04-08,71,19.7
2021-04-09,51,9.2
2021-04-10,37,6.7
2021-04-11,39,7.1
2021-04-12,54,10.5
2021-04-13,60,14.1
2021-04-14,62,15.1
2021-04-15,41,7.4
2021-04-16,36,6.5
2021-04-17,51,9.3
2021-04-18,44,8.0
2021-04-19,47,8.4
2021-04-20,64,16.2
2021-04-21,54,10.7
2021-04-22,33,5.9
2021-04-23,56,12.0
2021-04-24,48,8.6
2021-04-25,31,5.5
2021-04-26,53,10.1
2021-04-27,55,11.5
2021-04-28,55,11.4
2021-04-29,58,13.0
2021-04-30,44,8.0
2021-05-01,39,7.1
2021-05-02,55,11.3
2021-05-03,50,9.0
2021-05-04,29,5.3
2021-05-05,38,6.9
2021-05-06,34,6.1
2021-05-07,26,4.7
2021-05-08,48,8.6
2021-05-09,52,9.8
2021-05-10,26,4.6
2021-05-11,41,7.4
2021-05-12,29,5.2
2021-05-13,19,3.4
2021-05-14,52,9.9
2021-05-15,51,9.2
2021-05-16,52,9.9
2021-05-17,57,12.2
2021-05-18,52,9.8
2021-05-19,41,7.4
2021-05-20,34,6.1
2021-05-21,53,10.0
2021-05-22,55,11.5
2021-05-23,63,15.8
2021-05-24,75,21.8
2021-05-25,68,18.4
2021-05-26,65,16.6
2021-05-27,54,10.8
2021-05-28,52,9.8
2021-05-29,26,4.7
2021-05-30,20,3.6
2021-05-31,48,8.6
2021-06-01,39,7.1
2021-06-02,44,7.9
2021-06-03,47,8.5
2021-06-04,43,7.7
2021-06-05,50,9.0
2021-06-06,44,7.9
2021-06-07,22,4.0
2021-06-08,24,4.4
2021-06-09,26,4.7
2021-06-10,29,5.2
2021-06-11,34,6.2
2021-06-12,49,8.9
2021-06-13,31,5.5
2021-06-14,44,7.9
2021-06-15,48,8.7
2021-06-16,42,7.5
2021-06-17,49,8.9
2021-06-18,60,14.0
2021-06-19,51,9.2
2021-06-20,17,3.1
2021-06-21,35,6.3
2021-06-22,26,4.6
2021-06-23,42,7.5
2021-06-24,44,8.0
2021-06-25,51,9.3
2021-06-26,37,6.6
2021-06-27,27,4.8
2021-06-28,,6.35
2021-06-29,,5.435714
2021-06-30,29,5.3
2021-07-01,17,3.0
2021-07-02,22,4.0
2021-07-03,49,8.8
2021-07-04,77,23.1
2021-07-05,98,34.1
2021-07-06,54,10.8
2021-07-07,29,5.2
2021-07-08,28,5.1
2021-07-09,38,6.9
2021-07-10,29,5.3
2021-07-11,33,6.0
2021-07-12,31,5.5
2021-07-13,30,5.4
2021-07-14,40,7.2
2021-07-15,53,10.0
2021-07-16,42,7.5
2021-07-17,27,4.9
2021-07-18,30,5.4
2021-07-19,32,5.8
2021-07-20,23,4.1
2021-07-21,26,4.7
2021-07-22,56,11.9
2021-07-23,66,16.9
2021-07-24,67,17.6
2021-07-25,63,15.6
2021-07-26,55,11.1
2021-07-27,49,8.9
2021-07-28,53,10.0
2021-07-29,63,15.8
2021-07-30,67,17.7
2021-07-31,60,14.1
2021-08-01,56,11.6
2021-08-02,69,18.5
2021-08-03,62,15.2
2021-08-04,62,15.2
2021-08-05,53,10.1
2021-08-06,51,9.2
2021-08-07,48,8.6
2021-08-08,54,10.5
2021-08-09,64,15.9
2021-08-10,61,14.3
2021-08-11,53,10.1
2021-08-12,58,12.6
2021-08-13,51,9.1
2021-08-14,51,9.3
2021-08-15,37,6.7
2021-08-16,35,6.3
2021-08-17,11,2.0
2021-08-18,32,5.7
2021-08-19,34,6.2
2021-08-20,32,5.8
2021-08-21,43,7.8
2021-08-22,43,7.7
2021-08-23,49,8.8
2021-08-24,56,11.9
2021-08-25,58,13.1
2021-08-26,55,11.0
2021-08-27,56,11.7
2021-08-28,48,8.7
2021-08-29,49,8.8
2021-08-30,53,10.1
2021-08-31,39,7.0
2021-09-01,27,4.9
2021-09-02,42,7.5
2021-09-03,47,8.5
2021-09-04,48,8.7
2021-09-05,54,10.8
2021-09-06,57,12.4
2021-09-07,58,13.0
2021-09-08,47,8.5
2021-09-09,38,6.9
2021-09-10,39,7.0
2021-09-11,52,9.5
2021-09-12,54,10.9
2021-09-13,58,12.8
2021-09-14,62,15.0
2021-09-15,62,15.0
2021-09-16,19,3.4
2021-09-17,39,7.1
2021-09-18,53,10.1
2021-09-19,44,8.0
2021-09-20,37,6.7
2021-09-21,28,5.0
2021-09-22,20,3.6
2021-09-23,19,3.4
2021-09-24,29,5.2
2021-09-25,52,9.6
2021-09-26,58,12.9
2021-09-27,61,14.6
2021-09-28,60,13.9
2021-09-29,65,16.4
2021-09-30,66,17.2
2021-10-01,63,15.7
2021-10-02,63,15.8
2021-10-03,56,11.8
2021-10-04,25,4.5
2021-10-05,29,5.3
2021-10-06,27,4.9
2021-10-07,25,4.5
2021-10-08,37,6.7
2021-10-09,41,7.4
2021-10-10,34,6.1
2021-10-11,46,8.2
2021-10-12,52,9.9
2021-10-13,54,10.6
2021-10-14,60,13.8
2021-10-15,61,14.2
2021-10-16,42,7.5
2021-10-17,25,4.5
2021-10-18,33,5.9
2021-10-19,56,11.6
2021-10-20,60,13.8
2021-10-21,56,11.8
2021-10-22,38,6.8
2021-10-23,46,8.2
2021-10-24,60,13.8
2021-10-25,50,9.0
2021-10-26,17,3.0
2021-10-27,39,7.0
2021-10-28,29,5.3
2021-10-29,24,4.3
2021-10-30,20,3.6
2021-10-31,21,3.7
2021-11-01,37,6.7
2021-11-02,49,8.8
2021-11-03,27,4.8
2021-11-04,53,10.3
2021-11-05,47,8.4
2021-11-06,36,6.4
2021-11-07,50,9.0
2021-11-08,36,6.5
2021-11-09,62,15.1
2021-11-10,75,22.0
2021-11-11,67,17.5
2021-11-12,32,5.7
2021-11-13,42,7.5
2021-11-14,32,5.8
2021-11-15,35,6.3
2021-11-16,59,13.6
2021-11-17,64,16.2
2021-11-18,53,10.3
2021-11-19,28,5.1
2021-11-20,38,6.8
2021-11-21,52,9.9
2021-11-22,51,9.2
2021-11-23,28,5.0
2021-11-24,60,13.7
2021-11-25,60,14.1
2021-11-26,38,6.8
2021-11-27,33,6.0
2021-11-28,51,9.2
2021-11-29,33,6.0
2021-11-30,54,10.9
2021-12-01,66,17.3
2021-12-02,64,16.1
2021-12-03,59,13.6
2021-12-04,79,24.2
2021-12-05,97,34.0
2021-12-06,60,13.8
2021-12-07,43,7.8
2021-12-08,48,8.7
2021-12-09,51,9.3
2021-12-10,53,10.3
2021-12-11,50,9.0
2021-12-12,33,5.9
2021-12-13,55,11.5
2021-12-14,66,16.9
2021-12-15,59,13.6
2021-12-16,60,13.7
2021-12-17,53,10.0
2021-12-18,31,5.6
2021-12-19,27,4.8
2021-12-20,26,4.7
2021-12-21,37,6.6
2021-12-22,38,6.9
2021-12-23,43,7.7
2021-12-24,52,9.5
2021-12-25,25,4.5
2021-12-26,,4.833333
2021-12-27,41,7.4
2021-12-28,,9.37
2021-12-30,22,4.0
2022-01-02,23,4.2
2022-01-05,48,8.6
2022-01-06,,7.784615
2022-01-07,37,6.6
2022-01-08,34,6.1
2022-01-09,52,9.8
2022-01-10,17,3.1
2022-01-11,21,3.7
2022-01-12,50,9.0
2022-01-13,54,10.7
2022-01-14,49,8.8
2022-01-15,67,17.9
2022-01-16,,9.616667
2022-01-17,34,6.2
2022-01-18,51,9.3
2022-01-19,55,11.4
2022-01-20,53,10.2
2022-01-21,62,15.1
2022-01-22,64,16.1
2022-01-23,54,10.9
2022-01-24,57,12.3
2022-01-25,57,12.3
2022-01-26,57,12.4
2022-01-27,58,12.7
2022-01-28,65,16.7
2022-01-29,28,5.1
2022-01-30,63,15.6
2022-01-31,75,21.8
2022-02-01,65,16.7
2022-02-02,66,17.1
2022-02-03,57,12.3
2022-02-04,16,2.8
2022-02-05,43,7.8
2022-02-06,42,7.6
2022-02-07,39,7.0
2022-02-08,41,7.4
2022-02-09,56,11.6
2022-02-10,55,11.3
2022-02-11,62,15.2
2022-02-12,68,18.1
2022-02-13,23,4.1
2022-02-14,61,14.5
2022-02-15,74,21.7
2022-02-16,56,11.6
2022-02-17,51,9.1
2022-02-18,36,6.4
2022-02-19,23,4.2
2022-02-20,55,11.4
2022-02-21,65,16.6
2022-02-22,45,8.1
2022-02-23,47,8.4
2022-02-24,51,9.3
2022-02-25,24,4.4
2022-02-26,48,8.7
2022-02-27,56,11.7
2022-02-28,24,4.4
2022-03-01,42,7.6
2022-03-02,51,9.3
2022-03-03,54,10.9
2022-03-04,76,22.3
2022-03-05,76,22.3
2022-03-06,53,10.4
2022-03-07,61,14.2
2022-03-08,36,6.5
2022-03-09,18,3.3
2022-03-10,32,5.8
2022-03-11,53,10.0
2022-03-12,13,2.3
2022-03-13,,6.6875
2022-03-14,47,8.5
2022-03-15,52,9.9
2022-03-16,37,6.6
2022-03-17,48,8.7
2022-03-18,38,6.8
2022-03-19,28,5.1
2022-03-20,21,3.7
2022-03-21,40,7.2
2022-03-22,53,10.1
2022-03-23,37,6.6
2022-03-24,26,4.6
2022-03-25,46,8.3
2022-03-26,22,4.0
2022-03-27,16,2.9
2022-03-28,31,5.5
2022-03-29,65,16.4
2022-03-30,61,14.5
2022-03-31,51,9.3
2022-04-01,36,6.4
2022-04-02,51,9.1
2022-04-03,41,7.3
2022-04-04,44,7.9
2022-04-05,54,10.5
2022-04-06,48,8.7
2022-04-07,28,5.0
2022-04-08,21,3.8
2022-04-09,18,3.2
2022-04-10,47,8.4
2022-04-11,46,8.3
2022-04-12,61,14.3
2022-04-13,67,17.5
2022-04-14,37,6.6
2022-04-15,46,8.3
2022-04-16,55,11.0
2022-04-17,55,11.0
2022-04-18,37,6.7
2022-04-19,28,5.0
2022-04-20,38,6.9
2022-04-21,48,8.6
2022-04-22,56,11.9
2022-04-23,54,10.9
2022-04-24,56,11.7
2022-04-25,57,12.2
2022-04-26,48,8.7
2022-04-27,49,8.9
2022-04-28,83,26.3
2022-04-29,70,19.2
2022-04-30,61,14.2
2022-05-01,59,13.5
2022-05-02,45,8.1
2022-05-03,48,8.6
2022-05-04,56,11.7
2022-05-05,55,11.2
2022-05-06,48,8.6
2022-05-07,26,4.7
2022-05-08,21,3.7
2022-05-09,29,5.3
2022-05-10,46,8.3
2022-05-11,54,10.6
2022-05-12,41,7.4
2022-05-13,27,4.9
2022-05-14,28,5.0
2022-05-15,52,9.8
2022-05-16,54,10.9
2022-05-17,38,6.9
2022-05-18,55,11.4
2022-05-19,65,16.8
2022-05-20,51,9.2
2022-05-21,53,10.2
2022-05-22,55,11.4
2022-05-23,29,5.2
2022-05-24,52,9.5
2022-05-25,48,8.6
2022-05-26,32,5.7
2022-05-27,38,6.9
2022-05-28,43,7.7
2022-05-29,51,9.3
2022-05-30,58,13.0
2022-05-31,51,9.2
2022-06-01,55,11.2
2022-06-02,60,13.8
2022-06-03,49,8.9
2022-06-04,38,6.8
2022-06-05,76,22.6
2022-06-06,69,18.5
2022-06-07,45,8.1
2022-06-08,53,10.1
2022-06-09,59,13.3
2022-06-10,39,7.1
2022-06-11,64,16.3
2022-06-12,70,19.3
2022-06-13,61,14.3
2022-06-14,80,24.6
2022-06-15,67,17.7
2022-06-16,58,12.6
2022-06-17,59,13.6
2022-06-18,48,8.7
2022-06-19,33,5.9
2022-06-20,60,13.7
2022-06-21,62,14.8
2022-06-22,59,13.4
2022-06-23,66,17.4
2022-06-24,58,13.1
2022-06-25,42,7.6
2022-06-26,56,12.0
2022-06-27,55,11.4
2022-06-28,53,10.0
2022-06-29,53,10.4
2022-06-30,44,8.0
2022-07-01,29,5.2
2022-07-02,53,10.4
2022-07-03,53,10.2
2022-07-04,58,13.0
2022-07-05,56,11.7
2022-07-06,53,10.2
2022-07-07,36,6.4
2022-07-08,52,9.4
2022-07-09,37,6.6
2022-07-10,33,5.9
2022-07-11,31,5.5
2022-07-12,52,9.5
2022-07-13,41,7.4
2022-07-14,53,10.0
2022-07-15,56,11.6
2022-07-16,34,6.1
2022-07-17,48,8.7
2022-07-18,44,7.9
2022-07-19,36,6.5
2022-07-20,49,8.8
2022-07-21,49,8.9
2022-07-22,43,7.7
2022-07-23,43,7.8
2022-07-24,52,9.9
2022-07-25,31,5.5
2022-07-26,41,7.4
2022-07-27,42,7.6
2022-07-28,37,6.7
2022-07-29,44,7.9
2022-07-30,40,7.2
2022-07-31,43,7.7
2022-08-01,59,13.4
2022-08-02,52,9.8
2022-08-03,34,6.2
2022-08-04,42,7.6
2022-08-05,52,9.6
2022-08-06,36,6.5
2022-08-07,39,7.1
2022-08-08,42,7.6
2022-08-09,29,5.3
2022-08-10,34,6.2
2022-08-11,47,8.4
2022-08-12,34,6.2
2022-08-13,52,9.9
2022-08-14,56,11.9
2022-08-15,53,10.3
2022-08-16,57,12.5
2022-08-17,52,9.7
2022-08-18,38,6.9
2022-08-19,55,11.3
2022-08-20,49,8.9
2022-08-21,25,4.5
2022-08-22,52,9.6
2022-08-23,55,11.2
2022-08-24,37,6.7
2022-08-25,29,5.2
2022-08-26,39,7.1
2022-08-27,35,6.3
2022-08-28,49,8.8
2022-08-29,48,8.7
2022-08-30,24,4.3
2022-08-31,52,9.4
2022-09-01,52,9.6
2022-09-02,28,5.1
2022-09-03,30,5.4
2022-09-04,31,5.6
2022-09-05,19,3.5
2022-09-06,54,10.6
2022-09-07,44,8.0
2022-09-08,33,5.9
2022-09-09,30,5.4
2022-09-10,16,2.8
2022-09-11,19,3.4
2022-09-12,35,6.3
2022-09-13,34,6.1
2022-09-14,55,11.2
2022-09-15,44,7.9
2022-09-16,52,9.4
2022-09-17,55,11.3
2022-09-18,56,12.0
2022-09-19,57,12.4
2022-09-20,62,15.1
2022-09-21,58,12.7
2022-09-22,58,13.1
2022-09-23,28,5.1
2022-09-24,37,6.7
2022-09-25,52,9.5
2022-09-26,42,7.5
2022-09-27,26,4.6
2022-09-28,22,4.0
2022-09-29,19,3.5
2022-09-30,22,4.0
2022-10-01,19,3.5
2022-10-02,19,3.4
2022-10-03,22,3.9
2022-10-04,34,6.1
2022-10-05,42,7.5
2022-10-06,45,8.1
2022-10-07,56,11.9
2022-10-08,41,7.4
2022-10-09,53,10.0
2022-10-10,57,12.5
2022-10-11,55,11.3
2022-10-12,45,8.1
2022-10-13,32,5.7
2022-10-14,43,7.7
2022-10-15,52,9.9
2022-10-16,57,12.5
2022-10-17,55,11.1
2022-10-18,15,2.7
2022-10-19,33,6.0
2022-10-20,42,7.5
2022-10-21,54,10.5
2022-10-22,60,13.8
2022-10-23,63,15.3
2022-10-24,59,13.5
2022-10-25,59,13.6
2022-10-26,26,4.6
2022-10-27,29,5.3
2022-10-28,37,6.6
2022-10-29,28,5.1
2022-10-30,15,2.7
2022-10-31,39,7.0
2022-11-01,51,9.1
2022-11-02,53,10.1
2022-11-03,54,10.9
2022-11-04,55,11.0
2022-11-05,38,6.9
2022-11-06,47,8.5
2022-11-07,42,7.6
2022-11-08,51,9.1
2022-11-09,31,5.6
2022-11-10,22,3.9
2022-11-11,14,2.6
2022-11-12,30,5.4
2022-11-13,22,3.9
2022-11-14,24,4.4
2022-11-15,26,4.6
2022-11-16,33,6.0
2022-11-17,36,6.4
2022-11-18,43,7.7
2022-11-19,52,9.6
2022-11-20,28,5.1
2022-11-21,52,9.5
2022-11-22,56,11.8
2022-11-23,59,13.6
2022-11-24,52,9.7
2022-11-25,32,5.7
2022-11-26,35,6.3
2022-11-27,19,3.5
2022-11-28,27,4.9
2022-11-29,47,8.5
2022-11-30,27,4.8
2022-12-01,21,3.8
2022-12-02,36,6.4
2022-12-03,44,8.0
2022-12-04,37,6.7
2022-12-05,36,6.4
2022-12-06,22,4.0
2022-12-07,33,5.9
2022-12-08,42,7.5
2022-12-09,46,8.2
2022-12-10,20,3.6
2022-12-11,14,2.6
2022-12-12,22,3.9
2022-12-13,40,7.2
2022-12-14,33,6.0
2022-12-15,13,2.3
2022-12-16,22,3.9
2022-12-17,24,4.3
2022-12-18,24,4.3
2022-12-19,34,6.2
2022-12-20,31,5.6
2022-12-21,25,4.5
2022-12-22,21,3.7
2022-12-23,,5.42
2022-12-24,27,4.9
2022-12-25,18,3.2
2022-12-26,34,6.1
2022-12-27,55,11.5
2022-12-28,60,13.9
2022-12-29,54,10.5
2022-12-30,55,11.4
2022-12-31,44,7.9
2023-01-01,41,7.4
2023-01-02,52,9.9
2023-01-03,34,6.2
2023-01-04,21,3.7
2023-01-05,28,5.0
2023-01-06,21,3.8
2023-01-07,53,10.1
2023-01-08,55,11.0
2023-01-09,42,7.5
2023-01-10,52,9.4
2023-01-11,55,11.2
2023-01-12,38,6.9
2023-01-13,23,4.2
2023-01-14,16,2.8
2023-01-15,29,5.2
2023-01-16,54,10.9
2023-01-17,31,5.6
2023-01-18,28,5.0
2023-01-19,28,5.0
2023-01-20,13,2.4
2023-01-21,27,4.8
2023-01-22,17,3.0
2023-01-23,20,3.6
2023-01-24,36,6.4
2023-01-25,18,3.2
2023-01-26,21,3.8
2023-01-27,23,4.1
2023-01-28,48,8.7
2023-01-29,53,10.0
2023-01-30,28,5.1
2023-01-31,32,5.7
2023-02-01,13,2.3
2023-02-02,11,2.0
2023-02-03,20,3.6
2023-02-04,28,5.0
2023-02-05,39,7.0
2023-02-06,42,7.6
2023-02-07,55,11.4
2023-02-08,64,16.1
2023-02-09,56,11.9
2023-02-10,21,3.8
2023-02-11,20,3.6
2023-02-12,14,2.6
2023-02-13,27,4.8
2023-02-14,42,7.5
2023-02-15,57,12.3
2023-02-16,59,13.3
2023-02-17,18,3.3
2023-02-18,21,3.7
2023-02-19,36,6.4
2023-02-20,53,10.2
2023-02-21,46,8.3
2023-02-22,52,9.8
2023-02-23,52,9.6
2023-02-24,46,8.3
2023-02-25,39,7.0
2023-02-26,37,6.6
2023-02-27,52,9.8
2023-02-28,64,16.1
2023-03-01,69,19.0
2023-03-02,29,5.3
2023-03-03,49,8.8
2023-03-04,19,3.4
2023-03-05,28,5.0
2023-03-06,71,19.9
2023-03-07,68,18.4
2023-03-08,49,8.9
2023-03-09,64,16.0
2023-03-10,52,9.7
2023-03-11,27,4.8
2023-03-12,35,6.3
2023-03-13,17,3.1
2023-03-14,21,3.8
2023-03-15,31,5.6
2023-03-16,66,17.2
2023-03-17,56,11.8
2023-03-18,17,3.1
2023-03-19,22,3.9
2023-03-20,32,5.8
2023-03-21,55,11.1
2023-03-22,62,15.2
2023-03-23,60,14.0
2023-03-24,59,13.6
2023-03-25,41,7.4
2023-03-26,42,7.6
2023-03-27,38,6.9
2023-03-28,53,10.3
2023-03-29,38,6.8
2023-03-30,55,11.3
2023-03-31,52,9.7
2023-04-01,40,7.2
2023-04-02,25,4.5
2023-04-03,55,11.4
2023-04-04,59,13.3
2023-04-05,53,10.3
2023-04-06,56,11.6
2023-04-07,44,8.0
2023-04-08,6,1.1
2023-04-09,21,3.8
2023-04-10,30,5.4
2023-04-11,46,8.3
2023-04-12,57,12.4
2023-04-13,41,7.4
2023-04-14,38,6.8
2023-04-15,56,11.6
2023-04-16,39,7.1
2023-04-17,32,5.8
2023-04-18,52,9.7
2023-04-19,59,13.4
2023-04-20,59,13.6
2023-04-21,55,11.4
2023-04-22,34,6.1
2023-04-23,38,6.8
2023-04-24,37,6.7
2023-04-25,61,14.7
2023-04-26,52,9.7
2023-04-27,32,5.8
2023-04-28,34,6.1
2023-04-29,51,9.1
2023-04-30,27,4.9
2023-05-01,26,4.6
2023-05-02,27,4.9
2023-05-03,23,4.2
2023-05-04,28,5.1
2023-05-05,46,8.3
2023-05-06,49,8.8
2023-05-07,52,9.5
2023-05-08,53,10.1
2023-05-09,57,12.5
2023-05-10,53,10.0
2023-05-11,58,12.7
2023-05-12,51,9.2
2023-05-13,53,10.4
2023-05-14,56,11.8
2023-05-15,48,8.7
2023-05-16,55,11.0
2023-05-17,51,9.1
2023-05-18,34,6.2
2023-05-19,38,6.8
2023-05-20,27,4.8
2023-05-21,29,5.2
2023-05-22,58,13.0
2023-05-23,61,14.3
2023-05-24,63,15.4
2023-05-25,63,15.6
2023-05-26,57,12.5
2023-05-27,28,5.0
2023-05-28,27,4.8
2023-05-29,24,4.4
2023-05-30,31,5.5
2023-05-31,42,7.5
2023-06-01,38,6.9
2023-06-02,45,8.1
2023-06-03,57,12.3
2023-06-04,57,12.4
2023-06-05,61,14.4
2023-06-06,59,13.6
2023-06-07,67,17.6
2023-06-08,70,19.2
2023-06-09,72,20.2
2023-06-10,72,20.3
2023-06-11,61,14.3
2023-06-12,42,7.6
2023-06-13,54,10.6
2023-06-14,32,5.8
2023-06-15,31,5.5
2023-06-16,49,8.9
2023-06-17,62,14.8
2023-06-18,75,21.9
2023-06-19,36,6.4
2023-06-20,37,6.6
2023-06-21,24,4.4
2023-06-22,15,2.7
2023-06-23,33,6.0
2023-06-24,57,12.1
2023-06-25,60,13.9
2023-06-26,47,8.4
2023-06-27,58,12.7
2023-06-28,63,15.8
2023-06-29,92,31.2
2023-06-30,91,30.4
2023-07-01,56,11.7
2023-07-02,53,10.0
2023-07-03,51,9.2
2023-07-04,64,16.2
2023-07-05,74,21.6
2023-07-06,51,9.2
2023-07-07,43,7.8
2023-07-08,41,7.4
2023-07-09,27,4.9
2023-07-10,25,4.5
2023-07-11,41,7.4
2023-07-12,51,9.1
2023-07-13,45,8.1
2023-07-14,44,7.9
2023-07-15,42,7.6
2023-07-16,57,12.1
2023-07-17,107,38.1
2023-07-18,112,39.9
2023-07-19,43,7.8
2023-07-20,59,13.3
2023-07-21,41,7.3
2023-07-22,39,7.1
2023-07-23,52,9.7
2023-07-24,53,10.2
2023-07-25,59,13.6
2023-07-26,65,16.7
2023-07-27,60,14.1
2023-07-28,60,14.0
2023-07-29,59,13.3
2023-07-30,44,7.9
2023-07-31,40,7.2
2023-08-01,43,7.7
2023-08-02,45,8.1
2023-08-03,46,8.3
2023-08-04,46,8.2
2023-08-05,47,8.4
2023-08-06,46,8.3
2023-08-07,,6.811765
2023-08-08,43,7.7
2023-08-09,44,7.9
2023-08-10,32,5.7
2023-08-11,37,6.7
2023-08-12,44,7.9
2023-08-13,40,7.2
2023-08-14,51,9.2
2023-08-15,44,8.0
2023-08-16,34,6.1
2023-08-17,43,7.8
2023-08-18,54,10.6
2023-08-19,56,11.8
2023-08-20,59,13.3
2023-08-21,62,15.0
2023-08-22,64,16.2
2023-08-23,75,22.1
2023-08-24,82,25.5
2023-08-25,68,18.3
2023-08-26,59,13.2
2023-08-27,53,10.3
2023-08-28,37,6.7
2023-08-29,29,5.3
2023-08-30,24,4.4
2023-08-31,52,9.6
2023-09-01,42,7.6
2023-09-02,39,7.0
2023-09-03,52,9.5
2023-09-04,57,12.3
2023-09-05,60,13.8
2023-09-06,57,12.3
2023-09-07,52,9.9
2023-09-08,60,13.7
2023-09-09,54,10.6
2023-09-10,47,8.4
2023-09-11,54,10.9
2023-09-12,54,10.5
2023-09-13,56,11.7
2023-09-14,53,10.0
2023-09-15,48,8.6
2023-09-16,41,7.3
2023-09-17,44,7.9
2023-09-18,56,11.7
2023-09-19,52,9.6
2023-09-20,55,11.3
2023-09-21,54,10.9
2023-09-22,56,11.9
2023-09-23,55,11.1
2023-09-24,49,8.9
2023-09-25,56,11.6
2023-09-26,56,11.8
2023-09-27,46,8.2
2023-09-28,24,4.3
2023-09-29,52,9.5
2023-09-30,55,11.5
2023-10-01,48,8.6
2023-10-02,47,8.5
2023-10-03,52,9.4
2023-10-04,57,12.3
2023-10-05,55,11.2
2023-10-06,55,11.2
2023-10-07,23,4.2
2023-10-08,21,3.7
2023-10-09,41,7.4
2023-10-10,51,9.2
2023-10-11,63,15.3
2023-10-12,22,3.9
2023-10-13,39,7.1
2023-10-14,34,6.2
2023-10-15,11,1.9
2023-10-16,16,2.9
2023-10-17,21,3.8
2023-10-18,51,9.2
2023-10-19,56,11.8
2023-10-20,47,8.4
2023-10-21,31,5.5
2023-10-22,35,6.3
2023-10-23,44,8.0
2023-10-24,63,15.8
2023-10-25,63,15.5
2023-10-26,39,7.1
2023-10-27,42,7.5
2023-10-28,55,11.0
2023-10-29,55,11.4
2023-10-30,49,8.9
2023-10-31,17,3.0
2023-11-01,28,5.0
2023-11-02,40,7.2
2023-11-03,53,10.1
2023-11-04,58,13.0
2023-11-05,63,15.3
2023-11-06,63,15.6
2023-11-07,64,16.2
2023-11-08,62,15.2
2023-11-09,58,12.9
2023-11-10,61,14.7
2023-11-11,33,5.9
2023-11-12,36,6.5
2023-11-13,54,10.9
2023-11-14,55,11.1
2023-11-15,43,7.8
2023-11-16,39,7.0
2023-11-17,42,7.6
2023-11-18,42,7.6
2023-11-19,46,8.2
2023-11-20,43,7.7
2023-11-21,29,5.2
2023-11-22,24,4.3
2023-11-23,30,5.4
2023-11-24,55,11.0
2023-11-25,58,12.6
2023-11-26,51,9.1
2023-11-27,27,4.9
2023-11-28,41,7.3
2023-11-29,54,10.8
2023-11-30,59,13.5
2023-12-01,56,11.6
2023-12-02,54,10.9
2023-12-03,26,4.6
2023-12-04,44,8.0
2023-12-05,36,6.5
2023-12-06,18,3.3
2023-12-07,48,8.7
2023-12-08,58,13.0
2023-12-09,61,14.3
2023-12-10,20,3.6
2023-12-11,22,3.9
2023-12-12,51,9.1
2023-12-13,57,12.4
2023-12-14,51,9.2
2023-12-15,40,7.2
2023-12-16,39,7.0
2023-12-17,26,4.6
2023-12-18,20,3.6
2023-12-19,23,4.1
2023-12-20,48,8.6
2023-12-21,59,13.2
2023-12-22,64,16.1
2023-12-23,59,13.4
2023-12-24,46,8.2
2023-12-25,13,2.3
2023-12-26,19,3.5
2023-12-27,25,4.5
2023-12-28,32,5.7
2023-12-29,25,4.5
2023-12-30,24,4.4
2023-12-31,44,7.9
2024-01-01,62,15.2
2024-01-02,28,5.0
2024-01-03,56,11.7
2024-01-04,51,9.3
2024-01-05,34,6.1
2024-01-06,25,4.5
2024-01-07,17,3.0
2024-01-08,27,4.8
2024-01-09,13,2.4
2024-01-10,20,3.6
2024-01-11,46,8.3
2024-01-12,39,7.1
2024-01-13,21,3.7
2024-01-14,43,7.7
2024-01-15,52,9.8
2024-01-16,30,5.4
2024-01-17,47,8.5
2024-01-18,48,8.7
2024-01-19,36,6.5
2024-01-20,38,6.8
2024-01-21,38,6.8
2024-01-22,51,9.3
2024-01-23,54,10.5
2024-01-24,29,5.3
2024-01-25,21,3.8
2024-01-26,27,4.8
2024-01-27,30,5.4
2024-01-28,6,1.0
2024-01-29,11,1.9
2024-01-30,23,4.2
2024-01-31,23,4.1
2024-02-01,34,6.2
2024-02-02,54,10.5
2024-02-03,51,9.1
2024-02-04,27,4.9
2024-02-05,23,4.1
2024-02-06,48,8.6
2024-02-07,52,9.8
2024-02-08,54,10.9
2024-02-09,60,14.0
2024-02-10,55,11.5
2024-02-11,19,3.4
2024-02-12,7,1.3
2024-02-13,23,4.1
2024-02-14,27,4.8
2024-02-15,57,12.5
2024-02-16,69,18.8
2024-02-17,34,6.1
2024-02-18,36,6.5
2024-02-19,39,7.0
2024-02-20,67,17.9
2024-02-21,64,16.1
2024-02-22,77,22.9
2024-02-23,28,5.0
2024-02-24,19,3.5
2024-02-25,37,6.7
2024-02-26,70,19.4
2024-02-27,56,11.9
2024-02-28,34,6.1
2024-02-29,13,2.3
2024-03-01,24,4.3
2024-03-02,22,3.9
2024-03-03,28,5.1
2024-03-04,26,4.7
2024-03-05,42,7.6
2024-03-06,11,1.9
2024-03-07,21,3.7
2024-03-08,26,4.6
2024-03-09,9,1.7
2024-03-10,12,2.1
2024-03-11,22,3.9
2024-03-12,52,9.5
2024-03-13,68,18.1
2024-03-14,75,21.8
2024-03-15,61,14.7
2024-03-16,27,4.8
2024-03-17,29,5.3
2024-03-18,23,4.2
2024-03-19,22,3.9
2024-03-20,59,13.3
2024-03-21,70,19.5
2024-03-22,61,14.4
2024-03-23,35,6.3
2024-03-24,31,5.5
2024-03-25,49,8.8
2024-03-26,33,6.0
2024-03-27,29,5.2
2024-03-28,22,3.9
2024-03-29,35,6.3
2024-03-30,55,11.4
2024-03-31,55,11.5
2024-04-01,52,9.6
2024-04-02,53,10.4
2024-04-03,21,3.7
2024-04-04,19,3.5
2024-04-05,19,3.4
2024-04-06,31,5.5
2024-04-07,78,23.5
2024-04-08,63,15.7
2024-04-09,59,13.6
2024-04-10,49,8.8
2024-04-11,19,3.5
2024-04-12,22,4.0
2024-04-13,33,6.0
2024-04-14,53,10.4
2024-04-15,57,12.1
2024-04-16,56,11.8
2024-04-17,61,14.5
2024-04-18,55,11.1
2024-04-19,55,11.3
2024-04-20,44,7.9
2024-04-21,25,4.5
2024-04-22,28,5.1
2024-04-23,50,9.0
2024-04-24,58,13.1
2024-04-25,60,13.9
2024-04-26,60,14.1
2024-04-27,52,9.7
2024-04-28,41,7.4
2024-04-29,50,9.0
2024-04-30,46,8.2
2024-05-01,41,7.4
2024-05-02,51,9.3
2024-05-03,54,10.9
2024-05-04,48,8.7
2024-05-05,37,6.7
2024-05-06,40,7.2
2024-05-07,47,8.5
2024-05-08,46,8.2
2024-05-09,29,5.2
2024-05-10,31,5.5
2024-05-11,25,4.5
2024-05-12,32,5.8
2024-05-13,49,8.9
2024-05-14,34,6.1
2024-05-15,33,5.9
2024-05-16,33,5.9
2024-05-17,39,7.1
2024-05-18,26,4.7
2024-05-19,21,3.7
2024-05-20,27,4.8
2024-05-21,43,7.7
2024-05-22,43,7.7
2024-05-23,52,9.7
2024-05-24,54,10.5
2024-05-25,52,9.6
2024-05-26,56,11.7
2024-05-27,44,8.0
2024-05-28,35,6.3
2024-05-29,30,5.4
2024-05-30,29,5.2
2024-05-31,38,6.8
2024-06-01,39,7.1
2024-06-02,43,7.7
2024-06-03,37,6.6
2024-06-04,41,7.4
2024-06-05,42,7.6
2024-06-06,42,7.5
2024-06-07,44,7.9
2024-06-08,41,7.4
2024-06-09,46,8.3
2024-06-10,54,10.8
2024-06-11,41,7.3
2024-06-12,52,9.7
2024-06-13,55,11.1
2024-06-14,61,14.3
2024-06-15,63,15.7
2024-06-16,56,12.0
2024-06-17,52,9.8
2024-06-18,43,7.8
2024-06-19,38,6.8
2024-06-20,42,7.6
2024-06-21,54,10.5
2024-06-22,50,9.0
2024-06-23,55,11.1
2024-06-24,52,9.6
2024-06-25,39,7.0
2024-06-26,53,10.2
2024-06-27,54,10.9
2024-06-28,38,6.8
2024-06-29,38,6.9
2024-06-30,54,10.6
2024-07-01,49,8.9
2024-07-02,42,7.6
2024-07-03,34,6.2
2024-07-04,55,11.3
2024-07-05,67,17.7
2024-07-06,37,6.6
2024-07-07,37,6.6
2024-07-08,36,6.5
2024-07-09,30,5.4
2024-07-10,26,4.6
2024-07-11,37,6.7
2024-07-12,54,10.8
2024-07-13,61,14.6
2024-07-14,62,15.0
2024-07-15,60,14.1
2024-07-16,47,8.4
2024-07-17,52,9.8
2024-07-18,44,8.0
2024-07-19,39,7.0
2024-07-20,20,3.6
2024-07-21,22,3.9
2024-07-22,24,4.3
2024-07-23,29,5.3
2024-07-24,27,4.9
2024-07-25,26,4.6
2024-07-26,32,5.8
2024-07-27,51,9.3
2024-07-28,51,9.3
2024-07-29,34,6.2
2024-07-30,32,5.8
2024-07-31,39,7.0
2024-08-01,52,9.5
2024-08-02,80,24.5
2024-08-03,59,13.2
2024-08-04,55,11.1
2024-08-05,24,4.4
2024-08-06,33,6.0
2024-08-07,52,9.6
2024-08-08,46,8.2
2024-08-09,51,9.2
2024-08-10,53,10.0
2024-08-11,52,9.9
2024-08-12,49,8.8
2024-08-13,44,7.9
2024-08-14,53,10.0
2024-08-15,55,11.2
2024-08-16,52,9.7
2024-08-17,38,6.9
2024-08-18,,8.493333
2024-08-19,37,6.6
2024-08-20,38,6.8
2024-08-21,46,8.3
2024-08-22,52,9.7
2024-08-23,50,9.0
2024-08-24,54,10.9
2024-08-25,55,11.2
2024-08-26,55,11.1
2024-08-27,57,12.3
2024-08-28,59,13.2
2024-08-29,54,10.5
2024-08-30,46,8.2
2024-08-31,48,8.6
2024-09-01,48,8.7
2024-09-02,41,7.4
2024-09-03,37,6.7
2024-09-04,30,5.4
2024-09-05,38,6.8
2024-09-06,42,7.6
2024-09-07,51,9.1
2024-09-08,30,5.4
2024-09-09,45,8.1
2024-09-10,53,10.1
2024-09-11,51,9.2
2024-09-12,42,7.5
2024-09-13,46,8.2
2024-09-14,19,3.4
2024-09-15,34,6.1
2024-09-16,45,8.1
2024-09-17,26,4.7
2024-09-18,32,5.8
2024-09-19,38,6.8
2024-09-20,45,8.1
2024-09-21,53,10.1
2024-09-22,54,10.6
2024-09-23,57,12.5
2024-09-24,61,14.3
2024-09-25,46,8.3
2024-09-26,9,1.6
2024-09-27,,4.264706
2024-09-28,37,6.6
2024-09-29,33,5.9
2024-09-30,53,10.2
2024-10-01,33,6.0
2024-10-02,14,2.5
2024-10-03,54,10.5
2024-10-04,52,9.8
2024-10-05,52,9.8
2024-10-06,55,11.3
2024-10-07,57,12.4
2024-10-08,53,10.3
2024-10-09,57,12.4
2024-10-10,48,8.6
2024-10-11,47,8.5
2024-10-12,56,12.0
2024-10-13,58,12.7
2024-10-14,43,7.7
2024-10-15,26,4.6
2024-10-16,17,3.0
2024-10-17,32,5.7
2024-10-18,42,7.6
2024-10-19,48,8.6
2024-10-20,54,10.7
2024-10-21,52,9.7
2024-10-22,52,9.4
2024-10-23,53,10.3
2024-10-24,52,9.9
2024-10-25,58,13.1
2024-10-26,64,16.2
2024-10-27,61,14.2
2024-10-28,53,10.3
2024-10-29,51,9.2
2024-10-30,41,7.4
2024-10-31,42,7.5
2024-11-01,49,8.9
2024-11-02,51,9.1
2024-11-03,57,12.5
2024-11-04,52,9.7
2024-11-05,49,8.8
2024-11-06,48,8.7
2024-11-07,22,4.0
2024-11-08,34,6.2
2024-11-09,52,9.9
2024-11-10,31,5.5
2024-11-11,37,6.6
2024-11-12,49,8.8
2024-11-13,36,6.4
2024-11-14,27,4.9
2024-11-15,24,4.4
2024-11-16,50,9.0
2024-11-17,62,15.2
2024-11-18,58,13.0
2024-11-19,38,6.9
2024-11-20,16,2.9
2024-11-21,9,1.7
2024-11-22,11,1.9
2024-11-23,17,3.0
2024-11-24,37,6.7
2024-11-25,41,7.4
2024-11-26,32,5.8
2024-11-27,43,7.7
2024-11-28,24,4.4
2024-11-29,21,3.8
2024-11-30,21,3.8
2024-12-01,46,8.2
2024-12-02,26,4.6
2024-12-03,28,5.1
2024-12-04,48,8.7
2024-12-05,33,6.0
2024-12-06,19,3.5
2024-12-07,22,4.0
2024-12-08,52,9.8
2024-12-09,48,8.7
2024-12-10,9,1.6
2024-12-11,16,2.9
2024-12-12,21,3.7
2024-12-13,39,7.1
2024-12-14,30,5.4
2024-12-15,32,5.8
2024-12-16,33,5.9
2024-12-17,42,7.5
2024-12-18,38,6.8
2024-12-19,19,3.4
2024-12-20,25,4.5
2024-12-21,32,5.7
2024-12-22,35,6.3
2024-12-23,47,8.4
2024-12-24,47,8.4
2024-12-25,55,11.0
2024-12-26,31,5.6
2024-12-27,37,6.7
2024-12-28,15,2.7
2024-12-29,11,2.0
2024-12-30,28,5.0
2024-12-31,22,3.9
2025-01-01,13,2.3
2025-01-02,17,3.0
2025-01-03,31,5.6
2025-01-04,19,3.4
2025-01-05,45,8.1
2025-01-06,23,4.1
2025-01-07,24,4.3
2025-01-08,33,6.0
2025-01-09,39,7.0
2025-01-10,52,9.4
2025-01-11,36,6.5
2025-01-12,56,11.6
2025-01-13,49,8.8
2025-01-14,29,5.3
2025-01-15,37,6.6
2025-01-16,47,8.4
2025-01-17,45,8.1
2025-01-18,41,7.4
2025-01-19,48,8.7
2025-01-20,19,3.4
2025-01-21,34,6.1
2025-01-22,52,9.5
2025-01-23,55,11.2
2025-01-24,50,9.0
2025-01-25,52,9.9
2025-01-26,53,10.3
2025-01-27,46,8.2
2025-01-28,34,6.2
2025-01-29,38,6.8
2025-01-30,54,10.5
2025-01-31,39,7.1
2025-02-01,34,6.2
2025-02-02,55,11.0
2025-02-03,61,14.3
2025-02-04,57,12.3
2025-02-05,60,13.7
2025-02-06,57,12.5
2025-02-07,42,7.5
2025-02-08,49,8.9
2025-02-09,49,8.9
2025-02-10,27,4.8
2025-02-11,17,3.1
2025-02-12,8,1.4
2025-02-13,16,2.8
2025-02-14,26,4.6
2025-02-15,28,5.1
2025-02-16,22,4.0
2025-02-17,26,4.7
2025-02-18,41,7.3
2025-02-19,54,10.8
2025-02-20,42,7.5
2025-02-21,29,5.3
2025-02-22,52,9.9
2025-02-23,54,10.5
2025-02-24,52,9.8
2025-02-25,59,13.5
2025-02-26,53,10.0
2025-02-27,59,13.5
2025-02-28,35,6.3
2025-03-01,50,9.0
2025-03-02,24,4.3
2025-03-03,53,10.1
2025-03-04,48,8.6
2025-03-05,28,5.0
2025-03-06,15,2.7
2025-03-07,39,7.1
2025-03-08,45,8.1
2025-03-09,29,5.2
2025-03-10,34,6.1
2025-03-11,51,9.1
2025-03-12,61,14.4
2025-03-13,60,14.0
2025-03-14,54,10.8
2025-03-15,47,8.5
2025-03-16,44,8.0
2025-03-17,18,3.2
2025-03-18,47,8.4
2025-03-19,59,13.4
2025-03-20,19,3.4
2025-03-21,21,3.7
2025-03-22,51,9.3
2025-03-23,54,10.5
2025-03-24,45,8.1
2025-03-25,31,5.6
2025-03-26,34,6.1
2025-03-27,52,9.9
2025-03-28,64,15.9
2025-03-29,59,13.4
2025-03-30,51,9.3
2025-03-31,29,5.2
2025-04-01,26,4.7
2025-04-02,52,9.6
2025-04-03,52,9.4
2025-04-04,55,11.2
2025-04-05,49,8.8
2025-04-06,27,4.8
2025-04-07,17,3.0
2025-04-08,26,4.6
2025-04-09,32,5.8
2025-04-10,53,10.2
2025-04-11,31,5.6
2025-04-12,29,5.2
2025-04-13,35,6.3
2025-04-14,55,11.3
2025-04-15,39,7.0
2025-04-16,41,7.4
2025-04-17,55,11.1
2025-04-18,63,15.6
2025-04-19,61,14.5
2025-04-20,55,11.4
2025-04-21,52,9.5
2025-04-22,51,9.1
2025-04-23,48,8.6
2025-04-24,43,7.8
2025-04-25,53,10.4
2025-04-26,52,9.5
2025-04-27,49,8.9
2025-04-28,52,9.7
2025-04-29,50,9.0
2025-04-30,59,13.4
2025-05-01,56,11.8
2025-05-02,43,7.8
2025-05-03,24,4.3
2025-05-04,23,4.2
2025-05-05,31,5.5
2025-05-06,45,8.1
2025-05-07,51,9.3
2025-05-08,52,9.4
2025-05-09,43,7.7
2025-05-10,33,5.9
2025-05-11,26,4.7
2025-05-12,19,3.5
2025-05-13,28,5.0
2025-05-14,41,7.3
2025-05-15,42,7.5
2025-05-16,49,8.9
2025-05-17,48,8.6
2025-05-18,38,6.8
2025-05-19,52,9.6
2025-05-20,52,9.5
2025-05-21,27,4.9
2025-05-22,31,5.5
2025-05-23,33,6.0
2025-05-24,44,7.9
2025-05-25,47,8.4
2025-05-26,40,7.2
2025-05-27,12,2.2
2025-05-28,19,3.5
2025-05-29,30,5.4
2025-05-30,20,3.6
2025-05-31,53,10.3
2025-06-01,61,14.7
2025-06-02,66,17.4
2025-06-03,72,20.6
2025-06-04,59,13.4
2025-06-05,53,10.4
2025-06-06,51,9.1
2025-06-07,46,8.2
2025-06-08,27,4.8
2025-06-09,29,5.2
2025-06-10,24,4.3
2025-06-11,31,5.6
2025-06-12,35,6.3
2025-06-13,33,5.9
2025-06-14,23,4.2
2025-06-15,28,5.1
2025-06-16,30,5.4
2025-06-17,22,3.9
2025-06-18,28,5.0
2025-06-19,26,4.7
2025-06-20,37,6.7
2025-06-21,53,10.2
2025-06-22,55,11.4
2025-06-23,58,13.1
2025-06-24,60,13.9
2025-06-25,71,19.8
2025-06-26,40,7.2
2025-06-27,52,9.5
2025-06-28,39,7.1
2025-06-29,42,7.6
2025-06-30,39,7.1
2025-07-01,38,6.9
2025-07-02,35,6.3
2025-07-03,50,9.0
2025-07-04,60,14.0
2025-07-05,73,20.8
2025-07-06,62,14.8
2025-07-07,61,14.3
2025-07-08,60,13.9
2025-07-09,54,10.7
2025-07-10,32,5.8
2025-07-11,34,6.1
2025-07-12,45,8.1
2025-07-13,54,10.8
2025-07-14,43,7.8
2025-07-15,41,7.3
2025-07-16,35,6.3
2025-07-17,35,6.3
2025-07-18,27,4.8
2025-07-19,36,6.4
2025-07-20,41,7.4
2025-07-21,51,9.3
2025-07-22,41,7.3
2025-07-23,37,6.7
2025-07-24,37,6.7
2025-07-25,28,5.0
2025-07-26,12,2.2
2025-07-27,25,4.5
2025-07-28,34,6.1
2025-07-29,35,6.3
2025-07-30,31,5.5
2025-07-31,41,7.3
2025-08-01,44,7.9
2025-08-02,31,5.6
2025-08-03,21,3.7
2025-08-04,22,4.0
2025-08-05,12,2.2
2025-08-06,25,4.5
2025-08-07,24,4.4
2025-08-08,37,6.6
2025-08-09,55,11.5
2025-08-10,48,8.6
2025-08-11,18,3.2
2025-08-12,26,4.7
2025-08-13,33,6.0
2025-08-14,38,6.9
2025-08-15,44,8.0
2025-08-16,34,6.2
2025-08-17,51,9.1
2025-08-18,55,11.4
2025-08-19,51,9.1
2025-08-20,46,8.3
2025-08-21,38,6.8
2025-08-22,29,5.3
2025-08-23,20,3.6
2025-08-24,39,7.0
2025-08-25,37,6.6
2025-08-26,31,5.6
2025-08-27,36,6.4
2025-08-28,54,10.9
2025-08-29,53,10.0
2025-08-30,49,8.9
2025-08-31,49,8.9
2025-09-01,51,9.1
2025-09-02,37,6.6
2025-09-03,47,8.5
2025-09-04,57,12.2
2025-09-05,61,14.3
2025-09-06,55,11.4
2025-09-07,34,6.1
2025-09-08,36,6.5
2025-09-09,34,6.1
2025-09-10,41,7.3
2025-09-11,54,10.9
2025-09-12,53,10.4
2025-09-13,54,10.5
2025-09-14,55,11.1
2025-09-15,58,12.6
2025-09-16,57,12.5
2025-09-17,61,14.3
2025-09-18,62,15.2
2025-09-19,62,15.0
2025-09-20,62,14.9
2025-09-21,56,11.6
2025-09-22,54,10.8
2025-09-23,52,9.8
2025-09-24,51,9.3
2025-09-25,23,4.1
2025-09-26,42,7.5
2025-09-27,51,9.1
2025-09-28,32,5.7
2025-09-29,33,5.9
2025-09-30,16,2.8
2025-10-01,36,6.5
2025-10-02,41,7.3
2025-10-03,35,6.3
2025-10-04,34,6.1
2025-10-05,24,4.4
2025-10-06,24,4.4
2025-10-07,28,5.0
2025-10-08,37,6.6
2025-10-09,30,5.4
2025-10-10,28,5.1
2025-10-11,29,5.2
2025-10-12,44,8.0
2025-10-13,44,8.0
2025-10-14,35,6.3
2025-10-15,48,8.7
2025-10-16,44,8.0
2025-10-17,53,10.3
2025-10-18,57,12.1
2025-10-19,30,5.4
2025-10-20,29,5.2
2025-10-21,53,10.0
2025-10-22,25,4.5
2025-10-23,37,6.6
2025-10-24,43,7.7
2025-10-25,37,6.7
2025-10-26,34,6.1
2025-10-27,9,1.7
2025-10-28,11,2.0
2025-10-29,8,1.4
2025-10-30,12,2.1
2025-10-31,32,5.8
2025-11-01,46,8.2
2025-11-02,50,9.0
2025-11-03,37,6.6
2025-11-04,38,6.8
2025-11-05,60,13.7
2025-11-06,64,16.1
2025-11-07,61,14.5
2025-11-08,34,6.2
2025-11-09,40,7.2
2025-11-10,12,2.2
2025-11-11,24,4.3
2025-11-12,52,9.7
2025-11-13,55,11.3
2025-11-14,53,10.1
2025-11-15,59,13.6
2025-11-16,49,8.9
2025-11-17,33,5.9
2025-11-18,52,9.9
2025-11-19,62,14.9
2025-11-20,62,15.1
2025-11-21,61,14.2
2025-11-22,51,9.3
2025-11-23,49,8.9
2025-11-24,54,10.6
2025-11-25,37,6.6
2025-11-26,19,3.5
2025-11-27,13,2.3
2025-11-28,20,3.6
2025-11-29,34,6.1
2025-11-30,43,7.7
2025-12-01,26,4.6
2025-12-02,16,2.8
2025-12-03,34,6.2
2025-12-04,58,12.6
2025-12-05,38,6.9
2025-12-06,44,7.9
2025-12-07,58,12.6
2025-12-08,32,5.7
2025-12-09,44,7.9
2025-12-10,41,7.4
2025-12-11,23,4.2
2025-12-12,55,11.2
2025-12-13,58,13.1
2025-12-14,21,3.7
2025-12-15,31,5.6
2025-12-16,53,10.0
2025-12-17,57,12.3
2025-12-18,52,9.9
2025-12-19,14,2.6
2025-12-20,42,7.6
2025-12-21,59,13.2
2025-12-22,43,7.8
2025-12-23,55,11.0
2025-12-24,58,12.7
2025-12-25,57,12.5
2025-12-26,43,7.7
2025-12-27,43,7.7
2025-12-28,52,9.6
2025-12-29,14,2.5
2025-12-30,18,3.3
2025-12-31,23,4.2
