date,aqi,value
1999-01-06,82,25.9
1999-01-08,77,23.0
1999-01-09,71,19.7
1999-01-10,87,28.2
1999-01-11,74,21.6
1999-01-12,72,20.2
1999-01-13,89,29.4
1999-01-14,80,24.4
1999-01-15,91,30.5
1999-01-16,82,25.6
1999-01-17,89,29.6
1999-01-18,84,26.6
1999-01-19,79,24.1
1999-01-20,63,15.6
1999-01-22,56,11.6
1999-01-23,71,19.8
1999-01-24,76,22.4
1999-01-25,49,8.8
1999-01-26,61,14.2
1999-01-27,59,13.6
1999-01-28,46,8.2
1999-01-29,68,18.0
1999-01-30,79,24.3
1999-01-31,67,17.5
1999-02-01,69,18.7
1999-02-02,67,17.7
1999-02-03,68,18.3
1999-02-04,70,19.5
1999-02-05,58,12.6
1999-02-06,75,22.2
1999-02-07,82,25.8
1999-02-08,82,25.9
1999-02-09,68,18.2
1999-02-10,40,7.2
1999-02-11,52,9.6
1999-02-12,55,11.3
1999-02-18,62,14.9
1999-02-19,66,17.2
1999-02-20,73,21.0
1999-02-21,71,19.6
1999-02-22,48,8.7
1999-02-23,65,16.4
1999-02-24,63,15.3
1999-02-25,58,13.1
1999-02-26,59,13.2
1999-02-27,65,16.4
1999-02-28,68,18.0
1999-03-01,62,14.8
1999-03-02,60,14.1
1999-03-03,57,12.1
1999-03-04,53,10.2
1999-03-05,56,11.9
1999-03-06,58,12.8
1999-03-07,51,9.3
1999-03-08,57,12.2
1999-03-09,59,13.4
1999-03-10,61,14.3
1999-03-11,56,11.6
1999-03-12,55,11.3
1999-03-13,60,14.1
1999-03-14,73,21.0
1999-03-15,61,14.5
1999-03-16,46,8.3
1999-03-17,51,9.1
1999-03-18,61,14.4
1999-03-19,58,12.9
1999-03-20,38,6.9
1999-03-21,34,6.1
1999-03-22,41,7.3
1999-03-23,41,7.3
1999-03-24,53,10.4
1999-04-08,44,7.9
1999-04-09,31,5.5
1999-04-10,53,10.0
1999-04-11,62,14.9
1999-04-12,37,6.7
1999-04-13,32,5.7
1999-04-14,38,6.9
1999-04-15,46,8.3
1999-04-16,48,8.6
1999-04-17,52,9.5
1999-04-18,47,8.5
1999-04-19,54,10.8
1999-04-20,38,6.8
1999-04-21,38,6.9
1999-04-22,47,8.4
1999-04-23,34,6.2
1999-04-24,33,6.0
1999-04-25,37,6.6
1999-04-26,48,8.6
1999-04-27,46,8.2
1999-04-28,52,9.7
1999-04-29,52,9.4
1999-04-30,45,8.1
1999-05-01,39,7.0
1999-05-02,43,7.7
1999-05-03,53,10.1
1999-05-04,61,14.6
1999-05-05,49,8.8
1999-05-06,52,9.9
1999-05-07,52,9.7
1999-05-08,47,8.5
1999-05-09,49,8.9
1999-05-10,55,11.1
1999-05-11,55,11.4
1999-05-12,56,11.8
1999-05-13,46,8.2
1999-05-14,41,7.3
1999-05-15,41,7.3
1999-05-16,44,7.9
1999-05-17,52,9.4
1999-05-18,54,10.5
1999-05-19,37,6.7
1999-05-20,49,8.8
1999-05-21,51,9.1
1999-05-22,39,7.1
1999-05-23,42,7.5
1999-05-24,48,8.6
1999-05-25,46,8.3
1999-05-28,46,8.2
1999-05-29,38,6.9
1999-05-30,31,5.6
1999-05-31,39,7.1
1999-06-01,53,10.2
1999-06-02,39,7.1
1999-06-03,38,6.9
1999-06-04,38,6.9
1999-06-05,40,7.2
1999-06-06,46,8.2
1999-06-07,43,7.8
1999-06-08,37,6.6
1999-06-09,35,6.3
1999-06-10,44,7.9
1999-06-11,50,9.0
1999-06-12,52,9.4
1999-06-13,49,8.8
1999-06-14,52,9.7
1999-06-15,46,8.2
1999-06-16,56,11.9
1999-06-17,52,9.5
1999-06-18,43,7.7
1999-06-19,37,6.7
1999-06-20,33,6.0
1999-06-21,34,6.2
1999-06-22,36,6.4
1999-06-23,42,7.5
1999-06-24,40,7.2
1999-06-25,43,7.8
1999-06-26,32,5.8
1999-06-27,31,5.6
1999-06-28,29,5.3
1999-06-29,34,6.2
1999-06-30,39,7.1
1999-07-01,46,8.2
1999-07-02,44,7.9
1999-07-03,39,7.1
1999-07-04,38,6.9
1999-07-05,52,9.4
1999-07-06,43,7.8
1999-07-07,39,7.1
1999-07-08,29,5.3
1999-07-09,31,5.5
1999-07-10,34,6.1
1999-07-11,28,5.0
1999-07-12,37,6.6
1999-07-13,34,6.2
1999-07-14,32,5.7
1999-07-15,38,6.9
1999-07-16,41,7.4
1999-07-17,44,8.0
1999-07-18,36,6.5
1999-07-19,32,5.8
1999-07-20,40,7.2
1999-07-21,37,6.7
1999-07-22,31,5.6
1999-07-23,36,6.4
1999-07-24,36,6.4
1999-07-25,32,5.8
1999-07-26,33,5.9
1999-07-27,33,6.0
1999-07-28,30,5.4
1999-07-29,35,6.3
1999-07-30,46,8.3
1999-07-31,47,8.5
1999-08-01,41,7.4
1999-08-02,42,7.5
1999-08-03,34,6.2
1999-08-04,39,7.1
1999-08-05,26,4.6
1999-08-06,33,5.9
1999-08-07,28,5.1
1999-08-08,32,5.8
1999-08-09,33,5.9
1999-08-10,29,5.2
1999-08-11,40,7.2
1999-08-12,39,7.1
1999-08-13,49,8.9
1999-08-14,28,5.1
1999-08-15,36,6.4
1999-08-16,37,6.7
1999-08-17,38,6.9
1999-08-18,31,5.5
1999-08-19,58,12.9
1999-08-20,41,7.4
1999-08-21,43,7.8
1999-08-22,53,10.2
1999-08-23,42,7.6
1999-08-24,57,12.1
1999-08-25,41,7.4
1999-08-26,34,6.2
1999-08-27,39,7.1
1999-08-28,24,4.3
1999-08-29,26,4.7
1999-08-30,34,6.1
1999-08-31,42,7.5
1999-09-01,32,5.7
1999-09-02,24,4.4
1999-09-03,46,8.2
1999-09-04,46,8.3
1999-09-05,40,7.2
1999-09-06,47,8.5
1999-09-07,39,7.0
1999-09-08,54,10.6
1999-09-09,58,12.7
1999-09-10,52,9.7
1999-09-11,49,8.9
1999-09-12,33,6.0
1999-09-13,52,9.5
1999-09-14,36,6.4
1999-09-15,22,4.0
1999-09-16,28,5.0
1999-09-17,28,5.0
1999-09-18,40,7.2
1999-09-19,38,6.9
1999-09-20,51,9.1
1999-09-21,49,8.8
1999-09-22,45,8.1
1999-09-23,38,6.8
1999-09-24,41,7.4
1999-09-25,51,9.2
1999-09-27,54,10.7
1999-09-28,44,7.9
1999-09-29,38,6.8
1999-09-30,58,13.0
1999-10-01,56,12.0
1999-10-02,58,12.8
1999-10-03,58,12.7
1999-10-07,53,10.4
1999-10-08,62,15.1
1999-10-09,69,19.0
1999-10-10,56,12.0
1999-10-11,54,10.7
1999-10-12,56,11.9
1999-10-13,58,12.8
1999-10-14,60,14.0
1999-10-15,58,12.7
1999-10-16,52,9.5
1999-10-17,23,4.2
1999-10-18,52,9.7
1999-10-19,59,13.3
1999-10-20,52,9.4
1999-10-21,62,15.1
1999-10-22,67,17.7
1999-10-23,63,15.8
1999-10-24,64,15.9
1999-10-27,59,13.4
1999-10-28,63,15.8
1999-10-29,54,10.5
1999-10-30,47,8.4
1999-10-31,53,10.3
1999-11-01,69,18.5
1999-11-02,64,16.1
1999-11-03,65,16.7
1999-11-04,66,17.4
1999-11-05,66,17.1
1999-11-06,68,18.2
1999-11-07,71,20.1
1999-11-08,60,13.7
1999-11-10,75,22.1
1999-11-11,78,23.7
1999-11-12,71,19.9
1999-11-13,68,18.1
1999-11-14,73,21.0
1999-11-15,73,20.9
1999-11-16,75,21.8
1999-11-17,59,13.4
1999-11-18,55,11.3
1999-11-19,65,16.4
1999-11-20,69,19.0
1999-11-21,52,9.8
1999-11-22,31,5.6
1999-11-25,93,31.8
1999-11-27,79,24.2
1999-11-28,82,26.0
1999-11-29,83,26.1
1999-11-30,73,21.1
1999-12-01,61,14.6
1999-12-02,61,14.2
1999-12-03,54,10.9
1999-12-04,68,18.2
1999-12-05,76,22.3
1999-12-06,90,30.3
1999-12-07,87,28.5
1999-12-08,59,13.5
1999-12-09,66,17.1
1999-12-10,74,21.4
1999-12-11,67,17.6
1999-12-12,80,24.8
1999-12-13,77,23.0
1999-12-14,86,28.0
1999-12-15,76,22.6
1999-12-16,90,30.1
1999-12-17,86,28.0
1999-12-18,90,30.1
1999-12-19,78,23.7
1999-12-20,63,15.5
1999-12-21,60,13.9
1999-12-22,17,3.1
1999-12-23,48,8.6
1999-12-24,56,11.6
1999-12-25,56,11.9
1999-12-26,24,4.4
1999-12-27,54,10.5
1999-12-28,63,15.7
1999-12-29,86,27.7
1999-12-30,107,37.8
1999-12-31,98,34.1
2000-01-01,64,15.9
2000-01-02,56,11.9
2000-01-03,78,23.7
2000-01-04,56,11.9
2000-01-05,87,28.5
2000-01-07,57,12.4
2000-01-08,83,26.4
2000-01-09,96,33.2
2000-01-10,93,31.8
2000-01-11,82,25.8
2000-01-12,81,25.2
2000-01-13,87,28.5
2000-01-14,70,19.5
2000-01-15,75,22.2
2000-01-16,67,17.5
2000-01-17,67,17.7
2000-01-18,77,22.9
2000-01-20,78,23.7
2000-01-21,71,20.1
2000-01-23,67,17.5
2000-01-24,80,24.4
2000-01-25,58,12.9
2000-01-26,34,6.2
2000-01-27,45,8.1
2000-01-28,51,9.1
2000-01-29,65,16.5
2000-01-30,69,18.7
2000-01-31,66,17.3
2000-02-01,51,9.1
2000-02-02,52,9.9
2000-02-03,61,14.4
2000-02-05,73,21.1
2000-02-06,70,19.4
2000-02-07,66,16.9
2000-02-08,65,16.7
2000-02-09,59,13.2
2000-02-10,53,10.2
2000-02-11,47,8.4
2000-02-12,39,7.0
2000-02-13,36,6.4
2000-02-14,52,9.8
2000-02-15,60,13.7
2000-02-16,66,17.0
2000-02-17,34,6.2
2000-02-19,62,15.2
2000-02-20,52,9.8
2000-02-21,23,4.2
2000-02-22,40,7.2
2000-02-23,52,9.6
2000-02-24,23,4.1
2000-02-25,53,10.1
2000-02-26,62,15.2
2000-02-27,59,13.4
2000-02-28,27,4.9
2000-02-29,53,10.4
2000-03-01,44,7.9
2000-03-02,53,10.1
2000-03-03,47,8.5
2000-03-04,38,6.9
2000-03-05,24,4.3
2000-03-06,30,5.4
2000-03-07,34,6.2
2000-03-08,61,14.2
2000-03-09,62,15.0
2000-03-10,55,11.2
2000-03-11,56,12.0
2000-03-12,55,11.4
2000-03-13,57,12.2
2000-03-14,57,12.2
2000-03-15,53,10.4
2000-03-16,54,10.7
2000-03-17,49,8.9
2000-03-18,35,6.3
2000-03-19,46,8.3
2000-03-28,38,6.8
2000-03-29,53,10.0
2000-03-30,55,11.3
2000-03-31,31,5.6
2000-04-01,34,6.2
2000-04-02,43,7.8
2000-04-03,53,10.1
2000-04-08,64,15.9
2000-04-09,58,12.8
2000-04-10,41,7.4
2000-04-11,42,7.6
2000-04-12,56,11.7
2000-04-13,54,10.5
2000-04-14,36,6.5
2000-04-15,44,7.9
2000-04-26,57,12.3
2000-04-27,53,10.4
2000-04-28,51,9.3
2000-04-29,54,10.6
2000-04-30,42,7.6
2000-05-01,51,9.2
2000-05-03,51,9.1
2000-05-11,52,9.5
2000-05-12,54,10.5
2000-05-13,55,11.3
2000-05-14,51,9.1
2000-05-17,58,12.7
2000-05-18,48,8.7
2000-05-19,48,8.6
2000-05-20,52,9.8
2000-05-21,52,9.7
2000-05-22,48,8.7
2000-05-23,53,10.2
2000-05-24,54,10.8
2000-05-25,43,7.7
2000-05-26,44,7.9
2000-05-27,47,8.4
2000-05-28,53,10.3
2000-05-29,57,12.5
2000-05-30,57,12.1
2000-05-31,48,8.7
2000-06-01,41,7.4
2000-06-02,54,10.6
2000-06-03,33,5.9
2000-06-04,42,7.5
2000-06-05,72,20.4
2000-06-07,54,10.6
2000-06-08,52,9.6
2000-06-09,42,7.5
2000-06-10,36,6.4
2000-06-11,37,6.6
2000-06-12,32,5.7
2000-06-15,41,7.3
2000-06-16,41,7.4
2000-06-17,41,7.4
2000-06-18,26,4.7
2000-06-19,30,5.4
2000-06-20,32,5.7
2000-06-21,32,5.8
2000-06-22,29,5.3
2000-06-23,31,5.6
2000-06-26,27,4.9
2000-06-27,30,5.4
2000-06-28,26,4.7
2000-06-29,34,6.2
2000-06-30,40,7.2
2000-07-01,32,5.7
2000-07-02,32,5.8
2000-07-07,32,5.7
2000-07-08,26,4.7
2000-07-09,22,4.0
2000-07-10,26,4.6
2000-07-12,26,4.7
2000-07-13,27,4.8
2000-07-15,8,1.5
2000-07-16,30,5.4
2000-07-17,27,4.8
2000-07-18,33,6.0
2000-07-19,31,5.5
2000-07-20,43,7.8
2000-07-21,53,10.2
2000-07-22,42,7.5
2000-07-23,47,8.4
2000-07-24,38,6.8
2000-07-25,42,7.5
2000-07-27,48,8.7
2000-07-28,51,9.2
2000-07-29,53,10.3
2000-07-30,1,0.1
2000-08-01,53,10.4
2000-08-02,43,7.8
2000-08-03,45,8.1
2000-08-04,61,14.2
2000-08-05,51,9.2
2000-08-06,44,7.9
2000-08-07,44,7.9
2000-08-08,49,8.8
2000-08-09,40,7.2
2000-08-10,38,6.9
2000-08-12,33,5.9
2000-08-13,76,22.6
2000-08-14,53,10.2
2000-08-15,45,8.1
2000-08-16,47,8.4
2000-08-17,51,9.3
2000-08-18,51,9.1
2000-08-24,52,9.5
2000-08-25,39,7.1
2000-08-26,37,6.6
2000-08-27,27,4.9
2000-08-28,28,5.0
2000-08-30,41,7.3
2000-08-31,34,6.1
2000-09-01,32,5.8
2000-09-02,28,5.1
2000-09-03,29,5.2
2000-09-04,43,7.8
2000-09-06,36,6.4
2000-09-07,44,7.9
2000-09-09,42,7.6
2000-09-10,49,8.9
2000-09-11,46,8.3
2000-09-12,51,9.2
2000-09-14,48,8.6
2000-09-15,49,8.8
2000-09-16,51,9.3
2000-09-17,44,7.9
2000-09-18,28,5.0
2000-09-19,44,8.0
2000-09-20,49,8.8
2000-09-21,41,7.4
2000-09-22,38,6.8
2000-09-23,44,7.9
2000-09-24,33,5.9
2000-09-25,45,8.1
2000-09-26,53,10.0
2000-09-27,43,7.7
2000-09-28,53,10.0
2000-09-29,52,9.6
2000-09-30,48,8.7
2000-10-01,41,7.4
2000-10-02,52,9.8
2000-10-03,54,10.7
2000-10-05,48,8.6
2000-10-07,57,12.2
2000-10-08,40,7.2
2000-10-09,20,3.6
2000-10-10,31,5.6
2000-10-11,26,4.7
2000-10-12,38,6.9
2000-10-13,50,9.0
2000-10-15,53,10.3
2000-10-16,49,8.9
2000-10-18,46,8.3
2000-10-19,38,6.8
2000-10-20,36,6.4
2000-10-21,36,6.4
2000-10-22,18,3.2
2000-10-23,23,4.2
2000-10-24,38,6.8
2000-10-25,54,10.5
2000-10-26,52,9.7
2000-10-27,31,5.6
2000-10-28,37,6.6
2000-10-29,47,8.4
2000-10-30,34,6.2
2000-10-31,46,8.2
2000-11-01,58,13.1
2000-11-02,60,13.7
2000-11-03,55,11.4
2000-11-04,30,5.4
2000-11-05,57,12.2
2000-11-06,59,13.2
2000-11-08,56,12.0
2000-11-09,56,11.8
2000-11-10,31,5.5
2000-11-11,26,4.7
2000-11-12,51,9.1
2000-11-13,75,21.9
2000-11-15,75,22.0
2000-11-16,79,24.2
2000-11-17,70,19.1
2000-11-18,58,12.9
2000-11-19,88,29.0
2000-11-20,76,22.3
2000-11-22,55,11.5
2000-11-23,70,19.2
2000-11-24,94,32.4
2000-11-25,94,32.2
2000-11-26,83,26.1
2000-11-27,76,22.7
2000-11-28,75,22.2
2000-11-29,66,17.2
2000-11-30,68,18.1
2000-12-02,67,17.6
2000-12-03,69,18.8
2000-12-04,68,18.3
2000-12-05,68,18.0
2000-12-07,73,20.7
2000-12-08,66,17.2
2000-12-09,80,24.6
2000-12-10,84,26.9
2000-12-11,94,32.1
2000-12-12,108,38.2
2000-12-13,63,15.8
2000-12-14,75,22.2
2000-12-15,79,24.0
2000-12-16,81,25.3
2000-12-17,91,30.5
2000-12-18,36,6.5
2000-12-19,63,15.4
2000-12-20,75,22.2
2000-12-21,88,29.1
2000-12-22,80,24.6
2000-12-23,81,25.3
2000-12-24,96,33.0
2000-12-25,86,28.1
2000-12-26,36,6.5
2000-12-28,79,24.0
2000-12-29,80,24.5
2000-12-30,77,22.9
2000-12-31,91,30.7
2001-01-02,67,17.7
2001-01-03,32,5.7
2001-01-05,65,16.6
2001-01-06,80,24.7
2001-01-07,87,28.5
2001-01-08,59,13.6
2001-01-09,43,7.8
2001-01-11,26,4.6
2001-01-15,66,17.1
2001-01-17,61,14.7
2001-01-18,71,19.6
2001-01-19,70,19.1
2001-01-20,81,25.0
2001-01-21,59,13.6
2001-01-22,51,9.2
2001-01-24,63,15.4
2001-01-25,44,7.9
2001-01-26,63,15.4
2001-01-27,31,5.6
2001-01-28,55,11.2
2001-01-29,87,28.2
2001-01-30,67,17.6
2001-01-31,28,5.0
2001-02-01,34,6.2
2001-02-06,53,10.1
2001-02-07,31,5.5
2001-02-10,53,10.4
2001-02-11,56,11.9
2001-02-12,57,12.1
2001-02-13,28,5.0
2001-02-14,26,4.6
2001-02-15,56,11.6
2001-02-16,32,5.7
2001-02-17,69,18.5
2001-02-18,68,18.3
2001-02-19,64,15.9
2001-02-20,53,10.4
2001-02-21,53,10.2
2001-02-22,55,11.4
2001-02-23,34,6.1
2001-02-24,18,3.3
2001-02-25,19,3.5
2001-02-26,31,5.6
2001-02-27,29,5.2
2001-02-28,27,4.8
2001-03-01,16,2.8
2001-03-02,40,7.2
2001-03-03,54,10.9
2001-03-04,56,12.0
2001-03-05,51,9.2
2001-03-06,32,5.8
2001-03-07,19,3.4
2001-03-08,56,11.8
2001-03-09,59,13.3
2001-03-10,23,4.1
2001-03-11,48,8.6
2001-03-12,54,10.8
2001-03-13,52,9.5
2001-03-14,39,7.0
2001-03-15,52,9.8
2001-03-16,41,7.3
2001-03-17,30,5.4
2001-03-18,44,7.9
2001-03-19,52,9.9
2001-03-21,54,10.7
2001-03-22,44,7.9
2001-03-23,49,8.9
2001-03-24,56,12.0
2001-03-25,56,11.6
2001-03-26,52,9.7
2001-03-27,49,8.9
2001-03-28,43,7.8
2001-03-29,43,7.7
2001-03-30,43,7.8
2001-03-31,52,9.5
2001-04-01,50,9.0
2001-04-02,38,6.9
2001-04-03,35,6.3
2001-04-04,33,5.9
2001-04-06,38,6.8
2001-04-07,29,5.3
2001-04-08,26,4.6
2001-04-10,28,5.1
2001-04-11,33,6.0
2001-04-12,47,8.5
2001-04-15,63,15.6
2001-04-16,59,13.3
2001-04-17,56,12.0
2001-04-18,58,13.0
2001-04-20,35,6.3
2001-04-21,23,4.2
2001-04-22,31,5.6
2001-04-23,39,7.1
2001-04-24,39,7.0
2001-04-25,44,7.9
2001-04-26,36,6.4
2001-04-27,33,6.0
2001-04-28,32,5.7
2001-04-30,48,8.6
2001-05-01,50,9.0
2001-05-02,47,8.5
2001-05-03,24,4.3
2001-05-04,26,4.6
2001-05-05,36,6.5
2001-05-06,46,8.3
2001-05-07,53,10.0
2001-05-08,55,11.3
2001-05-09,53,10.0
2001-05-11,54,10.6
2001-05-12,56,12.0
2001-05-15,30,5.4
2001-05-16,36,6.5
2001-05-17,43,7.8
2001-05-18,28,5.1
2001-05-19,20,3.6
2001-05-20,23,4.2
2001-05-21,40,7.2
2001-05-22,43,7.7
2001-05-23,45,8.1
2001-05-25,42,7.6
2001-05-26,37,6.7
2001-05-27,52,9.5
2001-05-28,26,4.6
2001-05-29,38,6.9
2001-05-31,37,6.6
2001-06-03,44,7.9
2001-06-05,46,8.2
2001-06-06,47,8.5
2001-06-07,49,8.9
2001-06-08,52,9.8
2001-06-09,41,7.3
2001-06-10,37,6.6
2001-06-12,34,6.1
2001-06-13,37,6.6
2001-06-14,29,5.2
2001-06-15,41,7.4
2001-06-16,44,7.9
2001-06-17,43,7.7
2001-06-18,42,7.6
2001-06-19,42,7.5
2001-06-20,49,8.8
2001-06-21,34,6.1
2001-06-23,33,6.0
2001-06-24,37,6.6
2001-06-25,40,7.2
2001-06-26,36,6.5
2001-06-27,39,7.1
2001-06-28,53,10.4
2001-06-29,37,6.6
2001-06-30,46,8.3
2001-07-01,52,9.7
2001-07-02,40,7.2
2001-07-03,33,5.9
2001-07-04,47,8.4
2001-07-05,21,3.7
2001-07-06,22,4.0
2001-07-07,33,5.9
2001-07-08,30,5.4
2001-07-09,36,6.4
2001-07-10,36,6.4
2001-07-11,41,7.3
2001-07-13,51,9.3
2001-07-14,44,8.0
2001-07-15,27,4.9
2001-07-16,26,4.7
2001-07-17,46,8.2
2001-07-18,42,7.6
2001-07-19,36,6.5
2001-07-20,40,7.2
2001-07-21,41,7.3
2001-07-22,29,5.2
2001-07-23,29,5.2
2001-07-24,31,5.6
2001-07-25,42,7.5
2001-07-26,43,7.7
2001-07-27,34,6.1
2001-07-28,36,6.4
2001-07-29,32,5.7
2001-07-30,33,6.0
2001-07-31,43,7.7
2001-08-01,36,6.4
2001-08-02,36,6.4
2001-08-03,31,5.5
2001-08-04,29,5.3
2001-08-05,27,4.8
2001-08-06,38,6.8
2001-08-07,46,8.3
2001-08-08,43,7.8
2001-08-09,38,6.9
2001-08-10,38,6.8
2001-08-11,27,4.8
2001-08-12,31,5.5
2001-08-13,33,6.0
2001-08-14,32,5.8
2001-08-15,37,6.7
2001-08-16,46,8.3
2001-08-17,49,8.8
2001-08-18,37,6.6
2001-08-19,35,6.3
2001-08-20,32,5.8
2001-08-21,37,6.6
2001-08-22,34,6.1
2001-08-23,52,9.9
2001-08-24,51,9.2
2001-08-25,47,8.5
2001-08-26,41,7.3
2001-08-27,36,6.4
2001-08-28,39,7.0
2001-08-29,34,6.1
2001-08-30,35,6.3
2001-08-31,33,6.0
2001-09-01,29,5.2
2001-09-02,23,4.1
2001-09-03,32,5.8
2001-09-04,27,4.8
2001-09-05,28,5.0
2001-09-06,32,5.8
2001-09-07,33,6.0
2001-09-08,55,11.5
2001-09-09,53,10.3
2001-09-10,56,11.6
2001-09-11,47,8.4
2001-09-12,31,5.6
2001-09-13,29,5.2
2001-09-14,27,4.9
2001-09-15,28,5.1
2001-09-16,24,4.3
2001-09-17,32,5.8
2001-09-18,45,8.1
2001-09-19,42,7.6
2001-09-20,44,8.0
2001-09-21,42,7.6
2001-09-22,46,8.3
2001-09-23,44,8.0
2001-09-24,34,6.2
2001-09-25,37,6.7
2001-09-26,34,6.2
2001-09-27,44,7.9
2001-09-28,51,9.3
2001-09-29,49,8.9
2001-09-30,54,10.6
2001-10-01,48,8.6
2001-10-02,52,9.9
2001-10-03,28,5.1
2001-10-04,28,5.0
2001-10-05,31,5.6
2001-10-06,34,6.2
2001-10-07,28,5.0
2001-10-08,21,3.8
2001-10-09,36,6.5
2001-10-10,43,7.8
2001-10-11,41,7.4
2001-10-12,30,5.4
2001-10-13,35,6.3
2001-10-14,42,7.5
2001-10-15,50,9.0
2001-10-16,62,15.2
2001-10-17,60,13.8
2001-10-18,55,11.4
2001-10-19,58,12.6
2001-10-20,57,12.4
2001-10-21,56,11.6
2001-10-22,53,10.4
2001-10-23,53,10.0
2001-10-24,55,11.0
2001-10-25,58,12.7
2001-10-26,64,15.9
2001-10-27,63,15.8
2001-10-28,53,10.4
2001-10-30,62,15.2
2001-10-31,53,10.4
2001-11-01,44,8.0
2001-11-02,54,10.5
2001-11-03,55,11.2
2001-11-04,54,10.9
2001-11-05,36,6.4
2001-11-06,55,11.2
2001-11-07,49,8.8
2001-11-08,52,9.4
2001-11-09,51,9.2
2001-11-10,60,13.8
2001-11-11,58,12.6
2001-11-12,59,13.5
2001-11-13,44,7.9
2001-11-14,43,7.8
2001-11-15,52,9.5
2001-11-16,60,13.7
2001-11-17,64,16.1
2001-11-18,68,18.2
2001-11-19,64,16.0
2001-11-20,60,13.9
2001-11-21,68,18.4
2001-11-24,49,8.8
2001-11-25,40,7.2
2001-11-26,51,9.1
2001-11-27,41,7.3
2001-11-28,52,9.5
2001-11-29,50,9.0
2001-11-30,59,13.5
2001-12-01,65,16.6
2001-12-02,74,21.7
2001-12-04,54,10.8
2001-12-05,67,17.5
2001-12-07,82,26.0
2001-12-08,42,7.5
2001-12-09,31,5.5
2001-12-10,40,7.2
2001-12-11,46,8.3
2001-12-12,62,15.2
2001-12-27,87,28.2
2001-12-28,88,28.9
2001-12-29,80,24.9
2001-12-30,82,25.9
2001-12-31,75,21.8
2002-01-01,101,35.6
2002-01-02,48,8.6
2002-01-03,60,13.7
2002-01-04,48,8.7
2002-01-05,66,17.0
2002-01-06,83,26.5
2002-01-07,87,28.5
2002-01-08,66,16.9
2002-01-09,54,10.9
2002-01-10,60,13.7
2002-01-11,41,7.4
2002-01-12,60,13.9
2002-01-13,76,22.6
2002-01-14,68,18.1
2002-01-15,59,13.2
2002-01-16,114,40.9
2002-01-17,60,13.9
2002-01-18,85,27.3
2002-01-19,85,27.2
2002-01-20,90,29.8
2002-01-21,82,25.5
2002-01-22,68,18.0
2002-01-23,39,7.1
2002-01-24,39,7.1
2002-01-25,57,12.4
2002-01-26,67,17.7
2002-01-27,64,15.9
2002-01-28,57,12.1
2002-01-29,40,7.2
2002-01-30,22,3.9
2002-01-31,55,11.1
2002-02-01,44,8.0
2002-02-02,71,20.1
2002-02-03,78,23.6
2002-02-04,46,8.3
2002-02-05,37,6.7
2002-02-06,52,9.4
2002-02-07,61,14.3
2002-02-08,65,16.5
2002-02-09,34,6.1
2002-02-10,29,5.2
2002-02-11,53,10.3
2002-02-12,58,12.6
2002-02-13,59,13.2
2002-02-14,60,14.0
2002-02-15,62,15.1
2002-02-16,56,11.8
2002-02-17,52,9.8
2002-02-18,24,4.3
2002-02-19,46,8.2
2002-02-20,52,9.7
2002-02-21,46,8.3
2002-02-22,40,7.2
2002-02-23,58,12.9
2002-02-24,55,11.1
2002-02-25,49,8.9
2002-02-26,52,9.4
2002-02-27,54,10.6
2002-02-28,53,10.1
2002-03-01,36,6.5
2002-03-02,18,3.3
2002-03-03,37,6.7
2002-03-04,46,8.2
2002-03-05,54,10.8
2002-03-06,53,10.3
2002-03-08,23,4.2
2002-03-09,42,7.5
2002-03-10,48,8.7
2002-03-12,43,7.8
2002-03-13,45,8.1
2002-03-14,52,9.4
2002-03-15,22,4.0
2002-03-16,32,5.7
2002-03-17,36,6.5
2002-03-18,47,8.5
2002-03-19,43,7.8
2002-03-20,53,10.1
2002-03-21,49,8.9
2002-03-22,46,8.3
2002-03-23,37,6.6
2002-03-24,33,5.9
2002-03-25,46,8.2
2002-03-26,55,11.3
2002-03-27,53,10.1
2002-03-29,42,7.6
2002-03-30,48,8.6
2002-03-31,53,10.1
2002-04-02,6,1.1
2002-04-08,59,13.3
2002-04-14,36,6.5
2002-04-20,36,6.5
2002-04-23,52,9.9
2002-04-29,57,12.4
2002-05-08,54,10.6
2002-05-11,58,12.8
2002-05-14,58,13.0
2002-05-17,52,9.9
2002-05-23,49,8.8
2002-05-26,42,7.5
2002-05-29,56,11.8
2002-06-04,56,11.8
2002-06-16,54,10.5
2002-06-19,55,11.0
2002-06-22,35,6.3
2002-06-25,49,8.8
2002-06-28,53,10.4
2002-07-01,48,8.6
2002-07-04,54,10.7
2002-07-07,52,9.7
2002-07-10,52,9.4
2002-07-13,54,10.6
2002-07-16,54,10.5
2002-07-25,29,5.3
2002-07-31,51,9.3
2002-08-03,46,8.2
2002-08-06,39,7.1
2002-08-09,46,8.3
2002-08-12,44,8.0
2002-08-15,52,9.7
2002-08-18,53,10.2
2002-08-21,42,7.5
2002-08-24,51,9.3
2002-08-27,58,12.6
2002-08-30,52,9.5
2002-09-02,56,11.9
2002-09-05,58,12.9
2002-09-08,41,7.4
2002-09-11,38,6.9
2002-09-14,32,5.7
2002-09-17,58,13.0
2002-09-20,49,8.8
2002-10-05,56,11.7
2002-10-08,41,7.4
2002-10-11,52,9.8
2002-10-14,52,9.7
2002-10-17,41,7.3
2002-10-20,62,15.0
2002-10-23,47,8.4
2002-10-26,55,11.1
2002-10-29,50,9.0
2002-11-01,60,14.0
2002-11-04,53,10.2
2002-11-07,54,10.7
2002-11-10,28,5.1
2002-11-13,50,9.0
2002-11-16,39,7.0
2002-11-19,66,17.3
2002-11-22,64,16.3
2002-11-25,63,15.5
2002-11-28,55,11.0
2002-12-01,62,15.1
2002-12-04,91,30.6
2002-12-07,70,19.5
2002-12-10,60,13.9
2002-12-13,84,26.9
2002-12-16,62,15.0
2002-12-19,57,12.4
2002-12-22,93,31.9
2002-12-25,127,45.9
2002-12-28,80,24.7
2002-12-31,78,23.7
2003-01-03,63,15.3
2003-01-06,71,19.9
2003-01-09,65,16.7
2003-01-12,73,20.7
2003-01-15,85,27.3
2003-01-18,62,14.8
2003-01-21,60,13.7
2003-01-24,58,12.8
2003-01-27,57,12.2
2003-01-30,63,15.8
2003-02-02,39,7.1
2003-02-05,54,10.6
2003-02-08,61,14.5
2003-02-11,59,13.4
2003-02-14,39,7.0
2003-02-17,62,14.8
2003-02-20,57,12.1
2003-02-23,53,10.0
2003-02-26,26,4.6
2003-03-01,38,6.9
2003-03-04,43,7.8
2003-03-07,54,10.7
2003-03-10,48,8.6
2003-03-13,54,10.7
2003-03-16,18,3.3
2003-03-19,15,2.7
2003-03-22,45,8.1
2003-03-25,48,8.6
2003-03-28,17,3.0
2003-03-31,43,7.7
2003-04-03,39,7.1
2003-04-06,26,4.7
2003-04-09,39,7.0
2003-04-12,40,7.2
2003-04-15,15,2.7
2003-04-18,33,5.9
2003-04-21,37,6.6
2003-04-24,45,8.1
2003-04-27,47,8.4
2003-04-30,44,8.0
2003-05-03,58,13.1
2003-05-06,43,7.7
2003-05-09,52,9.7
2003-05-12,55,11.3
2003-05-15,71,19.6
2003-05-18,53,10.2
2003-05-21,59,13.5
2003-05-24,52,9.6
2003-05-27,55,11.2
2003-05-30,50,9.0
2003-06-02,42,7.5
2003-06-05,33,5.9
2003-06-08,41,7.4
2003-06-11,33,6.0
2003-06-14,44,8.0
2003-06-17,47,8.5
2003-06-20,41,7.4
2003-06-23,33,6.0
2003-06-26,50,9.0
2003-06-29,54,10.5
2003-07-02,61,14.2
2003-07-08,65,16.4
2003-07-11,57,12.4
2003-07-14,78,23.5
2003-07-17,64,16.3
2003-07-20,61,14.2
2003-07-23,51,9.2
2003-07-26,58,13.0
2003-07-29,46,8.3
2003-08-04,56,11.6
2003-08-07,57,12.5
2003-08-10,12,2.1
2003-08-16,56,11.7
2003-08-22,69,19.0
2003-08-25,44,8.0
2003-08-28,36,6.5
2003-09-03,51,9.1
2003-09-06,38,6.8
2003-09-12,47,8.4
2003-09-15,54,10.5
2003-09-18,44,7.9
2003-09-21,53,10.1
2003-09-27,48,8.6
2003-09-30,55,11.5
2003-10-06,45,8.1
2003-10-09,44,7.9
2003-10-12,51,9.2
2003-10-15,44,8.0
2003-10-18,51,9.3
2003-10-19,54,10.8
2003-10-24,61,14.4
2003-10-27,57,12.4
2003-10-30,77,23.3
2003-11-02,52,9.6
2003-11-05,56,11.8
2003-11-08,63,15.3
2003-11-11,42,7.6
2003-11-14,54,10.5
2003-11-20,56,11.8
2003-11-23,66,17.2
2003-11-24,47,8.5
2003-11-25,74,21.6
2003-11-26,68,18.3
2003-12-02,79,24.2
2003-12-05,71,19.6
2003-12-06,74,21.7
2003-12-09,45,8.1
2003-12-11,60,13.7
2003-12-14,93,31.5
2003-12-17,58,12.7
2003-12-20,66,17.4
2003-12-23,22,4.0
2003-12-26,22,4.0
2003-12-29,76,22.4
2004-01-01,80,24.6
2004-01-04,64,16.1
2004-01-07,82,26.0
2004-01-10,43,7.7
2004-01-13,53,10.0
2004-01-16,53,10.0
2004-01-19,53,10.2
2004-01-22,21,3.7
2004-01-25,36,6.5
2004-01-28,54,10.5
2004-01-31,52,9.9
2004-02-03,38,6.9
2004-02-06,58,12.6
2004-02-09,62,14.9
2004-02-12,24,4.3
2004-02-15,60,14.1
2004-02-18,59,13.5
2004-02-21,52,9.5
2004-02-24,56,11.7
2004-02-27,39,7.0
2004-03-01,47,8.5
2004-03-04,33,6.0
2004-03-07,55,11.1
2004-03-10,54,10.6
2004-03-13,26,4.7
2004-03-16,54,10.9
2004-03-19,53,10.0
2004-03-22,37,6.6
2004-03-25,49,8.8
2004-03-28,36,6.5
2004-03-31,52,9.8
2004-04-03,25,4.5
2004-04-06,34,6.2
2004-04-09,41,7.4
2004-04-12,42,7.5
2004-04-15,41,7.4
2004-04-18,37,6.7
2004-04-21,54,10.5
2004-04-24,41,7.4
2004-04-27,43,7.8
2004-04-30,16,2.9
2004-05-03,47,8.4
2004-05-06,48,8.6
2004-05-09,46,8.3
2004-05-12,42,7.5
2004-05-15,52,9.5
2004-05-18,29,5.3
2004-05-21,35,6.3
2004-05-24,34,6.2
2004-05-27,48,8.7
2004-05-30,43,7.7
2004-06-02,52,9.8
2004-06-05,48,8.6
2004-06-08,37,6.7
2004-06-11,53,10.2
2004-06-14,47,8.4
2004-06-17,41,7.4
2004-06-20,27,4.9
2004-06-23,48,8.6
2004-06-26,41,7.3
2004-06-29,34,6.1
2004-07-02,36,6.5
2004-07-05,54,10.5
2004-07-08,39,7.0
2004-07-11,33,6.0
2004-07-14,33,5.9
2004-07-17,33,6.0
2004-07-20,48,8.7
2004-07-23,46,8.3
2004-07-26,35,6.3
2004-07-29,42,7.6
2004-08-05,37,6.7
2004-08-07,33,5.9
2004-08-08,37,6.6
2004-08-10,34,6.2
2004-08-13,43,7.7
2004-08-16,41,7.4
2004-08-19,28,5.0
2004-08-22,24,4.4
2004-08-25,31,5.5
2004-08-28,46,8.2
2004-08-31,47,8.5
2004-09-03,40,7.2
2004-09-06,42,7.6
2004-09-09,48,8.7
2004-09-12,50,9.0
2004-09-15,54,10.7
2004-09-18,52,9.7
2004-09-21,36,6.4
2004-09-24,58,13.0
2004-09-27,58,13.0
2004-09-30,11,2.0
2004-10-03,62,14.9
2004-10-06,54,10.7
2004-10-15,58,12.7
2004-10-16,56,11.7
2004-10-18,52,9.8
2004-10-21,39,7.0
2004-10-24,31,5.6
2004-10-27,50,9.0
2004-10-30,52,9.4
2004-11-02,19,3.4
2004-11-05,55,11.1
2004-11-17,54,10.7
2004-11-19,66,16.9
2004-11-23,47,8.4
2004-11-26,107,38.0
2004-11-29,42,7.6
2004-12-02,86,28.1
2004-12-05,60,13.7
2004-12-08,80,24.5
2004-12-11,67,17.8
2004-12-14,43,7.8
2004-12-17,49,8.8
2004-12-20,82,25.5
2004-12-23,46,8.3
2004-12-26,85,27.6
2004-12-29,19,3.5
2005-01-01,87,28.2
2005-01-04,3,0.6
2005-01-07,49,8.8
2005-01-10,63,15.6
2005-01-13,56,11.7
2005-01-16,76,22.6
2005-01-19,38,6.9
2005-01-22,58,13.1
2005-01-25,26,4.7
2005-01-28,54,10.9
2005-01-31,34,6.1
2005-02-06,44,7.9
2005-02-09,53,10.1
2005-02-12,19,3.5
2005-02-15,71,19.7
2005-02-18,52,9.4
2005-02-21,32,5.8
2005-02-24,21,3.7
2005-02-27,41,7.3
2005-03-02,53,10.2
2005-03-05,20,3.6
2005-03-08,49,8.8
2005-03-11,55,11.0
2005-03-14,26,4.7
2005-03-17,47,8.4
2005-03-20,28,5.0
2005-03-23,27,4.9
2005-03-26,22,4.0
2005-03-29,28,5.0
2005-04-01,26,4.7
2005-04-04,38,6.8
2005-04-07,52,9.5
2005-04-10,30,5.4
2005-04-13,53,10.2
2005-04-16,68,18.1
2005-04-20,51,9.2
2005-04-22,54,10.8
2005-04-25,29,5.2
2005-04-28,28,5.1
2005-05-01,38,6.8
2005-05-04,47,8.5
2005-05-07,33,5.9
2005-05-10,29,5.2
2005-05-13,40,7.2
2005-05-16,49,8.9
2005-05-19,53,10.4
2005-05-22,54,10.6
2005-05-25,57,12.2
2005-05-28,36,6.5
2005-05-31,52,9.5
2005-06-03,36,6.5
2005-06-06,41,7.4
2005-06-09,38,6.9
2005-06-12,32,5.7
2005-06-15,43,7.8
2005-06-18,60,13.8
2005-06-21,57,12.2
2005-06-24,56,11.8
2005-06-27,42,7.5
2005-06-30,58,13.0
2005-07-03,53,10.2
2005-07-06,50,9.0
2005-07-09,47,8.5
2005-07-12,46,8.2
2005-07-15,52,9.4
2005-07-18,57,12.1
2005-07-21,57,12.5
2005-07-24,33,6.0
2005-07-27,26,4.7
2005-07-30,28,5.0
2005-08-02,37,6.7
2005-08-05,42,7.5
2005-08-08,39,7.0
2005-08-11,43,7.7
2005-08-14,26,4.7
2005-08-17,37,6.7
2005-08-20,24,4.4
2005-08-23,29,5.2
2005-08-26,39,7.0
2005-08-29,36,6.5
2005-09-01,52,9.7
2005-09-04,42,7.5
2005-09-07,43,7.7
2005-09-10,38,6.8
2005-09-13,40,7.2
2005-09-16,43,7.8
2005-09-19,52,9.4
2005-09-22,47,8.5
2005-09-25,40,7.2
2005-09-28,36,6.5
2005-10-01,54,10.6
2005-10-04,49,8.8
2005-10-07,43,7.8
2005-10-10,32,5.8
2005-10-13,55,11.3
2005-10-16,46,8.2
2005-10-19,36,6.5
2005-10-22,53,10.3
2005-10-25,46,8.2
2005-10-28,51,9.3
2005-10-31,54,10.7
2005-11-03,58,12.7
2005-11-06,59,13.6
2005-11-09,59,13.2
2005-11-12,56,11.8
2005-11-15,36,6.4
2005-11-18,29,5.3
2005-11-21,61,14.3
2005-11-24,62,15.2
2005-11-27,12,2.2
2005-11-30,74,21.2
2005-12-03,56,12.0
2005-12-06,73,20.8
2005-12-09,70,19.5
2005-12-12,95,32.7
2005-12-15,52,9.4
2005-12-18,80,24.4
2005-12-21,90,30.3
2005-12-24,83,26.4
2005-12-27,53,10.0
2005-12-30,74,21.6
2006-01-02,52,9.6
2006-01-05,55,11.2
2006-01-08,77,23.1
2006-01-11,63,15.6
2006-01-14,75,21.9
2006-01-17,58,12.6
2006-01-20,56,12.0
2006-01-23,52,9.7
2006-01-26,59,13.4
2006-01-29,65,16.7
2006-02-01,56,11.9
2006-02-04,62,15.0
2006-02-07,44,8.0
2006-02-10,52,9.9
2006-02-13,67,17.6
2006-02-19,43,7.7
2006-02-22,52,9.8
2006-02-25,56,11.7
2006-02-28,43,7.8
2006-03-03,39,7.1
2006-03-06,52,9.8
2006-03-09,26,4.7
2006-03-12,21,3.7
2006-03-15,57,12.2
2006-03-18,24,4.3
2006-03-21,26,4.7
2006-03-24,44,8.0
2006-03-27,35,6.3
2006-03-30,31,5.5
2006-04-02,42,7.6
2006-04-05,26,4.7
2006-04-08,53,10.1
2006-04-11,38,6.9
2006-04-14,64,16.0
2006-04-17,47,8.4
2006-04-20,48,8.7
2006-04-23,51,9.1
2006-04-26,53,10.2
2006-04-29,52,9.5
2006-05-02,29,5.3
2006-05-05,49,8.9
2006-05-08,50,9.0
2006-05-14,50,9.0
2006-05-17,41,7.4
2006-05-20,46,8.3
2006-05-23,39,7.1
2006-05-26,39,7.1
2006-05-29,46,8.2
2006-06-01,53,10.1
2006-06-04,53,10.3
2006-06-09,37,6.7
2006-06-10,33,6.0
2006-06-13,48,8.6
2006-06-16,38,6.9
2006-06-19,55,11.1
2006-06-22,40,7.2
2006-06-25,61,14.4
2006-06-28,46,8.2
2006-07-01,53,10.1
2006-07-04,45,8.1
2006-07-07,27,4.9
2006-07-10,33,6.0
2006-07-13,37,6.7
2006-07-18,58,12.8
2006-07-19,29,5.3
2006-07-22,57,12.1
2006-07-25,54,10.9
2006-07-28,39,7.1
2006-07-31,27,4.8
2006-08-03,38,6.9
2006-08-06,33,5.9
2006-08-09,40,7.2
2006-08-12,32,5.7
2006-08-15,32,5.8
2006-08-18,39,7.1
2006-08-21,42,7.6
2006-08-24,28,5.1
2006-08-27,43,7.7
2006-08-30,51,9.2
2006-09-02,38,6.8
2006-09-05,21,3.7
2006-09-08,24,4.4
2006-09-11,40,7.2
2006-09-17,46,8.3
2006-09-20,36,6.4
2006-09-23,53,10.0
2006-09-26,49,8.8
2006-09-29,55,11.3
2006-10-02,48,8.7
2006-10-05,47,8.5
2006-10-08,34,6.2
2006-10-11,32,5.7
2006-10-14,22,4.0
2006-10-17,39,7.0
2006-10-20,53,10.3
2006-10-23,48,8.7
2006-10-26,20,3.6
2006-10-29,53,10.0
2006-11-01,61,14.6
2006-11-04,65,16.4
2006-11-10,57,12.4
2006-11-13,59,13.2
2006-11-16,62,15.2
2006-11-19,69,18.5
2006-11-22,67,17.6
2006-11-25,60,13.7
2006-11-28,39,7.1
2006-12-01,80,24.6
2006-12-04,50,9.0
2006-12-07,56,11.6
2006-12-10,52,9.7
2006-12-13,70,19.4
2006-12-16,56,12.0
2006-12-19,46,8.3
2006-12-22,78,23.7
2006-12-25,149,54.8
2006-12-28,38,6.8
2006-12-31,112,39.9
2007-01-03,63,15.7
2007-01-06,35,6.3
2007-01-09,48,8.7
2007-01-12,30,5.4
2007-01-15,78,23.5
2007-01-18,47,8.5
2007-01-21,60,13.9
2007-01-24,62,15.2
2007-01-27,54,10.5
2007-01-30,38,6.8
2007-02-02,57,12.1
2007-02-05,54,10.6
2007-02-08,52,9.9
2007-02-11,54,10.5
2007-02-14,28,5.0
2007-02-17,44,8.0
2007-02-20,41,7.3
2007-02-23,27,4.9
2007-02-26,41,7.3
2007-03-01,28,5.1
2007-03-04,12,2.2
2007-03-07,53,10.0
2007-03-10,49,8.8
2007-03-13,49,8.8
2007-03-16,55,11.1
2007-03-19,42,7.5
2007-03-22,13,2.4
2007-03-25,33,5.9
2007-03-28,38,6.8
2007-03-31,38,6.8
2007-04-03,38,6.9
2007-04-06,46,8.2
2007-04-09,41,7.4
2007-04-12,57,12.3
2007-04-15,41,7.4
2007-04-18,52,9.7
2007-04-21,36,6.5
2007-04-27,42,7.5
2007-04-30,41,7.4
2007-05-03,46,8.2
2007-05-06,23,4.1
2007-05-09,33,6.0
2007-05-12,43,7.7
2007-05-15,52,9.7
2007-05-18,50,9.0
2007-05-21,57,12.1
2007-05-24,43,7.8
2007-05-27,41,7.4
2007-05-30,38,6.8
2007-06-02,41,7.4
2007-06-05,47,8.4
2007-06-08,60,13.9
2007-06-11,33,6.0
2007-06-14,46,8.3
2007-06-17,42,7.5
2007-06-20,44,7.9
2007-06-23,49,8.8
2007-06-26,48,8.6
2007-06-29,36,6.5
2007-07-02,49,8.9
2007-07-05,55,11.2
2007-07-08,54,10.9
2007-07-11,51,9.2
2007-07-14,34,6.2
2007-07-17,53,10.4
2007-07-20,46,8.2
2007-07-23,34,6.2
2007-07-26,34,6.2
2007-07-29,31,5.5
2007-08-01,33,6.0
2007-08-04,34,6.2
2007-08-07,35,6.3
2007-08-10,52,9.6
2007-08-13,57,12.1
2007-08-16,48,8.6
2007-08-19,53,10.1
2007-08-22,60,14.0
2007-08-25,38,6.8
2007-08-28,46,8.2
2007-08-29,47,8.5
2007-08-31,28,5.1
2007-09-03,44,8.0
2007-09-06,33,5.9
2007-09-09,50,9.0
2007-09-12,36,6.4
2007-09-15,53,10.4
2007-09-18,33,5.9
2007-09-21,54,10.6
2007-09-24,34,6.2
2007-09-27,43,7.8
2007-09-30,44,8.0
2007-10-03,45,8.1
2007-10-06,33,6.0
2007-10-09,46,8.3
2007-10-12,44,8.0
2007-10-15,54,10.9
2007-10-18,55,11.5
2007-10-21,32,5.8
2007-10-24,22,4.0
2007-10-27,57,12.2
2007-10-30,44,8.0
2007-11-02,57,12.2
2007-11-05,65,16.8
2007-11-08,64,15.9
2007-11-11,57,12.3
2007-11-14,56,11.9
2007-11-17,61,14.7
2007-11-20,57,12.3
2007-11-23,52,9.8
2007-11-26,66,16.9
2007-11-29,64,16.1
2007-12-02,57,12.1
2007-12-05,81,25.2
2007-12-08,37,6.6
2007-12-11,34,6.2
2007-12-14,56,11.7
2007-12-17,68,18.4
2007-12-20,71,19.8
2007-12-23,83,26.1
2007-12-26,64,15.9
2007-12-29,69,18.9
2008-01-01,27,4.8
2008-01-03,41,7.4
2008-01-04,54,10.7
2008-01-16,52,9.8
2008-01-19,62,14.9
2008-01-22,61,14.6
2008-01-25,41,7.3
2008-01-28,14,2.5
2008-01-31,14,2.5
2008-02-03,55,11.0
2008-02-06,60,13.7
2008-02-09,66,17.4
2008-02-12,57,12.1
2008-02-15,36,6.4
2008-02-18,67,17.8
2008-02-21,28,5.0
2008-02-24,51,9.2
2008-02-27,30,5.4
2008-03-01,47,8.4
2008-03-04,34,6.1
2008-03-07,32,5.7
2008-03-10,37,6.7
2008-03-13,45,8.1
2008-03-19,56,12.0
2008-03-22,51,9.3
2008-03-25,54,10.6
2008-03-28,46,8.3
2008-03-31,44,7.9
2008-04-03,34,6.1
2008-04-06,36,6.5
2008-04-09,52,9.8
2008-04-12,32,5.7
2008-04-15,32,5.7
2008-04-18,53,10.3
2008-04-21,56,11.7
2008-04-24,53,10.3
2008-04-27,55,11.0
2008-04-30,55,11.4
2008-05-10,66,17.0
2008-05-12,57,12.5
2008-05-15,28,5.0
2008-05-18,38,6.9
2008-05-21,54,10.9
2008-05-24,50,9.0
2008-05-27,38,6.8
2008-05-30,45,8.1
2008-06-02,38,6.9
2008-06-05,61,14.7
2008-06-12,46,8.2
2008-06-14,53,10.0
2008-06-17,52,9.9
2008-06-20,49,8.9
2008-06-23,51,9.3
2008-06-29,46,8.3
2008-07-02,47,8.5
2008-07-05,38,6.9
2008-07-08,37,6.7
2008-07-11,36,6.4
2008-07-14,34,6.2
2008-07-17,37,6.7
2008-07-20,25,4.5
2008-07-23,34,6.2
2008-07-26,37,6.6
2008-07-29,29,5.2
2008-08-01,43,7.8
2008-08-04,34,6.2
2008-08-07,36,6.5
2008-08-10,42,7.5
2008-08-13,38,6.9
2008-08-16,29,5.3
2008-08-19,25,4.5
2008-08-22,48,8.7
2008-08-25,37,6.6
2008-08-30,23,4.2
2008-08-31,15,2.7
2008-09-03,33,6.0
2008-09-06,43,7.8
2008-09-09,33,6.0
2008-09-12,39,7.0
2008-09-15,23,4.1
2008-09-18,43,7.8
2008-09-21,43,7.8
2008-09-24,43,7.8
2008-09-27,33,6.0
2008-09-30,58,12.7
2008-10-03,42,7.6
2008-10-06,39,7.0
2008-10-09,31,5.6
2008-10-12,24,4.3
2008-10-15,39,7.0
2008-10-18,52,9.7
2008-10-21,39,7.1
2008-10-24,53,10.0
2008-10-27,55,11.3
2008-10-30,57,12.5
2008-11-02,51,9.1
2008-11-05,36,6.5
2008-11-08,56,12.0
2008-11-11,44,7.9
2008-11-14,48,8.7
2008-11-17,53,10.1
2008-11-20,53,10.3
2008-11-23,67,17.7
2008-11-26,42,7.5
2008-11-29,70,19.4
2008-12-02,56,12.0
2008-12-05,61,14.6
2008-12-08,62,15.2
2008-12-11,58,12.7
2008-12-14,47,8.5
2008-12-17,11,2.0
2008-12-20,87,28.2
2008-12-23,58,12.9
2008-12-26,14,2.5
2008-12-29,66,17.1
2009-01-01,116,41.6
2009-01-04,65,16.8
2009-01-07,66,17.2
2009-01-10,48,8.6
2009-01-13,50,9.0
2009-01-16,54,10.8
2009-01-19,38,6.8
2009-01-23,37,6.7
2009-01-25,38,6.9
2009-01-28,44,7.9
2009-01-31,54,10.8
2009-02-03,39,7.0
2009-02-06,34,6.1
2009-02-09,12,2.2
2009-02-12,51,9.2
2009-02-15,57,12.2
2009-02-18,28,5.0
2009-02-21,49,8.9
2009-02-24,46,8.2
2009-02-27,34,6.2
2009-03-02,51,9.3
2009-03-05,31,5.5
2009-03-08,53,10.3
2009-03-11,37,6.7
2009-03-14,38,6.8
2009-03-17,47,8.5
2009-03-20,51,9.3
2009-03-23,47,8.5
2009-03-26,37,6.7
2009-03-29,46,8.2
2009-04-01,34,6.1
2009-04-04,28,5.1
2009-04-07,33,5.9
2009-04-10,38,6.8
2009-04-13,36,6.4
2009-04-16,32,5.8
2009-04-19,31,5.6
2009-04-22,30,5.4
2009-04-25,31,5.5
2009-04-28,38,6.8
2009-05-01,57,12.5
2009-05-04,51,9.1
2009-05-07,49,8.9
2009-05-10,46,8.2
2009-05-13,51,9.3
2009-05-16,49,8.9
2009-05-19,35,6.3
2009-05-22,40,7.2
2009-05-25,42,7.5
2009-05-28,35,6.3
2009-05-31,24,4.4
2009-06-03,26,4.7
2009-06-06,28,5.1
2009-06-09,23,4.2
2009-06-11,24,4.4
2009-06-12,23,4.2
2009-06-15,32,5.8
2009-06-18,30,5.4
2009-06-21,32,5.8
2009-06-24,39,7.1
2009-06-27,44,8.0
2009-06-30,42,7.5
2009-07-03,36,6.4
2009-07-06,38,6.9
2009-07-09,29,5.2
2009-07-12,32,5.8
2009-07-15,46,8.3
2009-07-18,71,20.0
2009-07-21,46,8.2
2009-07-24,38,6.9
2009-07-27,46,8.2
2009-07-30,48,8.7
2009-08-02,34,6.1
2009-08-05,56,11.7
2009-08-08,34,6.1
2009-08-11,51,9.3
2009-08-13,49,8.9
2009-08-14,36,6.5
2009-08-17,37,6.7
2009-08-20,40,7.2
2009-08-23,28,5.0
2009-08-26,31,5.5
2009-08-29,39,7.0
2009-09-01,32,5.8
2009-09-04,42,7.6
2009-09-07,32,5.7
2009-09-10,23,4.2
2009-09-13,30,5.4
2009-09-16,22,3.9
2009-09-19,31,5.6
2009-09-22,36,6.5
2009-09-25,36,6.5
2009-09-30,31,5.6
2009-10-01,31,5.5
2009-10-04,28,5.0
2009-10-07,33,5.9
2009-10-10,52,9.6
2009-10-13,24,4.3
2009-10-16,38,6.9
2009-10-19,30,5.4
2009-10-22,34,6.2
2009-10-25,31,5.5
2009-10-28,10,1.8
2009-10-31,63,15.8
2009-11-03,56,11.7
2009-11-06,58,12.9
2009-11-09,54,10.7
2009-11-12,51,9.3
2009-11-15,42,7.6
2009-11-18,57,12.4
2009-11-21,66,17.3
2009-11-24,47,8.5
2009-11-27,66,17.1
2009-11-30,51,9.2
2009-12-03,48,8.6
2009-12-06,66,16.9
2009-12-09,66,16.9
2009-12-12,79,24.1
2009-12-17,57,12.2
2009-12-18,68,18.2
2009-12-21,71,19.9
2009-12-24,79,24.0
2009-12-28,45,8.1
2009-12-30,56,11.7
2010-01-02,67,17.7
2010-01-05,52,9.8
2010-01-08,50,9.0
2010-01-11,53,10.3
2010-01-14,26,4.7
2010-01-17,59,13.3
2010-01-20,19,3.5
2010-01-23,33,5.9
2010-01-26,54,10.9
2010-01-29,34,6.1
2010-02-01,52,9.9
2010-02-04,31,5.5
2010-02-07,12,2.2
2010-02-10,32,5.7
2010-02-13,55,11.5
2010-02-16,36,6.4
2010-02-19,23,4.2
2010-02-22,15,2.7
2010-02-25,26,4.7
2010-02-28,9,1.7
2010-03-03,31,5.6
2010-03-06,38,6.8
2010-03-09,21,3.7
2010-03-12,41,7.3
2010-03-15,23,4.2
2010-03-18,39,7.0
2010-03-21,51,9.2
2010-03-24,33,6.0
2010-03-27,19,3.4
2010-03-30,38,6.9
2010-04-02,22,4.0
2010-04-05,36,6.4
2010-04-08,28,5.0
2010-04-11,24,4.4
2010-04-14,47,8.4
2010-04-17,52,9.4
2010-04-20,33,6.0
2010-04-23,12,2.2
2010-04-26,38,6.9
2010-04-29,28,5.1
2010-05-02,19,3.5
2010-05-05,36,6.5
2010-05-08,45,8.1
2010-05-11,27,4.9
2010-05-14,31,5.5
2010-05-17,33,6.0
2010-05-20,33,5.9
2010-05-23,37,6.7
2010-05-26,39,7.1
2010-05-29,23,4.2
2010-06-01,18,3.3
2010-06-04,27,4.8
2010-06-07,29,5.3
2010-06-10,27,4.8
2010-06-13,26,4.6
2010-06-16,29,5.2
2010-06-19,21,3.7
2010-06-22,34,6.1
2010-06-25,18,3.2
2010-06-28,35,6.3
2010-07-01,22,3.9
2010-07-04,43,7.7
2010-07-07,33,6.0
2010-07-10,34,6.1
2010-07-13,33,5.9
2010-07-16,33,6.0
2010-07-19,34,6.1
2010-07-22,29,5.2
2010-07-25,24,4.4
2010-07-28,33,5.9
2010-07-31,28,5.0
2010-08-03,34,6.2
2010-08-06,28,5.1
2010-08-09,26,4.7
2010-08-12,25,4.5
2010-08-15,42,7.6
2010-08-18,33,5.9
2010-08-21,36,6.4
2010-08-24,21,3.7
2010-08-27,23,4.1
2010-08-30,24,4.4
2010-09-02,33,5.9
2010-09-05,33,5.9
2010-09-08,21,3.8
2010-09-11,40,7.2
2010-09-14,38,6.8
2010-09-17,42,7.5
2010-09-20,31,5.5
2010-09-23,32,5.7
2010-09-26,33,6.0
2010-09-29,33,5.9
2010-10-02,32,5.8
2010-10-05,24,4.4
2010-10-08,43,7.7
2010-10-11,38,6.8
2010-10-14,41,7.3
2010-10-17,43,7.8
2010-10-20,23,4.1
2010-10-23,49,8.9
2010-10-26,25,4.5
2010-10-29,47,8.4
2010-11-01,50,9.0
2010-11-04,29,5.2
2010-11-07,46,8.3
2010-11-10,30,5.4
2010-11-13,58,12.8
2010-11-16,40,7.2
2010-11-19,58,12.6
2010-11-22,48,8.6
2010-11-25,31,5.5
2010-11-28,52,9.7
2010-12-01,63,15.5
2010-12-04,64,15.9
2010-12-07,57,12.2
2010-12-15,51,9.3
2010-12-16,47,8.5
2010-12-19,55,11.2
2010-12-22,31,5.5
2010-12-25,71,20.0
2010-12-28,63,15.5
2010-12-31,58,12.7
2011-01-01,157,64.3
2011-01-02,75,22.2
2011-01-03,73,21.0
2011-01-04,70,19.5
2011-01-05,71,20.1
2011-01-06,69,19.0
2011-01-07,66,17.2
2011-01-08,75,21.8
2011-01-09,64,16.1
2011-01-10,68,18.1
2011-01-11,52,9.7
2011-01-12,52,9.6
2011-01-13,55,11.3
2011-01-14,54,10.9
2011-01-15,49,8.9
2011-01-16,64,16.3
2011-01-17,58,12.8
2011-01-18,61,14.5
2011-01-19,58,12.6
2011-01-20,29,5.3
2011-01-21,49,8.9
2011-01-22,62,15.2
2011-01-23,39,7.0
2011-01-24,40,7.2
2011-01-25,39,7.1
2011-01-26,42,7.5
2011-01-27,27,4.9
2011-01-28,55,11.4
2011-01-29,59,13.4
2011-01-30,52,9.8
2011-01-31,28,5.0
2011-02-01,23,4.1
2011-02-02,12,2.1
2011-02-03,30,5.4
2011-02-04,60,14.0
2011-02-05,72,20.2
2011-02-06,83,26.4
2011-02-07,52,9.8
2011-02-08,24,4.3
2011-02-09,12,2.2
2011-02-10,10,1.8
2011-02-11,40,7.2
2011-02-12,51,9.2
2011-02-13,55,11.1
2011-02-14,54,10.7
2011-02-15,48,8.7
2011-02-16,40,7.2
2011-02-17,26,4.7
2011-02-18,31,5.6
2011-02-19,25,4.5
2011-02-20,31,5.6
2011-02-21,49,8.8
2011-02-22,60,14.0
2011-02-23,52,9.7
2011-02-24,43,7.8
2011-02-25,52,9.4
2011-02-26,32,5.8
2011-02-27,27,4.8
2011-02-28,52,9.4
2011-03-01,47,8.5
2011-03-02,55,11.5
2011-03-03,36,6.4
2011-03-04,26,4.6
2011-03-05,21,3.7
2011-03-06,36,6.5
2011-03-07,24,4.3
2011-03-08,25,4.5
2011-03-09,32,5.8
2011-03-10,46,8.2
2011-03-11,49,8.8
2011-03-12,50,9.0
2011-03-13,41,7.3
2011-03-14,42,7.5
2011-03-15,42,7.6
2011-03-16,29,5.2
2011-03-17,34,6.2
2011-03-18,56,11.8
2011-03-19,65,16.4
2011-03-20,64,16.2
2011-03-21,57,12.5
2011-03-22,20,3.6
2011-03-23,38,6.9
2011-03-24,30,5.4
2011-03-25,55,11.3
2011-03-26,30,5.4
2011-03-27,32,5.7
2011-03-28,34,6.1
2011-03-29,29,5.3
2011-03-30,30,5.4
2011-03-31,27,4.8
2011-04-01,32,5.8
2011-04-02,27,4.8
2011-04-03,27,4.9
2011-04-04,22,4.0
2011-04-05,24,4.3
2011-04-06,24,4.3
2011-04-07,28,5.1
2011-04-08,39,7.0
2011-04-09,9,1.7
2011-04-10,29,5.3
2011-04-11,27,4.8
2011-04-12,26,4.7
2011-04-13,29,5.3
2011-04-14,62,15.0
2011-04-15,63,15.8
2011-04-16,55,11.1
2011-04-17,47,8.5
2011-04-18,47,8.4
2011-04-19,23,4.1
2011-04-20,32,5.7
2011-04-21,31,5.6
2011-04-22,28,5.0
2011-04-23,21,3.7
2011-04-24,38,6.8
2011-04-25,38,6.9
2011-04-26,27,4.9
2011-04-27,19,3.4
2011-04-28,27,4.8
2011-04-29,31,5.6
2011-04-30,19,3.5
2011-05-01,7,1.2
2011-05-02,19,3.4
2011-05-03,33,5.9
2011-05-04,49,8.8
2011-05-05,51,9.2
2011-05-06,53,10.3
2011-05-07,48,8.6
2011-05-08,44,8.0
2011-05-09,33,5.9
2011-05-10,43,7.7
2011-05-11,35,6.3
2011-05-12,26,4.6
2011-05-13,34,6.1
2011-05-14,37,6.7
2011-05-15,28,5.0
2011-05-16,42,7.5
2011-05-17,39,7.0
2011-05-18,34,6.2
2011-05-19,62,14.9
2011-05-20,39,7.0
2011-05-21,30,5.4
2011-05-22,41,7.3
2011-05-23,47,8.4
2011-05-24,52,9.6
2011-05-25,54,10.8
2011-05-26,47,8.4
2011-05-27,31,5.5
2011-05-28,45,8.1
2011-05-29,55,11.5
2011-05-30,36,6.5
2011-05-31,52,9.7
2011-06-01,52,9.9
2011-06-02,32,5.7
2011-06-03,36,6.5
2011-06-04,34,6.2
2011-06-05,27,4.8
2011-06-06,37,6.6
2011-06-07,32,5.8
2011-06-08,22,4.0
2011-06-09,49,8.9
2011-06-10,55,11.0
2011-06-11,38,6.9
2011-06-12,41,7.3
2011-06-13,34,6.2
2011-06-14,34,6.2
2011-06-15,44,8.0
2011-06-16,42,7.6
2011-06-17,33,5.9
2011-06-18,39,7.0
2011-06-19,51,9.3
2011-06-20,14,2.5
2011-06-21,42,7.5
2011-06-22,51,9.1
2011-06-23,44,7.9
2011-06-24,55,11.5
2011-06-25,54,10.7
2011-06-26,44,8.0
2011-06-27,52,9.7
2011-06-28,59,13.4
2011-06-29,54,10.7
2011-06-30,47,8.4
2011-07-01,57,12.2
2011-07-02,49,8.9
2011-07-03,96,33.5
2011-07-04,58,13.0
2011-07-05,106,37.7
2011-07-06,58,13.0
2011-07-07,59,13.6
2011-07-08,68,18.3
2011-07-09,54,10.6
2011-07-10,56,11.7
2011-07-11,43,7.7
2011-07-12,44,7.9
2011-07-13,31,5.6
2011-07-14,20,3.6
2011-07-15,46,8.2
2011-07-16,51,9.2
2011-07-17,38,6.9
2011-07-18,75,22.0
2011-07-19,55,11.2
2011-07-20,58,13.0
2011-07-21,56,11.8
2011-07-22,39,7.0
2011-07-23,37,6.6
2011-07-24,41,7.4
2011-07-25,40,7.2
2011-07-26,26,4.6
2011-07-27,15,2.7
2011-07-28,21,3.7
2011-07-29,23,4.1
2011-07-30,35,6.3
2011-07-31,36,6.4
2011-08-01,32,5.7
2011-08-02,33,6.0
2011-08-03,58,12.6
2011-08-04,39,7.0
2011-08-05,59,13.5
2011-08-06,52,9.7
2011-08-07,59,13.6
2011-08-08,54,10.6
2011-08-09,36,6.5
2011-08-10,36,6.4
2011-08-11,58,12.6
2011-08-12,42,7.5
2011-08-13,36,6.4
2011-08-14,37,6.7
2011-08-15,38,6.9
2011-08-16,38,6.8
2011-08-17,,7.071429
2011-08-18,61,14.5
2011-08-19,40,7.2
2011-08-20,52,9.4
2011-08-21,32,5.8
2011-08-22,43,7.8
2011-08-23,46,8.2
2011-08-24,38,6.9
2011-08-25,81,25.2
2011-08-26,52,9.8
2011-08-27,75,21.8
2011-08-28,66,17.3
2011-08-29,63,15.5
2011-08-30,64,16.2
2011-08-31,55,11.1
2011-09-01,54,10.6
2011-09-02,108,18.4
2011-09-03,54,10.8
2011-09-04,47,8.5
2011-09-05,52,9.6
2011-09-06,53,10.2
2011-09-07,41,7.3
2011-09-08,38,6.9
2011-09-09,58,12.9
2011-09-10,47,8.5
2011-09-11,83,26.3
2011-09-12,73,20.9
2011-09-13,42,7.5
2011-09-14,55,11.3
2011-09-15,42,7.6
2011-09-16,54,10.5
2011-09-17,54,10.5
2011-09-18,44,7.9
2011-09-19,55,11.5
2011-09-20,37,6.6
2011-09-21,36,6.5
2011-09-22,45,8.1
2011-09-23,46,8.3
2011-09-24,41,7.4
2011-09-25,41,7.4
2011-09-26,29,5.3
2011-09-27,53,10.4
2011-09-28,45,8.1
2011-09-29,52,9.5
2011-09-30,48,8.6
2011-10-01,45,8.1
2011-10-02,44,8.0
2011-10-03,32,5.8
2011-10-04,40,7.2
2011-10-05,43,7.7
2011-10-06,22,3.9
2011-10-07,31,5.5
2011-10-08,32,5.7
2011-10-09,40,7.2
2011-10-10,39,7.1
2011-10-11,47,8.4
2011-10-12,40,7.2
2011-10-13,47,8.5
2011-10-14,52,9.5
2011-10-15,57,12.2
2011-10-16,54,10.8
2011-10-17,49,8.8
2011-10-18,41,7.4
2011-10-19,52,9.6
2011-10-20,52,9.9
2011-10-21,52,9.7
2011-10-22,57,12.4
2011-10-23,55,11.1
2011-10-24,55,11.2
2011-10-25,53,10.0
2011-10-26,51,9.1
2011-10-27,31,5.5
2011-10-28,50,9.0
2011-10-29,58,12.6
2011-10-30,54,10.9
2011-10-31,55,11.0
2011-11-01,52,9.9
2011-11-02,24,4.4
2011-11-03,53,10.3
2011-11-04,77,23.3
2011-11-05,29,5.3
2011-11-06,58,13.0
2011-11-07,35,6.3
2011-11-08,41,7.4
2011-11-09,53,10.0
2011-11-10,,5.647059
2011-11-11,52,9.4
2011-11-12,46,8.2
2011-11-13,34,6.2
2011-11-14,41,7.4
2011-11-15,47,8.4
2011-11-16,55,11.3
2011-11-17,57,12.4
2011-11-18,52,9.7
2011-11-19,54,10.5
2011-11-20,58,12.7
2011-11-21,36,6.5
2011-11-22,52,9.7
2011-11-23,55,11.5
2011-11-24,50,9.0
2011-11-25,32,5.8
2011-11-26,50,9.0
2011-11-27,36,6.5
2011-11-28,54,10.8
2011-11-29,58,12.9
2011-11-30,51,9.2
2011-12-01,27,4.9
2011-12-02,36,6.5
2011-12-03,29,5.3
2011-12-04,53,10.3
2011-12-05,43,7.8
2011-12-06,61,14.2
2011-12-07,61,14.2
2011-12-08,74,21.5
2011-12-09,75,21.8
2011-12-10,73,20.9
2011-12-11,77,23.0
2011-12-12,41,7.3
2011-12-13,4,0.8
2011-12-14,34,6.2
2011-12-15,66,17.1
2011-12-16,43,7.8
2011-12-17,24,4.4
2011-12-18,21,3.7
2011-12-19,37,6.7
2011-12-20,63,15.7
2011-12-21,57,12.4
2011-12-22,55,11.2
2011-12-23,33,6.0
2011-12-24,87,28.2
2011-12-25,99,35.0
2011-12-26,62,15.2
2011-12-27,76,22.7
2011-12-28,76,22.4
2011-12-29,75,21.8
2011-12-30,66,17.2
2011-12-31,86,27.8
2012-01-01,142,52.0
2012-01-02,39,7.0
2012-01-03,52,9.5
2012-01-04,56,11.9
2012-01-05,53,10.0
2012-01-06,59,13.5
2012-01-07,56,11.7
2012-01-08,20,3.6
2012-01-09,53,10.2
2012-01-10,53,10.4
2012-01-11,65,16.8
2012-01-12,63,15.5
2012-01-13,54,10.9
2012-01-14,61,14.6
2012-01-15,62,14.8
2012-01-16,25,4.5
2012-01-17,48,8.6
2012-01-18,57,12.4
2012-01-19,57,12.1
2012-01-20,62,15.0
2012-01-21,52,9.9
2012-01-22,68,18.1
2012-01-23,57,12.2
2012-01-24,23,4.2
2012-01-25,31,5.6
2012-01-26,58,13.0
2012-01-27,58,12.9
2012-01-28,29,5.2
2012-01-29,51,9.3
2012-01-30,53,10.4
2012-01-31,43,7.7
2012-02-01,52,9.7
2012-02-02,40,7.2
2012-02-03,30,5.4
2012-02-04,58,12.9
2012-02-05,61,14.7
2012-02-06,59,13.5
2012-02-07,52,9.6
2012-02-08,43,7.8
2012-02-09,53,10.0
2012-02-10,52,9.6
2012-02-11,31,5.6
2012-02-12,25,4.5
2012-02-13,22,4.0
2012-02-14,23,4.2
2012-02-15,23,4.2
2012-02-16,39,7.0
2012-02-17,23,4.1
2012-02-18,40,7.2
2012-02-19,31,5.5
2012-02-20,54,10.7
2012-02-21,48,8.7
2012-02-22,52,9.7
2012-02-23,32,5.8
2012-02-24,43,7.7
2012-02-25,53,10.3
2012-02-26,49,8.9
2012-02-27,41,7.4
2012-02-28,39,7.1
2012-02-29,42,7.6
2012-03-01,40,7.2
2012-03-02,9,1.7
2012-03-03,17,3.0
2012-03-04,54,10.9
2012-03-05,46,8.3
2012-03-06,31,5.5
2012-03-07,47,8.5
2012-03-08,27,4.9
2012-03-09,26,4.6
2012-03-10,36,6.4
2012-03-11,34,6.2
2012-03-12,39,7.1
2012-03-13,44,7.9
2012-03-14,33,6.0
2012-03-15,33,5.9
2012-03-16,52,9.5
2012-03-17,23,4.2
2012-03-18,4,0.8
2012-03-19,26,4.7
2012-03-20,26,4.7
2012-03-21,34,6.1
2012-03-22,36,6.4
2012-03-23,21,3.7
2012-03-24,34,6.1
2012-03-25,34,6.2
2012-03-26,15,2.7
2012-03-27,43,7.8
2012-03-28,57,12.2
2012-03-29,52,9.6
2012-03-30,39,7.0
2012-03-31,42,7.6
2012-04-01,42,7.5
2012-04-02,0,-0.1
2012-04-03,26,4.7
2012-04-04,22,4.0
2012-04-05,21,3.8
2012-04-06,52,9.9
2012-04-07,58,13.0
2012-04-08,56,11.6
2012-04-09,53,10.4
2012-04-10,33,6.0
2012-04-11,23,4.1
2012-04-12,26,4.6
2012-04-13,39,7.0
2012-04-14,13,2.3
2012-04-15,29,5.2
2012-04-16,30,5.4
2012-04-17,41,7.3
2012-04-18,46,8.2
2012-04-19,37,6.7
2012-04-20,31,5.5
2012-04-21,48,8.7
2012-04-22,41,7.4
2012-04-23,42,7.6
2012-04-24,27,4.9
2012-04-25,30,5.4
2012-04-26,22,4.0
2012-04-27,32,5.7
2012-04-28,40,7.2
2012-04-29,43,7.7
2012-04-30,46,8.2
2012-05-01,32,5.7
2012-05-02,37,6.6
2012-05-03,37,6.7
2012-05-04,33,6.0
2012-05-05,37,6.7
2012-05-06,49,8.8
2012-05-07,28,5.1
2012-05-08,31,5.6
2012-05-09,42,7.6
2012-05-10,46,8.3
2012-05-11,46,8.2
2012-05-12,47,8.4
2012-05-13,44,7.9
2012-05-14,69,19.0
2012-05-15,58,12.6
2012-05-16,31,5.5
2012-05-17,39,7.0
2012-05-18,42,7.5
2012-05-19,52,9.4
2012-05-20,55,11.0
2012-05-21,54,10.8
2012-05-22,,13.6
2012-05-23,,9.642857
2012-05-24,62,15.0
2012-05-25,51,9.3
2012-05-26,42,7.5
2012-05-27,29,5.3
2012-05-28,26,4.7
2012-05-29,17,3.0
2012-05-30,38,6.8
2012-05-31,31,5.6
2012-06-01,44,8.0
2012-06-02,55,11.1
2012-06-03,36,6.4
2012-06-04,27,4.9
2012-06-05,27,4.9
2012-06-06,34,6.2
2012-06-07,29,5.3
2012-06-08,33,6.0
2012-06-09,12,2.2
2012-06-10,21,3.8
2012-06-11,31,5.5
2012-06-12,28,5.1
2012-06-13,25,4.5
2012-06-14,32,5.8
2012-06-15,25,4.5
2012-06-16,58,12.9
2012-06-17,52,9.5
2012-06-18,47,8.5
2012-06-19,42,7.5
2012-06-20,84,27.0
2012-06-21,30,5.4
2012-06-22,24,4.3
2012-06-23,54,10.6
2012-06-24,31,5.5
2012-06-25,22,4.0
2012-06-26,55,11.2
2012-06-27,109,8.1
2012-06-28,52,9.6
2012-06-29,42,7.5
2012-06-30,36,6.5
2012-07-01,30,5.4
2012-07-02,41,7.4
2012-07-03,55,11.1
2012-07-04,46,8.2
2012-07-05,51,9.2
2012-07-06,19,3.5
2012-07-07,6,1.1
2012-07-08,22,4.0
2012-07-09,18,3.3
2012-07-10,35,6.3
2012-07-11,38,6.9
2012-07-12,40,7.2
2012-07-13,25,4.5
2012-07-14,28,5.0
2012-07-15,43,7.8
2012-07-16,26,4.7
2012-07-17,32,5.8
2012-07-18,18,3.3
2012-07-19,28,5.0
2012-07-20,36,6.5
2012-07-21,22,4.0
2012-07-22,27,4.8
2012-07-23,29,5.3
2012-07-24,15,2.7
2012-07-25,17,3.0
2012-07-26,31,5.5
2012-07-27,23,4.1
2012-07-28,26,4.7
2012-07-29,34,6.2
2012-07-30,23,4.1
2012-07-31,26,4.6
2012-08-01,31,5.5
2012-08-02,32,5.8
2012-08-03,30,5.4
2012-08-04,41,7.3
2012-08-05,34,6.1
2012-08-06,57,12.2
2012-08-07,42,7.5
2012-08-08,31,5.5
2012-08-09,37,6.6
2012-08-10,39,7.0
2012-08-11,56,11.9
2012-08-12,43,7.7
2012-08-13,55,11.1
2012-08-14,64,15.9
2012-08-15,67,17.9
2012-08-16,47,8.5
2012-08-17,22,4.0
2012-08-18,13,2.4
2012-08-19,31,5.6
2012-08-20,42,7.5
2012-08-21,33,6.0
2012-08-22,40,7.2
2012-08-23,14,2.5
2012-08-24,22,3.9
2012-08-25,26,4.6
2012-08-26,7,1.2
2012-08-27,26,4.7
2012-08-28,43,7.7
2012-08-29,41,7.3
2012-08-30,39,7.1
2012-08-31,52,9.7
2012-09-01,31,5.6
2012-09-02,33,6.0
2012-09-03,48,8.7
2012-09-04,43,7.7
2012-09-05,34,6.1
2012-09-06,43,7.7
2012-09-07,29,5.2
2012-09-08,29,5.3
2012-09-09,46,8.2
2012-09-10,51,9.2
2012-09-11,17,3.0
2012-09-12,29,5.2
2012-09-13,11,2.0
2012-09-14,22,3.9
2012-09-15,47,8.4
2012-09-16,42,7.6
2012-09-17,30,5.4
2012-09-18,44,7.9
2012-09-19,40,7.2
2012-09-20,41,7.4
2012-09-21,61,14.3
2012-09-22,33,5.9
2012-09-23,39,7.0
2012-09-24,48,8.7
2012-09-25,38,6.8
2012-09-26,39,7.1
2012-09-27,52,9.4
2012-09-28,41,7.3
2012-09-29,29,5.2
2012-09-30,43,7.7
2012-10-01,26,4.7
2012-10-02,28,5.1
2012-10-03,51,9.3
2012-10-04,39,7.1
2012-10-05,33,6.0
2012-10-06,50,9.0
2012-10-07,38,6.8
2012-10-08,32,5.8
2012-10-09,46,8.2
2012-10-10,37,6.7
2012-10-11,30,5.4
2012-10-12,15,2.7
2012-10-13,26,4.7
2012-10-14,31,5.5
2012-10-15,43,7.7
2012-10-16,34,6.1
2012-10-17,28,5.0
2012-10-18,46,8.2
2012-10-19,35,6.3
2012-10-20,39,7.0
2012-10-21,28,5.0
2012-10-22,19,3.4
2012-10-23,29,5.2
2012-10-24,36,6.5
2012-10-25,32,5.7
2012-10-26,7,1.3
2012-10-27,50,9.0
2012-10-28,57,12.2
2012-10-29,50,9.0
2012-10-30,60,14.1
2012-10-31,52,9.5
2012-11-01,53,10.1
2012-11-02,54,10.6
2012-11-03,58,12.9
2012-11-04,54,10.5
2012-11-05,53,10.2
2012-11-06,43,7.8
2012-11-07,47,8.5
2012-11-08,44,8.0
2012-11-09,25,4.5
2012-11-10,8,1.4
2012-11-11,57,12.2
2012-11-12,30,5.4
2012-11-13,51,9.2
2012-11-14,56,11.7
2012-11-15,52,9.7
2012-11-16,61,14.2
2012-11-17,68,18.0
2012-11-18,55,11.2
2012-11-19,47,8.4
2012-11-20,52,9.6
2012-11-21,54,10.6
2012-11-22,67,17.5
2012-11-23,65,16.5
2012-11-24,55,11.2
2012-11-25,62,15.2
2012-11-26,59,13.6
2012-11-27,56,11.8
2012-11-28,55,11.2
2012-11-29,56,12.0
2012-11-30,54,10.5
2012-12-01,63,15.3
2012-12-02,58,13.1
2012-12-03,46,8.3
2012-12-04,49,8.9
2012-12-05,54,10.8
2012-12-06,52,9.9
2012-12-07,63,15.7
2012-12-08,63,15.5
2012-12-09,59,13.4
2012-12-10,18,3.3
2012-12-11,55,11.0
2012-12-12,48,8.7
2012-12-13,29,5.2
2012-12-14,13,2.3
2012-12-15,20,3.6
2012-12-16,57,12.1
2012-12-17,66,17.4
2012-12-18,60,13.7
2012-12-19,27,4.8
2012-12-20,24,4.3
2012-12-21,47,8.5
2012-12-22,71,19.8
2012-12-23,88,28.8
2012-12-24,81,25.2
2012-12-25,48,8.6
2012-12-26,62,15.1
2012-12-27,55,11.4
2012-12-28,65,16.5
2012-12-29,61,14.6
2012-12-30,71,19.7
2012-12-31,61,14.7
2013-01-01,113,40.5
2013-01-02,37,6.6
2013-01-03,20,3.6
2013-01-04,46,8.2
2013-01-05,74,21.6
2013-01-06,67,17.5
2013-01-07,60,14.0
2013-01-08,66,16.9
2013-01-09,55,11.4
2013-01-10,46,8.3
2013-01-11,22,3.9
2013-01-12,55,11.5
2013-01-13,66,16.9
2013-01-14,45,8.1
2013-01-15,47,8.5
2013-01-16,67,17.8
2013-01-17,46,8.2
2013-01-18,43,7.8
2013-01-19,69,18.6
2013-01-20,72,20.2
2013-01-21,59,13.5
2013-01-22,54,10.5
2013-01-23,47,8.4
2013-01-24,54,10.9
2013-01-25,52,9.4
2013-01-26,23,4.2
2013-01-27,21,3.7
2013-01-28,13,2.4
2013-01-29,11,1.9
2013-01-30,52,9.4
2013-01-31,54,10.8
2013-02-01,58,12.9
2013-02-02,65,16.5
2013-02-03,68,18.0
2013-02-04,52,9.9
2013-02-05,,8.555556
2013-02-06,39,7.0
2013-02-09,15,2.7
2013-02-12,44,8.0
2013-02-15,25,4.5
2013-02-18,36,6.5
2013-02-21,29,5.2
2013-02-24,16,2.9
2013-02-27,21,3.7
2013-02-28,32,5.7
2013-03-01,43,7.7
2013-03-02,54,10.8
2013-03-03,51,9.1
2013-03-04,32,5.8
2013-03-05,38,6.9
2013-03-06,27,4.9
2013-03-07,23,4.2
2013-03-08,19,3.5
2013-03-09,16,2.9
2013-03-10,51,9.3
2013-03-11,46,8.2
2013-03-12,31,5.6
2013-03-13,33,5.9
2013-03-14,38,6.9
2013-03-15,38,6.9
2013-03-16,24,4.3
2013-03-17,37,6.7
2013-03-18,32,5.7
2013-03-19,37,6.6
2013-03-20,49,8.9
2013-03-21,33,6.0
2013-03-22,31,5.5
2013-03-23,54,10.8
2013-03-24,39,7.0
2013-03-25,36,6.4
2013-03-26,39,7.1
2013-03-27,26,4.7
2013-03-28,28,5.1
2013-03-29,52,9.5
2013-03-30,38,6.9
2013-03-31,21,3.7
2013-04-01,26,4.6
2013-04-02,0,-0.1
2013-04-03,16,2.9
2013-04-04,38,6.8
2013-04-05,27,4.9
2013-04-06,23,4.2
2013-04-07,46,8.3
2013-04-08,64,16.3
2013-04-09,15,2.7
2013-04-10,22,4.0
2013-04-11,16,2.8
2013-04-12,28,5.1
2013-04-13,32,5.8
2013-04-14,19,3.5
2013-04-15,28,5.0
2013-04-16,33,6.0
2013-04-17,16,2.9
2013-04-18,0,0.0
2013-04-19,33,6.0
2013-04-20,21,3.7
2013-04-21,44,8.0
2013-04-22,41,7.3
2013-04-23,18,3.3
2013-04-24,33,5.9
2013-04-25,41,7.4
2013-04-26,32,5.8
2013-04-27,33,5.9
2013-04-28,51,9.1
2013-04-29,41,7.4
2013-04-30,32,5.8
2013-05-01,48,8.6
2013-05-02,28,5.1
2013-05-03,59,13.5
2013-05-04,60,13.7
2013-05-05,53,10.0
2013-05-06,46,8.2
2013-05-07,37,6.7
2013-05-08,36,6.5
2013-05-09,25,4.5
2013-05-10,37,6.6
2013-05-11,18,3.2
2013-05-12,31,5.6
2013-05-13,39,7.0
2013-05-14,39,7.0
2013-05-15,40,7.2
2013-05-16,38,6.8
2013-05-17,19,3.5
2013-05-18,29,5.2
2013-05-19,39,7.1
2013-05-20,19,3.4
2013-05-21,17,3.0
2013-05-22,49,8.8
2013-05-23,44,7.9
2013-05-24,29,5.3
2013-05-25,42,7.5
2013-05-26,24,4.3
2013-05-27,38,6.9
2013-05-28,51,9.1
2013-05-29,42,7.6
2013-05-30,37,6.7
2013-05-31,48,8.6
2013-06-01,48,8.7
2013-06-02,42,7.6
2013-06-03,28,5.1
2013-06-04,14,2.6
2013-06-05,22,4.0
2013-06-06,46,8.2
2013-06-07,33,5.9
2013-06-08,34,6.2
2013-06-09,33,5.9
2013-06-10,21,3.7
2013-06-11,31,5.6
2013-06-12,49,8.9
2013-06-13,37,6.6
2013-06-14,42,7.5
2013-06-15,46,8.2
2013-06-16,19,3.5
2013-06-17,30,5.4
2013-06-18,39,7.0
2013-06-19,28,5.0
2013-06-20,27,4.8
2013-06-21,33,6.0
2013-06-22,24,4.4
2013-06-23,16,2.9
2013-06-24,32,5.7
2013-06-25,29,5.3
2013-06-26,11,2.0
2013-06-27,32,5.8
2013-06-28,41,7.4
2013-06-29,53,10.1
2013-06-30,88,29.2
2013-07-01,53,10.4
2013-07-02,57,12.5
2013-07-03,39,7.1
2013-07-04,43,7.7
2013-07-05,42,7.5
2013-07-06,50,9.0
2013-07-07,55,11.4
2013-07-08,32,5.7
2013-07-09,53,10.1
2013-07-10,54,10.5
2013-07-11,31,5.6
2013-07-12,46,8.2
2013-07-13,48,8.7
2013-07-14,37,6.6
2013-07-15,33,6.0
2013-07-16,49,8.8
2013-07-17,37,6.6
2013-07-18,22,4.0
2013-07-19,18,3.2
2013-07-20,27,4.8
2013-07-21,29,5.2
2013-07-22,47,8.5
2013-07-23,37,6.6
2013-07-24,39,7.1
2013-07-25,44,8.0
2013-07-26,29,5.3
2013-07-27,36,6.4
2013-07-28,19,3.5
2013-07-29,8,1.5
2013-07-30,28,5.0
2013-07-31,36,6.5
2013-08-01,29,5.3
2013-08-02,34,6.2
2013-08-03,28,5.0
2013-08-04,28,5.1
2013-08-05,44,8.0
2013-08-06,41,7.3
2013-08-07,39,7.0
2013-08-08,44,7.9
2013-08-09,34,6.2
2013-08-10,14,2.6
2013-08-11,31,5.5
2013-08-12,29,5.3
2013-08-13,19,3.5
2013-08-14,43,7.7
2013-08-15,36,6.5
2013-08-16,36,6.5
2013-08-17,44,8.0
2013-08-18,23,4.2
2013-08-19,34,6.2
2013-08-20,49,8.9
2013-08-21,32,5.7
2013-08-22,27,4.8
2013-08-23,36,6.4
2013-08-24,30,5.4
2013-08-25,17,3.0
2013-08-26,65,16.5
2013-08-27,49,8.8
2013-08-28,19,3.5
2013-08-29,24,4.4
2013-08-30,6,1.1
2013-08-31,16,2.8
2013-09-01,27,4.9
2013-09-02,37,6.7
2013-09-03,34,6.1
2013-09-04,38,6.8
2013-09-05,44,8.0
2013-09-06,53,10.0
2013-09-07,29,5.2
2013-09-08,18,3.2
2013-09-09,22,3.9
2013-09-10,18,3.2
2013-09-11,16,2.8
2013-09-12,18,3.2
2013-09-13,32,5.7
2013-09-14,3,0.6
2013-09-15,16,2.8
2013-09-16,28,5.0
2013-09-17,9,1.6
2013-09-18,7,1.2
2013-09-19,38,6.9
2013-09-20,,4.75
2013-09-22,30,5.4
2013-09-24,,5.083333
2013-09-25,32,5.7
2013-09-26,6,1.0
2013-09-27,13,2.4
2013-09-28,30,5.4
2013-09-29,29,5.2
2013-09-30,32,5.7
2013-10-01,34,6.2
2013-10-02,32,5.7
2013-10-03,21,3.7
2013-10-04,22,3.9
2013-10-05,6,1.1
2013-10-06,6,1.1
2013-10-07,42,7.5
2013-10-08,19,3.4
2013-10-09,,1.923077
2013-10-10,26,4.7
2013-10-11,30,5.4
2013-10-12,52,9.7
2013-10-13,40,7.2
2013-10-14,33,6.0
2013-10-15,28,5.0
2013-10-16,36,6.4
2013-10-17,36,6.5
2013-10-18,40,7.2
2013-10-19,53,10.2
2013-10-20,37,6.6
2013-10-21,38,6.8
2013-10-22,34,6.1
2013-10-23,41,7.4
2013-10-24,36,6.5
2013-10-25,53,10.2
2013-10-26,51,9.3
2013-10-27,33,6.0
2013-10-28,27,4.8
2013-10-29,23,4.1
2013-10-30,12,2.2
2013-10-31,50,9.0
2013-11-01,53,10.0
2013-11-02,33,6.0
2013-11-03,46,8.2
2013-11-04,20,3.6
2013-11-05,27,4.9
2013-11-06,32,5.8
2013-11-07,34,6.2
2013-11-08,51,9.1
2013-11-09,59,13.6
2013-11-10,,23.714286
2013-11-12,34,6.2
2013-11-13,11,1.9
2013-11-14,41,7.3
2013-11-15,53,10.1
2013-11-16,44,8.0
2013-11-17,52,9.5
2013-11-18,56,11.7
2013-11-19,41,7.4
2013-11-20,48,8.7
2013-11-21,52,9.7
2013-11-22,19,3.4
2013-11-23,9,1.6
2013-11-24,14,2.5
2013-11-25,58,12.6
2013-11-26,50,9.0
2013-11-27,11,1.9
2013-11-28,58,12.7
2013-11-29,74,21.5
2013-11-30,78,23.5
2013-12-01,89,29.5
2013-12-02,61,14.3
2013-12-03,52,9.7
2013-12-04,18,3.2
2013-12-05,13,2.4
2013-12-06,61,14.2
2013-12-07,65,16.6
2013-12-08,17,3.0
2013-12-09,27,4.9
2013-12-10,52,9.6
2013-12-11,62,15.2
2013-12-12,52,9.4
2013-12-13,57,12.3
2013-12-14,76,22.5
2013-12-15,58,12.8
2013-12-16,70,19.5
2013-12-17,57,12.1
2013-12-18,56,12.0
2013-12-19,41,7.4
2013-12-20,17,3.0
2013-12-21,46,8.3
2013-12-22,73,20.8
2013-12-23,67,17.6
2013-12-24,63,15.7
2013-12-25,72,20.5
2013-12-26,26,4.6
2013-12-27,57,12.2
2013-12-28,62,14.8
2013-12-29,65,16.8
2013-12-30,57,12.4
2013-12-31,86,27.8
2014-01-01,157,63.4
2014-01-02,62,14.8
2014-01-03,56,12.0
2014-01-04,63,15.6
2014-01-05,79,23.9
2014-01-06,41,7.4
2014-01-07,48,8.6
2014-01-08,61,14.4
2014-01-09,61,14.7
2014-01-10,74,21.2
2014-01-11,78,23.5
2014-01-12,74,21.7
2014-01-13,65,16.4
2014-01-14,55,11.4
2014-01-15,55,11.5
2014-01-16,55,11.0
2014-01-17,55,11.2
2014-01-18,56,11.8
2014-01-19,64,16.1
2014-01-20,64,16.0
2014-01-21,52,9.7
2014-01-22,55,11.0
2014-01-23,55,11.0
2014-01-24,22,4.0
2014-01-25,54,10.5
2014-01-26,58,13.0
2014-01-27,42,7.6
2014-01-28,52,9.8
2014-01-29,53,10.2
2014-01-30,37,6.6
2014-01-31,37,6.6
2014-02-01,28,5.1
2014-02-02,33,6.0
2014-02-03,52,9.6
2014-02-04,33,6.0
2014-02-05,55,11.1
2014-02-06,36,6.4
2014-02-07,51,9.1
2014-02-08,56,11.8
2014-02-09,55,11.2
2014-02-10,43,7.7
2014-02-11,35,6.3
2014-02-12,42,7.5
2014-02-13,45,8.1
2014-02-14,54,10.7
2014-02-15,56,11.9
2014-02-16,56,11.8
2014-02-17,53,10.0
2014-02-18,39,7.0
2014-02-19,42,7.6
2014-02-20,36,6.4
2014-02-21,47,8.4
2014-02-22,55,11.5
2014-02-23,61,14.6
2014-02-24,55,11.2
2014-02-25,54,10.5
2014-02-26,52,9.5
2014-02-27,34,6.2
2014-02-28,24,4.3
2014-03-01,4,0.8
2014-03-02,22,3.9
2014-03-03,40,7.2
2014-03-04,39,7.0
2014-03-05,33,5.9
2014-03-06,46,8.3
2014-03-07,36,6.5
2014-03-08,14,2.5
2014-03-09,17,3.0
2014-03-10,18,3.2
2014-03-11,29,5.3
2014-03-12,31,5.6
2014-03-13,56,11.6
2014-03-14,27,4.9
2014-03-15,31,5.5
2014-03-16,15,2.7
2014-03-17,21,3.7
2014-03-18,32,5.7
2014-03-19,31,5.6
2014-03-20,40,7.2
2014-03-21,47,8.4
2014-03-22,48,8.6
2014-03-23,51,9.3
2014-03-24,48,8.7
2014-03-25,39,7.0
2014-03-26,46,8.2
2014-03-27,57,12.5
2014-03-28,49,8.8
2014-03-29,53,10.1
2014-03-30,52,9.6
2014-03-31,37,6.7
2014-04-01,25,4.5
2014-04-02,31,5.6
2014-04-03,21,3.8
2014-04-04,19,3.5
2014-04-05,28,5.1
2014-04-06,19,3.4
2014-04-07,24,4.4
2014-04-08,42,7.5
2014-04-09,30,5.4
2014-04-10,31,5.5
2014-04-11,30,5.4
2014-04-12,24,4.4
2014-04-13,26,4.7
2014-04-14,26,4.7
2014-04-15,23,4.2
2014-04-16,37,6.7
2014-04-17,39,7.0
2014-04-18,28,5.0
2014-04-19,32,5.7
2014-04-20,33,6.0
2014-04-21,41,7.4
2014-04-22,22,4.0
2014-04-23,55,11.2
2014-04-24,29,5.2
2014-04-25,28,5.1
2014-04-26,47,8.5
2014-04-27,60,14.1
2014-04-28,18,3.2
2014-04-29,18,3.3
2014-04-30,0,-0.2
2014-05-01,32,5.8
2014-05-02,36,6.5
2014-05-03,33,6.0
2014-05-04,23,4.2
2014-05-05,47,8.5
2014-05-06,51,9.3
2014-05-07,53,10.0
2014-05-08,43,7.8
2014-05-09,44,7.9
2014-05-10,32,5.8
2014-05-11,89,29.5
2014-05-12,14,2.5
2014-05-13,3,0.5
2014-05-14,36,6.5
2014-05-15,31,5.6
2014-05-16,29,5.2
2014-05-17,30,5.4
2014-05-18,19,3.5
2014-05-19,24,4.4
2014-05-20,50,9.0
2014-05-21,45,8.1
2014-05-22,23,4.2
2014-05-23,36,6.4
2014-05-24,23,4.2
2014-05-25,21,3.7
2014-05-26,46,8.3
2014-05-27,40,7.2
2014-05-28,22,3.9
2014-05-29,38,6.9
2014-05-30,26,4.7
2014-05-31,29,5.3
2014-06-01,32,5.7
2014-06-02,18,3.2
2014-06-03,60,13.8
2014-06-04,37,6.7
2014-06-05,31,5.6
2014-06-06,30,5.4
2014-06-07,48,8.7
2014-06-08,40,7.2
2014-06-09,48,8.6
2014-06-10,58,13.0
2014-06-11,37,6.6
2014-06-12,32,5.7
2014-06-13,41,7.3
2014-06-14,33,5.9
2014-06-15,32,5.7
2014-06-16,35,6.3
2014-06-17,31,5.5
2014-06-18,39,7.1
2014-06-19,37,6.6
2014-06-20,33,6.0
2014-06-21,18,3.3
2014-06-22,26,4.6
2014-06-23,15,2.7
2014-06-24,25,4.5
2014-06-25,33,5.9
2014-06-26,13,2.4
2014-06-27,29,5.3
2014-06-28,38,6.8
2014-06-29,22,4.0
2014-06-30,19,3.4
2014-07-01,28,5.0
2014-07-02,0,-0.4
2014-07-03,40,7.2
2014-07-04,67,17.6
2014-07-05,32,5.8
2014-07-06,15,2.7
2014-07-07,33,6.0
2014-07-08,22,4.0
2014-07-09,57,12.2
2014-07-10,26,4.6
2014-07-11,18,3.2
2014-07-12,21,3.8
2014-07-13,41,7.3
2014-07-14,32,5.7
2014-07-15,37,6.6
2014-07-16,27,4.9
2014-07-17,16,2.8
2014-07-18,6,1.0
2014-07-19,21,3.8
2014-07-20,0,-0.6
2014-07-21,9,1.6
2014-07-22,35,6.3
2014-07-23,22,3.9
2014-07-24,26,4.7
2014-07-25,60,14.0
2014-07-26,33,6.0
2014-07-27,35,6.3
2014-07-28,25,4.5
2014-07-29,17,3.1
2014-07-30,29,5.3
2014-07-31,42,7.5
2014-08-01,29,5.2
2014-08-02,15,2.7
2014-08-03,30,5.4
2014-08-04,21,3.8
2014-08-05,22,4.0
2014-08-06,41,7.3
2014-08-07,18,3.3
2014-08-08,21,3.7
2014-08-09,28,5.1
2014-08-10,30,5.4
2014-08-11,23,4.1
2014-08-12,34,6.2
2014-08-13,28,5.0
2014-08-14,28,5.1
2014-08-15,33,5.9
2014-08-16,17,3.1
2014-08-17,29,5.3
2014-08-18,26,4.7
2014-08-19,12,2.2
2014-08-20,18,3.3
2014-08-21,23,4.2
2014-08-22,21,3.8
2014-08-23,11,2.0
2014-08-24,24,4.4
2014-08-25,16,2.9
2014-08-26,4,0.7
2014-08-27,25,4.5
2014-08-28,1,0.2
2014-08-29,17,3.1
2014-08-30,42,7.5
2014-08-31,15,2.7
2014-09-01,14,2.5
2014-09-02,36,6.5
2014-09-03,26,4.6
2014-09-04,33,5.9
2014-09-05,43,7.8
2014-09-06,46,8.3
2014-09-07,0,0.0
2014-09-08,17,3.0
2014-09-09,8,1.4
2014-09-10,19,3.4
2014-09-11,46,8.2
2014-09-12,41,7.3
2014-09-13,8,1.4
2014-09-14,20,3.6
2014-09-15,0,-1.5
2014-09-16,0,-0.4
2014-09-17,16,2.9
2014-09-18,0,-0.4
2014-09-19,12,2.2
2014-09-20,39,7.0
2014-09-21,21,3.7
2014-09-22,15,2.7
2014-09-23,34,6.2
2014-09-24,16,2.9
2014-09-25,36,6.4
2014-09-26,40,7.2
2014-09-27,9,1.7
2014-09-28,22,3.9
2014-09-29,39,7.1
2014-09-30,29,5.2
2014-10-01,25,4.5
2014-10-02,37,6.7
2014-10-03,33,5.9
2014-10-04,39,7.0
2014-10-05,46,8.3
2014-10-06,37,6.6
2014-10-07,33,6.0
2014-10-08,24,4.4
2014-10-09,17,3.1
2014-10-10,37,6.7
2014-10-11,53,10.4
2014-10-12,32,5.7
2014-10-13,12,2.1
2014-10-14,39,7.0
2014-10-15,30,5.4
2014-10-16,41,7.4
2014-10-17,53,10.4
2014-10-18,52,9.7
2014-10-19,34,6.2
2014-10-20,26,4.7
2014-10-21,25,4.5
2014-10-22,38,6.9
2014-10-23,41,7.4
2014-10-24,36,6.5
2014-10-25,52,9.6
2014-10-26,50,9.0
2014-10-27,24,4.3
2014-10-28,38,6.8
2014-10-29,48,8.6
2014-10-30,28,5.0
2014-10-31,38,6.8
2014-11-01,44,7.9
2014-11-02,13,2.3
2014-11-03,12,2.2
2014-11-04,19,3.5
2014-11-05,9,1.7
2014-11-06,17,3.0
2014-11-07,51,9.3
2014-11-08,38,6.8
2014-11-09,32,5.7
2014-11-10,48,8.7
2014-11-11,22,3.9
2014-11-12,34,6.2
2014-11-13,39,7.0
2014-11-14,34,6.1
2014-11-15,54,10.5
2014-11-16,19,3.4
2014-11-17,22,3.9
2014-11-18,32,5.7
2014-11-19,55,11.4
2014-11-20,54,10.7
2014-11-21,43,7.7
2014-11-22,69,19.0
2014-11-23,66,17.1
2014-11-24,38,6.8
2014-11-25,46,8.2
2014-11-26,57,12.4
2014-11-27,71,20.1
2014-11-28,71,20.1
2014-11-29,59,13.2
2014-11-30,38,6.9
2014-12-01,58,12.6
2014-12-02,64,16.0
2014-12-03,33,6.0
2014-12-04,48,8.7
2014-12-05,55,11.0
2014-12-06,82,25.8
2014-12-07,74,21.3
2014-12-08,56,12.0
2014-12-09,57,12.1
2014-12-10,56,12.0
2014-12-11,68,18.4
2014-12-12,42,7.5
2014-12-13,24,4.4
2014-12-14,57,12.5
2014-12-15,68,18.3
2014-12-16,66,17.3
2014-12-17,44,8.0
2014-12-18,40,7.2
2014-12-19,61,14.6
2014-12-20,80,24.6
2014-12-21,75,22.0
2014-12-22,82,26.0
2014-12-23,52,9.5
2014-12-24,51,9.2
2014-12-25,41,7.4
2014-12-26,54,10.9
2014-12-27,69,18.5
2014-12-28,74,21.7
2014-12-29,76,22.7
2014-12-30,58,13.1
2014-12-31,47,8.5
2015-01-01,58,12.8
2015-01-02,63,15.8
2015-01-03,68,18.2
2015-01-04,93,31.4
2015-01-05,64,16.1
2015-01-06,57,12.1
2015-01-07,39,7.0
2015-01-08,34,6.2
2015-01-09,52,9.4
2015-01-10,53,10.0
2015-01-11,60,14.0
2015-01-12,56,11.7
2015-01-13,53,10.4
2015-01-14,34,6.2
2015-01-15,37,6.6
2015-01-16,41,7.3
2015-01-17,54,10.9
2015-01-18,64,16.1
2015-01-19,58,13.0
2015-01-20,55,11.1
2015-01-21,43,7.8
2015-01-22,0,0.0
2015-01-23,30,5.4
2015-01-24,52,9.7
2015-01-25,53,10.3
2015-01-26,51,9.3
2015-01-27,49,8.8
2015-01-28,50,9.0
2015-01-29,47,8.5
2015-01-30,13,2.4
2015-01-31,44,7.9
2015-02-01,62,14.8
2015-02-02,55,11.3
2015-02-03,54,10.7
2015-02-04,60,13.8
2015-02-05,57,12.3
2015-02-06,53,10.0
2015-02-07,55,11.5
2015-02-08,58,12.9
2015-02-09,57,12.4
2015-02-10,30,5.4
2015-02-11,26,4.7
2015-02-12,11,2.0
2015-02-13,34,6.1
2015-02-14,54,10.9
2015-02-15,45,8.1
2015-02-16,34,6.2
2015-02-17,38,6.8
2015-02-18,32,5.7
2015-02-19,42,7.5
2015-02-20,55,11.5
2015-02-21,37,6.7
2015-02-22,31,5.6
2015-02-23,20,3.6
2015-02-24,9,1.7
2015-02-25,23,4.2
2015-02-26,31,5.6
2015-02-27,17,3.1
2015-02-28,34,6.1
2015-03-01,15,2.7
2015-03-02,17,3.0
2015-03-03,28,5.0
2015-03-04,27,4.8
2015-03-05,13,2.3
2015-03-06,31,5.5
2015-03-07,52,9.9
2015-03-08,47,8.4
2015-03-09,33,6.0
2015-03-10,49,8.9
2015-03-11,33,5.9
2015-03-12,17,3.0
2015-03-13,28,5.0
2015-03-14,31,5.5
2015-03-15,23,4.1
2015-03-16,35,6.3
2015-03-17,38,6.8
2015-03-18,30,5.4
2015-03-19,33,5.9
2015-03-20,25,4.5
2015-03-21,31,5.5
2015-03-22,39,7.0
2015-03-23,21,3.8
2015-03-24,29,5.2
2015-03-25,35,6.3
2015-03-26,18,3.3
2015-03-27,22,4.0
2015-03-28,36,6.5
2015-03-29,28,5.1
2015-03-30,29,5.2
2015-03-31,19,3.5
2015-04-01,21,3.7
2015-04-02,24,4.3
2015-04-03,25,4.5
2015-04-04,36,6.5
2015-04-05,23,4.1
2015-04-06,43,7.8
2015-04-07,26,4.6
2015-04-08,15,2.7
2015-04-09,38,6.9
2015-04-10,37,6.7
2015-04-11,44,8.0
2015-04-12,46,8.2
2015-04-13,27,4.9
2015-04-14,24,4.3
2015-04-15,39,7.0
2015-04-16,8,1.4
2015-04-17,12,2.2
2015-04-18,33,6.0
2015-04-19,24,4.3
2015-04-20,21,3.7
2015-04-21,29,5.2
2015-04-22,18,3.2
2015-04-23,25,4.5
2015-04-24,33,6.0
2015-04-25,23,4.2
2015-04-26,17,3.1
2015-04-27,28,5.1
2015-04-28,14,2.5
2015-04-29,6,1.0
2015-04-30,37,6.6
2015-05-01,21,3.8
2015-05-02,15,2.7
2015-05-03,26,4.7
2015-05-04,14,2.6
2015-05-05,13,2.3
2015-05-06,18,3.2
2015-05-07,13,2.3
2015-05-08,43,7.8
2015-05-09,23,4.1
2015-05-10,24,4.3
2015-05-11,16,2.9
2015-05-12,29,5.3
2015-05-13,8,1.5
2015-05-14,25,4.5
2015-05-15,33,6.0
2015-05-16,13,2.4
2015-05-17,23,4.2
2015-05-18,27,4.8
2015-05-19,22,4.0
2015-05-20,22,4.0
2015-05-21,31,5.5
2015-05-22,21,3.7
2015-05-23,38,6.8
2015-05-24,34,6.2
2015-05-25,25,4.5
2015-05-26,18,3.3
2015-05-27,28,5.0
2015-05-28,18,3.3
2015-05-29,23,4.2
2015-05-30,26,4.7
2015-05-31,16,2.9
2015-06-01,20,3.6
2015-06-02,41,7.3
2015-06-03,21,3.7
2015-06-04,24,4.3
2015-06-05,32,5.7
2015-06-06,11,2.0
2015-06-07,18,3.2
2015-06-08,34,6.2
2015-06-09,25,4.5
2015-06-10,10,1.8
2015-06-11,40,7.2
2015-06-12,27,4.8
2015-06-13,17,3.0
2015-06-14,29,5.2
2015-06-15,19,3.4
2015-06-16,19,3.5
2015-06-17,44,8.0
2015-06-18,30,5.4
2015-06-19,26,4.7
2015-06-20,44,8.0
2015-06-21,39,7.0
2015-06-22,33,5.9
2015-06-23,42,7.5
2015-06-24,19,3.4
2015-06-25,34,6.2
2015-06-26,39,7.1
2015-06-27,24,4.4
2015-06-28,36,6.5
2015-06-29,46,8.3
2015-06-30,30,5.4
2015-07-01,18,3.2
2015-07-02,24,4.4
2015-07-03,29,5.2
2015-07-04,48,8.7
2015-07-05,24,4.3
2015-07-06,23,4.2
2015-07-07,23,4.1
2015-07-08,20,3.6
2015-07-09,10,1.8
2015-07-10,14,2.5
2015-07-11,27,4.8
2015-07-13,,6.461538
2015-07-14,37,6.6
2015-07-15,49,8.8
2015-07-16,40,7.2
2015-07-17,36,6.4
2015-07-18,36,6.4
2015-07-19,41,7.4
2015-07-20,33,5.9
2015-07-21,39,7.1
2015-07-22,27,4.8
2015-07-23,22,3.9
2015-07-24,28,5.1
2015-07-25,26,4.7
2015-07-26,25,4.5
2015-07-27,29,5.3
2015-07-28,51,9.3
2015-07-29,21,3.7
2015-07-30,26,4.7
2015-07-31,47,8.4
2015-08-01,33,5.9
2015-08-02,36,6.4
2015-08-03,34,6.2
2015-08-04,35,6.3
2015-08-05,40,7.2
2015-08-06,52,9.5
2015-08-07,42,7.6
2015-08-08,36,6.5
2015-08-09,45,8.1
2015-08-10,37,6.7
2015-08-11,51,9.3
2015-08-12,34,6.2
2015-08-13,53,10.1
2015-08-14,52,9.5
2015-08-15,53,10.1
2015-08-16,52,9.6
2015-08-17,52,9.5
2015-08-18,42,7.5
2015-08-19,41,7.4
2015-08-20,38,6.8
2015-08-21,45,8.1
2015-08-22,39,7.0
2015-08-23,51,9.1
2015-08-24,47,8.5
2015-08-25,39,7.1
2015-08-26,42,7.5
2015-08-27,34,6.2
2015-08-28,33,5.9
2015-08-29,50,9.0
2015-08-30,29,5.2
2015-08-31,33,6.0
2015-09-01,37,6.7
2015-09-02,37,6.7
2015-09-03,53,10.1
2015-09-04,34,6.1
2015-09-05,34,6.2
2015-09-06,22,4.0
2015-09-07,39,7.0
2015-09-08,35,6.3
2015-09-09,38,6.8
2015-09-10,29,5.3
2015-09-11,31,5.5
2015-09-12,41,7.3
2015-09-13,44,8.0
2015-09-14,36,6.4
2015-09-15,19,3.5
2015-09-16,12,2.1
2015-09-17,25,4.5
2015-09-18,30,5.4
2015-09-19,28,5.1
2015-09-20,26,4.7
2015-09-21,20,3.6
2015-09-22,21,3.8
2015-09-23,43,7.8
2015-09-24,37,6.7
2015-09-25,29,5.2
2015-09-26,44,8.0
2015-09-27,41,7.3
2015-09-28,51,9.2
2015-09-29,55,11.4
2015-09-30,39,7.1
2015-10-01,39,7.1
2015-10-02,34,6.1
2015-10-03,43,7.8
2015-10-04,41,7.3
2015-10-05,47,8.5
2015-10-06,23,4.1
2015-10-07,56,11.8
2015-10-08,55,11.5
2015-10-09,24,4.3
2015-10-10,51,9.2
2015-10-11,54,10.6
2015-10-12,39,7.1
2015-10-13,57,12.5
2015-10-14,54,10.8
2015-10-15,46,8.3
2015-10-16,49,8.8
2015-10-17,35,6.3
2015-10-18,38,6.8
2015-10-19,31,5.6
2015-10-20,32,5.7
2015-10-21,18,3.2
2015-10-22,34,6.2
2015-10-23,34,6.2
2015-10-24,26,4.6
2015-10-25,46,8.2
2015-10-26,51,9.3
2015-10-27,48,8.7
2015-10-28,42,7.5
2015-10-29,26,4.7
2015-10-30,24,4.4
2015-10-31,53,10.2
2015-11-01,56,11.6
2015-11-02,39,7.0
2015-11-03,27,4.9
2015-11-04,37,6.6
2015-11-05,39,7.0
2015-11-06,60,13.7
2015-11-07,48,8.7
2015-11-08,55,11.5
2015-11-09,54,10.6
2015-11-10,37,6.7
2015-11-11,42,7.6
2015-11-12,48,8.7
2015-11-13,52,9.9
2015-11-14,64,15.9
2015-11-15,59,13.3
2015-11-16,34,6.2
2015-11-17,41,7.4
2015-11-18,59,13.3
2015-11-19,61,14.6
2015-11-20,58,12.6
2015-11-21,52,9.7
2015-11-22,52,9.5
2015-11-23,54,10.7
2015-11-24,55,11.5
2015-11-25,35,6.3
2015-11-26,68,18.1
2015-11-27,78,23.7
2015-11-28,68,18.2
2015-11-29,62,15.0
2015-11-30,63,15.7
2015-12-01,70,19.3
2015-12-02,67,17.5
2015-12-03,71,19.8
2015-12-04,62,15.1
2015-12-05,75,22.2
2015-12-06,77,23.2
2015-12-07,67,17.7
2015-12-08,62,15.1
2015-12-09,68,18.2
2015-12-10,64,16.2
2015-12-11,53,10.1
2015-12-12,34,6.1
2015-12-13,68,18.4
2015-12-14,26,4.7
2015-12-15,56,12.0
2015-12-16,69,18.5
2015-12-17,74,21.2
2015-12-18,82,25.6
2015-12-19,77,23.0
2015-12-20,73,20.9
2015-12-21,73,20.8
2015-12-22,56,11.9
2015-12-23,56,11.9
2015-12-24,71,19.7
2015-12-25,71,19.8
2015-12-26,12,2.2
2015-12-27,58,12.8
2015-12-28,72,20.2
2015-12-29,65,16.5
2015-12-30,77,23.2
2015-12-31,104,36.7
2016-01-01,165,75.6
2016-01-02,60,14.1
2016-01-03,54,10.8
2016-01-04,49,8.9
2016-01-05,48,8.7
2016-01-06,51,9.3
2016-01-07,17,3.0
2016-01-08,42,7.6
2016-01-09,67,17.8
2016-01-10,61,14.5
2016-01-11,65,16.7
2016-01-12,61,14.6
2016-01-13,57,12.3
2016-01-14,63,15.3
2016-01-15,69,19.0
2016-01-16,79,24.3
2016-01-17,80,24.5
2016-01-18,73,20.9
2016-01-19,69,18.8
2016-01-20,59,13.6
2016-01-21,58,12.7
2016-01-22,47,8.4
2016-01-23,61,14.7
2016-01-24,60,14.1
2016-01-25,41,7.3
2016-01-26,36,6.5
2016-01-27,53,10.0
2016-01-28,52,9.6
2016-01-29,69,19.0
2016-01-30,69,18.5
2016-01-31,29,5.2
2016-02-01,48,8.7
2016-02-02,33,5.9
2016-02-03,47,8.4
2016-02-04,58,12.7
2016-02-05,51,9.1
2016-02-06,46,8.3
2016-02-07,67,17.9
2016-02-08,53,10.0
2016-02-09,28,5.1
2016-02-10,55,11.5
2016-02-11,57,12.1
2016-02-12,51,9.2
2016-02-13,67,17.5
2016-02-14,67,17.7
2016-02-15,54,10.7
2016-02-16,58,13.0
2016-02-17,56,11.7
2016-02-18,33,5.9
2016-02-19,56,12.0
2016-02-20,61,14.5
2016-02-21,48,8.7
2016-02-22,53,10.1
2016-02-23,38,6.8
2016-02-24,21,3.8
2016-02-25,57,12.2
2016-02-26,57,12.1
2016-02-27,54,10.5
2016-02-28,61,14.7
2016-02-29,,11.769231
2016-03-01,47,8.5
2016-03-04,55,11.1
2016-03-07,49,8.9
2016-03-08,22,3.9
2016-03-09,38,6.8
2016-03-10,48,8.6
2016-03-11,31,5.6
2016-03-12,38,6.9
2016-03-13,46,8.2
2016-03-14,54,10.5
2016-03-15,52,9.7
2016-03-16,44,7.9
2016-03-17,52,9.4
2016-03-18,44,8.0
2016-03-19,48,8.7
2016-03-20,46,8.3
2016-03-21,36,6.4
2016-03-22,51,9.1
2016-03-23,17,3.1
2016-03-24,37,6.6
2016-03-25,28,5.0
2016-03-26,38,6.8
2016-03-27,35,6.3
2016-03-28,50,9.0
2016-03-29,53,10.0
2016-03-30,38,6.9
2016-03-31,37,6.6
2016-04-01,42,7.5
2016-04-02,43,7.7
2016-04-03,49,8.8
2016-04-04,40,7.2
2016-04-05,45,8.1
2016-04-06,41,7.4
2016-04-07,48,8.6
2016-04-08,17,3.0
2016-04-09,19,3.5
2016-04-10,25,4.5
2016-04-11,29,5.3
2016-04-12,29,5.3
2016-04-13,30,5.4
2016-04-14,27,4.8
2016-04-15,55,11.2
2016-04-16,8,1.4
2016-04-17,5,0.9
2016-04-18,17,3.1
2016-04-19,32,5.7
2016-04-20,35,6.3
2016-04-21,39,7.0
2016-04-22,25,4.5
2016-04-23,26,4.7
2016-04-24,29,5.2
2016-04-25,56,11.9
2016-04-26,52,9.7
2016-04-27,32,5.7
2016-04-28,38,6.8
2016-04-29,22,3.9
2016-04-30,29,5.3
2016-05-01,38,6.9
2016-05-02,21,3.8
2016-05-03,30,5.4
2016-05-04,27,4.8
2016-05-05,17,3.1
2016-05-06,27,4.9
2016-05-07,2,0.4
2016-05-08,12,2.2
2016-05-09,28,5.1
2016-05-10,14,2.6
2016-05-11,24,4.3
2016-05-12,38,6.8
2016-05-13,24,4.4
2016-05-14,11,2.0
2016-05-15,25,4.5
2016-05-16,16,2.8
2016-05-17,13,2.3
2016-05-18,20,3.6
2016-05-19,27,4.9
2016-05-20,12,2.1
2016-05-21,25,4.5
2016-05-22,23,4.1
2016-05-23,22,3.9
2016-05-24,36,6.5
2016-05-25,23,4.1
2016-05-26,57,12.1
2016-05-27,44,7.9
2016-05-28,32,5.8
2016-05-29,17,3.0
2016-05-30,34,6.2
2016-05-31,26,4.7
2016-06-01,28,5.0
2016-06-02,41,7.3
2016-06-03,36,6.5
2016-06-04,48,8.6
2016-06-05,55,11.0
2016-06-06,46,8.2
2016-06-07,23,4.2
2016-06-08,56,11.6
2016-06-09,53,10.3
2016-06-10,53,10.2
2016-06-11,49,8.8
2016-06-12,22,4.0
2016-06-13,9,1.7
2016-06-14,26,4.6
2016-06-15,19,3.4
2016-06-16,27,4.8
2016-06-17,37,6.6
2016-06-18,34,6.2
2016-06-19,23,4.1
2016-06-20,35,6.3
2016-06-21,48,8.6
2016-06-22,38,6.8
2016-06-23,50,9.0
2016-06-24,33,5.9
2016-06-25,39,7.1
2016-06-26,45,8.1
2016-06-27,,8.6
2016-06-28,,5.933333
2016-06-29,41,7.4
2016-06-30,29,5.3
2016-07-01,21,3.7
2016-07-02,34,6.1
2016-07-03,37,6.6
2016-07-04,48,8.7
2016-07-05,38,6.8
2016-07-06,34,6.2
2016-07-07,31,5.6
2016-07-08,32,5.7
2016-07-09,25,4.5
2016-07-10,12,2.2
2016-07-11,53,10.4
2016-07-12,21,3.7
2016-07-13,24,4.4
2016-07-14,33,6.0
2016-07-15,29,5.3
2016-07-16,28,5.0
2016-07-17,32,5.7
2016-07-18,39,7.0
2016-07-19,52,9.4
2016-07-20,27,4.8
2016-07-21,35,6.3
2016-07-22,52,9.8
2016-07-23,34,6.1
2016-07-24,26,4.6
2016-07-25,21,3.8
2016-07-26,29,5.3
2016-07-27,51,9.2
2016-07-28,40,7.2
2016-07-29,47,8.4
2016-07-30,41,7.3
2016-07-31,21,3.7
2016-08-01,27,4.8
2016-08-02,19,3.4
2016-08-03,19,3.4
2016-08-04,28,5.1
2016-08-05,25,4.5
2016-08-06,41,7.4
2016-08-07,29,5.3
2016-08-08,24,4.3
2016-08-09,44,8.0
2016-08-10,29,5.2
2016-08-11,31,5.5
2016-08-12,29,5.3
2016-08-13,39,7.0
2016-08-14,33,5.9
2016-08-15,31,5.5
2016-08-16,35,6.3
2016-08-17,23,4.2
2016-08-18,13,2.4
2016-08-19,23,4.2
2016-08-20,23,4.2
2016-08-21,39,7.0
2016-08-22,28,5.1
2016-08-23,17,3.1
2016-08-24,24,4.4
2016-08-25,32,5.8
2016-08-26,24,4.3
2016-08-27,19,3.5
2016-08-28,23,4.1
2016-08-29,10,1.8
2016-08-30,21,3.8
2016-08-31,27,4.8
2016-09-01,19,3.5
2016-09-02,21,3.7
2016-09-03,27,4.8
2016-09-04,1,0.2
2016-09-05,17,3.0
2016-09-06,44,7.9
2016-09-07,21,3.8
2016-09-08,8,1.4
2016-09-09,27,4.8
2016-09-10,28,5.0
2016-09-11,26,4.7
2016-09-12,24,4.3
2016-09-13,19,3.4
2016-09-14,19,3.4
2016-09-15,34,6.1
2016-09-16,21,3.8
2016-09-17,37,6.6
2016-09-18,46,8.3
2016-09-19,23,4.2
2016-09-20,17,3.1
2016-09-21,32,5.7
2016-09-23,,7.272727
2016-09-24,46,8.2
2016-09-25,15,2.7
2016-09-26,37,6.6
2016-09-27,81,25.2
2016-09-28,64,16.0
2016-09-29,18,3.2
2016-09-30,17,3.1
2016-10-01,24,4.3
2016-10-02,19,3.4
2016-10-03,34,6.2
2016-10-04,32,5.7
2016-10-05,31,5.5
2016-10-06,41,7.4
2016-10-07,47,8.4
2016-10-08,29,5.3
2016-10-09,33,5.9
2016-10-10,27,4.9
2016-10-11,23,4.2
2016-10-12,31,5.6
2016-10-13,27,4.8
2016-10-14,31,5.5
2016-10-15,44,7.9
2016-10-16,29,5.2
2016-10-17,21,3.8
2016-10-18,35,6.3
2016-10-19,54,10.9
2016-10-20,32,5.7
2016-10-21,47,8.4
2016-10-22,57,12.3
2016-10-23,56,11.7
2016-10-24,51,9.1
2016-10-25,52,9.7
2016-10-26,48,8.6
2016-10-27,43,7.7
2016-10-28,55,11.5
2016-10-29,48,8.6
2016-10-30,40,7.2
2016-10-31,37,6.6
2016-11-01,34,6.1
2016-11-02,37,6.6
2016-11-03,43,7.8
2016-11-04,53,10.0
2016-11-05,52,9.9
2016-11-06,59,13.3
2016-11-07,55,11.5
2016-11-08,27,4.9
2016-11-09,32,5.7
2016-11-10,33,6.0
2016-11-11,31,5.6
2016-11-12,57,12.5
2016-11-13,59,13.3
2016-11-14,53,10.1
2016-11-15,59,13.3
2016-11-16,55,11.1
2016-11-17,47,8.5
2016-11-18,57,12.3
2016-11-19,59,13.3
2016-11-20,58,12.9
2016-11-21,48,8.6
2016-11-22,53,10.2
2016-11-23,55,11.5
2016-11-24,74,21.7
2016-11-25,53,10.1
2016-11-26,53,10.1
2016-11-27,27,4.9
2016-11-28,47,8.4
2016-11-29,48,8.7
2016-12-02,63,15.7
2016-12-05,59,13.6
2016-12-08,67,17.5
2016-12-11,63,15.3
2016-12-13,,14.666667
2016-12-14,54,10.8
2016-12-15,36,6.5
2016-12-16,13,2.4
2016-12-17,65,16.4
2016-12-18,69,18.7
2016-12-19,27,4.8
2016-12-20,48,8.6
2016-12-21,47,8.4
2016-12-22,8,1.5
2016-12-23,51,9.1
2016-12-24,18,3.2
2016-12-25,56,11.7
2016-12-26,64,16.3
2016-12-27,64,16.2
2016-12-28,70,19.4
2016-12-29,57,12.2
2016-12-30,0,-1.8
2016-12-31,48,8.6
2017-01-01,48,8.7
2017-01-02,9,1.7
2017-01-03,27,4.8
2017-01-04,62,15.2
2017-01-05,21,3.8
2017-01-06,3,0.5
2017-01-07,74,21.5
2017-01-08,67,17.7
2017-01-09,51,9.1
2017-01-10,55,11.5
2017-01-11,23,4.2
2017-01-12,13,2.3
2017-01-13,51,9.1
2017-01-14,56,11.9
2017-01-15,17,3.0
2017-01-16,19,3.5
2017-01-17,57,12.5
2017-01-18,39,7.0
2017-01-19,57,12.3
2017-01-20,21,3.8
2017-01-21,5,0.9
2017-01-22,47,8.4
2017-01-23,0,-0.6
2017-01-24,8,1.5
2017-01-25,53,10.4
2017-01-26,33,5.9
2017-01-27,0,-3.0
2017-01-28,56,12.0
2017-01-29,55,11.2
2017-01-30,11,2.0
2017-01-31,57,12.4
2017-02-01,34,6.2
2017-02-02,31,5.5
2017-02-03,58,12.8
2017-02-04,51,9.1
2017-02-05,56,11.8
2017-02-06,28,5.0
2017-02-07,31,5.6
2017-02-08,19,3.4
2017-02-09,50,9.0
2017-02-10,32,5.7
2017-02-11,19,3.4
2017-02-12,20,3.6
2017-02-13,1,0.2
2017-02-14,12,2.1
2017-02-15,19,3.4
2017-02-16,13,2.3
2017-02-17,1,0.2
2017-02-18,26,4.7
2017-02-19,0,-0.8
2017-02-20,18,3.3
2017-02-21,43,7.7
2017-02-22,19,3.5
2017-02-23,0,-1.8
2017-02-24,37,6.7
2017-02-25,31,5.5
2017-02-26,17,3.1
2017-02-27,22,4.0
2017-02-28,15,2.7
2017-03-01,7,1.3
2017-03-02,15,2.7
2017-03-03,3,0.5
2017-03-04,18,3.3
2017-03-05,28,5.0
2017-03-06,1,0.2
2017-03-07,21,3.8
2017-03-08,41,7.4
2017-03-09,12,2.1
2017-03-10,11,1.9
2017-03-11,42,7.5
2017-03-12,15,2.7
2017-03-13,11,2.0
2017-03-14,46,8.2
2017-03-15,21,3.7
2017-03-16,16,2.9
2017-03-17,48,8.7
2017-03-18,35,6.3
2017-03-19,37,6.7
2017-03-20,44,7.9
2017-03-21,17,3.0
2017-03-22,4,0.7
2017-03-23,21,3.8
2017-03-24,0,0.0
2017-03-25,6,1.0
2017-03-26,29,5.3
2017-03-27,2,0.3
2017-03-28,0,-3.0
2017-03-29,11,2.0
2017-03-30,21,3.8
2017-03-31,30,5.4
2017-04-01,41,7.4
2017-04-02,17,3.1
2017-04-03,0,-0.2
2017-04-04,20,3.6
2017-04-05,6,1.0
2017-04-06,17,3.0
2017-04-07,33,5.9
2017-04-08,3,0.5
2017-04-09,14,2.6
2017-04-10,46,8.2
2017-04-11,27,4.8
2017-04-12,26,4.6
2017-04-13,43,7.7
2017-04-14,10,1.8
2017-04-15,9,1.7
2017-04-16,51,9.3
2017-04-17,19,3.5
2017-04-18,12,2.1
2017-04-19,29,5.2
2017-04-20,4,0.8
2017-04-21,7,1.2
2017-04-22,35,6.3
2017-04-23,11,2.0
2017-04-24,12,2.1
2017-04-25,53,10.3
2017-04-26,0,-2.2
2017-04-27,11,2.0
2017-04-28,36,6.5
2017-04-29,0,-2.8
2017-04-30,2,0.4
2017-05-01,36,6.5
2017-05-02,14,2.5
2017-05-03,1,0.2
2017-05-04,42,7.6
2017-05-05,14,2.5
2017-05-06,10,1.8
2017-05-07,65,16.8
2017-05-08,7,1.2
2017-05-09,0,-2.1
2017-05-10,16,2.9
2017-05-11,2,0.4
2017-05-12,9,1.7
2017-05-13,34,6.1
2017-05-14,4,0.8
2017-05-15,12,2.2
2017-05-16,53,10.2
2017-05-17,2,0.3
2017-05-18,0,-3.0
2017-05-19,13,2.4
2017-05-20,6,1.0
2017-05-21,0,-0.6
2017-05-22,31,5.6
2017-05-23,19,3.4
2017-05-24,9,1.7
2017-05-25,23,4.2
2017-05-26,0,-1.4
2017-05-27,2,0.4
2017-05-28,37,6.7
2017-05-29,35,6.3
2017-05-30,12,2.2
2017-05-31,39,7.1
2017-06-01,7,1.2
2017-06-02,8,1.5
2017-06-03,43,7.8
2017-06-04,6,1.0
2017-06-05,8,1.5
2017-06-06,45,8.1
2017-06-07,0,-1.5
2017-06-08,26,4.7
2017-06-09,46,8.2
2017-06-10,29,5.2
2017-06-11,16,2.9
2017-06-12,31,5.6
2017-06-13,0,-0.8
2017-06-14,4,0.8
2017-06-15,39,7.0
2017-06-16,7,1.2
2017-06-17,10,1.8
2017-06-18,42,7.5
2017-06-19,28,5.1
2017-06-20,51,9.3
2017-06-21,56,11.9
2017-06-22,33,6.0
2017-06-23,34,6.1
2017-06-24,53,10.0
2017-06-25,50,9.0
2017-06-26,38,6.8
2017-06-27,21,3.7
2017-06-28,38,6.8
2017-06-29,17,3.0
2017-06-30,41,7.3
2017-07-01,14,2.5
2017-07-02,6,1.0
2017-07-03,48,8.6
2017-07-04,37,6.7
2017-07-05,24,4.3
2017-07-06,47,8.4
2017-07-07,29,5.3
2017-07-08,30,5.4
2017-07-09,43,7.7
2017-07-10,28,5.1
2017-07-11,12,2.2
2017-07-12,43,7.8
2017-07-13,46,8.2
2017-07-14,31,5.6
2017-07-15,50,9.0
2017-07-16,46,8.2
2017-07-17,12,2.2
2017-07-18,21,3.8
2017-07-19,10,1.8
2017-07-20,18,3.3
2017-07-21,31,5.5
2017-07-22,0,-0.1
2017-07-23,2,0.3
2017-07-24,26,4.6
2017-07-25,11,1.9
2017-07-26,14,2.6
2017-07-27,29,5.2
2017-07-28,11,1.9
2017-07-29,0,-0.8
2017-07-30,26,4.6
2017-07-31,0,0.0
2017-08-01,0,-1.4
2017-08-02,20,3.6
2017-08-03,8,1.5
2017-08-04,8,1.4
2017-08-05,26,4.6
2017-08-06,1,0.2
2017-08-07,2,0.4
2017-08-08,33,5.9
2017-08-09,4,0.7
2017-08-10,33,5.9
2017-08-11,16,2.9
2017-08-12,3,0.5
2017-08-13,3,0.5
2017-08-14,26,4.6
2017-08-15,7,1.2
2017-08-16,0,0.0
2017-08-17,23,4.2
2017-08-18,0,0.0
2017-08-19,4,0.8
2017-08-20,28,5.1
2017-08-21,0,-1.0
2017-08-22,0,-0.1
2017-08-23,42,7.5
2017-08-24,7,1.2
2017-08-25,6,1.0
2017-08-26,32,5.8
2017-08-27,0,-0.4
2017-08-28,0,-0.6
2017-08-29,34,6.2
2017-09-01,53,10.3
2017-09-04,28,5.1
2017-09-06,,15.0
2017-09-07,61,14.6
2017-09-08,59,13.2
2017-09-09,54,10.7
2017-09-10,37,6.7
2017-09-11,55,11.0
2017-09-12,51,9.2
2017-09-13,31,5.6
2017-09-14,30,5.4
2017-09-15,30,5.4
2017-09-16,27,4.9
2017-09-17,21,3.7
2017-09-18,24,4.4
2017-09-19,27,4.8
2017-09-20,18,3.2
2017-09-21,19,3.4
2017-09-22,37,6.7
2017-09-23,23,4.2
2017-09-24,26,4.7
2017-09-25,32,5.7
2017-09-26,33,5.9
2017-09-27,36,6.4
2017-09-28,37,6.7
2017-09-29,48,8.7
2017-09-30,52,9.5
2017-10-01,33,5.9
2017-10-02,31,5.6
2017-10-03,41,7.3
2017-10-04,53,10.0
2017-10-05,42,7.5
2017-10-06,46,8.2
2017-10-07,54,10.9
2017-10-08,43,7.7
2017-10-09,45,8.1
2017-10-10,38,6.8
2017-10-11,49,8.8
2017-10-12,43,7.7
2017-10-13,48,8.7
2017-10-14,53,10.0
2017-10-15,56,11.7
2017-10-16,53,10.3
2017-10-17,52,9.9
2017-10-18,50,9.0
2017-10-19,52,9.7
2017-10-20,58,13.0
2017-10-21,75,22.1
2017-10-22,52,9.4
2017-10-23,52,9.6
2017-10-24,35,6.3
2017-10-25,31,5.6
2017-10-26,49,8.9
2017-10-27,,13.454545
2017-10-28,53,10.4
2017-10-30,,10.833333
2017-10-31,54,10.5
2017-11-01,52,9.7
2017-11-02,48,8.6
2017-11-03,38,6.9
2017-11-04,50,9.0
2017-11-05,43,7.7
2017-11-06,33,6.0
2017-11-07,41,7.4
2017-11-08,44,8.0
2017-11-09,41,7.4
2017-11-10,51,9.3
2017-11-11,61,14.2
2017-11-12,62,14.8
2017-11-13,57,12.4
2017-11-14,56,12.0
2017-11-15,52,9.6
2017-11-16,56,11.8
2017-11-17,55,11.4
2017-11-18,53,10.2
2017-11-19,67,17.7
2017-11-20,63,15.5
2017-11-21,58,13.0
2017-11-22,60,14.0
2017-11-23,64,15.9
2017-11-24,59,13.3
2017-11-25,63,15.5
2017-11-26,67,17.5
2017-11-27,57,12.2
2017-11-28,60,13.8
2017-11-29,61,14.7
2017-11-30,67,17.5
2017-12-01,67,17.7
2017-12-02,67,17.7
2017-12-03,63,15.8
2017-12-04,55,11.3
2017-12-05,55,11.5
2017-12-06,50,9.0
2017-12-07,15,2.7
2017-12-08,61,14.4
2017-12-09,56,11.6
2017-12-10,18,3.3
2017-12-11,52,9.7
2017-12-12,54,10.9
2017-12-13,51,9.2
2017-12-14,58,13.0
2017-12-15,53,10.1
2017-12-16,67,17.7
2017-12-17,63,15.8
2017-12-18,59,13.6
2017-12-19,73,20.7
2017-12-20,67,17.8
2017-12-21,51,9.3
2017-12-22,61,14.5
2017-12-23,92,31.2
2017-12-24,88,28.8
2017-12-25,93,31.7
2017-12-26,85,27.1
2017-12-27,79,24.1
2017-12-28,70,19.5
2017-12-29,66,16.9
2017-12-30,69,18.7
2017-12-31,111,39.6
2018-01-01,173,87.2
2018-01-02,70,19.3
2018-01-03,51,9.2
2018-01-04,67,17.9
2018-01-05,61,14.6
2018-01-06,69,18.7
2018-01-07,78,23.7
2018-01-08,60,13.8
2018-01-09,53,10.0
2018-01-10,,7.0
2018-01-11,64,16.3
2018-01-12,69,18.9
2018-01-13,77,23.1
2018-01-14,68,18.0
2018-01-15,63,15.3
2018-01-16,52,9.9
2018-01-17,36,6.5
2018-01-18,49,8.8
2018-01-19,53,10.2
2018-01-20,47,8.4
2018-01-21,34,6.1
2018-01-22,53,10.2
2018-01-23,48,8.6
2018-01-24,44,7.9
2018-01-25,42,7.5
2018-01-26,55,11.4
2018-01-27,59,13.4
2018-01-28,55,11.1
2018-01-29,21,3.7
2018-01-30,52,9.8
2018-01-31,52,9.4
2018-02-01,58,13.0
2018-02-02,64,16.1
2018-02-03,67,17.6
2018-02-04,66,16.9
2018-02-05,56,12.0
2018-02-06,47,8.4
2018-02-07,34,6.1
2018-02-08,55,11.3
2018-02-09,53,10.2
2018-02-10,38,6.9
2018-02-11,46,8.3
2018-02-12,55,11.0
2018-02-13,35,6.3
2018-02-14,49,8.8
2018-02-15,37,6.6
2018-02-16,53,10.0
2018-02-17,62,15.1
2018-02-18,62,15.2
2018-02-19,39,7.0
2018-02-20,37,6.7
2018-02-21,49,8.9
2018-02-22,33,6.0
2018-02-23,41,7.4
2018-02-24,36,6.5
2018-02-25,60,14.0
2018-02-26,57,12.2
2018-02-27,31,5.5
2018-02-28,24,4.3
2018-03-01,48,8.7
2018-03-02,54,10.7
2018-03-03,51,9.1
2018-03-04,18,3.2
2018-03-05,18,3.2
2018-03-06,30,5.4
2018-03-07,52,9.5
2018-03-08,39,7.1
2018-03-09,32,5.8
2018-03-10,33,5.9
2018-03-11,28,5.0
2018-03-12,31,5.5
2018-03-13,42,7.6
2018-03-14,38,6.8
2018-03-15,29,5.3
2018-03-16,31,5.6
2018-03-17,18,3.3
2018-03-18,21,3.8
2018-03-19,43,7.8
2018-03-20,34,6.2
2018-03-21,34,6.2
2018-03-22,36,6.4
2018-03-23,21,3.8
2018-03-24,30,5.4
2018-03-25,33,6.0
2018-03-26,32,5.7
2018-03-27,26,4.6
2018-03-28,25,4.5
2018-03-29,22,4.0
2018-03-30,35,6.3
2018-03-31,42,7.6
2018-04-01,40,7.2
2018-04-02,23,4.1
2018-04-03,42,7.5
2018-04-04,46,8.2
2018-04-05,48,8.6
2018-04-06,43,7.7
2018-04-07,42,7.5
2018-04-08,37,6.6
2018-04-09,37,6.7
2018-04-10,54,10.7
2018-04-11,48,8.7
2018-04-12,57,12.2
2018-04-13,14,2.5
2018-04-14,27,4.8
2018-04-15,44,8.0
2018-04-16,48,8.6
2018-04-17,51,9.1
2018-04-18,37,6.6
2018-04-19,54,10.7
2018-04-20,53,10.4
2018-04-21,40,7.2
2018-04-22,48,8.6
2018-04-23,44,7.9
2018-04-24,48,8.7
2018-04-25,51,9.1
2018-04-26,51,9.2
2018-04-27,50,9.0
2018-04-28,52,9.7
2018-04-29,42,7.6
2018-04-30,66,16.9
2018-05-01,49,8.8
2018-05-02,39,7.1
2018-05-03,43,7.8
2018-05-04,34,6.1
2018-05-05,36,6.5
2018-05-06,38,6.9
2018-05-07,37,6.7
2018-05-08,38,6.8
2018-05-09,37,6.7
2018-05-10,33,5.9
2018-05-11,52,9.8
2018-05-12,47,8.5
2018-05-13,42,7.5
2018-05-14,28,5.0
2018-05-15,33,5.9
2018-05-16,30,5.4
2018-05-17,36,6.5
2018-05-18,55,11.0
2018-05-19,40,7.2
2018-05-20,32,5.8
2018-05-21,30,5.4
2018-05-22,29,5.2
2018-05-23,34,6.1
2018-05-24,26,4.6
2018-05-25,24,4.4
2018-05-26,55,11.2
2018-05-27,56,12.0
2018-05-28,40,7.2
2018-05-29,37,6.7
2018-05-30,28,5.0
2018-05-31,26,4.7
2018-06-01,38,6.8
2018-06-02,50,9.0
2018-06-03,41,7.4
2018-06-04,39,7.1
2018-06-05,49,8.8
2018-06-06,40,7.2
2018-06-07,37,6.7
2018-06-08,43,7.7
2018-06-09,37,6.7
2018-06-10,35,6.3
2018-06-11,37,6.6
2018-06-12,33,6.0
2018-06-13,41,7.4
2018-06-14,52,9.7
2018-06-15,52,9.4
2018-06-16,33,5.9
2018-06-17,27,4.9
2018-06-18,14,2.5
2018-06-19,28,5.0
2018-06-20,39,7.1
2018-06-21,22,4.0
2018-06-22,32,5.7
2018-06-23,46,8.2
2018-06-24,46,8.2
2018-06-25,35,6.3
2018-06-26,37,6.7
2018-06-27,43,7.8
2018-06-28,34,6.1
2018-06-29,42,7.5
2018-06-30,33,6.0
2018-07-01,18,3.2
2018-07-02,33,6.0
2018-07-03,34,6.2
2018-07-04,59,13.2
2018-07-05,42,7.5
2018-07-06,46,8.2
2018-07-07,57,12.2
2018-07-08,80,24.4
2018-07-09,99,35.1
2018-07-10,38,6.8
2018-07-11,47,8.4
2018-07-12,47,8.4
2018-07-13,35,6.3
2018-07-14,40,7.2
2018-07-15,42,7.6
2018-07-16,33,5.9
2018-07-19,26,4.6
2018-07-20,,5.2
2018-07-21,80,24.9
2018-07-22,22,3.9
2018-07-23,29,5.2
2018-07-24,37,6.6
2018-07-25,41,7.3
2018-07-26,44,7.9
2018-07-27,38,6.8
2018-07-28,44,7.9
2018-07-29,43,7.7
2018-07-30,54,10.5
2018-07-31,43,7.8
2018-08-01,53,10.1
2018-08-02,57,12.2
2018-08-03,52,9.4
2018-08-04,37,6.7
2018-08-05,42,7.6
2018-08-06,42,7.5
2018-08-07,66,17.0
2018-08-08,60,13.7
2018-08-09,65,16.7
2018-08-10,51,9.1
2018-08-11,29,5.3
2018-08-12,42,7.6
2018-08-13,48,8.6
2018-08-14,29,5.3
2018-08-15,55,11.2
2018-08-16,28,5.1
2018-08-17,16,2.8
2018-08-18,23,4.1
2018-08-19,26,4.7
2018-08-20,32,5.8
2018-08-21,42,7.6
2018-08-22,37,6.6
2018-08-23,29,5.3
2018-08-24,36,6.5
2018-08-25,20,3.6
2018-08-26,28,5.0
2018-08-27,37,6.7
2018-08-28,33,6.0
2018-08-29,38,6.9
2018-08-30,41,7.3
2018-08-31,34,6.1
2018-09-01,44,7.9
2018-09-02,46,8.2
2018-09-03,30,5.4
2018-09-04,29,5.2
2018-09-05,32,5.7
2018-09-06,43,7.8
2018-09-07,29,5.2
2018-09-08,34,6.2
2018-09-09,31,5.6
2018-09-10,31,5.6
2018-09-11,35,6.3
2018-09-12,28,5.1
2018-09-13,29,5.2
2018-09-14,39,7.1
2018-09-15,28,5.1
2018-09-16,42,7.5
2018-09-17,43,7.8
2018-09-18,35,6.3
2018-09-19,34,6.2
2018-09-20,36,6.5
2018-09-21,35,6.3
2018-09-22,33,6.0
2018-09-23,36,6.5
2018-09-24,21,3.7
2018-09-25,15,2.7
2018-09-26,31,5.6
2018-09-27,34,6.1
2018-09-28,33,6.0
2018-09-29,28,5.0
2018-09-30,51,9.1
2018-10-01,25,4.5
2018-10-02,14,2.5
2018-10-03,12,2.1
2018-10-04,10,1.8
2018-10-05,24,4.4
2018-10-06,18,3.3
2018-10-07,16,2.9
2018-10-08,21,3.8
2018-10-09,25,4.5
2018-10-10,21,3.8
2018-10-11,31,5.5
2018-10-12,18,3.2
2018-10-13,6,1.0
2018-10-14,20,3.6
2018-10-15,4,0.8
2018-10-16,0,-0.8
2018-10-17,14,2.6
2018-10-18,2,0.3
2018-10-19,17,3.0
2018-10-20,20,3.6
2018-10-21,12,2.2
2018-10-22,20,3.6
2018-10-23,28,5.0
2018-10-24,27,4.8
2018-10-25,33,5.9
2018-10-26,44,8.0
2018-10-27,46,8.2
2018-10-28,51,9.1
2018-10-29,47,8.4
2018-10-30,18,3.2
2018-10-31,17,3.0
2018-11-01,45,8.1
2018-11-02,39,7.0
2018-11-03,52,9.4
2018-11-04,54,10.7
2018-11-05,,6.071429
2018-11-07,46,8.3
2018-11-09,,5.8
2018-11-10,52,9.9
2018-11-11,48,8.7
2018-11-12,17,3.1
2018-11-13,22,4.0
2018-11-14,26,4.6
2018-11-15,54,10.9
2018-11-16,58,13.1
2018-11-17,70,19.5
2018-11-18,74,21.7
2018-11-19,59,13.5
2018-11-20,59,13.5
2018-11-21,64,15.9
2018-11-22,78,23.4
2018-11-23,75,22.2
2018-11-24,68,18.0
2018-11-25,57,12.1
2018-11-26,52,9.7
2018-11-27,55,11.5
2018-11-28,53,10.3
2018-11-29,52,9.9
2018-11-30,43,7.8
2018-12-01,48,8.7
2018-12-02,56,12.0
2018-12-03,60,14.1
2018-12-04,56,11.7
2018-12-05,,11.555556
2018-12-06,57,12.2
2018-12-07,31,5.6
2018-12-08,61,14.2
2018-12-09,85,27.5
2018-12-10,46,8.3
2018-12-11,48,8.6
2018-12-12,55,11.0
2018-12-13,54,10.9
2018-12-14,63,15.4
2018-12-15,78,23.8
2018-12-16,73,20.9
2018-12-17,65,16.8
2018-12-18,53,10.3
2018-12-19,61,14.3
2018-12-20,68,18.3
2018-12-21,64,16.3
2018-12-22,75,21.9
2018-12-23,73,21.0
2018-12-24,84,26.7
2018-12-25,59,13.4
2018-12-26,37,6.6
2018-12-27,44,8.0
2018-12-28,36,6.4
2018-12-29,28,5.0
2018-12-30,57,12.3
2018-12-31,55,11.1
2019-01-01,71,19.9
2019-01-02,54,10.9
2019-01-03,70,19.2
2019-01-04,71,19.6
2019-01-05,59,13.5
2019-01-06,57,12.1
2019-01-07,59,13.6
2019-01-08,66,17.3
2019-01-09,44,8.0
2019-01-10,57,12.1
2019-01-11,64,16.2
2019-01-12,58,13.1
2019-01-13,55,11.4
2019-01-14,53,10.3
2019-01-15,29,5.3
2019-01-16,50,9.0
2019-01-17,52,9.9
2019-01-18,44,8.0
2019-01-19,58,12.6
2019-01-20,63,15.5
2019-01-21,31,5.6
2019-01-22,19,3.5
2019-01-23,44,8.0
2019-01-24,51,9.2
2019-01-25,57,12.5
2019-01-26,61,14.4
2019-01-27,60,13.8
2019-01-28,57,12.3
2019-01-29,59,13.2
2019-01-30,52,9.4
2019-01-31,53,10.2
2019-02-01,53,10.4
2019-02-02,36,6.5
2019-02-03,31,5.6
2019-02-04,35,6.3
2019-02-05,10,1.8
2019-02-06,11,1.9
2019-02-07,32,5.7
2019-02-08,54,10.9
2019-02-09,63,15.4
2019-02-10,71,20.0
2019-02-11,24,4.4
2019-02-12,54,10.7
2019-02-13,53,10.3
2019-02-14,37,6.6
2019-02-15,48,8.7
2019-02-16,26,4.6
2019-02-17,36,6.5
2019-02-18,17,3.0
2019-02-19,28,5.1
2019-02-20,22,4.0
2019-02-21,16,2.9
2019-02-22,29,5.3
2019-02-23,52,9.5
2019-02-24,52,9.5
2019-02-25,63,15.4
2019-02-26,56,11.8
2019-02-27,54,10.9
2019-02-28,55,11.2
2019-03-01,44,7.9
2019-03-02,47,8.5
2019-03-03,38,6.8
2019-03-04,32,5.8
2019-03-05,52,9.5
2019-03-06,33,5.9
2019-03-07,32,5.8
2019-03-08,28,5.0
2019-03-09,45,8.1
2019-03-10,39,7.0
2019-03-11,28,5.1
2019-03-12,27,4.9
2019-03-13,19,3.4
2019-03-14,28,5.0
2019-03-15,24,4.4
2019-03-16,29,5.2
2019-03-17,28,5.0
2019-03-18,42,7.6
2019-03-19,39,7.1
2019-03-20,32,5.8
2019-03-21,30,5.4
2019-03-22,28,5.1
2019-03-23,44,8.0
2019-03-24,49,8.9
2019-03-25,53,10.1
2019-03-26,53,10.4
2019-03-27,60,13.7
2019-03-28,53,10.1
2019-03-29,43,7.7
2019-03-30,43,7.8
2019-03-31,36,6.5
2019-04-01,29,5.3
2019-04-02,24,4.4
2019-04-03,27,4.9
2019-04-04,38,6.9
2019-04-05,33,5.9
2019-04-06,22,4.0
2019-04-07,38,6.9
2019-04-08,42,7.6
2019-04-09,37,6.7
2019-04-10,52,9.5
2019-04-11,16,2.9
2019-04-12,17,3.1
2019-04-13,46,8.2
2019-04-14,52,9.5
2019-04-15,34,6.1
2019-04-16,38,6.8
2019-04-17,33,6.0
2019-04-18,30,5.4
2019-04-19,42,7.6
2019-04-20,41,7.3
2019-04-21,18,3.2
2019-04-22,33,5.9
2019-04-23,38,6.8
2019-04-24,23,4.2
2019-04-25,42,7.6
2019-04-26,31,5.5
2019-04-27,24,4.4
2019-04-28,19,3.5
2019-04-29,25,4.5
2019-04-30,23,4.2
2019-05-01,30,5.4
2019-05-02,33,6.0
2019-05-03,38,6.9
2019-05-04,42,7.5
2019-05-05,32,5.7
2019-05-06,27,4.8
2019-05-07,46,8.3
2019-05-08,38,6.8
2019-05-09,21,3.7
2019-05-10,29,5.2
2019-05-11,23,4.1
2019-05-12,20,3.6
2019-05-13,26,4.6
2019-05-14,40,7.2
2019-05-15,31,5.6
2019-05-16,36,6.5
2019-05-17,36,6.5
2019-05-18,26,4.6
2019-05-19,26,4.7
2019-05-20,19,3.4
2019-05-21,30,5.4
2019-05-22,33,6.0
2019-05-23,22,4.0
2019-05-24,22,4.0
2019-05-25,21,3.7
2019-05-26,26,4.6
2019-05-27,21,3.8
2019-05-28,22,4.0
2019-05-29,31,5.6
2019-05-30,31,5.5
2019-05-31,34,6.2
2019-06-01,37,6.7
2019-06-02,53,10.1
2019-06-03,42,7.6
2019-06-04,33,5.9
2019-06-05,32,5.7
2019-06-06,41,7.3
2019-06-07,46,8.2
2019-06-08,31,5.6
2019-06-09,44,8.0
2019-06-10,39,7.0
2019-06-11,27,4.9
2019-06-12,39,7.0
2019-06-13,52,9.5
2019-06-14,27,4.9
2019-06-15,51,9.3
2019-06-16,41,7.3
2019-06-17,35,6.3
2019-06-18,29,5.2
2019-06-19,25,4.5
2019-06-20,22,4.0
2019-06-21,29,5.3
2019-06-22,43,7.8
2019-06-23,28,5.0
2019-06-24,45,8.1
2019-06-25,31,5.5
2019-06-26,20,3.6
2019-06-27,26,4.6
2019-06-28,,5.833333
2019-06-29,33,5.9
2019-07-02,30,5.4
2019-07-03,32,5.8
2019-07-04,50,9.0
2019-07-05,44,8.0
2019-07-06,35,6.3
2019-07-07,31,5.5
2019-07-08,19,3.5
2019-07-09,41,7.4
2019-07-10,46,8.3
2019-07-11,41,7.3
2019-07-12,49,8.8
2019-07-13,42,7.5
2019-07-14,39,7.1
2019-07-15,43,7.7
2019-07-16,47,8.5
2019-07-17,39,7.1
2019-07-18,26,4.6
2019-07-19,31,5.5
2019-07-20,26,4.7
2019-07-21,54,10.6
2019-07-22,52,9.4
2019-07-23,37,6.7
2019-07-24,46,8.3
2019-07-25,39,7.1
2019-07-26,30,5.4
2019-07-27,37,6.6
2019-07-28,40,7.2
2019-07-29,34,6.2
2019-07-30,46,8.3
2019-07-31,48,8.6
2019-08-01,31,5.5
2019-08-02,40,7.2
2019-08-03,37,6.7
2019-08-04,27,4.8
2019-08-05,41,7.4
2019-08-06,32,5.7
2019-08-07,34,6.2
2019-08-08,38,6.9
2019-08-09,52,9.7
2019-08-10,39,7.0
2019-08-11,29,5.3
2019-08-12,18,3.2
2019-08-13,31,5.6
2019-08-14,34,6.1
2019-08-15,29,5.3
2019-08-16,32,5.8
2019-08-17,34,6.1
2019-08-18,34,6.2
2019-08-19,32,5.8
2019-08-20,31,5.6
2019-08-21,26,4.7
2019-08-22,37,6.7
2019-08-23,51,9.2
2019-08-24,26,4.6
2019-08-25,15,2.7
2019-08-26,22,3.9
2019-08-27,28,5.0
2019-08-28,37,6.6
2019-08-29,32,5.7
2019-08-30,39,7.1
2019-08-31,38,6.8
2019-09-01,27,4.9
2019-09-02,30,5.4
2019-09-03,32,5.8
2019-09-04,36,6.5
2019-09-05,36,6.4
2019-09-06,36,6.4
2019-09-07,42,7.5
2019-09-08,27,4.9
2019-09-09,28,5.0
2019-09-10,28,5.1
2019-09-11,29,5.3
2019-09-12,36,6.5
2019-09-13,42,7.5
2019-09-14,19,3.4
2019-09-15,18,3.2
2019-09-16,18,3.3
2019-09-17,21,3.7
2019-09-18,33,5.9
2019-09-19,26,4.6
2019-09-20,22,4.0
2019-09-21,32,5.7
2019-09-22,34,6.2
2019-09-23,24,4.3
2019-09-24,16,2.8
2019-09-25,19,3.5
2019-09-26,21,3.7
2019-09-27,18,3.3
2019-09-28,25,4.5
2019-09-29,25,4.5
2019-09-30,26,4.6
2019-10-01,24,4.3
2019-10-02,32,5.7
2019-10-03,37,6.7
2019-10-04,39,7.0
2019-10-05,29,5.2
2019-10-06,32,5.8
2019-10-07,31,5.6
2019-10-08,34,6.2
2019-10-09,31,5.6
2019-10-10,23,4.1
2019-10-11,23,4.2
2019-10-12,42,7.5
2019-10-13,38,6.8
2019-10-14,41,7.3
2019-10-15,42,7.5
2019-10-16,44,8.0
2019-10-17,37,6.7
2019-10-18,45,8.1
2019-10-19,51,9.1
2019-10-20,78,23.6
2019-10-21,49,8.9
2019-10-22,37,6.7
2019-10-23,43,7.7
2019-10-24,32,5.8
2019-10-25,19,3.5
2019-10-26,60,14.0
2019-10-27,48,8.7
2019-10-28,27,4.9
2019-10-29,49,8.9
2019-10-30,22,4.0
2019-10-31,55,11.2
2019-11-01,59,13.3
2019-11-02,63,15.3
2019-11-03,61,14.5
2019-11-04,56,11.9
2019-11-05,53,10.4
2019-11-06,52,9.4
2019-11-07,33,6.0
2019-11-08,42,7.6
2019-11-09,44,8.0
2019-11-10,55,11.3
2019-11-11,53,10.4
2019-11-12,40,7.2
2019-11-13,39,7.1
2019-11-14,55,11.1
2019-11-15,59,13.5
2019-11-16,74,21.4
2019-11-17,67,17.7
2019-11-18,53,10.0
2019-11-19,55,11.2
2019-11-20,16,2.8
2019-11-21,4,0.7
2019-11-22,46,8.2
2019-11-23,61,14.7
2019-11-24,68,18.2
2019-11-25,58,12.9
2019-11-26,37,6.6
2019-11-27,50,9.0
2019-11-28,32,5.7
2019-11-29,15,2.7
2019-11-30,55,11.0
2019-12-01,60,13.7
2019-12-02,64,16.2
2019-12-03,59,13.3
2019-12-04,52,9.6
2019-12-05,44,7.9
2019-12-06,56,11.7
2019-12-07,89,29.6
2019-12-08,68,18.4
2019-12-09,,15.769231
2019-12-11,56,11.8
2019-12-14,64,16.3
2019-12-17,14,2.6
2019-12-20,65,16.5
2019-12-23,31,5.6
2019-12-26,53,10.4
2019-12-29,53,10.0
2020-01-01,166,77.0
2020-01-02,,8.666667
2020-01-03,72,20.2
2020-01-04,71,20.1
2020-01-05,71,20.1
2020-01-06,60,13.7
2020-01-07,43,7.8
2020-01-08,56,11.7
2020-01-09,47,8.4
2020-01-10,19,3.5
2020-01-11,52,9.5
2020-01-12,70,19.5
2020-01-13,54,10.7
2020-01-14,59,13.4
2020-01-15,63,15.6
2020-01-16,47,8.5
2020-01-17,55,11.1
2020-01-18,76,22.3
2020-01-19,66,17.3
2020-01-20,43,7.7
2020-01-21,39,7.1
2020-01-22,55,11.1
2020-01-23,67,17.6
2020-01-24,61,14.5
2020-01-25,86,27.9
2020-01-26,68,18.2
2020-01-27,63,15.8
2020-01-28,34,6.2
2020-01-29,36,6.4
2020-01-30,18,3.3
2020-01-31,54,10.9
2020-02-01,110,39.2
2020-02-02,56,11.9
2020-02-03,44,7.9
2020-02-04,16,2.9
2020-02-05,28,5.0
2020-02-06,44,7.9
2020-02-07,60,13.7
2020-02-08,65,16.6
2020-02-09,27,4.8
2020-02-10,32,5.8
2020-02-11,4,0.7
2020-02-12,26,4.7
2020-02-13,53,10.0
2020-02-14,55,11.1
2020-02-15,58,13.1
2020-02-16,55,11.4
2020-02-17,56,11.7
2020-02-18,53,10.0
2020-02-19,64,16.1
2020-02-20,50,9.0
2020-02-21,31,5.5
2020-02-22,31,5.5
2020-02-23,34,6.2
2020-02-24,33,6.0
2020-02-25,7,1.2
2020-02-26,12,2.2
2020-02-27,41,7.3
2020-02-28,53,10.2
2020-02-29,54,10.7
2020-03-01,28,5.1
2020-03-02,21,3.8
2020-03-03,16,2.9
2020-03-04,26,4.6
2020-03-05,34,6.2
2020-03-06,19,3.5
2020-03-07,21,3.7
2020-03-08,24,4.4
2020-03-09,30,5.4
2020-03-10,21,3.7
2020-03-11,21,3.7
2020-03-12,24,4.4
2020-03-13,12,2.2
2020-03-14,27,4.8
2020-03-15,33,6.0
2020-03-16,25,4.5
2020-03-17,17,3.0
2020-03-18,13,2.4
2020-03-19,16,2.9
2020-03-20,36,6.5
2020-03-21,32,5.7
2020-03-22,42,7.5
2020-03-23,32,5.7
2020-03-24,20,3.6
2020-03-25,24,4.3
2020-03-26,9,1.7
2020-03-27,17,3.1
2020-03-28,34,6.2
2020-03-29,35,6.3
2020-03-30,25,4.5
2020-03-31,33,5.9
2020-04-01,37,6.6
2020-04-02,20,3.6
2020-04-03,37,6.6
2020-04-04,37,6.6
2020-04-05,28,5.0
2020-04-06,22,4.0
2020-04-07,11,1.9
2020-04-08,,3.923077
2020-04-09,16,2.8
2020-04-10,29,5.2
2020-04-11,20,3.6
2020-04-12,14,2.6
2020-04-13,21,3.8
2020-04-14,10,1.8
2020-04-15,28,5.1
2020-04-16,24,4.3
2020-04-17,38,6.8
2020-04-18,39,7.1
2020-04-19,37,6.6
2020-04-20,33,5.9
2020-04-21,32,5.7
2020-04-22,28,5.0
2020-04-23,29,5.2
2020-04-24,29,5.2
2020-04-25,30,5.4
2020-04-26,32,5.8
2020-04-27,32,5.8
2020-04-28,35,6.3
2020-04-29,53,10.0
2020-04-30,43,7.8
2020-05-01,31,5.6
2020-05-02,18,3.3
2020-05-03,31,5.5
2020-05-04,48,8.7
2020-05-05,42,7.6
2020-05-06,37,6.6
2020-05-07,38,6.8
2020-05-08,38,6.9
2020-05-09,39,7.1
2020-05-10,34,6.1
2020-05-11,28,5.0
2020-05-12,29,5.3
2020-05-13,35,6.3
2020-05-14,29,5.3
2020-05-15,34,6.2
2020-05-16,38,6.8
2020-05-17,32,5.7
2020-05-18,29,5.2
2020-05-19,25,4.5
2020-05-20,26,4.6
2020-05-21,31,5.6
2020-05-22,26,4.7
2020-05-23,26,4.6
2020-05-24,27,4.9
2020-05-25,25,4.5
2020-05-26,31,5.6
2020-05-27,32,5.7
2020-05-28,27,4.9
2020-05-29,37,6.6
2020-05-30,41,7.4
2020-05-31,37,6.6
2020-06-01,,7.0
2020-06-02,33,5.9
2020-06-05,34,6.1
2020-06-08,28,5.0
2020-06-11,42,7.5
2020-06-12,36,6.4
2020-06-13,21,3.7
2020-06-14,26,4.7
2020-06-15,22,4.0
2020-06-16,23,4.2
2020-06-17,21,3.8
2020-06-18,18,3.3
2020-06-19,21,3.8
2020-06-20,25,4.5
2020-06-21,27,4.8
2020-06-22,26,4.7
2020-06-23,27,4.9
2020-06-24,39,7.0
2020-06-25,38,6.9
2020-06-26,49,8.9
2020-06-27,62,14.8
2020-06-28,28,5.1
2020-06-29,32,5.7
2020-06-30,24,4.3
2020-07-01,24,4.4
2020-07-02,40,7.2
2020-07-03,46,8.2
2020-07-04,72,20.2
2020-07-05,47,8.4
2020-07-06,27,4.9
2020-07-07,34,6.2
2020-07-08,32,5.8
2020-07-09,27,4.9
2020-07-10,35,6.3
2020-07-11,38,6.9
2020-07-12,40,7.2
2020-07-13,39,7.1
2020-07-14,44,8.0
2020-07-15,42,7.5
2020-07-16,21,3.8
2020-07-17,27,4.8
2020-07-18,19,3.4
2020-07-19,28,5.1
2020-07-20,39,7.1
2020-07-21,28,5.1
2020-07-22,33,6.0
2020-07-23,29,5.2
2020-07-24,22,4.0
2020-07-25,17,3.1
2020-07-26,29,5.2
2020-07-27,26,4.7
2020-07-28,22,3.9
2020-07-29,34,6.2
2020-07-30,27,4.8
2020-07-31,31,5.6
2020-08-01,44,8.0
2020-08-02,29,5.2
2020-08-03,38,6.9
2020-08-04,36,6.4
2020-08-05,27,4.8
2020-08-06,26,4.6
2020-08-07,40,7.2
2020-08-08,31,5.6
2020-08-09,24,4.4
2020-08-10,30,5.4
2020-08-11,38,6.9
2020-08-12,44,7.9
2020-08-13,51,9.1
2020-08-14,42,7.5
2020-08-15,38,6.8
2020-08-16,70,19.3
2020-08-17,45,8.1
2020-08-18,57,12.4
2020-08-19,59,13.3
2020-08-20,54,10.6
2020-08-21,55,11.0
2020-08-22,46,8.3
2020-08-23,56,11.6
2020-08-24,69,18.5
2020-08-25,69,18.9
2020-08-26,71,19.9
2020-08-27,62,15.1
2020-08-28,63,15.4
2020-08-29,52,9.5
2020-08-30,30,5.4
2020-08-31,29,5.3
2020-09-01,25,4.5
2020-09-02,30,5.4
2020-09-03,38,6.8
2020-09-04,37,6.6
2020-09-05,36,6.5
2020-09-06,44,8.0
2020-09-07,40,7.2
2020-09-08,54,10.9
2020-09-09,38,6.8
2020-09-10,31,5.5
2020-09-11,51,9.1
2020-09-12,57,12.2
2020-09-13,58,13.1
2020-09-14,49,8.9
2020-09-15,52,9.9
2020-09-16,52,9.5
2020-09-17,43,7.8
2020-09-18,55,11.0
2020-09-19,56,11.9
2020-09-20,59,13.6
2020-09-21,58,13.0
2020-09-22,52,9.9
2020-09-23,53,10.2
2020-09-24,45,8.1
2020-09-25,51,9.3
2020-09-26,36,6.4
2020-09-27,39,7.0
2020-09-28,43,7.8
2020-09-29,55,11.3
2020-09-30,49,8.8
2020-10-01,51,9.2
2020-10-02,54,10.7
2020-10-03,51,9.3
2020-10-04,52,9.6
2020-10-05,48,8.7
2020-10-06,53,10.1
2020-10-07,55,11.5
2020-10-08,52,9.6
2020-10-09,39,7.1
2020-10-10,51,9.1
2020-10-11,56,11.7
2020-10-12,57,12.1
2020-10-13,58,12.9
2020-10-14,49,8.9
2020-10-15,53,10.1
2020-10-16,55,11.3
2020-10-17,54,10.5
2020-10-18,53,10.3
2020-10-19,47,8.5
2020-10-20,55,11.4
2020-10-21,58,13.0
2020-10-22,55,11.1
2020-10-23,50,9.0
2020-10-24,51,9.2
2020-10-25,53,10.2
2020-10-26,43,7.7
2020-10-27,24,4.4
2020-10-28,53,10.0
2020-10-29,53,10.2
2020-10-30,53,10.3
2020-10-31,67,17.9
2020-11-01,61,14.7
2020-11-02,29,5.2
2020-11-03,52,9.6
2020-11-04,54,10.6
2020-11-05,49,8.9
2020-11-06,42,7.6
2020-11-07,54,10.6
2020-11-08,23,4.1
2020-11-09,48,8.6
2020-11-10,48,8.7
2020-11-11,59,13.5
2020-11-12,61,14.4
2020-11-13,65,16.8
2020-11-14,69,18.7
2020-11-15,80,24.8
2020-11-16,55,11.0
2020-11-17,56,11.9
2020-11-18,52,9.7
2020-11-19,53,10.2
2020-11-20,56,12.0
2020-11-21,64,16.0
2020-11-22,63,15.4
2020-11-23,52,9.5
2020-11-24,38,6.9
2020-11-25,57,12.5
2020-11-26,59,13.6
2020-11-27,55,11.3
2020-11-28,74,21.5
2020-11-29,75,22.1
2020-11-30,46,8.3
2020-12-01,58,13.0
2020-12-02,52,9.4
2020-12-03,32,5.8
2020-12-04,63,15.3
2020-12-05,80,24.5
2020-12-06,80,24.5
2020-12-07,51,9.3
2020-12-08,26,4.6
2020-12-09,55,11.4
2020-12-10,39,7.0
2020-12-11,65,16.4
2020-12-12,70,19.3
2020-12-13,37,6.7
2020-12-14,56,11.6
2020-12-15,57,12.4
2020-12-16,66,17.4
2020-12-17,66,16.9
2020-12-18,81,25.0
2020-12-19,83,26.2
2020-12-20,79,24.0
2020-12-21,78,23.4
2020-12-22,59,13.4
2020-12-23,60,13.9
2020-12-24,65,16.7
2020-12-25,116,41.7
2020-12-26,79,24.0
2020-12-27,66,16.9
2020-12-28,40,7.2
2020-12-29,45,8.1
2020-12-30,25,4.5
2020-12-31,111,39.5
2021-01-01,207,131.9
2021-01-02,76,22.5
2021-01-03,77,23.2
2021-01-04,69,18.6
2021-01-05,65,16.4
2021-01-06,64,16.2
2021-01-07,63,15.6
2021-01-08,69,18.5
2021-01-09,63,15.6
2021-01-10,61,14.4
2021-01-11,58,12.6
2021-01-12,63,15.6
2021-01-13,63,15.5
2021-01-14,70,19.2
2021-01-15,68,18.1
2021-01-16,66,16.9
2021-01-17,70,19.4
2021-01-18,54,10.7
2021-01-19,49,8.8
2021-01-20,36,6.4
2021-01-21,25,4.5
2021-01-22,31,5.5
2021-01-23,37,6.7
2021-01-24,32,5.7
2021-01-25,20,3.6
2021-01-26,28,5.1
2021-01-27,50,9.0
2021-01-28,30,5.4
2021-01-29,31,5.5
2021-01-30,59,13.4
2021-01-31,55,11.2
2021-02-01,47,8.5
2021-02-02,53,10.1
2021-02-03,35,6.3
2021-02-04,22,4.0
2021-02-05,48,8.7
2021-02-06,59,13.5
2021-02-07,62,14.8
2021-02-08,56,11.7
2021-02-09,51,9.1
2021-02-10,49,8.8
2021-02-11,52,9.9
2021-02-12,33,6.0
2021-02-13,29,5.3
2021-02-14,31,5.6
2021-02-15,32,5.8
2021-02-16,22,4.0
2021-02-17,13,2.3
2021-02-18,21,3.8
2021-02-19,58,12.6
2021-02-20,52,9.7
2021-02-21,23,4.1
2021-02-22,51,9.2
2021-02-23,43,7.7
2021-02-24,39,7.1
2021-02-25,30,5.4
2021-02-26,47,8.4
2021-02-27,39,7.0
2021-02-28,14,2.5
2021-03-01,31,5.5
2021-03-02,35,6.3
2021-03-03,47,8.5
2021-03-04,38,6.8
2021-03-05,52,9.4
2021-03-06,48,8.6
2021-03-07,53,10.3
2021-03-08,37,6.6
2021-03-09,41,7.3
2021-03-10,38,6.9
2021-03-11,25,4.5
2021-03-12,22,4.0
2021-03-13,21,3.8
2021-03-14,29,5.2
2021-03-15,28,5.0
2021-03-16,29,5.2
2021-03-17,42,7.6
2021-03-18,53,10.0
2021-03-19,52,9.7
2021-03-20,34,6.1
2021-03-21,33,6.0
2021-03-22,14,2.5
2021-03-23,26,4.6
2021-03-24,22,4.0
2021-03-25,32,5.7
2021-03-26,27,4.8
2021-03-27,33,5.9
2021-03-28,39,7.0
2021-03-29,44,7.9
2021-03-30,31,5.5
2021-03-31,37,6.7
2021-04-01,46,8.2
2021-04-02,51,9.3
2021-04-03,53,10.1
2021-04-04,61,14.4
2021-04-05,48,8.6
2021-04-06,46,8.3
2021-04-07,39,7.1
2021-04-08,37,6.7
2021-04-09,34,6.1
2021-04-10,38,6.9
2021-04-11,39,7.0
2021-04-12,39,7.1
2021-04-13,46,8.3
2021-04-14,37,6.6
2021-04-15,41,7.3
2021-04-16,37,6.6
2021-04-17,29,5.3
2021-04-18,19,3.4
2021-04-19,21,3.7
2021-04-20,31,5.5
2021-04-21,33,6.0
2021-04-22,36,6.5
2021-04-23,35,6.3
2021-04-24,28,5.1
2021-04-25,27,4.8
2021-04-26,26,4.6
2021-04-27,15,2.7
2021-04-28,18,3.3
2021-04-29,22,4.0
2021-04-30,33,6.0
2021-05-01,31,5.5
2021-05-02,32,5.7
2021-05-03,29,5.3
2021-05-04,36,6.4
2021-05-05,52,9.5
2021-05-06,47,8.5
2021-05-07,33,6.0
2021-05-08,28,5.0
2021-05-09,38,6.9
2021-05-10,32,5.8
2021-05-11,47,8.5
2021-05-12,53,10.0
2021-05-13,52,9.8
2021-05-14,49,8.8
2021-05-15,32,5.7
2021-05-16,34,6.2
2021-05-17,37,6.6
2021-05-18,43,7.8
2021-05-19,37,6.6
2021-05-20,27,4.8
2021-05-21,36,6.5
2021-05-22,42,7.5
2021-05-23,33,6.0
2021-05-24,40,7.2
2021-05-25,37,6.7
2021-05-26,33,5.9
2021-05-27,29,5.2
2021-05-28,36,6.5
2021-05-29,28,5.1
2021-05-30,19,3.5
2021-05-31,29,5.3
2021-06-01,,4.411765
2021-06-02,33,6.0
2021-06-03,26,4.7
2021-06-04,28,5.1
2021-06-05,33,6.0
2021-06-06,27,4.8
2021-06-07,20,3.6
2021-06-08,21,3.8
2021-06-09,29,5.2
2021-06-10,29,5.3
2021-06-11,45,8.1
2021-06-12,41,7.3
2021-06-13,39,7.0
2021-06-14,,10.333333
2021-06-15,79,24.1
2021-06-17,,14.0
2021-06-18,52,9.4
2021-06-19,52,9.7
2021-06-20,53,10.4
2021-06-21,51,9.1
2021-06-22,55,11.1
2021-06-23,51,9.1
2021-06-24,40,7.2
2021-06-25,34,6.2
2021-06-26,46,8.2
2021-06-27,42,7.5
2021-06-28,48,8.6
2021-06-29,63,15.3
2021-06-30,46,8.3
2021-07-01,55,11.0
2021-07-02,41,7.3
2021-07-03,35,6.3
2021-07-04,82,25.5
2021-07-05,34,6.2
2021-07-06,35,6.3
2021-07-07,33,6.0
2021-07-08,42,7.6
2021-07-09,68,18.4
2021-07-10,52,9.9
2021-07-11,55,11.3
2021-07-12,56,11.9
2021-07-13,56,12.0
2021-07-14,30,5.4
2021-07-15,40,7.2
2021-07-16,39,7.0
2021-07-17,39,7.0
2021-07-18,36,6.5
2021-07-19,23,4.2
2021-07-20,34,6.1
2021-07-21,45,8.1
2021-07-22,46,8.2
2021-07-23,37,6.6
2021-07-24,37,6.6
2021-07-25,26,4.6
2021-07-26,33,5.9
2021-07-27,52,9.4
2021-07-28,34,6.2
2021-07-29,29,5.3
2021-07-30,28,5.1
2021-07-31,36,6.5
2021-08-01,34,6.2
2021-08-02,34,6.2
2021-08-03,44,7.9
2021-08-04,52,9.5
2021-08-05,51,9.2
2021-08-06,38,6.9
2021-08-07,51,9.2
2021-08-08,43,7.8
2021-08-09,32,5.8
2021-08-10,24,4.4
2021-08-11,28,5.0
2021-08-12,21,3.8
2021-08-13,26,4.7
2021-08-14,28,5.1
2021-08-15,23,4.2
2021-08-16,19,3.5
2021-08-17,52,9.7
2021-08-18,29,5.3
2021-08-19,33,6.0
2021-08-20,41,7.3
2021-08-21,37,6.7
2021-08-22,43,7.8
2021-08-23,51,9.2
2021-08-24,57,12.1
2021-08-25,54,10.5
2021-08-26,51,9.2
2021-08-27,34,6.2
2021-08-28,52,9.7
2021-08-29,34,6.2
2021-08-30,37,6.7
2021-08-31,28,5.1
2021-09-01,28,5.0
2021-09-02,34,6.2
2021-09-03,47,8.5
2021-09-04,54,10.5
2021-09-05,45,8.1
2021-09-06,31,5.5
2021-09-07,38,6.8
2021-09-08,54,10.6
2021-09-09,54,10.8
2021-09-10,53,10.3
2021-09-11,46,8.2
2021-09-12,52,9.7
2021-09-13,49,8.9
2021-09-14,57,12.5
2021-09-15,56,12.0
2021-09-16,58,12.9
2021-09-17,56,11.9
2021-09-18,48,8.7
2021-09-19,47,8.4
2021-09-20,37,6.7
2021-09-21,42,7.5
2021-09-22,46,8.3
2021-09-23,41,7.3
2021-09-24,27,4.9
2021-09-25,25,4.5
2021-09-26,23,4.2
2021-09-27,37,6.7
2021-09-28,24,4.4
2021-09-29,28,5.0
2021-09-30,28,5.0
2021-10-01,34,6.1
2021-10-02,43,7.7
2021-10-03,47,8.4
2021-10-04,36,6.4
2021-10-05,23,4.1
2021-10-06,27,4.8
2021-10-07,31,5.5
2021-10-08,29,5.2
2021-10-09,20,3.6
2021-10-10,34,6.1
2021-10-11,52,9.9
2021-10-12,63,15.6
2021-10-13,41,7.4
2021-10-14,43,7.7
2021-10-15,24,4.3
2021-10-16,41,7.4
2021-10-17,41,7.4
2021-10-18,33,5.9
2021-10-19,52,9.8
2021-10-20,54,10.7
2021-10-21,48,8.7
2021-10-22,49,8.8
2021-10-23,47,8.5
2021-10-24,37,6.7
2021-10-25,34,6.2
2021-10-26,24,4.4
2021-10-27,25,4.5
2021-10-28,44,8.0
2021-10-29,42,7.5
2021-10-30,54,10.8
2021-10-31,56,12.0
2021-11-01,46,8.3
2021-11-02,42,7.5
2021-11-03,47,8.4
2021-11-04,53,10.0
2021-11-05,58,12.7
2021-11-06,56,11.9
2021-11-07,57,12.4
2021-11-08,51,9.1
2021-11-09,46,8.3
2021-11-10,51,9.1
2021-11-11,47,8.5
2021-11-12,52,9.4
2021-11-13,56,12.0
2021-11-14,61,14.3
2021-11-15,55,11.3
2021-11-16,,8.555556
2021-11-18,51,9.2
2021-11-19,,18.0
2021-11-20,63,15.6
2021-11-21,56,12.0
2021-11-22,35,6.3
2021-11-23,56,11.7
2021-11-24,54,10.7
2021-11-25,18,3.2
2021-11-26,41,7.4
2021-11-27,61,14.7
2021-11-28,61,14.5
2021-11-29,56,11.6
2021-11-30,56,11.8
2021-12-01,54,10.9
2021-12-02,59,13.2
2021-12-03,62,14.8
2021-12-04,70,19.1
2021-12-05,71,20.0
2021-12-06,59,13.6
2021-12-07,47,8.5
2021-12-08,48,8.6
2021-12-09,41,7.3
2021-12-10,25,4.5
2021-12-11,55,11.4
2021-12-12,74,21.2
2021-12-13,57,12.1
2021-12-14,34,6.1
2021-12-15,35,6.3
2021-12-16,62,15.2
2021-12-17,66,17.2
2021-12-18,45,8.1
2021-12-19,61,14.5
2021-12-20,65,16.7
2021-12-21,66,17.3
2021-12-22,65,16.4
2021-12-23,64,16.1
2021-12-24,38,6.8
2021-12-25,69,18.7
2021-12-26,63,15.4
2021-12-27,59,13.4
2021-12-28,30,5.4
2021-12-29,28,5.0
2021-12-30,38,6.9
2021-12-31,34,6.2
2022-01-01,32,5.7
2022-01-02,63,15.3
2022-01-03,70,19.5
2022-01-04,58,13.0
2022-01-05,69,18.7
2022-01-06,71,20.0
2022-01-07,66,17.1
2022-01-08,60,13.9
2022-01-09,65,16.6
2022-01-10,31,5.5
2022-01-11,36,6.4
2022-01-12,58,12.6
2022-01-13,56,11.9
2022-01-14,62,15.1
2022-01-15,34,6.2
2022-01-16,63,15.4
2022-01-17,66,17.4
2022-01-18,53,10.1
2022-01-19,52,9.8
2022-01-20,56,11.8
2022-01-21,37,6.6
2022-01-22,36,6.5
2022-01-23,27,4.9
2022-01-24,53,10.1
2022-01-25,47,8.5
2022-01-26,44,8.0
2022-01-27,51,9.2
2022-01-28,14,2.5
2022-01-29,27,4.9
2022-01-30,38,6.8
2022-01-31,44,7.9
2022-02-01,50,9.0
2022-02-02,28,5.1
2022-02-03,19,3.5
2022-02-04,19,3.4
2022-02-05,41,7.3
2022-02-06,58,13.1
2022-02-07,26,4.6
2022-02-08,49,8.9
2022-02-09,53,10.1
2022-02-10,39,7.0
2022-02-11,52,9.4
2022-02-12,58,12.8
2022-02-13,57,12.5
2022-02-14,54,10.9
2022-02-15,41,7.3
2022-02-16,31,5.5
2022-02-17,,5.75
2022-02-19,53,10.2
2022-02-22,26,4.6
2022-02-25,52,9.6
2022-02-28,53,10.0
2022-03-03,1,0.2
2022-03-06,35,6.3
2022-03-09,32,5.8
2022-03-10,33,5.9
2022-03-11,23,4.2
2022-03-12,51,9.2
2022-03-13,52,9.7
2022-03-14,47,8.4
2022-03-15,51,9.3
2022-03-16,31,5.5
2022-03-17,22,4.0
2022-03-18,37,6.7
2022-03-19,46,8.2
2022-03-20,52,9.9
2022-03-21,49,8.9
2022-03-22,20,3.6
2022-03-23,18,3.3
2022-03-24,36,6.4
2022-03-25,47,8.4
2022-03-26,51,9.2
2022-03-27,32,5.8
2022-03-28,28,5.1
2022-03-29,27,4.8
2022-03-30,25,4.5
2022-03-31,31,5.6
2022-04-01,39,7.1
2022-04-02,34,6.2
2022-04-03,31,5.5
2022-04-04,31,5.5
2022-04-05,42,7.5
2022-04-06,35,6.3
2022-04-07,11,2.0
2022-04-08,31,5.6
2022-04-09,31,5.5
2022-04-10,43,7.7
2022-04-11,50,9.0
2022-04-12,55,11.2
2022-04-13,31,5.5
2022-04-14,43,7.7
2022-04-15,42,7.5
2022-04-16,43,7.7
2022-04-17,52,9.5
2022-04-18,56,11.8
2022-04-19,51,9.2
2022-04-20,56,11.6
2022-04-21,49,8.9
2022-04-22,53,10.1
2022-04-23,39,7.1
2022-04-24,36,6.4
2022-04-25,58,13.0
2022-04-26,63,15.6
2022-04-27,54,10.5
2022-04-28,51,9.1
2022-04-29,56,11.6
2022-04-30,60,13.8
2022-05-01,59,13.6
2022-05-02,54,10.8
2022-05-03,51,9.1
2022-05-04,43,7.7
2022-05-05,36,6.4
2022-05-06,58,12.7
2022-05-07,40,7.2
2022-05-08,44,7.9
2022-05-09,66,17.3
2022-05-10,54,10.5
2022-05-11,33,5.9
2022-05-12,34,6.2
2022-05-13,40,7.2
2022-05-14,38,6.8
2022-05-15,33,5.9
2022-05-16,28,5.0
2022-05-17,29,5.3
2022-05-18,30,5.4
2022-05-19,34,6.1
2022-05-20,52,9.8
2022-05-21,52,9.7
2022-05-22,29,5.2
2022-05-23,25,4.5
2022-05-24,23,4.2
2022-05-25,34,6.2
2022-05-26,37,6.6
2022-05-27,33,5.9
2022-05-28,25,4.5
2022-05-29,61,14.4
2022-05-30,55,11.5
2022-05-31,54,10.8
2022-06-01,38,6.9
2022-06-02,52,9.5
2022-06-03,47,8.5
2022-06-04,38,6.8
2022-06-05,51,9.3
2022-06-06,39,7.1
2022-06-07,41,7.4
2022-06-08,31,5.5
2022-06-09,32,5.8
2022-06-10,46,8.3
2022-06-11,41,7.4
2022-06-12,46,8.3
2022-06-13,33,5.9
2022-06-14,,5.666667
2022-06-16,44,7.9
2022-06-17,,11.363636
2022-06-18,54,10.8
2022-06-19,50,9.0
2022-06-20,34,6.2
2022-06-21,36,6.5
2022-06-22,21,3.8
2022-06-23,47,8.5
2022-06-24,28,5.0
2022-06-25,24,4.4
2022-06-26,34,6.2
2022-06-27,33,5.9
2022-06-28,28,5.0
2022-06-29,36,6.5
2022-06-30,38,6.8
2022-07-01,34,6.2
2022-07-02,37,6.7
2022-07-03,48,8.6
2022-07-04,41,7.3
2022-07-05,32,5.7
2022-07-06,27,4.8
2022-07-07,29,5.3
2022-07-08,26,4.6
2022-07-09,26,4.7
2022-07-10,21,3.7
2022-07-11,37,6.7
2022-07-12,38,6.9
2022-07-13,43,7.7
2022-07-14,50,9.0
2022-07-15,36,6.5
2022-07-16,42,7.5
2022-07-17,39,7.0
2022-07-18,36,6.4
2022-07-19,39,7.1
2022-07-20,42,7.5
2022-07-21,53,10.3
2022-07-22,44,7.9
2022-07-23,35,6.3
2022-07-24,55,11.2
2022-07-25,24,4.3
2022-07-26,25,4.5
2022-07-27,31,5.6
2022-07-28,27,4.9
2022-07-29,36,6.5
2022-07-30,41,7.4
2022-07-31,34,6.2
2022-08-01,39,7.1
2022-08-02,29,5.3
2022-08-03,28,5.0
2022-08-04,27,4.9
2022-08-05,28,5.1
2022-08-06,30,5.4
2022-08-07,47,8.5
2022-08-08,25,4.5
2022-08-09,23,4.2
2022-08-10,25,4.5
2022-08-11,26,4.7
2022-08-12,29,5.3
2022-08-13,25,4.5
2022-08-14,19,3.5
2022-08-15,26,4.7
2022-08-16,26,4.6
2022-08-17,36,6.4
2022-08-18,28,5.0
2022-08-19,25,4.5
2022-08-20,23,4.1
2022-08-21,23,4.2
2022-08-22,34,6.1
2022-08-23,35,6.3
2022-08-24,17,3.0
2022-08-25,21,3.8
2022-08-26,24,4.3
2022-08-27,31,5.6
2022-08-28,31,5.6
2022-08-29,29,5.3
2022-08-30,31,5.5
2022-08-31,34,6.1
2022-09-01,58,12.8
2022-09-02,28,5.1
2022-09-03,34,6.2
2022-09-04,38,6.8
2022-09-05,38,6.9
2022-09-06,37,6.7
2022-09-07,38,6.8
2022-09-08,32,5.8
2022-09-09,32,5.7
2022-09-10,21,3.7
2022-09-11,22,4.0
2022-09-12,27,4.9
2022-09-13,21,3.7
2022-09-14,25,4.5
2022-09-15,36,6.5
2022-09-16,42,7.5
2022-09-17,28,5.0
2022-09-18,23,4.2
2022-09-19,30,5.4
2022-09-20,27,4.9
2022-09-21,41,7.4
2022-09-22,33,5.9
2022-09-23,28,5.1
2022-09-24,29,5.3
2022-09-25,33,6.0
2022-09-26,34,6.1
2022-09-27,28,5.1
2022-09-28,32,5.7
2022-09-29,30,5.4
2022-09-30,36,6.4
2022-10-01,28,5.0
2022-10-02,26,4.7
2022-10-03,37,6.6
2022-10-04,20,3.6
2022-10-05,24,4.3
2022-10-06,17,3.0
2022-10-07,19,3.4
2022-10-08,17,3.1
2022-10-09,23,4.2
2022-10-10,19,3.5
2022-10-11,24,4.4
2022-10-12,35,6.3
2022-10-13,32,5.8
2022-10-14,38,6.8
2022-10-15,32,5.8
2022-10-16,29,5.2
2022-10-17,24,4.4
2022-10-18,17,3.1
2022-10-19,34,6.1
2022-10-20,31,5.5
2022-10-21,41,7.4
2022-10-22,36,6.5
2022-10-23,28,5.1
2022-10-24,23,4.1
2022-10-25,45,8.1
2022-10-26,34,6.1
2022-10-27,44,7.9
2022-10-28,29,5.2
2022-10-29,52,9.6
2022-10-30,58,13.1
2022-10-31,62,15.2
2022-11-01,46,8.3
2022-11-02,32,5.7
2022-11-03,28,5.0
2022-11-04,46,8.2
2022-11-05,59,13.5
2022-11-06,61,14.5
2022-11-07,45,8.1
2022-11-08,36,6.5
2022-11-09,22,3.9
2022-11-10,14,2.6
2022-11-11,52,9.8
2022-11-12,63,15.7
2022-11-13,52,9.5
2022-11-14,,6.857143
2022-11-16,11,1.9
2022-11-17,,10.727273
2022-11-18,58,12.7
2022-11-19,60,13.7
2022-11-20,58,13.0
2022-11-21,59,13.3
2022-11-22,55,11.5
2022-11-23,59,13.3
2022-11-24,51,9.1
2022-11-25,51,9.1
2022-11-26,61,14.6
2022-11-27,65,16.6
2022-11-28,51,9.3
2022-11-29,52,9.5
2022-11-30,56,11.7
2022-12-01,55,11.4
2022-12-02,58,13.1
2022-12-03,63,15.6
2022-12-04,53,10.1
2022-12-05,51,9.3
2022-12-06,51,9.2
2022-12-07,52,9.8
2022-12-08,58,12.8
2022-12-09,66,17.2
2022-12-10,86,27.7
2022-12-11,71,19.7
2022-12-12,26,4.6
2022-12-13,21,3.8
2022-12-14,55,11.2
2022-12-15,59,13.2
2022-12-16,60,13.7
2022-12-17,61,14.3
2022-12-18,85,27.4
2022-12-19,81,25.4
2022-12-20,72,20.2
2022-12-21,76,22.5
2022-12-22,74,21.4
2022-12-23,76,22.3
2022-12-24,96,33.2
2022-12-25,111,39.4
2022-12-26,73,20.7
2022-12-27,58,12.6
2022-12-28,1,0.2
2022-12-29,51,9.1
2022-12-30,56,11.9
2022-12-31,124,44.8
2023-01-01,76,22.3
2023-01-02,35,6.3
2023-01-03,41,7.3
2023-01-04,55,11.5
2023-01-05,52,9.5
2023-01-06,,12.0
2023-01-27,,21.0
2023-01-28,70,19.2
2023-01-29,48,8.7
2023-01-30,55,11.1
2023-01-31,51,9.2
2023-02-01,45,8.1
2023-02-02,46,8.3
2023-02-03,52,9.7
2023-02-04,59,13.4
2023-02-05,54,10.7
2023-02-06,33,5.9
2023-02-07,20,3.6
2023-02-08,49,8.8
2023-02-09,33,6.0
2023-02-10,14,2.6
2023-02-11,27,4.8
2023-02-12,43,7.8
2023-02-13,30,5.4
2023-02-14,34,6.2
2023-02-15,33,5.9
2023-02-16,29,5.3
2023-02-17,24,4.4
2023-02-18,53,10.2
2023-02-19,56,11.7
2023-02-20,41,7.3
2023-02-21,39,7.0
2023-02-22,53,10.0
2023-02-23,23,4.1
2023-02-24,39,7.0
2023-02-25,32,5.8
2023-02-26,19,3.4
2023-02-27,39,7.0
2023-02-28,31,5.5
2023-03-01,15,2.7
2023-03-02,33,6.0
2023-03-03,53,10.4
2023-03-04,43,7.8
2023-03-05,46,8.3
2023-03-06,47,8.4
2023-03-07,44,8.0
2023-03-08,43,7.7
2023-03-09,52,9.6
2023-03-10,31,5.5
2023-03-11,19,3.5
2023-03-12,31,5.5
2023-03-13,26,4.6
2023-03-14,28,5.1
2023-03-15,33,5.9
2023-03-16,24,4.4
2023-03-17,35,6.3
2023-03-18,30,5.4
2023-03-19,31,5.6
2023-03-20,26,4.7
2023-03-21,22,4.0
2023-03-22,16,2.8
2023-03-23,36,6.4
2023-03-24,24,4.4
2023-03-25,40,7.2
2023-03-26,49,8.9
2023-03-27,17,3.1
2023-03-28,33,6.0
2023-03-29,25,4.5
2023-03-30,8,1.4
2023-03-31,27,4.8
2023-04-01,37,6.7
2023-04-02,23,4.1
2023-04-03,59,13.5
2023-04-04,53,10.2
2023-04-05,19,3.5
2023-04-06,28,5.0
2023-04-07,38,6.9
2023-04-08,45,8.1
2023-04-09,52,9.7
2023-04-10,42,7.6
2023-04-11,42,7.5
2023-04-12,0,0.0
2023-04-13,23,4.2
2023-04-14,31,5.6
2023-04-15,56,11.6
2023-04-16,55,11.2
2023-04-17,47,8.4
2023-04-18,52,9.5
2023-04-19,57,12.1
2023-04-20,52,9.4
2023-04-21,34,6.1
2023-04-22,23,4.2
2023-04-23,18,3.3
2023-04-24,42,7.6
2023-04-25,34,6.2
2023-04-26,16,2.8
2023-04-27,36,6.5
2023-04-28,32,5.8
2023-04-29,38,6.8
2023-04-30,44,8.0
2023-05-01,33,5.9
2023-05-02,32,5.7
2023-05-03,39,7.0
2023-05-04,34,6.2
2023-05-05,42,7.6
2023-05-06,33,5.9
2023-05-07,31,5.5
2023-05-08,37,6.6
2023-05-09,43,7.7
2023-05-10,55,11.2
2023-05-11,55,11.5
2023-05-12,55,11.1
2023-05-13,51,9.3
2023-05-14,42,7.5
2023-05-15,28,5.1
2023-05-16,29,5.3
2023-05-17,27,4.8
2023-05-18,27,4.9
2023-05-19,31,5.5
2023-05-20,28,5.1
2023-05-21,29,5.2
2023-05-22,39,7.0
2023-05-23,26,4.6
2023-05-24,22,4.0
2023-05-25,24,4.3
2023-05-26,24,4.4
2023-05-27,28,5.1
2023-05-28,26,4.6
2023-05-29,13,2.4
2023-05-30,21,3.8
2023-05-31,22,3.9
2023-06-01,52,9.8
2023-06-02,26,4.6
2023-06-03,37,6.7
2023-06-04,44,7.9
2023-06-05,35,6.3
2023-06-06,36,6.5
2023-06-07,36,6.4
2023-06-08,33,5.9
2023-06-09,34,6.2
2023-06-10,38,6.8
2023-06-11,27,4.9
2023-06-12,28,5.0
2023-06-13,34,6.2
2023-06-14,37,6.6
2023-06-15,29,5.2
2023-06-16,31,5.5
2023-06-17,33,5.9
2023-06-18,36,6.5
2023-06-19,36,6.4
2023-06-20,28,5.0
2023-06-21,21,3.8
2023-06-22,36,6.5
2023-06-23,54,10.8
2023-06-24,41,7.3
2023-06-25,38,6.8
2023-06-26,37,6.7
2023-06-27,31,5.6
2023-06-28,37,6.6
2023-06-29,31,5.5
2023-06-30,44,7.9
2023-07-01,48,8.6
2023-07-02,42,7.5
2023-07-03,38,6.9
2023-07-04,58,13.0
2023-07-05,56,11.7
2023-07-06,43,7.7
2023-07-07,42,7.5
2023-07-08,31,5.5
2023-07-09,27,4.8
2023-07-10,37,6.7
2023-07-11,31,5.6
2023-07-12,32,5.8
2023-07-13,34,6.2
2023-07-14,38,6.8
2023-07-15,33,6.0
2023-07-16,34,6.1
2023-07-17,55,11.2
2023-07-18,,6.692308
2023-07-19,32,5.7
2023-07-20,44,8.0
2023-07-21,59,13.5
2023-07-22,52,9.5
2023-07-23,28,5.0
2023-07-24,,4.090909
2023-07-26,57,12.4
2023-07-27,52,9.9
2023-07-28,50,9.0
2023-07-29,44,8.0
2023-07-30,41,7.3
2023-07-31,48,8.7
2023-08-01,34,6.2
2023-08-02,34,6.1
2023-08-03,39,7.0
2023-08-04,34,6.2
2023-08-05,21,3.7
2023-08-06,38,6.8
2023-08-07,36,6.4
2023-08-08,40,7.2
2023-08-09,40,7.2
2023-08-10,22,4.0
2023-08-11,36,6.4
2023-08-12,41,7.3
2023-08-13,19,3.5
2023-08-14,25,4.5
2023-08-15,28,5.0
2023-08-16,33,5.9
2023-08-17,38,6.9
2023-08-18,30,5.4
2023-08-19,29,5.2
2023-08-20,38,6.8
2023-08-21,44,7.9
2023-08-22,39,7.1
2023-08-23,47,8.4
2023-08-24,35,6.3
2023-08-25,41,7.3
2023-08-26,24,4.3
2023-08-27,19,3.4
2023-08-28,32,5.7
2023-08-29,31,5.5
2023-08-30,40,7.2
2023-08-31,61,14.6
2023-09-01,25,4.5
2023-09-02,21,3.8
2023-09-03,25,4.5
2023-09-04,28,5.0
2023-09-05,26,4.6
2023-09-06,27,4.8
2023-09-07,27,4.8
2023-09-08,27,4.9
2023-09-09,39,7.0
2023-09-10,26,4.6
2023-09-11,23,4.1
2023-09-12,35,6.3
2023-09-13,21,3.8
2023-09-14,20,3.6
2023-09-15,31,5.5
2023-09-16,28,5.0
2023-09-17,21,3.8
2023-09-18,29,5.3
2023-09-19,23,4.2
2023-09-20,26,4.6
2023-09-21,24,4.3
2023-09-22,32,5.8
2023-09-23,43,7.8
2023-09-24,38,6.8
2023-09-25,29,5.2
2023-09-26,42,7.5
2023-09-27,38,6.9
2023-09-28,34,6.1
2023-09-29,28,5.0
2023-09-30,45,8.1
2023-10-01,65,16.7
2023-10-02,29,5.3
2023-10-03,31,5.5
2023-10-04,45,8.1
2023-10-05,48,8.6
2023-10-06,46,8.2
2023-10-07,42,7.5
2023-10-08,26,4.6
2023-10-09,32,5.7
2023-10-10,32,5.8
2023-10-11,41,7.4
2023-10-12,39,7.0
2023-10-13,48,8.6
2023-10-14,55,11.5
2023-10-15,52,9.7
2023-10-16,52,9.7
2023-10-17,50,9.0
2023-10-18,47,8.5
2023-10-19,55,11.2
2023-10-20,60,13.7
2023-10-21,55,11.4
2023-10-22,49,8.8
2023-10-23,52,9.9
2023-10-24,37,6.6
2023-10-25,32,5.8
2023-10-26,44,8.0
2023-10-27,39,7.0
2023-10-28,51,9.1
2023-10-29,42,7.5
2023-10-30,28,5.1
2023-10-31,29,5.3
2023-11-01,32,5.8
2023-11-02,51,9.1
2023-11-03,58,12.9
2023-11-04,66,17.0
2023-11-05,65,16.6
2023-11-06,55,11.3
2023-11-07,36,6.5
2023-11-08,36,6.4
2023-11-09,44,7.9
2023-11-10,54,10.6
2023-11-11,53,10.1
2023-11-12,46,8.2
2023-11-13,52,9.4
2023-11-14,31,5.6
2023-11-15,42,7.6
2023-11-16,45,8.1
2023-11-17,39,7.1
2023-11-18,63,15.6
2023-11-19,43,7.8
2023-11-20,18,3.3
2023-11-21,36,6.5
2023-11-22,49,8.8
2023-11-23,60,13.8
2023-11-24,39,7.0
2023-11-25,46,8.2
2023-11-26,33,6.0
2023-11-27,44,7.9
2023-11-28,,8.461538
2023-11-29,37,6.7
2023-12-01,,12.111111
2023-12-02,1,0.1
2023-12-03,70,19.3
2023-12-04,71,19.6
2023-12-05,61,14.5
2023-12-06,57,12.3
2023-12-07,56,12.0
2023-12-08,60,13.9
2023-12-09,32,5.8
2023-12-10,51,9.1
2023-12-11,67,17.5
2023-12-12,57,12.2
2023-12-13,63,15.4
2023-12-14,62,14.8
2023-12-15,59,13.6
2023-12-16,60,14.0
2023-12-17,66,17.1
2023-12-18,56,12.0
2023-12-19,60,14.0
2023-12-20,19,3.5
2023-12-21,51,9.3
2023-12-22,36,6.4
2023-12-23,51,9.2
2023-12-24,77,23.2
2023-12-25,136,49.6
2023-12-26,81,25.3
2023-12-27,68,18.0
2023-12-28,63,15.7
2023-12-29,65,16.5
2023-12-30,55,11.0
2023-12-31,89,29.3
2024-01-01,168,79.5
2024-01-02,64,16.1
2024-01-03,56,11.6
2024-01-04,25,4.5
2024-01-05,54,10.6
2024-01-06,61,14.5
2024-01-07,26,4.6
2024-01-08,34,6.2
2024-01-09,59,13.4
2024-01-10,64,16.1
2024-01-11,28,5.1
2024-01-12,54,10.5
2024-01-13,73,20.8
2024-01-14,71,19.8
2024-01-15,69,18.9
2024-01-16,69,18.5
2024-01-17,58,12.6
2024-01-18,57,12.5
2024-01-19,57,12.3
2024-01-20,59,13.2
2024-01-21,53,10.4
2024-01-22,54,10.9
2024-01-23,13,2.4
2024-01-24,52,9.7
2024-01-25,52,9.8
2024-01-26,48,8.6
2024-01-27,55,11.2
2024-01-28,21,3.8
2024-01-29,,10.955556
2024-01-30,51,9.3
2024-01-31,48,8.6
2024-02-01,29,5.3
2024-02-02,19,3.5
2024-02-03,2,0.4
2024-02-04,39,7.1
2024-02-05,36,6.5
2024-02-06,18,3.2
2024-02-07,18,3.2
2024-02-08,19,3.4
2024-02-09,34,6.1
2024-02-10,19,3.5
2024-02-11,41,7.3
2024-02-12,58,13.1
2024-02-13,54,10.8
2024-02-14,54,10.5
2024-02-15,49,8.8
2024-02-16,57,12.2
2024-02-17,59,13.3
2024-02-18,49,8.8
2024-02-19,48,8.7
2024-02-20,35,6.3
2024-02-21,23,4.2
2024-02-22,39,7.0
2024-02-23,36,6.5
2024-02-24,52,9.6
2024-02-25,51,9.3
2024-02-26,50,9.0
2024-02-27,28,5.0
2024-02-28,29,5.3
2024-02-29,29,5.3
2024-03-01,30,5.4
2024-03-02,29,5.3
2024-03-03,27,4.8
2024-03-04,28,5.1
2024-03-05,38,6.8
2024-03-06,33,6.0
2024-03-07,14,2.6
2024-03-08,22,4.0
2024-03-09,21,3.7
2024-03-10,27,4.8
2024-03-11,31,5.6
2024-03-12,35,6.3
2024-03-13,26,4.6
2024-03-14,29,5.3
2024-03-15,29,5.2
2024-03-16,32,5.8
2024-03-17,22,4.0
2024-03-18,26,4.6
2024-03-19,21,3.7
2024-03-20,29,5.2
2024-03-21,32,5.8
2024-03-22,38,6.9
2024-03-23,36,6.5
2024-03-24,23,4.2
2024-03-25,16,2.9
2024-03-26,21,3.7
2024-03-27,29,5.2
2024-03-28,45,8.1
2024-03-29,32,5.8
2024-03-30,27,4.9
2024-03-31,13,2.3
2024-04-01,15,2.7
2024-04-02,21,3.8
2024-04-03,34,6.1
2024-04-04,24,4.4
2024-04-05,19,3.4
2024-04-06,33,5.9
2024-04-07,34,6.2
2024-04-08,28,5.1
2024-04-09,26,4.6
2024-04-10,32,5.8
2024-04-11,46,8.3
2024-04-12,38,6.8
2024-04-13,37,6.6
2024-04-14,28,5.1
2024-04-15,22,4.0
2024-04-16,27,4.8
2024-04-17,29,5.2
2024-04-18,33,5.9
2024-04-19,39,7.1
2024-04-20,33,6.0
2024-04-21,47,8.5
2024-04-22,41,7.4
2024-04-23,26,4.6
2024-04-24,22,3.9
2024-04-25,32,5.8
2024-04-26,39,7.1
2024-04-27,34,6.2
2024-04-28,27,4.9
2024-04-29,31,5.6
2024-04-30,33,5.9
2024-05-01,33,5.9
2024-05-02,38,6.8
2024-05-03,39,7.0
2024-05-04,45,8.1
2024-05-05,39,7.0
2024-05-06,27,4.8
2024-05-07,29,5.3
2024-05-08,30,5.4
2024-05-09,30,5.4
2024-05-10,29,5.2
2024-05-11,24,4.3
2024-05-12,19,3.5
2024-05-13,32,5.7
2024-05-14,29,5.3
2024-05-15,28,5.1
2024-05-16,28,5.1
2024-05-17,33,6.0
2024-05-18,2,0.4
2024-05-19,32,5.8
2024-05-20,36,6.4
2024-05-21,35,6.3
2024-05-22,33,6.0
2024-05-23,32,5.7
2024-05-24,39,7.1
2024-05-25,31,5.5
2024-05-26,37,6.6
2024-05-27,37,6.7
2024-05-28,31,5.5
2024-05-29,30,5.4
2024-05-30,37,6.6
2024-05-31,35,6.3
2024-06-01,28,5.1
2024-06-02,32,5.7
2024-06-03,31,5.6
2024-06-04,28,5.1
2024-06-05,36,6.4
2024-06-06,39,7.1
2024-06-07,30,5.4
2024-06-08,50,9.0
2024-06-09,23,4.2
2024-06-10,29,5.3
2024-06-11,31,5.6
2024-06-12,35,6.3
2024-06-13,59,13.6
2024-06-14,55,11.4
2024-06-15,52,9.5
2024-06-16,48,8.6
2024-06-17,39,7.0
2024-06-18,37,6.7
2024-06-19,39,7.0
2024-06-20,58,13.0
2024-06-21,55,11.1
2024-06-22,19,3.4
2024-06-23,27,4.8
2024-06-24,28,5.1
2024-06-25,28,5.1
2024-06-26,27,4.8
2024-06-27,27,4.9
2024-06-28,30,5.4
2024-06-29,29,5.3
2024-06-30,32,5.8
2024-07-01,26,4.7
2024-07-02,33,5.9
2024-07-03,29,5.2
2024-07-04,48,8.7
2024-07-05,40,7.2
2024-07-06,33,6.0
2024-07-07,33,6.0
2024-07-08,47,8.4
2024-07-09,48,8.6
2024-07-10,51,9.2
2024-07-11,54,10.9
2024-07-12,71,19.6
2024-07-13,48,8.6
2024-07-14,77,23.3
2024-07-15,52,9.9
2024-07-16,34,6.2
2024-07-17,33,5.9
2024-07-18,36,6.4
2024-07-19,37,6.6
2024-07-20,46,8.3
2024-07-21,46,8.2
2024-07-22,34,6.1
2024-07-23,36,6.4
2024-07-24,44,7.9
2024-07-25,56,11.8
2024-07-26,46,8.3
2024-07-27,48,8.6
2024-07-28,47,8.5
2024-07-29,46,8.2
2024-07-30,47,8.5
2024-07-31,48,8.7
2024-08-01,26,4.6
2024-08-02,33,6.0
2024-08-03,26,4.7
2024-08-04,38,6.8
2024-08-05,41,7.3
2024-08-06,41,7.3
2024-08-07,60,13.8
2024-08-08,30,5.4
2024-08-09,26,4.6
2024-08-10,38,6.8
2024-08-11,26,4.6
2024-08-12,30,5.4
2024-08-13,44,8.0
2024-08-14,37,6.7
2024-08-15,33,6.0
2024-08-16,32,5.7
2024-08-17,26,4.6
2024-08-18,28,5.0
2024-08-19,1,0.2
2024-08-20,38,6.9
2024-08-21,25,4.5
2024-08-22,25,4.5
2024-08-23,26,4.7
2024-08-24,25,4.5
2024-08-25,30,5.4
2024-08-26,42,7.6
2024-08-27,43,7.7
2024-08-28,24,4.4
2024-08-29,27,4.8
2024-08-30,43,7.8
2024-08-31,25,4.5
2024-09-01,27,4.9
2024-09-02,41,7.4
2024-09-03,39,7.0
2024-09-04,37,6.7
2024-09-05,41,7.3
2024-09-06,4,0.7
2024-09-07,41,7.4
2024-09-08,40,7.2
2024-09-09,44,7.9
2024-09-10,51,9.2
2024-09-11,69,18.5
2024-09-12,38,6.9
2024-09-13,34,6.1
2024-09-14,39,7.0
2024-09-15,41,7.3
2024-09-16,27,4.8
2024-09-17,37,6.6
2024-09-18,52,9.4
2024-09-19,32,5.7
2024-09-20,32,5.7
2024-09-21,59,13.3
2024-09-22,54,10.8
2024-09-23,52,9.7
2024-09-24,57,12.4
2024-09-25,44,8.0
2024-09-26,43,7.7
2024-09-27,73,21.0
2024-09-28,50,9.0
2024-09-29,34,6.2
2024-09-30,54,10.9
2024-10-01,48,8.6
2024-10-02,59,13.2
2024-10-03,1,0.1
2024-10-04,56,11.9
2024-10-05,55,11.4
2024-10-06,59,13.4
2024-10-07,52,9.8
2024-10-08,52,9.7
2024-10-09,58,13.1
2024-10-10,55,11.4
2024-10-11,55,11.3
2024-10-12,59,13.6
2024-10-13,52,9.6
2024-10-14,45,8.1
2024-10-15,41,7.4
2024-10-16,35,6.3
2024-10-17,32,5.8
2024-10-18,37,6.7
2024-10-19,32,5.8
2024-10-20,52,9.5
2024-10-21,51,9.3
2024-10-22,52,9.6
2024-10-23,46,8.2
2024-10-24,51,9.2
2024-10-25,52,9.6
2024-10-26,56,12.0
2024-10-27,53,10.3
2024-10-28,52,9.5
2024-10-29,48,8.6
2024-10-30,37,6.6
2024-10-31,58,12.7
2024-11-01,61,14.4
2024-11-02,46,8.3
2024-11-03,36,6.5
2024-11-04,26,4.6
2024-11-05,41,7.3
2024-11-06,34,6.1
2024-11-07,23,4.1
2024-11-08,48,8.7
2024-11-09,69,18.8
2024-11-10,66,16.9
2024-11-11,166,77.1
2024-11-12,50,9.0
2024-11-13,52,9.8
2024-11-14,57,12.4
2024-11-15,55,11.1
2024-11-16,56,11.9
2024-11-17,52,9.8
2024-11-18,51,9.3
2024-11-19,67,17.6
2024-11-20,61,14.7
2024-11-21,64,16.3
2024-11-22,72,20.5
2024-11-23,66,17.2
2024-11-24,63,15.4
2024-11-25,57,12.1
2024-11-26,53,10.4
2024-11-27,53,10.4
2024-11-28,66,16.9
2024-11-29,63,15.8
2024-11-30,69,18.9
2024-12-01,71,20.1
2024-12-02,59,13.6
2024-12-03,58,13.1
2024-12-04,65,16.7
2024-12-05,73,20.9
2024-12-06,59,13.3
2024-12-07,66,17.2
2024-12-08,69,18.9
2024-12-09,56,11.9
2024-12-10,38,6.9
2024-12-11,60,13.7
2024-12-12,58,12.8
2024-12-13,58,12.9
2024-12-14,70,19.1
2024-12-15,86,28.0
2024-12-16,74,21.5
2024-12-17,68,18.4
2024-12-18,76,22.4
2024-12-19,61,14.3
2024-12-20,66,16.9
2024-12-21,79,24.2
2024-12-22,77,22.9
2024-12-23,77,23.1
2024-12-24,83,26.1
2024-12-25,82,25.5
2024-12-26,59,13.4
2024-12-27,61,14.7
2024-12-28,74,21.2
2024-12-29,68,18.2
2024-12-30,69,18.6
2024-12-31,125,45.2
2025-01-01,175,89.2
2025-01-02,76,22.5
2025-01-03,75,22.1
2025-01-04,60,14.1
2025-01-05,69,18.9
2025-01-06,79,24.0
2025-01-07,58,13.1
2025-01-08,51,9.2
2025-01-09,48,8.7
2025-01-10,40,7.2
2025-01-11,66,17.0
2025-01-12,73,20.7
2025-01-13,62,14.9
2025-01-14,58,12.9
2025-01-15,44,7.9
2025-01-16,39,7.0
2025-01-17,58,13.0
2025-01-18,69,18.9
2025-01-19,75,22.1
2025-01-20,67,17.9
2025-01-21,43,7.7
2025-01-22,65,16.5
2025-01-23,39,7.1
2025-01-24,49,8.9
2025-01-25,61,14.5
2025-01-26,65,16.4
2025-01-27,57,12.3
2025-01-28,33,6.0
2025-01-29,55,11.3
2025-01-30,61,14.7
2025-01-31,69,18.9
2025-02-01,81,25.1
2025-02-02,74,21.2
2025-02-03,58,12.9
2025-02-04,51,9.3
2025-02-05,55,11.1
2025-02-06,52,9.5
2025-02-07,53,10.1
2025-02-08,53,10.1
2025-02-09,55,11.4
2025-02-10,54,10.5
2025-02-11,63,15.3
2025-02-12,60,14.1
2025-02-13,54,10.9
2025-02-14,47,8.5
2025-02-15,42,7.5
2025-02-16,55,11.1
2025-02-17,58,13.0
2025-02-18,64,16.0
2025-02-19,54,10.5
2025-02-20,53,10.2
2025-02-21,58,12.8
2025-02-22,53,10.2
2025-02-23,51,9.1
2025-02-24,54,10.5
2025-02-25,52,9.7
2025-02-26,39,7.0
2025-02-27,51,9.3
2025-02-28,53,10.0
2025-03-01,53,10.2
2025-03-02,27,4.9
2025-03-03,33,6.0
2025-03-04,52,9.5
2025-03-05,52,9.5
2025-03-06,53,10.3
2025-03-07,32,5.7
2025-03-08,36,6.4
2025-03-09,58,12.9
2025-03-10,52,9.7
2025-03-11,26,4.7
2025-03-12,19,3.4
2025-03-13,22,4.0
2025-03-14,22,4.0
2025-03-15,33,5.9
2025-03-16,54,10.6
2025-03-17,37,6.6
2025-03-18,31,5.5
2025-03-19,19,3.5
2025-03-20,36,6.4
2025-03-21,51,9.1
2025-03-22,48,8.7
2025-03-23,46,8.3
2025-03-24,47,8.4
2025-03-25,41,7.4
2025-03-26,38,6.8
2025-03-27,36,6.5
2025-03-28,46,8.2
2025-03-29,51,9.1
2025-03-30,54,10.8
2025-03-31,38,6.9
2025-04-01,35,6.3
2025-04-02,53,10.4
2025-04-03,30,5.4
2025-04-04,17,3.1
2025-04-05,22,4.0
2025-04-06,28,5.0
2025-04-07,30,5.4
2025-04-08,42,7.5
2025-04-09,47,8.4
2025-04-10,48,8.6
2025-04-11,52,9.5
2025-04-12,43,7.7
2025-04-13,39,7.0
2025-04-14,49,8.9
2025-04-15,35,6.3
2025-04-16,32,5.8
2025-04-17,40,7.2
2025-04-18,37,6.7
2025-04-19,22,4.0
2025-04-20,46,8.2
2025-04-21,36,6.5
2025-04-22,29,5.3
2025-04-23,29,5.3
2025-04-24,29,5.3
2025-04-25,28,5.0
2025-04-26,39,7.1
2025-04-27,32,5.7
2025-04-28,33,6.0
2025-04-29,31,5.6
2025-04-30,26,4.7
2025-05-01,32,5.7
2025-05-02,33,5.9
2025-05-03,39,7.0
2025-05-04,34,6.2
2025-05-05,42,7.6
2025-05-06,38,6.8
2025-05-07,32,5.8
2025-05-08,46,8.3
2025-05-09,32,5.8
2025-05-10,51,9.1
2025-05-11,49,8.8
2025-05-12,38,6.9
2025-05-13,46,8.3
2025-05-14,51,9.1
2025-05-15,32,5.8
2025-05-16,36,6.5
2025-05-17,32,5.8
2025-05-18,55,11.4
2025-05-19,37,6.6
2025-05-20,36,6.5
2025-05-21,43,7.7
2025-05-22,37,6.6
2025-05-23,34,6.1
2025-05-24,33,5.9
2025-05-25,34,6.2
2025-05-26,32,5.7
2025-05-27,34,6.2
2025-05-28,36,6.5
2025-05-29,31,5.6
2025-05-30,33,6.0
2025-05-31,35,6.3
2025-06-01,39,7.0
2025-06-02,22,4.0
2025-06-03,27,4.8
2025-06-04,25,4.5
2025-06-05,28,5.1
2025-06-06,31,5.5
2025-06-07,40,7.2
2025-06-08,45,8.1
2025-06-09,35,6.3
2025-06-10,34,6.1
2025-06-11,36,6.5
2025-06-12,41,7.3
2025-06-13,37,6.6
2025-06-14,43,7.8
2025-06-15,39,7.1
2025-06-16,38,6.8
2025-06-17,40,7.2
2025-06-18,38,6.8
2025-06-19,33,5.9
2025-06-20,31,5.5
2025-06-21,37,6.7
2025-06-22,37,6.6
2025-06-23,30,5.4
2025-06-24,22,4.0
2025-06-25,34,6.2
2025-06-26,43,7.7
2025-06-27,31,5.6
2025-06-28,37,6.6
2025-06-29,33,5.9
2025-06-30,37,6.6
2025-07-01,107,37.8
2025-07-02,41,7.4
2025-07-03,35,6.3
2025-07-04,47,8.5
2025-07-05,34,6.1
2025-07-06,38,6.8
2025-07-07,41,7.3
2025-07-08,36,6.5
2025-07-09,34,6.2
2025-07-10,38,6.8
2025-07-11,44,8.0
2025-07-12,42,7.6
2025-07-13,34,6.1
2025-07-14,48,8.6
2025-07-15,51,9.1
2025-07-16,48,8.7
2025-07-17,34,6.2
2025-07-18,31,5.5
2025-07-19,37,6.6
2025-07-20,33,5.9
2025-07-21,46,8.3
2025-07-22,32,5.7
2025-07-23,34,6.1
2025-07-24,39,7.0
2025-07-25,33,5.9
2025-07-26,29,5.3
2025-07-27,31,5.6
2025-07-28,24,4.4
2025-07-29,32,5.8
2025-07-30,29,5.3
2025-07-31,33,5.9
2025-08-01,30,5.4
2025-08-02,37,6.6
2025-08-03,27,4.9
2025-08-04,35,6.3
2025-08-05,23,4.1
2025-08-06,41,7.3
2025-08-07,43,7.8
2025-08-08,45,8.1
2025-08-09,53,10.0
2025-08-10,72,20.6
2025-08-11,46,8.3
2025-08-12,57,12.1
2025-08-13,56,11.7
2025-08-14,52,9.9
2025-08-15,37,6.7
2025-08-16,43,7.7
2025-08-17,25,4.5
2025-08-18,29,5.2
2025-08-19,33,6.0
2025-08-20,51,9.2
2025-08-21,57,12.5
2025-08-22,55,11.1
2025-08-23,54,10.9
2025-08-24,53,10.1
2025-08-25,56,11.7
2025-08-26,34,6.2
2025-08-27,34,6.1
2025-08-28,36,6.4
2025-08-29,26,4.7
2025-08-30,26,4.6
2025-08-31,38,6.8
2025-09-01,24,4.4
2025-09-02,32,5.7
2025-09-03,81,25.3
2025-09-04,34,6.2
2025-09-05,21,3.8
2025-09-06,21,3.8
2025-09-07,14,2.6
2025-09-08,20,3.6
2025-09-09,25,4.5
2025-09-10,22,4.0
2025-09-11,24,4.4
2025-09-12,24,4.4
2025-09-13,31,5.6
2025-09-14,36,6.5
2025-09-15,36,6.4
2025-09-16,36,6.5
2025-09-17,51,9.2
2025-09-18,29,5.2
2025-09-19,23,4.2
2025-09-20,26,4.7
2025-09-21,26,4.7
2025-09-22,15,2.7
2025-09-23,24,4.4
2025-09-24,27,4.9
2025-09-25,37,6.6
2025-09-26,25,4.5
2025-09-27,32,5.8
2025-09-28,24,4.3
2025-09-29,37,6.7
2025-09-30,38,6.9
2025-10-01,29,5.2
2025-10-02,32,5.7
2025-10-03,26,4.7
2025-10-04,48,8.6
2025-10-05,43,7.7
2025-10-06,44,7.9
2025-10-07,38,6.8
2025-10-08,39,7.0
2025-10-09,38,6.9
2025-10-10,30,5.4
2025-10-11,23,4.2
2025-10-12,21,3.7
2025-10-13,27,4.9
2025-10-14,35,6.3
2025-10-15,34,6.1
2025-10-16,22,3.9
2025-10-17,38,6.9
2025-10-18,43,7.8
2025-10-19,44,7.9
2025-10-20,50,9.0
2025-10-21,47,8.5
2025-10-22,51,9.2
2025-10-23,55,11.0
2025-10-24,52,9.9
2025-10-25,43,7.8
2025-10-26,43,7.8
2025-10-27,41,7.4
2025-10-28,31,5.5
2025-10-29,31,5.5
2025-10-30,52,9.9
2025-10-31,58,12.7
2025-11-01,59,13.5
2025-11-02,58,13.1
2025-11-03,38,6.9
2025-11-04,51,9.3
2025-11-05,48,8.7
2025-11-06,44,7.9
2025-11-07,54,10.7
2025-11-08,59,13.4
2025-11-09,51,9.3
2025-11-10,50,9.0
2025-11-11,65,16.5
2025-11-12,58,12.8
2025-11-13,74,21.5
2025-11-14,72,20.6
2025-11-15,41,7.4
2025-11-16,26,4.6
2025-11-17,23,4.2
2025-11-18,12,2.2
2025-11-19,22,3.9
2025-11-20,32,5.7
2025-11-21,32,5.8
2025-11-22,36,6.4
2025-11-23,36,6.4
2025-11-24,49,8.9
2025-11-25,69,18.6
2025-11-26,64,16.3
2025-11-27,60,13.9
2025-11-28,77,23.2
2025-11-29,73,20.9
2025-11-30,55,11.0
2025-12-01,61,14.2
2025-12-02,54,10.9
2025-12-03,37,6.6
2025-12-04,53,10.2
2025-12-05,61,14.3
2025-12-06,58,13.1
2025-12-07,82,26.0
2025-12-08,63,15.6
2025-12-09,55,11.5
2025-12-10,65,16.7
2025-12-11,60,14.0
2025-12-12,55,11.4
2025-12-13,64,15.9
2025-12-14,66,17.4
2025-12-15,59,13.6
2025-12-16,63,15.7
2025-12-17,64,16.2
2025-12-18,58,12.7
2025-12-19,60,14.0
2025-12-20,66,17.2
2025-12-21,61,14.3
2025-12-22,61,14.5
2025-12-23,52,9.5
2025-12-24,36,6.4
2025-12-25,57,12.1
2025-12-26,61,14.5
2025-12-27,39,7.0
2025-12-28,44,7.9
2025-12-29,30,5.4
2025-12-30,23,4.1
2025-12-31,77,23.1
