date,aqi,daily_max
1974-01-01,6,0.006
1974-01-02,5,0.005
1974-01-03,5,0.005
1974-01-04,5,0.005
1974-01-05,6,0.006
1974-01-06,17,0.018
1974-01-07,15,0.016
1974-01-08,31,0.033
1974-01-09,19,0.02
1974-01-10,24,0.026
1974-01-11,17,0.018
1974-01-12,28,0.03
1974-01-13,39,0.042
1974-01-14,9,0.01
1974-01-15,7,0.008
1974-01-16,20,0.022
1974-01-17,10,0.011
1974-01-18,18,0.019
1974-01-19,20,0.022
1974-01-20,22,0.024
1974-01-21,19,0.021
1974-01-22,5,0.005
1974-02-07,5,0.005
1974-02-08,17,0.018
1974-02-09,26,0.028
1974-02-10,33,0.036
1974-02-11,28,0.03
1974-02-12,32,0.035
1974-02-13,58,0.057
1974-02-14,30,0.032
1974-02-15,24,0.026
1974-02-16,18,0.019
1974-02-17,33,0.036
1974-02-18,43,0.046
1974-02-19,40,0.043
1974-02-20,33,0.036
1974-02-21,71,0.061
1974-02-22,37,0.04
1974-02-23,44,0.048
1974-02-24,71,0.061
1974-02-25,35,0.038
1974-02-26,32,0.035
1974-02-27,44,0.048
1974-02-28,77,0.063
1974-03-01,43,0.046
1974-03-02,44,0.047
1974-03-03,40,0.043
1974-03-04,48,0.052
1974-03-05,25,0.027
1974-03-06,24,0.026
1974-03-07,28,0.03
1974-03-08,32,0.035
1974-03-09,32,0.035
1974-03-10,31,0.034
1974-03-11,31,0.033
1974-03-12,27,0.029
1974-03-13,15,0.016
1974-03-14,32,0.035
1974-03-15,35,0.038
1974-03-16,29,0.031
1974-03-17,31,0.033
1974-03-18,21,0.023
1974-03-19,23,0.025
1974-03-20,19,0.02
1974-03-21,28,0.03
1974-03-22,29,0.031
1974-03-23,21,0.023
1974-03-24,19,0.02
1974-03-25,10,0.011
1974-03-26,13,0.014
1974-03-27,18,0.019
1974-03-28,21,0.023
1974-03-29,34,0.037
1974-03-30,31,0.034
1974-03-31,37,0.04
1974-04-01,27,0.029
1974-04-02,28,0.03
1974-04-03,18,0.019
1974-04-04,19,0.02
1974-04-05,29,0.031
1974-04-06,31,0.033
1974-04-07,35,0.038
1974-04-08,28,0.03
1974-04-09,27,0.029
1974-04-10,33,0.036
1974-04-11,36,0.039
1974-04-12,25,0.027
1974-04-13,23,0.025
1974-04-14,18,0.019
1974-04-15,22,0.024
1974-04-16,33,0.036
1974-04-17,33,0.036
1974-04-18,64,0.059
1974-04-19,46,0.05
1974-04-20,54,0.056
1974-04-21,41,0.044
1974-04-22,33,0.036
1974-04-23,35,0.038
1974-04-24,24,0.026
1974-04-25,42,0.045
1974-04-26,45,0.049
1974-04-27,58,0.057
1974-04-28,54,0.056
1974-04-29,46,0.05
1974-04-30,36,0.039
1974-05-01,38,0.041
1974-05-02,28,0.03
1974-05-03,36,0.039
1974-05-04,47,0.051
1974-05-05,28,0.03
1974-05-06,40,0.043
1974-05-07,48,0.052
1974-05-08,41,0.044
1974-05-09,38,0.041
1974-05-10,36,0.039
1974-05-11,33,0.036
1974-05-12,34,0.037
1974-05-13,43,0.046
1974-05-14,45,0.049
1974-05-15,23,0.025
1974-05-16,18,0.019
1974-05-17,30,0.032
1974-05-18,54,0.056
1974-05-19,43,0.046
1974-05-20,35,0.038
1974-05-21,21,0.023
1974-05-22,21,0.023
1974-05-23,40,0.043
1974-05-24,80,0.064
1974-05-25,50,0.054
1974-05-26,30,0.032
1974-05-27,41,0.044
1974-05-28,74,0.062
1974-05-29,44,0.048
1974-05-30,29,0.031
1974-05-31,31,0.033
1974-06-01,14,0.015
1974-06-02,25,0.027
1974-06-03,31,0.033
1974-06-04,37,0.04
1974-06-05,41,0.044
1974-06-06,12,0.013
1974-06-07,14,0.015
1974-06-08,8,0.009
1974-06-09,19,0.02
1974-06-10,11,0.012
1974-06-11,28,0.03
1974-06-12,29,0.031
1974-06-13,23,0.025
1974-06-14,34,0.037
1974-06-15,12,0.013
1974-06-16,25,0.027
1974-06-17,28,0.03
1974-06-18,42,0.045
1974-06-19,47,0.051
1974-06-20,37,0.04
1974-06-21,28,0.03
1974-06-22,13,0.014
1974-06-23,22,0.024
1974-06-24,18,0.019
1974-06-25,31,0.034
1974-06-26,34,0.037
1974-06-27,23,0.025
1974-06-28,33,0.036
1974-06-29,18,0.019
1974-06-30,36,0.039
1974-07-01,36,0.039
1974-07-02,47,0.051
1974-07-03,21,0.023
1974-07-04,20,0.022
1974-07-05,24,0.026
1974-07-06,5,0.005
1974-07-07,19,0.02
1974-07-08,29,0.031
1974-07-09,34,0.037
1974-07-10,31,0.034
1974-07-11,31,0.034
1974-07-12,32,0.035
1974-07-13,12,0.013
1974-07-14,48,0.052
1974-07-15,50,0.054
1974-07-16,21,0.023
1974-07-17,12,0.013
1974-07-18,8,0.009
1974-07-19,10,0.011
1974-07-20,13,0.014
1974-07-21,11,0.012
1974-07-22,8,0.009
1974-07-23,5,0.005
1974-07-25,17,0.018
1974-07-26,15,0.016
1974-07-27,11,0.012
1974-07-28,19,0.021
1974-07-29,27,0.029
1974-07-30,36,0.039
1974-07-31,54,0.056
1974-08-01,45,0.049
1974-08-02,23,0.025
1974-08-03,12,0.013
1974-08-04,15,0.016
1974-08-05,25,0.027
1974-08-06,16,0.017
1974-08-07,9,0.01
1974-08-09,31,0.033
1974-08-10,32,0.035
1974-08-11,19,0.021
1974-08-12,29,0.031
1974-08-13,31,0.033
1974-08-14,19,0.02
1974-08-15,35,0.038
1974-08-16,21,0.023
1974-08-17,32,0.035
1974-08-18,23,0.025
1974-08-19,37,0.04
1974-08-20,27,0.029
1974-08-21,21,0.023
1974-08-22,29,0.031
1974-08-23,28,0.03
1974-08-24,43,0.046
1974-08-25,22,0.024
1974-08-26,43,0.046
1974-08-27,28,0.03
1974-08-28,21,0.023
1974-08-29,9,0.01
1974-08-30,16,0.017
1974-08-31,27,0.029
1974-09-01,14,0.015
1974-09-02,16,0.017
1974-09-03,8,0.009
1974-09-04,31,0.033
1974-09-05,15,0.016
1974-09-06,11,0.012
1974-09-07,15,0.016
1974-09-08,18,0.019
1974-09-09,17,0.018
1974-09-10,35,0.038
1974-09-11,34,0.037
1974-09-12,30,0.032
1974-09-13,49,0.053
1974-09-14,19,0.021
1974-09-15,15,0.016
1974-09-16,23,0.025
1974-09-17,32,0.035
1974-09-18,25,0.027
1974-09-19,28,0.03
1974-09-20,28,0.03
1974-09-21,24,0.026
1974-09-22,16,0.017
1974-09-23,22,0.024
1974-09-24,18,0.019
1974-09-25,5,0.005
1974-09-26,10,0.011
1974-09-27,9,0.01
1974-09-28,25,0.027
1974-09-29,22,0.024
1974-09-30,19,0.02
1974-10-01,27,0.029
1974-10-02,19,0.02
1974-10-03,18,0.019
1974-10-04,21,0.023
1974-10-05,22,0.024
1974-10-06,24,0.026
1974-10-07,27,0.029
1974-10-08,32,0.035
1974-10-09,39,0.042
1974-10-10,42,0.045
1974-10-11,45,0.049
1974-10-12,42,0.045
1974-10-13,36,0.039
1974-10-14,25,0.027
1974-10-15,16,0.017
1974-10-16,5,0.005
1974-10-17,16,0.017
1974-10-18,28,0.03
1974-10-19,16,0.017
1974-10-20,19,0.021
1974-10-21,15,0.016
1974-10-22,19,0.021
1974-10-23,22,0.024
1974-10-24,29,0.031
1974-10-25,35,0.038
1974-10-26,28,0.03
1974-10-27,20,0.022
1974-10-28,29,0.031
1974-10-29,22,0.024
1974-10-30,19,0.02
1974-10-31,20,0.022
1974-11-01,25,0.027
1974-11-02,27,0.029
1974-11-03,23,0.025
1974-11-04,15,0.016
1974-11-05,9,0.01
1974-11-06,6,0.007
1974-11-07,13,0.014
1974-11-08,11,0.012
1974-11-09,25,0.027
1974-11-10,27,0.029
1974-11-11,18,0.019
1974-11-12,10,0.011
1974-11-13,14,0.015
1974-11-14,5,0.005
1974-11-15,12,0.013
1974-11-16,13,0.014
1974-11-17,13,0.014
1974-11-18,7,0.008
1974-11-19,5,0.005
1974-11-20,12,0.013
1974-11-21,12,0.013
1974-11-22,8,0.009
1974-11-23,22,0.024
1974-11-24,19,0.021
1974-11-25,6,0.007
1974-11-26,10,0.011
1974-11-27,14,0.015
1974-11-28,12,0.013
1974-11-29,17,0.018
1974-11-30,14,0.015
1974-12-01,8,0.009
1974-12-02,5,0.005
1974-12-03,7,0.008
1974-12-04,6,0.006
1974-12-05,15,0.016
1974-12-06,11,0.012
1974-12-07,6,0.006
1974-12-08,6,0.006
1974-12-09,7,0.008
1974-12-10,8,0.009
1974-12-11,9,0.01
1974-12-12,6,0.006
1974-12-13,7,0.008
1974-12-14,16,0.017
1974-12-15,9,0.01
1974-12-16,11,0.012
1974-12-17,10,0.011
1974-12-18,6,0.007
1974-12-19,5,0.005
1974-12-20,5,0.005
1974-12-21,14,0.015
1974-12-22,23,0.025
1974-12-23,14,0.015
1974-12-24,7,0.008
1974-12-25,7,0.008
1974-12-26,9,0.01
1974-12-27,7,0.008
1974-12-28,5,0.005
1974-12-29,5,0.005
1974-12-30,5,0.005
1974-12-31,6,0.007
1975-01-01,9,0.01
1975-01-02,10,0.011
1975-01-03,8,0.009
1975-01-04,6,0.006
1975-01-05,11,0.012
1975-01-06,12,0.013
1975-01-07,16,0.017
1975-01-08,6,0.007
1975-01-09,5,0.005
1975-01-10,11,0.012
1975-01-11,13,0.014
1975-01-12,5,0.005
1975-01-13,9,0.01
1975-01-14,5,0.005
1975-01-16,9,0.01
1975-01-17,13,0.014
1975-01-18,7,0.008
1975-01-19,13,0.014
1975-01-20,6,0.006
1975-01-21,7,0.008
1975-01-22,7,0.008
1975-01-23,9,0.01
1975-01-24,5,0.005
1975-01-25,15,0.016
1975-01-26,15,0.016
1975-01-27,20,0.022
1975-01-28,12,0.013
1975-01-29,17,0.018
1975-01-30,10,0.011
1975-01-31,15,0.016
1975-02-01,8,0.009
1975-02-02,5,0.005
1975-02-03,9,0.01
1975-02-04,9,0.01
1975-02-05,5,0.005
1975-02-06,9,0.01
1975-02-07,8,0.009
1975-02-08,13,0.014
1975-02-09,10,0.011
1975-02-10,14,0.015
1975-02-11,18,0.019
1975-02-12,15,0.016
1975-02-13,13,0.014
1975-02-14,19,0.021
1975-02-15,23,0.025
1975-02-16,13,0.014
1975-02-17,12,0.013
1975-02-18,7,0.008
1975-02-19,11,0.012
1975-02-20,6,0.007
1975-02-21,23,0.025
1975-02-22,14,0.015
1975-02-23,15,0.016
1975-02-24,16,0.017
1975-02-25,20,0.022
1975-02-26,17,0.018
1975-02-27,15,0.016
1975-02-28,19,0.021
1975-03-01,21,0.023
1975-03-02,16,0.017
1975-03-03,13,0.014
1975-03-04,9,0.01
1975-03-05,19,0.02
1975-03-06,25,0.027
1975-03-07,16,0.017
1975-03-08,18,0.019
1975-03-09,20,0.022
1975-03-10,12,0.013
1975-03-11,9,0.01
1975-03-12,5,0.005
1975-03-13,9,0.01
1975-03-14,9,0.01
1975-03-15,17,0.018
1975-03-16,18,0.019
1975-03-17,20,0.022
1975-03-18,11,0.012
1975-03-19,8,0.009
1975-03-20,16,0.017
1975-03-21,19,0.02
1975-03-22,15,0.016
1975-03-23,9,0.01
1975-03-24,8,0.009
1975-03-25,15,0.016
1975-03-26,17,0.018
1975-03-27,25,0.027
1975-03-28,14,0.015
1975-03-29,9,0.01
1975-03-30,5,0.005
1975-03-31,19,0.02
1975-04-01,27,0.029
1975-04-02,18,0.019
1975-04-03,19,0.021
1975-04-04,18,0.019
1975-04-05,20,0.022
1975-04-06,20,0.022
1975-04-07,23,0.025
1975-04-08,27,0.029
1975-04-09,14,0.015
1975-04-10,7,0.008
1975-04-11,24,0.026
1975-04-12,25,0.027
1975-04-13,20,0.022
1975-04-14,31,0.033
1975-04-15,27,0.029
1975-04-16,29,0.031
1975-04-17,42,0.045
1975-04-18,31,0.034
1975-04-19,13,0.014
1975-04-20,24,0.026
1975-04-21,45,0.049
1975-04-22,34,0.037
1975-04-23,19,0.02
1975-04-24,19,0.021
1975-04-25,16,0.017
1975-04-26,26,0.028
1975-04-27,32,0.035
1975-04-28,23,0.025
1975-04-29,8,0.009
1975-05-01,,0.004
1975-05-02,,0.004
1975-05-03,,0.004
1975-05-04,,0.004
1975-05-05,,0.004
1975-05-06,,0.004
1975-05-07,,0.004
1975-05-08,,0.004
1975-05-09,,0.004
1975-05-10,,0.004
1975-05-11,,0.004
1975-05-12,,0.004
1975-05-13,,0.004
1975-05-14,,0.004
1975-05-15,,0.004
1975-05-16,,0.004
1975-05-17,,0.004
1975-05-18,,0.004
1975-05-19,,0.004
1975-05-20,,0.004
1975-05-21,,0.004
1975-05-22,,0.004
1975-05-23,23,0.025
1975-05-24,45,0.049
1975-05-25,35,0.038
1975-05-26,22,0.024
1975-05-27,31,0.034
1975-05-28,17,0.018
1975-05-29,13,0.014
1975-05-30,13,0.014
1975-05-31,7,0.008
1975-06-01,19,0.021
1975-06-02,25,0.027
1975-06-03,23,0.025
1975-06-04,24,0.026
1975-06-05,20,0.022
1975-06-06,11,0.012
1975-06-07,16,0.017
1975-06-08,24,0.026
1975-06-09,46,0.05
1975-06-10,49,0.053
1975-06-11,15,0.016
1975-06-12,36,0.039
1975-06-13,105,0.072
1975-06-14,93,0.068
1975-06-15,20,0.022
1975-06-16,105,0.072
1975-06-17,48,0.052
1975-06-18,147,0.084
1975-06-19,49,0.053
1975-06-20,101,0.071
1975-06-21,47,0.051
1975-06-22,47,0.051
1975-06-23,35,0.038
1975-06-24,61,0.058
1975-06-25,49,0.053
1975-06-26,29,0.031
1975-06-27,39,0.042
1975-06-28,46,0.05
1975-06-29,33,0.036
1975-06-30,58,0.057
1975-07-01,80,0.064
1975-07-02,37,0.04
1975-07-03,154,0.087
1975-07-04,192,0.102
1975-07-05,143,0.083
1975-07-06,40,0.043
1975-07-07,42,0.045
1975-07-08,77,0.063
1975-07-09,129,0.079
1975-07-10,67,0.06
1975-07-11,71,0.061
1975-07-12,143,0.083
1975-07-13,67,0.06
1975-07-14,44,0.048
1975-07-15,35,0.038
1975-07-16,27,0.029
1975-07-17,24,0.026
1975-07-18,31,0.034
1975-07-19,31,0.033
1975-07-20,44,0.048
1975-07-21,90,0.067
1975-07-22,47,0.051
1975-07-23,35,0.038
1975-07-24,29,0.031
1975-07-25,71,0.061
1975-07-26,44,0.047
1975-07-27,38,0.041
1975-07-28,43,0.046
1975-07-29,19,0.021
1975-07-30,21,0.023
1975-07-31,14,0.015
1975-08-01,16,0.017
1975-08-02,32,0.035
1975-08-03,29,0.031
1975-08-04,24,0.026
1975-08-05,16,0.017
1975-08-06,20,0.022
1975-08-07,39,0.042
1975-08-08,34,0.037
1975-08-09,30,0.032
1975-08-10,14,0.015
1975-08-11,33,0.036
1975-08-12,71,0.061
1975-08-13,154,0.087
1975-08-14,156,0.088
1975-08-15,97,0.069
1975-08-16,108,0.073
1975-08-17,67,0.06
1975-08-18,122,0.077
1975-08-19,126,0.078
1975-08-20,80,0.064
1975-08-21,64,0.059
1975-08-22,61,0.058
1975-08-23,122,0.077
1975-08-24,90,0.067
1975-08-25,154,0.087
1975-08-26,49,0.053
1975-08-27,74,0.062
1975-08-28,44,0.047
1975-08-29,50,0.054
1975-08-30,44,0.047
1975-08-31,39,0.042
1975-09-01,84,0.065
1975-09-02,80,0.064
1975-09-03,233,0.136
1975-09-04,206,0.111
1975-09-05,122,0.077
1975-09-06,33,0.036
1975-09-07,15,0.016
1975-09-08,28,0.03
1975-09-09,44,0.047
1975-09-10,32,0.035
1975-09-11,22,0.024
1975-09-12,27,0.029
1975-09-13,30,0.032
1975-09-14,41,0.044
1975-09-15,35,0.038
1975-09-16,31,0.033
1975-09-17,19,0.02
1975-09-18,32,0.035
1975-09-19,159,0.089
1975-09-20,45,0.049
1975-09-21,43,0.046
1975-09-22,7,0.008
1975-09-23,18,0.019
1975-09-24,13,0.014
1975-09-25,41,0.044
1975-09-26,33,0.036
1975-09-27,115,0.075
1975-09-28,80,0.064
1975-09-29,80,0.064
1975-09-30,64,0.059
1975-10-01,12,0.013
1975-10-02,32,0.035
1975-10-03,31,0.033
1975-10-06,32,0.035
1975-10-07,36,0.039
1975-10-08,25,0.027
1975-10-09,45,0.049
1975-10-12,,0.09
1975-10-13,,0.079
1975-10-14,58,0.057
1975-10-15,,0.005
1975-10-16,33,0.036
1975-10-17,19,0.021
1975-10-18,18,0.019
1975-10-19,29,0.031
1975-10-20,10,0.011
1975-10-21,12,0.013
1975-10-22,21,0.023
1975-10-23,19,0.021
1975-10-24,16,0.017
1975-10-25,17,0.018
1975-10-26,5,0.005
1975-10-27,11,0.012
1975-10-28,8,0.009
1975-10-29,12,0.013
1975-10-30,10,0.011
1975-10-31,8,0.009
1975-11-01,11,0.012
1975-11-02,10,0.011
1975-11-03,10,0.011
1975-11-04,10,0.011
1975-11-05,11,0.012
1975-11-06,9,0.01
1975-11-07,6,0.006
1975-11-08,9,0.01
1975-11-09,6,0.007
1975-11-10,6,0.007
1975-11-11,6,0.006
1975-11-12,5,0.005
1975-11-13,6,0.006
1975-11-14,7,0.008
1975-11-15,8,0.009
1975-11-16,11,0.012
1975-11-17,16,0.017
1975-11-18,19,0.02
1975-11-19,10,0.011
1975-11-20,21,0.023
1975-11-21,22,0.024
1975-11-22,16,0.017
1975-11-23,6,0.007
1975-11-24,10,0.011
1975-11-25,27,0.029
1975-11-26,41,0.044
1975-11-27,17,0.018
1975-12-01,5,0.005
1975-12-02,18,0.019
1975-12-03,18,0.019
1975-12-04,21,0.023
1975-12-05,25,0.027
1975-12-06,21,0.023
1975-12-07,5,0.005
1975-12-08,5,0.005
1975-12-09,6,0.006
1975-12-10,13,0.014
1975-12-11,18,0.019
1975-12-12,17,0.018
1975-12-13,19,0.02
1975-12-14,20,0.022
1975-12-15,5,0.005
1976-01-20,9,0.01
1976-01-21,32,0.035
1976-01-22,20,0.022
1976-01-23,42,0.045
1976-01-24,38,0.041
1976-01-25,44,0.047
1976-01-26,19,0.021
1976-01-27,7,0.008
1976-01-28,28,0.03
1976-01-29,36,0.039
1976-01-30,40,0.043
1976-01-31,80,0.064
1976-02-01,20,0.022
1976-02-02,26,0.028
1976-02-03,40,0.043
1976-02-04,45,0.049
1976-02-05,54,0.056
1976-02-06,23,0.025
1976-02-07,31,0.033
1976-02-08,43,0.046
1976-02-09,19,0.021
1976-02-10,47,0.051
1976-02-11,21,0.023
1976-02-12,38,0.041
1976-02-13,51,0.055
1976-02-14,54,0.056
1976-02-15,42,0.045
1976-02-16,49,0.053
1976-02-17,27,0.029
1976-02-18,28,0.03
1976-02-19,34,0.037
1976-02-20,61,0.058
1976-02-21,39,0.042
1976-02-22,19,0.021
1976-02-23,28,0.03
1976-02-24,35,0.038
1976-02-25,77,0.063
1976-02-26,46,0.05
1976-02-27,67,0.06
1976-02-28,77,0.063
1976-02-29,101,0.071
1976-03-01,44,0.048
1976-03-02,45,0.049
1976-03-03,28,0.03
1976-03-04,36,0.039
1976-03-05,28,0.03
1976-03-06,17,0.018
1976-03-07,37,0.04
1976-03-08,29,0.031
1976-03-09,21,0.023
1976-03-10,44,0.048
1976-03-11,50,0.054
1976-03-12,29,0.031
1976-03-13,36,0.039
1976-03-14,27,0.029
1976-03-15,15,0.016
1976-03-16,25,0.027
1976-03-17,35,0.038
1976-03-18,49,0.053
1976-03-19,46,0.05
1976-03-20,31,0.033
1976-03-21,46,0.05
1976-03-22,32,0.035
1976-03-23,47,0.051
1976-03-24,45,0.049
1976-03-25,38,0.041
1976-03-26,41,0.044
1976-03-27,31,0.033
1976-03-28,47,0.051
1976-03-29,18,0.019
1976-03-30,16,0.017
1976-03-31,17,0.018
1976-04-01,45,0.049
1976-04-02,51,0.055
1976-04-03,71,0.061
1976-04-04,80,0.064
1976-04-05,49,0.053
1976-04-06,64,0.059
1976-04-07,122,0.077
1976-04-08,129,0.079
1976-04-09,25,0.027
1976-04-15,5,0.005
1976-04-16,45,0.049
1976-04-17,45,0.049
1976-04-18,54,0.056
1976-04-19,112,0.074
1976-04-20,74,0.062
1976-04-21,44,0.048
1976-04-22,42,0.045
1976-04-23,48,0.052
1976-04-24,46,0.05
1976-04-25,35,0.038
1976-04-26,31,0.033
1976-04-27,40,0.043
1976-04-28,58,0.057
1976-04-29,31,0.033
1976-04-30,29,0.031
1976-05-01,31,0.034
1976-05-02,37,0.04
1976-05-03,44,0.048
1976-05-04,49,0.053
1976-05-05,71,0.061
1976-05-06,41,0.044
1976-05-07,32,0.035
1976-05-08,16,0.017
1976-05-09,43,0.046
1976-05-10,41,0.044
1976-05-11,44,0.047
1976-05-12,46,0.05
1976-05-13,71,0.061
1976-05-14,20,0.022
1976-05-15,42,0.045
1976-05-16,46,0.05
1976-05-17,84,0.065
1976-05-18,22,0.024
1976-05-19,84,0.065
1976-05-20,174,0.095
1976-05-21,200,0.105
1976-05-22,133,0.08
1976-05-23,34,0.037
1976-05-24,143,0.083
1976-05-25,126,0.078
1976-05-26,97,0.069
1976-05-27,38,0.041
1976-05-28,42,0.045
1976-05-29,42,0.045
1976-05-30,100,0.07
1976-05-31,,0.005
1976-06-01,21,0.023
1976-06-02,46,0.05
1976-06-03,44,0.047
1976-06-04,41,0.044
1976-06-05,74,0.062
1976-06-06,5,0.005
1976-06-07,161,0.09
1976-06-08,209,0.114
1976-06-09,147,0.084
1976-06-10,136,0.081
1976-06-11,224,0.128
1976-06-12,228,0.132
1976-06-13,5,0.005
1976-06-15,61,0.058
1976-06-16,49,0.053
1976-06-17,90,0.067
1976-06-18,33,0.036
1976-06-19,19,0.021
1976-06-20,49,0.053
1976-06-21,115,0.075
1976-06-22,100,0.07
1976-06-23,44,0.047
1976-06-24,38,0.041
1976-06-25,31,0.033
1976-06-26,44,0.048
1976-06-27,64,0.059
1976-06-28,182,0.098
1976-06-29,100,0.07
1976-06-30,50,0.054
1976-07-01,143,0.083
1976-07-02,172,0.094
1976-07-03,87,0.066
1976-07-04,31,0.033
1976-07-05,35,0.038
1976-07-06,36,0.039
1976-07-07,140,0.082
1976-07-08,203,0.108
1976-07-09,182,0.098
1976-07-10,195,0.103
1976-07-11,214,0.118
1976-07-12,143,0.083
1976-07-13,159,0.089
1976-07-14,212,0.116
1976-07-15,204,0.109
1976-07-16,67,0.06
1976-07-17,93,0.068
1976-07-18,108,0.073
1976-07-19,51,0.055
1976-07-20,26,0.028
1976-07-21,161,0.09
1976-07-22,161,0.09
1976-07-23,5,0.005
1976-08-04,44,0.047
1976-08-05,80,0.064
1976-08-06,61,0.058
1976-08-07,6,0.007
1976-08-08,,0.069
1976-08-09,87,0.066
1976-08-10,6,0.006
1977-02-18,34,0.037
1977-02-19,39,0.042
1977-02-20,22,0.024
1977-02-21,26,0.028
1977-02-22,49,0.053
1977-02-23,40,0.043
1977-02-24,30,0.032
1977-02-25,44,0.048
1977-02-26,46,0.05
1977-02-27,18,0.019
1977-02-28,25,0.027
1977-03-01,38,0.041
1977-03-02,36,0.039
1977-03-03,42,0.045
1977-03-04,23,0.025
1977-03-05,16,0.017
1977-03-06,15,0.016
1977-03-07,36,0.039
1977-03-08,47,0.051
1977-03-09,48,0.052
1977-03-10,33,0.036
1977-03-11,25,0.027
1977-03-12,18,0.019
1977-03-13,39,0.042
1977-03-14,38,0.041
1977-03-15,41,0.044
1977-03-16,39,0.042
1977-03-17,44,0.048
1977-03-18,28,0.03
1977-03-19,35,0.038
1977-03-20,33,0.036
1977-03-21,23,0.025
1977-03-22,29,0.031
1977-03-23,31,0.034
1977-03-24,32,0.035
1977-03-25,44,0.047
1977-03-26,58,0.057
1977-03-27,45,0.049
1977-03-28,36,0.039
1977-03-29,20,0.022
1977-03-30,13,0.014
1977-03-31,39,0.042
1977-04-01,35,0.038
1977-04-02,20,0.022
1977-04-03,17,0.018
1977-04-04,21,0.023
1977-04-05,30,0.032
1977-04-07,44,0.047
1977-04-08,44,0.047
1977-04-09,47,0.051
1977-04-10,101,0.071
1977-04-11,136,0.081
1977-04-12,105,0.072
1977-04-13,87,0.066
1977-04-14,112,0.074
1977-04-15,101,0.071
1977-04-16,87,0.066
1977-04-17,115,0.075
1977-04-18,147,0.084
1977-04-19,47,0.051
1977-04-20,58,0.057
1977-04-21,31,0.034
1977-04-22,30,0.032
1977-04-23,30,0.032
1977-04-24,32,0.035
1977-04-25,38,0.041
1977-04-26,33,0.036
1977-04-27,49,0.053
1977-04-28,67,0.06
1977-04-29,64,0.059
1977-04-30,40,0.043
1977-05-01,44,0.047
1977-05-02,43,0.046
1977-05-03,31,0.034
1977-05-04,28,0.03
1977-05-05,51,0.055
1977-05-06,48,0.052
1977-05-07,31,0.033
1977-05-08,46,0.05
1977-05-09,46,0.05
1977-05-10,33,0.036
1977-05-11,80,0.064
1977-05-12,80,0.064
1977-05-13,93,0.068
1977-05-14,90,0.067
1977-05-15,67,0.06
1977-05-16,90,0.067
1977-05-17,71,0.061
1977-05-18,147,0.084
1977-05-19,84,0.065
1977-05-20,5,0.005
1977-07-20,36,0.039
1977-07-21,100,0.07
1977-07-22,49,0.053
1977-07-23,80,0.064
1977-07-24,105,0.072
1977-07-25,44,0.047
1977-07-26,151,0.086
1977-07-27,40,0.043
1977-07-28,40,0.043
1977-07-29,20,0.022
1977-07-30,151,0.086
1977-07-31,61,0.058
1977-08-01,169,0.093
1977-08-02,31,0.033
1977-08-03,23,0.025
1977-08-04,13,0.014
1977-08-05,19,0.021
1977-08-06,38,0.041
1977-08-07,40,0.043
1977-08-08,51,0.055
1977-08-09,84,0.065
1977-08-10,54,0.056
1977-08-11,115,0.075
1977-08-12,34,0.037
1977-08-13,30,0.032
1977-08-14,22,0.024
1977-08-15,44,0.047
1977-08-16,30,0.032
1977-08-17,25,0.027
1977-08-18,30,0.032
1977-08-19,58,0.057
1977-08-20,80,0.064
1977-08-21,47,0.051
1977-08-22,105,0.072
1977-08-23,27,0.029
1977-08-24,40,0.043
1977-08-25,27,0.029
1977-08-26,21,0.023
1977-08-27,14,0.015
1977-08-28,13,0.014
1977-08-29,33,0.036
1977-08-30,27,0.029
1977-08-31,31,0.034
1977-09-01,28,0.03
1977-09-02,27,0.029
1977-09-03,20,0.022
1977-09-04,15,0.016
1977-09-05,23,0.025
1977-09-06,17,0.018
1977-09-07,21,0.023
1977-09-08,16,0.017
1977-09-09,64,0.059
1977-09-10,48,0.052
1977-09-11,80,0.064
1977-09-12,49,0.053
1977-09-13,31,0.034
1977-09-14,25,0.027
1977-09-15,31,0.033
1977-09-16,23,0.025
1977-09-17,23,0.025
1977-09-18,31,0.034
1977-09-19,19,0.021
1977-09-20,40,0.043
1977-09-21,40,0.043
1977-09-22,38,0.041
1977-09-23,45,0.049
1977-09-24,74,0.062
1977-09-25,35,0.038
1977-09-26,17,0.018
1977-09-27,18,0.019
1977-09-28,47,0.051
1977-09-29,28,0.03
1977-09-30,23,0.025
1977-10-01,15,0.016
1977-10-02,24,0.026
1977-10-03,27,0.029
1977-10-04,44,0.047
1977-10-05,49,0.053
1977-10-06,54,0.056
1977-10-07,48,0.052
1977-10-08,24,0.026
1977-10-09,28,0.03
1977-10-10,32,0.035
1977-10-11,17,0.018
1977-10-12,25,0.027
1977-10-13,21,0.023
1977-10-14,19,0.02
1977-10-15,58,0.057
1977-10-16,19,0.02
1977-10-17,19,0.021
1977-10-18,58,0.057
1977-10-19,19,0.021
1977-10-20,35,0.038
1977-10-21,32,0.035
1977-10-22,48,0.052
1977-10-23,43,0.046
1977-10-24,38,0.041
1977-10-25,5,0.005
1977-10-26,5,0.005
1977-10-27,12,0.013
1977-10-28,27,0.029
1977-10-29,34,0.037
1977-10-30,34,0.037
1977-10-31,32,0.035
1977-11-01,31,0.033
1977-11-02,11,0.012
1977-11-03,7,0.008
1977-11-04,18,0.019
1977-11-05,21,0.023
1977-11-06,25,0.027
1977-11-07,19,0.021
1977-11-08,19,0.02
1977-11-09,21,0.023
1977-11-10,27,0.029
1977-11-11,21,0.023
1977-11-12,23,0.025
1977-11-13,23,0.025
1977-11-14,30,0.032
1977-11-15,31,0.033
1977-11-16,21,0.023
1977-11-17,22,0.024
1977-11-18,17,0.018
1977-11-19,21,0.023
1977-11-20,30,0.032
1977-11-21,23,0.025
1977-11-22,6,0.007
1977-11-23,12,0.013
1977-11-24,10,0.011
1977-11-25,15,0.016
1977-11-26,20,0.022
1977-11-27,29,0.031
1977-11-28,5,0.005
1977-11-29,6,0.007
1977-11-30,5,0.005
1977-12-01,10,0.011
1977-12-02,11,0.012
1977-12-03,30,0.032
1977-12-04,31,0.033
1977-12-05,14,0.015
1977-12-06,17,0.018
1977-12-07,12,0.013
1977-12-08,22,0.024
1977-12-09,18,0.019
1977-12-10,19,0.02
1977-12-11,20,0.022
1977-12-12,15,0.016
1977-12-13,11,0.012
1977-12-14,5,0.005
1977-12-15,9,0.01
1977-12-16,5,0.005
1977-12-17,5,0.005
1977-12-18,12,0.013
1977-12-19,11,0.012
1977-12-20,14,0.015
1977-12-21,12,0.013
1977-12-22,6,0.007
1977-12-27,16,0.017
1977-12-28,6,0.007
1977-12-29,12,0.013
1977-12-30,8,0.009
1977-12-31,5,0.005
1978-01-01,6,0.007
1978-01-02,12,0.013
1978-01-03,6,0.006
1978-01-04,16,0.017
1978-01-05,11,0.012
1978-01-06,9,0.01
1978-01-07,11,0.012
1978-01-08,12,0.013
1978-01-09,11,0.012
1978-01-10,12,0.013
1978-01-11,7,0.008
1978-01-12,11,0.012
1978-01-13,5,0.005
1978-01-14,6,0.007
1978-01-15,14,0.015
1978-01-16,14,0.015
1978-01-17,5,0.005
1978-01-18,7,0.008
1978-01-19,5,0.005
1978-01-20,12,0.013
1978-01-21,10,0.011
1978-01-22,9,0.01
1978-01-23,19,0.02
1978-01-24,9,0.01
1978-01-25,14,0.015
1978-01-26,19,0.02
1978-01-27,12,0.013
1978-01-28,17,0.018
1978-01-29,13,0.014
1978-01-30,7,0.008
1978-01-31,11,0.012
1978-02-01,15,0.016
1978-02-02,5,0.005
1978-02-03,22,0.024
1978-02-04,29,0.031
1978-02-07,5,0.005
1978-02-08,27,0.029
1978-02-09,28,0.03
1978-02-10,37,0.04
1978-02-11,32,0.035
1978-02-12,38,0.041
1978-02-13,45,0.049
1978-02-14,31,0.033
1978-02-15,49,0.053
1978-02-16,20,0.022
1978-02-20,31,0.034
1978-02-21,48,0.052
1978-02-22,44,0.047
1978-02-23,35,0.038
1978-02-24,44,0.048
1978-02-25,161,0.09
1978-02-26,45,0.049
1978-02-27,49,0.053
1978-02-28,20,0.022
1978-03-01,34,0.037
1978-03-02,27,0.029
1978-03-03,5,0.005
1978-03-04,,0.005
1978-03-05,,0.005
1978-03-06,39,0.042
1978-03-07,31,0.034
1978-03-08,11,0.012
1978-03-09,6,0.007
1978-03-10,38,0.041
1978-03-11,90,0.067
1978-03-12,71,0.061
1978-03-13,45,0.049
1978-03-14,45,0.049
1978-03-15,49,0.053
1978-03-16,31,0.034
1978-03-17,37,0.04
1978-03-18,41,0.044
1978-03-19,97,0.069
1978-03-20,105,0.072
1978-03-21,43,0.046
1978-03-22,45,0.049
1978-03-23,84,0.065
1978-03-24,64,0.059
1978-03-25,43,0.046
1978-03-26,21,0.023
1978-03-27,22,0.024
1978-03-31,156,0.088
1978-04-01,,0.005
1978-04-03,40,0.043
1978-04-04,58,0.057
1978-04-05,122,0.077
1978-04-06,48,0.052
1978-04-07,74,0.062
1978-04-08,129,0.079
1978-04-09,126,0.078
1978-04-10,58,0.057
1978-04-11,14,0.015
1978-04-12,40,0.043
1978-04-13,39,0.042
1978-04-14,54,0.056
1978-04-15,108,0.073
1978-04-16,97,0.069
1978-04-17,39,0.042
1978-04-18,26,0.028
1978-04-19,45,0.049
1978-04-20,38,0.041
1978-04-21,12,0.013
1978-04-24,47,0.051
1978-04-25,31,0.033
1978-04-26,31,0.033
1978-04-27,64,0.059
1978-04-28,77,0.063
1978-04-29,156,0.088
1978-04-30,45,0.049
1978-05-01,31,0.033
1978-05-02,61,0.058
1978-05-03,33,0.036
1978-05-04,31,0.034
1978-05-05,71,0.061
1978-05-06,129,0.079
1978-05-07,16,0.017
1978-05-08,8,0.009
1978-05-09,44,0.048
1978-05-10,50,0.054
1978-05-11,80,0.064
1978-05-12,45,0.049
1978-05-13,44,0.047
1978-05-14,47,0.051
1978-05-15,31,0.033
1978-05-16,44,0.048
1978-05-17,174,0.095
1978-05-18,54,0.056
1978-05-19,150,0.085
1978-05-20,172,0.094
1978-05-21,97,0.069
1978-05-22,136,0.081
1978-05-23,58,0.057
1978-05-24,74,0.062
1978-05-25,112,0.074
1978-05-26,100,0.07
1978-05-27,133,0.08
1978-05-28,97,0.069
1978-05-29,64,0.059
1978-05-30,50,0.054
1978-05-31,112,0.074
1978-07-31,47,0.051
1978-08-01,64,0.059
1978-08-02,126,0.078
1978-08-03,37,0.04
1978-08-04,14,0.015
1978-08-05,18,0.019
1978-08-06,20,0.022
1978-08-07,10,0.011
1978-08-08,,0.01
1978-08-10,12,0.013
1978-08-11,10,0.011
1978-08-12,30,0.032
1978-08-13,80,0.064
1978-08-14,119,0.076
1978-08-15,24,0.026
1978-08-16,37,0.04
1978-08-18,38,0.041
1978-08-19,108,0.073
1978-08-20,126,0.078
1978-08-21,38,0.041
1978-08-22,24,0.026
1978-08-23,80,0.064
1978-08-25,129,0.079
1978-08-26,108,0.073
1978-08-27,48,0.052
1978-08-28,23,0.025
1978-08-29,19,0.02
1978-08-30,5,0.005
1978-08-31,31,0.033
1978-09-01,54,0.056
1978-09-02,41,0.044
1978-09-03,50,0.054
1978-09-04,49,0.053
1978-09-05,48,0.052
1978-09-06,41,0.044
1978-09-11,24,0.026
1978-09-12,19,0.021
1978-09-15,8,0.009
1978-09-16,44,0.048
1978-09-17,71,0.061
1978-09-18,34,0.037
1978-09-19,44,0.048
1978-09-21,44,0.047
1978-09-22,54,0.056
1978-09-25,20,0.022
1978-09-26,34,0.037
1978-09-27,37,0.04
1978-09-29,44,0.048
1978-09-30,23,0.025
1978-10-01,29,0.031
1978-10-02,29,0.031
1978-10-03,31,0.033
1978-10-04,34,0.037
1978-10-05,35,0.038
1978-10-06,19,0.021
1978-10-07,22,0.024
1978-10-08,31,0.033
1978-10-09,35,0.038
1978-10-10,35,0.038
1978-10-11,38,0.041
1978-10-12,27,0.029
1978-10-13,18,0.019
1978-10-14,28,0.03
1978-10-15,17,0.018
1978-10-16,38,0.041
1978-10-17,20,0.022
1978-10-19,26,0.028
1978-10-20,23,0.025
1978-10-21,30,0.032
1978-10-23,25,0.027
1978-10-24,43,0.046
1978-10-25,18,0.019
1978-10-26,31,0.034
1978-10-27,24,0.026
1978-10-28,41,0.044
1978-10-29,34,0.037
1978-10-30,46,0.05
1978-10-31,34,0.037
1978-11-01,42,0.045
1978-11-02,47,0.051
1978-11-03,49,0.053
1978-11-04,45,0.049
1978-11-05,46,0.05
1978-11-06,45,0.049
1978-11-07,12,0.013
1978-11-08,17,0.018
1978-11-09,31,0.034
1978-11-10,27,0.029
1978-11-11,33,0.036
1978-11-12,37,0.04
1978-11-13,31,0.033
1978-11-14,15,0.016
1978-11-15,10,0.011
1978-11-16,17,0.018
1978-11-17,13,0.014
1978-11-18,14,0.015
1978-11-19,24,0.026
1978-11-20,19,0.02
1978-11-21,20,0.022
1978-11-22,19,0.021
1978-11-23,18,0.019
1978-11-24,19,0.02
1978-11-25,19,0.021
1978-11-26,39,0.042
1978-11-27,11,0.012
1978-11-28,6,0.006
1978-11-29,5,0.005
1978-11-30,5,0.005
1978-12-01,13,0.014
1978-12-02,18,0.019
1978-12-03,10,0.011
1978-12-04,6,0.006
1978-12-05,7,0.008
1978-12-06,7,0.008
1978-12-07,6,0.007
1978-12-08,10,0.011
1978-12-09,12,0.013
1978-12-10,17,0.018
1978-12-11,15,0.016
1978-12-12,12,0.013
1978-12-13,20,0.022
1978-12-14,5,0.005
1978-12-15,6,0.007
1978-12-16,5,0.005
1978-12-20,28,0.03
1978-12-21,16,0.017
1978-12-22,12,0.013
1978-12-23,22,0.024
1978-12-24,23,0.025
1978-12-25,16,0.017
1978-12-26,18,0.019
1978-12-27,12,0.013
1978-12-28,7,0.008
1979-01-01,14,0.015
1979-01-02,12,0.013
1979-01-03,11,0.012
1979-01-08,17,0.018
1979-01-09,12,0.013
1979-01-10,11,0.012
1979-01-11,19,0.02
1979-01-12,5,0.005
1979-01-13,5,0.005
1979-01-15,18,0.019
1979-01-16,10,0.011
1979-01-31,16,0.017
1979-02-01,19,0.021
1979-02-02,9,0.01
1979-02-03,5,0.005
1979-02-04,19,0.021
1979-02-05,9,0.01
1979-02-06,5,0.005
1979-02-08,12,0.013
1979-02-12,37,0.04
1979-02-13,24,0.026
1979-02-15,26,0.028
1979-02-16,9,0.01
1979-02-17,27,0.029
1979-02-18,29,0.031
1979-02-19,45,0.049
1979-02-20,32,0.035
1979-02-21,6,0.006
1979-02-22,6,0.007
1979-02-23,5,0.005
1979-02-24,8,0.009
1979-02-26,10,0.011
1979-02-28,37,0.04
1979-03-01,28,0.03
1979-03-02,34,0.037
1979-03-03,25,0.027
1979-03-04,9,0.01
1979-03-05,24,0.026
1979-03-06,28,0.03
1979-03-07,32,0.035
1979-03-08,10,0.011
1979-03-09,19,0.02
1979-03-10,19,0.02
1979-03-11,26,0.028
1979-03-12,20,0.022
1979-03-13,31,0.033
1979-03-14,27,0.029
1979-03-15,31,0.033
1979-03-16,33,0.036
1979-03-17,39,0.042
1979-03-18,43,0.046
1979-03-19,42,0.045
1979-03-20,22,0.024
1979-03-21,25,0.027
1979-03-22,16,0.017
1979-03-23,17,0.018
1979-03-24,22,0.024
1979-03-25,27,0.029
1979-03-26,23,0.025
1979-03-27,35,0.038
1979-03-28,47,0.051
1979-03-29,45,0.049
1979-03-30,41,0.044
1979-03-31,31,0.033
1979-04-01,31,0.033
1979-04-02,24,0.026
1979-04-03,7,0.008
1979-04-04,10,0.011
1979-04-05,15,0.016
1979-04-06,31,0.033
1979-04-07,58,0.057
1979-04-08,41,0.044
1979-04-09,37,0.04
1979-04-10,32,0.035
1979-04-11,39,0.042
1979-04-12,28,0.03
1979-04-13,28,0.03
1979-04-14,41,0.044
1979-04-15,51,0.055
1979-04-16,19,0.02
1979-04-17,47,0.051
1979-04-18,50,0.054
1979-04-19,101,0.071
1979-04-20,22,0.024
1979-04-21,9,0.01
1979-04-22,5,0.005
1979-04-23,67,0.06
1979-04-24,44,0.047
1979-04-25,31,0.033
1979-04-26,23,0.025
1979-04-27,31,0.034
1979-04-28,41,0.044
1979-04-29,42,0.045
1979-04-30,90,0.067
1979-05-01,77,0.063
1979-05-02,90,0.067
1979-05-03,36,0.039
1979-05-04,26,0.028
1979-05-05,41,0.044
1979-05-06,35,0.038
1979-05-07,27,0.029
1979-05-08,19,0.02
1979-05-09,19,0.021
1979-05-10,42,0.045
1979-05-11,15,0.016
1979-05-12,20,0.022
1979-05-13,12,0.013
1979-05-14,31,0.034
1979-05-15,46,0.05
1979-05-16,44,0.047
1979-05-17,50,0.054
1979-05-18,87,0.066
1979-05-19,48,0.052
1979-05-20,67,0.06
1979-05-21,29,0.031
1979-05-22,28,0.03
1979-05-23,17,0.018
1979-05-24,37,0.04
1979-05-25,26,0.028
1979-05-26,44,0.048
1979-05-27,34,0.037
1979-05-28,34,0.037
1979-05-29,27,0.029
1979-05-30,29,0.031
1979-05-31,8,0.009
1979-06-01,23,0.025
1979-06-02,126,0.078
1979-06-03,20,0.022
1979-06-04,29,0.031
1979-06-05,200,0.105
1979-06-06,33,0.036
1979-06-07,28,0.03
1979-06-08,20,0.022
1979-06-09,32,0.035
1979-06-10,47,0.051
1979-06-11,33,0.036
1979-06-12,49,0.053
1979-06-13,74,0.062
1979-06-14,61,0.058
1979-06-15,101,0.071
1979-06-16,90,0.067
1979-06-17,159,0.089
1979-06-18,177,0.096
1979-06-19,204,0.109
1979-06-20,46,0.05
1979-06-21,80,0.064
1979-06-22,143,0.083
1979-06-23,140,0.082
1979-06-24,44,0.048
1979-06-25,36,0.039
1979-06-26,71,0.061
1979-06-27,74,0.062
1979-06-28,179,0.097
1979-06-29,122,0.077
1979-06-30,93,0.068
1979-07-01,101,0.071
1979-07-02,105,0.072
1979-07-03,172,0.094
1979-07-04,77,0.063
1979-07-05,43,0.046
1979-07-06,48,0.052
1979-07-07,34,0.037
1979-07-08,25,0.027
1979-07-09,26,0.028
1979-07-10,29,0.031
1979-07-11,26,0.028
1979-07-12,20,0.022
1979-07-13,71,0.061
1979-07-14,64,0.059
1979-07-15,90,0.067
1979-07-16,108,0.073
1979-07-17,133,0.08
1979-07-18,112,0.074
1979-07-19,29,0.031
1979-07-20,11,0.012
1979-07-21,25,0.027
1979-07-22,17,0.018
1979-07-23,19,0.021
1979-07-24,19,0.021
1979-07-25,15,0.016
1979-07-26,20,0.022
1979-07-27,31,0.033
1979-07-28,23,0.025
1979-07-29,49,0.053
1979-07-30,143,0.083
1979-07-31,77,0.063
1979-08-01,101,0.071
1979-08-02,77,0.063
1979-08-03,154,0.087
1979-08-04,90,0.067
1979-08-05,119,0.076
1979-08-06,105,0.072
1979-08-07,223,0.127
1979-08-08,242,0.145
1979-08-09,215,0.119
1979-08-10,140,0.082
1979-08-11,31,0.033
1979-08-12,44,0.048
1979-08-13,17,0.018
1979-08-16,25,0.027
1979-08-17,74,0.062
1979-08-18,154,0.087
1979-08-19,156,0.088
1979-08-20,179,0.097
1979-08-21,169,0.093
1979-08-22,64,0.059
1979-08-23,27,0.029
1979-08-24,24,0.026
1979-08-25,27,0.029
1979-08-26,19,0.021
1979-08-27,74,0.062
1979-08-28,34,0.037
1979-08-30,136,0.081
1979-08-31,44,0.048
1979-09-16,30,0.032
1979-09-17,27,0.029
1979-09-18,24,0.026
1979-09-19,41,0.044
1979-09-20,26,0.028
1979-09-21,6,0.006
1979-09-22,21,0.023
1979-09-23,22,0.024
1979-09-24,13,0.014
1979-09-25,12,0.013
1979-09-26,16,0.017
1979-09-27,22,0.024
1979-09-28,14,0.015
1979-09-29,35,0.038
1979-09-30,42,0.045
1979-10-01,71,0.061
1979-10-02,43,0.046
1979-10-03,30,0.032
1979-10-04,6,0.006
1979-10-05,38,0.041
1979-10-06,77,0.063
1979-10-07,43,0.046
1979-10-08,47,0.051
1979-10-09,49,0.053
1979-10-10,19,0.02
1979-10-11,29,0.031
1979-10-12,122,0.077
1979-10-13,33,0.036
1979-10-14,35,0.038
1979-10-15,37,0.04
1979-10-16,36,0.039
1979-10-17,34,0.037
1979-10-18,28,0.03
1979-10-19,22,0.024
1979-10-20,14,0.015
1979-10-21,13,0.014
1979-10-22,17,0.018
1979-10-23,14,0.015
1979-10-24,20,0.022
1979-10-25,24,0.026
1979-10-26,37,0.04
1979-10-27,42,0.045
1979-10-28,44,0.047
1979-10-29,18,0.019
1979-10-30,25,0.027
1979-10-31,34,0.037
1979-11-01,20,0.022
1979-11-02,6,0.007
1979-11-03,33,0.036
1979-11-04,37,0.04
1979-11-05,41,0.044
1979-11-06,34,0.037
1979-11-07,19,0.021
1979-11-08,32,0.035
1979-11-09,31,0.034
1979-11-10,6,0.006
1979-11-11,5,0.005
1979-11-12,7,0.008
1979-11-13,9,0.01
1979-11-14,27,0.029
1979-11-15,16,0.017
1979-11-16,24,0.026
1979-11-17,49,0.053
1979-11-18,47,0.051
1979-11-19,23,0.025
1979-11-20,42,0.045
1979-11-21,50,0.054
1979-11-22,39,0.042
1979-11-23,29,0.031
1979-11-24,12,0.013
1979-11-25,20,0.022
1979-11-26,31,0.033
1979-11-27,31,0.034
1979-11-28,7,0.008
1979-11-29,18,0.019
1979-11-30,5,0.005
1979-12-01,5,0.005
1979-12-02,5,0.005
1979-12-03,6,0.007
1979-12-04,11,0.012
1979-12-05,24,0.026
1979-12-06,6,0.006
1979-12-07,16,0.017
1979-12-08,21,0.023
1979-12-09,28,0.03
1979-12-10,19,0.02
1979-12-11,31,0.033
1979-12-12,5,0.005
1979-12-13,8,0.009
1979-12-14,7,0.008
1979-12-15,19,0.02
1979-12-16,13,0.014
1979-12-17,10,0.011
1979-12-18,5,0.005
1979-12-19,5,0.005
1979-12-20,5,0.005
1979-12-21,5,0.005
1979-12-22,5,0.005
1979-12-23,5,0.005
1979-12-24,5,0.005
1979-12-25,5,0.005
1979-12-27,5,0.005
1979-12-28,5,0.005
1979-12-29,5,0.005
1979-12-30,5,0.005
1979-12-31,5,0.005
1980-01-01,5,0.005
1980-01-02,7,0.008
1980-01-03,28,0.03
1980-01-04,9,0.01
1980-01-05,18,0.019
1980-01-06,30,0.032
1980-01-07,6,0.007
1980-01-08,5,0.005
1980-01-09,6,0.006
1980-01-10,18,0.019
1980-01-11,17,0.018
1980-01-12,23,0.025
1980-01-13,20,0.022
1980-01-14,5,0.005
1980-01-15,26,0.028
1980-01-16,30,0.032
1980-01-17,8,0.009
1980-01-18,5,0.005
1980-01-19,5,0.005
1980-01-20,5,0.005
1980-01-21,5,0.005
1980-01-22,5,0.005
1980-01-23,5,0.005
1980-01-24,5,0.005
1980-01-25,5,0.005
1980-01-26,5,0.005
1980-01-27,5,0.005
1980-01-28,23,0.025
1980-01-29,5,0.005
1980-01-30,7,0.008
1980-01-31,24,0.026
1980-02-01,25,0.027
1980-02-02,19,0.02
1980-02-03,29,0.031
1980-02-04,29,0.031
1980-02-05,23,0.025
1980-02-06,23,0.025
1980-02-07,20,0.022
1980-02-08,15,0.016
1980-02-09,8,0.009
1980-02-10,19,0.02
1980-02-11,17,0.018
1980-02-12,26,0.028
1980-02-13,29,0.031
1980-02-14,21,0.023
1980-02-15,49,0.053
1980-02-16,31,0.033
1980-02-17,32,0.035
1980-02-18,35,0.038
1980-02-19,35,0.038
1980-02-20,6,0.006
1980-02-21,5,0.005
1980-02-22,8,0.009
1980-02-23,38,0.041
1980-02-24,26,0.028
1980-02-25,32,0.035
1980-02-26,27,0.029
1980-02-27,42,0.045
1980-02-28,105,0.072
1980-02-29,32,0.035
1980-03-01,19,0.021
1980-03-02,37,0.04
1980-03-03,22,0.024
1980-03-04,35,0.038
1980-03-05,18,0.019
1980-03-06,33,0.036
1980-03-07,5,0.005
1980-03-08,5,0.005
1980-03-09,5,0.005
1980-03-10,51,0.055
1980-03-11,30,0.032
1980-03-12,18,0.019
1980-03-13,16,0.017
1980-03-14,29,0.031
1980-03-15,41,0.044
1980-03-16,37,0.04
1980-03-17,20,0.022
1980-03-18,27,0.029
1980-03-19,40,0.043
1980-03-20,11,0.012
1980-03-21,27,0.029
1980-03-22,30,0.032
1980-03-23,41,0.044
1980-03-24,27,0.029
1980-03-25,22,0.024
1980-03-26,8,0.009
1980-03-27,43,0.046
1980-03-28,23,0.025
1980-03-29,13,0.014
1980-03-30,32,0.035
1980-03-31,41,0.044
1980-04-01,50,0.054
1980-04-02,44,0.047
1980-04-03,29,0.031
1980-04-04,48,0.052
1980-04-05,45,0.049
1980-04-06,71,0.061
1980-04-07,40,0.043
1980-04-08,29,0.031
1980-04-09,34,0.037
1980-04-10,5,0.005
1980-04-11,43,0.046
1980-04-12,14,0.015
1980-04-13,19,0.021
1980-04-14,29,0.031
1980-04-15,42,0.045
1980-04-16,43,0.046
1980-04-17,54,0.056
1980-04-18,54,0.056
1980-04-19,71,0.061
1980-04-20,80,0.064
1980-04-21,122,0.077
1980-04-22,100,0.07
1980-04-23,74,0.062
1980-04-24,119,0.076
1980-04-25,61,0.058
1980-04-26,34,0.037
1980-04-27,39,0.042
1980-04-28,30,0.032
1980-04-29,32,0.035
1980-04-30,31,0.034
1980-05-01,43,0.046
1980-05-02,54,0.056
1980-05-03,54,0.056
1980-05-04,58,0.057
1980-05-05,87,0.066
1980-05-06,51,0.055
1980-05-07,58,0.057
1980-05-08,37,0.04
1980-05-09,74,0.062
1980-05-10,67,0.06
1980-05-11,41,0.044
1980-05-12,35,0.038
1980-05-13,25,0.027
1980-05-14,6,0.006
1980-05-15,28,0.03
1980-05-16,61,0.058
1980-05-17,21,0.023
1980-05-18,46,0.05
1980-05-19,5,0.005
1980-05-20,23,0.025
1980-05-21,5,0.005
1980-05-23,10,0.011
1980-05-24,49,0.053
1980-05-25,48,0.052
1980-05-26,101,0.071
1980-05-27,64,0.059
1980-05-28,47,0.051
1980-05-29,87,0.066
1980-05-30,46,0.05
1980-05-31,39,0.042
1980-06-01,31,0.033
1980-06-02,41,0.044
1980-06-03,64,0.059
1980-06-04,84,0.065
1980-06-05,8,0.009
1980-06-06,41,0.044
1980-06-07,71,0.061
1980-06-08,46,0.05
1980-06-09,74,0.062
1980-06-10,71,0.061
1980-06-11,77,0.063
1980-06-12,77,0.063
1980-06-13,77,0.063
1980-06-14,67,0.06
1980-06-15,90,0.067
1980-06-16,51,0.055
1980-06-17,67,0.06
1980-06-18,32,0.035
1980-06-19,49,0.053
1980-06-20,126,0.078
1980-06-21,51,0.055
1980-06-22,41,0.044
1980-06-23,31,0.033
1980-06-24,31,0.034
1980-06-25,45,0.049
1980-06-26,119,0.076
1980-06-27,93,0.068
1980-06-28,51,0.055
1980-06-29,38,0.041
1980-06-30,93,0.068
1980-07-01,126,0.078
1980-07-02,93,0.068
1980-07-03,133,0.08
1980-07-04,115,0.075
1980-07-05,67,0.06
1980-07-06,101,0.071
1980-07-07,97,0.069
1980-07-08,207,0.112
1980-07-09,143,0.083
1980-07-10,54,0.056
1980-07-11,97,0.069
1980-07-12,97,0.069
1980-07-13,50,0.054
1980-07-14,47,0.051
1980-07-15,64,0.059
1980-07-16,40,0.043
1980-07-17,46,0.05
1980-07-18,14,0.015
1980-07-19,12,0.013
1980-07-20,5,0.005
1980-07-21,21,0.023
1980-07-22,24,0.026
1980-07-23,150,0.085
1980-07-24,51,0.055
1980-07-25,34,0.037
1980-07-26,58,0.057
1980-07-27,44,0.048
1980-07-28,80,0.064
1980-07-29,133,0.08
1980-07-30,223,0.127
1980-07-31,201,0.106
1980-08-01,197,0.104
1980-08-02,93,0.068
1980-08-03,51,0.055
1980-08-04,30,0.032
1980-08-05,105,0.072
1980-08-06,80,0.064
1980-08-07,172,0.094
1980-08-08,197,0.104
1980-08-09,122,0.077
1980-08-10,90,0.067
1980-08-11,44,0.048
1980-08-12,90,0.067
1980-08-13,159,0.089
1980-08-21,48,0.052
1980-08-22,105,0.072
1980-08-23,64,0.059
1980-08-24,50,0.054
1980-08-25,77,0.063
1980-08-26,97,0.069
1980-08-27,100,0.07
1980-08-28,61,0.058
1980-08-29,31,0.034
1980-08-30,28,0.03
1980-08-31,97,0.069
1980-09-01,50,0.054
1980-09-02,84,0.065
1980-09-03,38,0.041
1980-09-04,23,0.025
1980-09-05,41,0.044
1980-09-06,77,0.063
1980-09-07,100,0.07
1980-09-08,97,0.069
1980-09-09,105,0.072
1980-09-10,143,0.083
1980-09-11,71,0.061
1980-09-12,30,0.032
1980-09-13,58,0.057
1980-09-14,18,0.019
1980-09-15,61,0.058
1980-09-16,177,0.096
1980-09-17,11,0.012
1980-09-18,41,0.044
1980-09-19,22,0.024
1980-09-20,15,0.016
1980-09-21,27,0.029
1980-09-22,33,0.036
1980-09-23,45,0.049
1980-09-24,45,0.049
1980-09-25,38,0.041
1980-09-26,40,0.043
1980-09-27,36,0.039
1980-09-28,19,0.02
1980-09-29,18,0.019
1980-09-30,15,0.016
1980-10-01,17,0.018
1980-10-02,34,0.037
1980-10-03,29,0.031
1980-10-04,24,0.026
1980-10-05,25,0.027
1980-10-06,27,0.029
1980-10-07,20,0.022
1980-10-08,41,0.044
1980-10-09,44,0.048
1980-10-10,58,0.057
1980-10-11,49,0.053
1980-10-12,29,0.031
1980-10-13,29,0.031
1980-10-14,38,0.041
1980-10-15,19,0.021
1980-10-16,26,0.028
1980-10-17,30,0.032
1980-10-18,16,0.017
1980-10-19,20,0.022
1980-10-20,21,0.023
1980-10-21,37,0.04
1980-10-22,38,0.041
1980-10-23,31,0.033
1980-10-24,18,0.019
1980-10-25,17,0.018
1980-10-26,32,0.035
1980-10-27,36,0.039
1980-10-28,6,0.007
1980-10-29,5,0.005
1980-10-30,6,0.006
1980-10-31,5,0.005
1980-11-01,7,0.008
1980-11-02,7,0.008
1980-11-03,5,0.005
1980-11-04,8,0.009
1980-11-05,5,0.005
1980-11-06,5,0.005
1980-11-07,11,0.012
1980-11-08,7,0.008
1980-11-09,6,0.007
1980-11-10,7,0.008
1980-11-11,7,0.008
1980-11-12,6,0.007
1980-11-13,8,0.009
1980-11-14,29,0.031
1980-11-15,8,0.009
1980-11-16,25,0.027
1980-11-17,12,0.013
1980-11-18,8,0.009
1980-11-19,18,0.019
1980-11-20,22,0.024
1980-11-21,5,0.005
1980-11-22,5,0.005
1980-11-23,5,0.005
1980-11-24,5,0.005
1980-11-25,5,0.005
1980-11-26,5,0.005
1980-11-27,5,0.005
1980-11-28,5,0.005
1980-11-29,5,0.005
1980-11-30,5,0.005
1980-12-01,5,0.005
1980-12-02,5,0.005
1980-12-03,5,0.005
1980-12-04,5,0.005
1980-12-05,5,0.005
1980-12-06,5,0.005
1980-12-08,33,0.036
1980-12-09,19,0.02
1980-12-10,6,0.007
1980-12-11,10,0.011
1980-12-12,19,0.021
1980-12-13,33,0.036
1980-12-14,16,0.017
1980-12-15,21,0.023
1980-12-16,8,0.009
1980-12-17,6,0.007
1980-12-18,13,0.014
1980-12-19,8,0.009
1980-12-20,7,0.008
1980-12-21,9,0.01
1980-12-22,9,0.01
1980-12-23,9,0.01
1980-12-24,13,0.014
1980-12-25,19,0.02
1980-12-26,18,0.019
1980-12-27,20,0.022
1980-12-28,13,0.014
1980-12-29,11,0.012
1980-12-30,5,0.005
1980-12-31,11,0.012
1981-01-01,19,0.02
1981-01-02,15,0.016
1981-01-03,22,0.024
1981-01-04,16,0.017
1981-01-05,16,0.017
1981-01-06,18,0.019
1981-01-07,8,0.009
1981-01-08,15,0.016
1981-01-09,11,0.012
1981-01-10,12,0.013
1981-01-11,17,0.018
1981-01-12,12,0.013
1981-01-13,23,0.025
1981-01-14,35,0.038
1981-01-15,12,0.013
1981-01-16,16,0.017
1981-01-17,19,0.02
1981-01-18,12,0.013
1981-01-19,10,0.011
1981-01-20,17,0.018
1981-01-21,5,0.005
1981-01-22,12,0.013
1981-01-23,19,0.02
1981-01-24,26,0.028
1981-01-25,31,0.033
1981-01-26,33,0.036
1981-01-27,23,0.025
1981-01-28,24,0.026
1981-01-29,31,0.034
1981-01-30,10,0.011
1981-01-31,22,0.024
1981-02-01,15,0.016
1981-02-02,19,0.02
1981-02-03,20,0.022
1981-02-04,25,0.027
1981-02-05,25,0.027
1981-02-06,15,0.016
1981-02-07,6,0.006
1981-02-08,21,0.023
1981-02-09,20,0.022
1981-02-10,15,0.016
1981-02-11,17,0.018
1981-02-12,22,0.024
1981-02-13,20,0.022
1981-02-14,23,0.025
1981-02-15,28,0.03
1981-02-16,27,0.029
1981-02-17,9,0.01
1981-02-18,15,0.016
1981-02-19,14,0.015
1981-02-20,23,0.025
1981-02-21,25,0.027
1981-02-22,26,0.028
1981-02-23,26,0.028
1981-02-24,27,0.029
1981-02-25,25,0.027
1981-02-26,47,0.051
1981-02-27,38,0.041
1981-02-28,93,0.068
1981-03-01,26,0.028
1981-03-02,19,0.021
1981-03-03,24,0.026
1981-03-04,19,0.021
1981-03-05,25,0.027
1981-03-06,19,0.021
1981-03-07,26,0.028
1981-03-08,33,0.036
1981-03-09,27,0.029
1981-03-10,34,0.037
1981-03-11,33,0.036
1981-03-12,25,0.027
1981-03-13,35,0.038
1981-03-14,31,0.033
1981-03-15,42,0.045
1981-03-16,27,0.029
1981-03-17,39,0.042
1981-03-18,19,0.02
1981-03-19,28,0.03
1981-03-20,27,0.029
1981-03-21,30,0.032
1981-03-22,23,0.025
1981-03-23,16,0.017
1981-03-24,36,0.039
1981-03-25,44,0.047
1981-03-26,50,0.054
1981-03-27,90,0.067
1981-03-28,61,0.058
1981-03-29,36,0.039
1981-03-30,35,0.038
1981-03-31,43,0.046
1981-04-01,26,0.028
1981-04-02,47,0.051
1981-04-03,48,0.052
1981-04-04,32,0.035
1981-04-05,31,0.034
1981-04-06,33,0.036
1981-04-07,44,0.048
1981-04-08,38,0.041
1981-04-09,36,0.039
1981-04-10,45,0.049
1981-04-11,39,0.042
1981-04-12,39,0.042
1981-04-13,67,0.06
1981-04-14,48,0.052
1981-04-15,40,0.043
1981-04-16,36,0.039
1981-04-17,33,0.036
1981-04-20,19,0.02
1981-04-21,29,0.031
1981-04-22,24,0.026
1981-04-23,27,0.029
1981-04-24,42,0.045
1981-04-25,9,0.01
1981-04-26,37,0.04
1981-04-27,64,0.059
1981-04-28,74,0.062
1981-04-29,25,0.027
1981-04-30,45,0.049
1981-05-01,39,0.042
1981-05-02,43,0.046
1981-05-03,47,0.051
1981-05-04,126,0.078
1981-05-05,164,0.091
1981-05-06,18,0.019
1981-05-07,28,0.03
1981-05-08,58,0.057
1981-05-09,45,0.049
1981-05-10,28,0.03
1981-05-11,17,0.018
1981-05-12,38,0.041
1981-05-13,77,0.063
1981-05-14,48,0.052
1981-05-15,27,0.029
1981-05-16,35,0.038
1981-05-17,44,0.047
1981-05-18,39,0.042
1981-05-19,30,0.032
1981-05-20,13,0.014
1981-05-21,41,0.044
1981-05-22,93,0.068
1981-05-23,112,0.074
1981-05-24,80,0.064
1981-05-25,44,0.048
1981-05-26,25,0.027
1981-05-27,25,0.027
1981-05-28,44,0.048
1981-05-29,74,0.062
1981-05-30,64,0.059
1981-05-31,44,0.048
1981-06-01,44,0.048
1981-06-02,13,0.014
1981-06-03,18,0.019
1981-06-04,22,0.024
1981-06-05,42,0.045
1981-06-06,11,0.012
1981-06-07,6,0.006
1981-06-10,24,0.026
1981-06-11,35,0.038
1981-06-12,48,0.052
1981-06-13,34,0.037
1981-06-14,35,0.038
1981-06-15,48,0.052
1981-06-16,5,0.005
1981-06-17,51,0.055
1981-06-18,209,0.114
1981-06-19,201,0.106
1981-06-20,50,0.054
1981-06-21,67,0.06
1981-06-22,49,0.053
1981-06-23,108,0.073
1981-06-24,115,0.075
1981-06-25,172,0.094
1981-06-26,112,0.074
1981-06-27,101,0.071
1981-06-28,90,0.067
1981-06-29,100,0.07
1981-06-30,203,0.108
1981-07-01,61,0.058
1981-07-02,28,0.03
1981-07-03,24,0.026
1981-07-04,38,0.041
1981-07-05,18,0.019
1981-07-06,6,0.007
1981-07-07,47,0.051
1981-07-08,84,0.065
1981-07-09,90,0.067
1981-07-10,197,0.104
1981-07-11,122,0.077
1981-07-12,93,0.068
1981-07-13,101,0.071
1981-07-14,136,0.081
1981-07-15,122,0.077
1981-07-16,166,0.092
1981-07-17,151,0.086
1981-07-18,,0.024
1981-07-20,84,0.065
1981-07-21,61,0.058
1981-07-22,133,0.08
1981-07-23,166,0.092
1981-07-24,195,0.103
1981-07-25,112,0.074
1981-07-26,143,0.083
1981-07-27,58,0.057
1981-07-28,44,0.048
1981-07-29,33,0.036
1981-07-30,39,0.042
1981-07-31,15,0.016
1981-08-01,15,0.016
1981-08-02,21,0.023
1981-08-03,33,0.036
1981-08-04,40,0.043
1981-08-05,46,0.05
1981-08-06,31,0.034
1981-08-07,41,0.044
1981-08-08,37,0.04
1981-08-09,50,0.054
1981-08-10,25,0.027
1981-08-11,50,0.054
1981-08-12,97,0.069
1981-08-13,47,0.051
1981-08-14,84,0.065
1981-08-15,48,0.052
1981-08-16,46,0.05
1981-08-17,28,0.03
1981-08-18,37,0.04
1981-08-19,39,0.042
1981-08-20,27,0.029
1981-08-21,28,0.03
1981-08-22,35,0.038
1981-08-23,26,0.028
1981-08-24,44,0.048
1981-08-25,97,0.069
1981-08-26,64,0.059
1981-08-28,47,0.051
1981-08-29,25,0.027
1981-08-30,27,0.029
1981-08-31,30,0.032
1981-09-01,8,0.009
1981-09-02,36,0.039
1981-09-03,24,0.026
1981-09-04,11,0.012
1981-09-05,29,0.031
1981-09-06,35,0.038
1981-09-07,35,0.038
1981-09-08,48,0.052
1981-09-09,28,0.03
1981-09-10,64,0.059
1981-09-11,147,0.084
1981-09-12,90,0.067
1981-09-13,156,0.088
1981-09-14,46,0.05
1981-09-15,13,0.014
1981-09-16,39,0.042
1981-09-17,39,0.042
1981-09-18,26,0.028
1981-09-19,31,0.034
1981-09-20,42,0.045
1981-09-21,71,0.061
1981-09-22,93,0.068
1981-09-23,,0.085
1981-09-24,101,0.071
1981-09-25,84,0.065
1981-09-26,122,0.077
1981-09-27,140,0.082
1981-09-28,84,0.065
1981-09-29,71,0.061
1981-09-30,97,0.069
1981-10-01,80,0.064
1981-10-02,34,0.037
1981-10-03,58,0.057
1981-10-04,54,0.056
1981-10-05,97,0.069
1981-10-06,64,0.059
1981-10-07,29,0.031
1981-10-08,31,0.033
1981-10-09,16,0.017
1981-10-10,19,0.021
1981-10-11,42,0.045
1981-10-12,39,0.042
1981-10-13,45,0.049
1981-10-14,36,0.039
1981-10-15,42,0.045
1981-10-16,43,0.046
1981-10-17,71,0.061
1981-10-18,32,0.035
1981-10-19,31,0.033
1981-10-20,38,0.041
1981-10-21,43,0.046
1981-10-22,32,0.035
1981-10-23,16,0.017
1981-10-24,20,0.022
1981-10-25,11,0.012
1981-10-26,5,0.005
1981-10-27,14,0.015
1981-10-28,36,0.039
1981-10-29,45,0.049
1981-10-30,25,0.027
1981-10-31,18,0.019
1981-11-01,31,0.033
1981-11-02,31,0.033
1981-11-03,27,0.029
1981-11-04,15,0.016
1981-11-05,16,0.017
1981-11-06,28,0.03
1981-11-07,30,0.032
1981-11-08,33,0.036
1981-11-09,22,0.024
1981-11-10,27,0.029
1981-11-11,32,0.035
1981-11-12,35,0.038
1981-11-13,17,0.018
1981-11-14,21,0.023
1981-11-15,50,0.054
1981-11-16,28,0.03
1981-11-17,23,0.025
1981-11-18,13,0.014
1981-11-19,28,0.03
1981-11-20,16,0.017
1981-11-21,16,0.017
1981-11-22,19,0.021
1981-11-23,24,0.026
1981-11-24,19,0.021
1981-11-25,16,0.017
1981-11-26,36,0.039
1981-11-27,29,0.031
1981-11-28,17,0.018
1981-11-29,5,0.005
1981-11-30,9,0.01
1982-03-31,5,0.005
1982-04-01,48,0.052
1982-04-02,35,0.038
1982-04-03,44,0.047
1982-04-04,37,0.04
1982-04-05,30,0.032
1982-04-06,32,0.035
1982-04-07,34,0.037
1982-04-08,24,0.026
1982-04-09,38,0.041
1982-04-10,38,0.041
1982-04-11,45,0.049
1982-04-12,54,0.056
1982-04-13,46,0.05
1982-04-14,17,0.018
1982-04-15,21,0.023
1982-04-16,31,0.033
1982-04-17,21,0.023
1982-04-18,41,0.044
1982-04-19,30,0.032
1982-04-20,20,0.022
1982-04-21,31,0.033
1982-04-22,39,0.042
1982-04-23,48,0.052
1982-04-24,61,0.058
1982-04-25,24,0.026
1982-04-26,31,0.033
1982-04-27,35,0.038
1982-04-28,31,0.033
1982-04-29,43,0.046
1982-04-30,49,0.053
1982-05-01,77,0.063
1982-05-02,122,0.077
1982-05-03,101,0.071
1982-05-04,84,0.065
1982-05-05,47,0.051
1982-05-06,74,0.062
1982-05-07,47,0.051
1982-05-08,33,0.036
1982-05-09,41,0.044
1982-05-10,20,0.022
1982-05-11,108,0.073
1982-05-12,51,0.055
1982-05-13,97,0.069
1982-05-14,90,0.067
1982-05-15,97,0.069
1982-05-16,122,0.077
1982-05-17,54,0.056
1982-05-18,100,0.07
1982-05-19,43,0.046
1982-05-20,64,0.059
1982-05-21,80,0.064
1982-05-22,44,0.048
1982-05-23,20,0.022
1982-05-24,41,0.044
1982-05-25,27,0.029
1982-05-26,26,0.028
1982-05-27,29,0.031
1982-05-28,46,0.05
1982-05-29,39,0.042
1982-05-30,47,0.051
1982-05-31,34,0.037
1982-06-01,44,0.048
1982-06-02,71,0.061
1982-06-03,44,0.047
1982-06-04,13,0.014
1982-06-05,50,0.054
1982-06-06,15,0.016
1982-06-07,190,0.101
1982-06-08,119,0.076
1982-06-09,179,0.097
1982-06-10,49,0.053
1982-06-11,108,0.073
1982-06-12,34,0.037
1982-06-13,37,0.04
1982-06-14,97,0.069
1982-06-15,100,0.07
1982-06-16,22,0.024
1982-06-17,24,0.026
1982-06-18,51,0.055
1982-06-19,87,0.066
1982-06-20,49,0.053
1982-06-21,74,0.062
1982-06-22,46,0.05
1982-06-23,150,0.085
1982-06-24,97,0.069
1982-06-25,37,0.04
1982-06-26,32,0.035
1982-06-27,18,0.019
1982-06-28,27,0.029
1982-06-29,23,0.025
1982-06-30,46,0.05
1982-07-01,74,0.062
1982-07-02,200,0.105
1982-07-03,50,0.054
1982-07-04,77,0.063
1982-07-05,84,0.065
1982-07-06,42,0.045
1982-07-07,36,0.039
1982-07-08,32,0.035
1982-07-09,31,0.034
1982-07-10,38,0.041
1982-07-11,34,0.037
1982-07-12,42,0.045
1982-07-13,156,0.088
1982-07-14,40,0.043
1982-07-15,32,0.035
1982-07-16,32,0.035
1982-07-17,25,0.027
1982-07-18,27,0.029
1982-07-19,105,0.072
1982-07-20,77,0.063
1982-07-21,122,0.077
1982-07-22,71,0.061
1982-07-23,84,0.065
1982-07-24,38,0.041
1982-07-25,37,0.04
1982-07-26,112,0.074
1982-07-27,108,0.073
1982-07-28,71,0.061
1982-07-29,51,0.055
1982-07-30,31,0.033
1982-07-31,20,0.022
1982-08-01,45,0.049
1982-08-02,100,0.07
1982-08-03,143,0.083
1982-08-04,77,0.063
1982-08-05,47,0.051
1982-08-06,44,0.047
1982-08-07,31,0.033
1982-08-08,12,0.013
1982-08-09,25,0.027
1982-08-10,32,0.035
1982-08-11,23,0.025
1982-08-12,93,0.068
1982-08-13,36,0.039
1982-08-14,,0.005
1982-08-16,25,0.027
1982-08-17,8,0.009
1982-08-18,44,0.047
1982-08-19,37,0.04
1982-08-20,84,0.065
1982-08-21,74,0.062
1982-08-22,84,0.065
1982-08-23,93,0.068
1982-08-24,58,0.057
1982-08-25,45,0.049
1982-08-26,51,0.055
1982-08-27,71,0.061
1982-08-28,35,0.038
1982-08-29,50,0.054
1982-08-30,35,0.038
1982-08-31,46,0.05
1982-09-01,37,0.04
1982-09-02,28,0.03
1982-09-03,50,0.054
1982-09-04,54,0.056
1982-09-05,58,0.057
1982-09-06,54,0.056
1982-09-07,21,0.023
1982-09-08,97,0.069
1982-09-09,41,0.044
1982-09-10,24,0.026
1982-09-11,14,0.015
1982-09-12,19,0.021
1982-09-13,16,0.017
1982-09-14,74,0.062
1982-09-15,46,0.05
1982-09-16,77,0.063
1982-09-17,71,0.061
1982-09-18,105,0.072
1982-09-19,61,0.058
1982-09-20,40,0.043
1982-09-21,42,0.045
1982-09-22,36,0.039
1982-09-23,48,0.052
1982-09-24,42,0.045
1982-09-25,29,0.031
1982-09-26,40,0.043
1982-09-27,39,0.042
1982-09-28,44,0.048
1982-09-29,64,0.059
1982-09-30,46,0.05
1982-10-01,93,0.068
1982-10-02,93,0.068
1982-10-03,58,0.057
1982-10-04,58,0.057
1982-10-05,49,0.053
1982-10-06,34,0.037
1982-10-07,9,0.01
1982-10-08,5,0.005
1982-10-09,12,0.013
1982-10-10,33,0.036
1982-10-11,8,0.009
1982-10-12,6,0.006
1982-10-13,8,0.009
1982-10-14,35,0.038
1982-10-15,32,0.035
1982-10-16,32,0.035
1982-10-17,33,0.036
1982-10-18,35,0.038
1982-10-19,32,0.035
1982-10-20,19,0.02
1982-10-21,13,0.014
1982-10-22,18,0.019
1982-10-23,23,0.025
1982-10-24,30,0.032
1982-10-25,14,0.015
1982-10-26,23,0.025
1982-10-27,40,0.043
1982-10-28,41,0.044
1982-10-29,44,0.047
1982-10-30,35,0.038
1982-10-31,31,0.033
1983-03-31,5,0.005
1983-04-01,46,0.05
1983-04-02,33,0.036
1983-04-03,38,0.041
1983-04-04,43,0.046
1983-04-05,30,0.032
1983-04-06,34,0.037
1983-04-07,21,0.023
1983-04-08,28,0.03
1983-04-09,33,0.036
1983-04-10,45,0.049
1983-04-11,44,0.047
1983-04-12,67,0.06
1983-04-13,67,0.06
1983-04-14,37,0.04
1983-04-15,31,0.033
1983-04-16,41,0.044
1983-04-17,44,0.048
1983-04-18,32,0.035
1983-04-19,37,0.04
1983-04-20,39,0.042
1983-04-21,44,0.047
1983-04-22,36,0.039
1983-04-23,29,0.031
1983-04-24,41,0.044
1983-04-25,40,0.043
1983-04-26,64,0.059
1983-04-27,100,0.07
1983-04-28,77,0.063
1983-04-29,93,0.068
1983-04-30,80,0.064
1983-05-01,45,0.049
1983-05-02,47,0.051
1983-05-03,31,0.034
1983-05-04,43,0.046
1983-05-05,49,0.053
1983-05-06,71,0.061
1983-05-07,90,0.067
1983-05-08,50,0.054
1983-05-09,84,0.065
1983-05-10,84,0.065
1983-05-11,77,0.063
1983-05-12,30,0.032
1983-05-13,90,0.067
1983-05-14,64,0.059
1983-05-15,38,0.041
1983-05-16,39,0.042
1983-05-17,44,0.048
1983-05-18,44,0.048
1983-05-19,29,0.031
1983-05-20,23,0.025
1983-05-21,34,0.037
1983-05-22,27,0.029
1983-05-23,71,0.061
1983-05-24,51,0.055
1983-05-25,105,0.072
1983-05-26,61,0.058
1983-05-27,159,0.089
1983-05-28,112,0.074
1983-05-29,61,0.058
1983-05-30,71,0.061
1983-05-31,48,0.052
1983-06-01,49,0.053
1983-06-02,108,0.073
1983-06-03,71,0.061
1983-06-04,45,0.049
1983-06-05,41,0.044
1983-06-06,44,0.047
1983-06-07,14,0.015
1983-06-08,48,0.052
1983-06-09,61,0.058
1983-06-10,115,0.075
1983-06-11,80,0.064
1983-06-12,71,0.061
1983-06-13,46,0.05
1983-06-14,93,0.068
1983-06-15,205,0.11
1983-06-16,140,0.082
1983-06-17,43,0.046
1983-06-18,36,0.039
1983-06-19,34,0.037
1983-06-20,30,0.032
1983-06-21,29,0.031
1983-06-22,21,0.023
1983-06-23,27,0.029
1983-06-24,45,0.049
1983-06-25,80,0.064
1983-06-26,31,0.034
1983-06-27,17,0.018
1983-06-28,24,0.026
1983-06-29,38,0.041
1983-06-30,47,0.051
1983-07-01,105,0.072
1983-07-02,133,0.08
1983-07-03,122,0.077
1983-07-04,36,0.039
1983-07-05,32,0.035
1983-07-06,84,0.065
1983-07-07,84,0.065
1983-07-08,115,0.075
1983-07-09,151,0.086
1983-07-10,190,0.101
1983-07-11,237,0.14
1983-07-12,203,0.108
1983-07-13,200,0.105
1983-07-14,246,0.149
1983-07-15,225,0.129
1983-07-16,200,0.105
1983-07-17,133,0.08
1983-07-18,136,0.081
1983-07-19,61,0.058
1983-07-20,200,0.105
1983-07-21,216,0.12
1983-07-22,209,0.114
1983-07-23,185,0.099
1983-07-24,115,0.075
1983-07-25,108,0.073
1983-07-26,108,0.073
1983-07-27,97,0.069
1983-07-28,51,0.055
1983-07-29,46,0.05
1983-07-30,48,0.052
1983-07-31,13,0.014
1983-08-01,32,0.035
1983-08-02,32,0.035
1983-08-03,19,0.021
1983-08-04,38,0.041
1983-08-05,101,0.071
1983-08-06,174,0.095
1983-08-07,150,0.085
1983-08-08,133,0.08
1983-08-09,133,0.08
1983-08-10,140,0.082
1983-08-11,156,0.088
1983-08-12,100,0.07
1983-08-13,150,0.085
1983-08-14,87,0.066
1983-08-15,115,0.075
1983-08-16,210,0.115
1983-08-17,5,0.005
1983-08-18,220,0.124
1983-08-19,202,0.107
1983-08-20,159,0.089
1983-08-21,61,0.058
1983-08-22,213,0.117
1983-08-23,172,0.094
1983-08-24,220,0.124
1983-08-25,37,0.04
1983-08-26,44,0.047
1983-08-27,147,0.084
1983-08-28,100,0.07
1983-08-29,101,0.071
1983-08-30,105,0.072
1983-08-31,50,0.054
1983-09-01,28,0.03
1983-09-02,24,0.026
1983-09-03,40,0.043
1983-09-04,28,0.03
1983-09-05,25,0.027
1983-09-06,41,0.044
1983-09-07,14,0.015
1983-09-08,37,0.04
1983-09-09,87,0.066
1983-09-10,105,0.072
1983-09-11,129,0.079
1983-09-12,43,0.046
1983-09-13,9,0.01
1983-09-14,9,0.01
1983-09-15,38,0.041
1983-09-16,31,0.034
1983-09-17,64,0.059
1983-09-18,35,0.038
1983-09-19,12,0.013
1983-09-20,15,0.016
1983-09-21,15,0.016
1983-09-22,32,0.035
1983-09-23,34,0.037
1983-09-24,42,0.045
1983-09-25,45,0.049
1983-09-26,42,0.045
1983-09-27,26,0.028
1983-09-28,33,0.036
1983-09-29,29,0.031
1983-09-30,21,0.023
1983-10-01,47,0.051
1983-10-02,64,0.059
1983-10-03,20,0.022
1983-10-04,6,0.006
1983-10-05,6,0.007
1983-10-06,16,0.017
1983-10-07,8,0.009
1983-10-11,6,0.007
1983-10-12,15,0.016
1983-10-13,16,0.017
1983-10-14,15,0.016
1983-10-15,43,0.046
1983-10-16,58,0.057
1983-10-17,38,0.041
1983-10-18,39,0.042
1983-10-19,38,0.041
1983-10-20,32,0.035
1983-10-21,12,0.013
1983-10-22,16,0.017
1983-10-23,10,0.011
1983-10-24,12,0.013
1983-10-25,17,0.018
1983-10-26,18,0.019
1983-10-27,22,0.024
1983-10-28,19,0.02
1983-10-29,48,0.052
1983-10-30,45,0.049
1983-10-31,18,0.019
1983-11-01,33,0.036
1983-11-02,40,0.043
1983-11-03,7,0.008
1983-11-04,9,0.01
1983-11-05,27,0.029
1983-11-06,31,0.034
1983-11-07,21,0.023
1983-11-08,32,0.035
1983-11-09,28,0.03
1983-11-10,15,0.016
1983-11-11,18,0.019
1983-11-12,31,0.034
1983-11-13,19,0.02
1983-11-14,15,0.016
1983-11-15,12,0.013
1983-11-16,10,0.011
1983-11-17,12,0.013
1983-11-18,31,0.033
1983-11-19,49,0.053
1983-11-20,28,0.03
1983-11-21,14,0.015
1983-11-22,18,0.019
1983-11-23,7,0.008
1983-11-24,14,0.015
1983-11-25,32,0.035
1983-11-26,43,0.046
1983-11-27,21,0.023
1983-11-28,23,0.025
1983-11-29,20,0.022
1983-11-30,7,0.008
1984-02-29,11,0.012
1984-03-01,12,0.013
1984-03-02,40,0.043
1984-03-03,36,0.039
1984-03-04,34,0.037
1984-03-05,6,0.006
1984-03-06,19,0.02
1984-03-07,20,0.022
1984-03-08,64,0.059
1984-03-09,25,0.027
1984-03-10,21,0.023
1984-03-11,38,0.041
1984-03-12,37,0.04
1984-03-13,15,0.016
1984-03-14,31,0.033
1984-03-15,47,0.051
1984-03-16,22,0.024
1984-03-17,19,0.02
1984-03-18,44,0.047
1984-03-19,44,0.048
1984-03-20,30,0.032
1984-03-21,31,0.034
1984-03-22,34,0.037
1984-03-23,27,0.029
1984-03-24,42,0.045
1984-03-25,39,0.042
1984-03-26,19,0.02
1984-03-27,31,0.033
1984-03-28,14,0.015
1984-03-29,21,0.023
1984-03-30,19,0.02
1984-03-31,45,0.049
1984-04-01,50,0.054
1984-04-02,27,0.029
1984-04-03,20,0.022
1984-04-04,44,0.048
1984-04-05,32,0.035
1984-04-06,47,0.051
1984-04-07,54,0.056
1984-04-08,44,0.047
1984-04-09,31,0.033
1984-04-10,19,0.021
1984-04-11,32,0.035
1984-04-12,48,0.052
1984-04-13,47,0.051
1984-04-14,47,0.051
1984-04-15,43,0.046
1984-04-16,28,0.03
1984-04-17,29,0.031
1984-04-18,39,0.042
1984-04-19,14,0.015
1984-04-20,15,0.016
1984-04-21,31,0.034
1984-04-22,22,0.024
1984-04-23,40,0.043
1984-04-24,44,0.048
1984-04-25,74,0.062
1984-04-26,90,0.067
1984-04-27,27,0.029
1984-04-28,17,0.018
1984-04-29,31,0.033
1984-04-30,34,0.037
1984-05-01,43,0.046
1984-05-02,36,0.039
1984-05-03,29,0.031
1984-05-04,42,0.045
1984-05-05,87,0.066
1984-05-06,26,0.028
1984-05-07,27,0.029
1984-05-08,28,0.03
1984-05-09,43,0.046
1984-05-10,54,0.056
1984-05-11,84,0.065
1984-05-12,87,0.066
1984-05-13,71,0.061
1984-05-14,51,0.055
1984-05-15,80,0.064
1984-05-16,80,0.064
1984-05-17,90,0.067
1984-05-18,122,0.077
1984-05-19,140,0.082
1984-05-20,47,0.051
1984-05-21,26,0.028
1984-05-22,38,0.041
1984-05-23,42,0.045
1984-05-24,84,0.065
1984-05-25,45,0.049
1984-05-26,29,0.031
1984-05-27,32,0.035
1984-05-28,27,0.029
1984-05-29,30,0.032
1984-05-30,38,0.041
1984-05-31,46,0.05
1984-06-01,115,0.075
1984-06-02,112,0.074
1984-06-03,174,0.095
1984-06-04,203,0.108
1984-06-05,80,0.064
1984-06-06,115,0.075
1984-06-07,100,0.07
1984-06-08,48,0.052
1984-06-09,48,0.052
1984-06-10,71,0.061
1984-06-11,147,0.084
1984-06-12,49,0.053
1984-06-13,54,0.056
1984-06-14,42,0.045
1984-06-15,48,0.052
1984-06-16,67,0.06
1984-06-17,93,0.068
1984-06-18,122,0.077
1984-06-21,34,0.037
1984-06-22,46,0.05
1984-06-23,71,0.061
1984-06-24,100,0.07
1984-06-25,105,0.072
1984-06-26,87,0.066
1984-06-27,100,0.07
1984-06-28,206,0.111
1984-06-29,42,0.045
1984-06-30,90,0.067
1984-07-01,43,0.046
1984-07-02,24,0.026
1984-07-03,45,0.049
1984-07-04,48,0.052
1984-07-05,27,0.029
1984-07-06,26,0.028
1984-07-07,45,0.049
1984-07-08,80,0.064
1984-07-09,161,0.09
1984-07-10,177,0.096
1984-07-11,50,0.054
1984-07-12,44,0.048
1984-07-13,31,0.034
1984-07-14,51,0.055
1984-07-15,37,0.04
1984-07-16,31,0.033
1984-07-17,20,0.022
1984-07-18,44,0.048
1984-07-19,44,0.048
1984-07-20,17,0.018
1984-07-21,25,0.027
1984-07-22,34,0.037
1984-07-23,27,0.029
1984-07-24,27,0.029
1984-07-25,49,0.053
1984-07-26,34,0.037
1984-07-27,26,0.028
1984-07-28,23,0.025
1984-07-29,19,0.02
1984-07-30,17,0.018
1984-07-31,14,0.015
1984-08-01,11,0.012
1984-08-02,22,0.024
1984-08-03,31,0.033
1984-08-04,32,0.035
1984-08-05,20,0.022
1984-08-06,16,0.017
1984-08-07,19,0.02
1984-08-08,12,0.013
1984-08-09,64,0.059
1984-08-10,67,0.06
1984-08-11,45,0.049
1984-08-12,33,0.036
1984-08-13,25,0.027
1984-08-14,17,0.018
1984-08-15,5,0.005
1984-08-16,51,0.055
1984-08-17,93,0.068
1984-08-18,143,0.083
1984-08-19,50,0.054
1984-08-20,37,0.04
1984-08-21,54,0.056
1984-08-22,182,0.098
1984-08-23,54,0.056
1984-08-24,90,0.067
1984-08-25,71,0.061
1984-08-26,50,0.054
1984-08-27,39,0.042
1984-08-28,49,0.053
1984-08-29,25,0.027
1984-08-30,44,0.047
1984-08-31,101,0.071
1984-09-01,101,0.071
1984-09-02,80,0.064
1984-09-03,74,0.062
1984-09-04,20,0.022
1984-09-05,44,0.048
1984-09-06,58,0.057
1984-09-07,49,0.053
1984-09-08,41,0.044
1984-09-09,31,0.034
1984-09-10,47,0.051
1984-09-11,45,0.049
1984-09-12,101,0.071
1984-09-13,101,0.071
1984-09-14,156,0.088
1984-09-15,43,0.046
1984-09-16,32,0.035
1984-09-17,35,0.038
1984-09-18,37,0.04
1984-09-19,32,0.035
1984-09-20,49,0.053
1984-09-21,45,0.049
1984-09-22,25,0.027
1984-09-23,31,0.033
1984-09-24,33,0.036
1984-09-25,49,0.053
1984-09-26,38,0.041
1984-09-27,19,0.02
1984-09-28,20,0.022
1984-09-29,6,0.006
1984-09-30,8,0.009
1984-10-01,28,0.03
1984-10-02,30,0.032
1984-10-03,39,0.042
1984-10-04,54,0.056
1984-10-05,50,0.054
1984-10-06,39,0.042
1984-10-07,29,0.031
1984-10-08,17,0.018
1984-10-09,7,0.008
1984-10-10,33,0.036
1984-10-11,40,0.043
1984-10-12,67,0.06
1984-10-13,54,0.056
1984-10-14,105,0.072
1984-10-15,38,0.041
1984-10-16,27,0.029
1984-10-17,25,0.027
1984-10-18,28,0.03
1984-10-19,18,0.019
1984-10-20,14,0.015
1984-10-21,7,0.008
1984-10-22,5,0.005
1984-10-23,6,0.006
1984-10-24,15,0.016
1984-10-25,26,0.028
1984-10-26,23,0.025
1984-10-27,16,0.017
1984-10-28,12,0.013
1984-10-29,17,0.018
1984-10-30,21,0.023
1984-10-31,18,0.019
1984-11-01,18,0.019
1984-11-02,8,0.009
1984-11-03,16,0.017
1984-11-04,9,0.01
1984-11-05,16,0.017
1984-11-06,22,0.024
1984-11-07,23,0.025
1984-11-08,19,0.02
1984-11-09,26,0.028
1984-11-10,32,0.035
1984-11-11,17,0.018
1984-11-12,19,0.02
1984-11-13,14,0.015
1984-11-14,21,0.023
1984-11-15,31,0.034
1984-11-16,10,0.011
1984-11-17,20,0.022
1984-11-18,24,0.026
1984-11-19,13,0.014
1984-11-20,5,0.005
1984-11-21,13,0.014
1984-11-22,22,0.024
1984-11-23,19,0.021
1984-11-24,22,0.024
1984-11-25,21,0.023
1984-11-26,21,0.023
1984-11-27,18,0.019
1984-11-28,10,0.011
1984-11-29,18,0.019
1984-11-30,12,0.013
1985-03-08,12,0.013
1985-03-09,33,0.036
1985-03-10,47,0.051
1985-03-11,77,0.063
1985-03-12,37,0.04
1985-03-13,51,0.055
1985-03-14,39,0.042
1985-03-15,44,0.048
1985-03-16,40,0.043
1985-03-17,42,0.045
1985-03-18,36,0.039
1985-03-19,43,0.046
1985-03-20,84,0.065
1985-03-21,35,0.038
1985-03-22,18,0.019
1985-03-23,41,0.044
1985-03-24,47,0.051
1985-03-25,48,0.052
1985-03-26,93,0.068
1985-03-27,84,0.065
1985-03-28,42,0.045
1985-03-29,50,0.054
1985-03-30,47,0.051
1985-03-31,43,0.046
1985-04-01,46,0.05
1985-04-02,39,0.042
1985-04-03,74,0.062
1985-04-04,87,0.066
1985-04-05,50,0.054
1985-04-06,49,0.053
1985-04-07,64,0.059
1985-04-08,44,0.047
1985-04-09,44,0.048
1985-04-10,31,0.034
1985-04-11,77,0.063
1985-04-12,44,0.048
1985-04-13,40,0.043
1985-04-14,29,0.031
1985-04-15,32,0.035
1985-04-16,41,0.044
1985-04-17,74,0.062
1985-04-18,84,0.065
1985-04-19,77,0.063
1985-04-20,90,0.067
1985-04-21,84,0.065
1985-04-22,71,0.061
1985-04-23,28,0.03
1985-04-24,35,0.038
1985-04-25,64,0.059
1985-04-26,84,0.065
1985-04-27,43,0.046
1985-04-28,38,0.041
1985-04-29,77,0.063
1985-04-30,90,0.067
1985-05-01,40,0.043
1985-05-02,21,0.023
1985-05-03,41,0.044
1985-05-04,47,0.051
1985-05-05,90,0.067
1985-05-06,58,0.057
1985-05-07,47,0.051
1985-05-08,30,0.032
1985-05-09,24,0.026
1985-05-10,26,0.028
1985-05-11,38,0.041
1985-05-12,49,0.053
1985-05-13,151,0.086
1985-05-14,115,0.075
1985-05-15,42,0.045
1985-05-16,50,0.054
1985-05-17,24,0.026
1985-05-18,38,0.041
1985-05-19,45,0.049
1985-05-20,50,0.054
1985-05-21,100,0.07
1985-05-22,27,0.029
1985-05-23,36,0.039
1985-05-24,51,0.055
1985-05-25,50,0.054
1985-05-26,174,0.095
1985-05-27,166,0.092
1985-05-28,97,0.069
1985-05-29,28,0.03
1985-05-30,115,0.075
1985-05-31,46,0.05
1985-06-01,58,0.057
1985-06-02,64,0.059
1985-06-03,54,0.056
1985-06-04,190,0.101
1985-06-05,133,0.08
1985-06-06,185,0.099
1985-06-07,51,0.055
1985-06-08,50,0.054
1985-06-09,147,0.084
1985-06-10,42,0.045
1985-06-11,20,0.022
1985-06-12,40,0.043
1985-06-13,47,0.051
1985-06-14,159,0.089
1985-06-15,25,0.027
1985-06-16,43,0.046
1985-06-17,45,0.049
1985-06-18,40,0.043
1985-06-19,30,0.032
1985-06-20,71,0.061
1985-06-21,161,0.09
1985-06-22,90,0.067
1985-06-23,74,0.062
1985-06-24,126,0.078
1985-06-25,80,0.064
1985-06-26,140,0.082
1985-06-27,150,0.085
1985-06-28,34,0.037
1985-06-29,44,0.048
1985-06-30,31,0.034
1985-07-01,80,0.064
1985-07-02,122,0.077
1985-07-03,115,0.075
1985-07-04,48,0.052
1985-07-05,31,0.033
1985-07-06,16,0.017
1985-07-07,97,0.069
1985-07-08,71,0.061
1985-07-09,100,0.07
1985-07-10,97,0.069
1985-07-11,126,0.078
1985-07-12,136,0.081
1985-07-13,136,0.081
1985-07-14,108,0.073
1985-07-15,51,0.055
1985-07-16,54,0.056
1985-07-17,77,0.063
1985-07-18,80,0.064
1985-07-19,133,0.08
1985-07-20,156,0.088
1985-07-21,143,0.083
1985-07-22,32,0.035
1985-07-23,43,0.046
1985-07-24,18,0.019
1985-07-25,32,0.035
1985-07-26,32,0.035
1985-07-27,33,0.036
1985-07-28,23,0.025
1985-07-29,30,0.032
1985-07-30,35,0.038
1985-07-31,80,0.064
1985-08-01,133,0.08
1985-08-02,43,0.046
1985-08-03,43,0.046
1985-08-04,41,0.044
1985-08-05,42,0.045
1985-08-06,32,0.035
1985-08-07,23,0.025
1985-08-08,29,0.031
1985-08-09,37,0.04
1985-08-10,90,0.067
1985-08-11,71,0.061
1985-08-12,90,0.067
1985-08-13,46,0.05
1985-08-14,27,0.029
1985-08-15,32,0.035
1985-08-16,23,0.025
1985-08-17,19,0.02
1985-08-18,31,0.034
1985-08-19,77,0.063
1985-08-20,39,0.042
1985-08-21,74,0.062
1985-08-22,177,0.096
1985-08-23,44,0.047
1985-08-24,36,0.039
1985-08-25,24,0.026
1985-08-26,15,0.016
1985-08-27,29,0.031
1985-08-28,21,0.023
1985-08-29,12,0.013
1985-08-30,23,0.025
1985-08-31,36,0.039
1985-09-01,29,0.031
1985-09-02,24,0.026
1985-09-03,28,0.03
1985-09-04,34,0.037
1985-09-05,5,0.005
1985-09-12,23,0.025
1985-09-13,27,0.029
1985-09-14,28,0.03
1985-09-15,34,0.037
1985-09-16,40,0.043
1985-09-17,35,0.038
1985-09-18,33,0.036
1985-09-19,87,0.066
1985-09-20,74,0.062
1985-09-21,33,0.036
1985-09-22,35,0.038
1986-02-28,28,0.03
1986-03-01,34,0.037
1986-03-02,41,0.044
1986-03-03,37,0.04
1986-03-04,26,0.028
1986-03-05,33,0.036
1986-03-06,29,0.031
1986-03-07,43,0.046
1986-03-08,41,0.044
1986-03-09,48,0.052
1986-03-10,43,0.046
1986-03-11,44,0.048
1986-03-12,23,0.025
1986-03-13,26,0.028
1986-03-14,18,0.019
1986-03-15,36,0.039
1986-03-16,34,0.037
1986-03-17,38,0.041
1986-03-18,87,0.066
1986-03-19,14,0.015
1986-03-20,25,0.027
1986-03-21,30,0.032
1986-03-22,40,0.043
1986-03-23,49,0.053
1986-03-24,74,0.062
1986-03-25,122,0.077
1986-03-26,71,0.061
1986-03-27,38,0.041
1986-03-28,51,0.055
1986-03-29,101,0.071
1986-03-30,126,0.078
1986-03-31,119,0.076
1986-04-01,122,0.077
1986-04-02,115,0.075
1986-04-03,93,0.068
1986-04-04,5,0.005
1986-04-05,13,0.014
1986-04-07,49,0.053
1986-04-08,32,0.035
1986-04-09,39,0.042
1986-04-10,44,0.048
1986-04-11,61,0.058
1986-04-12,40,0.043
1986-04-13,108,0.073
1986-04-14,122,0.077
1986-04-15,58,0.057
1986-04-16,33,0.036
1986-04-17,34,0.037
1986-04-18,112,0.074
1986-04-19,122,0.077
1986-04-20,48,0.052
1986-04-21,42,0.045
1986-04-22,40,0.043
1986-04-23,48,0.052
1986-04-24,119,0.076
1986-04-25,119,0.076
1986-04-26,203,0.108
1986-04-27,187,0.1
1986-04-28,36,0.039
1986-04-29,61,0.058
1986-04-30,122,0.077
1986-05-01,105,0.072
1986-05-02,61,0.058
1986-05-03,93,0.068
1986-05-04,115,0.075
1986-05-05,87,0.066
1986-05-06,51,0.055
1986-05-07,51,0.055
1986-05-08,90,0.067
1986-05-09,126,0.078
1986-05-10,51,0.055
1986-05-11,93,0.068
1986-05-12,44,0.047
1986-05-13,115,0.075
1986-05-14,87,0.066
1986-05-15,51,0.055
1986-05-16,44,0.047
1986-05-17,58,0.057
1986-05-18,35,0.038
1986-05-19,28,0.03
1986-05-20,44,0.047
1986-05-21,47,0.051
1986-05-22,77,0.063
1986-05-23,126,0.078
1986-05-24,51,0.055
1986-05-25,84,0.065
1986-05-26,58,0.057
1986-05-27,48,0.052
1986-05-28,33,0.036
1986-05-29,33,0.036
1986-05-30,93,0.068
1986-05-31,108,0.073
1986-06-01,156,0.088
1986-06-02,105,0.072
1986-06-03,32,0.035
1986-06-04,45,0.049
1986-06-05,40,0.043
1986-06-06,126,0.078
1986-06-07,61,0.058
1986-06-08,40,0.043
1986-06-09,84,0.065
1986-06-10,54,0.056
1986-06-11,38,0.041
1986-06-12,58,0.057
1986-06-13,87,0.066
1986-06-14,150,0.085
1986-06-15,161,0.09
1986-06-16,166,0.092
1986-06-17,143,0.083
1986-06-18,6,0.007
1986-06-19,101,0.071
1986-06-20,143,0.083
1986-06-21,119,0.076
1986-06-22,169,0.093
1986-06-23,166,0.092
1986-06-24,100,0.07
1986-06-25,166,0.092
1986-06-26,226,0.13
1986-06-27,220,0.124
1986-06-28,50,0.054
1986-06-29,42,0.045
1986-06-30,48,0.052
1986-07-01,33,0.036
1986-07-02,35,0.038
1986-07-03,58,0.057
1986-07-04,84,0.065
1986-07-05,64,0.059
1986-07-06,67,0.06
1986-07-07,143,0.083
1986-07-08,201,0.106
1986-07-09,58,0.057
1986-07-10,71,0.061
1986-07-11,47,0.051
1986-07-12,43,0.046
1986-07-13,54,0.056
1986-07-14,87,0.066
1986-07-15,80,0.064
1986-07-16,164,0.091
1986-07-17,150,0.085
1986-07-18,236,0.139
1986-07-19,202,0.107
1986-07-20,166,0.092
1986-07-21,203,0.108
1986-07-22,185,0.099
1986-07-23,245,0.148
1986-07-24,161,0.09
1986-07-25,154,0.087
1986-07-26,169,0.093
1986-07-27,100,0.07
1986-07-28,143,0.083
1986-07-29,151,0.086
1986-07-30,129,0.079
1986-07-31,195,0.103
1986-08-01,187,0.1
1986-08-02,172,0.094
1986-08-03,136,0.081
1986-08-04,190,0.101
1986-08-05,115,0.075
1986-08-06,185,0.099
1986-08-07,87,0.066
1986-08-08,37,0.04
1986-08-09,90,0.067
1986-08-10,46,0.05
1986-08-11,49,0.053
1986-08-12,49,0.053
1986-08-13,25,0.027
1986-08-14,33,0.036
1986-08-15,74,0.062
1986-08-16,190,0.101
1986-08-17,51,0.055
1986-08-18,38,0.041
1986-08-19,47,0.051
1986-08-20,45,0.049
1986-08-21,54,0.056
1986-08-22,77,0.063
1986-08-23,43,0.046
1986-08-24,112,0.074
1986-08-25,84,0.065
1986-08-26,74,0.062
1986-08-27,58,0.057
1986-08-28,32,0.035
1986-08-29,42,0.045
1986-08-30,38,0.041
1986-08-31,27,0.029
1986-09-01,17,0.018
1986-09-02,12,0.013
1986-09-03,15,0.016
1986-09-04,21,0.023
1986-09-05,41,0.044
1986-09-06,37,0.04
1986-09-07,74,0.062
1986-09-08,108,0.073
1986-09-09,47,0.051
1986-09-10,20,0.022
1986-09-11,33,0.036
1986-09-12,34,0.037
1986-09-13,41,0.044
1986-09-14,54,0.056
1986-09-15,41,0.044
1986-09-16,49,0.053
1986-09-17,31,0.034
1986-09-18,15,0.016
1986-09-19,43,0.046
1986-09-20,54,0.056
1986-09-21,42,0.045
1986-09-22,46,0.05
1986-09-23,71,0.061
1986-09-24,61,0.058
1986-09-25,39,0.042
1986-09-26,43,0.046
1986-09-27,43,0.046
1986-09-28,47,0.051
1986-09-29,51,0.055
1986-09-30,44,0.047
1986-10-01,30,0.032
1986-10-02,45,0.049
1986-10-03,43,0.046
1986-10-04,32,0.035
1986-10-05,35,0.038
1986-10-06,38,0.041
1986-10-07,39,0.042
1986-10-08,80,0.064
1986-10-09,12,0.013
1986-10-10,13,0.014
1986-10-11,11,0.012
1986-10-12,8,0.009
1986-10-13,5,0.005
1986-10-14,14,0.015
1986-10-15,28,0.03
1986-10-16,31,0.034
1986-10-17,41,0.044
1986-10-18,48,0.052
1986-10-19,41,0.044
1986-10-20,40,0.043
1986-10-21,10,0.011
1986-10-22,45,0.049
1986-10-23,64,0.059
1986-10-24,28,0.03
1986-10-25,21,0.023
1986-10-26,29,0.031
1986-10-27,26,0.028
1986-10-28,34,0.037
1986-10-29,38,0.041
1986-10-30,44,0.048
1986-10-31,42,0.045
1986-11-01,13,0.014
1986-11-03,43,0.046
1986-11-04,36,0.039
1986-11-05,26,0.028
1986-11-06,25,0.027
1986-11-07,8,0.009
1986-11-08,32,0.035
1986-11-09,17,0.018
1986-11-10,27,0.029
1986-11-11,5,0.005
1986-11-12,6,0.006
1986-11-13,13,0.014
1986-11-14,19,0.02
1986-11-15,6,0.006
1986-11-16,17,0.018
1986-11-17,16,0.017
1986-11-18,27,0.029
1986-11-19,30,0.032
1986-11-20,7,0.008
1986-11-21,12,0.013
1986-11-22,25,0.027
1986-11-23,17,0.018
1986-11-24,5,0.005
1986-11-25,18,0.019
1986-11-26,30,0.032
1986-11-27,11,0.012
1986-11-28,6,0.006
1986-11-29,28,0.03
1986-11-30,23,0.025
1987-02-28,8,0.009
1987-03-01,33,0.036
1987-03-02,30,0.032
1987-03-03,32,0.035
1987-03-04,27,0.029
1987-03-05,37,0.04
1987-03-06,41,0.044
1987-03-07,37,0.04
1987-03-08,30,0.032
1987-03-09,29,0.031
1987-03-10,25,0.027
1987-03-11,25,0.027
1987-03-12,28,0.03
1987-03-13,31,0.033
1987-03-14,54,0.056
1987-03-15,58,0.057
1987-03-16,48,0.052
1987-03-17,48,0.052
1987-03-18,28,0.03
1987-03-19,21,0.023
1987-03-20,36,0.039
1987-03-21,41,0.044
1987-03-22,54,0.056
1987-03-23,58,0.057
1987-03-24,28,0.03
1987-03-25,35,0.038
1987-03-26,35,0.038
1987-03-27,8,0.009
1987-03-28,126,0.078
1987-03-29,34,0.037
1987-03-30,33,0.036
1987-03-31,27,0.029
1987-04-01,42,0.045
1987-04-02,48,0.052
1987-04-03,23,0.025
1987-04-04,38,0.041
1987-04-05,38,0.041
1987-04-06,40,0.043
1987-04-07,31,0.034
1987-04-08,40,0.043
1987-04-09,71,0.061
1987-04-10,64,0.059
1987-04-11,80,0.064
1987-04-12,58,0.057
1987-04-13,35,0.038
1987-04-14,44,0.048
1987-04-15,41,0.044
1987-04-16,31,0.034
1987-04-17,28,0.03
1987-04-18,48,0.052
1987-04-19,108,0.073
1987-04-20,119,0.076
1987-04-21,147,0.084
1987-04-22,159,0.089
1987-04-23,71,0.061
1987-04-24,51,0.055
1987-04-25,49,0.053
1987-04-26,71,0.061
1987-04-27,108,0.073
1987-04-28,80,0.064
1987-04-29,74,0.062
1987-04-30,119,0.076
1987-05-01,108,0.073
1987-05-02,122,0.077
1987-05-03,67,0.06
1987-05-04,45,0.049
1987-05-05,39,0.042
1987-05-06,90,0.067
1987-05-07,64,0.059
1987-05-08,151,0.086
1987-05-09,140,0.082
1987-05-10,108,0.073
1987-05-11,37,0.04
1987-05-12,61,0.058
1987-05-13,51,0.055
1987-05-14,27,0.029
1987-05-15,40,0.043
1987-05-16,44,0.047
1987-05-17,43,0.046
1987-05-18,39,0.042
1987-05-19,43,0.046
1987-05-20,101,0.071
1987-05-21,36,0.039
1987-05-22,45,0.049
1987-05-23,64,0.059
1987-05-24,35,0.038
1987-05-25,41,0.044
1987-05-26,51,0.055
1987-05-27,61,0.058
1987-05-28,80,0.064
1987-05-29,97,0.069
1987-05-30,77,0.063
1987-05-31,154,0.087
1987-06-01,74,0.062
1987-06-02,164,0.091
1987-06-03,151,0.086
1987-06-04,46,0.05
1987-06-05,122,0.077
1987-06-06,151,0.086
1987-06-07,136,0.081
1987-06-08,143,0.083
1987-06-09,201,0.106
1987-06-10,221,0.125
1987-06-11,129,0.079
1987-06-12,101,0.071
1987-06-13,10,0.011
1987-06-14,31,0.034
1987-06-15,23,0.025
1987-06-16,36,0.039
1987-06-17,101,0.071
1987-06-18,35,0.038
1987-06-19,22,0.024
1987-06-20,30,0.032
1987-06-21,45,0.049
1987-06-22,22,0.024
1987-06-23,35,0.038
1987-06-24,182,0.098
1987-06-25,166,0.092
1987-06-26,61,0.058
1987-06-27,84,0.065
1987-06-28,100,0.07
1987-06-29,136,0.081
1987-06-30,112,0.074
1987-07-01,29,0.031
1987-07-02,27,0.029
1987-07-03,22,0.024
1987-07-04,41,0.044
1987-07-05,44,0.048
1987-07-06,87,0.066
1987-07-07,126,0.078
1987-07-08,87,0.066
1987-07-09,77,0.063
1987-07-10,34,0.037
1987-07-11,50,0.054
1987-07-12,44,0.047
1987-07-13,54,0.056
1987-07-14,42,0.045
1987-07-15,46,0.05
1987-07-16,101,0.071
1987-07-17,112,0.074
1987-07-18,84,0.065
1987-07-19,177,0.096
1987-07-20,112,0.074
1987-07-21,74,0.062
1987-07-22,166,0.092
1987-07-23,205,0.11
1987-07-24,222,0.126
1987-07-25,166,0.092
1987-07-26,192,0.102
1987-07-27,177,0.096
1987-07-28,97,0.069
1987-07-29,210,0.115
1987-07-30,140,0.082
1987-07-31,237,0.14
1987-08-01,229,0.133
1987-08-02,208,0.113
1987-08-03,151,0.086
1987-08-04,140,0.082
1987-08-05,179,0.097
1987-08-06,42,0.045
1987-08-07,185,0.099
1987-08-08,101,0.071
1987-08-09,71,0.061
1987-08-10,64,0.059
1987-08-11,140,0.082
1987-08-12,46,0.05
1987-08-13,38,0.041
1987-08-14,48,0.052
1987-08-15,47,0.051
1987-08-16,61,0.058
1987-08-17,101,0.071
1987-08-18,119,0.076
1987-08-19,119,0.076
1987-08-20,159,0.089
1987-08-21,156,0.088
1987-08-22,147,0.084
1987-08-23,169,0.093
1987-08-24,159,0.089
1987-08-25,159,0.089
1987-08-26,64,0.059
1987-08-27,87,0.066
1987-08-28,71,0.061
1987-08-29,101,0.071
1987-08-30,100,0.07
1987-08-31,40,0.043
1987-09-01,101,0.071
1987-09-02,151,0.086
1987-09-03,119,0.076
1987-09-04,61,0.058
1987-09-05,29,0.031
1987-09-06,15,0.016
1987-09-07,38,0.041
1987-09-08,49,0.053
1987-09-09,54,0.056
1987-09-10,119,0.076
1987-09-11,54,0.056
1987-09-12,24,0.026
1987-09-13,43,0.046
1987-09-14,80,0.064
1987-09-15,80,0.064
1987-09-16,43,0.046
1987-09-17,41,0.044
1987-09-18,48,0.052
1987-09-19,25,0.027
1987-09-20,50,0.054
1987-09-21,48,0.052
1987-09-22,43,0.046
1987-09-23,44,0.048
1987-09-24,49,0.053
1987-09-25,80,0.064
1987-09-26,93,0.068
1987-09-27,84,0.065
1987-09-28,42,0.045
1987-09-29,38,0.041
1987-09-30,38,0.041
1987-10-01,35,0.038
1987-10-02,51,0.055
1987-10-03,24,0.026
1987-10-04,32,0.035
1987-10-05,47,0.051
1987-10-06,80,0.064
1987-10-07,37,0.04
1987-10-08,27,0.029
1987-10-09,45,0.049
1987-10-10,54,0.056
1987-10-11,100,0.07
1987-10-12,20,0.022
1987-10-13,31,0.034
1987-10-14,37,0.04
1987-10-15,43,0.046
1987-10-16,47,0.051
1987-10-17,77,0.063
1987-10-18,51,0.055
1987-10-19,71,0.061
1987-10-20,41,0.044
1987-10-21,30,0.032
1987-10-22,36,0.039
1987-10-23,42,0.045
1987-10-24,40,0.043
1987-10-25,54,0.056
1987-10-26,49,0.053
1987-10-27,16,0.017
1987-10-28,26,0.028
1987-10-29,19,0.021
1987-10-30,33,0.036
1987-10-31,44,0.047
1987-11-01,48,0.052
1987-11-02,49,0.053
1987-11-03,28,0.03
1987-11-04,18,0.019
1987-11-05,39,0.042
1987-11-06,30,0.032
1987-11-07,51,0.055
1987-11-08,35,0.038
1987-11-09,25,0.027
1987-11-10,15,0.016
1987-11-11,22,0.024
1987-11-12,19,0.021
1987-11-13,25,0.027
1987-11-14,36,0.039
1987-11-15,45,0.049
1987-11-16,24,0.026
1987-11-17,19,0.02
1987-11-18,21,0.023
1987-11-19,6,0.006
1987-11-20,23,0.025
1987-11-21,23,0.025
1987-11-22,31,0.033
1987-11-23,34,0.037
1987-11-24,32,0.035
1987-11-25,29,0.031
1987-11-26,6,0.007
1987-11-27,9,0.01
1987-11-28,6,0.007
1987-11-29,22,0.024
1987-11-30,21,0.023
1988-02-29,11,0.012
1988-03-01,40,0.043
1988-03-02,97,0.069
1988-03-03,43,0.046
1988-03-04,27,0.029
1988-03-05,22,0.024
1988-03-06,36,0.039
1988-03-07,54,0.056
1988-03-08,46,0.05
1988-03-09,22,0.024
1988-03-10,6,0.006
1988-03-11,40,0.043
1988-03-12,46,0.05
1988-03-13,40,0.043
1988-03-14,30,0.032
1988-03-15,31,0.033
1988-03-16,29,0.031
1988-03-17,37,0.04
1988-03-18,18,0.019
1988-03-19,34,0.037
1988-03-20,49,0.053
1988-03-21,97,0.069
1988-03-22,47,0.051
1988-03-23,48,0.052
1988-03-24,42,0.045
1988-03-25,27,0.029
1988-03-26,34,0.037
1988-03-27,41,0.044
1988-03-28,58,0.057
1988-03-29,64,0.059
1988-03-30,40,0.043
1988-03-31,43,0.046
1988-04-01,23,0.025
1988-04-02,39,0.042
1988-04-03,29,0.031
1988-04-04,44,0.047
1988-04-05,93,0.068
1988-04-06,38,0.041
1988-04-07,34,0.037
1988-04-08,45,0.049
1988-04-09,54,0.056
1988-04-10,93,0.068
1988-04-11,27,0.029
1988-04-12,34,0.037
1988-04-13,45,0.049
1988-04-14,105,0.072
1988-04-15,108,0.073
1988-04-16,46,0.05
1988-04-17,84,0.065
1988-04-18,40,0.043
1988-04-19,35,0.038
1988-04-20,64,0.059
1988-04-21,97,0.069
1988-04-22,43,0.046
1988-04-23,22,0.024
1988-04-24,54,0.056
1988-04-25,32,0.035
1988-04-26,47,0.051
1988-04-27,49,0.053
1988-04-28,44,0.048
1988-04-29,51,0.055
1988-04-30,67,0.06
1988-05-01,87,0.066
1988-05-02,129,0.079
1988-05-03,84,0.065
1988-05-04,39,0.042
1988-05-05,51,0.055
1988-05-06,54,0.056
1988-05-07,115,0.075
1988-05-08,54,0.056
1988-05-09,49,0.053
1988-05-10,44,0.048
1988-05-11,54,0.056
1988-05-12,101,0.071
1988-05-13,36,0.039
1988-05-14,136,0.081
1988-05-15,112,0.074
1988-05-16,31,0.034
1988-05-17,58,0.057
1988-05-18,54,0.056
1988-05-19,97,0.069
1988-05-20,101,0.071
1988-05-21,185,0.099
1988-05-22,47,0.051
1988-05-23,49,0.053
1988-05-24,32,0.035
1988-05-25,44,0.048
1988-05-26,67,0.06
1988-05-27,93,0.068
1988-05-28,147,0.084
1988-05-29,182,0.098
1988-05-30,154,0.087
1988-05-31,147,0.084
1988-06-01,169,0.093
1988-06-02,172,0.094
1988-06-03,140,0.082
1988-06-04,61,0.058
1988-06-05,77,0.063
1988-06-06,206,0.111
1988-06-07,108,0.073
1988-06-08,203,0.108
1988-06-09,77,0.063
1988-06-10,64,0.059
1988-06-11,119,0.076
1988-06-12,87,0.066
1988-06-13,154,0.087
1988-06-14,119,0.076
1988-06-15,212,0.116
1988-06-16,215,0.119
1988-06-17,195,0.103
1988-06-18,140,0.082
1988-06-19,84,0.065
1988-06-20,64,0.059
1988-06-21,207,0.112
1988-06-22,214,0.118
1988-06-23,242,0.145
1988-06-24,221,0.125
1988-06-25,226,0.13
1988-06-26,115,0.075
1988-06-27,97,0.069
1988-06-28,87,0.066
1988-06-29,112,0.074
1988-06-30,67,0.06
1988-07-01,177,0.096
1988-07-02,51,0.055
1988-07-03,38,0.041
1988-07-04,25,0.027
1988-07-05,42,0.045
1988-07-06,50,0.054
1988-07-07,93,0.068
1988-07-08,247,0.15
1988-07-09,215,0.119
1988-07-10,87,0.066
1988-07-11,27,0.029
1988-07-12,41,0.044
1988-07-13,21,0.023
1988-07-14,38,0.041
1988-07-15,133,0.08
1988-07-16,161,0.09
1988-07-17,112,0.074
1988-07-18,44,0.047
1988-07-19,31,0.034
1988-07-20,39,0.042
1988-07-21,37,0.04
1988-07-22,161,0.09
1988-07-23,77,0.063
1988-07-24,151,0.086
1988-07-25,164,0.091
1988-07-26,112,0.074
1988-07-27,48,0.052
1988-07-28,143,0.083
1988-07-29,36,0.039
1988-07-30,112,0.074
1988-07-31,133,0.08
1988-08-01,161,0.09
1988-08-02,115,0.075
1988-08-03,126,0.078
1988-08-04,93,0.068
1988-08-05,44,0.048
1988-08-06,49,0.053
1988-08-07,42,0.045
1988-08-08,54,0.056
1988-08-09,44,0.048
1988-08-10,71,0.061
1988-08-11,31,0.033
1988-08-12,26,0.028
1988-08-13,34,0.037
1988-08-14,27,0.029
1988-08-15,37,0.04
1988-08-16,48,0.052
1988-08-17,43,0.046
1988-08-18,161,0.09
1988-08-19,45,0.049
1988-08-20,31,0.033
1988-08-21,49,0.053
1988-08-22,49,0.053
1988-08-23,34,0.037
1988-08-24,42,0.045
1988-08-25,105,0.072
1988-08-26,143,0.083
1988-08-27,100,0.07
1988-08-28,29,0.031
1988-08-29,119,0.076
1988-08-30,74,0.062
1988-08-31,32,0.035
1988-09-01,67,0.06
1988-09-02,36,0.039
1988-09-03,20,0.022
1988-09-04,19,0.02
1988-09-05,46,0.05
1988-09-06,50,0.054
1988-09-07,44,0.048
1988-09-08,51,0.055
1988-09-09,9,0.01
1988-09-10,14,0.015
1988-09-11,19,0.02
1988-09-12,16,0.017
1988-09-13,39,0.042
1988-09-14,150,0.085
1988-09-15,45,0.049
1988-09-16,23,0.025
1988-09-17,12,0.013
1988-09-18,25,0.027
1988-09-19,34,0.037
1988-09-20,28,0.03
1988-09-21,51,0.055
1988-09-22,87,0.066
1988-09-23,51,0.055
1988-09-24,36,0.039
1988-09-25,39,0.042
1988-09-26,24,0.026
1988-09-27,46,0.05
1988-09-28,80,0.064
1988-09-29,35,0.038
1988-09-30,29,0.031
1988-10-01,27,0.029
1988-10-02,19,0.02
1988-10-03,12,0.013
1988-10-04,27,0.029
1988-10-05,32,0.035
1988-10-06,31,0.033
1988-10-07,31,0.033
1988-10-08,36,0.039
1988-10-09,46,0.05
1988-10-10,44,0.048
1988-10-11,33,0.036
1988-10-12,25,0.027
1988-10-13,28,0.03
1988-10-14,43,0.046
1988-10-15,44,0.048
1988-10-16,37,0.04
1988-10-17,37,0.04
1988-10-18,34,0.037
1988-10-19,24,0.026
1988-10-20,21,0.023
1988-10-21,8,0.009
1988-10-22,19,0.021
1988-10-23,31,0.034
1988-10-24,28,0.03
1988-10-25,23,0.025
1988-10-26,3,0.003
1988-10-27,19,0.021
1988-10-28,6,0.007
1988-10-29,14,0.015
1988-10-30,23,0.025
1988-10-31,6,0.007
1988-11-01,19,0.02
1988-11-02,21,0.023
1988-11-03,32,0.035
1988-11-04,19,0.021
1988-11-05,28,0.03
1988-11-06,24,0.026
1988-11-07,25,0.027
1988-11-08,8,0.009
1988-11-09,10,0.011
1988-11-10,27,0.029
1988-11-11,21,0.023
1988-11-12,28,0.03
1988-11-13,13,0.014
1988-11-14,17,0.018
1988-11-15,21,0.023
1988-11-16,27,0.029
1988-11-17,18,0.019
1988-11-18,22,0.024
1988-11-19,12,0.013
1988-11-20,29,0.031
1988-11-21,17,0.018
1988-11-22,12,0.013
1988-11-23,7,0.008
1988-11-24,16,0.017
1988-11-25,24,0.026
1988-11-26,33,0.036
1988-11-27,18,0.019
1988-11-28,24,0.026
1988-11-29,23,0.025
1988-11-30,14,0.015
1989-02-28,6,0.007
1989-03-01,18,0.019
1989-03-02,23,0.025
1989-03-03,18,0.019
1989-03-04,9,0.01
1989-03-05,11,0.012
1989-03-06,17,0.018
1989-03-07,18,0.019
1989-03-08,23,0.025
1989-03-09,36,0.039
1989-03-10,35,0.038
1989-03-11,71,0.061
1989-03-12,105,0.072
1989-03-13,67,0.06
1989-03-14,45,0.049
1989-03-15,36,0.039
1989-03-16,37,0.04
1989-03-17,38,0.041
1989-03-18,41,0.044
1989-03-19,45,0.049
1989-03-20,23,0.025
1989-03-21,11,0.012
1989-03-22,27,0.029
1989-03-23,21,0.023
1989-03-24,21,0.023
1989-03-25,41,0.044
1989-03-26,74,0.062
1989-03-27,54,0.056
1989-03-28,42,0.045
1989-03-29,37,0.04
1989-03-30,40,0.043
1989-03-31,25,0.027
1989-04-01,41,0.044
1989-04-02,64,0.059
1989-04-03,33,0.036
1989-04-04,35,0.038
1989-04-05,44,0.047
1989-04-06,47,0.051
1989-04-07,44,0.047
1989-04-08,26,0.028
1989-04-09,38,0.041
1989-04-10,21,0.023
1989-04-11,44,0.047
1989-04-12,84,0.065
1989-04-13,50,0.054
1989-04-14,133,0.08
1989-04-15,45,0.049
1989-04-16,108,0.073
1989-04-17,108,0.073
1989-04-18,87,0.066
1989-04-19,74,0.062
1989-04-20,35,0.038
1989-04-21,101,0.071
1989-04-22,115,0.075
1989-04-23,126,0.078
1989-04-24,105,0.072
1989-04-25,100,0.07
1989-04-26,64,0.059
1989-04-27,80,0.064
1989-04-28,108,0.073
1989-04-29,48,0.052
1989-04-30,45,0.049
1989-05-01,27,0.029
1989-05-02,74,0.062
1989-05-03,54,0.056
1989-05-04,42,0.045
1989-05-05,48,0.052
1989-05-06,61,0.058
1989-05-07,50,0.054
1989-05-08,105,0.072
1989-05-09,38,0.041
1989-05-10,48,0.052
1989-05-11,64,0.059
1989-05-12,84,0.065
1989-05-13,105,0.072
1989-05-14,105,0.072
1989-05-15,50,0.054
1989-05-16,105,0.072
1989-05-17,150,0.085
1989-05-18,97,0.069
1989-05-19,67,0.06
1989-05-20,44,0.048
1989-05-21,140,0.082
1989-05-22,97,0.069
1989-05-23,71,0.061
1989-05-24,161,0.09
1989-05-25,42,0.045
1989-05-26,44,0.048
1989-05-27,67,0.06
1989-05-28,93,0.068
1989-05-29,105,0.072
1989-05-30,54,0.056
1989-05-31,177,0.096
1989-06-01,159,0.089
1989-06-02,49,0.053
1989-06-03,61,0.058
1989-06-04,38,0.041
1989-06-05,25,0.027
1989-06-06,38,0.041
1989-06-07,49,0.053
1989-06-08,25,0.027
1989-06-09,34,0.037
1989-06-10,90,0.067
1989-06-11,100,0.07
1989-06-12,28,0.03
1989-06-13,41,0.044
1989-06-14,30,0.032
1989-06-15,17,0.018
1989-06-16,22,0.024
1989-06-17,51,0.055
1989-06-18,64,0.059
1989-06-19,26,0.028
1989-06-20,21,0.023
1989-06-21,40,0.043
1989-06-22,34,0.037
1989-06-23,64,0.059
1989-06-24,64,0.059
1989-06-25,49,0.053
1989-06-26,48,0.052
1989-06-27,46,0.05
1989-06-28,36,0.039
1989-06-29,45,0.049
1989-06-30,38,0.041
1989-07-01,80,0.064
1989-07-02,45,0.049
1989-07-03,26,0.028
1989-07-04,41,0.044
1989-07-05,36,0.039
1989-07-06,35,0.038
1989-07-07,48,0.052
1989-07-08,64,0.059
1989-07-09,187,0.1
1989-07-10,80,0.064
1989-07-11,48,0.052
1989-07-12,61,0.058
1989-07-13,44,0.047
1989-07-14,93,0.068
1989-07-15,33,0.036
1989-07-16,44,0.047
1989-07-17,105,0.072
1989-07-18,126,0.078
1989-07-19,42,0.045
1989-07-20,34,0.037
1989-07-21,29,0.031
1989-07-22,27,0.029
1989-07-23,33,0.036
1989-07-24,24,0.026
1989-07-25,44,0.047
1989-07-26,50,0.054
1989-07-27,122,0.077
1989-07-28,87,0.066
1989-07-29,147,0.084
1989-07-30,93,0.068
1989-07-31,40,0.043
1989-08-01,14,0.015
1989-08-02,38,0.041
1989-08-03,119,0.076
1989-08-04,50,0.054
1989-08-05,48,0.052
1989-08-06,54,0.056
1989-08-07,67,0.06
1989-08-08,35,0.038
1989-08-09,67,0.06
1989-08-10,67,0.06
1989-08-11,122,0.077
1989-08-12,101,0.071
1989-08-13,42,0.045
1989-08-14,38,0.041
1989-08-15,25,0.027
1989-08-16,64,0.059
1989-08-17,74,0.062
1989-08-18,143,0.083
1989-08-19,126,0.078
1989-08-20,35,0.038
1989-08-21,28,0.03
1989-08-22,36,0.039
1989-08-23,44,0.048
1989-08-24,41,0.044
1989-08-25,48,0.052
1989-08-26,80,0.064
1989-08-27,74,0.062
1989-08-28,33,0.036
1989-08-29,47,0.051
1989-08-30,38,0.041
1989-08-31,38,0.041
1989-09-01,48,0.052
1989-09-02,48,0.052
1989-09-03,41,0.044
1989-09-04,45,0.049
1989-09-05,24,0.026
1989-09-06,11,0.012
1989-09-07,28,0.03
1989-09-08,41,0.044
1989-09-09,71,0.061
1989-09-10,47,0.051
1989-09-11,39,0.042
1989-09-12,38,0.041
1989-09-13,71,0.061
1989-09-14,39,0.042
1989-09-15,21,0.023
1989-09-16,40,0.043
1989-09-17,45,0.049
1989-09-18,41,0.044
1989-09-19,47,0.051
1989-09-20,44,0.048
1989-09-21,14,0.015
1989-09-22,31,0.034
1989-09-23,34,0.037
1989-09-24,26,0.028
1989-09-25,13,0.014
1989-09-26,16,0.017
1989-09-27,19,0.021
1989-09-28,9,0.01
1989-09-29,16,0.017
1989-09-30,6,0.007
1989-10-01,11,0.012
1989-10-02,17,0.018
1989-10-03,36,0.039
1989-10-04,33,0.036
1989-10-05,50,0.054
1989-10-06,46,0.05
1989-10-07,28,0.03
1989-10-08,35,0.038
1989-10-09,37,0.04
1989-10-10,44,0.047
1989-10-11,67,0.06
1989-10-12,64,0.059
1989-10-13,32,0.035
1989-10-14,19,0.021
1989-10-15,25,0.027
1989-10-16,18,0.019
1989-10-17,13,0.014
1989-10-18,3,0.003
1989-10-19,3,0.003
1989-10-20,22,0.024
1989-10-21,40,0.043
1989-10-22,41,0.044
1989-10-23,37,0.04
1989-10-24,34,0.037
1989-10-25,31,0.033
1989-10-26,34,0.037
1989-10-27,50,0.054
1989-10-28,45,0.049
1989-10-29,58,0.057
1989-10-30,27,0.029
1989-10-31,26,0.028
1989-11-01,6,0.007
1989-11-02,3,0.003
1989-11-03,15,0.016
1989-11-04,26,0.028
1989-11-05,47,0.051
1989-11-06,6,0.006
1989-11-07,9,0.01
1989-11-08,12,0.013
1989-11-09,16,0.017
1989-11-10,21,0.023
1989-11-11,24,0.026
1989-11-12,24,0.026
1989-11-13,29,0.031
1989-11-14,16,0.017
1989-11-15,8,0.009
1989-11-16,16,0.017
1989-11-17,11,0.012
1989-11-18,9,0.01
1989-11-19,6,0.007
1989-11-20,22,0.024
1989-11-21,18,0.019
1989-11-22,8,0.009
1989-11-23,16,0.017
1989-11-24,22,0.024
1989-11-25,19,0.021
1989-11-26,16,0.017
1989-11-27,29,0.031
1989-11-28,8,0.009
1989-11-29,18,0.019
1989-11-30,14,0.015
1990-02-28,3,0.003
1990-03-01,31,0.034
1990-03-02,5,0.005
1990-03-03,31,0.033
1990-03-04,36,0.039
1990-03-05,42,0.045
1990-03-06,51,0.055
1990-03-07,34,0.037
1990-03-08,19,0.02
1990-03-09,5,0.005
1990-03-10,29,0.031
1990-03-11,46,0.05
1990-03-12,42,0.045
1990-03-13,50,0.054
1990-03-14,48,0.052
1990-03-15,39,0.042
1990-03-16,22,0.024
1990-03-17,38,0.041
1990-03-18,38,0.041
1990-03-19,40,0.043
1990-03-20,30,0.032
1990-03-21,34,0.037
1990-03-22,97,0.069
1990-03-23,74,0.062
1990-03-24,67,0.06
1990-03-25,41,0.044
1990-03-26,9,0.01
1990-03-27,37,0.04
1990-03-28,58,0.057
1990-03-29,24,0.026
1990-03-30,14,0.015
1990-03-31,19,0.02
1990-04-01,43,0.046
1990-04-02,45,0.049
1990-04-03,35,0.038
1990-04-04,44,0.047
1990-04-05,105,0.072
1990-04-06,22,0.024
1990-04-07,40,0.043
1990-04-08,48,0.052
1990-04-09,71,0.061
1990-04-10,34,0.037
1990-04-11,36,0.039
1990-04-12,39,0.042
1990-04-13,49,0.053
1990-04-14,71,0.061
1990-04-15,44,0.047
1990-04-16,44,0.047
1990-04-17,50,0.054
1990-04-18,34,0.037
1990-04-19,38,0.041
1990-04-20,42,0.045
1990-04-21,18,0.019
1990-04-22,37,0.04
1990-04-23,44,0.048
1990-04-24,71,0.061
1990-04-25,54,0.056
1990-04-26,64,0.059
1990-04-27,87,0.066
1990-04-28,33,0.036
1990-04-29,42,0.045
1990-04-30,35,0.038
1990-05-01,50,0.054
1990-05-02,47,0.051
1990-05-03,71,0.061
1990-05-04,39,0.042
1990-05-05,42,0.045
1990-05-06,41,0.044
1990-05-07,74,0.062
1990-05-08,87,0.066
1990-05-09,34,0.037
1990-05-10,39,0.042
1990-05-11,42,0.045
1990-05-12,100,0.07
1990-05-13,36,0.039
1990-05-14,74,0.062
1990-05-15,71,0.061
1990-05-16,45,0.049
1990-05-17,36,0.039
1990-05-18,58,0.057
1990-05-19,115,0.075
1990-05-20,32,0.035
1990-05-21,39,0.042
1990-05-22,40,0.043
1990-05-23,44,0.048
1990-05-24,150,0.085
1990-05-25,143,0.083
1990-05-26,100,0.07
1990-05-27,34,0.037
1990-05-28,38,0.041
1990-05-29,100,0.07
1990-05-30,126,0.078
1990-05-31,84,0.065
1990-06-01,33,0.036
1990-06-02,35,0.038
1990-06-03,39,0.042
1990-06-04,50,0.054
1990-06-05,204,0.109
1990-06-06,161,0.09
1990-06-07,90,0.067
1990-06-08,100,0.07
1990-06-09,97,0.069
1990-06-10,87,0.066
1990-06-11,192,0.102
1990-06-12,115,0.075
1990-06-13,161,0.09
1990-06-14,122,0.077
1990-06-15,41,0.044
1990-06-16,61,0.058
1990-06-17,67,0.06
1990-06-18,164,0.091
1990-06-19,122,0.077
1990-06-20,219,0.123
1990-06-21,159,0.089
1990-06-22,67,0.06
1990-06-23,61,0.058
1990-06-24,58,0.057
1990-06-25,108,0.073
1990-06-26,150,0.085
1990-06-27,115,0.075
1990-06-28,143,0.083
1990-06-29,195,0.103
1990-06-30,112,0.074
1990-07-01,126,0.078
1990-07-02,161,0.09
1990-07-03,129,0.079
1990-07-04,84,0.065
1990-07-05,97,0.069
1990-07-06,174,0.095
1990-07-07,164,0.091
1990-07-08,143,0.083
1990-07-09,215,0.119
1990-07-10,164,0.091
1990-07-11,119,0.076
1990-07-12,31,0.034
1990-07-13,29,0.031
1990-07-14,39,0.042
1990-07-15,64,0.059
1990-07-16,39,0.042
1990-07-17,61,0.058
1990-07-18,35,0.038
1990-07-19,13,0.014
1990-07-20,28,0.03
1990-07-21,37,0.04
1990-07-22,41,0.044
1990-07-23,42,0.045
1990-07-24,51,0.055
1990-07-25,61,0.058
1990-07-26,87,0.066
1990-07-27,133,0.08
1990-07-28,43,0.046
1990-07-29,50,0.054
1990-07-30,140,0.082
1990-07-31,119,0.076
1990-08-01,43,0.046
1990-08-02,50,0.054
1990-08-03,179,0.097
1990-08-04,161,0.09
1990-08-05,51,0.055
1990-08-06,46,0.05
1990-08-07,119,0.076
1990-08-08,43,0.046
1990-08-09,44,0.047
1990-08-10,119,0.076
1990-08-11,150,0.085
1990-08-12,67,0.06
1990-08-13,51,0.055
1990-08-14,156,0.088
1990-08-15,185,0.099
1990-08-16,126,0.078
1990-08-17,143,0.083
1990-08-18,174,0.095
1990-08-19,164,0.091
1990-08-20,84,0.065
1990-08-21,169,0.093
1990-08-22,87,0.066
1990-08-23,105,0.072
1990-08-24,115,0.075
1990-08-25,58,0.057
1990-08-26,48,0.052
1990-08-27,151,0.086
1990-08-28,220,0.124
1990-08-29,129,0.079
1990-08-30,101,0.071
1990-08-31,40,0.043
1990-09-01,44,0.047
1990-09-02,84,0.065
1990-09-03,119,0.076
1990-09-04,74,0.062
1990-09-05,202,0.107
1990-09-06,169,0.093
1990-09-07,156,0.088
1990-09-08,133,0.08
1990-09-09,64,0.059
1990-09-10,143,0.083
1990-09-11,74,0.062
1990-09-12,41,0.044
1990-09-13,39,0.042
1990-09-14,31,0.033
1990-09-15,61,0.058
1990-09-16,61,0.058
1990-09-17,115,0.075
1990-09-18,51,0.055
1990-09-19,93,0.068
1990-09-20,101,0.071
1990-09-21,112,0.074
1990-09-22,30,0.032
1990-09-23,38,0.041
1990-09-24,31,0.033
1990-09-25,37,0.04
1990-09-26,74,0.062
1990-09-27,71,0.061
1990-09-28,48,0.052
1990-09-29,58,0.057
1990-09-30,64,0.059
1990-10-01,45,0.049
1990-10-02,50,0.054
1990-10-03,47,0.051
1990-10-04,21,0.023
1990-10-05,40,0.043
1990-10-06,58,0.057
1990-10-07,32,0.035
1990-10-08,33,0.036
1990-10-09,24,0.026
1990-10-10,8,0.009
1990-10-11,17,0.018
1990-10-12,12,0.013
1990-10-13,15,0.016
1990-10-14,28,0.03
1990-10-15,35,0.038
1990-10-16,58,0.057
1990-10-17,,0.037
1990-10-19,21,0.023
1990-10-20,37,0.04
1990-10-21,32,0.035
1990-10-22,8,0.009
1990-10-23,16,0.017
1990-10-24,15,0.016
1990-10-25,18,0.019
1990-10-26,23,0.025
1990-10-27,28,0.03
1990-10-28,32,0.035
1990-10-29,29,0.031
1990-10-30,35,0.038
1990-10-31,26,0.028
1990-11-01,48,0.052
1990-11-02,51,0.055
1990-11-03,40,0.043
1990-11-04,36,0.039
1990-11-05,13,0.014
1990-11-06,19,0.02
1990-11-07,23,0.025
1990-11-08,23,0.025
1990-11-09,13,0.014
1990-11-10,18,0.019
1990-11-11,20,0.022
1990-11-12,31,0.033
1990-11-13,21,0.023
1990-11-14,20,0.022
1990-11-15,31,0.034
1990-11-16,29,0.031
1990-11-17,26,0.028
1990-11-18,29,0.031
1990-11-19,28,0.03
1990-11-20,24,0.026
1990-11-21,44,0.047
1990-11-22,44,0.048
1990-11-23,27,0.029
1990-11-24,26,0.028
1990-11-25,37,0.04
1990-11-26,21,0.023
1990-11-27,28,0.03
1990-11-28,19,0.021
1990-11-29,21,0.023
1990-11-30,24,0.026
1991-02-28,5,0.005
1991-03-01,27,0.029
1991-03-02,35,0.038
1991-03-03,21,0.023
1991-03-04,12,0.013
1991-03-05,34,0.037
1991-03-06,44,0.048
1991-03-07,30,0.032
1991-03-08,13,0.014
1991-03-09,39,0.042
1991-03-10,39,0.042
1991-03-11,40,0.043
1991-03-12,50,0.054
1991-03-13,44,0.048
1991-03-14,33,0.036
1991-03-15,34,0.037
1991-03-16,48,0.052
1991-03-17,32,0.035
1991-03-18,43,0.046
1991-03-19,46,0.05
1991-03-20,80,0.064
1991-03-21,67,0.06
1991-03-22,38,0.041
1991-03-23,45,0.049
1991-03-24,47,0.051
1991-03-25,51,0.055
1991-03-26,100,0.07
1991-03-27,33,0.036
1991-03-28,16,0.017
1991-03-29,23,0.025
1991-03-30,35,0.038
1991-03-31,32,0.035
1991-04-01,44,0.047
1991-04-02,51,0.055
1991-04-03,84,0.065
1991-04-04,42,0.045
1991-04-05,29,0.031
1991-04-06,43,0.046
1991-04-07,37,0.04
1991-04-08,27,0.029
1991-04-09,30,0.032
1991-04-10,44,0.047
1991-04-11,35,0.038
1991-04-12,23,0.025
1991-04-13,19,0.021
1991-04-14,31,0.033
1991-04-15,41,0.044
1991-04-16,84,0.065
1991-04-17,77,0.063
1991-04-18,64,0.059
1991-04-19,34,0.037
1991-04-20,37,0.04
1991-04-21,38,0.041
1991-04-22,42,0.045
1991-04-23,41,0.044
1991-04-24,47,0.051
1991-04-25,44,0.047
1991-04-26,38,0.041
1991-04-27,26,0.028
1991-04-28,24,0.026
1991-04-29,21,0.023
1991-04-30,34,0.037
1991-05-01,44,0.048
1991-05-02,64,0.059
1991-05-03,129,0.079
1991-05-04,28,0.03
1991-05-05,27,0.029
1991-05-06,36,0.039
1991-05-07,64,0.059
1991-05-08,47,0.051
1991-05-09,21,0.023
1991-05-10,32,0.035
1991-05-11,29,0.031
1991-05-12,31,0.034
1991-05-13,35,0.038
1991-05-14,43,0.046
1991-05-15,100,0.07
1991-05-16,39,0.042
1991-05-17,33,0.036
1991-05-18,105,0.072
1991-05-19,29,0.031
1991-05-20,19,0.02
1991-05-21,29,0.031
1991-05-22,24,0.026
1991-05-23,31,0.034
1991-05-24,26,0.028
1991-05-25,26,0.028
1991-05-26,22,0.024
1991-05-27,16,0.017
1991-05-28,21,0.023
1991-05-29,46,0.05
1991-05-30,49,0.053
1991-05-31,61,0.058
1991-06-01,44,0.048
1991-06-02,77,0.063
1991-06-03,108,0.073
1991-06-04,100,0.07
1991-06-05,50,0.054
1991-06-06,46,0.05
1991-06-07,50,0.054
1991-06-08,90,0.067
1991-06-09,108,0.073
1991-06-10,101,0.071
1991-06-11,74,0.062
1991-06-12,48,0.052
1991-06-13,46,0.05
1991-06-14,29,0.031
1991-06-15,80,0.064
1991-06-16,45,0.049
1991-06-17,74,0.062
1991-06-18,77,0.063
1991-06-19,42,0.045
1991-06-20,44,0.047
1991-06-21,51,0.055
1991-06-22,47,0.051
1991-06-23,64,0.059
1991-06-24,28,0.03
1991-06-25,31,0.033
1991-06-26,29,0.031
1991-06-27,30,0.032
1991-06-28,36,0.039
1991-06-29,108,0.073
1991-06-30,112,0.074
1991-07-01,205,0.11
1991-07-02,187,0.1
1991-07-03,80,0.064
1991-07-04,46,0.05
1991-07-05,41,0.044
1991-07-06,147,0.084
1991-07-07,45,0.049
1991-07-08,22,0.024
1991-07-09,51,0.055
1991-07-10,87,0.066
1991-07-11,47,0.051
1991-07-12,50,0.054
1991-07-13,87,0.066
1991-07-14,97,0.069
1991-07-15,44,0.047
1991-07-16,32,0.035
1991-07-17,30,0.032
1991-07-18,40,0.043
1991-07-19,44,0.048
1991-07-20,129,0.079
1991-07-21,84,0.065
1991-07-22,105,0.072
1991-07-23,119,0.076
1991-07-24,100,0.07
1991-07-25,87,0.066
1991-07-26,36,0.039
1991-07-27,122,0.077
1991-07-28,41,0.044
1991-07-29,48,0.052
1991-07-30,93,0.068
1991-07-31,44,0.047
1991-08-01,26,0.028
1991-08-02,80,0.064
1991-08-03,122,0.077
1991-08-04,105,0.072
1991-08-05,156,0.088
1991-08-06,126,0.078
1991-08-07,101,0.071
1991-08-08,48,0.052
1991-08-09,48,0.052
1991-08-10,50,0.054
1991-08-11,35,0.038
1991-08-12,38,0.041
1991-08-13,42,0.045
1991-08-14,25,0.027
1991-08-15,105,0.072
1991-08-16,159,0.089
1991-08-17,150,0.085
1991-08-18,51,0.055
1991-08-19,80,0.064
1991-08-20,45,0.049
1991-08-21,100,0.07
1991-08-22,71,0.061
1991-08-23,84,0.065
1991-08-24,48,0.052
1991-08-25,23,0.025
1991-08-26,23,0.025
1991-08-27,33,0.036
1991-08-28,46,0.05
1991-08-29,26,0.028
1991-08-30,30,0.032
1991-08-31,33,0.036
1991-09-01,136,0.081
1991-09-02,33,0.036
1991-09-03,35,0.038
1991-09-04,45,0.049
1991-09-05,74,0.062
1991-09-06,35,0.038
1991-09-07,90,0.067
1991-09-08,47,0.051
1991-09-09,87,0.066
1991-09-10,93,0.068
1991-09-11,100,0.07
1991-09-12,71,0.061
1991-09-13,133,0.08
1991-09-14,154,0.087
1991-09-15,161,0.09
1991-09-16,190,0.101
1991-09-17,133,0.08
1991-09-18,37,0.04
1991-09-19,11,0.012
1991-09-20,28,0.03
1991-09-21,50,0.054
1991-09-22,49,0.053
1991-09-23,74,0.062
1991-09-24,29,0.031
1991-09-25,23,0.025
1991-09-26,43,0.046
1991-09-27,44,0.048
1991-09-28,54,0.056
1991-09-29,50,0.054
1991-09-30,58,0.057
1991-10-01,42,0.045
1991-10-02,29,0.031
1991-10-03,35,0.038
1991-10-04,41,0.044
1991-10-05,24,0.026
1991-10-06,32,0.035
1991-10-07,25,0.027
1991-10-08,46,0.05
1991-10-09,45,0.049
1991-10-10,44,0.047
1991-10-11,58,0.057
1991-10-12,42,0.045
1991-10-13,46,0.05
1991-10-14,47,0.051
1991-10-15,23,0.025
1991-10-16,28,0.03
1991-10-17,25,0.027
1991-10-18,29,0.031
1991-10-19,48,0.052
1991-10-20,48,0.052
1991-10-21,35,0.038
1991-10-22,32,0.035
1991-10-23,26,0.028
1991-10-24,31,0.033
1991-10-25,34,0.037
1991-10-26,33,0.036
1991-10-27,39,0.042
1991-10-28,42,0.045
1991-10-29,36,0.039
1991-10-30,31,0.033
1991-10-31,44,0.047
1991-11-01,17,0.018
1991-11-02,17,0.018
1991-11-03,23,0.025
1991-11-04,22,0.024
1991-11-05,36,0.039
1991-11-06,42,0.045
1991-11-07,20,0.022
1991-11-08,9,0.01
1991-11-09,13,0.014
1991-11-10,18,0.019
1991-11-11,24,0.026
1991-11-12,21,0.023
1991-11-13,13,0.014
1991-11-14,20,0.022
1991-11-15,41,0.044
1991-11-16,31,0.034
1991-11-17,41,0.044
1991-11-18,18,0.019
1991-11-19,19,0.02
1991-11-20,22,0.024
1991-11-21,16,0.017
1991-11-22,19,0.02
1991-11-23,28,0.03
1991-11-24,32,0.035
1991-11-25,21,0.023
1991-11-26,21,0.023
1991-11-27,25,0.027
1991-11-28,28,0.03
1991-11-29,28,0.03
1991-11-30,13,0.014
1992-02-29,3,0.003
1992-03-01,35,0.038
1992-03-02,58,0.057
1992-03-03,48,0.052
1992-03-04,61,0.058
1992-03-05,21,0.023
1992-03-06,22,0.024
1992-03-07,40,0.043
1992-03-08,41,0.044
1992-03-09,45,0.049
1992-03-10,23,0.025
1992-03-11,24,0.026
1992-03-12,35,0.038
1992-03-13,26,0.028
1992-03-14,44,0.047
1992-03-15,36,0.039
1992-03-16,29,0.031
1992-03-17,50,0.054
1992-03-18,35,0.038
1992-03-19,40,0.043
1992-03-20,32,0.035
1992-03-21,40,0.043
1992-03-22,31,0.034
1992-03-23,33,0.036
1992-03-24,46,0.05
1992-03-25,21,0.023
1992-03-26,34,0.037
1992-03-27,34,0.037
1992-03-28,43,0.046
1992-03-29,28,0.03
1992-03-30,31,0.033
1992-03-31,25,0.027
1992-04-01,37,0.04
1992-04-02,43,0.046
1992-04-03,43,0.046
1992-04-04,71,0.061
1992-04-05,58,0.057
1992-04-06,45,0.049
1992-04-07,13,0.014
1992-04-08,58,0.057
1992-04-09,50,0.054
1992-04-10,49,0.053
1992-04-11,30,0.032
1992-04-12,35,0.038
1992-04-13,47,0.051
1992-04-14,58,0.057
1992-04-15,64,0.059
1992-04-16,61,0.058
1992-04-17,64,0.059
1992-04-18,58,0.057
1992-04-19,32,0.035
1992-04-20,29,0.031
1992-04-21,34,0.037
1992-04-22,35,0.038
1992-04-23,93,0.068
1992-04-24,45,0.049
1992-04-25,39,0.042
1992-04-26,27,0.029
1992-04-27,21,0.023
1992-04-28,33,0.036
1992-04-29,44,0.048
1992-04-30,58,0.057
1992-05-01,97,0.069
1992-05-02,80,0.064
1992-05-03,61,0.058
1992-05-04,45,0.049
1992-05-05,41,0.044
1992-05-06,31,0.034
1992-05-07,28,0.03
1992-05-08,12,0.013
1992-05-09,115,0.075
1992-05-10,108,0.073
1992-05-11,151,0.086
1992-05-12,105,0.072
1992-05-13,44,0.047
1992-05-14,84,0.065
1992-05-15,50,0.054
1992-05-16,41,0.044
1992-05-17,44,0.048
1992-05-18,71,0.061
1992-05-19,143,0.083
1992-05-20,40,0.043
1992-05-21,51,0.055
1992-05-22,97,0.069
1992-05-23,192,0.102
1992-05-24,151,0.086
1992-05-25,41,0.044
1992-05-26,33,0.036
1992-05-27,84,0.065
1992-05-28,36,0.039
1992-05-29,20,0.022
1992-05-30,37,0.04
1992-05-31,84,0.065
1992-06-01,67,0.06
1992-06-02,74,0.062
1992-06-03,30,0.032
1992-06-04,46,0.05
1992-06-05,49,0.053
1992-06-06,150,0.085
1992-06-07,61,0.058
1992-06-08,16,0.017
1992-06-09,19,0.02
1992-06-10,39,0.042
1992-06-11,37,0.04
1992-06-12,29,0.031
1992-06-13,16,0.017
1992-06-14,40,0.043
1992-06-15,90,0.067
1992-06-16,67,0.06
1992-06-17,40,0.043
1992-06-18,48,0.052
1992-06-19,71,0.061
1992-06-20,108,0.073
1992-06-21,50,0.054
1992-06-22,80,0.064
1992-06-23,90,0.067
1992-06-24,112,0.074
1992-06-25,115,0.075
1992-06-26,64,0.059
1992-06-27,51,0.055
1992-06-28,49,0.053
1992-07-17,28,0.03
1992-07-18,31,0.034
1992-07-19,101,0.071
1992-07-20,122,0.077
1992-07-21,93,0.068
1992-07-22,21,0.023
1992-07-23,27,0.029
1992-07-24,31,0.033
1992-07-25,44,0.048
1992-07-26,33,0.036
1992-07-27,38,0.041
1992-07-28,32,0.035
1992-07-29,64,0.059
1992-07-30,44,0.047
1992-07-31,31,0.034
1992-08-01,49,0.053
1992-08-02,77,0.063
1992-08-03,101,0.071
1992-08-04,77,0.063
1992-08-05,136,0.081
1992-08-06,67,0.06
1992-08-07,37,0.04
1992-08-08,54,0.056
1992-08-09,58,0.057
1992-08-10,205,0.11
1992-08-11,84,0.065
1992-08-12,43,0.046
1992-08-13,17,0.018
1992-08-14,43,0.046
1992-08-15,47,0.051
1992-08-16,29,0.031
1992-08-17,36,0.039
1992-08-18,46,0.05
1992-08-19,77,0.063
1992-08-20,40,0.043
1992-08-21,26,0.028
1992-08-22,31,0.033
1992-08-23,29,0.031
1992-08-24,36,0.039
1992-08-25,4,0.004
1992-08-26,23,0.025
1992-08-27,22,0.024
1992-08-28,27,0.029
1992-08-29,84,0.065
1992-08-30,93,0.068
1992-08-31,185,0.099
1992-09-01,84,0.065
1992-09-02,46,0.05
1992-09-03,25,0.027
1992-09-04,34,0.037
1992-09-05,19,0.021
1992-09-06,24,0.026
1992-09-07,28,0.03
1992-09-08,64,0.059
1992-09-09,40,0.043
1992-09-10,40,0.043
1992-09-11,42,0.045
1992-09-12,34,0.037
1992-09-13,49,0.053
1992-09-14,71,0.061
1992-09-15,74,0.062
1992-09-16,38,0.041
1992-09-17,41,0.044
1992-09-18,23,0.025
1992-09-19,34,0.037
1992-09-20,32,0.035
1992-09-21,42,0.045
1992-09-22,26,0.028
1992-09-23,25,0.027
1992-09-24,25,0.027
1992-09-25,26,0.028
1992-09-26,13,0.014
1992-09-27,4,0.004
1992-09-28,13,0.014
1992-09-29,38,0.041
1992-09-30,33,0.036
1992-10-01,40,0.043
1992-10-02,48,0.052
1992-10-03,29,0.031
1992-10-04,18,0.019
1992-10-05,27,0.029
1992-10-06,32,0.035
1992-10-07,37,0.04
1992-10-08,15,0.016
1992-10-09,30,0.032
1992-10-10,35,0.038
1992-10-11,35,0.038
1992-10-12,28,0.03
1992-10-13,34,0.037
1992-10-14,64,0.059
1992-10-15,46,0.05
1992-10-16,21,0.023
1992-10-17,23,0.025
1992-10-18,33,0.036
1992-10-19,28,0.03
1992-10-20,38,0.041
1992-10-21,31,0.034
1992-10-22,12,0.013
1992-10-23,47,0.051
1992-10-24,49,0.053
1992-10-25,40,0.043
1992-10-26,27,0.029
1992-10-27,25,0.027
1992-10-28,20,0.022
1992-10-29,20,0.022
1992-10-30,29,0.031
1992-10-31,18,0.019
1992-11-01,33,0.036
1992-11-02,20,0.022
1992-11-03,37,0.04
1992-11-04,10,0.011
1992-11-05,9,0.01
1992-11-06,15,0.016
1992-11-07,15,0.016
1992-11-08,29,0.031
1992-11-09,30,0.032
1992-11-10,26,0.028
1992-11-11,19,0.02
1992-11-12,19,0.02
1992-11-13,12,0.013
1992-11-14,26,0.028
1992-11-15,24,0.026
1992-11-16,23,0.025
1992-11-17,31,0.034
1992-11-18,33,0.036
1992-11-19,38,0.041
1992-11-20,22,0.024
1992-11-21,7,0.008
1992-11-22,12,0.013
1992-11-23,11,0.012
1992-11-24,9,0.01
1992-11-25,3,0.003
1992-11-26,21,0.023
1992-11-27,10,0.011
1992-11-28,10,0.011
1992-11-29,14,0.015
1992-11-30,27,0.029
1993-02-28,3,0.003
1993-03-01,25,0.027
1993-03-02,33,0.036
1993-03-03,18,0.019
1993-03-04,27,0.029
1993-03-05,20,0.022
1993-03-06,34,0.037
1993-03-07,43,0.046
1993-03-08,36,0.039
1993-03-09,31,0.034
1993-03-10,47,0.051
1993-03-11,26,0.028
1993-03-12,23,0.025
1993-03-13,30,0.032
1993-03-14,41,0.044
1993-03-15,44,0.047
1993-03-16,35,0.038
1993-03-17,19,0.021
1993-03-18,37,0.04
1993-03-19,37,0.04
1993-03-20,40,0.043
1993-03-21,40,0.043
1993-03-22,35,0.038
1993-03-23,28,0.03
1993-03-24,39,0.042
1993-03-25,48,0.052
1993-03-26,23,0.025
1993-03-27,16,0.017
1993-03-28,39,0.042
1993-03-29,64,0.059
1993-03-30,112,0.074
1993-03-31,38,0.041
1993-04-01,41,0.044
1993-04-02,19,0.02
1993-04-03,33,0.036
1993-04-04,34,0.037
1993-04-05,30,0.032
1993-04-06,37,0.04
1993-04-07,47,0.051
1993-04-08,58,0.057
1993-04-09,33,0.036
1993-04-10,46,0.05
1993-04-11,97,0.069
1993-04-12,67,0.06
1993-04-13,64,0.059
1993-04-14,51,0.055
1993-04-15,36,0.039
1993-04-16,39,0.042
1993-04-17,41,0.044
1993-04-18,54,0.056
1993-04-19,71,0.061
1993-04-20,74,0.062
1993-04-21,27,0.029
1993-04-22,40,0.043
1993-04-23,61,0.058
1993-04-24,58,0.057
1993-04-25,46,0.05
1993-04-26,44,0.048
1993-04-27,51,0.055
1993-04-28,54,0.056
1993-04-29,64,0.059
1993-04-30,48,0.052
1993-05-01,71,0.061
1993-05-02,50,0.054
1993-05-03,29,0.031
1993-05-04,50,0.054
1993-05-05,67,0.06
1993-05-06,97,0.069
1993-05-07,169,0.093
1993-05-08,61,0.058
1993-05-09,50,0.054
1993-05-10,77,0.063
1993-05-11,77,0.063
1993-05-12,42,0.045
1993-05-13,43,0.046
1993-05-14,49,0.053
1993-05-15,101,0.071
1993-05-16,105,0.072
1993-05-17,90,0.067
1993-05-18,93,0.068
1993-05-19,32,0.035
1993-05-20,43,0.046
1993-05-21,40,0.043
1993-05-22,90,0.067
1993-05-23,90,0.067
1993-05-24,58,0.057
1993-05-25,34,0.037
1993-05-26,44,0.047
1993-05-27,54,0.056
1993-05-28,48,0.052
1993-05-29,84,0.065
1993-05-30,87,0.066
1993-05-31,33,0.036
1993-06-01,77,0.063
1993-06-02,90,0.067
1993-06-03,115,0.075
1993-06-04,40,0.043
1993-06-05,39,0.042
1993-06-06,74,0.062
1993-06-07,105,0.072
1993-06-08,50,0.054
1993-06-09,50,0.054
1993-06-10,77,0.063
1993-06-11,108,0.073
1993-06-12,154,0.087
1993-06-13,129,0.079
1993-06-14,44,0.047
1993-06-15,177,0.096
1993-06-16,105,0.072
1993-06-17,77,0.063
1993-06-18,97,0.069
1993-06-19,67,0.06
1993-06-20,50,0.054
1993-06-21,19,0.02
1993-06-22,39,0.042
1993-06-23,119,0.076
1993-06-24,29,0.031
1993-06-25,38,0.041
1993-06-26,46,0.05
1993-06-27,108,0.073
1993-06-28,90,0.067
1993-06-29,36,0.039
1993-06-30,90,0.067
1993-07-01,58,0.057
1993-07-02,101,0.071
1993-07-03,54,0.056
1993-07-04,108,0.073
1993-07-05,43,0.046
1993-07-06,97,0.069
1993-07-07,147,0.084
1993-07-08,133,0.08
1993-07-09,197,0.104
1993-07-10,100,0.07
1993-07-11,49,0.053
1993-07-12,87,0.066
1993-07-13,47,0.051
1993-07-14,48,0.052
1993-07-15,61,0.058
1993-07-16,47,0.051
1993-07-17,136,0.081
1993-07-18,177,0.096
1993-07-19,90,0.067
1993-07-20,108,0.073
1993-07-21,201,0.106
1993-07-22,216,0.12
1993-07-23,235,0.138
1993-07-24,115,0.075
1993-07-25,48,0.052
1993-07-26,74,0.062
1993-07-27,217,0.121
1993-07-28,164,0.091
1993-07-29,151,0.086
1993-07-30,93,0.068
1993-07-31,147,0.084
1993-08-01,150,0.085
1993-08-02,77,0.063
1993-08-03,28,0.03
1993-08-04,40,0.043
1993-08-05,77,0.063
1993-08-06,22,0.024
1993-08-07,23,0.025
1993-08-08,42,0.045
1993-08-09,50,0.054
1993-08-10,49,0.053
1993-08-11,115,0.075
1993-08-12,151,0.086
1993-08-13,43,0.046
1993-08-14,112,0.074
1993-08-15,64,0.059
1993-08-16,119,0.076
1993-08-17,172,0.094
1993-08-18,115,0.075
1993-08-19,105,0.072
1993-08-20,174,0.095
1993-08-21,108,0.073
1993-08-22,122,0.077
1993-08-23,71,0.061
1993-08-24,58,0.057
1993-08-25,100,0.07
1993-08-26,71,0.061
1993-08-27,74,0.062
1993-08-28,87,0.066
1993-08-29,42,0.045
1993-08-30,44,0.047
1993-08-31,93,0.068
1993-09-01,42,0.045
1993-09-02,40,0.043
1993-09-03,27,0.029
1993-09-04,40,0.043
1993-09-05,97,0.069
1993-09-06,105,0.072
1993-09-07,40,0.043
1993-09-08,80,0.064
1993-09-09,40,0.043
1993-09-10,45,0.049
1993-09-11,64,0.059
1993-09-12,80,0.064
1993-09-13,54,0.056
1993-09-14,47,0.051
1993-09-15,34,0.037
1993-09-16,30,0.032
1993-09-17,17,0.018
1993-09-18,49,0.053
1993-09-19,147,0.084
1993-09-20,32,0.035
1993-09-21,48,0.052
1993-09-22,100,0.07
1993-09-23,164,0.091
1993-09-24,45,0.049
1993-09-25,71,0.061
1993-09-26,49,0.053
1993-09-27,34,0.037
1993-09-28,29,0.031
1993-09-29,42,0.045
1993-09-30,30,0.032
1993-10-01,49,0.053
1993-10-02,71,0.061
1993-10-03,38,0.041
1993-10-04,36,0.039
1993-10-05,61,0.058
1993-10-06,74,0.062
1993-10-07,36,0.039
1993-10-08,45,0.049
1993-10-09,41,0.044
1993-10-10,13,0.014
1993-10-11,22,0.024
1993-10-12,26,0.028
1993-10-13,43,0.046
1993-10-14,30,0.032
1993-10-15,31,0.034
1993-10-16,18,0.019
1993-10-17,16,0.017
1993-10-18,33,0.036
1993-10-19,32,0.035
1993-10-20,38,0.041
1993-10-21,15,0.016
1993-10-22,10,0.011
1993-10-23,31,0.034
1993-10-24,26,0.028
1993-10-25,28,0.03
1993-10-26,31,0.034
1993-10-27,34,0.037
1993-10-28,26,0.028
1993-10-29,27,0.029
1993-10-30,6,0.006
1993-10-31,,0.014
1993-11-01,19,0.021
1993-11-02,27,0.029
1993-11-03,17,0.018
1993-11-04,20,0.022
1993-11-05,25,0.027
1993-11-06,13,0.014
1993-11-07,20,0.022
1993-11-08,30,0.032
1993-11-09,11,0.012
1993-11-10,20,0.022
1993-11-11,34,0.037
1993-11-12,35,0.038
1993-11-13,34,0.037
1993-11-14,15,0.016
1993-11-15,11,0.012
1993-11-16,26,0.028
1993-11-17,19,0.021
1993-11-18,19,0.02
1993-11-19,6,0.006
1993-11-20,24,0.026
1993-11-21,29,0.031
1993-11-22,27,0.029
1993-11-23,17,0.018
1993-11-24,19,0.02
1993-11-25,36,0.039
1993-11-26,12,0.013
1993-11-27,6,0.006
1993-11-28,30,0.032
1993-11-29,27,0.029
1993-11-30,32,0.035
1994-02-28,24,0.026
1994-03-01,14,0.015
1994-03-02,12,0.013
1994-03-03,32,0.035
1994-03-04,44,0.048
1994-03-05,33,0.036
1994-03-06,54,0.056
1994-03-07,51,0.055
1994-03-08,40,0.043
1994-03-09,41,0.044
1994-03-10,22,0.024
1994-03-11,35,0.038
1994-03-12,44,0.048
1994-03-13,39,0.042
1994-03-14,41,0.044
1994-03-15,51,0.055
1994-03-16,32,0.035
1994-03-17,30,0.032
1994-03-18,42,0.045
1994-03-19,42,0.045
1994-03-20,54,0.056
1994-03-21,29,0.031
1994-03-22,38,0.041
1994-03-23,46,0.05
1994-03-24,12,0.013
1994-03-25,27,0.029
1994-03-26,43,0.046
1994-03-27,23,0.025
1994-03-28,13,0.014
1994-03-29,33,0.036
1994-03-30,48,0.052
1994-03-31,31,0.033
1994-04-01,35,0.038
1994-04-02,87,0.066
1994-04-03,45,0.049
1994-04-04,33,0.036
1994-04-05,46,0.05
1994-04-06,16,0.017
1994-04-07,32,0.035
1994-04-08,48,0.052
1994-04-09,42,0.045
1994-04-10,35,0.038
1994-04-11,45,0.049
1994-04-12,28,0.03
1994-04-13,49,0.053
1994-04-14,74,0.062
1994-04-15,17,0.018
1994-04-16,39,0.042
1994-04-17,45,0.049
1994-04-18,64,0.059
1994-04-19,100,0.07
1994-04-20,100,0.07
1994-04-21,80,0.064
1994-04-22,36,0.039
1994-04-23,67,0.06
1994-04-24,93,0.068
1994-04-25,40,0.043
1994-04-26,44,0.047
1994-04-27,48,0.052
1994-04-28,46,0.05
1994-04-29,46,0.05
1994-04-30,40,0.043
1994-05-01,40,0.043
1994-05-02,47,0.051
1994-05-03,27,0.029
1994-05-04,25,0.027
1994-05-05,47,0.051
1994-05-06,77,0.063
1994-05-07,87,0.066
1994-05-08,43,0.046
1994-05-09,87,0.066
1994-05-10,51,0.055
1994-05-11,112,0.074
1994-05-12,51,0.055
1994-05-13,84,0.065
1994-05-14,44,0.047
1994-05-15,36,0.039
1994-05-16,50,0.054
1994-05-17,80,0.064
1994-05-18,67,0.06
1994-05-19,61,0.058
1994-05-20,43,0.046
1994-05-21,48,0.052
1994-05-22,93,0.068
1994-05-23,166,0.092
1994-05-24,169,0.093
1994-05-25,80,0.064
1994-05-26,45,0.049
1994-05-27,49,0.053
1994-05-28,80,0.064
1994-05-29,51,0.055
1994-05-30,51,0.055
1994-05-31,27,0.029
1994-06-01,58,0.057
1994-06-02,129,0.079
1994-06-03,133,0.08
1994-06-04,156,0.088
1994-06-05,45,0.049
1994-06-06,22,0.024
1994-06-07,37,0.04
1994-06-08,44,0.047
1994-06-09,54,0.056
1994-06-10,67,0.06
1994-06-11,100,0.07
1994-06-12,100,0.07
1994-06-15,31,0.033
1994-06-16,32,0.035
1994-06-17,38,0.041
1994-06-18,47,0.051
1994-06-19,34,0.037
1994-06-20,74,0.062
1994-06-21,48,0.052
1994-06-22,41,0.044
1994-06-23,40,0.043
1994-06-24,21,0.023
1994-06-25,58,0.057
1994-06-26,40,0.043
1994-06-27,34,0.037
1994-06-28,31,0.034
1994-06-29,15,0.016
1994-06-30,84,0.065
1994-07-01,182,0.098
1994-07-02,108,0.073
1994-07-03,30,0.032
1994-07-04,19,0.02
1994-07-05,22,0.024
1994-07-06,22,0.024
1994-07-07,19,0.02
1994-07-08,18,0.019
1994-07-09,28,0.03
1994-07-10,34,0.037
1994-07-11,26,0.028
1994-07-12,18,0.019
1994-07-13,16,0.017
1994-07-14,31,0.033
1994-07-15,19,0.021
1994-07-16,36,0.039
1994-07-17,36,0.039
1994-07-18,100,0.07
1994-07-19,34,0.037
1994-07-20,39,0.042
1994-07-21,48,0.052
1994-07-22,25,0.027
1994-07-23,77,0.063
1994-07-24,67,0.06
1994-07-25,35,0.038
1994-07-26,43,0.046
1994-07-27,17,0.018
1994-07-28,39,0.042
1994-07-29,61,0.058
1994-07-30,58,0.057
1994-07-31,33,0.036
1994-08-01,27,0.029
1994-08-02,40,0.043
1994-08-03,29,0.031
1994-08-04,30,0.032
1994-08-05,26,0.028
1994-08-06,39,0.042
1994-08-07,42,0.045
1994-08-08,87,0.066
1994-08-09,119,0.076
1994-08-10,80,0.064
1994-08-11,108,0.073
1994-08-12,20,0.022
1994-08-13,18,0.019
1994-08-14,28,0.03
1994-08-15,19,0.021
1994-08-16,6,0.006
1994-08-17,31,0.033
1994-08-18,32,0.035
1994-08-19,51,0.055
1994-08-20,47,0.051
1994-08-21,15,0.016
1994-08-22,46,0.05
1994-08-23,58,0.057
1994-08-24,48,0.052
1994-08-25,67,0.06
1994-08-26,105,0.072
1994-08-27,169,0.093
1994-08-28,64,0.059
1994-08-29,34,0.037
1994-08-30,119,0.076
1994-08-31,43,0.046
1994-09-01,47,0.051
1994-09-02,20,0.022
1994-09-03,23,0.025
1994-09-04,45,0.049
1994-09-05,50,0.054
1994-09-06,29,0.031
1994-09-07,64,0.059
1994-09-08,39,0.042
1994-09-09,41,0.044
1994-09-10,45,0.049
1994-09-11,54,0.056
1994-09-12,31,0.034
1994-09-13,36,0.039
1994-09-14,136,0.081
1994-09-15,90,0.067
1994-09-16,17,0.018
1994-09-17,20,0.022
1994-09-18,29,0.031
1994-09-19,39,0.042
1994-09-20,44,0.048
1994-09-21,29,0.031
1994-09-22,50,0.054
1994-09-23,19,0.02
1994-09-24,35,0.038
1994-09-25,50,0.054
1994-09-26,37,0.04
1994-09-27,31,0.034
1994-09-28,44,0.047
1994-09-29,34,0.037
1994-09-30,67,0.06
1994-10-01,41,0.044
1994-10-02,24,0.026
1994-10-03,19,0.02
1994-10-04,21,0.023
1994-10-05,26,0.028
1994-10-06,61,0.058
1994-10-07,54,0.056
1994-10-08,37,0.04
1994-10-09,24,0.026
1994-10-10,19,0.021
1994-10-11,28,0.03
1994-10-12,20,0.022
1994-10-13,15,0.016
1994-10-14,5,0.005
1994-10-15,35,0.038
1994-10-16,47,0.051
1994-10-17,46,0.05
1994-10-18,37,0.04
1994-10-19,21,0.023
1994-10-20,22,0.024
1994-10-21,43,0.046
1994-10-22,14,0.015
1994-10-23,32,0.035
1994-10-24,38,0.041
1994-10-25,26,0.028
1994-10-26,25,0.027
1994-10-27,27,0.029
1994-10-28,25,0.027
1994-10-29,19,0.02
1994-10-30,22,0.024
1994-10-31,12,0.013
1994-11-01,25,0.027
1994-11-02,16,0.017
1994-11-03,28,0.03
1994-11-04,43,0.046
1994-11-05,33,0.036
1994-11-06,23,0.025
1994-11-07,32,0.035
1994-11-08,30,0.032
1994-11-09,24,0.026
1994-11-10,20,0.022
1994-11-11,23,0.025
1994-11-12,32,0.035
1994-11-13,39,0.042
1994-11-14,35,0.038
1994-11-16,26,0.028
1994-11-17,31,0.033
1994-11-18,26,0.028
1994-11-19,41,0.044
1994-11-20,35,0.038
1994-11-21,11,0.012
1994-11-22,15,0.016
1994-11-23,24,0.026
1994-11-24,19,0.021
1994-11-25,6,0.007
1994-11-26,10,0.011
1994-11-27,8,0.009
1994-11-28,15,0.016
1994-11-29,3,0.003
1994-11-30,15,0.016
1995-03-01,3,0.003
1995-03-02,4,0.004
1995-03-03,3,0.003
1995-03-04,14,0.015
1995-03-05,8,0.009
1995-03-06,14,0.015
1995-03-07,33,0.036
1995-03-08,28,0.03
1995-03-09,28,0.03
1995-03-10,41,0.044
1995-03-11,58,0.057
1995-03-12,61,0.058
1995-03-13,58,0.057
1995-03-14,49,0.053
1995-03-15,49,0.053
1995-03-16,37,0.04
1995-03-17,7,0.008
1995-03-18,77,0.063
1995-03-19,67,0.06
1995-03-20,97,0.069
1995-03-21,44,0.048
1995-03-22,61,0.058
1995-03-23,51,0.055
1995-03-24,41,0.044
1995-03-25,87,0.066
1995-03-26,101,0.071
1995-03-27,20,0.022
1995-03-28,43,0.046
1995-03-29,41,0.044
1995-03-30,36,0.039
1995-03-31,35,0.038
1995-04-01,46,0.05
1995-04-02,54,0.056
1995-04-03,84,0.065
1995-04-04,51,0.055
1995-04-05,44,0.048
1995-04-06,51,0.055
1995-04-07,71,0.061
1995-04-08,105,0.072
1995-04-09,71,0.061
1995-04-10,71,0.061
1995-04-11,30,0.032
1995-04-12,19,0.02
1995-04-13,40,0.043
1995-04-14,47,0.051
1995-04-15,93,0.068
1995-04-16,87,0.066
1995-04-17,64,0.059
1995-04-18,46,0.05
1995-04-19,16,0.017
1995-04-20,40,0.043
1995-04-21,32,0.035
1995-04-22,19,0.021
1995-04-23,26,0.028
1995-04-24,28,0.03
1995-04-25,46,0.05
1995-04-26,105,0.072
1995-04-27,67,0.06
1995-04-28,44,0.047
1995-04-29,115,0.075
1995-04-30,50,0.054
1995-05-01,48,0.052
1995-05-02,22,0.024
1995-05-03,36,0.039
1995-05-04,37,0.04
1995-05-05,42,0.045
1995-05-06,119,0.076
1995-05-07,151,0.086
1995-05-08,67,0.06
1995-05-09,40,0.043
1995-05-10,40,0.043
1995-05-11,67,0.06
1995-05-12,80,0.064
1995-05-13,19,0.021
1995-05-14,31,0.034
1995-05-15,44,0.047
1995-05-16,151,0.086
1995-05-17,50,0.054
1995-05-18,30,0.032
1995-05-19,40,0.043
1995-05-20,87,0.066
1995-05-21,154,0.087
1995-05-22,112,0.074
1995-05-23,119,0.076
1995-05-24,58,0.057
1995-05-25,90,0.067
1995-05-26,126,0.078
1995-05-27,115,0.075
1995-05-28,42,0.045
1995-05-29,77,0.063
1995-05-30,43,0.046
1995-05-31,47,0.051
1995-06-01,37,0.04
1995-06-02,32,0.035
1995-06-03,159,0.089
1995-06-04,101,0.071
1995-06-05,21,0.023
1995-06-06,105,0.072
1995-06-07,77,0.063
1995-06-08,105,0.072
1995-06-09,172,0.094
1995-06-10,169,0.093
1995-06-11,49,0.053
1995-06-12,35,0.038
1995-06-13,50,0.054
1995-06-14,105,0.072
1995-06-15,105,0.072
1995-06-16,100,0.07
1995-06-17,97,0.069
1995-06-18,108,0.073
1995-06-19,29,0.031
1995-06-20,90,0.067
1995-06-21,58,0.057
1995-06-22,101,0.071
1995-06-23,201,0.106
1995-06-24,154,0.087
1995-06-25,46,0.05
1995-06-26,67,0.06
1995-06-27,112,0.074
1995-06-28,147,0.084
1995-06-29,80,0.064
1995-06-30,129,0.079
1995-07-01,41,0.044
1995-07-02,112,0.074
1995-07-03,126,0.078
1995-07-04,29,0.031
1995-07-05,36,0.039
1995-07-06,42,0.045
1995-07-07,105,0.072
1995-07-08,147,0.084
1995-07-09,174,0.095
1995-07-10,202,0.107
1995-07-11,210,0.115
1995-07-12,115,0.075
1995-07-13,108,0.073
1995-07-14,197,0.104
1995-07-15,216,0.12
1995-07-16,154,0.087
1995-07-17,67,0.06
1995-07-18,156,0.088
1995-07-19,200,0.105
1995-07-20,140,0.082
1995-07-21,77,0.063
1995-07-22,67,0.06
1995-07-23,47,0.051
1995-07-24,47,0.051
1995-07-25,46,0.05
1995-07-26,64,0.059
1995-07-27,54,0.056
1995-07-28,27,0.029
1995-07-29,29,0.031
1995-07-30,33,0.036
1995-07-31,36,0.039
1995-08-01,40,0.043
1995-08-02,32,0.035
1995-08-03,18,0.019
1995-08-04,31,0.033
1995-08-05,30,0.032
1995-08-06,25,0.027
1995-08-07,19,0.02
1995-08-08,24,0.026
1995-08-09,49,0.053
1995-08-10,164,0.091
1995-08-11,147,0.084
1995-08-12,200,0.105
1995-08-13,174,0.095
1995-08-14,174,0.095
1995-08-15,190,0.101
1995-08-16,182,0.098
1995-08-17,185,0.099
1995-08-18,222,0.126
1995-08-19,136,0.081
1995-08-20,61,0.058
1995-08-21,38,0.041
1995-08-22,143,0.083
1995-08-23,147,0.084
1995-08-24,18,0.019
1995-08-25,11,0.012
1995-08-26,10,0.011
1995-08-27,19,0.02
1995-08-28,28,0.03
1995-08-29,133,0.08
1995-08-30,133,0.08
1995-08-31,119,0.076
1995-09-01,87,0.066
1995-09-02,74,0.062
1995-09-03,58,0.057
1995-09-04,71,0.061
1995-09-05,71,0.061
1995-09-06,84,0.065
1995-09-07,64,0.059
1995-09-08,105,0.072
1995-09-09,140,0.082
1995-09-10,115,0.075
1995-09-11,48,0.052
1995-09-12,31,0.034
1995-09-13,37,0.04
1995-09-14,22,0.024
1995-09-15,51,0.055
1995-09-16,35,0.038
1995-09-17,41,0.044
1995-09-18,54,0.056
1995-09-19,44,0.048
1995-09-20,84,0.065
1995-09-21,25,0.027
1995-09-22,8,0.009
1995-09-23,10,0.011
1995-09-24,14,0.015
1995-09-25,8,0.009
1995-09-26,19,0.02
1995-09-27,46,0.05
1995-09-28,48,0.052
1995-09-29,93,0.068
1995-09-30,44,0.048
1995-10-01,30,0.032
1995-10-02,33,0.036
1995-10-03,22,0.024
1995-10-04,13,0.014
1995-10-11,28,0.03
1995-10-12,38,0.041
1995-10-13,14,0.015
1995-10-14,15,0.016
1995-10-15,31,0.033
1995-10-16,31,0.033
1995-10-17,43,0.046
1995-10-18,44,0.048
1995-10-19,39,0.042
1995-10-20,22,0.024
1995-10-21,31,0.034
1995-10-22,39,0.042
1995-10-23,42,0.045
1995-10-24,17,0.018
1995-10-25,21,0.023
1995-10-26,34,0.037
1995-10-27,22,0.024
1995-10-28,31,0.033
1995-10-29,24,0.026
1995-10-30,27,0.029
1995-10-31,10,0.011
1995-11-01,6,0.006
1995-11-02,3,0.003
1995-11-03,6,0.006
1995-11-04,20,0.022
1995-11-05,18,0.019
1995-11-06,18,0.019
1995-11-07,12,0.013
1995-11-08,13,0.014
1995-11-09,19,0.02
1995-11-10,31,0.034
1995-11-11,17,0.018
1995-11-12,19,0.02
1995-11-13,16,0.017
1995-11-14,9,0.01
1995-11-15,15,0.016
1995-11-16,16,0.017
1995-11-17,24,0.026
1995-11-18,30,0.032
1995-11-19,38,0.041
1995-11-20,10,0.011
1995-11-21,23,0.025
1995-11-22,19,0.02
1995-11-23,33,0.036
1995-11-24,7,0.008
1995-11-25,12,0.013
1995-11-26,29,0.031
1995-11-27,32,0.035
1995-11-28,31,0.033
1995-11-29,9,0.01
1995-11-30,10,0.011
1996-02-29,6,0.006
1996-03-01,9,0.01
1996-03-02,37,0.04
1996-03-03,31,0.034
1996-03-04,49,0.053
1996-03-05,47,0.051
1996-03-06,19,0.021
1996-03-07,19,0.02
1996-03-08,23,0.025
1996-03-09,25,0.027
1996-03-10,31,0.033
1996-03-11,34,0.037
1996-03-12,33,0.036
1996-03-13,67,0.06
1996-03-14,32,0.035
1996-03-15,24,0.026
1996-03-16,31,0.034
1996-03-17,39,0.042
1996-03-18,31,0.034
1996-03-19,26,0.028
1996-03-20,24,0.026
1996-03-21,30,0.032
1996-03-22,39,0.042
1996-03-23,37,0.04
1996-03-24,80,0.064
1996-03-25,29,0.031
1996-03-26,21,0.023
1996-03-27,17,0.018
1996-03-28,11,0.012
1996-03-29,13,0.014
1996-03-30,31,0.033
1996-03-31,27,0.029
1996-04-01,28,0.03
1996-04-02,30,0.032
1996-04-03,74,0.062
1996-04-04,50,0.054
1996-04-05,23,0.025
1996-04-06,20,0.022
1996-04-07,39,0.042
1996-04-08,45,0.049
1996-04-09,40,0.043
1996-04-10,32,0.035
1996-04-11,61,0.058
1996-04-12,74,0.062
1996-04-13,36,0.039
1996-04-14,61,0.058
1996-04-15,41,0.044
1996-04-16,40,0.043
1996-04-17,67,0.06
1996-04-18,58,0.057
1996-04-19,30,0.032
1996-04-20,31,0.033
1996-04-21,43,0.046
1996-04-22,43,0.046
1996-04-23,34,0.037
1996-04-24,35,0.038
1996-04-25,64,0.059
1996-04-26,42,0.045
1996-04-27,38,0.041
1996-04-28,3,0.003
1996-04-29,34,0.037
1996-04-30,38,0.041
1996-05-01,44,0.047
1996-05-02,80,0.064
1996-05-03,74,0.062
1996-05-04,35,0.038
1996-05-05,33,0.036
1996-05-06,35,0.038
1996-05-07,47,0.051
1996-05-08,58,0.057
1996-05-09,48,0.052
1996-05-10,45,0.049
1996-05-11,28,0.03
1996-05-12,47,0.051
1996-05-13,43,0.046
1996-05-14,51,0.055
1996-05-15,51,0.055
1996-05-16,50,0.054
1996-05-17,50,0.054
1996-05-18,90,0.067
1996-05-19,93,0.068
1996-05-20,71,0.061
1996-05-21,71,0.061
1996-05-22,101,0.071
1996-05-23,147,0.084
1996-05-24,192,0.102
1996-05-25,119,0.076
1996-05-26,93,0.068
1996-05-27,33,0.036
1996-05-28,31,0.033
1996-05-29,39,0.042
1996-05-30,67,0.06
1996-05-31,97,0.069
1996-06-01,84,0.065
1996-06-02,50,0.054
1996-06-03,49,0.053
1996-06-04,50,0.054
1996-06-05,87,0.066
1996-06-06,192,0.102
1996-06-07,47,0.051
1996-06-08,29,0.031
1996-06-09,46,0.05
1996-06-10,50,0.054
1996-06-11,67,0.06
1996-06-12,67,0.06
1996-06-13,31,0.034
1996-06-14,54,0.056
1996-06-15,161,0.09
1996-06-16,64,0.059
1996-06-17,47,0.051
1996-06-18,39,0.042
1996-06-19,44,0.048
1996-06-20,108,0.073
1996-06-21,166,0.092
1996-06-22,136,0.081
1996-06-23,169,0.093
1996-06-24,64,0.059
1996-06-25,32,0.035
1996-06-26,143,0.083
1996-06-27,39,0.042
1996-06-28,115,0.075
1996-06-29,156,0.088
1996-06-30,201,0.106
1996-07-01,154,0.087
1996-07-02,122,0.077
1996-07-03,122,0.077
1996-07-04,166,0.092
1996-07-05,71,0.061
1996-07-06,169,0.093
1996-07-07,51,0.055
1996-07-08,41,0.044
1996-07-09,67,0.06
1996-07-10,187,0.1
1996-07-11,74,0.062
1996-07-12,44,0.048
1996-07-13,54,0.056
1996-07-14,54,0.056
1996-07-15,24,0.026
1996-07-16,44,0.048
1996-07-17,43,0.046
1996-07-18,44,0.048
1996-07-19,47,0.051
1996-07-20,38,0.041
1996-07-21,32,0.035
1996-07-22,46,0.05
1996-07-23,71,0.061
1996-07-24,151,0.086
1996-07-25,34,0.037
1996-07-26,39,0.042
1996-07-27,26,0.028
1996-07-28,18,0.019
1996-07-29,45,0.049
1996-07-30,43,0.046
1996-07-31,20,0.022
1996-08-01,38,0.041
1996-08-02,112,0.074
1996-08-03,45,0.049
1996-08-04,44,0.047
1996-08-05,48,0.052
1996-08-06,47,0.051
1996-08-07,51,0.055
1996-08-08,45,0.049
1996-08-09,74,0.062
1996-08-10,51,0.055
1996-08-11,32,0.035
1996-08-12,33,0.036
1996-08-13,45,0.049
1996-08-14,51,0.055
1996-08-15,115,0.075
1996-08-16,140,0.082
1996-08-17,64,0.059
1996-08-18,119,0.076
1996-08-19,47,0.051
1996-08-20,64,0.059
1996-08-21,84,0.065
1996-08-22,161,0.09
1996-08-23,195,0.103
1996-08-24,187,0.1
1996-08-25,119,0.076
1996-08-26,108,0.073
1996-08-27,28,0.03
1996-08-28,44,0.048
1996-08-29,74,0.062
1996-08-30,50,0.054
1996-08-31,44,0.048
1996-09-01,44,0.047
1996-09-02,24,0.026
1996-09-03,30,0.032
1996-09-04,40,0.043
1996-09-05,25,0.027
1996-09-06,45,0.049
1996-09-07,97,0.069
1996-09-08,77,0.063
1996-09-09,36,0.039
1996-09-10,13,0.014
1996-09-11,32,0.035
1996-09-12,77,0.063
1996-09-13,39,0.042
1996-09-14,37,0.04
1996-09-15,87,0.066
1996-09-16,19,0.021
1996-09-17,33,0.036
1996-09-18,33,0.036
1996-09-19,46,0.05
1996-09-20,58,0.057
1996-09-21,43,0.046
1996-09-22,42,0.045
1996-09-23,48,0.052
1996-09-24,54,0.056
1996-09-25,112,0.074
1996-09-26,45,0.049
1996-09-27,24,0.026
1996-09-28,16,0.017
1996-09-29,21,0.023
1996-09-30,16,0.017
1996-10-01,13,0.014
1996-10-02,6,0.007
1996-10-03,25,0.027
1996-10-04,32,0.035
1996-10-05,34,0.037
1996-10-06,27,0.029
1996-10-07,18,0.019
1996-10-08,21,0.023
1996-10-09,24,0.026
1996-10-10,31,0.034
1996-10-11,40,0.043
1996-10-12,44,0.048
1996-10-13,51,0.055
1996-10-14,37,0.04
1996-10-15,93,0.068
1996-10-16,38,0.041
1996-10-17,39,0.042
1996-10-18,19,0.02
1996-10-19,31,0.033
1996-10-20,29,0.031
1996-10-21,32,0.035
1996-10-22,47,0.051
1996-10-23,26,0.028
1996-10-24,29,0.031
1996-10-25,22,0.024
1996-10-26,30,0.032
1996-10-27,25,0.027
1996-10-28,17,0.018
1996-10-29,19,0.02
1996-10-30,22,0.024
1996-10-31,21,0.023
1997-03-31,24,0.026
1997-04-01,40,0.043
1997-04-02,42,0.045
1997-04-03,84,0.065
1997-04-04,97,0.069
1997-04-05,49,0.053
1997-04-06,26,0.028
1997-04-07,35,0.038
1997-04-08,36,0.039
1997-04-09,45,0.049
1997-04-10,43,0.046
1997-04-11,54,0.056
1997-04-12,29,0.031
1997-04-13,39,0.042
1997-04-14,45,0.049
1997-04-15,51,0.055
1997-04-16,97,0.069
1997-04-17,42,0.045
1997-04-18,41,0.044
1997-04-19,90,0.067
1997-04-20,49,0.053
1997-04-21,36,0.039
1997-04-22,41,0.044
1997-04-23,36,0.039
1997-04-24,50,0.054
1997-04-25,44,0.047
1997-04-26,45,0.049
1997-04-27,34,0.037
1997-04-28,22,0.024
1997-04-29,24,0.026
1997-04-30,49,0.053
1997-05-01,44,0.047
1997-05-02,71,0.061
1997-05-03,42,0.045
1997-05-04,51,0.055
1997-05-05,80,0.064
1997-05-06,84,0.065
1997-05-07,93,0.068
1997-05-08,74,0.062
1997-05-09,40,0.043
1997-05-10,45,0.049
1997-05-11,61,0.058
1997-05-12,77,0.063
1997-05-13,43,0.046
1997-05-14,71,0.061
1997-05-15,49,0.053
1997-05-16,50,0.054
1997-05-17,87,0.066
1997-05-18,87,0.066
1997-05-19,31,0.033
1997-05-20,37,0.04
1997-05-21,36,0.039
1997-05-22,101,0.071
1997-05-23,93,0.068
1997-05-24,37,0.04
1997-05-25,28,0.03
1997-05-26,33,0.036
1997-05-27,32,0.035
1997-05-28,38,0.041
1997-05-29,12,0.013
1997-05-30,19,0.02
1997-05-31,35,0.038
1997-06-01,40,0.043
1997-06-02,47,0.051
1997-06-03,38,0.041
1997-06-04,33,0.036
1997-06-05,29,0.031
1997-06-06,33,0.036
1997-06-07,22,0.024
1997-06-08,31,0.034
1997-06-09,40,0.043
1997-06-10,64,0.059
1997-06-11,25,0.027
1997-06-12,38,0.041
1997-06-13,64,0.059
1997-06-14,39,0.042
1997-06-15,50,0.054
1997-06-16,36,0.039
1997-06-17,16,0.017
1997-06-18,25,0.027
1997-06-19,93,0.068
1997-06-20,133,0.08
1997-06-21,35,0.038
1997-06-22,37,0.04
1997-06-23,64,0.059
1997-06-24,48,0.052
1997-06-25,37,0.04
1997-06-26,23,0.025
1997-06-27,27,0.029
1997-06-28,44,0.048
1997-06-29,37,0.04
1997-06-30,49,0.053
1997-07-01,40,0.043
1997-07-02,122,0.077
1997-07-03,147,0.084
1997-07-04,133,0.08
1997-07-05,71,0.061
1997-07-06,119,0.076
1997-07-07,23,0.025
1997-07-08,67,0.06
1997-07-09,44,0.048
1997-07-10,100,0.07
1997-07-11,71,0.061
1997-07-12,87,0.066
1997-07-13,87,0.066
1997-07-14,154,0.087
1997-07-15,115,0.075
1997-07-16,84,0.065
1997-07-17,93,0.068
1997-07-18,112,0.074
1997-07-19,156,0.088
1997-07-20,33,0.036
1997-07-21,40,0.043
1997-07-22,29,0.031
1997-07-23,31,0.033
1997-07-24,46,0.05
1997-07-25,119,0.076
1997-07-26,174,0.095
1997-07-27,190,0.101
1997-07-28,161,0.09
1997-07-29,80,0.064
1997-07-30,43,0.046
1997-07-31,37,0.04
1997-08-01,74,0.062
1997-08-02,51,0.055
1997-08-03,34,0.037
1997-08-04,119,0.076
1997-08-05,77,0.063
1997-08-06,71,0.061
1997-08-07,41,0.044
1997-08-08,58,0.057
1997-08-09,35,0.038
1997-08-10,30,0.032
1997-08-11,35,0.038
1997-08-12,67,0.06
1997-08-13,22,0.024
1997-08-14,40,0.043
1997-08-15,41,0.044
1997-08-16,42,0.045
1997-08-17,37,0.04
1997-08-18,23,0.025
1997-08-19,129,0.079
1997-08-20,31,0.033
1997-08-21,41,0.044
1997-08-22,40,0.043
1997-08-23,49,0.053
1997-08-24,71,0.061
1997-08-25,115,0.075
1997-08-26,108,0.073
1997-08-27,97,0.069
1997-08-28,87,0.066
1997-08-29,100,0.07
1997-08-30,126,0.078
1997-08-31,77,0.063
1997-09-01,54,0.056
1997-09-02,50,0.054
1997-09-03,64,0.059
1997-09-04,48,0.052
1997-09-05,80,0.064
1997-09-06,100,0.07
1997-09-07,169,0.093
1997-09-08,166,0.092
1997-09-09,58,0.057
1997-09-10,31,0.034
1997-09-11,47,0.051
1997-09-12,74,0.062
1997-09-13,115,0.075
1997-09-14,154,0.087
1997-09-15,126,0.078
1997-09-16,115,0.075
1997-09-17,100,0.07
1997-09-18,51,0.055
1997-09-19,140,0.082
1997-09-20,84,0.065
1997-09-21,58,0.057
1997-09-22,24,0.026
1997-09-23,38,0.041
1997-09-24,19,0.021
1997-09-25,6,0.007
1997-09-26,17,0.018
1997-09-27,31,0.033
1997-09-28,11,0.012
1997-09-29,31,0.034
1997-09-30,45,0.049
1997-10-01,37,0.04
1997-10-02,33,0.036
1997-10-03,54,0.056
1997-10-04,67,0.06
1997-10-05,38,0.041
1997-10-06,37,0.04
1997-10-07,46,0.05
1997-10-08,67,0.06
1997-10-09,43,0.046
1997-10-10,50,0.054
1997-10-11,45,0.049
1997-10-12,42,0.045
1997-10-13,37,0.04
1997-10-14,6,0.007
1997-10-15,6,0.007
1997-10-16,17,0.018
1997-10-17,19,0.02
1997-10-18,21,0.023
1997-10-19,26,0.028
1997-10-20,34,0.037
1997-10-21,33,0.036
1997-10-22,18,0.019
1997-10-23,28,0.03
1997-10-24,26,0.028
1997-10-25,19,0.021
1997-10-26,14,0.015
1997-10-27,15,0.016
1997-10-28,17,0.018
1997-10-29,15,0.016
1997-10-30,26,0.028
1997-10-31,22,0.024
1998-05-21,129,0.079
1998-05-22,129,0.079
1998-05-23,90,0.067
1998-05-24,58,0.057
1998-05-25,58,0.057
1998-05-26,21,0.023
1998-05-27,43,0.046
1998-05-28,112,0.074
1998-05-29,164,0.091
1998-05-30,61,0.058
1998-05-31,43,0.046
1998-06-01,97,0.069
1998-06-02,108,0.073
1998-06-03,97,0.069
1998-06-04,23,0.025
1998-06-05,40,0.043
1998-06-06,31,0.033
1998-06-07,54,0.056
1998-06-08,100,0.07
1998-06-09,42,0.045
1998-06-10,33,0.036
1998-06-11,44,0.047
1998-06-12,35,0.038
1998-06-13,67,0.06
1998-06-14,47,0.051
1998-06-15,50,0.054
1998-06-16,35,0.038
1998-06-17,133,0.08
1998-06-18,84,0.065
1998-06-19,19,0.02
1998-06-20,140,0.082
1998-06-21,101,0.071
1998-06-22,100,0.07
1998-06-23,115,0.075
1998-06-24,119,0.076
1998-06-25,207,0.112
1998-06-26,210,0.115
1998-06-27,179,0.097
1998-06-28,100,0.07
1998-06-29,51,0.055
1998-06-30,48,0.052
1998-07-01,80,0.064
1998-07-02,90,0.067
1998-07-03,151,0.086
1998-07-04,67,0.06
1998-07-05,74,0.062
1998-07-06,119,0.076
1998-07-07,136,0.081
1998-07-08,46,0.05
1998-07-09,136,0.081
1998-07-10,133,0.08
1998-07-11,166,0.092
1998-07-12,61,0.058
1998-07-13,93,0.068
1998-07-14,77,0.063
1998-07-15,101,0.071
1998-07-16,51,0.055
1998-07-17,143,0.083
1998-07-18,161,0.09
1998-07-19,213,0.117
1998-07-20,200,0.105
1998-07-21,49,0.053
1998-07-22,41,0.044
1998-07-23,44,0.047
1998-07-24,80,0.064
1998-07-25,80,0.064
1998-07-26,101,0.071
1998-07-27,24,0.026
1998-07-28,61,0.058
1998-07-29,50,0.054
1998-07-30,71,0.061
1998-07-31,36,0.039
1998-08-01,77,0.063
1998-08-02,74,0.062
1998-08-03,101,0.071
1998-08-04,112,0.074
1998-08-05,159,0.089
1998-08-06,156,0.088
1998-08-07,67,0.06
1998-08-08,39,0.042
1998-08-09,32,0.035
1998-08-10,87,0.066
1998-08-11,64,0.059
1998-08-12,61,0.058
1998-08-13,93,0.068
1998-08-14,42,0.045
1998-08-15,45,0.049
1998-08-16,29,0.031
1998-08-17,34,0.037
1998-08-18,61,0.058
1998-08-19,101,0.071
1998-08-20,36,0.039
1998-08-21,108,0.073
1998-08-22,164,0.091
1998-08-23,187,0.1
1998-08-24,100,0.07
1998-08-25,122,0.077
1998-08-26,161,0.09
1998-08-27,185,0.099
1998-08-28,208,0.113
1998-08-29,177,0.096
1998-08-30,154,0.087
1998-08-31,93,0.068
1998-09-01,90,0.067
1998-09-02,28,0.03
1998-09-03,6,0.006
1998-09-04,112,0.074
1998-09-05,150,0.085
1998-09-06,108,0.073
1998-09-07,115,0.075
1998-09-08,67,0.06
1998-09-09,58,0.057
1998-09-10,90,0.067
1998-09-11,119,0.076
1998-09-12,200,0.105
1998-09-13,187,0.1
1998-09-14,2,0.002
1998-09-15,30,0.032
1998-09-16,45,0.049
1998-09-17,58,0.057
1998-09-18,45,0.049
1998-09-19,19,0.021
1998-09-20,26,0.028
1998-09-21,5,0.005
1998-09-22,36,0.039
1998-09-23,58,0.057
1998-09-24,51,0.055
1998-09-25,93,0.068
1998-09-26,40,0.043
1998-09-27,23,0.025
1998-09-28,16,0.017
1998-09-29,7,0.008
1998-09-30,10,0.011
1998-10-01,41,0.044
1998-10-02,54,0.056
1998-10-03,29,0.031
1998-10-04,44,0.048
1998-10-05,27,0.029
1998-10-06,19,0.021
1998-10-07,27,0.029
1998-10-08,17,0.018
1998-10-09,29,0.031
1998-10-10,46,0.05
1998-10-11,58,0.057
1998-10-12,87,0.066
1998-10-13,58,0.057
1998-10-14,23,0.025
1998-10-15,58,0.057
1998-10-16,101,0.071
1998-10-17,74,0.062
1998-10-18,46,0.05
1998-10-19,24,0.026
1998-10-20,13,0.014
1998-10-21,24,0.026
1998-10-22,26,0.028
1998-10-23,28,0.03
1998-10-24,33,0.036
1998-10-25,29,0.031
1998-10-26,19,0.021
1998-10-27,31,0.033
1998-10-28,48,0.052
1998-10-29,41,0.044
1998-10-30,43,0.046
1998-10-31,37,0.04
1999-03-31,2,0.002
1999-04-01,38,0.041
1999-04-02,71,0.061
1999-04-03,71,0.061
1999-04-04,35,0.038
1999-04-05,54,0.056
1999-04-06,30,0.032
1999-04-07,42,0.045
1999-04-08,28,0.03
1999-04-09,25,0.027
1999-04-10,44,0.047
1999-04-11,61,0.058
1999-04-12,46,0.05
1999-04-13,38,0.041
1999-04-14,80,0.064
1999-04-15,42,0.045
1999-04-16,43,0.046
1999-04-17,45,0.049
1999-04-18,40,0.043
1999-04-19,58,0.057
1999-04-20,71,0.061
1999-04-21,80,0.064
1999-04-22,97,0.069
1999-04-23,27,0.029
1999-04-24,47,0.051
1999-04-25,30,0.032
1999-04-26,20,0.022
1999-04-27,25,0.027
1999-04-28,28,0.03
1999-04-29,31,0.034
1999-04-30,33,0.036
1999-05-01,50,0.054
1999-05-02,93,0.068
1999-05-03,108,0.073
1999-05-04,115,0.075
1999-05-05,,0.048
1999-05-06,11,0.012
1999-05-07,35,0.038
1999-05-08,84,0.065
1999-05-09,101,0.071
1999-05-10,129,0.079
1999-05-11,101,0.071
1999-05-12,51,0.055
1999-05-13,35,0.038
1999-05-14,45,0.049
1999-05-15,44,0.048
1999-05-16,71,0.061
1999-05-17,71,0.061
1999-05-18,71,0.061
1999-05-19,50,0.054
1999-05-20,119,0.076
1999-05-21,84,0.065
1999-05-22,61,0.058
1999-05-23,54,0.056
1999-05-24,44,0.048
1999-05-25,44,0.048
1999-05-26,33,0.036
1999-05-27,108,0.073
1999-05-28,136,0.081
1999-05-29,97,0.069
1999-05-30,58,0.057
1999-05-31,47,0.051
1999-06-01,45,0.049
1999-06-02,48,0.052
1999-06-03,36,0.039
1999-06-04,47,0.051
1999-06-05,90,0.067
1999-06-06,84,0.065
1999-06-07,61,0.058
1999-06-08,192,0.102
1999-06-09,136,0.081
1999-06-10,67,0.06
1999-06-11,24,0.026
1999-06-12,49,0.053
1999-06-13,71,0.061
1999-06-14,44,0.047
1999-06-15,45,0.049
1999-06-16,23,0.025
1999-06-17,71,0.061
1999-06-18,77,0.063
1999-06-19,87,0.066
1999-06-20,42,0.045
1999-06-21,45,0.049
1999-06-22,49,0.053
1999-06-23,38,0.041
1999-06-24,22,0.024
1999-06-25,44,0.048
1999-06-26,14,0.015
1999-06-27,18,0.019
1999-06-28,18,0.019
1999-06-29,30,0.032
1999-06-30,35,0.038
1999-07-01,33,0.036
1999-07-02,22,0.024
1999-07-03,30,0.032
1999-07-04,31,0.033
1999-07-05,105,0.072
1999-07-06,112,0.074
1999-07-07,43,0.046
1999-07-08,49,0.053
1999-07-09,36,0.039
1999-07-10,33,0.036
1999-07-11,22,0.024
1999-07-12,7,0.008
1999-07-13,26,0.028
1999-07-14,58,0.057
1999-07-15,45,0.049
1999-07-16,87,0.066
1999-07-17,44,0.047
1999-07-18,151,0.086
1999-07-19,93,0.068
1999-07-20,169,0.093
1999-07-21,108,0.073
1999-07-22,126,0.078
1999-07-23,202,0.107
1999-07-24,136,0.081
1999-07-25,161,0.09
1999-07-26,136,0.081
1999-07-27,147,0.084
1999-07-28,147,0.084
1999-07-29,140,0.082
1999-07-30,223,0.127
1999-07-31,205,0.11
1999-08-01,151,0.086
1999-08-02,100,0.07
1999-08-03,140,0.082
1999-08-04,207,0.112
1999-08-05,159,0.089
1999-08-06,161,0.09
1999-08-07,197,0.104
1999-08-08,77,0.063
1999-08-09,108,0.073
1999-08-10,115,0.075
1999-08-11,147,0.084
1999-08-12,215,0.119
1999-08-13,129,0.079
1999-08-14,126,0.078
1999-08-15,105,0.072
1999-08-16,154,0.087
1999-08-17,201,0.106
1999-08-18,201,0.106
1999-08-19,207,0.112
1999-08-20,112,0.074
1999-08-21,161,0.09
1999-08-22,174,0.095
1999-08-23,97,0.069
1999-08-24,29,0.031
1999-08-25,27,0.029
1999-08-26,90,0.067
1999-08-27,115,0.075
1999-08-28,112,0.074
1999-08-29,115,0.075
1999-08-30,169,0.093
1999-08-31,74,0.062
1999-09-01,159,0.089
1999-09-02,182,0.098
1999-09-03,115,0.075
1999-09-04,169,0.093
1999-09-05,161,0.09
1999-09-06,129,0.079
1999-09-07,105,0.072
1999-09-08,166,0.092
1999-09-09,37,0.04
1999-09-10,71,0.061
1999-09-11,143,0.083
1999-09-12,126,0.078
1999-09-13,156,0.088
1999-09-14,151,0.086
1999-09-15,51,0.055
1999-09-16,51,0.055
1999-09-17,87,0.066
1999-09-18,101,0.071
1999-09-19,44,0.048
1999-09-20,18,0.019
1999-09-21,32,0.035
1999-09-22,33,0.036
1999-09-23,54,0.056
1999-09-24,58,0.057
1999-09-25,161,0.09
1999-09-26,46,0.05
1999-09-27,14,0.015
1999-09-28,15,0.016
1999-09-29,16,0.017
1999-09-30,30,0.032
1999-10-01,67,0.06
1999-10-02,87,0.066
1999-10-03,43,0.046
1999-10-04,16,0.017
1999-10-05,20,0.022
1999-10-06,41,0.044
1999-10-07,64,0.059
1999-10-08,37,0.04
1999-10-09,26,0.028
1999-10-10,17,0.018
1999-10-11,16,0.017
1999-10-12,18,0.019
1999-10-13,2,0.002
1999-10-14,24,0.026
1999-10-15,36,0.039
1999-10-16,37,0.04
1999-10-17,42,0.045
1999-10-18,15,0.016
1999-10-19,13,0.014
1999-10-20,2,0.002
1999-10-21,19,0.02
1999-10-22,42,0.045
1999-10-23,19,0.021
1999-10-24,22,0.024
1999-10-25,25,0.027
1999-10-26,28,0.03
1999-10-27,40,0.043
1999-10-28,51,0.055
1999-10-29,61,0.058
1999-10-30,40,0.043
1999-10-31,31,0.034
2000-02-29,2,0.002
2000-03-01,31,0.034
2000-03-02,27,0.029
2000-03-03,31,0.034
2000-03-04,13,0.014
2000-03-05,32,0.035
2000-03-06,33,0.036
2000-03-07,77,0.063
2000-03-08,105,0.072
2000-03-09,31,0.033
2000-03-10,17,0.018
2000-03-11,20,0.022
2000-03-12,32,0.035
2000-03-13,23,0.025
2000-03-14,42,0.045
2000-03-15,32,0.035
2000-03-16,15,0.016
2000-03-17,19,0.02
2000-03-18,27,0.029
2000-03-19,26,0.028
2000-03-20,30,0.032
2000-03-21,21,0.023
2000-03-22,35,0.038
2000-03-23,38,0.041
2000-03-24,41,0.044
2000-03-25,44,0.047
2000-03-26,43,0.046
2000-03-27,11,0.012
2000-03-28,44,0.048
2000-03-29,14,0.015
2000-03-30,30,0.032
2000-03-31,2,0.002
2000-04-01,32,0.035
2000-04-02,19,0.021
2000-04-03,21,0.023
2000-04-04,36,0.039
2000-04-05,44,0.048
2000-04-06,54,0.056
2000-04-07,44,0.047
2000-04-08,25,0.027
2000-04-09,38,0.041
2000-04-10,46,0.05
2000-04-11,54,0.056
2000-04-12,24,0.026
2000-04-13,18,0.019
2000-04-14,14,0.015
2000-04-15,23,0.025
2000-04-16,44,0.047
2000-04-17,43,0.046
2000-04-18,32,0.035
2000-04-19,42,0.045
2000-04-20,77,0.063
2000-04-21,34,0.037
2000-04-22,44,0.047
2000-04-23,40,0.043
2000-04-24,28,0.03
2000-04-25,21,0.023
2000-04-26,38,0.041
2000-04-27,84,0.065
2000-04-28,41,0.044
2000-04-29,87,0.066
2000-04-30,126,0.078
2000-05-01,101,0.071
2000-05-02,84,0.065
2000-05-03,67,0.06
2000-05-04,51,0.055
2000-05-05,61,0.058
2000-05-06,50,0.054
2000-05-07,71,0.061
2000-05-08,54,0.056
2000-05-09,51,0.055
2000-05-10,41,0.044
2000-05-11,61,0.058
2000-05-12,40,0.043
2000-05-13,50,0.054
2000-05-14,97,0.069
2000-05-15,87,0.066
2000-05-16,115,0.075
2000-05-17,87,0.066
2000-05-18,90,0.067
2000-05-19,48,0.052
2000-05-20,48,0.052
2000-05-21,38,0.041
2000-05-22,51,0.055
2000-05-23,47,0.051
2000-05-24,42,0.045
2000-05-25,37,0.04
2000-05-26,36,0.039
2000-05-27,33,0.036
2000-05-28,44,0.048
2000-05-29,42,0.045
2000-05-30,80,0.064
2000-05-31,119,0.076
2000-06-01,201,0.106
2000-06-02,136,0.081
2000-06-03,150,0.085
2000-06-04,33,0.036
2000-06-05,18,0.019
2000-06-06,42,0.045
2000-06-07,90,0.067
2000-06-08,101,0.071
2000-06-09,161,0.09
2000-06-10,112,0.074
2000-06-11,93,0.068
2000-06-12,80,0.064
2000-06-13,44,0.048
2000-06-14,46,0.05
2000-06-15,35,0.038
2000-06-16,26,0.028
2000-06-17,29,0.031
2000-06-18,44,0.047
2000-06-19,40,0.043
2000-06-20,43,0.046
2000-06-21,71,0.061
2000-06-22,37,0.04
2000-06-23,115,0.075
2000-06-24,112,0.074
2000-06-25,43,0.046
2000-06-26,71,0.061
2000-06-27,49,0.053
2000-06-28,24,0.026
2000-06-29,16,0.017
2000-06-30,108,0.073
2000-07-01,115,0.075
2000-07-02,74,0.062
2000-07-03,122,0.077
2000-07-04,101,0.071
2000-07-05,51,0.055
2000-07-06,150,0.085
2000-07-07,129,0.079
2000-07-08,67,0.06
2000-07-09,74,0.062
2000-07-10,115,0.075
2000-07-11,105,0.072
2000-07-12,84,0.065
2000-07-13,159,0.089
2000-07-14,129,0.079
2000-07-15,84,0.065
2000-07-16,136,0.081
2000-07-17,126,0.078
2000-07-18,206,0.111
2000-07-19,119,0.076
2000-07-20,126,0.078
2000-07-21,150,0.085
2000-07-22,164,0.091
2000-07-23,47,0.051
2000-07-24,97,0.069
2000-07-25,30,0.032
2000-07-26,97,0.069
2000-07-27,126,0.078
2000-07-28,202,0.107
2000-07-29,93,0.068
2000-07-30,58,0.057
2000-07-31,34,0.037
2000-08-01,33,0.036
2000-08-02,27,0.029
2000-08-03,40,0.043
2000-08-04,51,0.055
2000-08-05,150,0.085
2000-08-06,87,0.066
2000-08-07,42,0.045
2000-08-08,58,0.057
2000-08-09,71,0.061
2000-08-10,205,0.11
2000-08-11,77,0.063
2000-08-12,87,0.066
2000-08-13,101,0.071
2000-08-14,154,0.087
2000-08-15,136,0.081
2000-08-16,164,0.091
2000-08-17,232,0.135
2000-08-18,133,0.08
2000-08-19,195,0.103
2000-08-20,71,0.061
2000-08-21,43,0.046
2000-08-22,90,0.067
2000-08-23,154,0.087
2000-08-24,129,0.079
2000-08-25,74,0.062
2000-08-26,143,0.083
2000-08-27,35,0.038
2000-08-28,108,0.073
2000-08-29,105,0.072
2000-08-30,71,0.061
2000-08-31,24,0.026
2000-09-01,31,0.034
2000-09-02,35,0.038
2000-09-03,32,0.035
2000-09-04,48,0.052
2000-09-05,33,0.036
2000-09-06,17,0.018
2000-09-07,18,0.019
2000-09-08,20,0.022
2000-09-09,33,0.036
2000-09-10,36,0.039
2000-09-11,40,0.043
2000-09-12,97,0.069
2000-09-13,51,0.055
2000-09-14,54,0.056
2000-09-15,46,0.05
2000-09-16,47,0.051
2000-09-17,41,0.044
2000-09-18,21,0.023
2000-09-19,58,0.057
2000-09-20,31,0.033
2000-09-21,5,0.005
2000-09-22,7,0.008
2000-09-23,21,0.023
2000-09-24,31,0.033
2000-09-25,19,0.021
2000-09-26,21,0.023
2000-09-27,29,0.031
2000-09-28,40,0.043
2000-09-29,46,0.05
2000-09-30,38,0.041
2000-10-01,34,0.037
2000-10-02,34,0.037
2000-10-03,84,0.065
2000-10-04,64,0.059
2000-10-05,38,0.041
2000-10-06,13,0.014
2000-10-07,21,0.023
2000-10-08,20,0.022
2000-10-09,20,0.022
2000-10-10,17,0.018
2000-10-11,20,0.022
2000-10-12,40,0.043
2000-10-13,37,0.04
2000-10-14,36,0.039
2000-10-15,48,0.052
2000-10-16,44,0.048
2000-10-17,44,0.047
2000-10-18,35,0.038
2000-10-19,42,0.045
2000-10-20,48,0.052
2000-10-21,49,0.053
2000-10-22,47,0.051
2000-10-23,90,0.067
2000-10-24,43,0.046
2000-10-25,90,0.067
2000-10-26,50,0.054
2000-10-27,48,0.052
2000-10-28,61,0.058
2000-10-29,43,0.046
2000-10-30,28,0.03
2000-10-31,23,0.025
2001-02-28,2,0.002
2001-03-01,22,0.024
2001-03-02,9,0.01
2001-03-03,19,0.02
2001-03-04,24,0.026
2001-03-05,31,0.034
2001-03-06,31,0.034
2001-03-07,26,0.028
2001-03-08,39,0.042
2001-03-09,11,0.012
2001-03-10,42,0.045
2001-03-11,61,0.058
2001-03-12,23,0.025
2001-03-13,41,0.044
2001-03-14,35,0.038
2001-03-15,29,0.031
2001-03-16,40,0.043
2001-03-17,31,0.034
2001-03-18,42,0.045
2001-03-19,36,0.039
2001-03-20,32,0.035
2001-03-21,19,0.02
2001-03-22,34,0.037
2001-03-23,36,0.039
2001-03-24,54,0.056
2001-03-25,40,0.043
2001-03-26,32,0.035
2001-03-27,35,0.038
2001-03-28,39,0.042
2001-03-29,17,0.018
2001-03-30,24,0.026
2001-03-31,29,0.031
2001-04-01,42,0.045
2001-04-02,46,0.05
2001-04-03,28,0.03
2001-04-04,32,0.035
2001-04-05,37,0.04
2001-04-06,45,0.049
2001-04-07,44,0.048
2001-04-08,40,0.043
2001-04-09,39,0.042
2001-04-10,93,0.068
2001-04-11,42,0.045
2001-04-12,33,0.036
2001-04-13,20,0.022
2001-04-14,58,0.057
2001-04-15,38,0.041
2001-04-16,43,0.046
2001-04-17,31,0.034
2001-04-18,31,0.034
2001-04-19,48,0.052
2001-04-20,93,0.068
2001-04-21,71,0.061
2001-04-22,51,0.055
2001-04-23,44,0.047
2001-04-24,24,0.026
2001-04-25,35,0.038
2001-04-26,48,0.052
2001-04-27,90,0.067
2001-04-28,87,0.066
2001-04-29,74,0.062
2001-04-30,74,0.062
2001-05-01,80,0.064
2001-05-02,50,0.054
2001-05-03,48,0.052
2001-05-04,87,0.066
2001-05-05,150,0.085
2001-05-06,108,0.073
2001-05-07,43,0.046
2001-05-08,42,0.045
2001-05-09,31,0.033
2001-05-10,48,0.052
2001-05-11,38,0.041
2001-05-12,48,0.052
2001-05-13,67,0.06
2001-05-14,80,0.064
2001-05-15,101,0.071
2001-05-16,108,0.073
2001-05-17,119,0.076
2001-05-18,100,0.07
2001-05-19,31,0.034
2001-05-20,39,0.042
2001-05-21,32,0.035
2001-05-22,22,0.024
2001-05-23,51,0.055
2001-05-24,80,0.064
2001-05-25,34,0.037
2001-05-26,61,0.058
2001-05-27,77,0.063
2001-05-28,34,0.037
2001-05-29,49,0.053
2001-05-30,100,0.07
2001-05-31,93,0.068
2001-06-01,12,0.013
2001-06-02,46,0.05
2001-06-03,49,0.053
2001-06-04,23,0.025
2001-06-05,28,0.03
2001-06-06,31,0.034
2001-06-07,15,0.016
2001-06-08,22,0.024
2001-06-09,49,0.053
2001-06-10,126,0.078
2001-06-11,15,0.016
2001-06-12,6,0.007
2001-06-13,97,0.069
2001-06-14,34,0.037
2001-06-15,27,0.029
2001-06-16,45,0.049
2001-06-17,80,0.064
2001-06-18,105,0.072
2001-06-19,84,0.065
2001-06-20,105,0.072
2001-06-21,48,0.052
2001-06-22,25,0.027
2001-06-23,50,0.054
2001-06-24,64,0.059
2001-06-25,46,0.05
2001-06-26,50,0.054
2001-06-27,74,0.062
2001-06-28,47,0.051
2001-06-29,38,0.041
2001-06-30,31,0.033
2001-07-01,40,0.043
2001-07-02,74,0.062
2001-07-03,26,0.028
2001-07-04,24,0.026
2001-07-05,48,0.052
2001-07-06,51,0.055
2001-07-07,74,0.062
2001-07-08,122,0.077
2001-07-09,80,0.064
2001-07-10,64,0.059
2001-07-11,93,0.068
2001-07-12,169,0.093
2001-07-13,101,0.071
2001-07-14,80,0.064
2001-07-15,87,0.066
2001-07-16,115,0.075
2001-07-17,112,0.074
2001-07-18,140,0.082
2001-07-19,93,0.068
2001-07-20,49,0.053
2001-07-21,50,0.054
2001-07-22,61,0.058
2001-07-23,105,0.072
2001-07-24,30,0.032
2001-07-25,19,0.02
2001-07-26,33,0.036
2001-07-27,43,0.046
2001-07-28,23,0.025
2001-07-29,27,0.029
2001-07-30,71,0.061
2001-07-31,43,0.046
2001-08-01,46,0.05
2001-08-02,64,0.059
2001-08-03,122,0.077
2001-08-04,58,0.057
2001-08-05,34,0.037
2001-08-06,31,0.034
2001-08-07,32,0.035
2001-08-08,51,0.055
2001-08-09,42,0.045
2001-08-10,50,0.054
2001-08-11,54,0.056
2001-08-12,35,0.038
2001-08-13,21,0.023
2001-08-14,80,0.064
2001-08-15,84,0.065
2001-08-16,51,0.055
2001-08-17,77,0.063
2001-08-18,108,0.073
2001-08-19,45,0.049
2001-08-20,67,0.06
2001-08-21,105,0.072
2001-08-22,154,0.087
2001-08-23,195,0.103
2001-08-24,129,0.079
2001-08-25,90,0.067
2001-08-26,100,0.07
2001-08-27,87,0.066
2001-08-28,30,0.032
2001-08-29,46,0.05
2001-08-30,19,0.021
2001-08-31,21,0.023
2001-09-01,22,0.024
2001-09-02,19,0.02
2001-09-03,12,0.013
2001-09-04,16,0.017
2001-09-05,41,0.044
2001-09-06,41,0.044
2001-09-07,54,0.056
2001-09-08,31,0.034
2001-09-09,35,0.038
2001-09-10,39,0.042
2001-09-11,39,0.042
2001-09-12,48,0.052
2001-09-13,101,0.071
2001-09-14,93,0.068
2001-09-15,40,0.043
2001-09-16,54,0.056
2001-09-17,80,0.064
2001-09-18,87,0.066
2001-09-19,42,0.045
2001-09-20,40,0.043
2001-09-21,49,0.053
2001-09-22,101,0.071
2001-09-23,61,0.058
2001-09-24,16,0.017
2001-09-25,24,0.026
2001-09-26,27,0.029
2001-09-27,2,0.002
2001-09-28,30,0.032
2001-09-29,38,0.041
2001-09-30,39,0.042
2001-10-01,33,0.036
2001-10-02,37,0.04
2001-10-03,49,0.053
2001-10-04,84,0.065
2001-10-05,26,0.028
2001-10-06,11,0.012
2001-10-07,33,0.036
2001-10-08,40,0.043
2001-10-09,38,0.041
2001-10-10,32,0.035
2001-10-11,27,0.029
2001-10-12,26,0.028
2001-10-13,31,0.033
2001-10-14,32,0.035
2001-10-15,29,0.031
2001-10-16,23,0.025
2001-10-17,21,0.023
2001-10-18,33,0.036
2001-10-19,32,0.035
2001-10-20,36,0.039
2001-10-21,47,0.051
2001-10-22,37,0.04
2001-10-23,39,0.042
2001-10-24,23,0.025
2001-10-25,27,0.029
2001-10-26,28,0.03
2001-10-27,24,0.026
2001-10-28,29,0.031
2001-10-29,27,0.029
2001-10-30,37,0.04
2001-10-31,49,0.053
2002-02-28,2,0.002
2002-03-01,43,0.046
2002-03-02,26,0.028
2002-03-03,23,0.025
2002-03-04,28,0.03
2002-03-05,35,0.038
2002-03-06,61,0.058
2002-03-07,43,0.046
2002-03-08,37,0.04
2002-03-09,29,0.031
2002-03-10,35,0.038
2002-03-11,45,0.049
2002-03-12,10,0.011
2002-03-13,14,0.015
2002-03-14,36,0.039
2002-03-15,25,0.027
2002-03-16,15,0.016
2002-03-17,22,0.024
2002-03-18,28,0.03
2002-03-19,26,0.028
2002-03-20,27,0.029
2002-03-21,25,0.027
2002-03-22,29,0.031
2002-03-23,40,0.043
2002-03-24,61,0.058
2002-03-25,40,0.043
2002-03-26,14,0.015
2002-03-27,18,0.019
2002-03-28,39,0.042
2002-03-29,47,0.051
2002-03-30,19,0.02
2002-03-31,26,0.028
2002-04-01,41,0.044
2002-04-02,47,0.051
2002-04-03,31,0.034
2002-04-04,28,0.03
2002-04-05,38,0.041
2002-04-06,50,0.054
2002-04-07,80,0.064
2002-04-08,49,0.053
2002-04-09,25,0.027
2002-04-10,35,0.038
2002-04-11,29,0.031
2002-04-12,20,0.022
2002-04-13,20,0.022
2002-04-14,31,0.033
2002-04-15,38,0.041
2002-04-16,40,0.043
2002-04-17,44,0.047
2002-04-18,47,0.051
2002-04-19,46,0.05
2002-04-20,47,0.051
2002-04-21,44,0.048
2002-04-22,32,0.035
2002-04-23,46,0.05
2002-04-24,93,0.068
2002-04-25,38,0.041
2002-04-26,38,0.041
2002-04-27,44,0.048
2002-04-28,29,0.031
2002-04-29,45,0.049
2002-04-30,21,0.023
2002-05-01,32,0.035
2002-05-02,40,0.043
2002-05-03,16,0.017
2002-05-04,19,0.02
2002-05-05,33,0.036
2002-05-06,42,0.045
2002-05-07,34,0.037
2002-05-08,42,0.045
2002-05-09,33,0.036
2002-05-10,34,0.037
2002-05-11,37,0.04
2002-05-12,32,0.035
2002-05-13,31,0.034
2002-05-14,44,0.048
2002-05-15,77,0.063
2002-05-16,80,0.064
2002-05-17,34,0.037
2002-05-18,31,0.034
2002-05-19,44,0.048
2002-05-20,45,0.049
2002-05-21,46,0.05
2002-05-22,51,0.055
2002-05-23,126,0.078
2002-05-24,115,0.075
2002-05-25,108,0.073
2002-05-26,84,0.065
2002-05-27,50,0.054
2002-05-28,44,0.047
2002-05-29,41,0.044
2002-05-30,27,0.029
2002-05-31,93,0.068
2002-06-01,105,0.072
2002-06-02,122,0.077
2002-06-03,179,0.097
2002-06-04,133,0.08
2002-06-05,101,0.071
2002-06-06,48,0.052
2002-06-07,50,0.054
2002-06-08,49,0.053
2002-06-09,77,0.063
2002-06-10,101,0.071
2002-06-11,136,0.081
2002-06-12,209,0.114
2002-06-13,174,0.095
2002-06-14,31,0.034
2002-06-15,49,0.053
2002-06-16,84,0.065
2002-06-17,71,0.061
2002-06-18,97,0.069
2002-06-19,54,0.056
2002-06-20,87,0.066
2002-06-21,67,0.06
2002-06-22,30,0.032
2002-06-23,25,0.027
2002-06-24,32,0.035
2002-06-25,29,0.031
2002-06-26,33,0.036
2002-06-27,35,0.038
2002-06-28,23,0.025
2002-06-29,33,0.036
2002-06-30,71,0.061
2002-07-01,61,0.058
2002-07-02,172,0.094
2002-07-03,54,0.056
2002-07-04,112,0.074
2002-07-05,164,0.091
2002-07-06,140,0.082
2002-07-07,58,0.057
2002-07-08,97,0.069
2002-07-09,49,0.053
2002-07-10,58,0.057
2002-07-11,30,0.032
2002-07-12,44,0.047
2002-07-13,31,0.034
2002-07-14,49,0.053
2002-07-15,93,0.068
2002-07-16,100,0.07
2002-07-17,147,0.084
2002-07-18,51,0.055
2002-07-19,45,0.049
2002-07-20,100,0.07
2002-07-21,105,0.072
2002-07-22,101,0.071
2002-07-23,87,0.066
2002-07-24,37,0.04
2002-07-25,47,0.051
2002-07-26,43,0.046
2002-07-27,43,0.046
2002-07-28,42,0.045
2002-07-29,47,0.051
2002-07-30,43,0.046
2002-07-31,61,0.058
2002-08-01,133,0.08
2002-08-02,112,0.074
2002-08-03,64,0.059
2002-08-04,58,0.057
2002-08-05,164,0.091
2002-08-06,101,0.071
2002-08-07,115,0.075
2002-08-08,182,0.098
2002-08-09,154,0.087
2002-08-10,122,0.077
2002-08-11,115,0.075
2002-08-12,108,0.073
2002-08-13,80,0.064
2002-08-14,46,0.05
2002-08-15,37,0.04
2002-08-16,45,0.049
2002-08-17,33,0.036
2002-08-18,44,0.048
2002-08-19,44,0.047
2002-08-20,80,0.064
2002-08-21,101,0.071
2002-08-22,61,0.058
2002-08-23,126,0.078
2002-08-24,47,0.051
2002-08-25,61,0.058
2002-08-26,49,0.053
2002-08-27,47,0.051
2002-08-28,43,0.046
2002-08-29,37,0.04
2002-08-30,19,0.021
2002-08-31,19,0.021
2002-09-01,28,0.03
2002-09-02,31,0.034
2002-09-03,36,0.039
2002-09-04,122,0.077
2002-09-06,101,0.071
2002-09-07,90,0.067
2002-09-08,77,0.063
2002-09-09,133,0.08
2002-09-10,156,0.088
2002-09-11,150,0.085
2002-09-12,115,0.075
2002-09-13,19,0.021
2002-09-14,14,0.015
2002-09-15,12,0.013
2002-09-16,44,0.047
2002-09-17,37,0.04
2002-09-18,19,0.02
2002-09-19,33,0.036
2002-09-20,32,0.035
2002-09-21,29,0.031
2002-09-22,16,0.017
2002-09-23,35,0.038
2002-09-24,28,0.03
2002-09-25,31,0.033
2002-09-26,19,0.021
2002-09-27,15,0.016
2002-09-28,23,0.025
2002-09-29,24,0.026
2002-09-30,33,0.036
2002-10-01,34,0.037
2002-10-02,43,0.046
2002-10-03,44,0.047
2002-10-04,29,0.031
2002-10-05,35,0.038
2002-10-06,47,0.051
2002-10-07,20,0.022
2002-10-08,22,0.024
2002-10-09,10,0.011
2002-10-10,10,0.011
2002-10-11,8,0.009
2002-10-12,32,0.035
2002-10-13,9,0.01
2002-10-14,22,0.024
2002-10-15,9,0.01
2002-10-16,16,0.017
2002-10-17,28,0.03
2002-10-18,33,0.036
2002-10-19,45,0.049
2002-10-20,19,0.02
2002-10-21,11,0.012
2002-10-22,6,0.006
2002-10-23,10,0.011
2002-10-24,24,0.026
2002-10-25,4,0.004
2002-10-26,2,0.002
2002-10-27,3,0.003
2002-10-28,15,0.016
2002-10-29,13,0.014
2002-10-30,23,0.025
2002-10-31,18,0.019
2003-03-26,,0.013
2003-03-31,1,0.001
2003-04-01,61,0.058
2003-04-02,43,0.046
2003-04-03,45,0.049
2003-04-04,41,0.044
2003-04-05,28,0.03
2003-04-06,31,0.034
2003-04-07,15,0.016
2003-04-08,2,0.002
2003-04-09,2,0.002
2003-04-10,2,0.002
2003-04-11,27,0.029
2003-04-12,71,0.061
2003-04-13,77,0.063
2003-04-14,93,0.068
2003-04-15,105,0.072
2003-04-16,51,0.055
2003-04-17,32,0.035
2003-04-18,24,0.026
2003-04-19,25,0.027
2003-04-20,21,0.023
2003-04-21,20,0.022
2003-04-22,35,0.038
2003-04-23,38,0.041
2003-04-24,37,0.04
2003-04-25,42,0.045
2003-04-26,45,0.049
2003-04-27,58,0.057
2003-04-28,74,0.062
2003-04-29,129,0.079
2003-04-30,126,0.078
2003-05-01,61,0.058
2003-05-02,44,0.048
2003-05-03,22,0.024
2003-05-04,61,0.058
2003-05-05,18,0.019
2003-05-06,17,0.018
2003-05-07,16,0.017
2003-05-08,31,0.033
2003-05-09,25,0.027
2003-05-10,26,0.028
2003-05-11,31,0.033
2003-05-12,46,0.05
2003-05-13,61,0.058
2003-05-14,29,0.031
2003-05-15,28,0.03
2003-05-16,31,0.033
2003-05-17,31,0.034
2003-05-18,19,0.02
2003-05-19,17,0.018
2003-05-20,32,0.035
2003-05-21,22,0.024
2003-05-22,18,0.019
2003-05-23,39,0.042
2003-05-24,80,0.064
2003-05-25,105,0.072
2003-05-26,44,0.047
2003-05-27,48,0.052
2003-05-28,74,0.062
2003-05-29,51,0.055
2003-05-30,61,0.058
2003-05-31,100,0.07
2003-06-01,71,0.061
2003-06-02,112,0.074
2003-06-03,31,0.033
2003-06-04,54,0.056
2003-06-05,108,0.073
2003-06-06,36,0.039
2003-06-07,24,0.026
2003-06-08,42,0.045
2003-06-09,61,0.058
2003-06-10,93,0.068
2003-06-11,37,0.04
2003-06-12,20,0.022
2003-06-13,18,0.019
2003-06-14,24,0.026
2003-06-15,34,0.037
2003-06-16,58,0.057
2003-06-17,34,0.037
2003-06-18,23,0.025
2003-06-19,31,0.034
2003-06-20,77,0.063
2003-06-21,105,0.072
2003-06-22,74,0.062
2003-06-23,133,0.08
2003-06-24,161,0.09
2003-06-25,147,0.084
2003-06-26,143,0.083
2003-06-27,67,0.06
2003-06-28,50,0.054
2003-06-29,50,0.054
2003-06-30,14,0.015
2003-07-01,15,0.016
2003-07-02,24,0.026
2003-07-03,80,0.064
2003-07-04,38,0.041
2003-07-05,23,0.025
2003-07-06,19,0.021
2003-07-07,38,0.041
2003-07-08,80,0.064
2003-07-09,40,0.043
2003-07-10,16,0.017
2003-07-11,33,0.036
2003-07-12,87,0.066
2003-07-13,58,0.057
2003-07-14,47,0.051
2003-07-15,48,0.052
2003-07-16,43,0.046
2003-07-17,108,0.073
2003-07-18,122,0.077
2003-07-19,84,0.065
2003-07-20,90,0.067
2003-07-21,47,0.051
2003-07-22,31,0.034
2003-07-23,43,0.046
2003-07-24,100,0.07
2003-07-25,58,0.057
2003-07-26,29,0.031
2003-07-27,48,0.052
2003-07-28,67,0.06
2003-07-29,87,0.066
2003-07-30,93,0.068
2003-07-31,44,0.047
2003-08-01,58,0.057
2003-08-02,49,0.053
2003-08-03,47,0.051
2003-08-04,35,0.038
2003-08-05,39,0.042
2003-08-06,21,0.023
2003-08-07,45,0.049
2003-08-08,77,0.063
2003-08-09,84,0.065
2003-08-10,93,0.068
2003-08-11,50,0.054
2003-08-12,40,0.043
2003-08-13,22,0.024
2003-08-14,36,0.039
2003-08-15,49,0.053
2003-08-16,39,0.042
2003-08-17,67,0.06
2003-08-18,2,0.002
2003-08-26,164,0.091
2003-08-27,112,0.074
2003-08-28,10,0.011
2003-08-29,45,0.049
2003-08-30,26,0.028
2003-08-31,31,0.034
2003-09-01,38,0.041
2003-09-02,37,0.04
2003-09-03,26,0.028
2003-09-04,31,0.034
2003-09-05,46,0.05
2003-09-06,35,0.038
2003-09-07,31,0.034
2003-09-08,64,0.059
2003-09-09,90,0.067
2003-09-10,46,0.05
2003-09-11,67,0.06
2003-09-12,93,0.068
2003-09-13,50,0.054
2003-09-14,42,0.045
2003-09-15,36,0.039
2003-09-16,46,0.05
2003-09-17,71,0.061
2003-09-18,67,0.06
2003-09-19,87,0.066
2003-09-20,119,0.076
2003-09-21,32,0.035
2003-09-22,15,0.016
2003-09-23,41,0.044
2003-09-24,64,0.059
2003-09-25,67,0.06
2003-09-26,100,0.07
2003-09-27,31,0.034
2003-09-28,36,0.039
2003-09-29,29,0.031
2003-09-30,41,0.044
2003-10-01,32,0.035
2003-10-02,34,0.037
2003-10-03,44,0.048
2003-10-04,64,0.059
2003-10-05,58,0.057
2003-10-06,28,0.03
2003-10-07,35,0.038
2003-10-08,23,0.025
2003-10-09,27,0.029
2003-10-10,29,0.031
2003-10-11,18,0.019
2003-10-12,38,0.041
2003-10-13,38,0.041
2003-10-14,26,0.028
2003-10-15,30,0.032
2003-10-16,41,0.044
2003-10-17,2,0.002
2003-10-18,42,0.045
2003-10-19,35,0.038
2003-10-20,46,0.05
2003-10-21,50,0.054
2003-10-22,36,0.039
2003-10-23,34,0.037
2003-10-24,40,0.043
2003-10-25,41,0.044
2003-10-26,16,0.017
2003-10-27,4,0.004
2003-10-28,2,0.002
2003-10-29,25,0.027
2003-10-30,48,0.052
2003-10-31,45,0.049
2004-02-29,19,0.021
2004-03-01,44,0.048
2004-03-02,39,0.042
2004-03-03,43,0.046
2004-03-04,44,0.048
2004-03-05,31,0.034
2004-03-06,41,0.044
2004-03-07,47,0.051
2004-03-08,36,0.039
2004-03-09,31,0.033
2004-03-10,31,0.033
2004-03-11,45,0.049
2004-03-12,42,0.045
2004-03-13,49,0.053
2004-03-14,74,0.062
2004-03-15,48,0.052
2004-03-16,39,0.042
2004-03-17,38,0.041
2004-03-18,41,0.044
2004-03-19,44,0.048
2004-03-20,74,0.062
2004-03-21,41,0.044
2004-03-22,34,0.037
2004-03-23,49,0.053
2004-03-24,100,0.07
2004-03-25,51,0.055
2004-03-26,45,0.049
2004-03-27,51,0.055
2004-03-28,77,0.063
2004-03-29,46,0.05
2004-03-30,43,0.046
2004-03-31,32,0.035
2004-04-01,35,0.038
2004-04-02,36,0.039
2004-04-03,44,0.047
2004-04-04,48,0.052
2004-04-05,41,0.044
2004-04-06,45,0.049
2004-04-07,67,0.06
2004-04-08,42,0.045
2004-04-09,54,0.056
2004-04-10,51,0.055
2004-04-11,35,0.038
2004-04-12,20,0.022
2004-04-13,21,0.023
2004-04-14,38,0.041
2004-04-15,47,0.051
2004-04-16,77,0.063
2004-04-17,112,0.074
2004-04-18,84,0.065
2004-04-19,71,0.061
2004-04-20,71,0.061
2004-04-21,44,0.048
2004-04-22,54,0.056
2004-04-23,77,0.063
2004-04-24,64,0.059
2004-04-25,67,0.06
2004-04-26,17,0.018
2004-04-27,50,0.054
2004-04-28,80,0.064
2004-04-29,71,0.061
2004-04-30,33,0.036
2004-05-01,34,0.037
2004-05-02,27,0.029
2004-05-03,38,0.041
2004-05-04,44,0.048
2004-05-05,90,0.067
2004-05-06,101,0.071
2004-05-07,101,0.071
2004-05-08,143,0.083
2004-05-09,93,0.068
2004-05-10,74,0.062
2004-05-11,54,0.056
2004-05-12,36,0.039
2004-05-13,38,0.041
2004-05-14,44,0.048
2004-05-15,46,0.05
2004-05-16,38,0.041
2004-05-17,33,0.036
2004-05-18,29,0.031
2004-05-19,34,0.037
2004-05-20,51,0.055
2004-05-21,93,0.068
2004-05-22,45,0.049
2004-05-23,64,0.059
2004-05-24,46,0.05
2004-05-25,51,0.055
2004-05-26,58,0.057
2004-05-27,64,0.059
2004-05-28,50,0.054
2004-05-29,38,0.041
2004-05-30,26,0.028
2004-05-31,36,0.039
2004-06-01,41,0.044
2004-06-02,29,0.031
2004-06-03,45,0.049
2004-06-04,84,0.065
2004-06-05,97,0.069
2004-06-06,119,0.076
2004-06-07,51,0.055
2004-06-08,38,0.041
2004-06-09,28,0.03
2004-06-10,112,0.074
2004-06-11,108,0.073
2004-06-12,105,0.072
2004-06-13,37,0.04
2004-06-14,32,0.035
2004-06-15,21,0.023
2004-06-16,27,0.029
2004-06-17,34,0.037
2004-06-18,36,0.039
2004-06-19,61,0.058
2004-06-20,80,0.064
2004-06-21,31,0.033
2004-06-22,46,0.05
2004-06-23,24,0.026
2004-06-24,27,0.029
2004-06-25,25,0.027
2004-06-26,36,0.039
2004-06-27,30,0.032
2004-06-28,22,0.024
2004-06-29,71,0.061
2004-06-30,19,0.02
2004-07-01,30,0.032
2004-07-02,27,0.029
2004-07-03,39,0.042
2004-07-04,31,0.034
2004-07-05,39,0.042
2004-07-06,31,0.034
2004-07-07,42,0.045
2004-07-08,67,0.06
2004-07-09,71,0.061
2004-07-10,71,0.061
2004-07-11,46,0.05
2004-07-12,40,0.043
2004-07-13,67,0.06
2004-07-14,46,0.05
2004-07-15,74,0.062
2004-07-16,112,0.074
2004-07-17,40,0.043
2004-07-18,54,0.056
2004-07-19,84,0.065
2004-07-20,136,0.081
2004-07-21,207,0.112
2004-07-22,154,0.087
2004-07-23,61,0.058
2004-07-24,97,0.069
2004-07-25,48,0.052
2004-07-26,67,0.06
2004-07-27,48,0.052
2004-07-28,122,0.077
2004-07-29,34,0.037
2004-07-30,31,0.034
2004-07-31,35,0.038
2004-08-01,41,0.044
2004-08-02,38,0.041
2004-08-03,100,0.07
2004-08-04,147,0.084
2004-08-05,50,0.054
2004-08-06,71,0.061
2004-08-07,74,0.062
2004-08-08,64,0.059
2004-08-09,64,0.059
2004-08-10,26,0.028
2004-08-11,46,0.05
2004-08-12,35,0.038
2004-08-13,39,0.042
2004-08-14,97,0.069
2004-08-15,38,0.041
2004-08-16,47,0.051
2004-08-17,44,0.047
2004-08-18,133,0.08
2004-08-19,151,0.086
2004-08-20,51,0.055
2004-08-21,32,0.035
2004-08-22,46,0.05
2004-08-23,44,0.047
2004-08-24,64,0.059
2004-08-25,20,0.022
2004-08-26,80,0.064
2004-08-27,115,0.075
2004-08-28,64,0.059
2004-08-29,44,0.048
2004-08-30,67,0.06
2004-08-31,47,0.051
2004-09-01,40,0.043
2004-09-02,26,0.028
2004-09-03,49,0.053
2004-09-04,45,0.049
2004-09-05,36,0.039
2004-09-06,19,0.021
2004-09-07,2,0.002
2004-09-08,11,0.012
2004-09-09,42,0.045
2004-09-10,44,0.047
2004-09-11,41,0.044
2004-09-12,42,0.045
2004-09-13,36,0.039
2004-09-14,33,0.036
2004-09-15,18,0.019
2004-09-16,19,0.02
2004-09-17,23,0.025
2004-09-18,34,0.037
2004-09-19,38,0.041
2004-09-20,40,0.043
2004-09-21,39,0.042
2004-09-22,49,0.053
2004-09-23,77,0.063
2004-09-24,84,0.065
2004-09-25,51,0.055
2004-09-26,38,0.041
2004-09-27,18,0.019
2004-09-28,30,0.032
2004-09-29,36,0.039
2004-09-30,45,0.049
2004-10-01,90,0.067
2004-10-02,50,0.054
2004-10-03,39,0.042
2004-10-04,31,0.034
2004-10-05,43,0.046
2004-10-06,39,0.042
2004-10-07,38,0.041
2004-10-08,40,0.043
2004-10-09,20,0.022
2004-10-10,22,0.024
2004-10-11,32,0.035
2004-10-12,20,0.022
2004-10-13,14,0.015
2004-10-14,21,0.023
2004-10-15,28,0.03
2004-10-16,37,0.04
2004-10-17,28,0.03
2004-10-18,39,0.042
2004-10-19,9,0.01
2004-10-20,7,0.008
2004-10-21,19,0.02
2004-10-22,26,0.028
2004-10-23,35,0.038
2004-10-24,19,0.02
2004-10-25,27,0.029
2004-10-26,44,0.047
2004-10-27,31,0.033
2004-10-28,16,0.017
2004-10-29,14,0.015
2004-10-30,29,0.031
2004-10-31,33,0.036
2005-02-28,10,0.011
2005-03-01,29,0.031
2005-03-02,27,0.029
2005-03-03,22,0.024
2005-03-04,40,0.043
2005-03-05,41,0.044
2005-03-06,34,0.037
2005-03-07,37,0.04
2005-03-08,24,0.026
2005-03-09,22,0.024
2005-03-10,31,0.033
2005-03-11,35,0.038
2005-03-12,46,0.05
2005-03-13,58,0.057
2005-03-14,23,0.025
2005-03-15,34,0.037
2005-03-16,23,0.025
2005-03-17,19,0.02
2005-03-18,44,0.048
2005-03-19,43,0.046
2005-03-20,44,0.047
2005-03-21,33,0.036
2005-03-22,22,0.024
2005-03-23,35,0.038
2005-03-24,32,0.035
2005-03-25,77,0.063
2005-03-26,97,0.069
2005-03-27,30,0.032
2005-03-28,22,0.024
2005-03-29,35,0.038
2005-03-30,71,0.061
2005-03-31,34,0.037
2005-04-01,35,0.038
2005-04-02,41,0.044
2005-04-03,50,0.054
2005-04-04,58,0.057
2005-04-05,54,0.056
2005-04-06,51,0.055
2005-04-07,37,0.04
2005-04-08,41,0.044
2005-04-09,44,0.047
2005-04-10,48,0.052
2005-04-11,77,0.063
2005-04-12,48,0.052
2005-04-13,31,0.034
2005-04-14,46,0.05
2005-04-15,54,0.056
2005-04-16,61,0.058
2005-04-17,71,0.061
2005-04-18,108,0.073
2005-04-19,122,0.077
2005-04-20,90,0.067
2005-04-21,43,0.046
2005-04-22,28,0.03
2005-04-23,37,0.04
2005-04-24,44,0.048
2005-04-25,46,0.05
2005-04-26,25,0.027
2005-04-27,45,0.049
2005-04-28,51,0.055
2005-04-29,48,0.052
2005-04-30,34,0.037
2005-05-01,43,0.046
2005-05-02,46,0.05
2005-05-03,41,0.044
2005-05-04,58,0.057
2005-05-05,37,0.04
2005-05-06,46,0.05
2005-05-07,97,0.069
2005-05-08,150,0.085
2005-05-09,97,0.069
2005-05-10,44,0.048
2005-05-11,112,0.074
2005-05-12,150,0.085
2005-05-13,93,0.068
2005-05-14,77,0.063
2005-05-15,30,0.032
2005-05-16,58,0.057
2005-05-17,136,0.081
2005-05-18,71,0.061
2005-05-19,101,0.071
2005-05-20,28,0.03
2005-05-21,41,0.044
2005-05-22,44,0.048
2005-05-23,54,0.056
2005-05-24,64,0.059
2005-05-25,47,0.051
2005-05-26,77,0.063
2005-05-27,101,0.071
2005-05-28,84,0.065
2005-05-29,21,0.023
2005-05-30,27,0.029
2005-05-31,30,0.032
2005-06-01,26,0.028
2005-06-02,21,0.023
2005-06-03,18,0.019
2005-06-04,34,0.037
2005-06-05,37,0.04
2005-06-06,51,0.055
2005-06-07,61,0.058
2005-06-08,49,0.053
2005-06-09,64,0.059
2005-06-10,14,0.015
2005-06-11,22,0.024
2005-06-12,18,0.019
2005-06-13,47,0.051
2005-06-14,100,0.07
2005-06-15,93,0.068
2005-06-16,77,0.063
2005-06-17,90,0.067
2005-06-18,166,0.092
2005-06-19,50,0.054
2005-06-20,74,0.062
2005-06-21,46,0.05
2005-06-22,100,0.07
2005-06-23,93,0.068
2005-06-24,97,0.069
2005-06-25,71,0.061
2005-06-26,21,0.023
2005-06-27,39,0.042
2005-06-28,29,0.031
2005-06-29,44,0.048
2005-06-30,115,0.075
2005-07-01,84,0.065
2005-07-02,101,0.071
2005-07-03,42,0.045
2005-07-04,34,0.037
2005-07-05,30,0.032
2005-07-06,17,0.018
2005-07-07,16,0.017
2005-07-08,143,0.083
2005-07-09,37,0.04
2005-07-10,8,0.009
2005-07-11,13,0.014
2005-07-12,29,0.031
2005-07-13,29,0.031
2005-07-14,44,0.048
2005-07-15,21,0.023
2005-07-16,20,0.022
2005-07-17,31,0.034
2005-07-18,44,0.048
2005-07-19,28,0.03
2005-07-20,48,0.052
2005-07-21,44,0.047
2005-07-22,64,0.059
2005-07-23,87,0.066
2005-07-24,136,0.081
2005-07-25,197,0.104
2005-07-26,190,0.101
2005-07-27,154,0.087
2005-07-28,44,0.048
2005-07-29,33,0.036
2005-07-30,24,0.026
2005-07-31,34,0.037
2005-08-01,30,0.032
2005-08-02,46,0.05
2005-08-03,61,0.058
2005-08-04,80,0.064
2005-08-05,67,0.06
2005-08-06,37,0.04
2005-08-07,24,0.026
2005-08-08,21,0.023
2005-08-09,31,0.033
2005-08-10,26,0.028
2005-08-11,49,0.053
2005-08-12,51,0.055
2005-08-13,64,0.059
2005-08-14,45,0.049
2005-08-15,50,0.054
2005-08-16,39,0.042
2005-08-17,84,0.065
2005-08-18,74,0.062
2005-08-19,33,0.036
2005-08-20,67,0.06
2005-08-21,45,0.049
2005-08-22,50,0.054
2005-08-23,74,0.062
2005-08-24,42,0.045
2005-08-25,34,0.037
2005-08-26,74,0.062
2005-08-27,40,0.043
2005-08-28,25,0.027
2005-08-29,13,0.014
2005-08-30,30,0.032
2005-08-31,67,0.06
2005-09-01,90,0.067
2005-09-02,90,0.067
2005-09-03,74,0.062
2005-09-04,61,0.058
2005-09-05,44,0.047
2005-09-06,41,0.044
2005-09-07,46,0.05
2005-09-08,48,0.052
2005-09-09,101,0.071
2005-09-10,100,0.07
2005-09-11,74,0.062
2005-09-12,90,0.067
2005-09-13,77,0.063
2005-09-14,80,0.064
2005-09-15,80,0.064
2005-09-16,48,0.052
2005-09-17,39,0.042
2005-09-18,71,0.061
2005-09-19,150,0.085
2005-09-20,136,0.081
2005-09-21,71,0.061
2005-09-22,26,0.028
2005-09-23,26,0.028
2005-09-24,37,0.04
2005-09-25,29,0.031
2005-09-26,19,0.02
2005-09-27,34,0.037
2005-09-28,33,0.036
2005-09-29,30,0.032
2005-09-30,49,0.053
2005-10-01,42,0.045
2005-10-02,31,0.034
2005-10-03,58,0.057
2005-10-04,35,0.038
2005-10-05,23,0.025
2005-10-06,12,0.013
2005-10-07,2,0.002
2005-10-08,8,0.009
2005-10-09,7,0.008
2005-10-10,8,0.009
2005-10-11,31,0.034
2005-10-12,18,0.019
2005-10-13,26,0.028
2005-10-14,28,0.03
2005-10-15,44,0.047
2005-10-16,37,0.04
2005-10-17,32,0.035
2005-10-18,42,0.045
2005-10-19,61,0.058
2005-10-20,64,0.059
2005-10-21,46,0.05
2005-10-22,19,0.021
2005-10-23,27,0.029
2005-10-24,25,0.027
2005-10-25,12,0.013
2005-10-26,16,0.017
2005-10-27,19,0.021
2005-10-28,19,0.021
2005-10-29,35,0.038
2005-10-30,31,0.033
2005-10-31,31,0.034
2006-02-28,3,0.003
2006-03-01,45,0.049
2006-03-02,28,0.03
2006-03-03,31,0.033
2006-03-04,37,0.04
2006-03-05,44,0.047
2006-03-06,46,0.05
2006-03-07,28,0.03
2006-03-08,61,0.058
2006-03-09,49,0.053
2006-03-10,44,0.047
2006-03-11,36,0.039
2006-03-12,35,0.038
2006-03-13,30,0.032
2006-03-14,36,0.039
2006-03-15,43,0.046
2006-03-16,51,0.055
2006-03-17,44,0.048
2006-03-18,39,0.042
2006-03-19,38,0.041
2006-03-20,36,0.039
2006-03-21,28,0.03
2006-03-22,29,0.031
2006-03-23,31,0.033
2006-03-24,30,0.032
2006-03-25,35,0.038
2006-03-26,39,0.042
2006-03-27,49,0.053
2006-03-28,30,0.032
2006-03-29,45,0.049
2006-03-30,64,0.059
2006-03-31,74,0.062
2006-04-01,39,0.042
2006-04-02,38,0.041
2006-04-03,44,0.047
2006-04-04,43,0.046
2006-04-05,43,0.046
2006-04-06,84,0.065
2006-04-07,45,0.049
2006-04-08,38,0.041
2006-04-09,49,0.053
2006-04-10,71,0.061
2006-04-11,84,0.065
2006-04-12,58,0.057
2006-04-13,67,0.06
2006-04-14,74,0.062
2006-04-15,64,0.059
2006-04-16,44,0.047
2006-04-17,47,0.051
2006-04-18,64,0.059
2006-04-19,16,0.017
2006-04-20,97,0.069
2006-04-21,34,0.037
2006-04-22,35,0.038
2006-04-23,87,0.066
2006-04-24,108,0.073
2006-04-25,80,0.064
2006-04-26,18,0.019
2006-04-27,44,0.047
2006-04-28,100,0.07
2006-04-29,47,0.051
2006-04-30,44,0.047
2006-05-01,77,0.063
2006-05-02,61,0.058
2006-05-03,46,0.05
2006-05-04,43,0.046
2006-05-05,32,0.035
2006-05-06,64,0.059
2006-05-07,34,0.037
2006-05-08,24,0.026
2006-05-09,37,0.04
2006-05-10,26,0.028
2006-05-11,46,0.05
2006-05-12,48,0.052
2006-05-13,51,0.055
2006-05-14,42,0.045
2006-05-15,33,0.036
2006-05-16,41,0.044
2006-05-17,43,0.046
2006-05-18,49,0.053
2006-05-19,51,0.055
2006-05-20,74,0.062
2006-05-21,46,0.05
2006-05-22,58,0.057
2006-05-23,80,0.064
2006-05-24,122,0.077
2006-05-25,80,0.064
2006-05-26,43,0.046
2006-05-27,48,0.052
2006-05-28,77,0.063
2006-05-29,71,0.061
2006-05-30,112,0.074
2006-05-31,108,0.073
2006-06-01,38,0.041
2006-06-02,38,0.041
2006-06-03,45,0.049
2006-06-04,80,0.064
2006-06-05,51,0.055
2006-06-06,77,0.063
2006-06-07,101,0.071
2006-06-08,87,0.066
2006-06-09,112,0.074
2006-06-10,166,0.092
2006-06-11,101,0.071
2006-06-12,38,0.041
2006-06-13,29,0.031
2006-06-14,101,0.071
2006-06-15,177,0.096
2006-06-16,112,0.074
2006-06-17,87,0.066
2006-06-18,64,0.059
2006-06-19,105,0.072
2006-06-20,119,0.076
2006-06-21,156,0.088
2006-06-22,182,0.098
2006-06-23,217,0.121
2006-06-24,115,0.075
2006-06-25,28,0.03
2006-06-26,14,0.015
2006-06-27,61,0.058
2006-06-28,90,0.067
2006-06-29,84,0.065
2006-06-30,97,0.069
2006-07-01,147,0.084
2006-07-02,151,0.086
2006-07-03,126,0.078
2006-07-04,93,0.068
2006-07-05,126,0.078
2006-07-06,31,0.034
2006-07-07,46,0.05
2006-07-08,101,0.071
2006-07-09,58,0.057
2006-07-10,50,0.054
2006-07-11,150,0.085
2006-07-12,77,0.063
2006-07-13,58,0.057
2006-07-14,44,0.048
2006-07-15,37,0.04
2006-07-16,122,0.077
2006-07-17,101,0.071
2006-07-18,195,0.103
2006-07-19,126,0.078
2006-07-20,133,0.08
2006-07-21,164,0.091
2006-07-22,97,0.069
2006-07-23,51,0.055
2006-07-24,74,0.062
2006-07-25,71,0.061
2006-07-26,43,0.046
2006-07-27,58,0.057
2006-07-28,49,0.053
2006-07-29,42,0.045
2006-07-30,67,0.06
2006-07-31,119,0.076
2006-08-01,140,0.082
2006-08-02,108,0.073
2006-08-03,67,0.06
2006-08-04,105,0.072
2006-08-05,67,0.06
2006-08-06,58,0.057
2006-08-07,136,0.081
2006-08-08,74,0.062
2006-08-09,54,0.056
2006-08-10,122,0.077
2006-08-11,54,0.056
2006-08-12,31,0.034
2006-08-13,35,0.038
2006-08-14,41,0.044
2006-08-15,42,0.045
2006-08-16,48,0.052
2006-08-17,58,0.057
2006-08-18,115,0.075
2006-08-19,140,0.082
2006-08-20,140,0.082
2006-08-21,169,0.093
2006-08-22,58,0.057
2006-08-23,61,0.058
2006-08-24,39,0.042
2006-08-25,49,0.053
2006-08-26,42,0.045
2006-08-27,41,0.044
2006-08-28,38,0.041
2006-08-29,44,0.047
2006-08-30,67,0.06
2006-08-31,21,0.023
2006-09-01,39,0.042
2006-09-02,61,0.058
2006-09-03,38,0.041
2006-09-04,46,0.05
2006-09-05,17,0.018
2006-09-06,46,0.05
2006-09-07,38,0.041
2006-09-08,47,0.051
2006-09-09,47,0.051
2006-09-10,46,0.05
2006-09-11,50,0.054
2006-09-12,35,0.038
2006-09-13,9,0.01
2006-09-14,44,0.048
2006-09-15,84,0.065
2006-09-16,115,0.075
2006-09-17,51,0.055
2006-09-18,24,0.026
2006-09-19,27,0.029
2006-09-20,31,0.034
2006-09-21,42,0.045
2006-09-22,44,0.047
2006-09-23,30,0.032
2006-09-24,19,0.02
2006-09-25,31,0.034
2006-09-26,45,0.049
2006-09-27,44,0.047
2006-09-28,54,0.056
2006-09-29,31,0.033
2006-09-30,41,0.044
2006-10-01,48,0.052
2006-10-02,54,0.056
2006-10-03,61,0.058
2006-10-04,48,0.052
2006-10-05,64,0.059
2006-10-06,28,0.03
2006-10-07,34,0.037
2006-10-08,29,0.031
2006-10-09,38,0.041
2006-10-10,40,0.043
2006-10-11,44,0.048
2006-10-12,30,0.032
2006-10-13,23,0.025
2006-10-14,41,0.044
2006-10-15,42,0.045
2006-10-16,29,0.031
2006-10-17,25,0.027
2006-10-18,10,0.011
2006-10-19,19,0.021
2006-10-20,13,0.014
2006-10-21,32,0.035
2006-10-22,31,0.033
2006-10-23,25,0.027
2006-10-24,19,0.021
2006-10-25,19,0.021
2006-10-26,33,0.036
2006-10-27,24,0.026
2006-10-28,26,0.028
2006-10-29,33,0.036
2006-10-30,32,0.035
2006-10-31,9,0.01
2007-02-28,38,0.041
2007-03-01,31,0.033
2007-03-02,34,0.037
2007-03-03,41,0.044
2007-03-04,32,0.035
2007-03-05,30,0.032
2007-03-06,37,0.04
2007-03-07,54,0.056
2007-03-08,90,0.067
2007-03-09,39,0.042
2007-03-10,61,0.058
2007-03-11,61,0.058
2007-03-12,37,0.04
2007-03-13,48,0.052
2007-03-14,64,0.059
2007-03-15,43,0.046
2007-03-16,20,0.022
2007-03-17,34,0.037
2007-03-18,37,0.04
2007-03-19,61,0.058
2007-03-20,74,0.062
2007-03-21,80,0.064
2007-03-22,47,0.051
2007-03-23,50,0.054
2007-03-24,101,0.071
2007-03-25,97,0.069
2007-03-26,71,0.061
2007-03-27,51,0.055
2007-03-28,46,0.05
2007-03-29,47,0.051
2007-03-30,19,0.02
2007-03-31,36,0.039
2007-04-01,32,0.035
2007-04-02,24,0.026
2007-04-03,30,0.032
2007-04-04,38,0.041
2007-04-05,31,0.034
2007-04-06,41,0.044
2007-04-07,41,0.044
2007-04-08,44,0.047
2007-04-09,39,0.042
2007-04-10,71,0.061
2007-04-11,30,0.032
2007-04-12,40,0.043
2007-04-13,44,0.047
2007-04-14,44,0.047
2007-04-15,30,0.032
2007-04-16,49,0.053
2007-04-17,47,0.051
2007-04-18,58,0.057
2007-04-19,71,0.061
2007-04-20,50,0.054
2007-04-21,64,0.059
2007-04-22,97,0.069
2007-04-23,54,0.056
2007-04-24,49,0.053
2007-04-25,50,0.054
2007-04-26,28,0.03
2007-04-27,48,0.052
2007-04-28,48,0.052
2007-04-29,64,0.059
2007-04-30,64,0.059
2007-05-01,115,0.075
2007-05-02,77,0.063
2007-05-03,77,0.063
2007-05-04,36,0.039
2007-05-05,16,0.017
2007-05-06,46,0.05
2007-05-07,51,0.055
2007-05-08,45,0.049
2007-05-09,50,0.054
2007-05-10,74,0.062
2007-05-11,87,0.066
2007-05-12,64,0.059
2007-05-13,97,0.069
2007-05-14,54,0.056
2007-05-15,87,0.066
2007-05-16,36,0.039
2007-05-17,48,0.052
2007-05-18,51,0.055
2007-05-19,93,0.068
2007-05-20,93,0.068
2007-05-21,161,0.09
2007-05-22,105,0.072
2007-05-23,77,0.063
2007-05-24,49,0.053
2007-05-25,54,0.056
2007-05-26,80,0.064
2007-05-27,51,0.055
2007-05-28,49,0.053
2007-05-29,67,0.06
2007-05-30,49,0.053
2007-05-31,100,0.07
2007-06-01,71,0.061
2007-06-02,40,0.043
2007-06-03,71,0.061
2007-06-04,77,0.063
2007-06-05,46,0.05
2007-06-06,126,0.078
2007-06-07,31,0.034
2007-06-08,23,0.025
2007-06-09,50,0.054
2007-06-10,80,0.064
2007-06-11,71,0.061
2007-06-12,44,0.047
2007-06-13,90,0.067
2007-06-14,84,0.065
2007-06-15,45,0.049
2007-06-16,101,0.071
2007-06-17,101,0.071
2007-06-18,90,0.067
2007-06-19,24,0.026
2007-06-20,47,0.051
2007-06-21,140,0.082
2007-06-22,169,0.093
2007-06-23,185,0.099
2007-06-24,151,0.086
2007-06-25,67,0.06
2007-06-26,67,0.06
2007-06-27,39,0.042
2007-06-28,61,0.058
2007-06-29,87,0.066
2007-06-30,119,0.076
2007-07-01,54,0.056
2007-07-02,42,0.045
2007-07-03,39,0.042
2007-07-04,48,0.052
2007-07-05,164,0.091
2007-07-06,42,0.045
2007-07-07,33,0.036
2007-07-08,20,0.022
2007-07-09,43,0.046
2007-07-10,29,0.031
2007-07-11,19,0.021
2007-07-12,77,0.063
2007-07-13,97,0.069
2007-07-14,44,0.048
2007-07-15,30,0.032
2007-07-23,36,0.039
2007-07-24,84,0.065
2007-07-25,64,0.059
2007-07-26,90,0.067
2007-07-27,77,0.063
2007-07-28,39,0.042
2007-07-29,43,0.046
2007-07-30,112,0.074
2007-07-31,67,0.06
2007-08-01,74,0.062
2007-08-02,100,0.07
2007-08-03,115,0.075
2007-08-04,129,0.079
2007-08-05,105,0.072
2007-08-06,136,0.081
2007-08-07,166,0.092
2007-08-08,150,0.085
2007-08-09,105,0.072
2007-08-10,151,0.086
2007-08-11,169,0.093
2007-08-12,50,0.054
2007-08-13,151,0.086
2007-08-14,177,0.096
2007-08-15,220,0.124
2007-08-16,192,0.102
2007-08-17,156,0.088
2007-08-18,119,0.076
2007-08-19,64,0.059
2007-08-20,44,0.048
2007-08-21,58,0.057
2007-08-22,115,0.075
2007-08-23,93,0.068
2007-08-24,115,0.075
2007-08-25,151,0.086
2007-08-26,71,0.061
2007-08-27,51,0.055
2007-08-28,39,0.042
2007-08-29,24,0.026
2007-08-30,44,0.047
2007-08-31,44,0.048
2007-09-01,47,0.051
2007-09-02,45,0.049
2007-09-03,67,0.06
2007-09-04,151,0.086
2007-09-05,87,0.066
2007-09-06,34,0.037
2007-09-07,44,0.048
2007-09-08,61,0.058
2007-09-09,119,0.076
2007-09-10,108,0.073
2007-09-11,37,0.04
2007-09-12,42,0.045
2007-09-13,33,0.036
2007-09-14,16,0.017
2007-09-15,44,0.048
2007-09-16,41,0.044
2007-09-17,50,0.054
2007-09-18,48,0.052
2007-09-19,58,0.057
2007-09-20,31,0.033
2007-09-21,19,0.021
2007-09-22,30,0.032
2007-09-23,29,0.031
2007-09-24,43,0.046
2007-09-25,51,0.055
2007-09-26,46,0.05
2007-09-27,32,0.035
2007-09-28,45,0.049
2007-09-29,64,0.059
2007-09-30,46,0.05
2007-10-01,44,0.047
2007-10-02,43,0.046
2007-10-03,25,0.027
2007-10-04,16,0.017
2007-10-05,19,0.02
2007-10-06,25,0.027
2007-10-07,32,0.035
2007-10-08,30,0.032
2007-10-09,20,0.022
2007-10-10,42,0.045
2007-10-11,20,0.022
2007-10-12,26,0.028
2007-10-13,44,0.048
2007-10-14,97,0.069
2007-10-15,61,0.058
2007-10-16,34,0.037
2007-10-17,34,0.037
2007-10-18,18,0.019
2007-10-19,26,0.028
2007-10-20,41,0.044
2007-10-21,49,0.053
2007-10-22,22,0.024
2007-10-23,18,0.019
2007-10-24,21,0.023
2007-10-25,27,0.029
2007-10-26,27,0.029
2007-10-27,29,0.031
2007-10-28,38,0.041
2007-10-29,33,0.036
2007-10-30,34,0.037
2007-10-31,35,0.038
2008-02-29,18,0.019
2008-03-01,41,0.044
2008-03-02,51,0.055
2008-03-03,48,0.052
2008-03-04,27,0.029
2008-03-05,19,0.021
2008-03-06,44,0.047
2008-03-07,31,0.033
2008-03-08,36,0.039
2008-03-09,40,0.043
2008-03-10,47,0.051
2008-03-11,22,0.024
2008-03-12,46,0.05
2008-03-13,87,0.066
2008-03-14,29,0.031
2008-03-15,37,0.04
2008-03-16,45,0.049
2008-03-17,47,0.051
2008-03-18,48,0.052
2008-03-19,31,0.033
2008-03-20,38,0.041
2008-03-21,67,0.06
2008-03-22,80,0.064
2008-03-23,42,0.045
2008-03-24,38,0.041
2008-03-25,49,0.053
2008-03-26,84,0.065
2008-03-27,58,0.057
2008-03-28,31,0.034
2008-03-29,28,0.03
2008-03-30,29,0.031
2008-03-31,22,0.024
2008-04-01,27,0.029
2008-04-02,31,0.034
2008-04-03,27,0.029
2008-04-04,11,0.012
2008-04-05,26,0.028
2008-04-06,29,0.031
2008-04-07,27,0.029
2008-04-08,41,0.044
2008-04-09,51,0.055
2008-04-10,64,0.059
2008-04-11,43,0.046
2008-04-12,40,0.043
2008-04-13,45,0.049
2008-04-14,23,0.025
2008-04-15,43,0.046
2008-04-16,84,0.065
2008-04-17,108,0.073
2008-04-18,87,0.066
2008-04-19,48,0.052
2008-04-20,58,0.057
2008-04-21,64,0.059
2008-04-22,90,0.067
2008-04-23,50,0.054
2008-04-24,43,0.046
2008-04-25,44,0.047
2008-04-26,38,0.041
2008-04-27,23,0.025
2008-04-28,44,0.047
2008-04-29,47,0.051
2008-04-30,67,0.06
2008-05-01,108,0.073
2008-05-02,71,0.061
2008-05-03,38,0.041
2008-05-04,54,0.056
2008-05-05,77,0.063
2008-05-06,129,0.079
2008-05-07,87,0.066
2008-05-08,67,0.06
2008-05-09,46,0.05
2008-05-10,51,0.055
2008-05-11,44,0.047
2008-05-12,44,0.048
2008-05-13,77,0.063
2008-05-14,48,0.052
2008-05-15,33,0.036
2008-05-16,34,0.037
2008-05-17,64,0.059
2008-05-18,51,0.055
2008-05-19,67,0.06
2008-05-20,67,0.06
2008-05-21,49,0.053
2008-05-22,122,0.077
2008-05-23,37,0.04
2008-05-24,44,0.048
2008-05-25,64,0.059
2008-05-26,58,0.057
2008-05-27,74,0.062
2008-05-28,24,0.026
2008-05-29,45,0.049
2008-05-30,50,0.054
2008-05-31,50,0.054
2008-06-01,58,0.057
2008-06-02,84,0.065
2008-06-03,80,0.064
2008-06-04,49,0.053
2008-06-05,39,0.042
2008-06-06,61,0.058
2008-06-07,100,0.07
2008-06-08,100,0.07
2008-06-09,67,0.06
2008-06-10,71,0.061
2008-06-11,74,0.062
2008-06-12,44,0.047
2008-06-13,31,0.033
2008-06-14,42,0.045
2008-06-15,51,0.055
2008-06-16,105,0.072
2008-06-17,112,0.074
2008-06-18,136,0.081
2008-06-19,129,0.079
2008-06-20,182,0.098
2008-06-21,97,0.069
2008-06-22,105,0.072
2008-06-23,87,0.066
2008-06-24,119,0.076
2008-06-25,150,0.085
2008-06-26,47,0.051
2008-06-27,48,0.052
2008-06-28,35,0.038
2008-06-29,31,0.034
2008-06-30,40,0.043
2008-07-01,67,0.06
2008-07-02,154,0.087
2008-07-03,74,0.062
2008-07-04,61,0.058
2008-07-05,41,0.044
2008-07-06,40,0.043
2008-07-07,97,0.069
2008-07-08,48,0.052
2008-07-09,42,0.045
2008-07-10,28,0.03
2008-07-11,5,0.005
2008-07-12,97,0.069
2008-07-13,28,0.03
2008-07-14,44,0.048
2008-07-15,64,0.059
2008-07-16,80,0.064
2008-07-17,105,0.072
2008-07-18,126,0.078
2008-07-19,100,0.07
2008-07-20,108,0.073
2008-07-21,122,0.077
2008-07-22,164,0.091
2008-07-23,71,0.061
2008-07-24,101,0.071
2008-07-25,67,0.06
2008-07-26,44,0.048
2008-07-27,84,0.065
2008-07-28,174,0.095
2008-07-29,87,0.066
2008-07-30,47,0.051
2008-07-31,31,0.034
2008-08-01,77,0.063
2008-08-02,71,0.061
2008-08-03,74,0.062
2008-08-04,61,0.058
2008-08-05,71,0.061
2008-08-06,87,0.066
2008-08-07,44,0.048
2008-08-08,64,0.059
2008-08-09,115,0.075
2008-08-10,77,0.063
2008-08-11,108,0.073
2008-08-12,51,0.055
2008-08-13,45,0.049
2008-08-14,74,0.062
2008-08-15,84,0.065
2008-08-16,77,0.063
2008-08-17,61,0.058
2008-08-18,50,0.054
2008-08-19,74,0.062
2008-08-20,47,0.051
2008-08-21,38,0.041
2008-08-22,35,0.038
2008-08-23,27,0.029
2008-08-24,21,0.023
2008-08-25,21,0.023
2008-08-26,24,0.026
2008-08-27,20,0.022
2008-08-28,44,0.047
2008-08-29,58,0.057
2008-08-30,50,0.054
2008-08-31,20,0.022
2008-09-01,19,0.02
2008-09-02,41,0.044
2008-09-03,54,0.056
2008-09-04,42,0.045
2008-09-05,47,0.051
2008-09-06,39,0.042
2008-09-07,71,0.061
2008-09-08,35,0.038
2008-09-09,30,0.032
2008-09-10,29,0.031
2008-09-11,17,0.018
2008-09-12,22,0.024
2008-09-13,30,0.032
2008-09-14,18,0.019
2008-09-15,26,0.028
2008-09-16,35,0.038
2008-09-17,17,0.018
2008-09-18,45,0.049
2008-09-19,50,0.054
2008-09-20,44,0.047
2008-09-21,32,0.035
2008-09-22,41,0.044
2008-09-23,51,0.055
2008-09-24,49,0.053
2008-09-25,44,0.047
2008-09-26,44,0.048
2008-09-27,33,0.036
2008-09-28,42,0.045
2008-09-29,64,0.059
2008-09-30,64,0.059
2008-10-01,37,0.04
2008-10-02,38,0.041
2008-10-03,61,0.058
2008-10-04,80,0.064
2008-10-05,77,0.063
2008-10-06,46,0.05
2008-10-07,46,0.05
2008-10-08,24,0.026
2008-10-09,22,0.024
2008-10-10,22,0.024
2008-10-11,37,0.04
2008-10-12,35,0.038
2008-10-13,33,0.036
2008-10-14,44,0.048
2008-10-15,45,0.049
2008-10-16,43,0.046
2008-10-17,10,0.011
2008-10-18,28,0.03
2008-10-19,31,0.034
2008-10-20,38,0.041
2008-10-21,34,0.037
2008-10-22,36,0.039
2008-10-23,29,0.031
2008-10-24,13,0.014
2008-10-25,32,0.035
2008-10-26,31,0.033
2008-10-27,25,0.027
2008-10-28,17,0.018
2008-10-29,21,0.023
2008-10-30,32,0.035
2008-10-31,36,0.039
2009-02-28,8,0.009
2009-03-01,29,0.031
2009-03-02,29,0.031
2009-03-03,26,0.028
2009-03-04,36,0.039
2009-03-05,58,0.057
2009-03-06,44,0.048
2009-03-07,41,0.044
2009-03-08,34,0.037
2009-03-09,35,0.038
2009-03-10,39,0.042
2009-03-11,35,0.038
2009-03-12,43,0.046
2009-03-13,31,0.033
2009-03-14,11,0.012
2009-03-15,4,0.004
2009-03-16,4,0.004
2009-03-17,39,0.042
2009-03-18,40,0.043
2009-03-19,47,0.051
2009-03-20,45,0.049
2009-03-21,54,0.056
2009-03-22,71,0.061
2009-03-23,71,0.061
2009-03-24,43,0.046
2009-03-25,31,0.034
2009-03-26,24,0.026
2009-03-27,29,0.031
2009-03-28,30,0.032
2009-03-29,28,0.03
2009-03-30,39,0.042
2009-03-31,32,0.035
2009-04-01,32,0.035
2009-04-02,37,0.04
2009-04-03,36,0.039
2009-04-04,48,0.052
2009-04-05,29,0.031
2009-04-06,28,0.03
2009-04-07,36,0.039
2009-04-08,58,0.057
2009-04-09,58,0.057
2009-04-10,39,0.042
2009-04-11,35,0.038
2009-04-12,48,0.052
2009-04-13,40,0.043
2009-04-14,36,0.039
2009-04-15,36,0.039
2009-04-16,43,0.046
2009-04-17,67,0.06
2009-04-18,71,0.061
2009-04-19,35,0.038
2009-04-20,40,0.043
2009-04-21,48,0.052
2009-04-22,47,0.051
2009-04-23,67,0.06
2009-04-24,54,0.056
2009-04-25,71,0.061
2009-04-26,42,0.045
2009-04-27,44,0.047
2009-04-30,33,0.036
2009-05-01,34,0.037
2009-05-02,19,0.021
2009-05-03,25,0.027
2009-05-04,29,0.031
2009-05-05,35,0.038
2009-05-06,20,0.022
2009-05-07,32,0.035
2009-05-08,26,0.028
2009-05-09,30,0.032
2009-05-10,37,0.04
2009-05-11,34,0.037
2009-05-12,41,0.044
2009-05-13,33,0.036
2009-05-14,50,0.054
2009-05-15,39,0.042
2009-05-16,21,0.023
2009-05-17,25,0.027
2009-05-18,41,0.044
2009-05-19,61,0.058
2009-05-20,41,0.044
2009-05-21,23,0.025
2009-05-22,21,0.023
2009-05-23,20,0.022
2009-05-24,24,0.026
2009-05-25,28,0.03
2009-05-26,26,0.028
2009-05-27,36,0.039
2009-05-28,41,0.044
2009-05-29,37,0.04
2009-05-30,64,0.059
2009-05-31,54,0.056
2009-06-01,143,0.083
2009-06-02,100,0.07
2009-06-03,48,0.052
2009-06-04,23,0.025
2009-06-05,32,0.035
2009-06-06,34,0.037
2009-06-07,37,0.04
2009-06-08,87,0.066
2009-06-09,90,0.067
2009-06-10,44,0.047
2009-06-11,25,0.027
2009-06-12,35,0.038
2009-06-13,31,0.034
2009-06-14,42,0.045
2009-06-15,71,0.061
2009-06-16,44,0.047
2009-06-17,71,0.061
2009-06-18,41,0.044
2009-06-19,50,0.054
2009-06-20,45,0.049
2009-06-21,48,0.052
2009-06-22,45,0.049
2009-06-23,122,0.077
2009-06-24,140,0.082
2009-06-25,101,0.071
2009-06-26,122,0.077
2009-06-27,71,0.061
2009-06-28,67,0.06
2009-06-29,90,0.067
2009-06-30,74,0.062
2009-07-01,74,0.062
2009-07-02,58,0.057
2009-07-03,49,0.053
2009-07-04,105,0.072
2009-07-05,25,0.027
2009-07-06,43,0.046
2009-07-07,48,0.052
2009-07-08,36,0.039
2009-07-09,46,0.05
2009-07-10,45,0.049
2009-07-11,64,0.059
2009-07-12,54,0.056
2009-07-13,41,0.044
2009-07-14,50,0.054
2009-07-15,64,0.059
2009-07-16,45,0.049
2009-07-17,44,0.047
2009-07-18,44,0.047
2009-07-19,43,0.046
2009-07-20,46,0.05
2009-07-21,143,0.083
2009-07-22,49,0.053
2009-07-23,42,0.045
2009-07-24,71,0.061
2009-07-25,64,0.059
2009-07-26,58,0.057
2009-07-27,64,0.059
2009-07-28,44,0.048
2009-07-29,29,0.031
2009-07-30,21,0.023
2009-07-31,24,0.026
2009-08-01,42,0.045
2009-08-02,22,0.024
2009-08-03,46,0.05
2009-08-04,67,0.06
2009-08-05,47,0.051
2009-08-06,84,0.065
2009-08-07,100,0.07
2009-08-08,74,0.062
2009-08-09,87,0.066
2009-08-10,50,0.054
2009-08-11,44,0.047
2009-08-12,39,0.042
2009-08-13,61,0.058
2009-08-14,51,0.055
2009-08-15,42,0.045
2009-08-16,19,0.021
2009-08-17,19,0.02
2009-08-18,19,0.02
2009-08-19,28,0.03
2009-08-20,21,0.023
2009-08-21,31,0.033
2009-08-22,40,0.043
2009-08-23,41,0.044
2009-08-24,49,0.053
2009-08-25,45,0.049
2009-08-26,30,0.032
2009-08-27,19,0.021
2009-08-28,26,0.028
2009-08-29,38,0.041
2009-08-30,23,0.025
2009-08-31,29,0.031
2009-09-01,24,0.026
2009-09-02,44,0.047
2009-09-03,47,0.051
2009-09-04,71,0.061
2009-09-05,39,0.042
2009-09-06,44,0.047
2009-09-07,61,0.058
2009-09-08,97,0.069
2009-09-09,42,0.045
2009-09-10,39,0.042
2009-09-11,24,0.026
2009-09-12,45,0.049
2009-09-13,35,0.038
2009-09-14,41,0.044
2009-09-15,28,0.03
2009-09-16,24,0.026
2009-09-17,17,0.018
2009-09-18,21,0.023
2009-09-19,17,0.018
2009-09-20,19,0.021
2009-09-21,16,0.017
2009-09-22,31,0.034
2009-09-23,23,0.025
2009-09-24,19,0.021
2009-09-25,30,0.032
2009-09-26,9,0.01
2009-09-27,33,0.036
2009-09-28,34,0.037
2009-09-29,31,0.033
2009-09-30,26,0.028
2009-10-01,42,0.045
2009-10-02,34,0.037
2009-10-03,39,0.042
2009-10-04,31,0.034
2009-10-05,26,0.028
2009-10-06,11,0.012
2009-10-07,26,0.028
2009-10-08,38,0.041
2009-10-09,13,0.014
2009-10-10,23,0.025
2009-10-11,26,0.028
2009-10-12,14,0.015
2009-10-13,28,0.03
2009-10-14,14,0.015
2009-10-15,5,0.005
2009-10-16,9,0.01
2009-10-17,14,0.015
2009-10-18,28,0.03
2009-10-19,27,0.029
2009-10-20,26,0.028
2009-10-21,36,0.039
2009-10-22,31,0.034
2009-10-23,21,0.023
2009-10-24,14,0.015
2009-10-25,21,0.023
2009-10-26,25,0.027
2009-10-27,8,0.009
2009-10-28,21,0.023
2009-10-29,34,0.037
2009-10-30,18,0.019
2009-10-31,20,0.022
2009-11-01,22,0.024
2009-11-02,12,0.013
2009-11-03,29,0.031
2009-11-04,24,0.026
2009-11-05,28,0.03
2009-11-06,37,0.04
2009-11-07,41,0.044
2009-11-08,40,0.043
2009-11-09,22,0.024
2009-11-10,30,0.032
2009-11-11,27,0.029
2009-11-12,20,0.022
2009-11-13,19,0.02
2009-11-14,27,0.029
2009-11-15,39,0.042
2009-11-16,43,0.046
2009-11-17,26,0.028
2009-11-18,8,0.009
2009-11-19,18,0.019
2009-11-20,25,0.027
2009-11-21,32,0.035
2009-11-22,23,0.025
2009-11-23,15,0.016
2009-11-24,22,0.024
2009-11-25,22,0.024
2009-11-26,31,0.033
2009-11-27,29,0.031
2009-11-28,27,0.029
2009-11-29,34,0.037
2009-11-30,14,0.015
2009-12-01,23,0.025
2009-12-02,15,0.016
2009-12-03,18,0.019
2009-12-04,10,0.011
2009-12-05,20,0.022
2009-12-06,19,0.021
2009-12-07,10,0.011
2009-12-08,10,0.011
2009-12-09,34,0.037
2009-12-10,24,0.026
2009-12-11,19,0.021
2009-12-12,20,0.022
2009-12-13,7,0.008
2009-12-14,2,0.002
2009-12-15,7,0.008
2009-12-16,12,0.013
2009-12-17,22,0.024
2009-12-18,19,0.02
2009-12-19,24,0.026
2009-12-20,16,0.017
2009-12-21,19,0.02
2009-12-22,16,0.017
2009-12-23,28,0.03
2009-12-24,25,0.027
2009-12-25,20,0.022
2009-12-26,28,0.03
2009-12-27,34,0.037
2009-12-28,22,0.024
2009-12-29,21,0.023
2009-12-30,26,0.028
2009-12-31,4,0.004
2010-01-01,28,0.03
2010-01-02,29,0.031
2010-01-03,28,0.03
2010-01-04,19,0.021
2010-01-05,24,0.026
2010-01-06,23,0.025
2010-01-07,19,0.02
2010-01-08,24,0.026
2010-01-09,22,0.024
2010-01-10,23,0.025
2010-01-11,31,0.033
2010-01-12,19,0.021
2010-01-13,19,0.02
2010-01-14,17,0.018
2010-01-15,22,0.024
2010-01-16,21,0.023
2010-01-17,22,0.024
2010-01-18,24,0.026
2010-01-19,31,0.034
2010-01-20,25,0.027
2010-01-21,24,0.026
2010-01-22,7,0.008
2010-01-23,19,0.02
2010-01-24,25,0.027
2010-01-25,27,0.029
2010-01-26,31,0.033
2010-01-27,20,0.022
2010-01-28,31,0.033
2010-01-29,23,0.025
2010-01-30,18,0.019
2010-01-31,21,0.023
2010-02-01,31,0.034
2010-02-02,19,0.021
2010-02-03,26,0.028
2010-02-04,20,0.022
2010-02-05,13,0.014
2010-02-06,19,0.02
2010-02-07,21,0.023
2010-02-08,30,0.032
2010-02-09,31,0.034
2010-02-10,30,0.032
2010-02-11,24,0.026
2010-02-12,20,0.022
2010-02-13,29,0.031
2010-02-14,32,0.035
2010-02-15,32,0.035
2010-02-16,31,0.034
2010-02-17,32,0.035
2010-02-18,31,0.033
2010-02-19,28,0.03
2010-02-20,32,0.035
2010-02-21,54,0.056
2010-02-22,21,0.023
2010-02-23,23,0.025
2010-02-24,33,0.036
2010-02-25,35,0.038
2010-02-26,37,0.04
2010-02-27,40,0.043
2010-02-28,36,0.039
2010-03-01,30,0.032
2010-03-02,21,0.023
2010-03-03,29,0.031
2010-03-04,33,0.036
2010-03-05,37,0.04
2010-03-06,38,0.041
2010-03-07,41,0.044
2010-03-08,49,0.053
2010-03-09,71,0.061
2010-03-10,33,0.036
2010-03-11,28,0.03
2010-03-12,24,0.026
2010-03-13,29,0.031
2010-03-14,23,0.025
2010-03-15,28,0.03
2010-03-16,29,0.031
2010-03-17,25,0.027
2010-03-18,32,0.035
2010-03-19,54,0.056
2010-03-20,67,0.06
2010-03-21,35,0.038
2010-03-22,19,0.021
2010-03-23,40,0.043
2010-03-24,50,0.054
2010-03-25,35,0.038
2010-03-26,26,0.028
2010-03-27,44,0.048
2010-03-28,39,0.042
2010-03-29,31,0.034
2010-03-30,41,0.044
2010-03-31,50,0.054
2010-04-01,93,0.068
2010-04-02,93,0.068
2010-04-03,54,0.056
2010-04-04,50,0.054
2010-04-05,45,0.049
2010-04-06,61,0.058
2010-04-07,47,0.051
2010-04-08,28,0.03
2010-04-09,44,0.048
2010-04-10,54,0.056
2010-04-11,74,0.062
2010-04-12,84,0.065
2010-04-13,90,0.067
2010-04-14,87,0.066
2010-04-15,77,0.063
2010-04-16,90,0.067
2010-04-17,58,0.057
2010-04-18,74,0.062
2010-04-19,54,0.056
2010-04-20,25,0.027
2010-04-21,49,0.053
2010-04-22,80,0.064
2010-04-23,71,0.061
2010-04-24,30,0.032
2010-04-25,43,0.046
2010-04-26,32,0.035
2010-04-27,34,0.037
2010-04-28,40,0.043
2010-04-29,67,0.06
2010-04-30,64,0.059
2010-05-01,19,0.021
2010-05-02,20,0.022
2010-05-03,12,0.013
2010-05-04,47,0.051
2010-05-05,51,0.055
2010-05-06,108,0.073
2010-05-07,50,0.054
2010-05-08,46,0.05
2010-05-09,39,0.042
2010-05-10,32,0.035
2010-05-11,38,0.041
2010-05-12,38,0.041
2010-05-13,42,0.045
2010-05-14,51,0.055
2010-05-15,41,0.044
2010-05-16,30,0.032
2010-05-17,36,0.039
2010-05-18,44,0.048
2010-05-19,49,0.053
2010-05-20,64,0.059
2010-05-21,33,0.036
2010-05-22,41,0.044
2010-05-23,47,0.051
2010-05-24,45,0.049
2010-05-25,28,0.03
2010-05-26,36,0.039
2010-05-27,74,0.062
2010-05-28,67,0.06
2010-05-29,32,0.035
2010-05-30,24,0.026
2010-05-31,35,0.038
2010-06-01,51,0.055
2010-06-02,37,0.04
2010-06-03,74,0.062
2010-06-04,27,0.029
2010-06-05,33,0.036
2010-06-06,31,0.034
2010-06-07,64,0.059
2010-06-08,64,0.059
2010-06-09,47,0.051
2010-06-10,35,0.038
2010-06-11,64,0.059
2010-06-12,48,0.052
2010-06-13,40,0.043
2010-06-14,44,0.048
2010-06-15,51,0.055
2010-06-16,61,0.058
2010-06-17,67,0.06
2010-06-18,112,0.074
2010-06-19,80,0.064
2010-06-20,48,0.052
2010-06-21,58,0.057
2010-06-22,74,0.062
2010-06-23,61,0.058
2010-06-24,43,0.046
2010-06-25,47,0.051
2010-06-26,49,0.053
2010-06-27,45,0.049
2010-06-28,44,0.047
2010-06-29,51,0.055
2010-06-30,48,0.052
2010-07-01,41,0.044
2010-07-02,40,0.043
2010-07-03,51,0.055
2010-07-04,61,0.058
2010-07-05,44,0.048
2010-07-06,44,0.048
2010-07-07,182,0.098
2010-07-08,133,0.08
2010-07-09,90,0.067
2010-07-10,45,0.049
2010-07-11,84,0.065
2010-07-12,30,0.032
2010-07-13,36,0.039
2010-07-14,46,0.05
2010-07-15,112,0.074
2010-07-16,39,0.042
2010-07-17,26,0.028
2010-07-18,19,0.021
2010-07-19,33,0.036
2010-07-20,37,0.04
2010-07-21,42,0.045
2010-07-22,48,0.052
2010-07-23,74,0.062
2010-07-24,51,0.055
2010-07-25,27,0.029
2010-07-26,67,0.06
2010-07-27,48,0.052
2010-07-28,36,0.039
2010-07-29,47,0.051
2010-07-30,97,0.069
2010-07-31,77,0.063
2010-08-01,71,0.061
2010-08-02,30,0.032
2010-08-03,61,0.058
2010-08-04,61,0.058
2010-08-05,46,0.05
2010-08-06,58,0.057
2010-08-07,46,0.05
2010-08-08,46,0.05
2010-08-09,54,0.056
2010-08-10,54,0.056
2010-08-11,36,0.039
2010-08-12,87,0.066
2010-08-13,46,0.05
2010-08-14,23,0.025
2010-08-15,31,0.033
2010-08-16,31,0.034
2010-08-17,23,0.025
2010-08-18,23,0.025
2010-08-19,30,0.032
2010-08-20,36,0.039
2010-08-21,47,0.051
2010-08-22,44,0.047
2010-08-23,51,0.055
2010-08-24,115,0.075
2010-08-25,64,0.059
2010-08-26,44,0.047
2010-08-27,44,0.047
2010-08-28,36,0.039
2010-08-29,37,0.04
2010-08-30,40,0.043
2010-08-31,44,0.048
2010-09-01,87,0.066
2010-09-02,80,0.064
2010-09-03,74,0.062
2010-09-04,51,0.055
2010-09-05,67,0.06
2010-09-06,80,0.064
2010-09-07,45,0.049
2010-09-08,44,0.048
2010-09-09,45,0.049
2010-09-10,112,0.074
2010-09-11,42,0.045
2010-09-12,38,0.041
2010-09-13,49,0.053
2010-09-14,93,0.068
2010-09-15,80,0.064
2010-09-16,51,0.055
2010-09-17,101,0.071
2010-09-18,77,0.063
2010-09-19,80,0.064
2010-09-20,119,0.076
2010-09-21,108,0.073
2010-09-22,67,0.06
2010-09-23,58,0.057
2010-09-24,41,0.044
2010-09-25,47,0.051
2010-09-26,18,0.019
2010-09-27,30,0.032
2010-09-28,39,0.042
2010-09-29,36,0.039
2010-09-30,28,0.03
2010-10-01,44,0.048
2010-10-02,49,0.053
2010-10-03,33,0.036
2010-10-04,25,0.027
2010-10-05,33,0.036
2010-10-06,37,0.04
2010-10-07,46,0.05
2010-10-08,74,0.062
2010-10-09,74,0.062
2010-10-10,74,0.062
2010-10-11,67,0.06
2010-10-12,50,0.054
2010-10-13,44,0.048
2010-10-14,36,0.039
2010-10-15,44,0.047
2010-10-16,44,0.047
2010-10-17,50,0.054
2010-10-18,61,0.058
2010-10-19,87,0.066
2010-10-20,40,0.043
2010-10-21,47,0.051
2010-10-22,37,0.04
2010-10-23,49,0.053
2010-10-24,42,0.045
2010-10-25,22,0.024
2010-10-26,18,0.019
2010-10-27,7,0.008
2010-10-28,22,0.024
2010-10-29,16,0.017
2010-10-30,41,0.044
2010-10-31,42,0.045
2010-11-01,44,0.047
2010-11-02,28,0.03
2010-11-03,7,0.008
2010-11-04,20,0.022
2010-11-05,19,0.02
2010-11-06,25,0.027
2010-11-07,24,0.026
2010-11-08,26,0.028
2010-11-09,28,0.03
2010-11-10,38,0.041
2010-11-11,42,0.045
2010-11-12,37,0.04
2010-11-13,36,0.039
2010-11-14,38,0.041
2010-11-15,19,0.021
2010-11-16,27,0.029
2010-11-17,26,0.028
2010-11-18,19,0.02
2010-11-19,30,0.032
2010-11-20,33,0.036
2010-11-21,31,0.034
2010-11-22,31,0.034
2010-11-23,23,0.025
2010-11-24,15,0.016
2010-11-25,29,0.031
2010-11-26,23,0.025
2010-11-27,27,0.029
2010-11-28,27,0.029
2010-11-29,19,0.021
2010-11-30,20,0.022
2010-12-01,25,0.027
2010-12-02,20,0.022
2010-12-03,29,0.031
2010-12-04,30,0.032
2010-12-05,27,0.029
2010-12-06,28,0.03
2010-12-07,23,0.025
2010-12-08,12,0.013
2010-12-09,26,0.028
2010-12-10,25,0.027
2010-12-11,27,0.029
2010-12-12,26,0.028
2010-12-13,25,0.027
2010-12-14,24,0.026
2010-12-15,11,0.012
2010-12-16,22,0.024
2010-12-17,12,0.013
2010-12-18,2,0.002
2010-12-19,21,0.023
2010-12-20,21,0.023
2010-12-21,10,0.011
2010-12-22,19,0.021
2010-12-23,20,0.022
2010-12-24,21,0.023
2010-12-25,18,0.019
2010-12-26,26,0.028
2010-12-27,28,0.03
2010-12-28,27,0.029
2010-12-29,19,0.021
2010-12-30,28,0.03
2010-12-31,35,0.038
2011-01-01,19,0.021
2011-01-02,28,0.03
2011-01-03,23,0.025
2011-01-04,26,0.028
2011-01-05,10,0.011
2011-01-06,28,0.03
2011-01-07,30,0.032
2011-01-08,31,0.033
2011-01-09,28,0.03
2011-01-10,25,0.027
2011-01-11,27,0.029
2011-01-12,24,0.026
2011-01-13,24,0.026
2011-01-14,20,0.022
2011-01-15,30,0.032
2011-01-16,29,0.031
2011-01-17,19,0.02
2011-01-18,6,0.007
2011-01-19,12,0.013
2011-01-20,8,0.009
2011-01-21,28,0.03
2011-01-22,29,0.031
2011-01-23,25,0.027
2011-01-24,33,0.036
2011-01-25,19,0.021
2011-01-26,26,0.028
2011-01-27,28,0.03
2011-01-28,30,0.032
2011-01-29,34,0.037
2011-01-30,46,0.05
2011-01-31,13,0.014
2011-02-01,10,0.011
2011-02-02,21,0.023
2011-02-03,12,0.013
2011-02-04,16,0.017
2011-02-05,23,0.025
2011-02-06,34,0.037
2011-02-07,23,0.025
2011-02-08,27,0.029
2011-02-09,31,0.034
2011-02-10,25,0.027
2011-02-11,32,0.035
2011-02-12,38,0.041
2011-02-13,43,0.046
2011-02-14,45,0.049
2011-02-15,44,0.048
2011-02-16,42,0.045
2011-02-17,71,0.061
2011-02-18,33,0.036
2011-02-19,36,0.039
2011-02-20,40,0.043
2011-02-21,29,0.031
2011-02-22,41,0.044
2011-02-23,41,0.044
2011-02-24,43,0.046
2011-02-25,32,0.035
2011-02-26,43,0.046
2011-02-27,24,0.026
2011-02-28,27,0.029
2011-03-01,36,0.039
2011-03-02,37,0.04
2011-03-03,54,0.056
2011-03-04,30,0.032
2011-03-05,27,0.029
2011-03-06,22,0.024
2011-03-07,32,0.035
2011-03-08,40,0.043
2011-03-09,26,0.028
2011-03-10,29,0.031
2011-03-11,39,0.042
2011-03-12,46,0.05
2011-03-13,48,0.052
2011-03-14,45,0.049
2011-03-15,20,0.022
2011-03-16,28,0.03
2011-03-17,44,0.047
2011-03-18,47,0.051
2011-03-19,51,0.055
2011-03-20,34,0.037
2011-03-21,46,0.05
2011-03-22,48,0.052
2011-03-23,38,0.041
2011-03-24,33,0.036
2011-03-25,37,0.04
2011-03-26,21,0.023
2011-03-27,13,0.014
2011-03-28,24,0.026
2011-03-29,27,0.029
2011-03-30,14,0.015
2011-03-31,28,0.03
2011-04-01,36,0.039
2011-04-02,45,0.049
2011-04-03,47,0.051
2011-04-04,35,0.038
2011-04-05,40,0.043
2011-04-06,49,0.053
2011-04-07,51,0.055
2011-04-08,21,0.023
2011-04-09,31,0.034
2011-04-10,29,0.031
2011-04-11,31,0.033
2011-04-12,41,0.044
2011-04-13,47,0.051
2011-04-14,77,0.063
2011-04-15,44,0.047
2011-04-16,40,0.043
2011-04-17,50,0.054
2011-04-18,51,0.055
2011-04-19,71,0.061
2011-04-20,34,0.037
2011-04-21,38,0.041
2011-04-22,22,0.024
2011-04-23,32,0.035
2011-04-24,42,0.045
2011-04-25,33,0.036
2011-04-26,27,0.029
2011-04-27,24,0.026
2011-04-28,38,0.041
2011-04-29,47,0.051
2011-04-30,80,0.064
2011-05-01,58,0.057
2011-05-02,48,0.052
2011-05-03,35,0.038
2011-05-04,42,0.045
2011-05-05,44,0.048
2011-05-06,49,0.053
2011-05-07,67,0.06
2011-05-08,50,0.054
2011-05-09,136,0.081
2011-05-10,51,0.055
2011-05-11,61,0.058
2011-05-12,97,0.069
2011-05-13,42,0.045
2011-05-14,41,0.044
2011-05-15,19,0.021
2011-05-16,18,0.019
2011-05-17,29,0.031
2011-05-18,36,0.039
2011-05-19,74,0.062
2011-05-20,126,0.078
2011-05-21,100,0.07
2011-05-22,61,0.058
2011-05-23,45,0.049
2011-05-24,44,0.047
2011-05-25,54,0.056
2011-05-26,32,0.035
2011-05-27,45,0.049
2011-05-28,101,0.071
2011-05-29,58,0.057
2011-05-30,43,0.046
2011-05-31,84,0.065
2011-06-01,100,0.07
2011-06-02,156,0.088
2011-06-03,77,0.063
2011-06-04,115,0.075
2011-06-05,64,0.059
2011-06-06,64,0.059
2011-06-07,54,0.056
2011-06-08,133,0.08
2011-06-09,77,0.063
2011-06-10,126,0.078
2011-06-11,74,0.062
2011-06-12,101,0.071
2011-06-13,80,0.064
2011-06-14,84,0.065
2011-06-15,112,0.074
2011-06-16,64,0.059
2011-06-17,47,0.051
2011-06-18,28,0.03
2011-06-19,32,0.035
2011-06-20,51,0.055
2011-06-21,31,0.033
2011-06-22,2,0.002
2011-06-23,22,0.024
2011-06-24,44,0.047
2011-06-25,67,0.06
2011-06-26,48,0.052
2011-06-27,38,0.041
2011-06-28,48,0.052
2011-06-29,54,0.056
2011-06-30,61,0.058
2011-07-01,122,0.077
2011-07-02,172,0.094
2011-07-03,101,0.071
2011-07-04,51,0.055
2011-07-05,64,0.059
2011-07-06,74,0.062
2011-07-07,122,0.077
2011-07-08,54,0.056
2011-07-09,45,0.049
2011-07-10,48,0.052
2011-07-11,74,0.062
2011-07-12,50,0.054
2011-07-13,84,0.065
2011-07-14,49,0.053
2011-07-15,26,0.028
2011-07-16,32,0.035
2011-07-17,33,0.036
2011-07-18,112,0.074
2011-07-19,74,0.062
2011-07-20,51,0.055
2011-07-21,54,0.056
2011-07-22,54,0.056
2011-07-23,28,0.03
2011-07-24,31,0.034
2011-07-25,32,0.035
2011-07-26,87,0.066
2011-07-27,48,0.052
2011-07-28,31,0.033
2011-07-29,33,0.036
2011-07-30,31,0.034
2011-07-31,43,0.046
2011-08-01,46,0.05
2011-08-02,100,0.07
2011-08-03,74,0.062
2011-08-04,43,0.046
2011-08-05,129,0.079
2011-08-06,61,0.058
2011-08-07,36,0.039
2011-08-08,46,0.05
2011-08-09,41,0.044
2011-08-10,87,0.066
2011-08-11,61,0.058
2011-08-12,108,0.073
2011-08-13,93,0.068
2011-08-14,48,0.052
2011-08-15,58,0.057
2011-08-16,71,0.061
2011-08-17,58,0.057
2011-08-18,93,0.068
2011-08-19,101,0.071
2011-08-20,71,0.061
2011-08-21,93,0.068
2011-08-22,58,0.057
2011-08-23,51,0.055
2011-08-24,61,0.058
2011-08-25,74,0.062
2011-08-26,112,0.074
2011-08-27,58,0.057
2011-08-28,87,0.066
2011-08-29,61,0.058
2011-08-30,48,0.052
2011-08-31,44,0.048
2011-09-01,67,0.06
2011-09-02,93,0.068
2011-09-03,87,0.066
2011-09-04,27,0.029
2011-09-05,24,0.026
2011-09-06,14,0.015
2011-09-07,12,0.013
2011-09-08,25,0.027
2011-09-09,41,0.044
2011-09-10,67,0.06
2011-09-11,64,0.059
2011-09-12,58,0.057
2011-09-13,90,0.067
2011-09-14,100,0.07
2011-09-15,44,0.047
2011-09-16,30,0.032
2011-09-17,42,0.045
2011-09-18,31,0.033
2011-09-19,34,0.037
2011-09-20,30,0.032
2011-09-21,31,0.034
2011-09-22,21,0.023
2011-09-23,29,0.031
2011-09-24,44,0.048
2011-09-25,44,0.047
2011-09-26,46,0.05
2011-09-27,36,0.039
2011-09-28,29,0.031
2011-09-29,43,0.046
2011-09-30,36,0.039
2011-10-01,29,0.031
2011-10-02,31,0.034
2011-10-03,34,0.037
2011-10-04,46,0.05
2011-10-05,67,0.06
2011-10-06,44,0.047
2011-10-07,44,0.048
2011-10-08,37,0.04
2011-10-09,33,0.036
2011-10-10,27,0.029
2011-10-11,24,0.026
2011-10-12,19,0.02
2011-10-13,26,0.028
2011-10-14,35,0.038
2011-10-15,43,0.046
2011-10-16,33,0.036
2011-10-17,51,0.055
2011-10-18,33,0.036
2011-10-19,19,0.021
2011-10-20,16,0.017
2011-10-21,26,0.028
2011-10-22,32,0.035
2011-10-23,42,0.045
2011-10-24,37,0.04
2011-10-25,47,0.051
2011-10-26,49,0.053
2011-10-27,43,0.046
2011-10-28,28,0.03
2011-10-29,29,0.031
2011-10-30,35,0.038
2011-10-31,30,0.032
2011-11-01,41,0.044
2011-11-02,43,0.046
2011-11-03,37,0.04
2011-11-04,20,0.022
2011-11-05,31,0.033
2011-11-06,30,0.032
2011-11-07,32,0.035
2011-11-08,34,0.037
2011-11-09,33,0.036
2011-11-10,26,0.028
2011-11-11,30,0.032
2011-11-12,40,0.043
2011-11-13,35,0.038
2011-11-14,33,0.036
2011-11-15,26,0.028
2011-11-16,16,0.017
2011-11-17,22,0.024
2011-11-18,31,0.034
2011-11-19,29,0.031
2011-11-20,19,0.021
2011-11-21,18,0.019
2011-11-22,27,0.029
2011-11-23,14,0.015
2011-11-24,33,0.036
2011-11-25,33,0.036
2011-11-26,30,0.032
2011-11-27,34,0.037
2011-11-28,17,0.018
2011-11-29,9,0.01
2011-11-30,14,0.015
2011-12-01,25,0.027
2011-12-02,17,0.018
2011-12-03,37,0.04
2011-12-04,27,0.029
2011-12-05,31,0.033
2011-12-06,19,0.021
2011-12-07,15,0.016
2011-12-08,22,0.024
2011-12-09,19,0.021
2011-12-10,23,0.025
2011-12-11,29,0.031
2011-12-12,22,0.024
2011-12-13,23,0.025
2011-12-14,32,0.035
2011-12-15,35,0.038
2011-12-16,30,0.032
2011-12-17,22,0.024
2011-12-18,22,0.024
2011-12-19,26,0.028
2011-12-20,18,0.019
2011-12-21,19,0.021
2011-12-22,18,0.019
2011-12-23,19,0.021
2011-12-24,19,0.021
2011-12-25,4,0.004
2011-12-26,24,0.026
2011-12-27,22,0.024
2011-12-28,22,0.024
2011-12-29,27,0.029
2011-12-30,31,0.034
2011-12-31,30,0.032
2012-01-01,25,0.027
2012-01-02,31,0.033
2012-01-03,20,0.022
2012-01-04,23,0.025
2012-01-05,24,0.026
2012-01-06,29,0.031
2012-01-07,27,0.029
2012-01-08,13,0.014
2012-01-09,19,0.02
2012-01-10,25,0.027
2012-01-11,24,0.026
2012-01-12,30,0.032
2012-01-13,22,0.024
2012-01-14,32,0.035
2012-01-15,28,0.03
2012-01-16,30,0.032
2012-01-17,29,0.031
2012-01-18,19,0.02
2012-01-19,25,0.027
2012-01-20,19,0.021
2012-01-21,19,0.02
2012-01-22,8,0.009
2012-01-23,2,0.002
2012-01-24,19,0.02
2012-01-25,26,0.028
2012-01-26,24,0.026
2012-01-27,23,0.025
2012-01-28,30,0.032
2012-01-29,31,0.033
2012-01-30,31,0.034
2012-01-31,38,0.041
2012-02-01,20,0.022
2012-02-02,28,0.03
2012-02-03,31,0.034
2012-02-04,34,0.037
2012-02-05,27,0.029
2012-02-06,16,0.017
2012-02-07,21,0.023
2012-02-08,32,0.035
2012-02-09,27,0.029
2012-02-10,22,0.024
2012-02-11,27,0.029
2012-02-12,28,0.03
2012-02-13,36,0.039
2012-02-14,26,0.028
2012-02-15,30,0.032
2012-02-16,8,0.009
2012-02-17,21,0.023
2012-02-18,34,0.037
2012-02-19,28,0.03
2012-02-20,32,0.035
2012-02-21,37,0.04
2012-02-22,33,0.036
2012-02-23,32,0.035
2012-02-24,31,0.034
2012-02-25,36,0.039
2012-02-26,39,0.042
2012-02-27,25,0.027
2012-02-28,26,0.028
2012-02-29,16,0.017
2012-03-01,31,0.034
2012-03-02,24,0.026
2012-03-03,28,0.03
2012-03-04,37,0.04
2012-03-05,36,0.039
2012-03-06,41,0.044
2012-03-07,36,0.039
2012-03-08,35,0.038
2012-03-09,25,0.027
2012-03-10,44,0.048
2012-03-11,37,0.04
2012-03-12,31,0.033
2012-03-13,22,0.024
2012-03-14,32,0.035
2012-03-15,39,0.042
2012-03-16,35,0.038
2012-03-17,40,0.043
2012-03-18,46,0.05
2012-03-19,51,0.055
2012-03-20,44,0.047
2012-03-21,32,0.035
2012-03-22,32,0.035
2012-03-23,28,0.03
2012-03-24,48,0.052
2012-03-25,45,0.049
2012-03-26,67,0.06
2012-03-27,51,0.055
2012-03-28,50,0.054
2012-03-29,51,0.055
2012-03-30,41,0.044
2012-03-31,31,0.034
2012-04-01,43,0.046
2012-04-02,39,0.042
2012-04-03,46,0.05
2012-04-04,43,0.046
2012-04-05,40,0.043
2012-04-06,37,0.04
2012-04-07,51,0.055
2012-04-08,50,0.054
2012-04-09,61,0.058
2012-04-10,49,0.053
2012-04-11,47,0.051
2012-04-12,45,0.049
2012-04-13,77,0.063
2012-04-14,84,0.065
2012-04-15,43,0.046
2012-04-16,37,0.04
2012-04-17,39,0.042
2012-04-18,20,0.022
2012-04-19,31,0.033
2012-04-20,24,0.026
2012-04-21,44,0.047
2012-04-22,39,0.042
2012-04-23,40,0.043
2012-04-24,44,0.048
2012-04-25,74,0.062
2012-04-26,43,0.046
2012-04-27,44,0.047
2012-04-28,43,0.046
2012-04-29,45,0.049
2012-04-30,54,0.056
2012-05-01,44,0.048
2012-05-02,41,0.044
2012-05-03,31,0.034
2012-05-04,38,0.041
2012-05-05,40,0.043
2012-05-06,58,0.057
2012-05-07,34,0.037
2012-05-08,41,0.044
2012-05-09,30,0.032
2012-05-10,48,0.052
2012-05-11,50,0.054
2012-05-12,47,0.051
2012-05-13,32,0.035
2012-05-14,38,0.041
2012-05-15,44,0.047
2012-05-16,45,0.049
2012-05-17,71,0.061
2012-05-18,47,0.051
2012-05-19,61,0.058
2012-05-20,58,0.057
2012-05-21,87,0.066
2012-05-22,45,0.049
2012-05-23,87,0.066
2012-05-24,115,0.075
2012-05-25,151,0.086
2012-05-26,64,0.059
2012-05-27,31,0.034
2012-05-28,28,0.03
2012-05-29,34,0.037
2012-05-30,58,0.057
2012-05-31,74,0.062
2012-06-01,39,0.042
2012-06-02,46,0.05
2012-06-03,46,0.05
2012-06-04,39,0.042
2012-06-05,32,0.035
2012-06-06,51,0.055
2012-06-07,47,0.051
2012-06-08,48,0.052
2012-06-09,48,0.052
2012-06-10,15,0.016
2012-06-11,21,0.023
2012-06-12,44,0.048
2012-06-13,54,0.056
2012-06-14,41,0.044
2012-06-15,42,0.045
2012-06-16,41,0.044
2012-06-17,54,0.056
2012-06-18,61,0.058
2012-06-19,48,0.052
2012-06-20,41,0.044
2012-06-21,46,0.05
2012-06-22,129,0.079
2012-06-23,51,0.055
2012-06-24,37,0.04
2012-06-25,40,0.043
2012-06-26,84,0.065
2012-06-27,122,0.077
2012-06-28,129,0.079
2012-06-29,185,0.099
2012-06-30,150,0.085
2012-07-01,108,0.073
2012-07-02,74,0.062
2012-07-03,119,0.076
2012-07-04,48,0.052
2012-07-05,100,0.07
2012-07-06,154,0.087
2012-07-07,87,0.066
2012-07-08,46,0.05
2012-07-09,61,0.058
2012-07-10,58,0.057
2012-07-11,54,0.056
2012-07-12,29,0.031
2012-07-13,18,0.019
2012-07-14,20,0.022
2012-07-15,21,0.023
2012-07-16,40,0.043
2012-07-17,26,0.028
2012-07-18,45,0.049
2012-07-19,46,0.05
2012-07-20,31,0.033
2012-07-21,30,0.032
2012-07-22,29,0.031
2012-07-23,74,0.062
2012-07-24,33,0.036
2012-07-25,51,0.055
2012-07-26,43,0.046
2012-07-27,33,0.036
2012-07-28,80,0.064
2012-07-29,74,0.062
2012-07-30,112,0.074
2012-07-31,58,0.057
2012-08-01,84,0.065
2012-08-02,74,0.062
2012-08-03,47,0.051
2012-08-04,29,0.031
2012-08-05,19,0.021
2012-08-06,26,0.028
2012-08-07,29,0.031
2012-08-08,77,0.063
2012-08-09,33,0.036
2012-08-10,46,0.05
2012-08-11,47,0.051
2012-08-12,71,0.061
2012-08-13,61,0.058
2012-08-14,43,0.046
2012-08-15,44,0.047
2012-08-16,115,0.075
2012-08-17,50,0.054
2012-08-18,45,0.049
2012-08-19,35,0.038
2012-08-20,80,0.064
2012-08-21,80,0.064
2012-08-22,36,0.039
2012-08-23,45,0.049
2012-08-24,48,0.052
2012-08-25,54,0.056
2012-08-26,64,0.059
2012-08-27,48,0.052
2012-08-28,6,0.007
2012-08-29,27,0.029
2012-08-30,18,0.019
2012-08-31,30,0.032
2012-09-01,28,0.03
2012-09-02,25,0.027
2012-09-03,35,0.038
2012-09-04,28,0.03
2012-09-05,28,0.03
2012-09-06,28,0.03
2012-09-07,133,0.08
2012-09-08,29,0.031
2012-09-09,43,0.046
2012-09-10,47,0.051
2012-09-11,44,0.047
2012-09-12,43,0.046
2012-09-13,42,0.045
2012-09-14,42,0.045
2012-09-15,50,0.054
2012-09-16,35,0.038
2012-09-17,19,0.02
2012-09-18,23,0.025
2012-09-19,41,0.044
2012-09-20,35,0.038
2012-09-21,44,0.048
2012-09-22,47,0.051
2012-09-23,44,0.048
2012-09-24,44,0.048
2012-09-25,51,0.055
2012-09-26,77,0.063
2012-09-27,54,0.056
2012-09-28,33,0.036
2012-09-29,33,0.036
2012-09-30,19,0.02
2012-10-01,18,0.019
2012-10-02,23,0.025
2012-10-03,26,0.028
2012-10-04,44,0.048
2012-10-05,64,0.059
2012-10-06,43,0.046
2012-10-07,25,0.027
2012-10-08,14,0.015
2012-10-09,23,0.025
2012-10-10,31,0.034
2012-10-11,30,0.032
2012-10-12,30,0.032
2012-10-13,41,0.044
2012-10-14,31,0.034
2012-10-15,30,0.032
2012-10-16,31,0.033
2012-10-17,43,0.046
2012-10-18,28,0.03
2012-10-19,37,0.04
2012-10-20,30,0.032
2012-10-21,38,0.041
2012-10-22,44,0.048
2012-10-23,39,0.042
2012-10-24,43,0.046
2012-10-25,32,0.035
2012-10-26,32,0.035
2012-10-27,14,0.015
2012-10-28,22,0.024
2012-10-29,31,0.033
2012-10-30,31,0.033
2012-10-31,36,0.039
2012-11-01,33,0.036
2012-11-02,44,0.047
2012-11-03,46,0.05
2012-11-04,33,0.036
2012-11-05,28,0.03
2012-11-06,20,0.022
2012-11-07,14,0.015
2012-11-08,21,0.023
2012-11-09,27,0.029
2012-11-10,37,0.04
2012-11-11,35,0.038
2012-11-12,24,0.026
2012-11-13,17,0.018
2012-11-14,21,0.023
2012-11-15,16,0.017
2012-11-16,24,0.026
2012-11-17,29,0.031
2012-11-18,31,0.034
2012-11-19,16,0.017
2012-11-20,30,0.032
2012-11-21,32,0.035
2012-11-22,39,0.042
2012-11-23,43,0.046
2012-11-24,26,0.028
2012-11-25,27,0.029
2012-11-26,32,0.035
2012-11-27,15,0.016
2012-11-28,18,0.019
2012-11-29,27,0.029
2012-11-30,29,0.031
2012-12-01,32,0.035
2012-12-02,31,0.034
2012-12-03,28,0.03
2012-12-04,30,0.032
2012-12-05,18,0.019
2012-12-06,21,0.023
2012-12-07,19,0.02
2012-12-08,19,0.02
2012-12-09,29,0.031
2012-12-10,21,0.023
2012-12-11,9,0.01
2012-12-12,10,0.011
2012-12-13,23,0.025
2012-12-14,23,0.025
2012-12-15,24,0.026
2012-12-16,11,0.012
2012-12-17,20,0.022
2012-12-18,27,0.029
2012-12-19,35,0.038
2012-12-20,28,0.03
2012-12-21,31,0.033
2012-12-22,31,0.034
2012-12-23,28,0.03
2012-12-24,26,0.028
2012-12-25,22,0.024
2012-12-26,23,0.025
2012-12-27,23,0.025
2012-12-28,20,0.022
2012-12-29,19,0.021
2012-12-30,26,0.028
2012-12-31,28,0.03
2013-01-01,8,0.009
2013-01-02,13,0.014
2013-01-03,17,0.018
2013-01-04,22,0.024
2013-01-05,19,0.02
2013-01-06,29,0.031
2013-01-07,32,0.035
2013-01-08,22,0.024
2013-01-09,23,0.025
2013-01-10,25,0.027
2013-01-11,13,0.014
2013-01-12,19,0.021
2013-01-13,19,0.02
2013-01-14,8,0.009
2013-01-15,16,0.017
2013-01-16,3,0.003
2013-01-17,16,0.017
2013-01-18,25,0.027
2013-01-19,29,0.031
2013-01-20,36,0.039
2013-01-21,31,0.033
2013-01-22,28,0.03
2013-01-23,31,0.033
2013-01-24,26,0.028
2013-01-25,23,0.025
2013-01-26,26,0.028
2013-01-27,30,0.032
2013-01-28,25,0.027
2013-01-29,33,0.036
2013-01-30,24,0.026
2013-01-31,30,0.032
2013-02-01,29,0.031
2013-02-02,31,0.033
2013-02-03,34,0.037
2013-02-04,16,0.017
2013-02-05,25,0.027
2013-02-06,27,0.029
2013-02-07,21,0.023
2013-02-08,19,0.02
2013-02-09,31,0.033
2013-02-10,36,0.039
2013-02-11,13,0.014
2013-02-12,26,0.028
2013-02-13,23,0.025
2013-02-14,30,0.032
2013-02-15,36,0.039
2013-02-16,34,0.037
2013-02-17,37,0.04
2013-02-18,42,0.045
2013-02-19,32,0.035
2013-02-20,33,0.036
2013-02-21,44,0.047
2013-02-22,27,0.029
2013-02-23,10,0.011
2013-02-24,37,0.04
2013-02-25,30,0.032
2013-02-26,31,0.033
2013-02-27,40,0.043
2013-02-28,37,0.04
2013-03-01,31,0.033
2013-03-02,30,0.032
2013-03-03,33,0.036
2013-03-04,38,0.041
2013-03-05,35,0.038
2013-03-06,32,0.035
2013-03-07,30,0.032
2013-03-08,30,0.032
2013-03-09,44,0.048
2013-03-10,45,0.049
2013-03-11,33,0.036
2013-03-12,33,0.036
2013-03-13,41,0.044
2013-03-14,38,0.041
2013-03-15,64,0.059
2013-03-16,61,0.058
2013-03-17,43,0.046
2013-03-18,20,0.022
2013-03-19,36,0.039
2013-03-20,40,0.043
2013-03-21,38,0.041
2013-03-22,37,0.04
2013-03-23,36,0.039
2013-03-24,38,0.041
2013-03-25,37,0.04
2013-03-26,31,0.034
2013-03-27,42,0.045
2013-03-28,44,0.048
2013-03-29,54,0.056
2013-03-30,48,0.052
2013-03-31,37,0.04
2013-04-01,42,0.045
2013-04-02,43,0.046
2013-04-03,42,0.045
2013-04-04,40,0.043
2013-04-05,38,0.041
2013-04-06,58,0.057
2013-04-07,47,0.051
2013-04-08,42,0.045
2013-04-09,47,0.051
2013-04-10,43,0.046
2013-04-11,25,0.027
2013-04-12,40,0.043
2013-04-13,44,0.048
2013-04-14,28,0.03
2013-04-15,42,0.045
2013-04-16,35,0.038
2013-04-17,42,0.045
2013-04-18,33,0.036
2013-04-19,24,0.026
2013-04-20,40,0.043
2013-04-21,42,0.045
2013-04-22,44,0.047
2013-04-23,46,0.05
2013-04-24,34,0.037
2013-04-25,41,0.044
2013-04-26,48,0.052
2013-04-27,46,0.05
2013-04-28,22,0.024
2013-04-29,34,0.037
2013-04-30,38,0.041
2013-05-01,31,0.034
2013-05-02,23,0.025
2013-05-03,30,0.032
2013-05-04,26,0.028
2013-05-05,34,0.037
2013-05-06,27,0.029
2013-05-07,30,0.032
2013-05-08,37,0.04
2013-05-09,43,0.046
2013-05-10,39,0.042
2013-05-11,32,0.035
2013-05-12,44,0.047
2013-05-13,46,0.05
2013-05-14,49,0.053
2013-05-15,67,0.06
2013-05-16,71,0.061
2013-05-17,44,0.047
2013-05-18,31,0.033
2013-05-19,15,0.016
2013-05-20,41,0.044
2013-05-21,46,0.05
2013-05-22,34,0.037
2013-05-23,44,0.047
2013-05-24,35,0.038
2013-05-25,50,0.054
2013-05-26,77,0.063
2013-05-27,47,0.051
2013-05-28,48,0.052
2013-05-29,34,0.037
2013-05-30,24,0.026
2013-05-31,40,0.043
2013-06-01,25,0.027
2013-06-02,19,0.02
2013-06-03,34,0.037
2013-06-04,67,0.06
2013-06-05,22,0.024
2013-06-06,18,0.019
2013-06-07,31,0.034
2013-06-08,41,0.044
2013-06-09,19,0.021
2013-06-10,24,0.026
2013-06-11,37,0.04
2013-06-12,58,0.057
2013-06-13,34,0.037
2013-06-14,58,0.057
2013-06-15,45,0.049
2013-06-16,35,0.038
2013-06-17,31,0.033
2013-06-18,25,0.027
2013-06-19,33,0.036
2013-06-20,40,0.043
2013-06-21,44,0.047
2013-06-22,46,0.05
2013-06-23,29,0.031
2013-06-24,19,0.02
2013-06-25,29,0.031
2013-06-26,28,0.03
2013-06-27,30,0.032
2013-06-28,42,0.045
2013-06-29,37,0.04
2013-06-30,39,0.042
2013-07-01,29,0.031
2013-07-02,35,0.038
2013-07-03,15,0.016
2013-07-04,14,0.015
2013-07-05,13,0.014
2013-07-06,15,0.016
2013-07-07,12,0.013
2013-07-08,23,0.025
2013-07-09,30,0.032
2013-07-10,27,0.029
2013-07-11,15,0.016
2013-07-12,42,0.045
2013-07-13,16,0.017
2013-07-14,17,0.018
2013-07-15,17,0.018
2013-07-16,19,0.021
2013-07-17,46,0.05
2013-07-18,39,0.042
2013-07-19,50,0.054
2013-07-20,26,0.028
2013-07-21,25,0.027
2013-07-22,22,0.024
2013-07-23,31,0.033
2013-07-24,34,0.037
2013-07-25,74,0.062
2013-07-26,31,0.033
2013-07-27,29,0.031
2013-07-28,40,0.043
2013-07-29,47,0.051
2013-07-30,140,0.082
2013-07-31,19,0.02
2013-08-01,32,0.035
2013-08-02,58,0.057
2013-08-03,36,0.039
2013-08-04,37,0.04
2013-08-05,35,0.038
2013-08-06,54,0.056
2013-08-07,24,0.026
2013-08-08,19,0.02
2013-08-09,27,0.029
2013-08-10,27,0.029
2013-08-11,31,0.033
2013-08-12,26,0.028
2013-08-13,31,0.034
2013-08-14,22,0.024
2013-08-15,25,0.027
2013-08-16,24,0.026
2013-08-17,19,0.02
2013-08-18,11,0.012
2013-08-19,14,0.015
2013-08-20,14,0.015
2013-08-21,20,0.022
2013-08-22,32,0.035
2013-08-23,38,0.041
2013-08-24,32,0.035
2013-08-25,33,0.036
2013-08-26,37,0.04
2013-08-27,51,0.055
2013-08-28,64,0.059
2013-08-29,44,0.048
2013-08-30,30,0.032
2013-08-31,43,0.046
2013-09-01,28,0.03
2013-09-02,33,0.036
2013-09-03,38,0.041
2013-09-04,50,0.054
2013-09-05,90,0.067
2013-09-06,46,0.05
2013-09-07,61,0.058
2013-09-08,46,0.05
2013-09-09,40,0.043
2013-09-10,39,0.042
2013-09-11,47,0.051
2013-09-12,45,0.049
2013-09-13,44,0.048
2013-09-14,40,0.043
2013-09-15,33,0.036
2013-09-16,54,0.056
2013-09-17,35,0.038
2013-09-18,35,0.038
2013-09-19,64,0.059
2013-09-20,45,0.049
2013-09-21,19,0.02
2013-09-22,33,0.036
2013-09-23,36,0.039
2013-09-24,27,0.029
2013-09-25,17,0.018
2013-09-26,36,0.039
2013-09-27,42,0.045
2013-09-28,37,0.04
2013-09-29,34,0.037
2013-09-30,32,0.035
2013-10-01,42,0.045
2013-10-02,44,0.047
2013-10-03,46,0.05
2013-10-04,45,0.049
2013-10-05,44,0.048
2013-10-06,33,0.036
2013-10-07,21,0.023
2013-10-08,26,0.028
2013-10-09,34,0.037
2013-10-10,30,0.032
2013-10-11,39,0.042
2013-10-12,39,0.042
2013-10-13,36,0.039
2013-10-14,22,0.024
2013-10-15,19,0.021
2013-10-16,27,0.029
2013-10-17,14,0.015
2013-10-18,24,0.026
2013-10-19,14,0.015
2013-10-20,31,0.033
2013-10-21,30,0.032
2013-10-22,16,0.017
2013-10-23,28,0.03
2013-10-24,28,0.03
2013-10-25,24,0.026
2013-10-26,31,0.033
2013-10-27,32,0.035
2013-10-28,8,0.009
2013-10-29,34,0.037
2013-10-30,37,0.04
2013-10-31,34,0.037
2013-11-01,23,0.025
2013-11-02,31,0.034
2013-11-03,31,0.034
2013-11-04,30,0.032
2013-11-05,29,0.031
2013-11-06,28,0.03
2013-11-07,18,0.019
2013-11-08,27,0.029
2013-11-09,26,0.028
2013-11-10,32,0.035
2013-11-11,37,0.04
2013-11-12,19,0.021
2013-11-13,25,0.027
2013-11-14,31,0.034
2013-11-15,8,0.009
2013-11-16,23,0.025
2013-11-17,14,0.015
2013-11-18,31,0.034
2013-11-19,31,0.034
2013-11-20,26,0.028
2013-11-21,20,0.022
2013-11-22,12,0.013
2013-11-23,20,0.022
2013-11-24,26,0.028
2013-11-25,29,0.031
2013-11-26,12,0.013
2013-11-27,19,0.02
2013-11-28,18,0.019
2013-11-29,21,0.023
2013-11-30,29,0.031
2013-12-01,24,0.026
2013-12-02,9,0.01
2013-12-03,10,0.011
2013-12-04,20,0.022
2013-12-05,18,0.019
2013-12-06,19,0.021
2013-12-07,8,0.009
2013-12-08,13,0.014
2013-12-09,2,0.002
2013-12-10,21,0.023
2013-12-11,18,0.019
2013-12-12,22,0.024
2013-12-13,24,0.026
2013-12-14,15,0.016
2013-12-15,22,0.024
2013-12-16,19,0.021
2013-12-17,28,0.03
2013-12-18,28,0.03
2013-12-19,26,0.028
2013-12-20,16,0.017
2013-12-21,21,0.023
2013-12-22,22,0.024
2013-12-23,18,0.019
2013-12-24,25,0.027
2013-12-25,29,0.031
2013-12-26,23,0.025
2013-12-27,22,0.024
2013-12-28,29,0.031
2013-12-29,23,0.025
2013-12-30,11,0.012
2013-12-31,19,0.021
2014-01-01,19,0.02
2014-01-02,26,0.028
2014-01-03,29,0.031
2014-01-04,25,0.027
2014-01-05,16,0.017
2014-01-06,30,0.032
2014-01-07,27,0.029
2014-01-08,24,0.026
2014-01-09,25,0.027
2014-01-10,12,0.013
2014-01-11,29,0.031
2014-01-12,31,0.034
2014-01-13,29,0.031
2014-01-14,31,0.033
2014-01-15,26,0.028
2014-01-16,27,0.029
2014-01-17,31,0.033
2014-01-18,31,0.033
2014-01-19,31,0.033
2014-01-20,31,0.034
2014-01-21,28,0.03
2014-01-22,28,0.03
2014-01-23,26,0.028
2014-01-24,26,0.028
2014-01-25,31,0.033
2014-01-26,33,0.036
2014-01-27,34,0.037
2014-01-28,19,0.021
2014-01-29,28,0.03
2014-01-30,33,0.036
2014-01-31,16,0.017
2014-02-01,31,0.033
2014-02-02,26,0.028
2014-02-03,10,0.011
2014-02-04,13,0.014
2014-02-05,23,0.025
2014-02-06,19,0.021
2014-02-07,22,0.024
2014-02-08,31,0.034
2014-02-09,37,0.04
2014-02-10,13,0.014
2014-02-11,23,0.025
2014-02-12,29,0.031
2014-02-13,33,0.036
2014-02-14,38,0.041
2014-02-15,35,0.038
2014-02-16,38,0.041
2014-02-17,44,0.048
2014-02-18,35,0.038
2014-02-19,27,0.029
2014-02-20,30,0.032
2014-02-21,32,0.035
2014-02-22,36,0.039
2014-02-23,43,0.046
2014-02-24,33,0.036
2014-02-25,33,0.036
2014-02-26,27,0.029
2014-02-27,31,0.034
2014-02-28,41,0.044
2014-03-01,42,0.045
2014-03-02,50,0.054
2014-03-03,21,0.023
2014-03-04,31,0.034
2014-03-05,30,0.032
2014-03-06,26,0.028
2014-03-07,31,0.034
2014-03-08,44,0.048
2014-03-09,49,0.053
2014-03-10,44,0.048
2014-03-11,49,0.053
2014-03-12,34,0.037
2014-03-13,36,0.039
2014-03-14,50,0.054
2014-03-15,49,0.053
2014-03-16,33,0.036
2014-03-17,16,0.017
2014-03-18,21,0.023
2014-03-19,23,0.025
2014-03-20,37,0.04
2014-03-21,48,0.052
2014-03-22,71,0.061
2014-03-23,39,0.042
2014-03-24,41,0.044
2014-03-25,37,0.04
2014-03-26,38,0.041
2014-03-27,54,0.056
2014-03-28,29,0.031
2014-03-29,31,0.034
2014-03-30,40,0.043
2014-03-31,42,0.045
2014-04-01,54,0.056
2014-04-02,45,0.049
2014-04-03,41,0.044
2014-04-04,40,0.043
2014-04-05,45,0.049
2014-04-06,31,0.034
2014-04-07,26,0.028
2014-04-08,44,0.047
2014-04-09,46,0.05
2014-04-10,61,0.058
2014-04-11,58,0.057
2014-04-12,54,0.056
2014-04-13,44,0.047
2014-04-14,24,0.026
2014-04-15,28,0.03
2014-04-16,44,0.047
2014-04-17,44,0.048
2014-04-18,33,0.036
2014-04-19,40,0.043
2014-04-20,61,0.058
2014-04-21,84,0.065
2014-04-22,31,0.034
2014-04-23,51,0.055
2014-04-24,71,0.061
2014-04-25,45,0.049
2014-04-26,58,0.057
2014-04-27,43,0.046
2014-04-28,21,0.023
2014-04-29,31,0.033
2014-04-30,39,0.042
2014-05-01,37,0.04
2014-05-02,48,0.052
2014-05-03,49,0.053
2014-05-04,58,0.057
2014-05-05,58,0.057
2014-05-06,77,0.063
2014-05-07,47,0.051
2014-05-08,51,0.055
2014-05-09,31,0.034
2014-05-10,27,0.029
2014-05-11,38,0.041
2014-05-12,35,0.038
2014-05-13,46,0.05
2014-05-14,31,0.034
2014-05-15,24,0.026
2014-05-16,45,0.049
2014-05-17,44,0.047
2014-05-18,24,0.026
2014-05-19,39,0.042
2014-05-20,47,0.051
2014-05-21,51,0.055
2014-05-22,44,0.047
2014-05-23,54,0.056
2014-05-24,58,0.057
2014-05-25,71,0.061
2014-05-26,45,0.049
2014-05-27,41,0.044
2014-05-28,40,0.043
2014-05-29,38,0.041
2014-05-30,32,0.035
2014-05-31,40,0.043
2014-06-01,34,0.037
2014-06-02,37,0.04
2014-06-03,44,0.048
2014-06-04,37,0.04
2014-06-05,44,0.048
2014-06-06,30,0.032
2014-06-07,46,0.05
2014-06-08,28,0.03
2014-06-09,37,0.04
2014-06-10,20,0.022
2014-06-11,31,0.033
2014-06-12,35,0.038
2014-06-13,31,0.033
2014-06-14,61,0.058
2014-06-15,44,0.047
2014-06-16,119,0.076
2014-06-17,93,0.068
2014-06-18,74,0.062
2014-06-19,100,0.07
2014-06-20,38,0.041
2014-06-21,34,0.037
2014-06-22,44,0.047
2014-06-23,44,0.048
2014-06-24,32,0.035
2014-06-25,41,0.044
2014-06-26,33,0.036
2014-06-27,38,0.041
2014-06-28,29,0.031
2014-06-29,41,0.044
2014-06-30,23,0.025
2014-07-01,41,0.044
2014-07-02,74,0.062
2014-07-03,47,0.051
2014-07-04,44,0.048
2014-07-05,41,0.044
2014-07-06,41,0.044
2014-07-07,44,0.047
2014-07-08,41,0.044
2014-07-09,44,0.048
2014-07-10,46,0.05
2014-07-11,39,0.042
2014-07-12,34,0.037
2014-07-13,45,0.049
2014-07-14,33,0.036
2014-07-15,37,0.04
2014-07-16,44,0.047
2014-07-17,45,0.049
2014-07-18,38,0.041
2014-07-19,23,0.025
2014-07-20,12,0.013
2014-07-21,31,0.034
2014-07-22,27,0.029
2014-07-23,38,0.041
2014-07-24,29,0.031
2014-07-25,36,0.039
2014-07-26,45,0.049
2014-07-27,33,0.036
2014-07-28,38,0.041
2014-07-29,40,0.043
2014-07-30,49,0.053
2014-07-31,35,0.038
2014-08-01,31,0.033
2014-08-02,35,0.038
2014-08-03,39,0.042
2014-08-04,49,0.053
2014-08-05,80,0.064
2014-08-06,80,0.064
2014-08-07,105,0.072
2014-08-08,33,0.036
2014-08-09,47,0.051
2014-08-10,27,0.029
2014-08-11,25,0.027
2014-08-12,36,0.039
2014-08-13,44,0.048
2014-08-14,49,0.053
2014-08-15,122,0.077
2014-08-16,47,0.051
2014-08-17,31,0.033
2014-08-18,29,0.031
2014-08-19,27,0.029
2014-08-20,26,0.028
2014-08-21,35,0.038
2014-08-22,32,0.035
2014-08-23,32,0.035
2014-08-24,27,0.029
2014-08-25,34,0.037
2014-08-26,47,0.051
2014-08-27,74,0.062
2014-08-28,77,0.063
2014-08-29,64,0.059
2014-08-30,30,0.032
2014-08-31,21,0.023
2014-09-01,27,0.029
2014-09-02,24,0.026
2014-09-03,32,0.035
2014-09-04,20,0.022
2014-09-05,27,0.029
2014-09-06,34,0.037
2014-09-07,30,0.032
2014-09-08,21,0.023
2014-09-09,34,0.037
2014-09-10,31,0.033
2014-09-11,29,0.031
2014-09-12,36,0.039
2014-09-13,27,0.029
2014-09-14,12,0.013
2014-09-15,24,0.026
2014-09-16,33,0.036
2014-09-17,37,0.04
2014-09-18,50,0.054
2014-09-19,34,0.037
2014-09-20,36,0.039
2014-09-21,41,0.044
2014-09-22,33,0.036
2014-09-23,32,0.035
2014-09-24,39,0.042
2014-09-25,20,0.022
2014-09-26,18,0.019
2014-09-27,27,0.029
2014-09-28,19,0.021
2014-09-29,12,0.013
2014-09-30,36,0.039
2014-10-01,45,0.049
2014-10-02,35,0.038
2014-10-03,19,0.021
2014-10-04,27,0.029
2014-10-05,34,0.037
2014-10-06,42,0.045
2014-10-07,41,0.044
2014-10-08,32,0.035
2014-10-09,31,0.034
2014-10-10,35,0.038
2014-10-11,23,0.025
2014-10-12,31,0.033
2014-10-13,31,0.033
2014-10-14,19,0.021
2014-10-15,20,0.022
2014-10-16,23,0.025
2014-10-17,37,0.04
2014-10-18,33,0.036
2014-10-19,31,0.033
2014-10-20,32,0.035
2014-10-21,33,0.036
2014-10-22,27,0.029
2014-10-23,20,0.022
2014-10-24,24,0.026
2014-10-25,35,0.038
2014-10-26,38,0.041
2014-10-27,50,0.054
2014-10-28,32,0.035
2014-10-29,17,0.018
2014-10-30,28,0.03
2014-10-31,20,0.022
2014-11-01,18,0.019
2014-11-02,29,0.031
2014-11-03,32,0.035
2014-11-04,39,0.042
2014-11-05,23,0.025
2014-11-06,29,0.031
2014-11-07,22,0.024
2014-11-08,26,0.028
2014-11-09,31,0.034
2014-11-10,39,0.042
2014-11-11,31,0.033
2014-11-12,14,0.015
2014-11-13,13,0.014
2014-11-14,17,0.018
2014-11-15,26,0.028
2014-11-16,23,0.025
2014-11-17,22,0.024
2014-11-18,25,0.027
2014-11-19,30,0.032
2014-11-20,33,0.036
2014-11-21,29,0.031
2014-11-22,34,0.037
2014-11-23,22,0.024
2014-11-24,26,0.028
2014-11-25,21,0.023
2014-11-26,25,0.027
2014-11-27,20,0.022
2014-11-28,24,0.026
2014-11-29,30,0.032
2014-11-30,30,0.032
2014-12-01,24,0.026
2014-12-02,30,0.032
2014-12-03,12,0.013
2014-12-04,15,0.016
2014-12-05,13,0.014
2014-12-06,12,0.013
2014-12-07,27,0.029
2014-12-08,24,0.026
2014-12-09,13,0.014
2014-12-10,12,0.013
2014-12-11,18,0.019
2014-12-12,20,0.022
2014-12-13,25,0.027
2014-12-14,21,0.023
2014-12-15,11,0.012
2014-12-16,20,0.022
2014-12-17,10,0.011
2014-12-18,4,0.004
2014-12-19,11,0.012
2014-12-20,12,0.013
2014-12-21,19,0.021
2014-12-22,10,0.011
2014-12-23,5,0.005
2014-12-24,19,0.021
2014-12-25,19,0.02
2014-12-26,13,0.014
2014-12-27,20,0.022
2014-12-28,17,0.018
2014-12-29,13,0.014
2014-12-30,11,0.012
2014-12-31,12,0.013
2015-01-01,23,0.025
2015-01-02,18,0.019
2015-01-03,15,0.016
2015-01-04,23,0.025
2015-01-05,18,0.019
2015-01-06,23,0.025
2015-01-07,23,0.025
2015-01-08,26,0.028
2015-01-09,23,0.025
2015-01-10,29,0.031
2015-01-11,27,0.029
2015-01-12,7,0.008
2015-01-13,9,0.01
2015-01-14,6,0.006
2015-01-15,9,0.01
2015-01-16,19,0.02
2015-01-17,30,0.032
2015-01-18,33,0.036
2015-01-19,31,0.034
2015-01-20,40,0.043
2015-01-21,31,0.033
2015-01-22,22,0.024
2015-01-23,21,0.023
2015-01-24,25,0.027
2015-01-25,35,0.038
2015-01-26,15,0.016
2015-01-27,19,0.02
2015-01-28,25,0.027
2015-01-29,32,0.035
2015-01-30,23,0.025
2015-01-31,23,0.025
2015-02-01,29,0.031
2015-02-02,19,0.021
2015-02-03,19,0.02
2015-02-04,19,0.021
2015-02-05,25,0.027
2015-02-06,27,0.029
2015-02-07,44,0.048
2015-02-08,39,0.042
2015-02-09,17,0.018
2015-02-10,16,0.017
2015-02-11,21,0.023
2015-02-12,27,0.029
2015-02-13,26,0.028
2015-02-14,40,0.043
2015-02-15,30,0.032
2015-02-16,28,0.03
2015-02-17,23,0.025
2015-02-18,31,0.034
2015-02-19,30,0.032
2015-02-20,30,0.032
2015-02-21,32,0.035
2015-02-22,10,0.011
2015-02-23,20,0.022
2015-02-24,13,0.014
2015-02-25,13,0.014
2015-02-26,25,0.027
2015-02-27,31,0.034
2015-02-28,40,0.043
2015-03-01,22,0.024
2015-03-02,16,0.017
2015-03-03,13,0.014
2015-03-04,20,0.022
2015-03-05,26,0.028
2015-03-06,24,0.026
2015-03-07,39,0.042
2015-03-08,46,0.05
2015-03-09,35,0.038
2015-03-10,26,0.028
2015-03-11,15,0.016
2015-03-12,29,0.031
2015-03-13,30,0.032
2015-03-14,17,0.018
2015-03-15,36,0.039
2015-03-16,41,0.044
2015-03-17,39,0.042
2015-03-18,47,0.051
2015-03-19,25,0.027
2015-03-20,13,0.014
2015-03-21,38,0.041
2015-03-22,31,0.034
2015-03-23,36,0.039
2015-03-24,39,0.042
2015-03-25,31,0.034
2015-03-26,39,0.042
2015-03-27,32,0.035
2015-03-28,38,0.041
2015-03-29,45,0.049
2015-03-30,36,0.039
2015-03-31,37,0.04
2015-04-01,50,0.054
2015-04-02,31,0.034
2015-04-03,39,0.042
2015-04-04,36,0.039
2015-04-05,41,0.044
2015-04-06,31,0.034
2015-04-07,33,0.036
2015-04-08,42,0.045
2015-04-09,36,0.039
2015-04-10,22,0.024
2015-04-11,44,0.048
2015-04-12,26,0.028
2015-04-13,19,0.021
2015-04-14,28,0.03
2015-04-15,21,0.023
2015-04-16,20,0.022
2015-04-17,12,0.013
2015-04-18,20,0.022
2015-04-19,25,0.027
2015-04-20,40,0.043
2015-04-21,40,0.043
2015-04-22,45,0.049
2015-04-23,35,0.038
2015-04-24,71,0.061
2015-04-25,27,0.029
2015-04-26,39,0.042
2015-04-27,42,0.045
2015-04-28,44,0.047
2015-04-29,31,0.034
2015-04-30,46,0.05
2015-05-01,42,0.045
2015-05-02,67,0.06
2015-05-03,51,0.055
2015-05-04,58,0.057
2015-05-05,45,0.049
2015-05-06,51,0.055
2015-05-07,64,0.059
2015-05-08,112,0.074
2015-05-09,54,0.056
2015-05-10,74,0.062
2015-05-11,45,0.049
2015-05-12,33,0.036
2015-05-13,101,0.071
2015-05-14,48,0.052
2015-05-15,44,0.047
2015-05-16,50,0.054
2015-05-17,37,0.04
2015-05-18,27,0.029
2015-05-19,33,0.036
2015-05-20,46,0.05
2015-05-21,36,0.039
2015-05-22,50,0.054
2015-05-23,50,0.054
2015-05-24,38,0.041
2015-05-25,31,0.033
2015-05-26,20,0.022
2015-05-27,31,0.034
2015-05-28,20,0.022
2015-05-29,31,0.033
2015-05-30,30,0.032
2015-05-31,22,0.024
2015-06-01,30,0.032
2015-06-02,48,0.052
2015-06-03,31,0.034
2015-06-04,32,0.035
2015-06-05,77,0.063
2015-06-06,61,0.058
2015-06-07,50,0.054
2015-06-08,40,0.043
2015-06-09,36,0.039
2015-06-10,47,0.051
2015-06-11,44,0.047
2015-06-12,25,0.027
2015-06-13,35,0.038
2015-06-14,34,0.037
2015-06-15,77,0.063
2015-06-16,47,0.051
2015-06-17,61,0.058
2015-06-18,48,0.052
2015-06-19,31,0.033
2015-06-20,21,0.023
2015-06-21,32,0.035
2015-06-22,45,0.049
2015-06-23,27,0.029
2015-06-24,44,0.047
2015-06-25,71,0.061
2015-06-26,44,0.047
2015-06-27,24,0.026
2015-06-28,44,0.048
2015-06-29,49,0.053
2015-06-30,40,0.043
2015-07-01,34,0.037
2015-07-02,23,0.025
2015-07-03,21,0.023
2015-07-04,24,0.026
2015-07-05,32,0.035
2015-07-06,31,0.033
2015-07-07,31,0.033
2015-07-08,31,0.034
2015-07-09,34,0.037
2015-07-10,48,0.052
2015-07-11,33,0.036
2015-07-12,33,0.036
2015-07-13,41,0.044
2015-07-14,35,0.038
2015-07-15,39,0.042
2015-07-16,64,0.059
2015-07-17,74,0.062
2015-07-18,100,0.07
2015-07-19,30,0.032
2015-07-20,40,0.043
2015-07-21,28,0.03
2015-07-22,51,0.055
2015-07-23,26,0.028
2015-07-24,41,0.044
2015-07-25,36,0.039
2015-07-26,48,0.052
2015-07-27,74,0.062
2015-07-28,74,0.062
2015-07-29,61,0.058
2015-07-30,84,0.065
2015-07-31,47,0.051
2015-08-01,46,0.05
2015-08-02,64,0.059
2015-08-03,105,0.072
2015-08-04,150,0.085
2015-08-05,71,0.061
2015-08-06,33,0.036
2015-08-07,37,0.04
2015-08-08,47,0.051
2015-08-09,42,0.045
2015-08-10,40,0.043
2015-08-11,39,0.042
2015-08-12,45,0.049
2015-08-13,40,0.043
2015-08-14,41,0.044
2015-08-18,19,0.021
2015-08-19,19,0.021
2015-08-20,26,0.028
2015-08-21,39,0.042
2015-08-22,64,0.059
2015-08-23,31,0.033
2015-08-24,39,0.042
2015-08-25,47,0.051
2015-08-26,47,0.051
2015-08-27,43,0.046
2015-08-28,34,0.037
2015-08-29,34,0.037
2015-08-30,26,0.028
2015-08-31,31,0.034
2015-09-01,51,0.055
2015-09-02,74,0.062
2015-09-03,32,0.035
2015-09-04,58,0.057
2015-09-05,45,0.049
2015-09-06,30,0.032
2015-09-07,23,0.025
2015-09-08,24,0.026
2015-09-09,24,0.026
2015-09-10,29,0.031
2015-09-11,38,0.041
2015-09-12,29,0.031
2015-09-13,31,0.033
2015-09-14,37,0.04
2015-09-15,39,0.042
2015-09-16,37,0.04
2015-09-17,44,0.047
2015-09-18,41,0.044
2015-09-19,64,0.059
2015-09-20,51,0.055
2015-09-21,19,0.02
2015-09-22,27,0.029
2015-09-23,30,0.032
2015-09-24,23,0.025
2015-09-25,16,0.017
2015-09-26,13,0.014
2015-09-27,13,0.014
2015-09-28,6,0.006
2015-09-29,5,0.005
2015-09-30,25,0.027
2015-10-01,11,0.012
2015-10-02,9,0.01
2015-10-03,8,0.009
2015-10-04,11,0.012
2015-10-05,15,0.016
2015-10-06,29,0.031
2015-10-07,51,0.055
2015-10-08,36,0.039
2015-10-09,29,0.031
2015-10-10,19,0.021
2015-10-11,26,0.028
2015-10-12,32,0.035
2015-10-13,35,0.038
2015-10-14,33,0.036
2015-10-15,41,0.044
2015-10-16,36,0.039
2015-10-17,32,0.035
2015-10-18,33,0.036
2015-10-19,36,0.039
2015-10-20,38,0.041
2015-10-21,40,0.043
2015-10-22,31,0.034
2015-10-23,34,0.037
2015-10-24,30,0.032
2015-10-25,18,0.019
2015-10-26,15,0.016
2015-10-27,10,0.011
2015-10-28,17,0.018
2015-10-29,14,0.015
2015-10-30,24,0.026
2015-10-31,17,0.018
2015-11-01,14,0.015
2015-11-02,13,0.014
2015-11-03,6,0.006
2015-11-04,6,0.007
2015-11-05,2,0.002
2015-11-06,9,0.01
2015-11-07,16,0.017
2015-11-08,22,0.024
2015-11-09,15,0.016
2015-11-10,16,0.017
2015-11-11,31,0.033
2015-11-12,26,0.028
2015-11-13,28,0.03
2015-11-14,31,0.034
2015-11-15,30,0.032
2015-11-16,31,0.033
2015-11-17,33,0.036
2015-11-18,24,0.026
2015-11-19,24,0.026
2015-11-20,25,0.027
2015-11-21,24,0.026
2015-11-22,26,0.028
2015-11-23,27,0.029
2015-11-24,29,0.031
2015-11-25,28,0.03
2015-11-26,35,0.038
2015-11-27,33,0.036
2015-11-28,27,0.029
2015-11-29,29,0.031
2015-11-30,24,0.026
2015-12-01,10,0.011
2015-12-02,17,0.018
2015-12-03,15,0.016
2015-12-04,25,0.027
2015-12-05,29,0.031
2015-12-06,30,0.032
2015-12-07,29,0.031
2015-12-08,24,0.026
2015-12-09,31,0.034
2015-12-10,31,0.033
2015-12-11,24,0.026
2015-12-12,27,0.029
2015-12-13,28,0.03
2015-12-14,26,0.028
2015-12-15,21,0.023
2015-12-16,31,0.034
2015-12-17,12,0.013
2015-12-18,22,0.024
2015-12-19,24,0.026
2015-12-20,29,0.031
2015-12-21,19,0.02
2015-12-22,11,0.012
2015-12-23,23,0.025
2015-12-24,22,0.024
2015-12-25,20,0.022
2015-12-26,19,0.021
2015-12-27,19,0.02
2015-12-28,20,0.022
2015-12-29,26,0.028
2015-12-30,6,0.006
2015-12-31,11,0.012
2016-01-01,20,0.022
2016-01-02,22,0.024
2016-01-03,26,0.028
2016-01-04,24,0.026
2016-01-05,28,0.03
2016-01-06,23,0.025
2016-01-07,26,0.028
2016-01-08,14,0.015
2016-01-09,13,0.014
2016-01-10,20,0.022
2016-01-11,19,0.021
2016-01-12,27,0.029
2016-01-13,29,0.031
2016-01-14,33,0.036
2016-01-15,18,0.019
2016-01-16,27,0.029
2016-01-17,23,0.025
2016-01-18,29,0.031
2016-01-19,24,0.026
2016-01-20,13,0.014
2016-01-21,21,0.023
2016-01-22,19,0.02
2016-01-23,27,0.029
2016-01-24,24,0.026
2016-01-25,35,0.038
2016-01-26,17,0.018
2016-01-27,6,0.007
2016-01-28,11,0.012
2016-01-29,29,0.031
2016-01-30,41,0.044
2016-01-31,38,0.041
2016-02-01,2,0.002
2016-02-02,32,0.035
2016-02-03,20,0.022
2016-02-04,26,0.028
2016-02-05,32,0.035
2016-02-06,34,0.037
2016-02-07,38,0.041
2016-02-08,31,0.034
2016-02-09,25,0.027
2016-02-10,31,0.033
2016-02-11,27,0.029
2016-02-12,39,0.042
2016-02-13,33,0.036
2016-02-14,40,0.043
2016-02-15,27,0.029
2016-02-16,32,0.035
2016-02-17,25,0.027
2016-02-18,32,0.035
2016-02-19,41,0.044
2016-02-20,30,0.032
2016-02-21,25,0.027
2016-02-22,15,0.016
2016-02-23,21,0.023
2016-02-24,27,0.029
2016-02-25,30,0.032
2016-02-26,31,0.033
2016-02-27,35,0.038
2016-02-28,47,0.051
2016-02-29,2,0.002
2016-03-01,42,0.045
2016-03-02,28,0.03
2016-03-03,19,0.02
2016-03-04,27,0.029
2016-03-05,33,0.036
2016-03-06,42,0.045
2016-03-07,44,0.048
2016-03-08,44,0.048
2016-03-09,40,0.043
2016-03-10,37,0.04
2016-03-11,35,0.038
2016-03-12,35,0.038
2016-03-13,34,0.037
2016-03-14,36,0.039
2016-03-15,48,0.052
2016-03-16,44,0.047
2016-03-17,43,0.046
2016-03-18,54,0.056
2016-03-19,35,0.038
2016-03-20,36,0.039
2016-03-21,36,0.039
2016-03-22,45,0.049
2016-03-23,46,0.05
2016-03-24,37,0.04
2016-03-25,34,0.037
2016-03-26,7,0.008
2016-03-27,13,0.014
2016-03-28,36,0.039
2016-03-29,44,0.048
2016-03-30,48,0.052
2016-03-31,31,0.033
2016-04-01,19,0.02
2016-04-02,38,0.041
2016-04-03,43,0.046
2016-04-04,43,0.046
2016-04-05,37,0.04
2016-04-06,39,0.042
2016-04-07,33,0.036
2016-04-08,33,0.036
2016-04-09,40,0.043
2016-04-10,41,0.044
2016-04-11,35,0.038
2016-04-12,31,0.034
2016-04-13,30,0.032
2016-04-14,37,0.04
2016-04-15,42,0.045
2016-04-16,43,0.046
2016-04-17,50,0.054
2016-04-18,61,0.058
2016-04-19,100,0.07
2016-04-20,84,0.065
2016-04-21,43,0.046
2016-04-22,31,0.033
2016-04-23,40,0.043
2016-04-24,47,0.051
2016-04-25,48,0.052
2016-04-26,45,0.049
2016-04-27,40,0.043
2016-04-28,44,0.047
2016-04-29,112,0.074
2016-04-30,42,0.045
2016-05-01,30,0.032
2016-05-02,32,0.035
2016-05-03,33,0.036
2016-05-04,42,0.045
2016-05-05,36,0.039
2016-05-06,37,0.04
2016-05-07,50,0.054
2016-05-08,54,0.056
2016-05-09,51,0.055
2016-05-10,45,0.049
2016-05-11,45,0.049
2016-05-12,42,0.045
2016-05-13,44,0.047
2016-05-14,47,0.051
2016-05-15,44,0.048
2016-05-16,45,0.049
2016-05-17,34,0.037
2016-05-18,38,0.041
2016-05-19,27,0.029
2016-05-20,10,0.011
2016-05-21,34,0.037
2016-05-22,44,0.047
2016-05-23,71,0.061
2016-05-24,112,0.074
2016-05-25,93,0.068
2016-05-26,71,0.061
2016-05-27,50,0.054
2016-05-28,48,0.052
2016-05-29,44,0.047
2016-05-30,58,0.057
2016-05-31,84,0.065
2016-06-01,48,0.052
2016-06-02,45,0.049
2016-06-03,44,0.048
2016-06-04,29,0.031
2016-06-05,24,0.026
2016-06-06,19,0.021
2016-06-07,49,0.053
2016-06-08,67,0.06
2016-06-09,100,0.07
2016-06-10,140,0.082
2016-06-11,126,0.078
2016-06-12,39,0.042
2016-06-13,112,0.074
2016-06-14,74,0.062
2016-06-15,29,0.031
2016-06-16,47,0.051
2016-06-17,33,0.036
2016-06-18,33,0.036
2016-06-19,37,0.04
2016-06-20,84,0.065
2016-06-21,77,0.063
2016-06-22,47,0.051
2016-06-23,47,0.051
2016-06-24,44,0.048
2016-06-25,77,0.063
2016-06-26,43,0.046
2016-06-27,80,0.064
2016-06-28,45,0.049
2016-06-29,90,0.067
2016-06-30,143,0.083
2016-07-01,87,0.066
2016-07-02,80,0.064
2016-07-03,58,0.057
2016-07-04,36,0.039
2016-07-05,19,0.02
2016-07-06,22,0.024
2016-07-07,27,0.029
2016-07-08,31,0.034
2016-07-09,32,0.035
2016-07-10,50,0.054
2016-07-11,39,0.042
2016-07-12,41,0.044
2016-07-13,48,0.052
2016-07-14,49,0.053
2016-07-15,43,0.046
2016-07-16,40,0.043
2016-07-17,34,0.037
2016-07-18,44,0.047
2016-07-19,71,0.061
2016-07-20,101,0.071
2016-07-21,49,0.053
2016-07-22,77,0.063
2016-07-23,39,0.042
2016-07-24,36,0.039
2016-07-25,74,0.062
2016-07-26,44,0.048
2016-07-27,31,0.034
2016-07-28,26,0.028
2016-07-29,29,0.031
2016-07-30,25,0.027
2016-07-31,48,0.052
2016-08-01,51,0.055
2016-08-02,31,0.033
2016-08-03,74,0.062
2016-08-04,42,0.045
2016-08-05,71,0.061
2016-08-06,54,0.056
2016-08-07,39,0.042
2016-08-08,32,0.035
2016-08-09,27,0.029
2016-08-10,20,0.022
2016-08-11,22,0.024
2016-08-12,26,0.028
2016-08-13,23,0.025
2016-08-14,28,0.03
2016-08-15,35,0.038
2016-08-16,28,0.03
2016-08-17,49,0.053
2016-08-18,47,0.051
2016-08-19,30,0.032
2016-08-20,27,0.029
2016-08-21,18,0.019
2016-08-22,44,0.048
2016-08-23,84,0.065
2016-08-24,21,0.023
2016-08-25,80,0.064
2016-08-26,46,0.05
2016-08-27,35,0.038
2016-08-28,37,0.04
2016-08-29,40,0.043
2016-08-30,35,0.038
2016-08-31,42,0.045
2016-09-01,36,0.039
2016-09-02,23,0.025
2016-09-03,29,0.031
2016-09-04,31,0.034
2016-09-05,36,0.039
2016-09-06,64,0.059
2016-09-07,64,0.059
2016-09-08,67,0.06
2016-09-09,54,0.056
2016-09-10,45,0.049
2016-09-11,44,0.048
2016-09-12,42,0.045
2016-09-13,34,0.037
2016-09-14,36,0.039
2016-09-15,47,0.051
2016-09-16,42,0.045
2016-09-17,33,0.036
2016-09-18,11,0.012
2016-09-19,30,0.032
2016-09-20,41,0.044
2016-09-21,46,0.05
2016-09-22,38,0.041
2016-09-23,40,0.043
2016-09-24,74,0.062
2016-09-25,48,0.052
2016-09-26,44,0.047
2016-09-27,38,0.041
2016-09-28,44,0.047
2016-09-29,34,0.037
2016-09-30,37,0.04
2016-10-01,46,0.05
2016-10-02,58,0.057
2016-10-03,54,0.056
2016-10-04,44,0.047
2016-10-05,45,0.049
2016-10-06,35,0.038
2016-10-07,19,0.021
2016-10-08,33,0.036
2016-10-09,38,0.041
2016-10-10,38,0.041
2016-10-11,,0.002
2016-10-21,26,0.028
2016-10-22,31,0.034
2016-10-23,41,0.044
2016-10-24,42,0.045
2016-10-25,44,0.048
2016-10-26,45,0.049
2016-10-27,42,0.045
2016-10-28,46,0.05
2016-10-29,61,0.058
2016-10-30,45,0.049
2016-10-31,48,0.052
2016-11-01,44,0.048
2016-11-02,32,0.035
2016-11-03,35,0.038
2016-11-04,37,0.04
2016-11-05,37,0.04
2016-11-06,41,0.044
2016-11-07,41,0.044
2016-11-08,35,0.038
2016-11-09,33,0.036
2016-11-10,31,0.033
2016-11-11,33,0.036
2016-11-12,30,0.032
2016-11-13,31,0.033
2016-11-14,36,0.039
2016-11-15,37,0.04
2016-11-16,38,0.041
2016-11-17,34,0.037
2016-11-18,40,0.043
2016-11-19,30,0.032
2016-11-20,32,0.035
2016-11-21,27,0.029
2016-11-22,37,0.04
2016-11-23,41,0.044
2016-11-24,37,0.04
2016-11-25,32,0.035
2016-11-26,25,0.027
2016-11-27,32,0.035
2016-11-28,36,0.039
2016-11-29,19,0.021
2016-11-30,21,0.023
2016-12-01,24,0.026
2016-12-02,27,0.029
2016-12-03,21,0.023
2016-12-04,19,0.02
2016-12-05,13,0.014
2016-12-06,10,0.011
2016-12-07,17,0.018
2016-12-08,21,0.023
2016-12-09,19,0.02
2016-12-10,24,0.026
2016-12-11,21,0.023
2016-12-12,13,0.014
2016-12-13,5,0.005
2016-12-14,14,0.015
2016-12-15,26,0.028
2016-12-16,28,0.03
2016-12-17,19,0.021
2016-12-18,22,0.024
2016-12-19,8,0.009
2016-12-20,14,0.015
2016-12-21,19,0.02
2016-12-22,29,0.031
2016-12-23,34,0.037
2016-12-24,32,0.035
2016-12-25,29,0.031
2016-12-26,18,0.019
2016-12-27,13,0.014
2016-12-28,18,0.019
2016-12-29,31,0.034
2016-12-30,31,0.033
2016-12-31,19,0.02
2017-01-01,12,0.013
2017-01-02,5,0.005
2017-01-03,19,0.02
2017-01-04,15,0.016
2017-01-05,19,0.02
2017-01-06,15,0.016
2017-01-07,25,0.027
2017-01-08,29,0.031
2017-01-09,31,0.033
2017-01-10,34,0.037
2017-01-11,35,0.038
2017-01-12,34,0.037
2017-01-13,23,0.025
2017-01-14,25,0.027
2017-01-15,31,0.034
2017-01-16,24,0.026
2017-01-17,30,0.032
2017-01-18,25,0.027
2017-01-19,29,0.031
2017-01-20,25,0.027
2017-01-21,19,0.021
2017-01-22,37,0.04
2017-01-23,23,0.025
2017-01-24,26,0.028
2017-01-25,39,0.042
2017-01-26,32,0.035
2017-01-27,27,0.029
2017-01-28,37,0.04
2017-01-29,34,0.037
2017-01-30,34,0.037
2017-01-31,43,0.046
2017-02-01,34,0.037
2017-02-02,25,0.027
2017-02-03,29,0.031
2017-02-04,39,0.042
2017-02-05,23,0.025
2017-02-06,15,0.016
2017-02-07,28,0.03
2017-02-08,19,0.02
2017-02-09,29,0.031
2017-02-10,36,0.039
2017-02-11,32,0.035
2017-02-12,30,0.032
2017-02-13,31,0.033
2017-02-14,37,0.04
2017-02-15,36,0.039
2017-02-16,36,0.039
2017-02-17,42,0.045
2017-02-18,33,0.036
2017-02-19,38,0.041
2017-02-20,43,0.046
2017-02-21,37,0.04
2017-02-22,28,0.03
2017-02-23,39,0.042
2017-02-24,39,0.042
2017-02-25,39,0.042
2017-02-26,41,0.044
2017-02-27,23,0.025
2017-02-28,32,0.035
2017-03-01,30,0.032
2017-03-02,35,0.038
2017-03-03,38,0.041
2017-03-04,44,0.048
2017-03-05,50,0.054
2017-03-06,47,0.051
2017-03-07,39,0.042
2017-03-08,40,0.043
2017-03-09,46,0.05
2017-03-10,39,0.042
2017-03-11,35,0.038
2017-03-12,31,0.033
2017-03-13,28,0.03
2017-03-14,26,0.028
2017-03-15,37,0.04
2017-03-16,38,0.041
2017-03-17,45,0.049
2017-03-18,37,0.04
2017-03-19,35,0.038
2017-03-20,42,0.045
2017-03-21,48,0.052
2017-03-22,29,0.031
2017-03-23,45,0.049
2017-03-24,46,0.05
2017-03-25,43,0.046
2017-03-26,40,0.043
2017-03-27,35,0.038
2017-03-28,35,0.038
2017-03-29,58,0.057
2017-03-30,41,0.044
2017-03-31,41,0.044
2017-04-01,46,0.05
2017-04-02,46,0.05
2017-04-03,31,0.034
2017-04-04,47,0.051
2017-04-05,30,0.032
2017-04-06,36,0.039
2017-04-07,41,0.044
2017-04-08,54,0.056
2017-04-09,71,0.061
2017-04-10,64,0.059
2017-04-11,61,0.058
2017-04-12,49,0.053
2017-04-13,58,0.057
2017-04-14,54,0.056
2017-04-15,48,0.052
2017-04-16,45,0.049
2017-04-17,31,0.033
2017-04-18,39,0.042
2017-04-19,22,0.024
2017-04-20,40,0.043
2017-04-21,43,0.046
2017-04-22,44,0.047
2017-04-23,20,0.022
2017-04-24,12,0.013
2017-04-25,38,0.041
2017-04-26,48,0.052
2017-04-27,24,0.026
2017-04-28,30,0.032
2017-04-29,35,0.038
2017-04-30,27,0.029
2017-05-01,39,0.042
2017-05-02,46,0.05
2017-05-03,58,0.057
2017-05-04,31,0.033
2017-05-05,29,0.031
2017-05-06,45,0.049
2017-05-07,43,0.046
2017-05-08,50,0.054
2017-05-09,58,0.057
2017-05-10,71,0.061
2017-05-11,48,0.052
2017-05-12,39,0.042
2017-05-13,44,0.048
2017-05-14,58,0.057
2017-05-15,143,0.083
2017-05-16,61,0.058
2017-05-17,46,0.05
2017-05-18,40,0.043
2017-05-19,49,0.053
2017-05-20,27,0.029
2017-05-21,29,0.031
2017-05-22,20,0.022
2017-05-23,25,0.027
2017-05-24,35,0.038
2017-05-25,33,0.036
2017-05-26,46,0.05
2017-05-27,44,0.048
2017-05-28,35,0.038
2017-05-29,35,0.038
2017-05-30,21,0.023
2017-05-31,31,0.034
2017-06-01,45,0.049
2017-06-02,93,0.068
2017-06-03,58,0.057
2017-06-04,24,0.026
2017-06-05,16,0.017
2017-06-06,20,0.022
2017-06-07,41,0.044
2017-06-08,49,0.053
2017-06-09,49,0.053
2017-06-10,49,0.053
2017-06-11,31,0.033
2017-06-12,29,0.031
2017-06-13,50,0.054
2017-06-14,77,0.063
2017-06-15,61,0.058
2017-06-16,58,0.057
2017-06-17,37,0.04
2017-06-18,7,0.008
2017-06-19,27,0.029
2017-06-20,15,0.016
2017-06-21,12,0.013
2017-06-22,14,0.015
2017-06-23,16,0.017
2017-06-24,20,0.022
2017-06-25,25,0.027
2017-06-26,50,0.054
2017-06-27,44,0.048
2017-06-28,44,0.048
2017-06-29,30,0.032
2017-06-30,13,0.014
2017-07-01,21,0.023
2017-07-02,34,0.037
2017-07-03,29,0.031
2017-07-04,24,0.026
2017-07-05,28,0.03
2017-07-06,31,0.033
2017-07-07,30,0.032
2017-07-08,38,0.041
2017-07-09,41,0.044
2017-07-10,67,0.06
2017-07-11,34,0.037
2017-07-12,41,0.044
2017-07-13,45,0.049
2017-07-14,34,0.037
2017-07-15,36,0.039
2017-07-16,30,0.032
2017-07-17,46,0.05
2017-07-18,44,0.048
2017-07-19,67,0.06
2017-07-20,45,0.049
2017-07-21,93,0.068
2017-07-22,48,0.052
2017-07-23,38,0.041
2017-07-24,38,0.041
2017-07-25,50,0.054
2017-07-26,77,0.063
2017-07-27,71,0.061
2017-07-28,23,0.025
2017-07-29,38,0.041
2017-07-30,34,0.037
2017-07-31,42,0.045
2017-08-01,51,0.055
2017-08-02,43,0.046
2017-08-03,35,0.038
2017-08-04,39,0.042
2017-08-05,46,0.05
2017-08-06,27,0.029
2017-08-07,14,0.015
2017-08-08,24,0.026
2017-08-09,19,0.021
2017-08-10,22,0.024
2017-08-11,31,0.033
2017-08-12,33,0.036
2017-08-13,38,0.041
2017-08-14,50,0.054
2017-08-15,27,0.029
2017-08-16,43,0.046
2017-08-17,28,0.03
2017-08-18,39,0.042
2017-08-19,97,0.069
2017-08-20,97,0.069
2017-08-21,39,0.042
2017-08-22,67,0.06
2017-08-23,44,0.048
2017-08-24,90,0.067
2017-08-25,43,0.046
2017-08-26,39,0.042
2017-08-27,39,0.042
2017-08-28,43,0.046
2017-08-29,37,0.04
2017-08-30,17,0.018
2017-08-31,19,0.021
2017-09-01,31,0.034
2017-09-02,40,0.043
2017-09-03,45,0.049
2017-09-04,42,0.045
2017-09-05,39,0.042
2017-09-06,29,0.031
2017-09-07,47,0.051
2017-09-08,46,0.05
2017-09-09,39,0.042
2017-09-10,31,0.034
2017-09-11,19,0.021
2017-09-12,16,0.017
2017-09-13,38,0.041
2017-09-14,35,0.038
2017-09-15,58,0.057
2017-09-16,39,0.042
2017-09-17,47,0.051
2017-09-18,49,0.053
2017-09-19,84,0.065
2017-09-20,67,0.06
2017-09-21,49,0.053
2017-09-22,45,0.049
2017-09-23,46,0.05
2017-09-24,36,0.039
2017-09-25,44,0.048
2017-09-26,45,0.049
2017-09-27,44,0.047
2017-09-28,93,0.068
2017-09-29,64,0.059
2017-09-30,44,0.047
2017-10-01,33,0.036
2017-10-02,37,0.04
2017-10-03,39,0.042
2017-10-04,40,0.043
2017-10-05,39,0.042
2017-10-06,32,0.035
2017-10-07,19,0.02
2017-10-08,17,0.018
2017-10-09,11,0.012
2017-10-10,19,0.02
2017-10-11,27,0.029
2017-10-12,45,0.049
2017-10-13,20,0.022
2017-10-14,23,0.025
2017-10-15,24,0.026
2017-10-16,22,0.024
2017-10-17,34,0.037
2017-10-18,38,0.041
2017-10-19,43,0.046
2017-10-20,39,0.042
2017-10-21,37,0.04
2017-10-22,28,0.03
2017-10-23,31,0.033
2017-10-24,31,0.034
2017-10-25,31,0.033
2017-10-26,31,0.033
2017-10-27,39,0.042
2017-10-28,25,0.027
2017-10-29,18,0.019
2017-10-30,31,0.034
2017-10-31,37,0.04
2017-11-01,37,0.04
2017-11-02,38,0.041
2017-11-03,25,0.027
2017-11-04,24,0.026
2017-11-05,22,0.024
2017-11-06,21,0.023
2017-11-07,22,0.024
2017-11-08,3,0.003
2017-11-09,2,0.002
2017-11-10,26,0.028
2017-11-11,26,0.028
2017-11-12,23,0.025
2017-11-13,24,0.026
2017-11-14,25,0.027
2017-11-15,30,0.032
2017-11-16,27,0.029
2017-11-17,36,0.039
2017-11-18,32,0.035
2017-11-19,24,0.026
2017-11-20,27,0.029
2017-11-21,27,0.029
2017-11-22,29,0.031
2017-11-23,30,0.032
2017-11-24,32,0.035
2017-11-25,29,0.031
2017-11-26,32,0.035
2017-11-27,34,0.037
2017-11-28,36,0.039
2017-11-29,13,0.014
2017-11-30,19,0.02
2017-12-01,12,0.013
2017-12-02,25,0.027
2017-12-03,34,0.037
2017-12-04,37,0.04
2017-12-05,28,0.03
2017-12-06,11,0.012
2017-12-07,11,0.012
2017-12-08,9,0.01
2017-12-09,24,0.026
2017-12-10,25,0.027
2017-12-11,23,0.025
2017-12-12,24,0.026
2017-12-13,29,0.031
2017-12-14,23,0.025
2017-12-15,15,0.016
2017-12-16,20,0.022
2017-12-17,5,0.005
2017-12-18,6,0.007
2017-12-19,6,0.007
2017-12-20,14,0.015
2017-12-21,18,0.019
2017-12-27,13,0.014
2017-12-28,27,0.029
2017-12-29,21,0.023
2017-12-30,30,0.032
2017-12-31,19,0.02
2018-01-01,23,0.025
2018-01-02,25,0.027
2018-01-03,23,0.025
2018-01-04,29,0.031
2018-01-05,29,0.031
2018-01-06,31,0.034
2018-01-07,32,0.035
2018-01-08,22,0.024
2018-01-09,26,0.028
2018-01-10,32,0.035
2018-01-11,14,0.015
2018-01-12,30,0.032
2018-01-13,26,0.028
2018-01-14,25,0.027
2018-01-15,26,0.028
2018-01-16,26,0.028
2018-01-17,26,0.028
2018-01-18,24,0.026
2018-01-19,30,0.032
2018-01-20,29,0.031
2018-01-21,35,0.038
2018-01-22,23,0.025
2018-01-23,32,0.035
2018-01-24,28,0.03
2018-01-25,31,0.033
2018-01-26,36,0.039
2018-01-27,26,0.028
2018-01-28,9,0.01
2018-01-29,30,0.032
2018-01-30,28,0.03
2018-01-31,33,0.036
2018-02-01,35,0.038
2018-02-02,30,0.032
2018-02-03,35,0.038
2018-02-04,21,0.023
2018-02-05,21,0.023
2018-02-06,29,0.031
2018-02-07,18,0.019
2018-02-08,26,0.028
2018-02-09,34,0.037
2018-02-10,19,0.02
2018-02-11,19,0.021
2018-02-12,8,0.009
2018-02-13,26,0.028
2018-02-14,11,0.012
2018-02-15,20,0.022
2018-02-16,22,0.024
2018-02-17,23,0.025
2018-02-18,26,0.028
2018-02-19,19,0.02
2018-02-20,24,0.026
2018-02-21,23,0.025
2018-02-22,26,0.028
2018-02-23,32,0.035
2018-02-24,33,0.036
2018-02-25,24,0.026
2018-02-26,26,0.028
2018-02-27,41,0.044
2018-02-28,20,0.022
2018-03-01,30,0.032
2018-03-02,38,0.041
2018-03-03,39,0.042
2018-03-04,45,0.049
2018-03-05,35,0.038
2018-03-06,24,0.026
2018-03-07,33,0.036
2018-03-08,38,0.041
2018-03-09,44,0.047
2018-03-10,43,0.046
2018-03-11,31,0.033
2018-03-12,38,0.041
2018-03-13,39,0.042
2018-03-14,42,0.045
2018-03-15,47,0.051
2018-03-16,51,0.055
2018-03-17,32,0.035
2018-03-18,44,0.048
2018-03-19,25,0.027
2018-03-20,34,0.037
2018-03-21,39,0.042
2018-03-22,40,0.043
2018-03-23,43,0.046
2018-03-24,47,0.051
2018-03-25,34,0.037
2018-03-26,39,0.042
2018-03-27,32,0.035
2018-03-28,43,0.046
2018-03-29,38,0.041
2018-03-30,36,0.039
2018-03-31,44,0.048
2018-04-01,50,0.054
2018-04-02,61,0.058
2018-04-03,31,0.033
2018-04-04,37,0.04
2018-04-05,48,0.052
2018-04-06,51,0.055
2018-04-07,31,0.033
2018-04-08,32,0.035
2018-04-09,19,0.021
2018-04-10,43,0.046
2018-04-11,42,0.045
2018-04-12,61,0.058
2018-04-13,51,0.055
2018-04-14,41,0.044
2018-04-15,28,0.03
2018-04-16,35,0.038
2018-04-17,51,0.055
2018-04-18,54,0.056
2018-04-19,44,0.047
2018-04-20,54,0.056
2018-04-21,67,0.06
2018-04-22,35,0.038
2018-04-23,26,0.028
2018-04-24,31,0.034
2018-04-25,30,0.032
2018-04-26,19,0.021
2018-04-27,50,0.054
2018-04-28,54,0.056
2018-04-29,49,0.053
2018-04-30,50,0.054
2018-05-01,64,0.059
2018-05-02,74,0.062
2018-05-03,51,0.055
2018-05-04,58,0.057
2018-05-05,39,0.042
2018-05-06,49,0.053
2018-05-07,51,0.055
2018-05-08,42,0.045
2018-05-09,74,0.062
2018-05-10,54,0.056
2018-05-11,84,0.065
2018-05-12,80,0.064
2018-05-13,71,0.061
2018-05-14,97,0.069
2018-05-15,23,0.025
2018-05-16,18,0.019
2018-05-17,27,0.029
2018-05-18,42,0.045
2018-05-19,45,0.049
2018-05-20,43,0.046
2018-05-21,27,0.029
2018-05-22,28,0.03
2018-05-23,26,0.028
2018-05-24,32,0.035
2018-05-25,27,0.029
2018-05-26,34,0.037
2018-05-27,21,0.023
2018-05-28,18,0.019
2018-05-29,19,0.021
2018-05-30,33,0.036
2018-05-31,44,0.048
2018-06-01,32,0.035
2018-06-02,36,0.039
2018-06-03,46,0.05
2018-06-05,45,0.049
2018-06-06,90,0.067
2018-06-07,97,0.069
2018-06-08,46,0.05
2018-06-09,64,0.059
2018-06-10,54,0.056
2018-06-11,44,0.048
2018-06-12,30,0.032
2018-06-13,32,0.035
2018-06-14,48,0.052
2018-06-15,64,0.059
2018-06-16,36,0.039
2018-06-17,37,0.04
2018-06-18,39,0.042
2018-06-19,43,0.046
2018-06-20,32,0.035
2018-06-21,24,0.026
2018-06-22,38,0.041
2018-06-23,32,0.035
2018-06-24,27,0.029
2018-06-25,26,0.028
2018-06-26,54,0.056
2018-06-27,34,0.037
2018-06-28,18,0.019
2018-06-29,45,0.049
2018-06-30,33,0.036
2018-07-01,25,0.027
2018-07-02,33,0.036
2018-07-03,29,0.031
2018-07-04,32,0.035
2018-07-05,23,0.025
2018-07-06,45,0.049
2018-07-07,31,0.034
2018-07-08,36,0.039
2018-07-09,90,0.067
2018-07-10,51,0.055
2018-07-11,84,0.065
2018-07-12,54,0.056
2018-07-13,44,0.048
2018-07-14,35,0.038
2018-07-15,37,0.04
2018-07-16,39,0.042
2018-07-17,46,0.05
2018-07-18,71,0.061
2018-07-19,35,0.038
2018-07-20,35,0.038
2018-07-21,40,0.043
2018-07-22,41,0.044
2018-07-23,38,0.041
2018-07-24,36,0.039
2018-07-25,48,0.052
2018-07-26,58,0.057
2018-07-27,64,0.059
2018-07-28,48,0.052
2018-07-29,67,0.06
2018-07-30,40,0.043
2018-07-31,30,0.032
2018-08-01,17,0.018
2018-08-02,17,0.018
2018-08-03,42,0.045
2018-08-04,28,0.03
2018-08-05,40,0.043
2018-08-06,44,0.047
2018-08-07,39,0.042
2018-08-08,34,0.037
2018-08-09,31,0.034
2018-08-10,31,0.034
2018-08-11,35,0.038
2018-08-12,41,0.044
2018-08-13,47,0.051
2018-08-14,48,0.052
2018-08-15,100,0.07
2018-08-16,44,0.048
2018-08-17,23,0.025
2018-08-18,26,0.028
2018-08-19,27,0.029
2018-08-20,23,0.025
2018-08-21,26,0.028
2018-08-22,35,0.038
2018-08-23,42,0.045
2018-08-24,40,0.043
2018-08-25,44,0.048
2018-08-26,40,0.043
2018-08-27,39,0.042
2018-08-28,34,0.037
2018-08-29,36,0.039
2018-08-30,39,0.042
2018-08-31,36,0.039
2018-09-01,21,0.023
2018-09-02,19,0.02
2018-09-03,21,0.023
2018-09-04,22,0.024
2018-09-05,21,0.023
2018-09-06,26,0.028
2018-09-07,35,0.038
2018-09-08,36,0.039
2018-09-09,26,0.028
2018-09-10,31,0.033
2018-09-11,34,0.037
2018-09-12,31,0.033
2018-09-13,35,0.038
2018-09-14,38,0.041
2018-09-15,24,0.026
2018-09-16,18,0.019
2018-09-17,31,0.034
2018-09-18,40,0.043
2018-09-19,61,0.058
2018-09-20,48,0.052
2018-09-21,42,0.045
2018-09-22,40,0.043
2018-09-23,36,0.039
2018-09-24,25,0.027
2018-09-25,28,0.03
2018-09-26,25,0.027
2018-09-27,18,0.019
2018-09-28,18,0.019
2018-09-29,36,0.039
2018-09-30,18,0.019
2018-10-01,35,0.038
2018-10-02,44,0.048
2018-10-03,48,0.052
2018-10-04,49,0.053
2018-10-05,67,0.06
2018-10-06,46,0.05
2018-10-07,34,0.037
2018-10-08,29,0.031
2018-10-09,22,0.024
2018-10-10,11,0.012
2018-10-11,31,0.033
2018-10-12,31,0.034
2018-10-13,38,0.041
2018-10-14,37,0.04
2018-10-15,22,0.024
2018-10-16,29,0.031
2018-10-17,21,0.023
2018-10-18,33,0.036
2018-10-19,29,0.031
2018-10-20,24,0.026
2018-10-21,31,0.034
2018-10-22,31,0.034
2018-10-23,25,0.027
2018-10-24,39,0.042
2018-10-25,23,0.025
2018-10-26,17,0.018
2018-10-27,24,0.026
2018-10-28,31,0.034
2018-10-29,30,0.032
2018-10-30,33,0.036
2018-10-31,39,0.042
2018-11-01,26,0.028
2018-11-02,19,0.02
2018-11-03,30,0.032
2018-11-04,28,0.03
2018-11-05,10,0.011
2018-11-06,19,0.021
2018-11-07,17,0.018
2018-11-08,14,0.015
2018-11-09,19,0.02
2018-11-10,25,0.027
2018-11-11,29,0.031
2018-11-12,16,0.017
2018-11-13,6,0.006
2018-11-14,14,0.015
2018-11-15,20,0.022
2018-11-16,27,0.029
2018-11-17,25,0.027
2018-11-18,34,0.037
2018-11-19,24,0.026
2018-11-20,22,0.024
2018-11-21,20,0.022
2018-11-22,27,0.029
2018-11-23,23,0.025
2018-11-24,12,0.013
2018-11-25,16,0.017
2018-11-26,15,0.016
2018-11-27,29,0.031
2018-11-28,19,0.021
2018-11-29,25,0.027
2018-11-30,30,0.032
2018-12-01,22,0.024
2018-12-02,26,0.028
2018-12-03,28,0.03
2018-12-04,18,0.019
2018-12-05,22,0.024
2018-12-06,24,0.026
2018-12-07,6,0.006
2018-12-08,21,0.023
2018-12-09,21,0.023
2018-12-10,10,0.011
2018-12-11,22,0.024
2018-12-12,18,0.019
2018-12-13,19,0.021
2018-12-14,15,0.016
2018-12-15,20,0.022
2018-12-16,22,0.024
2018-12-17,25,0.027
2018-12-18,31,0.033
2018-12-19,30,0.032
2018-12-20,10,0.011
2018-12-21,16,0.017
2018-12-22,22,0.024
2018-12-23,30,0.032
2018-12-24,24,0.026
2018-12-25,27,0.029
2018-12-26,31,0.033
2018-12-27,26,0.028
2018-12-28,8,0.009
2018-12-29,19,0.02
2018-12-30,18,0.019
2018-12-31,20,0.022
2019-01-01,19,0.02
2019-01-02,22,0.024
2019-01-03,7,0.008
2019-01-04,22,0.024
2019-01-05,30,0.032
2019-01-06,28,0.03
2019-01-07,31,0.033
2019-01-08,28,0.03
2019-01-09,32,0.035
2019-01-10,20,0.022
2019-01-11,32,0.035
2019-01-12,22,0.024
2019-01-13,15,0.016
2019-01-14,24,0.026
2019-01-15,23,0.025
2019-01-16,19,0.021
2019-01-17,12,0.013
2019-01-18,11,0.012
2019-01-19,24,0.026
2019-01-20,31,0.034
2019-01-21,29,0.031
2019-01-22,31,0.033
2019-01-23,31,0.034
2019-01-24,20,0.022
2019-01-25,27,0.029
2019-01-26,32,0.035
2019-01-27,26,0.028
2019-01-28,39,0.042
2019-01-29,27,0.029
2019-01-30,31,0.033
2019-01-31,29,0.031
2019-02-01,26,0.028
2019-02-02,36,0.039
2019-02-03,34,0.037
2019-02-04,31,0.034
2019-02-05,21,0.023
2019-02-06,12,0.013
2019-02-07,31,0.033
2019-02-08,30,0.032
2019-02-09,31,0.034
2019-02-10,29,0.031
2019-02-11,12,0.013
2019-02-12,26,0.028
2019-02-13,31,0.034
2019-02-14,35,0.038
2019-02-15,25,0.027
2019-02-16,25,0.027
2019-02-17,17,0.018
2019-02-18,29,0.031
2019-02-19,27,0.029
2019-02-20,17,0.018
2019-02-21,3,0.003
2019-02-22,21,0.023
2019-02-23,18,0.019
2019-02-24,36,0.039
2019-02-25,39,0.042
2019-02-26,37,0.04
2019-02-27,17,0.018
2019-02-28,14,0.015
2019-03-01,19,0.021
2019-03-02,23,0.025
2019-03-03,20,0.022
2019-03-04,33,0.036
2019-03-05,37,0.04
2019-03-06,37,0.04
2019-03-07,42,0.045
2019-03-08,43,0.046
2019-03-09,39,0.042
2019-03-10,37,0.04
2019-03-11,17,0.018
2019-03-12,44,0.048
2019-03-13,47,0.051
2019-03-14,39,0.042
2019-03-15,33,0.036
2019-03-16,36,0.039
2019-03-17,44,0.048
2019-03-18,43,0.046
2019-03-19,46,0.05
2019-03-20,58,0.057
2019-03-21,45,0.049
2019-03-22,46,0.05
2019-03-23,64,0.059
2019-03-24,67,0.06
2019-03-25,38,0.041
2019-03-26,31,0.034
2019-03-27,45,0.049
2019-03-28,61,0.058
2019-03-29,48,0.052
2019-03-30,44,0.048
2019-03-31,36,0.039
2019-04-01,44,0.047
2019-04-02,46,0.05
2019-04-03,64,0.059
2019-04-04,51,0.055
2019-04-05,34,0.037
2019-04-06,33,0.036
2019-04-07,37,0.04
2019-04-08,19,0.021
2019-04-09,29,0.031
2019-04-10,47,0.051
2019-04-11,40,0.043
2019-04-12,38,0.041
2019-04-13,33,0.036
2019-04-14,32,0.035
2019-04-15,43,0.046
2019-04-16,50,0.054
2019-04-17,64,0.059
2019-04-18,44,0.047
2019-04-19,28,0.03
2019-04-20,26,0.028
2019-04-21,44,0.047
2019-04-22,51,0.055
2019-04-23,46,0.05
2019-04-24,47,0.051
2019-04-25,36,0.039
2019-04-26,47,0.051
2019-04-27,64,0.059
2019-04-28,49,0.053
2019-04-29,49,0.053
2019-04-30,67,0.06
2019-05-01,32,0.035
2019-05-02,44,0.048
2019-05-03,31,0.033
2019-05-04,24,0.026
2019-05-05,34,0.037
2019-05-06,50,0.054
2019-05-07,44,0.047
2019-05-08,38,0.041
2019-05-09,42,0.045
2019-05-10,40,0.043
2019-05-11,24,0.026
2019-05-12,29,0.031
2019-05-13,39,0.042
2019-05-14,44,0.048
2019-05-15,77,0.063
2019-05-16,58,0.057
2019-05-17,71,0.061
2019-05-18,51,0.055
2019-05-19,45,0.049
2019-05-20,44,0.048
2019-05-21,50,0.054
2019-05-22,44,0.047
2019-05-23,45,0.049
2019-05-24,58,0.057
2019-05-25,44,0.048
2019-05-26,44,0.048
2019-05-27,43,0.046
2019-05-28,48,0.052
2019-05-29,51,0.055
2019-05-30,43,0.046
2019-05-31,44,0.048
2019-06-01,71,0.061
2019-06-02,61,0.058
2019-06-03,93,0.068
2019-06-04,58,0.057
2019-06-05,41,0.044
2019-06-06,24,0.026
2019-06-07,28,0.03
2019-06-08,25,0.027
2019-06-09,25,0.027
2019-06-10,25,0.027
2019-06-11,39,0.042
2019-06-12,29,0.031
2019-06-13,44,0.048
2019-06-14,112,0.074
2019-06-15,44,0.048
2019-06-16,34,0.037
2019-06-17,37,0.04
2019-06-18,21,0.023
2019-06-19,33,0.036
2019-06-20,41,0.044
2019-06-21,48,0.052
2019-06-22,26,0.028
2019-06-23,25,0.027
2019-06-24,20,0.022
2019-06-25,44,0.047
2019-06-26,42,0.045
2019-06-27,48,0.052
2019-06-28,46,0.05
2019-06-29,32,0.035
2019-06-30,44,0.048
2019-07-01,51,0.055
2019-07-02,74,0.062
2019-07-03,46,0.05
2019-07-04,44,0.047
2019-07-05,44,0.048
2019-07-06,40,0.043
2019-07-07,33,0.036
2019-07-08,42,0.045
2019-07-09,35,0.038
2019-07-10,34,0.037
2019-07-11,28,0.03
2019-07-12,31,0.034
2019-07-13,20,0.022
2019-07-14,26,0.028
2019-07-15,29,0.031
2019-07-16,28,0.03
2019-07-17,26,0.028
2019-07-18,28,0.03
2019-07-19,23,0.025
2019-07-20,28,0.03
2019-07-21,31,0.033
2019-07-22,33,0.036
2019-07-23,26,0.028
2019-07-24,46,0.05
2019-07-25,47,0.051
2019-07-26,54,0.056
2019-07-27,48,0.052
2019-07-28,71,0.061
2019-07-29,71,0.061
2019-07-30,77,0.063
2019-07-31,61,0.058
2019-08-01,50,0.054
2019-08-02,37,0.04
2019-08-03,35,0.038
2019-08-04,42,0.045
2019-08-05,49,0.053
2019-08-06,48,0.052
2019-08-07,43,0.046
2019-08-08,46,0.05
2019-08-09,71,0.061
2019-08-10,40,0.043
2019-08-11,38,0.041
2019-08-12,42,0.045
2019-08-13,50,0.054
2019-08-14,74,0.062
2019-08-15,49,0.053
2019-08-16,90,0.067
2019-08-17,108,0.073
2019-08-18,67,0.06
2019-08-19,35,0.038
2019-08-20,50,0.054
2019-08-21,37,0.04
2019-08-22,37,0.04
2019-08-23,36,0.039
2019-08-24,41,0.044
2019-08-25,24,0.026
2019-08-26,23,0.025
2019-08-27,25,0.027
2019-08-28,36,0.039
2019-08-29,100,0.07
2019-08-30,51,0.055
2019-08-31,42,0.045
2019-09-01,31,0.033
2019-09-02,37,0.04
2019-09-03,44,0.048
2019-09-04,51,0.055
2019-09-05,49,0.053
2019-09-06,58,0.057
2019-09-07,58,0.057
2019-09-08,97,0.069
2019-09-09,159,0.089
2019-09-10,49,0.053
2019-09-11,54,0.056
2019-09-12,77,0.063
2019-09-13,67,0.06
2019-09-14,38,0.041
2019-09-15,44,0.047
2019-09-16,74,0.062
2019-09-17,90,0.067
2019-09-18,38,0.041
2019-09-19,40,0.043
2019-09-20,46,0.05
2019-09-21,40,0.043
2019-09-22,43,0.046
2019-09-23,50,0.054
2019-09-24,49,0.053
2019-09-25,61,0.058
2019-09-26,46,0.05
2019-09-27,54,0.056
2019-09-28,46,0.05
2019-09-29,36,0.039
2019-09-30,100,0.07
2019-10-01,58,0.057
2019-10-02,84,0.065
2019-10-03,108,0.073
2019-10-04,84,0.065
2019-10-05,29,0.031
2019-10-06,27,0.029
2019-10-07,33,0.036
2019-10-08,38,0.041
2019-10-09,27,0.029
2019-10-10,36,0.039
2019-10-11,42,0.045
2019-10-12,38,0.041
2019-10-13,9,0.01
2019-10-14,31,0.033
2019-10-15,19,0.02
2019-10-16,25,0.027
2019-10-17,26,0.028
2019-10-18,32,0.035
2019-10-19,25,0.027
2019-10-20,23,0.025
2019-10-21,25,0.027
2019-10-22,31,0.033
2019-10-23,34,0.037
2019-10-24,36,0.039
2019-10-25,25,0.027
2019-10-26,22,0.024
2019-10-27,27,0.029
2019-10-28,29,0.031
2019-10-29,21,0.023
2019-10-30,11,0.012
2019-10-31,18,0.019
2019-11-01,21,0.023
2019-11-02,25,0.027
2019-11-03,35,0.038
2019-11-04,25,0.027
2019-11-05,19,0.02
2019-11-06,36,0.039
2019-11-07,28,0.03
2019-11-08,16,0.017
2019-11-09,32,0.035
2019-11-10,33,0.036
2019-11-11,30,0.032
2019-11-12,22,0.024
2019-11-13,31,0.034
2019-11-14,20,0.022
2019-11-15,14,0.015
2019-11-16,30,0.032
2019-11-17,32,0.035
2019-11-18,35,0.038
2019-11-19,30,0.032
2019-11-20,29,0.031
2019-11-21,32,0.035
2019-11-22,26,0.028
2019-11-23,24,0.026
2019-11-24,25,0.027
2019-11-25,25,0.027
2019-11-26,34,0.037
2019-11-27,32,0.035
2019-11-28,30,0.032
2019-11-29,26,0.028
2019-11-30,34,0.037
2019-12-01,35,0.038
2019-12-02,22,0.024
2019-12-03,20,0.022
2019-12-04,31,0.033
2019-12-05,27,0.029
2019-12-06,19,0.021
2019-12-07,31,0.034
2019-12-08,31,0.033
2019-12-09,19,0.02
2019-12-10,24,0.026
2019-12-11,26,0.028
2019-12-12,31,0.034
2019-12-13,13,0.014
2019-12-14,24,0.026
2019-12-15,24,0.026
2019-12-16,30,0.032
2019-12-17,23,0.025
2019-12-18,29,0.031
2019-12-19,29,0.031
2019-12-20,29,0.031
2019-12-21,23,0.025
2019-12-22,31,0.034
2019-12-23,28,0.03
2019-12-24,31,0.033
2019-12-25,33,0.036
2019-12-26,27,0.029
2019-12-27,18,0.019
2019-12-28,26,0.028
2019-12-29,23,0.025
2019-12-30,31,0.033
2019-12-31,31,0.034
2020-01-01,34,0.037
2020-01-02,19,0.02
2020-01-03,19,0.021
2020-01-04,29,0.031
2020-01-05,27,0.029
2020-01-06,28,0.03
2020-01-07,34,0.037
2020-01-08,31,0.034
2020-01-09,36,0.039
2020-01-10,27,0.029
2020-01-11,24,0.026
2020-01-12,26,0.028
2020-01-13,16,0.017
2020-01-14,15,0.016
2020-01-15,16,0.017
2020-01-16,25,0.027
2020-01-17,31,0.033
2020-01-18,25,0.027
2020-01-19,31,0.034
2020-01-20,24,0.026
2020-01-21,24,0.026
2020-01-22,31,0.034
2020-01-23,30,0.032
2020-01-24,11,0.012
2020-01-25,20,0.022
2020-01-26,24,0.026
2020-01-27,21,0.023
2020-01-28,28,0.03
2020-01-29,23,0.025
2020-01-30,34,0.037
2020-01-31,20,0.022
2020-02-01,19,0.02
2020-02-02,33,0.036
2020-02-03,38,0.041
2020-02-04,32,0.035
2020-02-05,27,0.029
2020-02-06,16,0.017
2020-02-07,24,0.026
2020-02-08,12,0.013
2020-02-09,28,0.03
2020-02-10,13,0.014
2020-02-11,16,0.017
2020-02-12,18,0.019
2020-02-13,23,0.025
2020-02-14,30,0.032
2020-02-15,34,0.037
2020-02-16,18,0.019
2020-02-17,24,0.026
2020-02-18,10,0.011
2020-02-19,24,0.026
2020-02-20,24,0.026
2020-02-21,29,0.031
2020-02-22,29,0.031
2020-02-23,33,0.036
2020-02-24,26,0.028
2020-02-25,20,0.022
2020-02-26,29,0.031
2020-02-27,33,0.036
2020-02-28,35,0.038
2020-02-29,36,0.039
2020-03-01,44,0.047
2020-03-02,29,0.031
2020-03-03,29,0.031
2020-03-04,19,0.021
2020-03-05,31,0.034
2020-03-06,35,0.038
2020-03-07,38,0.041
2020-03-08,40,0.043
2020-03-09,38,0.041
2020-03-10,31,0.034
2020-03-11,28,0.03
2020-03-12,30,0.032
2020-03-13,23,0.025
2020-03-14,35,0.038
2020-03-15,28,0.03
2020-03-16,23,0.025
2020-03-17,12,0.013
2020-03-18,26,0.028
2020-03-19,31,0.033
2020-03-20,31,0.033
2020-03-21,31,0.034
2020-03-22,20,0.022
2020-03-23,9,0.01
2020-03-24,17,0.018
2020-03-25,36,0.039
2020-03-26,41,0.044
2020-03-27,46,0.05
2020-03-28,30,0.032
2020-03-29,41,0.044
2020-03-30,44,0.047
2020-03-31,31,0.034
2020-04-01,33,0.036
2020-04-02,40,0.043
2020-04-03,47,0.051
2020-04-04,48,0.052
2020-04-05,50,0.054
2020-04-06,46,0.05
2020-04-07,35,0.038
2020-04-08,25,0.027
2020-04-09,39,0.042
2020-04-10,41,0.044
2020-04-11,47,0.051
2020-04-12,25,0.027
2020-04-13,37,0.04
2020-04-14,37,0.04
2020-04-15,43,0.046
2020-04-16,47,0.051
2020-04-17,45,0.049
2020-04-18,39,0.042
2020-04-19,19,0.021
2020-04-20,39,0.042
2020-04-21,42,0.045
2020-04-22,42,0.045
2020-04-23,29,0.031
2020-04-24,30,0.032
2020-04-25,0,0.0
2020-04-26,37,0.04
2020-04-27,42,0.045
2020-04-28,46,0.05
2020-04-29,35,0.038
2020-04-30,27,0.029
2020-05-01,44,0.048
2020-05-02,87,0.066
2020-05-03,49,0.053
2020-05-04,47,0.051
2020-05-05,36,0.039
2020-05-06,38,0.041
2020-05-07,44,0.048
2020-05-08,28,0.03
2020-05-09,41,0.044
2020-05-10,47,0.051
2020-05-11,42,0.045
2020-05-12,51,0.055
2020-05-13,44,0.048
2020-05-14,42,0.045
2020-05-15,44,0.048
2020-05-16,39,0.042
2020-05-17,31,0.033
2020-05-18,29,0.031
2020-05-19,34,0.037
2020-05-20,19,0.02
2020-05-21,35,0.038
2020-05-22,40,0.043
2020-05-23,32,0.035
2020-05-24,34,0.037
2020-05-25,26,0.028
2020-05-26,23,0.025
2020-05-27,14,0.015
2020-05-28,31,0.033
2020-05-29,35,0.038
2020-05-30,43,0.046
2020-05-31,42,0.045
2020-06-01,35,0.038
2020-06-02,44,0.047
2020-06-03,45,0.049
2020-06-04,42,0.045
2020-06-05,23,0.025
2020-06-06,42,0.045
2020-06-07,19,0.021
2020-06-08,17,0.018
2020-06-09,19,0.021
2020-06-10,15,0.016
2020-06-11,46,0.05
2020-06-12,43,0.046
2020-06-13,48,0.052
2020-06-14,38,0.041
2020-06-15,36,0.039
2020-06-16,33,0.036
2020-06-17,32,0.035
2020-06-18,41,0.044
2020-06-19,49,0.053
2020-06-20,67,0.06
2020-06-21,39,0.042
2020-06-22,36,0.039
2020-06-23,27,0.029
2020-06-24,31,0.033
2020-06-25,26,0.028
2020-06-26,26,0.028
2020-06-27,19,0.02
2020-06-28,20,0.022
2020-06-29,28,0.03
2020-06-30,25,0.027
2020-07-01,32,0.035
2020-07-02,43,0.046
2020-07-03,44,0.047
2020-07-04,33,0.036
2020-07-05,29,0.031
2020-07-06,24,0.026
2020-07-07,25,0.027
2020-07-08,36,0.039
2020-07-09,43,0.046
2020-07-10,38,0.041
2020-07-11,45,0.049
2020-07-12,38,0.041
2020-07-13,44,0.047
2020-07-14,71,0.061
2020-07-15,42,0.045
2020-07-16,64,0.059
2020-07-17,44,0.048
2020-07-18,58,0.057
2020-07-19,42,0.045
2020-07-20,84,0.065
2020-07-21,44,0.048
2020-07-22,40,0.043
2020-07-23,25,0.027
2020-07-24,29,0.031
2020-07-25,30,0.032
2020-07-26,43,0.046
2020-07-27,41,0.044
2020-07-28,34,0.037
2020-07-29,20,0.022
2020-07-30,20,0.022
2020-07-31,23,0.025
2020-08-01,27,0.029
2020-08-02,38,0.041
2020-08-03,27,0.029
2020-08-04,43,0.046
2020-08-05,38,0.041
2020-08-06,33,0.036
2020-08-07,47,0.051
2020-08-08,51,0.055
2020-08-09,44,0.048
2020-08-10,38,0.041
2020-08-11,44,0.048
2020-08-12,43,0.046
2020-08-13,74,0.062
2020-08-14,32,0.035
2020-08-15,27,0.029
2020-08-16,36,0.039
2020-08-17,43,0.046
2020-08-18,43,0.046
2020-08-19,39,0.042
2020-08-20,27,0.029
2020-08-21,26,0.028
2020-08-22,30,0.032
2020-08-23,23,0.025
2020-08-24,12,0.013
2020-08-25,8,0.009
2020-08-26,24,0.026
2020-08-27,23,0.025
2020-08-28,15,0.016
2020-08-29,25,0.027
2020-08-30,32,0.035
2020-08-31,31,0.033
2020-09-01,35,0.038
2020-09-02,25,0.027
2020-09-03,26,0.028
2020-09-04,29,0.031
2020-09-05,37,0.04
2020-09-06,38,0.041
2020-09-07,40,0.043
2020-09-08,39,0.042
2020-09-09,24,0.026
2020-09-10,24,0.026
2020-09-11,30,0.032
2020-09-12,17,0.018
2020-09-13,21,0.023
2020-09-14,22,0.024
2020-09-15,24,0.026
2020-09-16,21,0.023
2020-09-17,14,0.015
2020-09-18,23,0.025
2020-09-19,25,0.027
2020-09-20,31,0.033
2020-09-21,34,0.037
2020-09-22,35,0.038
2020-09-23,42,0.045
2020-09-24,17,0.018
2020-09-25,17,0.018
2020-09-26,27,0.029
2020-09-27,21,0.023
2020-09-28,29,0.031
2020-09-29,11,0.012
2020-09-30,30,0.032
2020-10-01,38,0.041
2020-10-02,31,0.034
2020-10-03,34,0.037
2020-10-04,32,0.035
2020-10-05,38,0.041
2020-10-06,39,0.042
2020-10-07,34,0.037
2020-10-08,42,0.045
2020-10-09,14,0.015
2020-10-10,13,0.014
2020-10-11,13,0.014
2020-10-12,16,0.017
2020-10-13,32,0.035
2020-10-14,35,0.038
2020-10-15,28,0.03
2020-10-16,31,0.034
2020-10-17,31,0.033
2020-10-18,31,0.034
2020-10-19,35,0.038
2020-10-20,35,0.038
2020-10-21,25,0.027
2020-10-22,27,0.029
2020-10-23,27,0.029
2020-10-24,22,0.024
2020-10-25,19,0.02
2020-10-26,6,0.007
2020-10-27,11,0.012
2020-10-28,13,0.014
2020-10-29,23,0.025
2020-10-30,23,0.025
2020-10-31,27,0.029
2020-11-01,31,0.033
2020-11-02,26,0.028
2020-11-03,27,0.029
2020-11-04,38,0.041
2020-11-05,35,0.038
2020-11-06,35,0.038
2020-11-07,19,0.021
2020-11-08,22,0.024
2020-11-09,24,0.026
2020-11-10,15,0.016
2020-11-11,10,0.011
2020-11-12,15,0.016
2020-11-13,30,0.032
2020-11-14,36,0.039
2020-11-15,26,0.028
2020-11-16,28,0.03
2020-11-17,28,0.03
2020-11-18,22,0.024
2020-11-19,31,0.034
2020-11-20,31,0.034
2020-11-21,30,0.032
2020-11-22,27,0.029
2020-11-23,23,0.025
2020-11-24,31,0.033
2020-11-25,28,0.03
2020-11-26,25,0.027
2020-11-27,26,0.028
2020-11-28,29,0.031
2020-11-29,18,0.019
2020-11-30,21,0.023
2020-12-01,23,0.025
2020-12-02,20,0.022
2020-12-03,29,0.031
2020-12-04,20,0.022
2020-12-05,23,0.025
2020-12-06,15,0.016
2020-12-07,18,0.019
2020-12-08,21,0.023
2020-12-09,25,0.027
2020-12-10,21,0.023
2020-12-11,36,0.039
2020-12-12,34,0.037
2020-12-13,28,0.03
2020-12-14,25,0.027
2020-12-15,22,0.024
2020-12-16,15,0.016
2020-12-17,13,0.014
2020-12-18,23,0.025
2020-12-19,28,0.03
2020-12-20,21,0.023
2020-12-21,27,0.029
2020-12-22,28,0.03
2020-12-23,31,0.034
2020-12-24,27,0.029
2020-12-25,32,0.035
2020-12-26,31,0.033
2020-12-27,30,0.032
2020-12-28,21,0.023
2020-12-29,28,0.03
2020-12-30,20,0.022
2020-12-31,6,0.006
2021-01-01,20,0.022
2021-01-02,20,0.022
2021-01-03,22,0.024
2021-01-04,30,0.032
2021-01-05,28,0.03
2021-01-06,24,0.026
2021-01-07,19,0.021
2021-01-08,16,0.017
2021-01-09,19,0.02
2021-01-10,25,0.027
2021-01-11,14,0.015
2021-01-12,17,0.018
2021-01-13,19,0.021
2021-01-14,35,0.038
2021-01-15,31,0.034
2021-01-16,21,0.023
2021-01-17,29,0.031
2021-01-18,31,0.033
2021-01-19,31,0.034
2021-01-20,28,0.03
2021-01-21,10,0.011
2021-01-22,14,0.015
2021-01-23,31,0.033
2021-01-24,32,0.035
2021-01-25,19,0.021
2021-01-26,22,0.024
2021-01-27,29,0.031
2021-01-28,28,0.03
2021-01-29,23,0.025
2021-01-30,31,0.033
2021-01-31,19,0.02
2021-02-01,31,0.033
2021-02-02,33,0.036
2021-02-03,29,0.031
2021-02-04,31,0.033
2021-02-05,28,0.03
2021-02-06,28,0.03
2021-02-07,30,0.032
2021-02-08,34,0.037
2021-02-09,19,0.02
2021-02-10,37,0.04
2021-02-11,2,0.002
2021-02-12,10,0.011
2021-02-13,19,0.02
2021-02-14,19,0.02
2021-02-15,13,0.014
2021-02-16,19,0.021
2021-02-17,29,0.031
2021-02-18,17,0.018
2021-02-19,28,0.03
2021-02-20,36,0.039
2021-02-21,40,0.043
2021-02-22,31,0.034
2021-02-23,39,0.042
2021-02-24,46,0.05
2021-02-25,45,0.049
2021-02-26,23,0.025
2021-02-27,20,0.022
2021-02-28,20,0.022
2021-03-01,22,0.024
2021-03-02,24,0.026
2021-03-03,34,0.037
2021-03-04,43,0.046
2021-03-05,41,0.044
2021-03-06,36,0.039
2021-03-07,42,0.045
2021-03-08,44,0.048
2021-03-09,61,0.058
2021-03-10,50,0.054
2021-03-11,49,0.053
2021-03-12,44,0.048
2021-03-13,39,0.042
2021-03-14,50,0.054
2021-03-15,40,0.043
2021-03-16,21,0.023
2021-03-17,15,0.016
2021-03-18,34,0.037
2021-03-19,35,0.038
2021-03-20,44,0.048
2021-03-21,38,0.041
2021-03-22,43,0.046
2021-03-23,37,0.04
2021-03-24,35,0.038
2021-03-25,22,0.024
2021-03-26,32,0.035
2021-03-27,21,0.023
2021-03-28,31,0.034
2021-03-29,44,0.047
2021-03-30,37,0.04
2021-03-31,29,0.031
2021-04-01,38,0.041
2021-04-02,40,0.043
2021-04-03,46,0.05
2021-04-04,51,0.055
2021-04-05,67,0.06
2021-04-06,74,0.062
2021-04-07,48,0.052
2021-04-08,34,0.037
2021-04-09,33,0.036
2021-04-10,26,0.028
2021-04-11,43,0.046
2021-04-12,51,0.055
2021-04-13,87,0.066
2021-04-14,42,0.045
2021-04-15,42,0.045
2021-04-16,40,0.043
2021-04-17,44,0.047
2021-04-18,44,0.048
2021-04-19,44,0.048
2021-04-20,50,0.054
2021-04-21,35,0.038
2021-04-22,44,0.048
2021-04-23,54,0.056
2021-04-24,29,0.031
2021-04-25,40,0.043
2021-04-26,45,0.049
2021-04-27,43,0.046
2021-04-28,41,0.044
2021-04-29,32,0.035
2021-04-30,40,0.043
2021-05-01,51,0.055
2021-05-02,44,0.047
2021-05-03,15,0.016
2021-05-04,25,0.027
2021-05-05,33,0.036
2021-05-06,43,0.046
2021-05-07,43,0.046
2021-05-08,44,0.047
2021-05-09,49,0.053
2021-05-10,37,0.04
2021-05-11,34,0.037
2021-05-12,25,0.027
2021-05-13,34,0.037
2021-05-14,45,0.049
2021-05-15,49,0.053
2021-05-16,49,0.053
2021-05-17,49,0.053
2021-05-18,34,0.037
2021-05-19,40,0.043
2021-05-20,41,0.044
2021-05-21,48,0.052
2021-05-22,49,0.053
2021-05-23,61,0.058
2021-05-24,119,0.076
2021-05-25,64,0.059
2021-05-26,48,0.052
2021-05-27,43,0.046
2021-05-28,35,0.038
2021-05-29,31,0.033
2021-05-30,37,0.04
2021-05-31,31,0.034
2021-06-01,42,0.045
2021-06-02,39,0.042
2021-06-03,41,0.044
2021-06-04,61,0.058
2021-06-05,40,0.043
2021-06-06,27,0.029
2021-06-07,18,0.019
2021-06-08,19,0.021
2021-06-09,21,0.023
2021-06-10,25,0.027
2021-06-11,22,0.024
2021-06-12,37,0.04
2021-06-13,34,0.037
2021-06-14,40,0.043
2021-06-15,77,0.063
2021-06-16,50,0.054
2021-06-17,97,0.069
2021-06-18,49,0.053
2021-06-19,12,0.013
2021-06-20,18,0.019
2021-06-21,20,0.022
2021-06-22,31,0.033
2021-06-23,42,0.045
2021-06-24,32,0.035
2021-06-25,44,0.048
2021-06-26,25,0.027
2021-06-27,14,0.015
2021-06-28,26,0.028
2021-06-29,25,0.027
2021-06-30,19,0.021
2021-07-01,27,0.029
2021-07-02,24,0.026
2021-07-03,46,0.05
2021-07-04,44,0.048
2021-07-05,34,0.037
2021-07-06,35,0.038
2021-07-07,19,0.02
2021-07-08,25,0.027
2021-07-09,26,0.028
2021-07-10,20,0.022
2021-07-11,17,0.018
2021-07-12,15,0.016
2021-07-13,25,0.027
2021-07-14,28,0.03
2021-07-15,40,0.043
2021-07-16,37,0.04
2021-07-17,30,0.032
2021-07-18,26,0.028
2021-07-19,17,0.018
2021-07-20,22,0.024
2021-07-21,35,0.038
2021-07-22,45,0.049
2021-07-23,46,0.05
2021-07-24,43,0.046
2021-07-25,40,0.043
2021-07-26,51,0.055
2021-07-27,67,0.06
2021-07-28,49,0.053
2021-07-29,80,0.064
2021-07-30,44,0.047
2021-07-31,49,0.053
2021-08-01,42,0.045
2021-08-02,51,0.055
2021-08-03,38,0.041
2021-08-04,44,0.048
2021-08-05,43,0.046
2021-08-06,40,0.043
2021-08-07,46,0.05
2021-08-08,61,0.058
2021-08-09,46,0.05
2021-08-10,44,0.048
2021-08-11,28,0.03
2021-08-12,90,0.067
2021-08-13,112,0.074
2021-08-14,46,0.05
2021-08-15,19,0.02
2021-08-16,13,0.014
2021-08-17,15,0.016
2021-08-18,47,0.051
2021-08-19,32,0.035
2021-08-20,35,0.038
2021-08-21,21,0.023
2021-08-22,27,0.029
2021-08-23,49,0.053
2021-08-24,44,0.048
2021-08-25,38,0.041
2021-08-26,31,0.033
2021-08-27,23,0.025
2021-08-28,20,0.022
2021-08-29,16,0.017
2021-08-30,19,0.021
2021-08-31,16,0.017
2021-09-01,27,0.029
2021-09-02,37,0.04
2021-09-03,39,0.042
2021-09-04,47,0.051
2021-09-05,41,0.044
2021-09-06,26,0.028
2021-09-07,27,0.029
2021-09-08,25,0.027
2021-09-09,38,0.041
2021-09-10,42,0.045
2021-09-11,42,0.045
2021-09-12,39,0.042
2021-09-13,44,0.047
2021-09-14,61,0.058
2021-09-15,18,0.019
2021-09-16,14,0.015
2021-09-17,15,0.016
2021-09-18,20,0.022
2021-09-19,11,0.012
2021-09-20,18,0.019
2021-09-21,20,0.022
2021-09-22,29,0.031
2021-09-23,32,0.035
2021-09-24,41,0.044
2021-09-25,44,0.047
2021-09-26,44,0.048
2021-09-27,64,0.059
2021-09-28,43,0.046
2021-09-29,44,0.048
2021-09-30,35,0.038
2021-10-01,40,0.043
2021-10-02,38,0.041
2021-10-03,20,0.022
2021-10-04,19,0.021
2021-10-05,17,0.018
2021-10-06,19,0.021
2021-10-07,19,0.021
2021-10-08,33,0.036
2021-10-09,34,0.037
2021-10-10,34,0.037
2021-10-11,27,0.029
2021-10-12,26,0.028
2021-10-13,39,0.042
2021-10-14,44,0.048
2021-10-15,38,0.041
2021-10-16,31,0.033
2021-10-17,31,0.034
2021-10-18,30,0.032
2021-10-19,38,0.041
2021-10-20,43,0.046
2021-10-21,23,0.025
2021-10-22,39,0.042
2021-10-23,40,0.043
2021-10-24,35,0.038
2021-10-25,27,0.029
2021-10-26,25,0.027
2021-10-27,26,0.028
2021-10-28,19,0.02
2021-10-29,15,0.016
2021-10-30,12,0.013
2021-10-31,21,0.023
2021-11-01,31,0.033
2021-11-02,26,0.028
2021-11-03,21,0.023
2021-11-04,17,0.018
2021-11-05,24,0.026
2021-11-06,31,0.033
2021-11-07,31,0.034
2021-11-08,31,0.034
2021-11-09,24,0.026
2021-11-10,40,0.043
2021-11-11,31,0.034
2021-11-12,30,0.032
2021-11-13,25,0.027
2021-11-14,27,0.029
2021-11-15,27,0.029
2021-11-16,37,0.04
2021-11-17,37,0.04
2021-11-18,28,0.03
2021-11-19,29,0.031
2021-11-20,31,0.033
2021-11-21,28,0.03
2021-11-22,27,0.029
2021-11-23,24,0.026
2021-11-24,31,0.034
2021-11-25,33,0.036
2021-11-26,25,0.027
2021-11-27,28,0.03
2021-11-28,23,0.025
2021-11-29,27,0.029
2021-11-30,31,0.033
2021-12-01,35,0.038
2021-12-02,37,0.04
2021-12-03,33,0.036
2021-12-04,31,0.033
2021-12-05,16,0.017
2021-12-06,15,0.016
2021-12-07,13,0.014
2021-12-08,11,0.012
2021-12-09,18,0.019
2021-12-10,5,0.005
2021-12-11,18,0.019
2021-12-12,25,0.027
2021-12-13,26,0.028
2021-12-14,16,0.017
2021-12-15,27,0.029
2021-12-16,26,0.028
2021-12-17,16,0.017
2021-12-18,16,0.017
2021-12-19,15,0.016
2021-12-20,23,0.025
2021-12-21,14,0.015
2021-12-22,28,0.03
2021-12-23,29,0.031
2021-12-24,35,0.038
2021-12-25,30,0.032
2021-12-26,25,0.027
2021-12-27,22,0.024
2021-12-28,23,0.025
2021-12-29,18,0.019
2021-12-30,14,0.015
2021-12-31,10,0.011
2022-01-01,21,0.023
2022-01-02,24,0.026
2022-01-03,22,0.024
2022-01-04,30,0.032
2022-01-05,32,0.035
2022-01-06,24,0.026
2022-01-07,22,0.024
2022-01-08,30,0.032
2022-01-09,22,0.024
2022-01-10,30,0.032
2022-01-11,31,0.034
2022-01-12,25,0.027
2022-01-13,32,0.035
2022-01-14,22,0.024
2022-01-15,22,0.024
2022-01-16,23,0.025
2022-01-17,25,0.027
2022-01-18,24,0.026
2022-01-19,32,0.035
2022-01-20,11,0.012
2022-01-21,10,0.011
2022-01-22,19,0.021
2022-01-23,31,0.034
2022-01-24,36,0.039
2022-01-25,30,0.032
2022-01-26,23,0.025
2022-01-27,34,0.037
2022-01-28,27,0.029
2022-01-29,32,0.035
2022-01-30,38,0.041
2022-01-31,28,0.03
2022-02-01,40,0.043
2022-02-02,32,0.035
2022-02-03,24,0.026
2022-02-04,23,0.025
2022-02-05,34,0.037
2022-02-06,37,0.04
2022-02-07,28,0.03
2022-02-08,33,0.036
2022-02-09,38,0.041
2022-02-10,43,0.046
2022-02-11,49,0.053
2022-02-12,58,0.057
2022-02-13,32,0.035
2022-02-14,39,0.042
2022-02-15,45,0.049
2022-02-16,38,0.041
2022-02-17,29,0.031
2022-02-18,24,0.026
2022-02-19,35,0.038
2022-02-20,39,0.042
2022-02-21,26,0.028
2022-02-22,31,0.034
2022-02-23,20,0.022
2022-02-24,28,0.03
2022-02-25,23,0.025
2022-02-26,22,0.024
2022-02-27,18,0.019
2022-02-28,35,0.038
2022-03-01,42,0.045
2022-03-02,47,0.051
2022-03-03,51,0.055
2022-03-04,54,0.056
2022-03-05,50,0.054
2022-03-06,34,0.037
2022-03-07,26,0.028
2022-03-08,11,0.012
2022-03-09,20,0.022
2022-03-10,26,0.028
2022-03-11,18,0.019
2022-03-12,37,0.04
2022-03-13,37,0.04
2022-03-14,44,0.048
2022-03-15,32,0.035
2022-03-16,24,0.026
2022-03-17,40,0.043
2022-03-18,29,0.031
2022-03-19,35,0.038
2022-03-20,41,0.044
2022-03-21,47,0.051
2022-03-22,48,0.052
2022-03-23,29,0.031
2022-03-24,44,0.048
2022-03-25,37,0.04
2022-03-26,42,0.045
2022-03-27,42,0.045
2022-03-28,41,0.044
2022-03-29,58,0.057
2022-03-30,51,0.055
2022-03-31,37,0.04
2022-04-01,38,0.041
2022-04-02,38,0.041
2022-04-03,44,0.047
2022-04-04,49,0.053
2022-04-05,26,0.028
2022-04-06,23,0.025
2022-04-07,43,0.046
2022-04-08,33,0.036
2022-04-09,35,0.038
2022-04-10,46,0.05
2022-04-11,41,0.044
2022-04-12,43,0.046
2022-04-13,34,0.037
2022-04-14,41,0.044
2022-04-15,46,0.05
2022-04-16,25,0.027
2022-04-17,35,0.038
2022-04-18,30,0.032
2022-04-19,42,0.045
2022-04-20,43,0.046
2022-04-21,43,0.046
2022-04-22,43,0.046
2022-04-23,43,0.046
2022-04-24,40,0.043
2022-04-25,39,0.042
2022-04-26,24,0.026
2022-04-27,61,0.058
2022-04-28,61,0.058
2022-04-29,74,0.062
2022-04-30,41,0.044
2022-05-01,28,0.03
2022-05-02,40,0.043
2022-05-03,35,0.038
2022-05-04,35,0.038
2022-05-05,42,0.045
2022-05-06,40,0.043
2022-05-07,30,0.032
2022-05-08,27,0.029
2022-05-09,37,0.04
2022-05-10,71,0.061
2022-05-11,80,0.064
2022-05-12,43,0.046
2022-05-13,31,0.034
2022-05-14,44,0.048
2022-05-15,42,0.045
2022-05-16,49,0.053
2022-05-17,90,0.067
2022-05-18,71,0.061
2022-05-19,47,0.051
2022-05-20,36,0.039
2022-05-21,31,0.034
2022-05-22,31,0.033
2022-05-23,22,0.024
2022-05-24,27,0.029
2022-05-25,18,0.019
2022-05-26,20,0.022
2022-05-27,42,0.045
2022-05-28,46,0.05
2022-05-29,40,0.043
2022-05-30,33,0.036
2022-05-31,35,0.038
2022-06-01,64,0.059
2022-06-02,40,0.043
2022-06-03,44,0.047
2022-06-04,40,0.043
2022-06-05,45,0.049
2022-06-06,34,0.037
2022-06-07,36,0.039
2022-06-08,31,0.033
2022-06-09,37,0.04
2022-06-10,46,0.05
2022-06-11,64,0.059
2022-06-12,42,0.045
2022-06-13,47,0.051
2022-06-14,38,0.041
2022-06-15,43,0.046
2022-06-16,48,0.052
2022-06-17,51,0.055
2022-06-18,48,0.052
2022-06-19,44,0.048
2022-06-20,147,0.084
2022-06-21,67,0.06
2022-06-22,61,0.058
2022-06-23,77,0.063
2022-06-24,48,0.052
2022-06-25,44,0.048
2022-06-26,44,0.048
2022-06-27,43,0.046
2022-06-28,31,0.033
2022-06-29,34,0.037
2022-06-30,41,0.044
2022-07-01,24,0.026
2022-07-02,49,0.053
2022-07-03,31,0.034
2022-07-04,40,0.043
2022-07-05,61,0.058
2022-07-06,40,0.043
2022-07-07,36,0.039
2022-07-08,40,0.043
2022-07-09,31,0.034
2022-07-10,35,0.038
2022-07-11,28,0.03
2022-07-12,36,0.039
2022-07-13,37,0.04
2022-07-14,49,0.053
2022-07-15,51,0.055
2022-07-16,43,0.046
2022-07-17,31,0.034
2022-07-18,30,0.032
2022-07-19,33,0.036
2022-07-20,31,0.034
2022-07-21,26,0.028
2022-07-22,44,0.048
2022-07-23,44,0.048
2022-07-24,33,0.036
2022-07-25,27,0.029
2022-07-26,32,0.035
2022-07-27,37,0.04
2022-07-28,34,0.037
2022-07-29,35,0.038
2022-07-30,32,0.035
2022-07-31,22,0.024
2022-08-01,19,0.021
2022-08-02,36,0.039
2022-08-03,35,0.038
2022-08-04,32,0.035
2022-08-05,31,0.033
2022-08-06,,0.005
2022-08-08,50,0.054
2022-08-09,33,0.036
2022-08-10,28,0.03
2022-08-11,30,0.032
2022-08-12,36,0.039
2022-08-13,34,0.037
2022-08-14,35,0.038
2022-08-15,32,0.035
2022-08-16,44,0.047
2022-08-17,33,0.036
2022-08-18,30,0.032
2022-08-19,19,0.02
2022-08-20,27,0.029
2022-08-21,22,0.024
2022-08-22,23,0.025
2022-08-23,41,0.044
2022-08-24,28,0.03
2022-08-25,20,0.022
2022-08-26,35,0.038
2022-08-27,33,0.036
2022-08-28,28,0.03
2022-08-29,30,0.032
2022-08-30,38,0.041
2022-08-31,48,0.052
2022-09-01,44,0.047
2022-09-02,34,0.037
2022-09-03,19,0.02
2022-09-04,13,0.014
2022-09-05,20,0.022
2022-09-06,31,0.033
2022-09-07,40,0.043
2022-09-08,31,0.033
2022-09-09,25,0.027
2022-09-10,14,0.015
2022-09-11,25,0.027
2022-09-12,32,0.035
2022-09-13,37,0.04
2022-09-14,46,0.05
2022-09-15,43,0.046
2022-09-16,43,0.046
2022-09-17,42,0.045
2022-09-18,44,0.047
2022-09-19,46,0.05
2022-09-20,44,0.047
2022-09-21,108,0.073
2022-09-22,44,0.048
2022-09-23,43,0.046
2022-09-24,44,0.048
2022-09-25,32,0.035
2022-09-26,40,0.043
2022-09-27,35,0.038
2022-09-28,42,0.045
2022-09-29,31,0.034
2022-09-30,31,0.033
2022-10-01,33,0.036
2022-10-02,28,0.03
2022-10-03,31,0.034
2022-10-04,31,0.034
2022-10-05,35,0.038
2022-10-06,44,0.047
2022-10-07,58,0.057
2022-10-08,38,0.041
2022-10-09,44,0.047
2022-10-10,49,0.053
2022-10-11,37,0.04
2022-10-12,19,0.021
2022-10-13,30,0.032
2022-10-14,37,0.04
2022-10-15,36,0.039
2022-10-16,35,0.038
2022-10-17,35,0.038
2022-10-18,22,0.024
2022-10-19,26,0.028
2022-10-20,28,0.03
2022-10-21,36,0.039
2022-10-22,46,0.05
2022-10-23,48,0.052
2022-10-24,40,0.043
2022-10-25,44,0.047
2022-10-26,22,0.024
2022-10-27,35,0.038
2022-10-28,31,0.034
2022-10-29,24,0.026
2022-10-30,10,0.011
2022-10-31,23,0.025
2022-11-01,31,0.033
2022-11-02,32,0.035
2022-11-03,32,0.035
2022-11-04,37,0.04
2022-11-05,26,0.028
2022-11-06,28,0.03
2022-11-07,26,0.028
2022-11-08,38,0.041
2022-11-09,33,0.036
2022-11-10,27,0.029
2022-11-11,14,0.015
2022-11-12,21,0.023
2022-11-13,20,0.022
2022-11-14,23,0.025
2022-11-15,11,0.012
2022-11-16,22,0.024
2022-11-17,26,0.028
2022-11-18,27,0.029
2022-11-19,31,0.033
2022-11-20,26,0.028
2022-11-21,33,0.036
2022-11-22,24,0.026
2022-11-23,28,0.03
2022-11-24,33,0.036
2022-11-25,18,0.019
2022-11-26,27,0.029
2022-11-27,27,0.029
2022-11-28,26,0.028
2022-11-29,35,0.038
2022-11-30,24,0.026
2022-12-01,26,0.028
2022-12-02,23,0.025
2022-12-03,15,0.016
2022-12-04,19,0.021
2022-12-05,5,0.005
2022-12-06,4,0.004
2022-12-07,12,0.013
2022-12-08,19,0.021
2022-12-09,6,0.007
2022-12-10,12,0.013
2022-12-11,8,0.009
2022-12-12,10,0.011
2022-12-13,19,0.02
2022-12-14,16,0.017
2022-12-15,28,0.03
2022-12-16,26,0.028
2022-12-17,25,0.027
2022-12-18,29,0.031
2022-12-19,29,0.031
2022-12-20,21,0.023
2022-12-21,26,0.028
2022-12-22,11,0.012
2022-12-23,25,0.027
2022-12-24,27,0.029
2022-12-25,31,0.034
2022-12-26,27,0.029
2022-12-27,26,0.028
2022-12-28,33,0.036
2022-12-29,38,0.041
2022-12-30,28,0.03
2022-12-31,11,0.012
2023-01-01,24,0.026
2023-01-02,16,0.017
2023-01-03,19,0.02
2023-01-04,26,0.028
2023-01-05,31,0.033
2023-01-06,31,0.033
2023-01-07,33,0.036
2023-01-08,26,0.028
2023-01-09,26,0.028
2023-01-10,31,0.033
2023-01-11,24,0.026
2023-01-12,27,0.029
2023-01-13,19,0.021
2023-01-14,30,0.032
2023-01-15,27,0.029
2023-01-16,31,0.033
2023-01-17,13,0.014
2023-01-18,20,0.022
2023-01-19,32,0.035
2023-01-20,28,0.03
2023-01-21,22,0.024
2023-01-22,18,0.019
2023-01-23,26,0.028
2023-01-24,26,0.028
2023-01-25,30,0.032
2023-01-26,29,0.031
2023-01-27,31,0.034
2023-01-28,35,0.038
2023-01-29,27,0.029
2023-01-30,18,0.019
2023-01-31,11,0.012
2023-02-01,7,0.008
2023-02-02,19,0.021
2023-02-03,31,0.033
2023-02-04,34,0.037
2023-02-05,32,0.035
2023-02-06,37,0.04
2023-02-07,42,0.045
2023-02-08,36,0.039
2023-02-09,30,0.032
2023-02-10,27,0.029
2023-02-11,31,0.033
2023-02-12,25,0.027
2023-02-13,37,0.04
2023-02-14,49,0.053
2023-02-15,14,0.015
2023-02-16,32,0.035
2023-02-17,25,0.027
2023-02-18,35,0.038
2023-02-19,40,0.043
2023-02-20,39,0.042
2023-02-21,15,0.016
2023-02-22,31,0.033
2023-02-23,26,0.028
2023-02-24,30,0.032
2023-02-25,27,0.029
2023-02-26,22,0.024
2023-02-27,22,0.024
2023-02-28,44,0.047
2023-03-01,25,0.027
2023-03-02,18,0.019
2023-03-03,23,0.025
2023-03-04,39,0.042
2023-03-05,40,0.043
2023-03-06,46,0.05
2023-03-07,47,0.051
2023-03-08,44,0.047
2023-03-09,31,0.034
2023-03-10,32,0.035
2023-03-11,38,0.041
2023-03-12,22,0.024
2023-03-13,34,0.037
2023-03-14,34,0.037
2023-03-15,37,0.04
2023-03-16,51,0.055
2023-03-17,26,0.028
2023-03-18,40,0.043
2023-03-19,39,0.042
2023-03-20,42,0.045
2023-03-21,46,0.05
2023-03-22,40,0.043
2023-03-23,44,0.047
2023-03-24,32,0.035
2023-03-25,38,0.041
2023-03-26,22,0.024
2023-03-27,41,0.044
2023-03-28,43,0.046
2023-03-29,46,0.05
2023-03-30,71,0.061
2023-03-31,47,0.051
2023-04-01,44,0.048
2023-04-02,49,0.053
2023-04-03,21,0.023
2023-04-04,20,0.022
2023-04-05,31,0.033
2023-04-06,30,0.032
2023-04-07,34,0.037
2023-04-08,31,0.034
2023-04-09,43,0.046
2023-04-10,48,0.052
2023-04-11,54,0.056
2023-04-12,51,0.055
2023-04-13,25,0.027
2023-04-14,32,0.035
2023-04-15,45,0.049
2023-04-16,38,0.041
2023-04-17,47,0.051
2023-04-18,64,0.059
2023-04-19,80,0.064
2023-04-20,77,0.063
2023-04-21,58,0.057
2023-04-22,44,0.047
2023-04-23,44,0.048
2023-04-24,47,0.051
2023-04-25,48,0.052
2023-04-26,30,0.032
2023-04-27,13,0.014
2023-04-28,39,0.042
2023-04-29,38,0.041
2023-04-30,42,0.045
2023-05-01,45,0.049
2023-05-02,45,0.049
2023-05-03,44,0.048
2023-05-04,50,0.054
2023-05-05,21,0.023
2023-05-06,37,0.04
2023-05-07,39,0.042
2023-05-08,37,0.04
2023-05-09,34,0.037
2023-05-10,47,0.051
2023-05-11,38,0.041
2023-05-12,29,0.031
2023-05-13,49,0.053
2023-05-14,44,0.047
2023-05-15,35,0.038
2023-05-16,39,0.042
2023-05-17,31,0.034
2023-05-18,37,0.04
2023-05-19,37,0.04
2023-05-20,30,0.032
2023-05-21,30,0.032
2023-05-22,28,0.03
2023-05-23,36,0.039
2023-05-24,49,0.053
2023-05-25,51,0.055
2023-05-26,54,0.056
2023-05-27,48,0.052
2023-05-28,48,0.052
2023-05-29,37,0.04
2023-05-30,35,0.038
2023-05-31,33,0.036
2023-06-01,40,0.043
2023-06-02,44,0.047
2023-06-03,71,0.061
2023-06-04,37,0.04
2023-06-05,61,0.058
2023-06-06,54,0.056
2023-06-07,100,0.07
2023-06-08,80,0.064
2023-06-09,101,0.071
2023-06-10,119,0.076
2023-06-11,40,0.043
2023-06-12,42,0.045
2023-06-13,49,0.053
2023-06-14,23,0.025
2023-06-15,38,0.041
2023-06-16,50,0.054
2023-06-17,97,0.069
2023-06-18,54,0.056
2023-06-19,23,0.025
2023-06-20,40,0.043
2023-06-21,21,0.023
2023-06-22,28,0.03
2023-06-23,39,0.042
2023-06-24,71,0.061
2023-06-25,58,0.057
2023-06-26,39,0.042
2023-06-27,54,0.056
2023-06-28,84,0.065
2023-06-29,133,0.08
2023-06-30,36,0.039
2023-07-01,50,0.054
2023-07-02,41,0.044
2023-07-03,39,0.042
2023-07-04,41,0.044
2023-07-05,38,0.041
2023-07-06,46,0.05
2023-07-07,44,0.048
2023-07-08,41,0.044
2023-07-09,38,0.041
2023-07-10,35,0.038
2023-07-11,46,0.05
2023-07-12,48,0.052
2023-07-13,33,0.036
2023-07-14,45,0.049
2023-07-15,33,0.036
2023-07-16,46,0.05
2023-07-17,84,0.065
2023-07-18,93,0.068
2023-07-19,50,0.054
2023-07-20,42,0.045
2023-07-21,37,0.04
2023-07-22,37,0.04
2023-07-23,46,0.05
2023-07-24,74,0.062
2023-07-25,87,0.066
2023-07-26,93,0.068
2023-07-27,93,0.068
2023-07-28,54,0.056
2023-07-29,48,0.052
2023-07-30,44,0.048
2023-07-31,54,0.056
2023-08-01,64,0.059
2023-08-02,36,0.039
2023-08-03,36,0.039
2023-08-04,41,0.044
2023-08-05,46,0.05
2023-08-06,30,0.032
2023-08-07,31,0.033
2023-08-08,35,0.038
2023-08-09,46,0.05
2023-08-10,38,0.041
2023-08-11,35,0.038
2023-08-12,37,0.04
2023-08-13,34,0.037
2023-08-14,33,0.036
2023-08-15,28,0.03
2023-08-16,49,0.053
2023-08-17,42,0.045
2023-08-18,46,0.05
2023-08-19,48,0.052
2023-08-20,44,0.048
2023-08-21,87,0.066
2023-08-22,67,0.06
2023-08-23,51,0.055
2023-08-24,136,0.081
2023-08-25,47,0.051
2023-08-26,45,0.049
2023-08-27,39,0.042
2023-08-28,30,0.032
2023-08-29,29,0.031
2023-08-30,19,0.021
2023-08-31,38,0.041
2023-09-01,31,0.034
2023-09-02,37,0.04
2023-09-03,41,0.044
2023-09-04,71,0.061
2023-09-05,61,0.058
2023-09-06,40,0.043
2023-09-07,44,0.047
2023-09-08,58,0.057
2023-09-09,32,0.035
2023-09-10,36,0.039
2023-09-11,45,0.049
2023-09-12,35,0.038
2023-09-13,40,0.043
2023-09-14,27,0.029
2023-09-15,25,0.027
2023-09-16,22,0.024
2023-09-17,37,0.04
2023-09-18,43,0.046
2023-09-19,50,0.054
2023-09-20,39,0.042
2023-09-21,41,0.044
2023-09-22,45,0.049
2023-09-23,44,0.048
2023-09-24,44,0.048
2023-09-25,48,0.052
2023-09-26,32,0.035
2023-09-27,24,0.026
2023-09-28,29,0.031
2023-09-29,43,0.046
2023-09-30,44,0.047
2023-10-01,36,0.039
2023-10-02,38,0.041
2023-10-03,42,0.045
2023-10-04,42,0.045
2023-10-05,41,0.044
2023-10-06,31,0.033
2023-10-07,30,0.032
2023-10-08,33,0.036
2023-10-09,36,0.039
2023-10-10,47,0.051
2023-10-11,31,0.034
2023-10-12,27,0.029
2023-10-13,27,0.029
2023-10-14,28,0.03
2023-10-15,19,0.021
2023-10-16,22,0.024
2023-10-17,24,0.026
2023-10-18,36,0.039
2023-10-19,31,0.033
2023-10-20,31,0.033
2023-10-21,35,0.038
2023-10-22,36,0.039
2023-10-23,36,0.039
2023-10-24,39,0.042
2023-10-25,32,0.035
2023-10-26,30,0.032
2023-10-27,36,0.039
2023-10-28,44,0.047
2023-10-29,35,0.038
2023-10-30,30,0.032
2023-10-31,29,0.031
2023-11-01,31,0.033
2023-11-02,33,0.036
2023-11-03,39,0.042
2023-11-04,40,0.043
2023-11-05,45,0.049
2023-11-06,44,0.047
2023-11-07,48,0.052
2023-11-08,41,0.044
2023-11-09,36,0.039
2023-11-10,15,0.016
2023-11-11,20,0.022
2023-11-12,26,0.028
2023-11-13,32,0.035
2023-11-14,38,0.041
2023-11-15,32,0.035
2023-11-16,32,0.035
2023-11-17,29,0.031
2023-11-18,31,0.034
2023-11-19,33,0.036
2023-11-20,29,0.031
2023-11-21,19,0.021
2023-11-22,19,0.021
2023-11-23,22,0.024
2023-11-24,30,0.032
2023-11-25,28,0.03
2023-11-26,20,0.022
2023-11-27,23,0.025
2023-11-28,31,0.033
2023-11-29,29,0.031
2023-11-30,30,0.032
2023-12-01,19,0.02
2023-12-02,17,0.018
2023-12-03,25,0.027
2023-12-04,31,0.034
2023-12-05,27,0.029
2023-12-06,22,0.024
2023-12-07,20,0.022
2023-12-08,32,0.035
2023-12-09,19,0.02
2023-12-10,19,0.021
2023-12-11,19,0.02
2023-12-12,23,0.025
2023-12-13,21,0.023
2023-12-14,32,0.035
2023-12-15,31,0.034
2023-12-16,29,0.031
2023-12-17,22,0.024
2023-12-18,29,0.031
2023-12-19,26,0.028
2023-12-20,26,0.028
2023-12-21,31,0.034
2023-12-22,31,0.033
2023-12-23,33,0.036
2023-12-24,32,0.035
2023-12-25,27,0.029
2023-12-26,9,0.01
2023-12-27,20,0.022
2023-12-28,26,0.028
2023-12-29,21,0.023
2023-12-30,18,0.019
2023-12-31,29,0.031
2024-01-01,24,0.026
2024-01-02,22,0.024
2024-01-03,11,0.012
2024-01-04,25,0.027
2024-01-05,29,0.031
2024-01-06,27,0.029
2024-01-07,28,0.03
2024-01-08,26,0.028
2024-01-09,28,0.03
2024-01-10,27,0.029
2024-01-11,35,0.038
2024-01-12,21,0.023
2024-01-13,28,0.03
2024-01-14,36,0.039
2024-01-15,34,0.037
2024-01-16,30,0.032
2024-01-17,29,0.031
2024-01-18,31,0.033
2024-01-19,32,0.035
2024-01-20,31,0.033
2024-01-21,31,0.034
2024-01-22,31,0.033
2024-01-23,20,0.022
2024-01-24,10,0.011
2024-01-25,20,0.022
2024-01-26,17,0.018
2024-01-27,24,0.026
2024-01-28,26,0.028
2024-01-29,24,0.026
2024-01-30,30,0.032
2024-01-31,27,0.029
2024-02-01,24,0.026
2024-02-02,35,0.038
2024-02-03,34,0.037
2024-02-04,30,0.032
2024-02-05,31,0.033
2024-02-06,36,0.039
2024-02-07,37,0.04
2024-02-08,36,0.039
2024-02-09,32,0.035
2024-02-10,27,0.029
2024-02-11,26,0.028
2024-02-12,34,0.037
2024-02-13,29,0.031
2024-02-14,36,0.039
2024-02-15,40,0.043
2024-02-16,44,0.047
2024-02-17,31,0.034
2024-02-18,31,0.034
2024-02-19,34,0.037
2024-02-20,36,0.039
2024-02-21,51,0.055
2024-02-22,58,0.057
2024-02-23,39,0.042
2024-02-24,40,0.043
2024-02-25,39,0.042
2024-02-26,61,0.058
2024-02-27,39,0.042
2024-02-28,37,0.04
2024-02-29,31,0.034
2024-03-01,26,0.028
2024-03-02,19,0.021
2024-03-03,22,0.024
2024-03-04,19,0.02
2024-03-05,25,0.027
2024-03-06,20,0.022
2024-03-07,39,0.042
2024-03-08,31,0.033
2024-03-09,29,0.031
2024-03-10,41,0.044
2024-03-11,38,0.041
2024-03-12,44,0.048
2024-03-13,54,0.056
2024-03-14,61,0.058
2024-03-15,19,0.021
2024-03-16,37,0.04
2024-03-17,36,0.039
2024-03-18,42,0.045
2024-03-19,40,0.043
2024-03-20,48,0.052
2024-03-21,71,0.061
2024-03-22,38,0.041
2024-03-23,42,0.045
2024-03-24,44,0.047
2024-03-25,42,0.045
2024-03-26,24,0.026
2024-03-27,37,0.04
2024-03-28,41,0.044
2024-03-29,46,0.05
2024-03-30,47,0.051
2024-03-31,42,0.045
2024-04-01,32,0.035
2024-04-02,35,0.038
2024-04-03,40,0.043
2024-04-04,43,0.046
2024-04-05,34,0.037
2024-04-06,42,0.045
2024-04-07,50,0.054
2024-04-08,44,0.047
2024-04-09,24,0.026
2024-04-10,33,0.036
2024-04-11,33,0.036
2024-04-12,44,0.047
2024-04-13,46,0.05
2024-04-14,49,0.053
2024-04-15,54,0.056
2024-04-16,44,0.048
2024-04-17,43,0.046
2024-04-18,51,0.055
2024-04-19,36,0.039
2024-04-20,33,0.036
2024-04-21,27,0.029
2024-04-22,41,0.044
2024-04-23,43,0.046
2024-04-24,44,0.047
2024-04-25,90,0.067
2024-04-26,50,0.054
2024-04-27,34,0.037
2024-04-28,40,0.043
2024-04-29,38,0.041
2024-04-30,35,0.038
2024-05-01,74,0.062
2024-05-02,49,0.053
2024-05-03,40,0.043
2024-05-04,33,0.036
2024-05-05,38,0.041
2024-05-06,34,0.037
2024-05-07,25,0.027
2024-05-08,24,0.026
2024-05-09,28,0.03
2024-05-10,41,0.044
2024-05-11,44,0.047
2024-05-12,51,0.055
2024-05-13,24,0.026
2024-05-14,31,0.033
2024-05-15,39,0.042
2024-05-16,46,0.05
2024-05-17,30,0.032
2024-05-18,26,0.028
2024-05-19,35,0.038
2024-05-20,44,0.048
2024-05-21,45,0.049
2024-05-22,40,0.043
2024-05-23,39,0.042
2024-05-24,39,0.042
2024-05-25,41,0.044
2024-05-26,28,0.03
2024-05-27,35,0.038
2024-05-28,45,0.049
2024-05-29,49,0.053
2024-05-30,71,0.061
2024-05-31,44,0.048
2024-06-01,42,0.045
2024-06-02,35,0.038
2024-06-03,35,0.038
2024-06-04,27,0.029
2024-06-05,31,0.033
2024-06-06,31,0.033
2024-06-07,54,0.056
2024-06-08,77,0.063
2024-06-09,44,0.047
2024-06-10,47,0.051
2024-06-11,67,0.06
2024-06-12,43,0.046
2024-06-13,49,0.053
2024-06-14,101,0.071
2024-06-15,93,0.068
2024-06-16,42,0.045
2024-06-17,39,0.042
2024-06-18,40,0.043
2024-06-19,37,0.04
2024-06-20,37,0.04
2024-06-21,46,0.05
2024-06-22,43,0.046
2024-06-23,44,0.047
2024-06-24,71,0.061
2024-06-25,115,0.075
2024-06-26,115,0.075
2024-06-27,44,0.047
2024-06-28,25,0.027
2024-06-29,21,0.023
2024-06-30,36,0.039
2024-07-01,48,0.052
2024-07-02,44,0.047
2024-07-03,28,0.03
2024-07-04,34,0.037
2024-07-05,24,0.026
2024-07-06,35,0.038
2024-07-07,31,0.034
2024-07-08,35,0.038
2024-07-09,22,0.024
2024-07-10,35,0.038
2024-07-11,87,0.066
2024-07-12,105,0.072
2024-07-13,133,0.08
2024-07-14,108,0.073
2024-07-15,51,0.055
2024-07-16,39,0.042
2024-07-17,31,0.034
2024-07-18,31,0.033
2024-07-19,38,0.041
2024-07-20,19,0.021
2024-07-21,19,0.021
2024-07-22,32,0.035
2024-07-23,33,0.036
2024-07-24,41,0.044
2024-07-25,22,0.024
2024-07-26,37,0.04
2024-07-27,24,0.026
2024-07-28,18,0.019
2024-07-29,19,0.02
2024-07-30,29,0.031
2024-07-31,31,0.033
2024-08-01,32,0.035
2024-08-02,31,0.034
2024-08-03,44,0.047
2024-08-04,32,0.035
2024-08-05,20,0.022
2024-08-06,33,0.036
2024-08-07,41,0.044
2024-08-08,39,0.042
2024-08-09,49,0.053
2024-08-10,61,0.058
2024-08-11,61,0.058
2024-08-12,84,0.065
2024-08-13,50,0.054
2024-08-14,47,0.051
2024-08-15,36,0.039
2024-08-16,40,0.043
2024-08-17,41,0.044
2024-08-18,30,0.032
2024-08-19,36,0.039
2024-08-20,48,0.052
2024-08-21,40,0.043
2024-08-22,38,0.041
2024-08-23,46,0.05
2024-08-24,51,0.055
2024-08-25,48,0.052
2024-08-26,48,0.052
2024-08-27,84,0.065
2024-08-28,80,0.064
2024-08-29,49,0.053
2024-08-30,43,0.046
2024-08-31,32,0.035
2024-09-01,31,0.033
2024-09-02,41,0.044
2024-09-03,38,0.041
2024-09-04,41,0.044
2024-09-05,35,0.038
2024-09-06,33,0.036
2024-09-07,44,0.048
2024-09-08,35,0.038
2024-09-09,44,0.048
2024-09-10,43,0.046
2024-09-11,34,0.037
2024-09-12,26,0.028
2024-09-13,18,0.019
2024-09-14,18,0.019
2024-09-15,24,0.026
2024-09-16,34,0.037
2024-09-17,33,0.036
2024-09-18,32,0.035
2024-09-19,43,0.046
2024-09-20,64,0.059
2024-09-21,71,0.061
2024-09-22,45,0.049
2024-09-23,64,0.059
2024-09-24,43,0.046
2024-09-25,29,0.031
2024-09-26,20,0.022
2024-09-27,31,0.034
2024-09-28,31,0.034
2024-09-29,27,0.029
2024-09-30,27,0.029
2024-10-01,24,0.026
2024-10-02,33,0.036
2024-10-03,31,0.034
2024-10-04,25,0.027
2024-10-05,35,0.038
2024-10-06,40,0.043
2024-10-07,45,0.049
2024-10-08,44,0.047
2024-10-09,44,0.048
2024-10-10,44,0.047
2024-10-11,43,0.046
2024-10-12,46,0.05
2024-10-13,44,0.048
2024-10-14,34,0.037
2024-10-15,26,0.028
2024-10-16,27,0.029
2024-10-17,30,0.032
2024-10-18,40,0.043
2024-10-19,39,0.042
2024-10-20,46,0.05
2024-10-21,42,0.045
2024-10-22,39,0.042
2024-10-23,37,0.04
2024-10-24,40,0.043
2024-10-25,46,0.05
2024-10-26,42,0.045
2024-10-27,30,0.032
2024-10-28,29,0.031
2024-10-29,38,0.041
2024-10-30,31,0.033
2024-10-31,34,0.037
2024-11-01,18,0.019
2024-11-02,29,0.031
2024-11-03,24,0.026
2024-11-04,21,0.023
2024-11-05,23,0.025
2024-11-06,11,0.012
2024-11-07,12,0.013
2024-11-08,19,0.02
2024-11-09,28,0.03
2024-11-10,19,0.021
2024-11-11,13,0.014
2024-11-12,33,0.036
2024-11-13,26,0.028
2024-11-14,11,0.012
2024-11-15,24,0.026
2024-11-16,29,0.031
2024-11-17,29,0.031
2024-11-18,35,0.038
2024-11-19,19,0.021
2024-11-20,28,0.03
2024-11-21,31,0.033
2024-11-22,18,0.019
2024-11-23,22,0.024
2024-11-24,29,0.031
2024-11-25,31,0.034
2024-11-26,17,0.018
2024-11-27,26,0.028
2024-11-28,21,0.023
2024-11-29,26,0.028
2024-11-30,31,0.033
2024-12-01,31,0.034
2024-12-02,30,0.032
2024-12-03,25,0.027
2024-12-04,29,0.031
2024-12-05,30,0.032
2024-12-06,18,0.019
2024-12-07,30,0.032
2024-12-08,26,0.028
2024-12-09,16,0.017
2024-12-10,22,0.024
2024-12-11,26,0.028
2024-12-12,29,0.031
2024-12-13,30,0.032
2024-12-14,32,0.035
2024-12-15,17,0.018
2024-12-16,17,0.018
2024-12-17,19,0.02
2024-12-18,20,0.022
2024-12-19,21,0.023
2024-12-20,26,0.028
2024-12-21,19,0.02
2024-12-22,29,0.031
2024-12-23,32,0.035
2024-12-24,24,0.026
2024-12-25,35,0.038
2024-12-26,25,0.027
2024-12-27,19,0.021
2024-12-28,17,0.018
2024-12-29,31,0.033
2024-12-30,23,0.025
2024-12-31,32,0.035
2025-01-01,27,0.029
2025-01-02,27,0.029
2025-01-03,31,0.033
2025-01-04,30,0.032
2025-01-05,27,0.029
2025-01-06,25,0.027
2025-01-07,24,0.026
2025-01-08,25,0.027
2025-01-09,28,0.03
2025-01-10,27,0.029
2025-01-11,26,0.028
2025-01-12,23,0.025
2025-01-13,28,0.03
2025-01-14,28,0.03
2025-01-15,30,0.032
2025-01-16,34,0.037
2025-01-17,31,0.034
2025-01-18,29,0.031
2025-01-19,27,0.029
2025-01-20,31,0.033
2025-01-21,26,0.028
2025-01-22,31,0.034
2025-01-23,26,0.028
2025-01-24,33,0.036
2025-01-25,33,0.036
2025-01-26,36,0.039
2025-01-27,19,0.021
2025-01-28,31,0.034
2025-01-29,36,0.039
2025-01-30,36,0.039
2025-01-31,24,0.026
2025-02-01,32,0.035
2025-02-02,37,0.04
2025-02-03,41,0.044
2025-02-04,39,0.042
2025-02-05,26,0.028
2025-02-06,15,0.016
2025-02-07,22,0.024
2025-02-08,23,0.025
2025-02-09,20,0.022
2025-02-10,21,0.023
2025-02-11,18,0.019
2025-02-12,11,0.012
2025-02-13,23,0.025
2025-02-14,32,0.035
2025-02-15,19,0.021
2025-02-16,30,0.032
2025-02-17,33,0.036
2025-02-18,29,0.031
2025-02-19,22,0.024
2025-02-20,31,0.033
2025-02-21,25,0.027
2025-02-22,37,0.04
2025-02-23,35,0.038
2025-02-24,36,0.039
2025-02-25,44,0.048
2025-02-26,45,0.049
2025-02-27,44,0.047
2025-02-28,43,0.046
2025-03-01,45,0.049
2025-03-02,34,0.037
2025-03-03,46,0.05
2025-03-04,40,0.043
2025-03-05,29,0.031
2025-03-06,35,0.038
2025-03-07,44,0.047
2025-03-08,42,0.045
2025-03-09,29,0.031
2025-03-10,29,0.031
2025-03-11,49,0.053
2025-03-12,64,0.059
2025-03-13,41,0.044
2025-03-14,36,0.039
2025-03-15,40,0.043
2025-03-16,39,0.042
2025-03-17,33,0.036
2025-03-18,44,0.047
2025-03-19,44,0.047
2025-03-20,28,0.03
2025-03-21,37,0.04
2025-03-22,46,0.05
2025-03-23,50,0.054
2025-03-24,31,0.033
2025-03-25,42,0.045
2025-03-26,44,0.047
2025-03-27,50,0.054
2025-03-28,54,0.056
2025-03-29,39,0.042
2025-03-30,26,0.028
2025-03-31,24,0.026
2025-04-01,37,0.04
2025-04-02,23,0.025
2025-04-03,29,0.031
2025-04-04,30,0.032
2025-04-05,33,0.036
2025-04-06,23,0.025
2025-04-07,18,0.019
2025-04-08,42,0.045
2025-04-09,43,0.046
2025-04-10,46,0.05
2025-04-11,37,0.04
2025-04-12,41,0.044
2025-04-13,43,0.046
2025-04-14,48,0.052
2025-04-15,46,0.05
2025-04-16,45,0.049
2025-04-17,51,0.055
2025-04-18,61,0.058
2025-04-19,49,0.053
2025-04-20,35,0.038
2025-04-21,41,0.044
2025-04-22,29,0.031
2025-04-23,36,0.039
2025-04-24,27,0.029
2025-04-25,32,0.035
2025-04-26,36,0.039
2025-04-27,37,0.04
2025-04-28,36,0.039
2025-04-29,39,0.042
2025-04-30,40,0.043
2025-05-01,37,0.04
2025-05-02,35,0.038
2025-05-03,26,0.028
2025-05-04,32,0.035
2025-05-05,38,0.041
2025-05-06,44,0.048
2025-05-07,29,0.031
2025-05-08,46,0.05
2025-05-09,50,0.054
2025-05-10,27,0.029
2025-05-11,19,0.02
2025-05-12,32,0.035
2025-05-13,39,0.042
2025-05-14,39,0.042
2025-05-15,35,0.038
2025-05-16,33,0.036
2025-05-17,29,0.031
2025-05-18,36,0.039
2025-05-19,29,0.031
2025-05-20,26,0.028
2025-05-21,37,0.04
2025-05-22,44,0.048
2025-05-23,45,0.049
2025-05-24,46,0.05
2025-05-25,33,0.036
2025-05-26,24,0.026
2025-05-27,11,0.012
2025-05-28,24,0.026
2025-05-29,18,0.019
2025-05-30,28,0.03
2025-05-31,44,0.048
2025-06-01,45,0.049
2025-06-02,74,0.062
2025-06-03,43,0.046
2025-06-04,29,0.031
2025-06-05,35,0.038
2025-06-06,41,0.044
2025-06-07,32,0.035
2025-06-08,31,0.034
2025-06-09,27,0.029
2025-06-10,31,0.034
2025-06-11,37,0.04
2025-06-12,24,0.026
2025-06-13,22,0.024
2025-06-14,26,0.028
2025-06-15,26,0.028
2025-06-16,32,0.035
2025-06-17,20,0.022
2025-06-18,17,0.018
2025-06-19,32,0.035
2025-06-20,45,0.049
2025-06-21,44,0.047
2025-06-22,43,0.046
2025-06-23,47,0.051
2025-06-24,74,0.062
2025-06-25,90,0.067
2025-06-26,48,0.052
2025-06-27,61,0.058
2025-06-28,47,0.051
2025-06-29,35,0.038
2025-06-30,47,0.051
2025-07-01,33,0.036
2025-07-02,44,0.047
2025-07-03,48,0.052
2025-07-04,41,0.044
2025-07-05,41,0.044
2025-07-06,47,0.051
2025-07-07,58,0.057
2025-07-08,44,0.047
2025-07-09,43,0.046
2025-07-10,28,0.03
2025-07-11,37,0.04
2025-07-12,32,0.035
2025-07-13,27,0.029
2025-07-14,40,0.043
2025-07-15,39,0.042
2025-07-16,30,0.032
2025-07-17,29,0.031
2025-07-18,29,0.031
2025-07-19,24,0.026
2025-07-20,24,0.026
2025-07-21,19,0.021
2025-07-22,36,0.039
2025-07-23,30,0.032
2025-07-24,30,0.032
2025-07-25,33,0.036
2025-07-26,30,0.032
2025-07-27,31,0.033
2025-07-28,31,0.034
2025-07-29,45,0.049
2025-07-30,40,0.043
2025-07-31,40,0.043
2025-08-01,36,0.039
2025-08-02,19,0.021
2025-08-03,23,0.025
2025-08-04,18,0.019
2025-08-05,18,0.019
2025-08-06,31,0.033
2025-08-07,27,0.029
2025-08-08,24,0.026
2025-08-09,24,0.026
2025-08-10,20,0.022
2025-08-11,18,0.019
2025-08-12,20,0.022
2025-08-13,17,0.018
2025-08-14,33,0.036
2025-08-15,42,0.045
2025-08-16,42,0.045
2025-08-17,43,0.046
2025-08-18,37,0.04
2025-08-19,31,0.034
2025-08-20,46,0.05
2025-08-21,47,0.051
2025-08-22,29,0.031
2025-08-23,19,0.02
2025-08-24,34,0.037
2025-08-25,41,0.044
2025-08-26,43,0.046
2025-08-27,39,0.042
2025-08-28,45,0.049
2025-08-29,38,0.041
2025-08-30,39,0.042
2025-08-31,37,0.04
2025-09-01,34,0.037
2025-09-02,38,0.041
2025-09-03,50,0.054
2025-09-04,37,0.04
2025-09-05,39,0.042
2025-09-06,26,0.028
2025-09-07,32,0.035
2025-09-08,35,0.038
2025-09-09,39,0.042
2025-09-10,47,0.051
2025-09-11,50,0.054
2025-09-12,51,0.055
2025-09-13,47,0.051
2025-09-14,44,0.048
2025-09-15,51,0.055
2025-09-16,64,0.059
2025-09-17,61,0.058
2025-09-18,67,0.06
2025-09-19,0,0.0
2025-09-22,38,0.041
2025-09-23,39,0.042
2025-09-24,38,0.041
2025-09-25,24,0.026
2025-09-26,31,0.033
2025-09-27,41,0.044
2025-09-28,36,0.039
2025-09-29,31,0.034
2025-09-30,22,0.024
2025-10-01,42,0.045
2025-10-02,37,0.04
2025-10-03,33,0.036
2025-10-04,28,0.03
2025-10-05,19,0.021
2025-10-06,15,0.016
2025-10-07,23,0.025
2025-10-08,30,0.032
2025-10-09,30,0.032
2025-10-10,34,0.037
2025-10-11,37,0.04
2025-10-12,43,0.046
2025-10-13,41,0.044
2025-10-14,46,0.05
2025-10-15,49,0.053
2025-10-16,46,0.05
2025-10-17,45,0.049
2025-10-18,38,0.041
2025-10-19,33,0.036
2025-10-20,35,0.038
2025-10-21,36,0.039
2025-10-22,33,0.036
2025-10-23,36,0.039
2025-10-24,31,0.034
2025-10-25,39,0.042
2025-10-26,29,0.031
2025-10-27,18,0.019
2025-10-28,21,0.023
2025-10-29,8,0.009
2025-10-30,15,0.016
2025-10-31,29,0.031
2025-11-01,32,0.035
2025-11-02,28,0.03
2025-11-03,20,0.022
2025-11-04,32,0.035
2025-11-05,33,0.036
2025-11-06,47,0.051
2025-11-07,29,0.031
2025-11-08,23,0.025
2025-11-09,29,0.031
2025-11-10,23,0.025
2025-11-11,25,0.027
2025-11-12,36,0.039
2025-11-13,33,0.036
2025-11-14,30,0.032
2025-11-15,35,0.038
2025-11-16,31,0.034
2025-11-17,31,0.034
2025-11-18,35,0.038
2025-11-19,24,0.026
2025-11-20,21,0.023
2025-11-21,27,0.029
2025-11-22,25,0.027
2025-11-23,29,0.031
2025-11-24,31,0.034
2025-11-25,20,0.022
2025-11-26,26,0.028
2025-11-27,29,0.031
2025-11-28,28,0.03
2025-11-29,30,0.032
2025-11-30,14,0.015
2025-12-01,19,0.02
2025-12-02,18,0.019
2025-12-03,15,0.016
2025-12-04,6,0.006
2025-12-05,6,0.006
2025-12-06,11,0.012
2025-12-07,5,0.005
2025-12-08,11,0.012
2025-12-09,16,0.017
2025-12-10,26,0.028
2025-12-11,24,0.026
2025-12-12,31,0.033
2025-12-13,32,0.035
2025-12-14,30,0.032
2025-12-15,27,0.029
2025-12-16,25,0.027
2025-12-17,31,0.034
2025-12-18,24,0.026
2025-12-19,25,0.027
2025-12-20,27,0.029
2025-12-21,18,0.019
2025-12-22,33,0.036
2025-12-23,19,0.021
2025-12-24,26,0.028
2025-12-25,26,0.028
2025-12-26,20,0.022
2025-12-27,19,0.021
2025-12-28,18,0.019
2025-12-29,28,0.03
2025-12-30,22,0.024
2025-12-31,31,0.033
