date,aqi,value
1999-04-06,26,4.7
1999-04-12,57,12.4
1999-04-18,31,5.5
1999-04-24,53,10.0
1999-04-30,66,17.1
1999-05-06,26,4.6
1999-05-12,18,3.3
1999-05-18,20,3.6
1999-06-05,56,11.7
1999-06-11,52,9.8
1999-06-17,49,8.9
1999-07-05,48,8.7
1999-08-10,59,13.5
1999-08-16,57,12.3
1999-08-22,74,21.6
1999-08-28,56,11.8
1999-09-03,69,19.0
1999-09-09,24,4.4
1999-09-15,42,7.5
1999-09-21,19,3.4
1999-09-27,44,8.0
1999-10-03,39,7.0
1999-10-09,67,17.8
1999-10-21,41,7.3
1999-10-27,43,7.7
1999-11-02,19,3.5
1999-11-20,48,8.7
1999-11-26,23,4.2
1999-12-02,52,9.6
1999-12-08,54,10.6
1999-12-14,16,2.8
1999-12-20,23,4.2
1999-12-26,22,4.0
2000-01-01,64,15.9
2000-01-04,33,5.9
2000-01-07,52,9.9
2000-01-10,17,3.0
2000-01-13,22,4.0
2000-01-16,55,11.2
2000-02-06,58,12.8
2000-02-09,45,8.1
2000-02-12,50,9.0
2000-02-15,66,17.0
2000-02-18,58,12.6
2000-02-21,44,7.9
2000-02-24,3,0.6
2000-02-27,26,4.7
2000-03-01,58,12.6
2000-03-04,36,6.5
2000-03-07,58,12.7
2000-03-10,54,10.5
2000-03-13,54,10.9
2000-03-16,41,7.4
2000-03-19,32,5.8
2000-03-22,55,11.5
2000-03-25,50,9.0
2000-03-28,45,8.1
2000-03-31,64,15.9
2000-04-03,20,3.6
2000-04-06,47,8.5
2000-04-09,28,5.0
2000-04-12,78,23.7
2000-04-15,67,17.6
2000-04-18,61,14.5
2000-04-21,32,5.7
2000-04-27,28,5.0
2000-04-30,48,8.7
2000-05-03,30,5.4
2000-05-06,69,18.9
2000-05-09,23,4.1
2000-05-12,61,14.3
2000-05-15,53,10.1
2000-05-18,20,3.6
2000-05-21,37,6.6
2000-05-24,53,10.0
2000-05-27,33,6.0
2000-05-30,61,14.6
2000-06-02,61,14.2
2000-06-05,26,4.7
2000-06-08,66,17.0
2000-06-11,32,5.7
2000-06-14,23,4.2
2000-06-17,19,3.4
2000-06-20,33,5.9
2000-06-23,59,13.5
2000-06-26,31,5.6
2000-06-29,55,11.0
2000-07-02,58,12.7
2000-07-05,70,19.4
2000-07-08,61,14.4
2000-07-11,52,9.4
2000-07-14,51,9.2
2000-07-17,56,11.6
2000-07-20,33,5.9
2000-07-23,43,7.8
2000-07-26,76,22.3
2000-07-29,50,9.0
2000-08-01,65,16.4
2000-08-04,62,14.8
2000-08-07,36,6.4
2000-08-10,48,8.7
2000-08-13,69,18.7
2000-08-16,49,8.8
2000-08-19,59,13.4
2000-08-22,67,17.9
2000-08-25,60,14.0
2000-08-28,42,7.5
2000-08-31,48,8.6
2000-09-03,62,15.2
2000-09-06,57,12.2
2000-09-09,55,11.1
2000-09-12,55,11.2
2000-09-15,29,5.3
2000-09-18,56,11.7
2000-09-23,44,8.0
2000-09-24,14,2.5
2000-09-27,36,6.5
2000-09-30,61,14.5
2000-10-03,44,8.0
2000-10-06,27,4.9
2000-10-09,33,6.0
2000-10-15,37,6.6
2000-10-21,72,20.5
2000-10-24,69,18.9
2000-10-27,32,5.8
2000-10-30,35,6.3
2000-11-02,20,3.6
2000-11-05,12,2.2
2000-11-08,19,3.4
2000-11-11,58,12.9
2000-11-14,52,9.4
2000-11-17,36,6.4
2000-11-20,29,5.2
2000-11-23,39,7.1
2000-11-26,18,3.3
2000-11-29,22,3.9
2000-12-02,59,13.4
2000-12-05,47,8.5
2000-12-08,41,7.4
2000-12-11,31,5.5
2000-12-14,76,22.3
2000-12-17,32,5.8
2000-12-20,33,6.0
2000-12-23,56,11.9
2000-12-26,59,13.2
2000-12-29,49,8.9
2001-01-01,76,22.5
2001-01-04,51,9.1
2001-01-07,53,10.0
2001-01-10,61,14.3
2001-01-13,52,9.4
2001-01-16,54,10.8
2001-01-19,39,7.0
2001-01-22,59,13.5
2001-01-25,56,11.6
2001-01-28,32,5.7
2001-01-31,21,3.7
2001-02-03,39,7.1
2001-02-06,34,6.2
2001-02-09,22,3.9
2001-02-12,61,14.5
2001-02-15,73,20.8
2001-02-18,61,14.5
2001-02-21,66,17.2
2001-02-24,25,4.5
2001-02-27,56,12.0
2001-03-02,67,17.6
2001-03-05,75,21.8
2001-03-08,70,19.1
2001-03-14,27,4.9
2001-03-17,33,6.0
2001-03-20,55,11.0
2001-03-23,85,27.2
2001-03-26,55,11.4
2001-03-29,61,14.4
2001-04-01,53,10.3
2001-04-04,78,23.7
2001-04-07,29,5.3
2001-04-10,56,11.6
2001-04-13,61,14.3
2001-04-16,42,7.5
2001-04-19,52,9.7
2001-04-28,65,16.5
2001-05-01,57,12.3
2001-05-04,46,8.3
2001-05-07,22,4.0
2001-05-10,61,14.2
2001-05-13,58,13.0
2001-05-16,55,11.2
2001-06-03,51,9.2
2001-06-06,24,4.4
2001-06-09,54,10.8
2001-06-12,67,17.6
2001-06-15,27,4.8
2001-06-18,57,12.1
2001-06-21,34,6.2
2001-06-24,55,11.2
2001-06-27,64,15.9
2001-07-06,41,7.4
2001-07-09,53,10.1
2001-07-12,52,9.6
2001-07-15,76,22.6
2001-07-24,75,22.1
2001-07-27,47,8.4
2001-08-02,85,27.6
2001-08-08,66,17.1
2001-08-11,43,7.7
2001-08-14,63,15.4
2001-08-17,46,8.2
2001-08-20,34,6.1
2001-08-23,33,5.9
2001-08-28,34,6.2
2001-08-29,21,3.8
2001-09-03,41,7.4
2001-09-07,22,4.0
2001-09-09,4,0.7
2001-09-16,80,24.8
2001-09-19,41,7.4
2001-09-22,44,8.0
2001-09-25,27,4.9
2001-09-28,62,14.8
2001-10-01,57,12.5
2001-10-04,58,13.1
2001-10-07,34,6.2
2001-10-10,29,5.2
2001-10-13,16,2.9
2001-10-16,26,4.7
2001-10-19,57,12.5
2001-10-22,46,8.3
2001-10-25,22,3.9
2001-10-28,44,7.9
2001-10-31,56,11.6
2001-11-03,23,4.2
2001-11-06,57,12.5
2001-11-09,41,7.4
2001-11-12,94,32.0
2001-11-15,68,18.2
2001-11-18,61,14.4
2001-11-21,21,3.8
2001-11-24,14,2.5
2001-11-27,11,1.9
2001-11-30,33,6.0
2001-12-03,52,9.7
2001-12-06,29,5.2
2001-12-09,37,6.7
2001-12-12,39,7.0
2001-12-20,21,3.8
2001-12-21,37,6.6
2001-12-22,27,4.9
2001-12-24,18,3.3
2001-12-27,23,4.2
2001-12-30,35,6.3
2002-01-02,56,11.7
2002-01-05,58,12.7
2002-01-08,22,4.0
2002-01-11,40,7.2
2002-01-14,18,3.3
2002-01-17,38,6.9
2002-01-20,38,6.8
2002-01-23,53,10.2
2002-01-26,19,3.5
2002-01-29,75,21.9
2002-02-01,46,8.2
2002-02-04,53,10.0
2002-02-07,56,12.0
2002-02-10,21,3.8
2002-02-13,15,2.7
2002-02-16,26,4.6
2002-02-19,53,10.4
2002-02-22,32,5.7
2002-02-25,36,6.5
2002-02-28,44,7.9
2002-03-03,42,7.5
2002-03-06,54,10.8
2002-03-09,39,7.0
2002-03-12,65,16.5
2002-03-15,47,8.4
2002-03-18,61,14.2
2002-03-21,57,12.3
2002-03-24,64,16.1
2002-03-27,49,8.8
2002-03-30,48,8.6
2002-04-02,35,6.3
2002-04-05,63,15.8
2002-04-08,31,5.5
2002-04-11,58,12.9
2002-04-14,52,9.9
2002-04-17,58,12.6
2002-04-20,96,33.1
2002-04-23,61,14.5
2002-04-26,28,5.1
2002-04-29,49,8.9
2002-05-02,25,4.5
2002-05-05,58,13.1
2002-05-08,65,16.5
2002-05-11,64,16.2
2002-05-14,35,6.3
2002-05-17,24,4.3
2002-05-20,51,9.3
2002-05-23,65,16.5
2002-05-26,43,7.7
2002-05-29,28,5.0
2002-06-01,58,13.1
2002-06-04,46,8.3
2002-06-07,52,9.8
2002-06-10,40,7.2
2002-06-13,38,6.9
2002-06-16,50,9.0
2002-06-19,69,19.0
2002-06-22,67,17.8
2002-06-25,61,14.7
2002-06-28,62,15.1
2002-07-01,47,8.4
2002-07-04,65,16.7
2002-07-07,86,27.8
2002-07-10,86,27.7
2002-07-13,61,14.7
2002-07-16,38,6.8
2002-07-19,47,8.4
2002-07-22,44,7.9
2002-07-25,44,7.9
2002-07-28,52,9.6
2002-07-31,59,13.5
2002-08-06,82,25.6
2002-08-09,79,24.2
2002-08-12,61,14.7
2002-08-15,48,8.7
2002-08-18,38,6.9
2002-08-21,52,9.8
2002-08-24,34,6.2
2002-08-27,53,10.2
2002-08-30,98,34.1
2002-09-02,71,19.8
2002-09-05,65,16.8
2002-09-08,39,7.0
2002-09-11,53,10.3
2002-09-14,33,6.0
2002-09-17,63,15.7
2002-09-20,27,4.9
2002-09-23,26,4.7
2002-09-26,63,15.5
2002-09-29,68,18.0
2002-10-02,53,10.1
2002-10-08,31,5.6
2002-10-09,44,8.0
2002-10-15,29,5.3
2002-10-18,52,9.6
2002-10-19,34,6.2
2002-10-20,31,5.5
2002-10-23,52,9.4
2002-10-26,43,7.7
2002-10-29,18,3.3
2002-11-01,53,10.3
2002-11-04,52,9.8
2002-11-07,22,4.0
2002-11-10,16,2.9
2002-11-13,19,3.4
2002-11-16,50,9.0
2002-11-19,24,4.3
2002-11-22,23,4.2
2002-11-25,32,5.7
2002-11-28,27,4.9
2002-12-01,30,5.4
2002-12-04,53,10.1
2002-12-07,52,9.9
2002-12-13,61,14.7
2002-12-16,31,5.5
2002-12-22,22,4.0
2002-12-25,81,25.3
2002-12-28,33,6.0
2003-01-03,54,10.8
2003-01-06,55,11.2
2003-01-09,21,3.8
2003-01-12,58,13.1
2003-01-18,28,5.0
2003-01-21,53,10.0
2003-01-24,57,12.4
2003-01-27,66,16.9
2003-01-30,70,19.5
2003-02-02,52,9.5
2003-02-05,54,10.5
2003-02-08,47,8.5
2003-02-11,29,5.2
2003-02-14,32,5.7
2003-02-17,58,12.9
2003-02-20,52,9.6
2003-02-23,55,11.3
2003-02-26,66,17.0
2003-03-01,73,20.7
2003-03-04,52,9.7
2003-03-07,55,11.0
2003-03-10,57,12.5
2003-03-13,81,25.2
2003-03-16,61,14.3
2003-03-19,16,2.9
2003-03-22,45,8.1
2003-03-25,28,5.0
2003-03-28,23,4.1
2003-03-31,20,3.6
2003-04-03,40,7.2
2003-04-06,56,11.7
2003-04-09,44,8.0
2003-04-12,53,10.3
2003-04-15,51,9.2
2003-04-18,66,17.1
2003-04-21,23,4.2
2003-04-24,24,4.3
2003-04-27,55,11.1
2003-04-30,54,10.7
2003-05-03,63,15.6
2003-05-06,52,9.6
2003-05-12,24,4.4
2003-05-15,61,14.3
2003-05-21,41,7.4
2003-05-24,42,7.5
2003-05-27,53,10.0
2003-05-30,52,9.6
2003-06-02,28,5.0
2003-06-05,57,12.4
2003-06-08,17,3.0
2003-06-11,38,6.9
2003-06-14,42,7.5
2003-06-15,49,8.8
2003-06-16,64,16.2
2003-06-17,62,15.1
2003-06-18,78,23.5
2003-06-19,85,27.6
2003-06-20,74,21.2
2003-06-21,77,23.2
2003-06-22,97,34.0
2003-06-23,55,11.1
2003-06-24,48,8.6
2003-06-25,40,7.2
2003-06-26,23,4.1
2003-06-27,29,5.3
2003-06-28,52,9.5
2003-06-29,54,10.6
2003-06-30,56,11.6
2003-07-01,59,13.4
2003-07-02,60,13.9
2003-07-03,61,14.3
2003-07-04,65,16.4
2003-07-05,48,8.7
2003-07-06,60,13.7
2003-07-07,44,7.9
2003-07-08,37,6.7
2003-07-09,25,4.5
2003-07-10,34,6.1
2003-07-11,44,8.0
2003-07-12,52,9.6
2003-07-13,55,11.5
2003-07-14,52,9.5
2003-07-15,58,13.1
2003-07-16,54,10.9
2003-07-17,33,6.0
2003-07-18,28,5.0
2003-07-19,47,8.5
2003-07-20,52,9.9
2003-07-21,47,8.4
2003-07-22,44,7.9
2003-07-23,34,6.2
2003-07-24,52,9.4
2003-07-26,62,15.0
2003-07-27,57,12.5
2003-07-28,46,8.3
2003-07-29,56,11.6
2003-07-30,53,10.0
2003-07-31,56,11.9
2003-08-01,57,12.3
2003-08-02,53,10.0
2003-08-03,41,7.4
2003-08-04,59,13.6
2003-08-05,59,13.5
2003-08-06,57,12.3
2003-08-07,64,16.0
2003-08-08,70,19.4
2003-08-09,60,13.9
2003-08-10,57,12.3
2003-08-11,54,10.7
2003-08-12,54,10.5
2003-08-13,70,19.5
2003-08-15,48,8.6
2003-08-16,39,7.0
2003-08-17,54,10.8
2003-08-18,58,12.7
2003-08-19,60,13.7
2003-08-20,55,11.4
2003-08-21,48,8.6
2003-08-22,57,12.2
2003-08-23,62,14.8
2003-08-24,63,15.8
2003-08-25,73,21.0
2003-08-26,54,10.6
2003-08-27,42,7.6
2003-08-28,53,10.0
2003-08-29,39,7.1
2003-08-30,18,3.2
2003-08-31,21,3.8
2003-09-01,34,6.2
2003-09-02,39,7.1
2003-09-03,37,6.7
2003-09-04,37,6.7
2003-09-05,34,6.2
2003-09-06,43,7.7
2003-09-07,53,10.2
2003-09-08,73,21.0
2003-09-09,71,20.1
2003-09-10,63,15.3
2003-09-11,16,2.9
2003-09-12,21,3.8
2003-09-13,23,4.2
2003-09-14,20,3.6
2003-09-15,29,5.2
2003-09-16,60,14.1
2003-09-17,59,13.6
2003-09-18,42,7.5
2003-09-19,13,2.4
2003-09-20,48,8.6
2003-09-21,61,14.2
2003-09-22,36,6.5
2003-09-23,52,9.9
2003-09-24,62,14.8
2003-09-25,52,9.4
2003-09-26,57,12.5
2003-09-27,21,3.7
2003-09-28,15,2.7
2003-09-29,22,4.0
2003-09-30,42,7.5
2003-10-01,22,4.0
2003-10-02,49,8.8
2003-10-03,59,13.5
2003-10-04,59,13.5
2003-10-05,52,9.5
2003-10-06,62,14.8
2003-10-07,65,16.5
2003-10-08,77,22.8
2003-10-09,38,6.8
2003-10-10,43,7.7
2003-10-11,31,5.5
2003-10-12,18,3.3
2003-10-13,52,9.7
2003-10-14,16,2.8
2003-10-15,23,4.2
2003-10-16,39,7.1
2003-10-17,26,4.6
2003-10-18,29,5.2
2003-10-19,33,6.0
2003-10-20,42,7.6
2003-10-21,54,10.6
2003-10-22,42,7.6
2003-10-23,32,5.7
2003-10-24,41,7.4
2003-10-25,19,3.5
2003-10-26,19,3.5
2003-10-28,22,3.9
2003-10-30,29,5.3
2003-11-01,69,18.7
2003-11-02,53,10.2
2003-11-03,53,10.1
2003-11-04,40,7.2
2003-11-05,51,9.3
2003-11-06,55,11.3
2003-11-07,56,12.0
2003-11-08,55,11.4
2003-11-09,68,18.4
2003-11-10,61,14.5
2003-11-11,52,9.5
2003-11-12,30,5.4
2003-11-13,21,3.8
2003-11-14,38,6.8
2003-11-15,57,12.3
2003-11-16,42,7.5
2003-11-17,37,6.6
2003-11-18,15,2.7
2003-11-19,22,4.0
2003-11-20,16,2.8
2003-11-21,33,5.9
2003-11-22,50,9.0
2003-11-23,33,5.9
2003-11-24,29,5.3
2003-11-25,29,5.2
2003-11-26,38,6.8
2003-11-27,33,5.9
2003-11-28,25,4.5
2003-11-29,18,3.3
2003-11-30,21,3.7
2003-12-01,22,4.0
2003-12-02,26,4.6
2003-12-03,62,14.9
2003-12-04,67,17.7
2003-12-05,19,3.5
2003-12-06,52,9.8
2003-12-07,49,8.8
2003-12-08,41,7.3
2003-12-09,52,9.5
2003-12-10,31,5.6
2003-12-11,52,9.4
2003-12-12,64,16.3
2003-12-13,60,14.1
2003-12-14,60,14.0
2003-12-15,31,5.5
2003-12-16,19,3.5
2003-12-17,17,3.0
2003-12-18,12,2.2
2003-12-19,32,5.7
2003-12-20,27,4.9
2003-12-21,33,6.0
2003-12-22,56,11.7
2003-12-23,37,6.7
2003-12-24,37,6.7
2003-12-25,25,4.5
2003-12-26,52,9.9
2003-12-27,44,7.9
2003-12-28,12,2.2
2003-12-29,25,4.5
2003-12-30,16,2.8
2003-12-31,27,4.8
2004-01-01,47,8.4
2004-01-02,32,5.8
2004-01-03,34,6.1
2004-01-04,52,9.7
2004-01-05,36,6.5
2004-01-06,47,8.5
2004-01-07,44,7.9
2004-01-08,50,9.0
2004-01-09,70,19.2
2004-01-10,69,19.0
2004-01-11,31,5.6
2004-01-16,56,11.9
2004-01-17,11,2.0
2004-01-18,38,6.8
2004-01-19,48,8.6
2004-01-21,64,16.3
2004-01-22,65,16.7
2004-01-23,53,10.4
2004-01-24,52,9.7
2004-01-25,44,8.0
2004-01-26,45,8.1
2004-01-27,46,8.2
2004-01-28,41,7.3
2004-01-29,76,22.6
2004-01-30,59,13.3
2004-01-31,74,21.3
2004-02-01,58,12.8
2004-02-02,69,18.9
2004-02-03,61,14.7
2004-02-04,35,6.3
2004-02-05,55,11.1
2004-02-06,60,13.8
2004-02-07,54,10.7
2004-02-11,50,9.0
2004-02-12,25,4.5
2004-02-13,48,8.7
2004-02-14,61,14.5
2004-02-15,93,31.7
2004-02-16,93,31.7
2004-02-17,89,29.6
2004-02-18,63,15.6
2004-02-19,52,9.9
2004-02-20,21,3.8
2004-02-21,26,4.7
2004-02-22,55,11.1
2004-02-23,71,20.0
2004-02-24,73,20.7
2004-02-25,63,15.6
2004-02-26,70,19.5
2004-02-27,59,13.6
2004-02-28,58,12.7
2004-02-29,29,5.3
2004-03-01,14,2.6
2004-03-02,39,7.1
2004-03-03,54,10.7
2004-03-04,8,1.5
2004-03-05,12,2.2
2004-03-13,66,17.0
2004-03-14,51,9.3
2004-03-15,44,8.0
2004-03-16,24,4.4
2004-03-17,48,8.6
2004-03-18,60,14.1
2004-03-19,56,11.9
2004-03-20,39,7.1
2004-03-21,38,6.8
2004-03-22,61,14.2
2004-03-23,53,10.2
2004-03-24,56,11.6
2004-03-25,55,11.4
2004-03-26,53,10.4
2004-03-27,41,7.3
2004-03-28,16,2.9
2004-03-29,21,3.7
2004-03-30,23,4.2
2004-03-31,53,10.0
2004-04-01,69,18.9
2004-04-02,68,18.2
2004-04-03,78,23.7
2004-04-04,58,13.1
2004-04-05,67,17.8
2004-04-06,60,13.7
2004-04-07,81,25.2
2004-04-08,58,12.9
2004-04-09,55,11.4
2004-04-10,50,9.0
2004-04-11,38,6.8
2004-04-12,43,7.7
2004-04-13,52,9.4
2004-04-14,34,6.1
2004-04-15,42,7.6
2004-04-16,56,11.7
2004-04-17,52,9.9
2004-04-18,52,9.9
2004-04-19,55,11.0
2004-04-20,57,12.1
2004-04-21,53,10.0
2004-04-22,41,7.4
2004-04-23,31,5.6
2004-04-24,16,2.9
2004-04-25,26,4.7
2004-04-26,24,4.4
2004-04-27,31,5.5
2004-04-28,37,6.7
2004-04-29,46,8.3
2004-04-30,44,7.9
2004-05-01,23,4.2
2004-05-02,27,4.9
2004-05-03,30,5.4
2004-05-04,30,5.4
2004-05-05,37,6.6
2004-05-06,53,10.2
2004-05-07,54,10.7
2004-05-08,51,9.1
2004-05-09,49,8.8
2004-05-10,52,9.4
2004-05-11,55,11.5
2004-05-12,53,10.2
2004-05-13,49,8.8
2004-05-14,16,2.8
2004-05-15,32,5.7
2004-05-16,57,12.1
2004-05-17,57,12.5
2004-05-18,44,8.0
2004-05-19,46,8.2
2004-05-20,44,7.9
2004-05-21,37,6.7
2004-05-22,39,7.1
2004-05-23,51,9.2
2004-05-24,55,11.5
2004-05-25,59,13.3
2004-05-26,56,12.0
2004-05-27,58,12.6
2004-05-28,28,5.1
2004-05-29,61,14.7
2004-05-30,39,7.1
2004-05-31,22,3.9
2004-06-01,52,9.6
2004-06-02,48,8.7
2004-06-03,34,6.1
2004-06-04,37,6.6
2004-06-05,52,9.6
2004-06-06,50,9.0
2004-06-07,39,7.0
2004-06-08,19,3.5
2004-06-09,29,5.3
2004-06-10,41,7.4
2004-06-11,41,7.3
2004-06-12,39,7.1
2004-06-13,24,4.3
2004-06-14,42,7.5
2004-06-15,51,9.1
2004-06-16,55,11.2
2004-06-17,44,7.9
2004-06-18,22,3.9
2004-06-19,36,6.5
2004-06-20,40,7.2
2004-06-21,26,4.7
2004-06-22,22,4.0
2004-06-23,33,6.0
2004-06-24,44,8.0
2004-06-25,55,11.0
2004-06-26,53,10.2
2004-06-27,45,8.1
2004-06-28,49,8.8
2004-06-29,60,14.0
2004-06-30,30,5.4
2004-07-01,19,3.5
2004-07-02,43,7.7
2004-07-03,43,7.7
2004-07-04,57,12.2
2004-07-05,53,10.0
2004-07-06,20,3.6
2004-07-07,27,4.8
2004-07-08,42,7.5
2004-07-09,31,5.5
2004-07-10,47,8.4
2004-07-11,48,8.6
2004-07-12,46,8.2
2004-07-13,46,8.3
2004-07-14,55,11.3
2004-07-15,59,13.4
2004-07-16,60,14.0
2004-07-17,51,9.2
2004-07-18,57,12.3
2004-07-19,58,12.7
2004-07-20,63,15.6
2004-07-21,90,29.9
2004-07-22,84,26.6
2004-07-23,53,10.4
2004-07-24,23,4.2
2004-07-25,49,8.8
2004-07-26,54,10.7
2004-07-27,61,14.6
2004-07-28,72,20.2
2004-07-29,58,12.7
2004-07-30,49,8.8
2004-07-31,52,9.9
2004-08-01,61,14.4
2004-08-02,68,18.2
2004-08-03,64,16.2
2004-08-04,56,11.6
2004-08-05,51,9.1
2004-08-06,55,11.5
2004-08-07,67,17.8
2004-08-08,69,19.0
2004-08-09,68,18.0
2004-08-10,27,4.8
2004-08-11,65,16.7
2004-08-12,33,6.0
2004-08-13,44,8.0
2004-08-14,52,9.8
2004-08-15,58,12.8
2004-08-16,62,15.2
2004-08-17,60,14.1
2004-08-18,64,16.3
2004-08-19,55,11.1
2004-08-20,36,6.4
2004-08-21,36,6.4
2004-08-22,46,8.3
2004-08-23,37,6.7
2004-08-24,51,9.3
2004-08-25,47,8.5
2004-08-26,44,8.0
2004-08-27,64,16.3
2004-08-28,24,4.4
2004-08-29,29,5.2
2004-08-30,49,8.9
2004-08-31,52,9.5
2004-09-01,56,11.7
2004-09-02,65,16.4
2004-09-03,75,22.0
2004-09-04,57,12.4
2004-09-05,41,7.3
2004-09-08,23,4.2
2004-09-09,42,7.5
2004-09-10,57,12.1
2004-09-11,66,17.4
2004-09-12,71,20.0
2004-09-13,73,21.0
2004-09-14,52,9.8
2004-09-15,45,8.1
2004-09-17,58,12.8
2004-09-18,72,20.6
2004-09-19,59,13.3
2004-09-20,55,11.0
2004-09-21,68,18.4
2004-09-22,66,16.9
2004-09-23,33,6.0
2004-09-24,28,5.0
2004-09-25,41,7.3
2004-09-26,60,14.0
2004-09-27,53,10.0
2004-09-28,47,8.5
2004-09-29,55,11.3
2004-09-30,65,16.7
2004-10-01,58,12.6
2004-10-02,17,3.0
2004-10-05,55,11.4
2004-10-06,68,18.3
2004-10-07,54,10.9
2004-10-08,40,7.2
2004-10-09,37,6.6
2004-10-10,32,5.7
2004-10-11,24,4.3
2004-10-12,25,4.5
2004-10-13,29,5.2
2004-10-14,21,3.7
2004-10-15,14,2.5
2004-10-16,15,2.7
2004-10-17,43,7.7
2004-10-18,38,6.8
2004-10-19,58,13.1
2004-10-20,55,11.0
2004-10-21,55,11.2
2004-10-22,52,9.4
2004-10-23,19,3.5
2004-10-24,32,5.7
2004-10-25,42,7.6
2004-10-26,37,6.6
2004-10-27,35,6.3
2004-10-28,38,6.8
2004-10-29,34,6.2
2004-10-30,24,4.3
2004-10-31,33,6.0
2004-11-01,17,3.0
2004-11-02,26,4.7
2004-11-04,51,9.3
2004-11-05,33,6.0
2004-11-06,31,5.5
2004-11-07,37,6.7
2004-11-08,37,6.7
2004-11-09,39,7.1
2004-11-10,52,9.5
2004-11-11,35,6.3
2004-11-12,31,5.6
2004-11-13,41,7.4
2004-11-14,46,8.2
2004-11-15,60,14.0
2004-11-16,55,11.5
2004-11-17,43,7.8
2004-11-18,17,3.0
2004-11-19,22,4.0
2004-11-20,22,4.0
2004-11-21,33,5.9
2004-11-22,21,3.7
2004-11-23,6,1.0
2004-11-24,29,5.3
2004-11-25,18,3.3
2004-11-26,22,4.0
2004-11-27,27,4.8
2004-11-28,18,3.2
2004-11-29,29,5.2
2004-11-30,41,7.3
2004-12-01,28,5.0
2004-12-02,44,8.0
2004-12-03,52,9.7
2004-12-04,36,6.5
2004-12-05,57,12.3
2004-12-06,29,5.3
2004-12-07,27,4.9
2004-12-08,19,3.5
2004-12-09,32,5.7
2004-12-10,9,1.6
2004-12-11,18,3.3
2004-12-12,14,2.6
2004-12-13,9,1.6
2004-12-14,39,7.1
2004-12-15,37,6.6
2004-12-16,43,7.7
2004-12-17,24,4.4
2004-12-18,18,3.3
2004-12-19,20,3.6
2004-12-20,22,4.0
2004-12-21,9,1.6
2004-12-22,23,4.1
2004-12-23,29,5.2
2004-12-24,49,8.8
2004-12-25,43,7.7
2004-12-26,26,4.6
2004-12-27,33,5.9
2004-12-28,45,8.1
2004-12-29,34,6.2
2004-12-30,34,6.2
2004-12-31,42,7.5
2005-01-01,39,7.0
2005-01-02,52,9.5
2005-01-03,46,8.3
2005-01-04,11,2.0
2005-01-05,34,6.2
2005-01-06,35,6.3
2005-01-07,54,10.7
2005-01-08,59,13.5
2005-01-09,47,8.5
2005-01-10,58,13.0
2005-01-11,51,9.3
2005-01-12,44,7.9
2005-01-13,38,6.8
2005-01-14,62,15.1
2005-01-15,54,10.8
2005-01-16,48,8.6
2005-01-17,64,16.0
2005-01-18,57,12.3
2005-01-19,63,15.3
2005-01-20,47,8.4
2005-01-21,34,6.1
2005-01-22,27,4.9
2005-01-23,48,8.7
2005-01-24,30,5.4
2005-01-25,36,6.4
2005-01-26,22,4.0
2005-01-27,56,11.6
2005-01-28,56,11.7
2005-01-29,58,13.1
2005-01-30,67,17.9
2005-01-31,59,13.5
2005-02-01,70,19.5
2005-02-02,79,24.1
2005-02-06,54,10.9
2005-02-07,55,11.1
2005-02-08,54,10.7
2005-02-09,62,15.1
2005-02-10,46,8.2
2005-02-11,20,3.6
2005-02-12,31,5.6
2005-02-13,16,2.9
2005-02-14,16,2.9
2005-02-15,28,5.0
2005-02-16,26,4.7
2005-02-17,36,6.5
2005-02-18,54,10.7
2005-02-19,71,19.6
2005-02-20,32,5.7
2005-02-21,56,11.7
2005-02-22,60,14.1
2005-02-23,47,8.5
2005-02-24,53,10.1
2005-02-25,58,13.0
2005-02-26,54,10.5
2005-02-27,38,6.9
2005-02-28,47,8.4
2005-03-01,32,5.7
2005-03-02,44,7.9
2005-03-03,61,14.4
2005-03-04,38,6.9
2005-03-05,37,6.6
2005-03-06,52,9.8
2005-03-07,22,3.9
2005-03-08,23,4.1
2005-03-09,31,5.5
2005-03-10,33,5.9
2005-03-11,19,3.5
2005-03-12,33,6.0
2005-03-13,25,4.5
2005-03-14,30,5.4
2005-03-15,64,16.0
2005-03-16,65,16.4
2005-03-17,55,11.3
2005-03-18,37,6.7
2005-03-19,60,13.7
2005-03-20,68,18.2
2005-03-21,23,4.2
2005-03-22,41,7.4
2005-03-23,57,12.1
2005-03-24,55,11.0
2005-03-25,44,8.0
2005-03-26,53,10.0
2005-03-27,59,13.2
2005-03-28,34,6.1
2005-03-29,39,7.0
2005-03-30,16,2.8
2005-03-31,42,7.6
2005-04-01,37,6.6
2005-04-02,30,5.4
2005-04-03,27,4.8
2005-04-04,43,7.8
2005-04-06,35,6.3
2005-04-07,44,8.0
2005-04-08,60,14.1
2005-04-09,58,13.1
2005-04-10,55,11.0
2005-04-11,14,2.6
2005-04-12,19,3.4
2005-04-13,32,5.8
2005-04-14,77,23.0
2005-04-15,61,14.5
2005-04-16,69,18.6
2005-04-17,62,15.1
2005-04-18,57,12.5
2005-04-19,53,10.3
2005-04-20,53,10.2
2005-04-21,48,8.7
2005-04-22,26,4.6
2005-04-23,18,3.3
2005-04-24,30,5.4
2005-04-25,48,8.7
2005-04-26,22,4.0
2005-04-27,33,5.9
2005-04-28,53,10.0
2005-04-29,58,12.9
2005-04-30,20,3.6
2005-05-01,33,6.0
2005-05-02,27,4.9
2005-05-03,38,6.9
2005-05-04,54,10.9
2005-05-05,65,16.6
2005-05-06,56,11.9
2005-05-07,56,12.0
2005-05-08,52,9.5
2005-05-09,35,6.3
2005-05-10,69,19.0
2005-05-11,64,15.9
2005-05-12,62,15.2
2005-05-13,38,6.9
2005-05-14,22,4.0
2005-05-15,24,4.4
2005-05-16,38,6.8
2005-05-17,55,11.2
2005-05-18,57,12.2
2005-05-19,57,12.5
2005-05-20,55,11.5
2005-05-21,55,11.0
2005-05-22,54,10.9
2005-05-23,58,12.7
2005-05-24,61,14.3
2005-05-25,54,10.8
2005-05-26,27,4.9
2005-05-27,44,7.9
2005-05-28,54,10.8
2005-05-29,51,9.2
2005-05-30,47,8.4
2005-05-31,39,7.0
2005-06-01,46,8.2
2005-06-02,56,12.0
2005-06-03,54,10.5
2005-06-04,65,16.6
2005-06-05,51,9.3
2005-06-06,48,8.7
2005-06-07,51,9.2
2005-06-08,56,12.0
2005-06-09,44,7.9
2005-06-10,39,7.1
2005-06-11,32,5.8
2005-06-12,43,7.8
2005-06-13,41,7.3
2005-06-14,19,3.4
2005-06-18,38,6.8
2005-06-19,65,16.7
2005-06-20,71,20.0
2005-06-21,67,17.9
2005-06-22,80,24.5
2005-06-23,90,30.1
2005-06-24,84,26.8
2005-06-25,89,29.6
2005-06-26,89,29.5
2005-06-27,79,24.1
2005-06-28,80,24.4
2005-06-30,61,14.3
2005-07-01,37,6.6
2005-07-02,52,9.6
2005-07-03,55,11.1
2005-07-04,32,5.8
2005-07-05,50,9.0
2005-07-06,57,12.5
2005-07-07,64,16.0
2005-07-08,68,18.4
2005-07-09,71,19.7
2005-07-10,73,20.7
2005-07-11,73,20.8
2005-07-12,72,20.2
2005-07-13,57,12.2
2005-07-14,59,13.2
2005-07-15,77,23.2
2005-07-16,64,16.0
2005-07-17,38,6.9
2005-07-18,29,5.3
2005-07-19,45,8.1
2005-07-20,48,8.7
2005-07-21,43,7.8
2005-07-22,34,6.2
2005-07-23,52,9.7
2005-07-24,38,6.9
2005-07-25,42,7.5
2005-07-26,53,10.3
2005-07-27,20,3.6
2005-07-28,31,5.5
2005-07-29,47,8.5
2005-07-30,52,9.9
2005-07-31,65,16.7
2005-08-02,81,25.0
2005-08-03,80,24.4
2005-08-04,75,21.8
2005-08-05,58,13.1
2005-08-06,67,17.5
2005-08-07,70,19.2
2005-08-08,60,14.1
2005-08-09,60,13.8
2005-08-10,60,13.9
2005-08-11,53,10.0
2005-08-12,62,15.0
2005-08-13,36,6.4
2005-08-14,22,3.9
2005-08-15,29,5.2
2005-08-16,38,6.8
2005-08-17,43,7.8
2005-08-18,42,7.5
2005-08-19,38,6.9
2005-08-20,33,5.9
2005-08-21,23,4.2
2005-08-22,28,5.1
2005-08-23,26,4.7
2005-08-24,59,13.2
2005-08-25,57,12.5
2005-08-26,55,11.3
2005-08-27,43,7.8
2005-08-28,49,8.9
2005-08-29,53,10.1
2005-08-30,53,10.0
2005-08-31,59,13.3
2005-09-01,66,17.1
2005-09-02,73,21.1
2005-09-03,70,19.3
2005-09-04,68,18.3
2005-09-05,57,12.5
2005-09-06,74,21.6
2005-09-07,99,34.9
2005-09-08,88,29.1
2005-09-09,85,27.4
2005-09-10,82,25.9
2005-09-11,60,14.1
2005-09-12,69,18.7
2005-09-13,51,9.3
2005-09-14,38,6.9
2005-09-15,34,6.2
2005-09-16,38,6.8
2005-09-17,52,9.7
2005-09-18,47,8.5
2005-09-19,52,9.5
2005-09-20,59,13.4
2005-09-21,61,14.5
2005-09-22,59,13.2
2005-09-23,74,21.2
2005-09-24,59,13.3
2005-09-25,51,9.1
2005-09-26,43,7.8
2005-09-27,53,10.4
2005-09-28,64,16.0
2005-09-29,26,4.6
2005-09-30,53,10.0
2005-10-01,75,22.0
2005-10-02,57,12.5
2005-10-03,56,11.8
2005-10-04,60,14.0
2005-10-05,54,10.8
2005-10-06,12,2.2
2005-10-07,19,3.5
2005-10-08,22,3.9
2005-10-09,51,9.2
2005-10-10,56,12.0
2005-10-11,64,16.3
2005-10-12,53,10.0
2005-10-13,53,10.1
2005-10-14,56,11.9
2005-10-15,54,10.6
2005-10-16,55,11.2
2005-10-17,58,13.0
2005-10-18,60,14.1
2005-10-19,61,14.7
2005-10-20,29,5.3
2005-10-21,27,4.8
2005-10-22,32,5.7
2005-10-23,15,2.7
2005-10-24,26,4.6
2005-10-25,34,6.2
2005-10-26,46,8.2
2005-10-27,59,13.6
2005-10-28,62,14.8
2005-10-29,65,16.6
2005-10-30,61,14.4
2005-10-31,37,6.7
2005-11-01,27,4.9
2005-11-02,25,4.5
2005-11-03,33,5.9
2005-11-04,37,6.7
2005-11-05,47,8.5
2005-11-06,33,6.0
2005-11-07,52,9.5
2005-11-08,38,6.8
2005-11-09,23,4.1
2005-11-10,31,5.6
2005-11-11,56,11.6
2005-11-12,52,9.6
2005-11-13,17,3.0
2005-11-14,52,9.4
2005-11-15,31,5.5
2005-11-16,27,4.9
2005-11-17,32,5.8
2005-11-18,42,7.5
2005-11-19,24,4.3
2005-11-20,46,8.2
2005-11-21,52,9.7
2005-11-22,25,4.5
2005-11-23,26,4.7
2005-11-24,20,3.6
2005-11-25,32,5.7
2005-11-26,51,9.3
2005-11-27,34,6.2
2005-11-29,26,4.6
2005-11-30,38,6.8
2005-12-01,28,5.1
2005-12-02,73,20.7
2005-12-03,61,14.6
2005-12-04,71,20.0
2005-12-05,65,16.7
2005-12-06,58,12.9
2005-12-07,51,9.2
2005-12-08,54,10.9
2005-12-09,51,9.1
2005-12-10,26,4.6
2005-12-11,15,2.7
2005-12-12,25,4.5
2005-12-13,32,5.7
2005-12-14,23,4.2
2005-12-15,16,2.9
2005-12-16,28,5.0
2005-12-17,43,7.8
2005-12-18,64,16.3
2005-12-19,57,12.1
2005-12-20,79,24.0
2005-12-21,70,19.2
2005-12-22,65,16.7
2005-12-23,61,14.2
2005-12-24,11,2.0
2005-12-28,13,2.4
2005-12-31,22,4.0
2006-01-01,29,5.3
2006-01-02,26,4.7
2006-01-03,40,7.2
2006-01-04,13,2.4
2006-01-05,13,2.3
2006-01-06,11,1.9
2006-01-07,16,2.9
2006-01-08,18,3.2
2006-01-09,66,17.3
2006-01-10,44,8.0
2006-01-11,26,4.6
2006-01-12,39,7.0
2006-01-13,17,3.0
2006-01-14,20,3.6
2006-01-15,27,4.8
2006-01-16,24,4.4
2006-01-17,19,3.5
2006-01-18,21,3.8
2006-01-19,29,5.2
2006-01-20,46,8.3
2006-01-21,28,5.0
2006-01-22,49,8.8
2006-01-23,57,12.1
2006-01-24,27,4.9
2006-01-25,22,4.0
2006-01-26,12,2.2
2006-01-27,52,9.7
2006-01-28,41,7.4
2006-01-29,17,3.0
2006-01-30,14,2.6
2006-01-31,17,3.0
2006-02-01,28,5.0
2006-02-02,23,4.1
2006-02-03,18,3.3
2006-02-04,28,5.1
2006-02-05,39,7.0
2006-02-06,39,7.0
2006-02-07,48,8.6
2006-02-08,32,5.7
2006-02-11,22,4.0
2006-02-12,23,4.2
2006-02-13,25,4.5
2006-02-14,24,4.4
2006-02-15,39,7.1
2006-02-18,46,8.3
2006-02-19,62,15.0
2006-02-20,65,16.7
2006-02-21,71,20.0
2006-02-22,65,16.4
2006-02-23,64,16.0
2006-02-24,42,7.6
2006-02-25,48,8.6
2006-03-01,27,4.8
2006-03-02,17,3.1
2006-03-03,32,5.7
2006-03-04,58,13.1
2006-03-05,60,13.8
2006-03-06,41,7.3
2006-03-07,54,10.7
2006-03-08,52,9.5
2006-03-09,26,4.6
2006-03-10,24,4.4
2006-03-11,41,7.4
2006-03-15,51,9.3
2006-03-16,32,5.8
2006-03-17,64,16.1
2006-03-18,77,22.8
2006-03-19,31,5.6
2006-03-20,24,4.3
2006-03-21,47,8.4
2006-03-22,56,11.8
2006-03-23,54,10.9
2006-03-24,54,10.8
2006-03-25,68,18.0
2006-03-26,72,20.4
2006-03-28,30,5.4
2006-03-29,52,9.8
2006-03-30,46,8.3
2006-03-31,22,4.0
2006-04-01,54,10.9
2006-04-02,31,5.6
2006-04-03,24,4.4
2006-04-04,47,8.4
2006-04-05,57,12.3
2006-04-06,54,10.9
2006-04-07,23,4.1
2006-04-08,31,5.5
2006-04-09,45,8.1
2006-04-10,58,12.7
2006-04-11,55,11.0
2006-04-12,61,14.5
2006-04-13,55,11.4
2006-04-14,45,8.1
2006-04-15,44,8.0
2006-04-16,29,5.3
2006-04-17,38,6.8
2006-04-18,42,7.5
2006-04-19,18,3.2
2006-04-20,43,7.7
2006-04-21,55,11.2
2006-04-22,44,8.0
2006-04-23,58,12.7
2006-04-24,60,13.8
2006-04-25,23,4.2
2006-04-26,14,2.6
2006-04-29,27,4.8
2006-04-30,31,5.5
2006-05-01,43,7.8
2006-05-02,38,6.8
2006-05-03,43,7.8
2006-05-04,41,7.3
2006-05-05,44,8.0
2006-05-06,49,8.8
2006-05-07,38,6.9
2006-05-08,55,11.5
2006-05-09,70,19.5
2006-05-10,21,3.7
2006-05-11,14,2.6
2006-05-12,37,6.6
2006-05-13,52,9.6
2006-05-14,28,5.1
2006-05-15,29,5.2
2006-05-16,29,5.3
2006-05-17,68,18.0
2006-05-18,43,7.8
2006-05-19,45,8.1
2006-05-20,54,10.5
2006-05-21,52,9.8
2006-05-22,55,11.1
2006-05-23,66,16.9
2006-05-24,57,12.5
2006-05-25,53,10.2
2006-05-26,44,8.0
2006-05-27,47,8.5
2006-05-28,42,7.5
2006-05-29,55,11.3
2006-05-30,54,10.7
2006-05-31,41,7.3
2006-06-01,40,7.2
2006-06-02,44,8.0
2006-06-03,56,11.9
2006-06-04,61,14.3
2006-06-05,67,17.7
2006-06-06,73,20.7
2006-06-07,61,14.4
2006-06-08,54,10.5
2006-06-09,61,14.5
2006-06-10,66,17.0
2006-06-11,66,17.4
2006-06-12,67,17.9
2006-06-13,57,12.4
2006-06-14,60,14.0
2006-06-15,79,24.3
2006-06-16,65,16.7
2006-06-17,33,6.0
2006-06-18,29,5.3
2006-06-19,44,7.9
2006-06-20,43,7.7
2006-06-21,52,9.9
2006-06-22,44,7.9
2006-06-23,28,5.1
2006-06-24,56,11.8
2006-06-25,44,7.9
2006-06-26,44,8.0
2006-06-27,51,9.3
2006-06-28,51,9.1
2006-06-29,58,12.6
2006-06-30,63,15.4
2006-07-01,67,17.7
2006-07-02,41,7.3
2006-07-03,39,7.0
2006-07-04,39,7.0
2006-07-05,55,11.0
2006-07-07,61,14.2
2006-07-08,61,14.5
2006-07-09,69,18.5
2006-07-10,42,7.6
2006-07-11,53,10.3
2006-07-12,53,10.2
2006-07-13,54,10.6
2006-07-14,47,8.5
2006-07-15,50,9.0
2006-07-16,55,11.5
2006-07-17,55,11.3
2006-07-21,57,12.1
2006-07-22,37,6.7
2006-07-23,46,8.2
2006-07-24,57,12.2
2006-07-25,52,9.7
2006-07-26,36,6.4
2006-07-27,33,5.9
2006-07-28,58,12.6
2006-07-29,39,7.1
2006-07-30,33,6.0
2006-08-01,40,7.2
2006-08-02,60,14.0
2006-08-03,58,12.8
2006-08-04,52,9.8
2006-08-05,53,10.2
2006-08-06,57,12.3
2006-08-07,58,12.6
2006-08-09,49,8.9
2006-08-10,31,5.5
2006-08-11,36,6.5
2006-08-12,42,7.5
2006-08-13,45,8.1
2006-08-14,30,5.4
2006-08-15,36,6.5
2006-08-16,40,7.2
2006-08-18,54,10.6
2006-08-19,64,16.3
2006-08-20,53,10.4
2006-08-21,52,9.5
2006-08-22,44,8.0
2006-08-25,44,7.9
2006-08-26,32,5.8
2006-08-27,27,4.9
2006-08-28,28,5.1
2006-08-29,36,6.4
2006-08-30,44,7.9
2006-08-31,53,10.4
2006-09-01,58,13.1
2006-09-02,57,12.3
2006-09-03,52,9.8
2006-09-04,64,16.3
2006-09-05,43,7.8
2006-09-06,51,9.1
2006-09-07,52,9.9
2006-09-08,65,16.5
2006-09-09,75,21.9
2006-09-10,65,16.7
2006-09-11,42,7.6
2006-09-12,26,4.7
2006-09-13,40,7.2
2006-09-14,46,8.3
2006-09-15,61,14.6
2006-09-16,52,9.7
2006-09-17,17,3.0
2006-09-18,22,3.9
2006-09-19,35,6.3
2006-09-20,52,9.5
2006-09-21,55,11.3
2006-09-22,42,7.5
2006-09-23,17,3.0
2006-09-24,23,4.2
2006-09-25,37,6.6
2006-09-26,31,5.6
2006-09-27,39,7.1
2006-09-28,19,3.5
2006-09-29,31,5.6
2006-09-30,58,12.6
2006-10-01,38,6.9
2006-10-02,42,7.5
2006-10-03,51,9.3
2006-10-10,62,14.8
2006-10-12,25,4.5
2006-10-13,26,4.7
2006-10-14,41,7.3
2006-10-15,37,6.6
2006-10-16,38,6.8
2006-10-17,47,8.4
2006-10-18,48,8.6
2006-10-19,31,5.5
2006-10-20,27,4.8
2006-10-21,35,6.3
2006-10-22,43,7.8
2006-10-23,29,5.3
2006-10-24,36,6.5
2006-10-25,45,8.1
2006-10-26,25,4.5
2006-10-27,36,6.4
2006-10-28,21,3.8
2006-10-29,22,4.0
2006-10-30,31,5.5
2006-10-31,38,6.9
2006-11-01,18,3.3
2006-11-02,26,4.7
2006-11-03,32,5.7
2006-11-04,49,8.8
2006-11-05,66,16.9
2006-11-06,55,11.5
2006-11-07,36,6.5
2006-11-08,38,6.8
2006-11-09,60,13.9
2006-11-10,48,8.7
2006-11-11,24,4.4
2006-11-12,33,5.9
2006-11-13,32,5.8
2006-11-14,37,6.7
2006-11-15,48,8.6
2006-11-16,55,11.4
2006-11-17,37,6.6
2006-11-18,33,6.0
2006-11-19,49,8.8
2006-11-20,44,7.9
2006-11-21,44,8.0
2006-11-22,49,8.8
2006-11-23,44,7.9
2006-11-24,43,7.8
2006-11-25,53,10.0
2006-11-26,57,12.3
2006-11-27,53,10.4
2006-11-28,45,8.1
2006-11-29,57,12.1
2006-11-30,19,3.5
2006-12-05,38,6.9
2006-12-06,44,8.0
2006-12-07,38,6.8
2006-12-08,38,6.8
2006-12-09,34,6.2
2006-12-10,56,11.9
2006-12-11,45,8.1
2006-12-12,41,7.3
2006-12-13,34,6.2
2006-12-14,39,7.1
2006-12-15,61,14.2
2006-12-16,54,10.7
2006-12-17,61,14.7
2006-12-18,39,7.1
2006-12-19,42,7.6
2006-12-20,16,2.8
2006-12-22,49,8.8
2006-12-23,55,11.0
2006-12-24,60,13.8
2006-12-25,18,3.3
2006-12-26,26,4.7
2006-12-27,27,4.8
2006-12-28,44,8.0
2006-12-29,49,8.9
2007-01-03,51,9.1
2007-01-04,54,10.5
2007-01-05,55,11.5
2007-01-06,29,5.3
2007-01-07,34,6.1
2007-01-08,21,3.7
2007-01-09,18,3.3
2007-01-10,19,3.4
2007-01-11,32,5.8
2007-01-12,52,9.9
2007-01-13,54,10.6
2007-01-14,53,10.2
2007-01-15,52,9.5
2007-01-16,58,12.6
2007-01-17,55,11.5
2007-01-18,56,11.6
2007-01-19,56,11.6
2007-01-20,38,6.8
2007-01-21,43,7.8
2007-01-22,61,14.2
2007-01-23,58,13.0
2007-01-24,66,17.3
2007-01-25,69,19.0
2007-01-26,33,5.9
2007-01-27,31,5.6
2007-01-28,26,4.6
2007-01-29,54,10.6
2007-01-30,21,3.7
2007-01-31,48,8.6
2007-02-01,61,14.4
2007-02-02,38,6.8
2007-02-03,56,11.7
2007-02-04,52,9.6
2007-02-05,65,16.4
2007-02-06,55,11.4
2007-02-07,71,20.0
2007-02-08,70,19.3
2007-02-09,69,18.7
2007-02-10,60,14.0
2007-02-11,82,25.7
2007-02-12,63,15.6
2007-02-13,66,17.4
2007-02-14,62,14.8
2007-02-15,57,12.1
2007-02-16,54,10.7
2007-02-17,16,2.8
2007-02-18,24,4.3
2007-02-19,52,9.9
2007-02-20,58,12.9
2007-02-21,71,19.8
2007-02-23,57,12.5
2007-02-24,34,6.1
2007-02-25,56,11.9
2007-02-26,23,4.1
2007-02-27,52,9.4
2007-02-28,58,12.9
2007-03-01,37,6.6
2007-03-02,17,3.0
2007-03-03,24,4.4
2007-03-04,70,19.1
2007-03-05,41,7.4
2007-03-06,44,7.9
2007-03-07,64,16.0
2007-03-08,67,17.5
2007-03-09,52,9.5
2007-03-10,61,14.7
2007-03-13,52,9.6
2007-03-14,54,10.8
2007-03-15,64,16.3
2007-03-16,30,5.4
2007-03-17,49,8.9
2007-03-18,66,17.0
2007-03-19,58,13.1
2007-03-20,55,11.1
2007-03-21,58,12.6
2007-03-22,56,12.0
2007-03-23,52,9.7
2007-03-24,54,10.7
2007-03-25,57,12.5
2007-03-26,52,9.6
2007-03-27,28,5.0
2007-03-28,53,10.0
2007-03-29,43,7.7
2007-03-30,42,7.5
2007-03-31,11,2.0
2007-04-01,21,3.8
2007-04-02,53,10.3
2007-04-03,42,7.6
2007-04-04,61,14.7
2007-04-05,72,20.6
2007-04-06,44,8.0
2007-04-07,32,5.8
2007-04-08,43,7.7
2007-04-09,55,11.3
2007-04-10,64,16.3
2007-04-11,16,2.8
2007-04-12,38,6.8
2007-04-13,58,13.0
2007-04-14,50,9.0
2007-04-15,41,7.4
2007-04-16,48,8.7
2007-04-17,55,11.2
2007-04-18,54,10.5
2007-04-19,53,10.3
2007-04-20,62,15.2
2007-04-21,66,16.9
2007-04-22,62,15.2
2007-04-23,63,15.3
2007-04-24,65,16.5
2007-04-25,23,4.1
2007-04-26,19,3.5
2007-04-27,38,6.8
2007-04-28,31,5.5
2007-04-29,52,9.4
2007-04-30,56,11.8
2007-05-01,20,3.6
2007-05-02,36,6.5
2007-05-03,31,5.6
2007-05-04,62,14.8
2007-05-05,77,22.8
2007-05-06,63,15.4
2007-05-07,19,3.5
2007-05-08,15,2.7
2007-05-09,24,4.3
2007-05-10,44,7.9
2007-05-11,48,8.6
2007-05-12,56,11.7
2007-05-13,67,17.8
2007-05-14,65,16.7
2007-05-15,52,9.9
2007-05-16,34,6.2
2007-05-17,52,9.5
2007-05-18,51,9.1
2007-05-19,59,13.4
2007-05-20,64,16.3
2007-05-21,69,18.7
2007-05-22,62,15.1
2007-05-23,61,14.2
2007-05-24,36,6.5
2007-05-25,32,5.7
2007-05-26,57,12.4
2007-05-27,32,5.8
2007-05-28,43,7.7
2007-05-29,40,7.2
2007-05-30,28,5.0
2007-05-31,44,7.9
2007-06-01,38,6.8
2007-06-02,43,7.7
2007-06-03,33,6.0
2007-06-04,43,7.7
2007-06-05,54,10.6
2007-06-06,56,12.0
2007-06-07,69,18.7
2007-06-08,32,5.8
2007-06-09,55,11.0
2007-06-10,46,8.3
2007-06-11,68,18.0
2007-06-12,67,17.8
2007-06-13,85,27.6
2007-06-14,44,8.0
2007-06-15,52,9.6
2007-06-16,57,12.5
2007-06-17,49,8.8
2007-06-18,43,7.7
2007-06-19,52,9.6
2007-06-20,23,4.1
2007-06-21,42,7.5
2007-06-22,55,11.2
2007-06-23,54,10.8
2007-06-24,57,12.3
2007-06-25,59,13.2
2007-06-26,19,3.5
2007-06-27,28,5.0
2007-06-28,34,6.2
2007-06-29,34,6.2
2007-06-30,20,3.6
2007-07-01,28,5.0
2007-07-02,34,6.1
2007-07-03,52,9.9
2007-07-04,53,10.3
2007-07-05,42,7.6
2007-07-06,53,10.2
2007-07-07,62,15.1
2007-07-08,52,9.8
2007-07-09,57,12.5
2007-07-10,44,8.0
2007-07-11,48,8.7
2007-07-12,44,7.9
2007-07-13,28,5.0
2007-07-14,46,8.2
2007-07-15,51,9.2
2007-07-16,53,10.4
2007-07-21,44,8.0
2007-07-22,57,12.5
2007-07-23,58,12.7
2007-07-24,76,22.3
2007-07-25,81,25.0
2007-07-26,60,14.1
2007-07-27,52,9.4
2007-07-28,52,9.7
2007-07-29,72,20.5
2007-07-30,49,8.8
2007-07-31,52,9.7
2007-08-01,52,9.5
2007-08-02,83,26.5
2007-08-03,83,26.3
2007-08-04,64,16.0
2007-08-05,63,15.5
2007-08-06,53,10.3
2007-08-07,59,13.3
2007-08-08,56,11.8
2007-08-09,69,18.7
2007-08-10,68,18.1
2007-08-11,64,16.3
2007-08-12,71,19.7
2007-08-13,68,18.1
2007-08-14,73,21.0
2007-08-15,76,22.5
2007-08-16,87,28.2
2007-08-17,68,18.3
2007-08-18,42,7.5
2007-08-21,57,12.2
2007-08-22,53,10.2
2007-08-23,47,8.5
2007-08-24,41,7.3
2007-08-25,46,8.2
2007-08-26,59,13.3
2007-08-27,64,15.9
2007-08-28,67,17.8
2007-08-29,59,13.5
2007-08-30,52,9.7
2007-08-31,54,10.5
2007-09-01,56,12.0
2007-09-02,59,13.5
2007-09-03,73,21.1
2007-09-04,70,19.5
2007-09-05,29,5.3
2007-09-06,45,8.1
2007-09-07,49,8.9
2007-09-08,50,9.0
2007-09-09,51,9.3
2007-09-10,54,10.8
2007-09-11,19,3.5
2007-09-12,48,8.6
2007-09-13,60,13.7
2007-09-14,55,11.4
2007-09-16,66,17.3
2007-09-17,73,20.8
2007-09-18,60,13.9
2007-09-19,59,13.4
2007-09-20,76,22.3
2007-09-21,72,20.3
2007-09-22,79,24.0
2007-09-23,78,23.4
2007-09-24,75,21.8
2007-09-25,60,14.0
2007-09-26,54,10.7
2007-09-27,54,10.7
2007-09-28,52,9.8
2007-09-29,55,11.3
2007-09-30,53,10.0
2007-10-01,38,6.8
2007-10-02,44,7.9
2007-10-03,44,8.0
2007-10-04,68,18.0
2007-10-05,58,13.1
2007-10-06,56,11.6
2007-10-07,77,23.1
2007-10-08,29,5.2
2007-10-09,40,7.2
2007-10-10,51,9.2
2007-10-11,39,7.0
2007-10-12,51,9.2
2007-10-13,58,12.6
2007-10-14,53,10.3
2007-10-15,43,7.7
2007-10-16,44,7.9
2007-10-17,54,10.7
2007-10-18,24,4.4
2007-10-19,34,6.1
2007-10-20,42,7.6
2007-10-21,44,8.0
2007-10-22,35,6.3
2007-10-23,27,4.9
2007-10-24,16,2.9
2007-10-25,41,7.4
2007-10-26,33,5.9
2007-10-27,52,9.5
2007-10-28,55,11.1
2007-10-29,56,11.8
2007-10-30,56,12.0
2007-10-31,56,12.0
2007-11-01,25,4.5
2007-11-02,60,13.7
2007-11-03,53,10.4
2007-11-04,62,15.0
2007-11-05,44,8.0
2007-11-06,26,4.6
2007-11-07,29,5.3
2007-11-08,55,11.0
2007-11-09,69,18.5
2007-11-10,61,14.4
2007-11-11,52,9.5
2007-11-12,54,10.5
2007-11-13,51,9.2
2007-11-14,38,6.8
2007-11-15,25,4.5
2007-11-16,26,4.6
2007-11-17,49,8.9
2007-11-18,65,16.7
2007-11-19,54,10.5
2007-11-20,56,12.0
2007-11-21,57,12.5
2007-11-22,54,10.6
2007-11-23,52,9.4
2007-11-24,60,13.8
2007-11-25,65,16.5
2007-11-26,57,12.5
2007-11-27,55,11.5
2007-11-28,37,6.7
2007-11-29,24,4.4
2007-11-30,51,9.3
2007-12-01,66,17.4
2007-12-02,48,8.6
2007-12-03,35,6.3
2007-12-04,36,6.5
2007-12-05,53,10.2
2007-12-06,76,22.6
2007-12-07,70,19.1
2007-12-08,46,8.3
2007-12-09,54,10.5
2007-12-10,56,11.6
2007-12-11,34,6.1
2007-12-12,57,12.3
2007-12-13,69,18.9
2007-12-14,57,12.5
2007-12-15,50,9.0
2007-12-16,54,10.6
2007-12-17,29,5.3
2007-12-18,44,7.9
2007-12-19,62,15.0
2007-12-20,62,14.8
2007-12-21,36,6.5
2007-12-22,52,9.6
2007-12-23,34,6.2
2007-12-24,47,8.4
2007-12-25,38,6.8
2007-12-26,58,13.0
2007-12-27,60,13.8
2007-12-28,64,16.3
2007-12-29,68,18.4
2007-12-30,50,9.0
2007-12-31,17,3.0
2008-01-01,25,4.5
2008-01-02,39,7.0
2008-01-03,37,6.7
2008-01-04,48,8.6
2008-01-05,28,5.1
2008-01-06,53,10.4
2008-01-07,53,10.2
2008-01-09,29,5.3
2008-01-13,55,11.1
2008-01-16,51,9.1
2008-01-17,27,4.9
2008-01-20,52,9.9
2008-01-23,57,12.3
2008-01-25,59,13.6
2008-01-31,53,10.4
2008-02-03,52,9.5
2008-02-06,54,10.5
2008-02-09,37,6.7
2008-02-12,68,18.4
2008-02-15,67,17.8
2008-02-18,27,4.8
2008-02-21,58,12.8
2008-02-24,73,21.0
2008-02-27,33,5.9
2008-03-01,56,11.6
2008-03-04,27,4.8
2008-03-07,54,10.9
2008-03-10,54,10.8
2008-03-13,73,21.0
2008-03-16,58,12.6
2008-03-19,33,5.9
2008-03-22,55,11.5
2008-03-25,70,19.2
2008-03-28,66,17.1
2008-03-31,47,8.4
2008-04-03,54,10.5
2008-04-06,48,8.7
2008-04-09,24,4.3
2008-04-12,21,3.8
2008-04-15,57,12.3
2008-04-18,30,5.4
2008-04-21,64,16.2
2008-04-24,56,11.8
2008-04-27,30,5.4
2008-04-30,55,11.4
2008-05-03,40,7.2
2008-05-06,52,9.6
2008-05-09,37,6.7
2008-05-12,55,11.2
2008-05-15,36,6.5
2008-05-18,53,10.3
2008-05-30,61,14.3
2008-06-02,48,8.7
2008-06-05,51,9.3
2008-06-08,48,8.6
2008-06-11,51,9.3
2008-06-14,43,7.7
2008-06-17,35,6.3
2008-06-20,42,7.6
2008-06-23,55,11.3
2008-06-26,67,17.9
2008-06-29,40,7.2
2008-07-02,65,16.4
2008-07-05,55,11.2
2008-07-08,33,5.9
2008-07-11,54,10.5
2008-07-14,51,9.3
2008-07-17,73,20.9
2008-07-20,58,12.6
2008-07-23,77,23.3
2008-07-26,71,20.0
2008-07-29,53,10.1
2008-08-01,63,15.7
2008-08-04,62,14.8
2008-08-07,53,10.1
2008-08-10,54,10.8
2008-08-19,70,19.5
2008-08-22,58,13.0
2008-08-25,34,6.2
2008-08-28,57,12.2
2008-08-31,68,18.2
2008-09-03,29,5.2
2008-09-06,54,10.9
2008-09-09,61,14.3
2008-09-12,57,12.1
2008-09-15,26,4.7
2008-09-18,60,14.1
2008-09-21,82,25.6
2008-09-24,59,13.6
2008-09-27,77,22.8
2008-09-30,34,6.1
2008-10-03,56,11.8
2008-10-06,52,9.5
2008-10-09,42,7.6
2008-10-12,67,17.9
2008-10-18,39,7.1
2008-10-21,60,13.8
2008-10-24,27,4.9
2008-10-27,39,7.1
2008-10-30,44,8.0
2008-11-02,57,12.1
2008-11-05,38,6.8
2008-11-08,24,4.3
2008-11-11,23,4.2
2008-11-14,26,4.6
2008-11-17,44,8.0
2008-11-20,49,8.8
2008-11-23,65,16.8
2008-11-26,46,8.2
2008-11-29,38,6.9
2008-12-02,29,5.3
2008-12-05,28,5.1
2008-12-08,59,13.5
2008-12-11,54,10.9
2008-12-14,40,7.2
2008-12-17,65,16.5
2008-12-20,64,15.9
2008-12-23,58,13.0
2008-12-26,58,13.1
2009-01-01,48,8.7
2009-01-04,55,11.5
2009-01-07,19,3.4
2009-01-10,63,15.5
2009-01-16,51,9.2
2009-01-19,24,4.4
2009-01-22,34,6.1
2009-01-25,55,11.4
2009-01-28,71,19.8
2009-01-31,33,6.0
2009-02-03,22,3.9
2009-02-06,44,8.0
2009-02-09,16,2.8
2009-02-12,31,5.6
2009-02-15,60,13.7
2009-02-18,44,7.9
2009-02-27,41,7.4
2009-03-02,48,8.6
2009-03-05,44,8.0
2009-03-08,52,9.4
2009-03-11,30,5.4
2009-03-14,62,14.9
2009-03-17,55,11.1
2009-03-20,64,16.3
2009-03-23,56,11.6
2009-03-26,55,11.5
2009-03-29,51,9.3
2009-04-01,40,7.2
2009-04-07,33,6.0
2009-04-10,38,6.8
2009-04-13,30,5.4
2009-04-16,54,10.9
2009-04-19,23,4.2
2009-04-22,53,10.1
2009-04-25,68,18.3
2009-04-28,44,8.0
2009-05-01,58,12.7
2009-05-04,49,8.9
2009-05-07,67,17.9
2009-05-10,34,6.1
2009-05-13,72,20.5
2009-05-16,26,4.7
2009-05-19,50,9.0
2009-05-22,57,12.5
2009-05-25,65,16.5
2009-05-28,27,4.8
2009-05-31,56,11.6
2009-06-03,34,6.1
2009-06-06,64,16.1
2009-06-09,54,10.9
2009-06-12,61,14.3
2009-06-15,52,9.4
2009-06-18,51,9.3
2009-06-21,56,11.8
2009-06-24,64,16.2
2009-06-27,77,23.3
2009-06-30,56,11.7
2009-07-03,63,15.6
2009-07-06,42,7.5
2009-07-09,59,13.3
2009-07-12,54,10.5
2009-07-15,54,10.6
2009-07-21,37,6.7
2009-07-24,61,14.3
2009-07-27,53,10.3
2009-07-30,32,5.8
2009-08-02,36,6.4
2009-08-05,53,10.3
2009-08-08,51,9.1
2009-08-11,27,4.8
2009-08-14,63,15.5
2009-08-17,53,10.0
2009-08-20,33,6.0
2009-08-23,47,8.5
2009-08-26,70,19.3
2009-08-29,47,8.4
2009-09-01,57,12.3
2009-09-04,61,14.5
2009-09-07,67,17.5
2009-09-10,56,11.9
2009-09-13,67,17.9
2009-09-16,66,17.1
2009-09-19,59,13.6
2009-09-22,27,4.8
2009-09-25,25,4.5
2009-09-28,21,3.8
2009-10-01,46,8.2
2009-10-07,23,4.1
2009-10-10,38,6.8
2009-10-13,18,3.3
2009-10-16,30,5.4
2009-10-19,50,9.0
2009-10-22,10,1.8
2009-10-25,34,6.2
2009-10-28,33,5.9
2009-10-31,21,3.8
2009-11-03,33,5.9
2009-11-06,51,9.2
2009-11-09,57,12.5
2009-11-12,60,14.1
2009-11-15,28,5.0
2009-11-18,33,6.0
2009-11-24,18,3.3
2009-11-27,25,4.5
2009-11-30,28,5.1
2009-12-03,22,4.0
2009-12-06,51,9.2
2009-12-09,33,5.9
2009-12-12,57,12.1
2009-12-15,47,8.5
2009-12-18,27,4.8
2009-12-21,52,9.9
2009-12-24,41,7.3
2009-12-27,52,9.4
2010-01-02,58,12.7
2010-01-05,53,10.3
2010-01-08,40,7.2
2010-01-11,38,6.8
2010-01-14,70,19.5
2010-01-17,52,9.6
2010-01-20,52,9.6
2010-01-29,36,6.5
2010-02-07,60,14.0
2010-02-10,58,12.6
2010-02-13,53,10.0
2010-02-16,16,2.8
2010-02-19,52,9.9
2010-02-22,55,11.1
2010-02-25,33,5.9
2010-02-28,59,13.2
2010-03-03,57,12.4
2010-03-06,51,9.3
2010-03-09,31,5.5
2010-03-12,20,3.6
2010-03-15,44,7.9
2010-03-18,54,10.5
2010-03-21,27,4.8
2010-03-24,57,12.1
2010-03-27,33,5.9
2010-03-30,49,8.9
2010-04-02,46,8.3
2010-04-05,63,15.8
2010-04-08,32,5.8
2010-04-11,53,10.3
2010-04-20,54,10.5
2010-04-23,28,5.0
2010-04-26,22,3.9
2010-04-29,55,11.0
2010-05-02,26,4.7
2010-05-05,33,6.0
2010-05-08,19,3.5
2010-05-11,58,12.9
2010-05-14,21,3.8
2010-05-17,29,5.3
2010-05-20,16,2.8
2010-05-23,41,7.3
2010-05-26,61,14.3
2010-05-29,56,11.9
2010-06-01,55,11.1
2010-06-04,61,14.3
2010-06-07,43,7.7
2010-06-10,58,12.9
2010-06-13,53,10.3
2010-06-16,39,7.1
2010-06-19,47,8.5
2010-06-22,55,11.2
2010-06-25,57,12.1
2010-06-28,32,5.8
2010-07-01,63,15.4
2010-07-07,38,6.8
2010-07-10,39,7.1
2010-07-13,57,12.5
2010-07-16,61,14.5
2010-07-19,62,14.9
2010-07-22,54,10.8
2010-07-25,43,7.7
2010-07-28,38,6.8
2010-07-31,55,11.0
2010-08-03,53,10.2
2010-08-06,52,9.9
2010-08-09,49,8.9
2010-08-12,58,12.9
2010-08-15,34,6.2
2010-08-18,33,5.9
2010-08-21,39,7.0
2010-08-24,49,8.9
2010-08-27,54,10.7
2010-08-30,53,10.4
2010-09-02,29,5.2
2010-09-05,54,10.7
2010-09-08,38,6.8
2010-09-11,47,8.5
2010-09-14,58,12.9
2010-09-17,56,12.0
2010-09-20,67,17.6
2010-09-23,44,8.0
2010-09-26,23,4.2
2010-09-29,42,7.5
2010-10-02,34,6.2
2010-10-05,52,9.5
2010-10-08,45,8.1
2010-10-11,29,5.3
2010-10-14,29,5.3
2010-10-17,54,10.5
2010-10-20,53,10.2
2010-10-23,30,5.4
2010-10-26,12,2.1
2010-10-29,31,5.6
2010-11-01,49,8.8
2010-11-04,16,2.8
2010-11-07,33,5.9
2010-11-10,30,5.4
2010-11-13,33,6.0
2010-11-16,27,4.8
2010-11-19,32,5.7
2010-11-22,36,6.4
2010-11-25,31,5.6
2010-11-28,32,5.7
2010-12-01,29,5.2
2010-12-04,54,10.8
2010-12-07,55,11.0
2010-12-10,63,15.8
2010-12-13,22,4.0
2010-12-16,57,12.2
2010-12-19,41,7.3
2010-12-22,52,9.9
2010-12-25,59,13.3
2010-12-28,68,18.3
2010-12-31,33,6.0
2011-01-03,30,5.4
2011-01-06,17,3.0
2011-01-09,49,8.8
2011-01-12,54,10.5
2011-01-15,61,14.3
2011-01-18,57,12.1
2011-01-21,43,7.7
2011-01-24,69,18.7
2011-01-27,27,4.8
2011-01-30,67,17.5
2011-02-02,20,3.6
2011-02-05,54,10.8
2011-02-08,47,8.5
2011-02-11,49,8.8
2011-02-14,27,4.9
2011-02-17,51,9.1
2011-02-20,52,9.7
2011-02-23,63,15.6
2011-02-26,70,19.5
2011-03-01,36,6.5
2011-03-04,77,22.8
2011-03-07,59,13.4
2011-03-10,24,4.3
2011-03-13,64,16.0
2011-03-16,54,10.5
2011-03-19,48,8.7
2011-03-22,46,8.3
2011-03-25,92,31.0
2011-03-28,70,19.4
2011-03-31,60,14.0
2011-04-03,64,16.3
2011-04-06,43,7.8
2011-04-09,62,15.0
2011-04-14,56,12.0
2011-04-15,27,4.8
2011-04-18,72,20.2
2011-04-21,53,10.0
2011-04-24,32,5.8
2011-04-27,24,4.4
2011-04-30,26,4.7
2011-05-03,31,5.5
2011-05-06,47,8.5
2011-05-09,69,18.6
2011-05-12,39,7.1
2011-05-15,22,3.9
2011-05-18,53,10.4
2011-05-21,55,11.3
2011-05-24,66,17.3
2011-05-27,62,15.2
2011-05-30,62,15.1
2011-06-02,60,13.8
2011-06-05,57,12.5
2011-06-08,66,17.0
2011-06-11,52,9.6
2011-06-14,54,10.5
2011-06-17,59,13.3
2011-06-20,44,8.0
2011-06-23,38,6.9
2011-06-26,51,9.1
2011-06-29,43,7.7
2011-07-02,63,15.8
2011-07-05,62,15.1
2011-07-08,48,8.7
2011-07-11,36,6.5
2011-07-14,42,7.6
2011-07-17,58,12.8
2011-07-20,51,9.3
2011-07-23,50,9.0
2011-07-26,50,9.0
2011-07-29,54,10.6
2011-08-01,41,7.3
2011-08-04,53,10.2
2011-08-07,47,8.5
2011-08-10,26,4.6
2011-08-13,52,9.8
2011-08-16,26,4.7
2011-08-19,49,8.8
2011-08-22,57,12.5
2011-08-25,49,8.8
2011-08-28,57,12.4
2011-08-31,58,12.9
2011-09-03,61,14.3
2011-09-06,17,3.0
2011-09-15,23,4.2
2011-09-18,27,4.8
2011-09-21,27,4.8
2011-09-24,32,5.8
2011-09-27,36,6.4
2011-09-30,23,4.1
2011-10-03,47,8.4
2011-10-06,51,9.3
2011-10-09,8,1.5
2011-10-12,24,4.3
2011-10-15,35,6.3
2011-10-18,23,4.2
2011-10-21,46,8.3
2011-10-24,43,7.8
2011-10-27,39,7.0
2011-10-30,38,6.8
2011-11-02,44,8.0
2011-11-05,41,7.3
2011-11-08,13,2.3
2011-11-11,23,4.1
2011-11-14,26,4.6
2011-11-17,24,4.4
2011-11-20,58,12.7
2011-11-23,38,6.9
2011-11-26,19,3.5
2011-11-29,22,4.0
2011-12-02,72,20.4
2011-12-05,35,6.3
2011-12-08,53,10.3
2011-12-11,76,22.7
2011-12-14,44,8.0
2011-12-17,57,12.5
2011-12-20,30,5.4
2011-12-23,47,8.5
2011-12-26,44,8.0
2011-12-29,25,4.5
2012-01-01,16,2.8
2012-01-04,22,4.0
2012-01-07,16,2.8
2012-01-10,37,6.6
2012-01-13,31,5.6
2012-01-16,28,5.1
2012-01-19,56,11.9
2012-01-22,61,14.5
2012-01-25,55,11.5
2012-01-28,20,3.6
2012-01-31,37,6.7
2012-02-03,22,3.9
2012-02-06,31,5.6
2012-02-09,64,16.0
2012-02-12,31,5.5
2012-02-15,52,9.5
2012-02-18,61,14.3
2012-02-21,21,3.7
2012-02-24,15,2.7
2012-02-27,36,6.5
2012-03-01,38,6.9
2012-03-04,18,3.2
2012-03-07,38,6.8
2012-03-10,43,7.7
2012-03-13,48,8.6
2012-03-16,50,9.0
2012-03-19,59,13.5
2012-03-22,16,2.9
2012-03-25,56,11.8
2012-03-28,54,10.9
2012-03-31,61,14.4
2012-04-03,33,5.9
2012-04-06,53,10.3
2012-04-12,55,11.2
2012-04-15,34,6.1
2012-04-18,38,6.8
2012-04-21,32,5.8
2012-04-27,54,10.6
2012-04-30,52,9.7
2012-05-03,55,11.4
2012-05-06,60,14.1
2012-05-09,46,8.2
2012-05-12,52,9.7
2012-05-15,52,9.6
2012-05-18,59,13.6
2012-05-21,40,7.2
2012-05-24,56,11.7
2012-05-27,51,9.3
2012-05-30,41,7.3
2012-06-02,43,7.7
2012-06-05,44,8.0
2012-06-08,60,14.1
2012-06-11,57,12.1
2012-06-14,58,12.8
2012-06-17,43,7.8
2012-06-20,51,9.3
2012-06-26,64,16.1
2012-06-29,64,16.1
2012-07-02,61,14.2
2012-07-05,58,13.1
2012-07-08,56,11.6
2012-07-11,60,13.7
2012-07-14,54,10.7
2012-07-17,66,17.1
2012-07-20,38,6.9
2012-07-23,65,16.4
2012-07-26,49,8.9
2012-07-29,69,18.6
2012-08-01,61,14.7
2012-08-04,54,10.9
2012-08-07,58,12.7
2012-08-10,41,7.3
2012-08-13,37,6.7
2012-08-16,70,19.1
2012-08-19,43,7.7
2012-08-22,55,11.0
2012-08-25,56,11.7
2012-08-28,49,8.8
2012-08-31,31,5.6
2012-09-03,41,7.3
2012-09-06,32,5.7
2012-09-09,29,5.3
2012-09-12,57,12.4
2012-09-15,26,4.6
2012-09-18,31,5.6
2012-09-21,55,11.4
2012-09-24,51,9.1
2012-09-27,21,3.8
2012-09-30,53,10.1
2012-10-03,53,10.4
2012-10-09,39,7.1
2012-10-12,48,8.6
2012-10-15,44,7.9
2012-10-18,22,3.9
2012-10-21,59,13.3
2012-10-24,43,7.7
2012-10-27,51,9.3
2012-10-30,42,7.6
2012-11-02,53,10.0
2012-11-05,30,5.4
2012-11-08,47,8.5
2012-11-11,28,5.0
2012-11-14,42,7.6
2012-11-17,53,10.2
2012-11-20,57,12.1
2012-11-23,37,6.7
2012-11-26,49,8.8
2012-11-29,54,10.5
2012-12-02,55,11.4
2012-12-05,28,5.1
2012-12-08,81,25.0
2012-12-11,53,10.0
2012-12-14,43,7.8
2012-12-17,55,11.4
2012-12-20,25,4.5
2012-12-23,74,21.4
2012-12-26,49,8.8
2012-12-29,55,11.4
2013-01-01,69,18.5
2013-01-04,52,9.7
2013-01-07,34,6.1
2013-01-10,23,4.2
2013-01-13,20,3.6
2013-01-16,53,10.0
2013-01-19,45,8.1
2013-01-22,46,8.3
2013-01-25,72,20.6
2013-01-28,55,11.5
2013-01-31,23,4.2
2013-02-03,21,3.8
2013-02-06,68,18.3
2013-02-09,58,13.0
2013-02-12,36,6.5
2013-02-15,15,2.7
2013-02-18,23,4.2
2013-02-21,30,5.4
2013-02-24,43,7.8
2013-02-27,55,11.5
2013-03-02,46,8.2
2013-03-05,23,4.2
2013-03-08,60,14.1
2013-03-11,35,6.3
2013-03-14,49,8.8
2013-03-17,60,14.0
2013-03-20,38,6.9
2013-03-23,56,12.0
2013-03-26,44,7.9
2013-03-29,51,9.2
2013-04-01,41,7.3
2013-04-04,43,7.7
2013-04-07,53,10.3
2013-04-10,16,2.9
2013-04-13,41,7.4
2013-04-16,55,11.4
2013-04-19,20,3.6
2013-04-22,56,11.6
2013-04-25,44,8.0
2013-04-28,41,7.3
2013-05-01,46,8.2
2013-05-04,23,4.2
2013-05-07,46,8.3
2013-05-10,41,7.4
2013-05-13,42,7.6
2013-05-16,21,3.8
2013-05-17,,25.2625
2013-05-18,90,30.1
2013-05-19,66,17.0
2013-05-20,68,18.3
2013-05-21,28,5.1
2013-05-22,22,4.0
2013-05-23,52,9.9
2013-05-24,62,14.8
2013-05-25,52,9.4
2013-05-26,58,12.7
2013-05-27,51,9.1
2013-05-28,56,11.6
2013-05-29,55,11.4
2013-05-30,37,6.7
2013-05-31,46,8.3
2013-06-01,24,4.3
2013-06-02,24,4.3
2013-06-03,37,6.7
2013-06-04,54,10.7
2013-06-05,43,7.8
2013-06-06,30,5.4
2013-06-07,33,5.9
2013-06-08,51,9.2
2013-06-09,33,6.0
2013-06-10,30,5.4
2013-06-11,44,7.9
2013-06-12,54,10.9
2013-06-13,66,17.1
2013-06-14,61,14.3
2013-06-15,58,13.1
2013-06-16,61,14.4
2013-06-17,30,5.4
2013-06-18,32,5.8
2013-06-19,55,11.1
2013-06-20,61,14.2
2013-06-21,78,23.4
2013-06-22,75,22.2
2013-06-23,68,18.1
2013-06-24,66,17.1
2013-06-25,69,18.9
2013-06-26,76,22.5
2013-06-27,68,18.0
2013-06-28,52,9.6
2013-06-29,53,10.2
2013-06-30,53,10.3
2013-07-01,71,20.1
2013-07-02,64,16.2
2013-07-03,58,12.9
2013-07-04,66,17.0
2013-07-05,68,18.1
2013-07-06,73,21.0
2013-07-07,55,11.3
2013-07-08,39,7.0
2013-07-09,52,9.6
2013-07-10,52,9.9
2013-07-11,51,9.2
2013-07-12,59,13.4
2013-07-13,66,17.4
2013-07-14,48,8.7
2013-07-15,36,6.4
2013-07-16,33,6.0
2013-07-17,32,5.7
2013-07-18,43,7.7
2013-07-19,41,7.4
2013-07-20,44,7.9
2013-07-21,46,8.2
2013-07-22,36,6.4
2013-07-23,54,10.6
2013-07-24,29,5.2
2013-07-25,38,6.9
2013-07-26,49,8.8
2013-07-27,44,7.9
2013-07-28,43,7.8
2013-07-29,60,13.7
2013-07-30,54,10.5
2013-07-31,46,8.3
2013-08-01,48,8.7
2013-08-02,59,13.4
2013-08-03,55,11.0
2013-08-04,48,8.7
2013-08-05,52,9.6
2013-08-06,44,7.9
2013-08-07,60,14.0
2013-08-08,54,10.5
2013-08-09,26,4.7
2013-08-10,42,7.6
2013-08-11,52,9.7
2013-08-12,42,7.5
2013-08-13,24,4.4
2013-08-14,45,8.1
2013-08-15,56,12.0
2013-08-16,37,6.6
2013-08-17,56,11.6
2013-08-18,62,14.8
2013-08-19,55,11.2
2013-08-20,58,13.1
2013-08-21,60,13.7
2013-08-22,52,9.8
2013-08-23,56,11.6
2013-08-24,58,13.1
2013-08-25,51,9.1
2013-08-26,46,8.2
2013-08-27,38,6.9
2013-08-28,57,12.1
2013-08-29,60,14.1
2013-08-30,55,11.0
2013-08-31,62,15.2
2013-09-01,57,12.3
2013-09-02,43,7.7
2013-09-03,37,6.6
2013-09-04,54,10.9
2013-09-05,59,13.5
2013-09-06,64,16.0
2013-09-07,65,16.7
2013-09-08,60,14.1
2013-09-09,53,10.2
2013-09-10,52,9.4
2013-09-11,57,12.3
2013-09-12,62,14.8
2013-09-13,50,9.0
2013-09-14,56,11.8
2013-09-15,55,11.2
2013-09-16,62,15.1
2013-09-17,57,12.3
2013-09-18,54,10.7
2013-09-19,51,9.1
2013-09-20,29,5.3
2013-09-21,42,7.6
2013-09-22,32,5.8
2013-09-23,49,8.8
2013-09-24,40,7.2
2013-09-25,42,7.5
2013-09-26,49,8.9
2013-09-27,49,8.9
2013-09-28,29,5.3
2013-09-29,43,7.7
2013-09-30,34,6.1
2013-10-01,51,9.3
2013-10-02,33,5.9
2013-10-03,28,5.0
2013-10-04,28,5.1
2013-10-05,36,6.4
2013-10-06,26,4.6
2013-10-07,22,3.9
2013-10-08,27,4.9
2013-10-09,47,8.5
2013-10-10,52,9.7
2013-10-11,33,5.9
2013-10-12,30,5.4
2013-10-13,44,8.0
2013-10-14,31,5.5
2013-10-15,28,5.0
2013-10-16,15,2.7
2013-10-17,34,6.2
2013-10-18,33,6.0
2013-10-19,17,3.0
2013-10-20,27,4.8
2013-10-21,33,5.9
2013-10-22,26,4.6
2013-10-23,31,5.5
2013-10-24,33,5.9
2013-10-25,29,5.3
2013-10-26,52,9.9
2013-10-27,38,6.9
2013-10-28,54,10.6
2013-10-29,30,5.4
2013-10-30,25,4.5
2013-10-31,17,3.0
2013-11-01,31,5.6
2013-11-02,30,5.4
2013-11-03,23,4.1
2013-11-04,42,7.6
2013-11-05,20,3.6
2013-11-06,26,4.6
2013-11-07,42,7.5
2013-11-08,22,4.0
2013-11-09,30,5.4
2013-11-10,57,12.4
2013-11-11,56,11.8
2013-11-12,28,5.0
2013-11-13,39,7.1
2013-11-14,39,7.0
2013-11-15,52,9.8
2013-11-16,31,5.5
2013-11-17,29,5.3
2013-11-18,17,3.1
2013-11-19,27,4.9
2013-11-20,29,5.3
2013-11-21,56,11.7
2013-11-22,34,6.1
2013-11-23,19,3.5
2013-11-24,25,4.5
2013-11-25,39,7.1
2013-11-26,35,6.3
2013-11-27,36,6.5
2013-11-28,33,6.0
2013-11-29,51,9.1
2013-11-30,54,10.5
2013-12-01,67,17.6
2013-12-02,56,11.7
2013-12-03,55,11.4
2013-12-04,54,10.6
2013-12-05,28,5.0
2013-12-06,32,5.8
2013-12-07,44,7.9
2013-12-08,60,13.9
2013-12-09,55,11.1
2013-12-10,54,10.7
2013-12-11,54,10.6
2013-12-12,65,16.4
2013-12-13,74,21.4
2013-12-14,85,27.4
2013-12-15,48,8.7
2013-12-16,27,4.8
2013-12-17,29,5.2
2013-12-18,31,5.6
2013-12-19,39,7.1
2013-12-20,65,16.4
2013-12-21,33,6.0
2013-12-22,54,10.9
2013-12-23,61,14.7
2013-12-24,62,14.8
2013-12-25,59,13.5
2013-12-26,53,10.4
2013-12-27,27,4.8
2013-12-28,51,9.1
2013-12-29,41,7.3
2013-12-30,34,6.1
2013-12-31,38,6.8
2014-01-01,51,9.3
2014-01-02,51,9.3
2014-01-03,35,6.3
2014-01-04,41,7.3
2014-01-05,35,6.3
2014-01-06,25,4.5
2014-01-07,20,3.6
2014-01-08,39,7.0
2014-01-09,55,11.0
2014-01-10,,6.270588
2014-01-11,22,4.0
2014-01-12,18,3.3
2014-01-13,15,2.7
2014-01-14,13,2.4
2014-01-15,17,3.0
2014-01-16,27,4.9
2014-01-17,21,3.8
2014-01-18,23,4.2
2014-01-19,34,6.1
2014-01-20,39,7.1
2014-01-21,28,5.0
2014-01-22,27,4.8
2014-01-23,23,4.2
2014-01-24,25,4.5
2014-01-25,24,4.3
2014-01-26,39,7.1
2014-01-27,26,4.7
2014-01-28,27,4.9
2014-01-29,32,5.8
2014-01-30,40,7.2
2014-01-31,63,15.8
2014-02-01,61,14.7
2014-02-02,55,11.0
2014-02-03,57,12.1
2014-02-04,53,10.0
2014-02-05,24,4.3
2014-02-06,32,5.7
2014-02-07,61,14.3
2014-02-08,79,24.2
2014-02-09,70,19.4
2014-02-10,58,12.6
2014-02-11,57,12.3
2014-02-12,73,21.1
2014-02-13,65,16.8
2014-02-14,29,5.3
2014-02-15,26,4.7
2014-02-16,42,7.5
2014-02-17,26,4.6
2014-02-18,25,4.5
2014-02-19,55,11.0
2014-02-20,26,4.7
2014-02-21,22,4.0
2014-02-22,31,5.6
2014-02-23,49,8.8
2014-02-24,44,7.9
2014-02-25,55,11.4
2014-02-26,36,6.5
2014-02-27,36,6.5
2014-02-28,54,10.8
2014-03-01,66,17.4
2014-03-02,37,6.6
2014-03-03,51,9.2
2014-03-04,58,12.6
2014-03-05,72,20.5
2014-03-06,90,30.0
2014-03-07,65,16.5
2014-03-08,66,17.1
2014-03-09,50,9.0
2014-03-10,27,4.9
2014-03-11,35,6.3
2014-03-12,16,2.8
2014-03-13,28,5.0
2014-03-14,37,6.6
2014-03-15,49,8.9
2014-03-16,38,6.8
2014-03-17,26,4.7
2014-03-18,27,4.8
2014-03-19,24,4.4
2014-03-20,49,8.8
2014-03-21,53,10.4
2014-03-22,35,6.3
2014-03-23,39,7.1
2014-03-24,54,10.7
2014-03-25,54,10.9
2014-03-26,60,13.9
2014-03-27,29,5.3
2014-03-28,58,12.8
2014-03-29,66,17.3
2014-03-30,43,7.7
2014-03-31,37,6.6
2014-04-01,53,10.3
2014-04-02,58,12.7
2014-04-03,51,9.1
2014-04-04,32,5.8
2014-04-05,1,0.2
2014-04-06,55,11.2
2014-04-07,53,10.4
2014-04-08,57,12.4
2014-04-09,28,5.1
2014-04-10,75,21.9
2014-04-11,22,3.9
2014-04-12,40,7.2
2014-04-13,52,9.9
2014-04-14,59,13.5
2014-04-15,26,4.6
2014-04-16,44,7.9
2014-04-17,56,11.7
2014-04-18,86,28.1
2014-04-19,57,12.5
2014-04-20,54,10.6
2014-04-21,39,7.1
2014-04-22,55,11.2
2014-04-23,58,12.8
2014-04-24,28,5.0
2014-04-25,17,3.0
2014-04-26,13,2.4
2014-04-27,64,15.9
2014-04-28,44,8.0
2014-04-29,36,6.5
2014-04-30,20,3.6
2014-05-01,28,5.1
2014-05-02,49,8.9
2014-05-03,34,6.1
2014-05-04,34,6.2
2014-05-05,60,13.7
2014-05-06,51,9.3
2014-05-07,51,9.3
2014-05-08,44,8.0
2014-05-09,45,8.1
2014-05-10,43,7.8
2014-05-11,48,8.6
2014-05-12,33,6.0
2014-05-13,27,4.9
2014-05-14,35,6.3
2014-05-15,37,6.7
2014-05-16,39,7.1
2014-05-17,46,8.3
2014-05-18,52,9.6
2014-05-19,43,7.8
2014-05-20,52,9.8
2014-05-21,47,8.5
2014-05-22,46,8.3
2014-05-23,52,9.6
2014-05-24,32,5.8
2014-05-25,37,6.7
2014-05-26,34,6.1
2014-05-27,26,4.7
2014-05-28,26,4.7
2014-05-29,49,8.8
2014-05-30,28,5.1
2014-05-31,26,4.7
2014-06-01,55,11.5
2014-06-02,32,5.7
2014-06-03,34,6.1
2014-06-04,42,7.5
2014-06-05,29,5.3
2014-06-06,29,5.3
2014-06-07,20,3.6
2014-06-08,23,4.2
2014-06-09,22,3.9
2014-06-10,44,8.0
2014-06-11,55,11.1
2014-06-12,20,3.6
2014-06-13,1,0.2
2014-06-14,23,4.2
2014-06-15,46,8.3
2014-06-16,29,5.3
2014-06-17,60,13.7
2014-06-18,55,11.1
2014-06-19,35,6.3
2014-06-20,46,8.2
2014-06-21,54,10.6
2014-06-22,63,15.4
2014-06-23,24,4.4
2014-06-24,23,4.1
2014-06-25,22,3.9
2014-06-26,51,9.3
2014-06-27,34,6.1
2014-06-28,72,20.6
2014-06-29,63,15.8
2014-06-30,80,24.7
2014-07-01,43,7.7
2014-07-02,42,7.5
2014-07-03,44,7.9
2014-07-04,59,13.5
2014-07-05,59,13.4
2014-07-06,59,13.6
2014-07-07,55,11.5
2014-07-08,57,12.1
2014-07-09,27,4.9
2014-07-10,52,9.7
2014-07-11,62,14.8
2014-07-12,96,33.0
2014-07-13,67,17.8
2014-07-14,52,9.8
2014-07-15,42,7.6
2014-07-16,24,4.3
2014-07-17,14,2.5
2014-07-18,24,4.4
2014-07-19,27,4.9
2014-07-20,41,7.3
2014-07-21,63,15.6
2014-07-22,74,21.5
2014-07-23,,19.475
2014-07-24,,9.81875
2014-07-25,45,8.1
2014-07-26,57,12.5
2014-07-27,57,12.2
2014-07-28,45,8.1
2014-07-29,45,8.1
2014-07-30,32,5.7
2014-07-31,18,3.3
2014-08-01,28,5.1
2014-08-02,49,8.8
2014-08-03,59,13.5
2014-08-04,64,16.0
2014-08-05,71,19.8
2014-08-06,55,11.5
2014-08-07,51,9.2
2014-08-08,42,7.5
2014-08-09,49,8.8
2014-08-10,32,5.7
2014-08-11,32,5.7
2014-08-12,41,7.3
2014-08-13,54,10.5
2014-08-14,47,8.5
2014-08-15,59,13.6
2014-08-16,63,15.4
2014-08-17,51,9.3
2014-08-18,33,6.0
2014-08-19,55,11.0
2014-08-20,77,23.1
2014-08-21,63,15.6
2014-08-22,73,20.8
2014-08-23,69,18.5
2014-08-24,53,10.3
2014-08-25,52,9.6
2014-08-26,58,13.0
2014-08-27,59,13.5
2014-08-28,57,12.3
2014-08-29,,3.866667
2014-08-30,34,6.1
2014-08-31,30,5.4
2014-09-01,46,8.2
2014-09-02,37,6.7
2014-09-03,29,5.2
2014-09-04,38,6.9
2014-09-05,23,4.1
2014-09-06,20,3.6
2014-09-07,26,4.6
2014-09-08,46,8.2
2014-09-09,51,9.1
2014-09-10,36,6.5
2014-09-11,22,4.0
2014-09-12,18,3.2
2014-09-13,24,4.3
2014-09-14,28,5.1
2014-09-15,26,4.7
2014-09-16,54,10.6
2014-09-17,52,9.9
2014-09-18,33,6.0
2014-09-19,47,8.4
2014-09-20,54,10.7
2014-09-21,39,7.0
2014-09-22,41,7.4
2014-09-23,,6.571429
2014-09-24,58,12.8
2014-09-25,54,10.9
2014-09-26,59,13.4
2014-09-27,57,12.2
2014-09-28,53,10.3
2014-09-29,53,10.1
2014-09-30,48,8.7
2014-10-01,45,8.1
2014-10-02,54,10.9
2014-10-03,45,8.1
2014-10-04,33,6.0
2014-10-05,26,4.7
2014-10-06,35,6.3
2014-10-07,27,4.9
2014-10-08,38,6.9
2014-10-09,29,5.3
2014-10-10,26,4.7
2014-10-11,24,4.4
2014-10-12,39,7.1
2014-10-13,19,3.4
2014-10-14,44,7.9
2014-10-15,36,6.4
2014-10-16,37,6.6
2014-10-17,15,2.7
2014-10-18,52,9.4
2014-10-19,47,8.4
2014-10-20,58,12.8
2014-10-21,58,12.9
2014-10-22,63,15.7
2014-10-23,58,12.6
2014-10-24,58,13.1
2014-10-25,54,10.9
2014-10-26,44,7.9
2014-10-27,56,11.7
2014-10-28,37,6.6
2014-10-29,26,4.6
2014-10-30,42,7.6
2014-10-31,52,9.6
2014-11-01,33,6.0
2014-11-02,,8.254545
2014-11-03,,8.23125
2014-11-04,39,7.1
2014-11-05,32,5.8
2014-11-06,,6.707692
2014-11-07,16,2.8
2014-11-08,38,6.8
2014-11-09,32,5.8
2014-11-10,24,4.4
2014-11-11,43,7.8
2014-11-12,22,4.0
2014-11-13,23,4.1
2014-11-14,50,9.0
2014-11-15,55,11.5
2014-11-16,44,8.0
2014-11-17,53,10.0
2014-11-18,37,6.6
2014-11-19,22,3.9
2014-11-22,16,2.9
2014-11-25,19,3.4
2014-11-28,26,4.6
2014-12-01,25,4.5
2014-12-07,69,18.6
2014-12-10,58,13.0
2014-12-11,63,15.5
2014-12-13,55,11.1
2014-12-18,35,6.3
2014-12-19,39,7.0
2014-12-22,33,6.0
2014-12-25,9,1.6
2014-12-28,37,6.6
2014-12-31,40,7.2
2015-01-03,27,4.8
2015-01-06,36,6.4
2015-01-09,25,4.5
2015-01-12,52,9.6
2015-01-15,52,9.6
2015-01-16,,3.008333
2015-01-17,16,2.9
2015-01-18,13,2.4
2015-01-19,33,5.9
2015-01-20,20,3.6
2015-01-21,16,2.9
2015-01-22,18,3.2
2015-01-23,45,8.1
2015-01-24,10,1.8
2015-01-25,4,0.7
2015-01-26,19,3.4
2015-01-27,19,3.4
2015-01-28,28,5.0
2015-01-29,46,8.2
2015-01-30,34,6.1
2015-01-31,46,8.2
2015-02-01,30,5.4
2015-02-02,20,3.6
2015-02-03,43,7.8
2015-02-04,52,9.7
2015-02-05,48,8.6
2015-02-06,43,7.7
2015-02-07,44,7.9
2015-02-08,27,4.9
2015-02-09,37,6.6
2015-02-10,74,21.5
2015-02-11,59,13.6
2015-02-12,29,5.2
2015-02-13,35,6.3
2015-02-14,34,6.2
2015-02-15,53,10.2
2015-02-16,55,11.5
2015-02-17,35,6.3
2015-02-18,26,4.7
2015-02-19,23,4.2
2015-02-20,55,11.0
2015-02-21,31,5.5
2015-02-22,46,8.3
2015-02-23,39,7.0
2015-02-24,57,12.1
2015-02-25,53,10.0
2015-02-26,20,3.6
2015-02-27,36,6.4
2015-02-28,,19.766667
2015-03-01,62,15.1
2015-03-02,65,16.7
2015-03-03,54,10.5
2015-03-04,41,7.3
2015-03-05,34,6.2
2015-03-06,31,5.5
2015-03-07,24,4.3
2015-03-08,48,8.6
2015-03-09,52,9.9
2015-03-10,31,5.6
2015-03-11,43,7.7
2015-03-12,47,8.5
2015-03-13,47,8.5
2015-03-14,38,6.9
2015-03-15,45,8.1
2015-03-16,20,3.6
2015-03-17,36,6.5
2015-03-18,54,10.6
2015-03-19,39,7.1
2015-03-22,24,4.4
2015-03-25,52,9.6
2015-03-27,,12.3
2015-03-28,51,9.2
2015-03-29,55,11.0
2015-03-30,63,15.8
2015-03-31,53,10.2
2015-04-01,45,8.1
2015-04-02,53,10.2
2015-04-03,27,4.8
2015-04-04,33,6.0
2015-04-05,51,9.2
2015-04-06,37,6.6
2015-04-07,55,11.1
2015-04-08,60,13.7
2015-04-09,39,7.1
2015-04-10,30,5.4
2015-04-11,49,8.8
2015-04-12,47,8.5
2015-04-13,36,6.5
2015-04-14,38,6.8
2015-04-15,23,4.2
2015-04-16,38,6.8
2015-04-17,27,4.9
2015-04-18,26,4.6
2015-04-19,36,6.5
2015-04-20,47,8.4
2015-04-21,51,9.1
2015-04-22,52,9.4
2015-04-23,52,9.6
2015-04-24,32,5.8
2015-04-25,36,6.4
2015-04-26,31,5.6
2015-04-27,31,5.5
2015-04-28,27,4.9
2015-04-29,62,15.0
2015-04-30,44,8.0
2015-05-12,37,6.6
2015-05-24,11,2.0
2015-05-27,41,7.3
2015-06-02,44,8.0
2015-06-05,59,13.2
2015-06-08,24,4.3
2015-06-10,,7.042857
2015-06-11,44,7.9
2015-06-12,25,4.5
2015-06-13,14,2.6
2015-06-14,21,3.7
2015-06-15,16,2.8
2015-06-16,19,3.4
2015-06-17,52,9.9
2015-06-18,19,3.5
2015-06-19,38,6.9
2015-06-20,51,9.3
2015-06-21,57,12.2
2015-06-22,65,16.6
2015-06-23,84,27.0
2015-06-24,51,9.3
2015-06-25,39,7.1
2015-06-26,39,7.0
2015-06-27,41,7.3
2015-06-28,41,7.4
2015-06-29,35,6.3
2015-06-30,34,6.2
2015-07-01,58,12.6
2015-07-02,35,6.3
2015-07-03,38,6.9
2015-07-04,57,12.1
2015-07-05,60,13.9
2015-07-06,69,18.8
2015-07-07,55,11.5
2015-07-08,65,16.8
2015-07-09,50,9.0
2015-07-10,67,17.9
2015-07-11,72,20.4
2015-07-12,59,13.4
2015-07-13,55,11.2
2015-07-14,68,18.3
2015-07-15,68,18.2
2015-07-16,51,9.2
2015-07-17,52,9.5
2015-07-18,46,8.3
2015-07-19,39,7.0
2015-07-20,54,10.9
2015-07-21,,3.26
2015-07-22,33,5.9
2015-07-23,59,13.5
2015-07-24,57,12.3
2015-07-25,58,13.0
2015-07-26,52,9.4
2015-07-27,40,7.2
2015-07-28,55,11.1
2015-07-29,62,14.9
2015-07-30,54,10.6
2015-07-31,53,10.3
2015-08-01,54,10.5
2015-08-02,55,11.1
2015-08-03,52,9.7
2015-08-04,59,13.5
2015-08-05,61,14.6
2015-08-06,53,10.0
2015-08-07,57,12.4
2015-08-08,59,13.6
2015-08-09,58,12.9
2015-08-10,51,9.3
2015-08-11,31,5.5
2015-08-12,,6.964706
2015-08-13,48,8.7
2015-08-14,52,9.7
2015-08-15,59,13.2
2015-08-16,58,13.1
2015-08-17,63,15.8
2015-08-18,55,11.1
2015-08-19,18,3.2
2015-08-20,23,4.2
2015-08-21,26,4.6
2015-08-22,35,6.3
2015-08-23,51,9.3
2015-08-24,27,4.8
2015-08-25,43,7.8
2015-08-26,49,8.9
2015-08-27,55,11.4
2015-08-28,64,16.0
2015-08-29,55,11.0
2015-08-30,29,5.2
2015-08-31,59,13.3
2015-09-01,54,10.9
2015-09-02,30,5.4
2015-09-03,29,5.3
2015-09-04,33,5.9
2015-09-05,33,5.9
2015-09-06,54,10.8
2015-09-07,52,9.7
2015-09-08,44,7.9
2015-09-09,42,7.6
2015-09-12,41,7.3
2015-09-14,39,7.0
2015-09-15,,8.75
2015-09-16,,7.122222
2015-09-17,26,4.6
2015-09-18,43,7.8
2015-09-19,37,6.7
2015-09-20,19,3.4
2015-09-21,48,8.6
2015-09-22,42,7.6
2015-09-23,18,3.2
2015-09-24,54,10.7
2015-09-25,54,10.6
2015-09-26,52,9.5
2015-09-27,60,13.9
2015-09-28,,-1.122222
2015-09-30,38,6.8
2015-10-01,9,1.7
2015-10-02,23,4.1
2015-10-03,31,5.6
2015-10-04,29,5.3
2015-10-05,47,8.4
2015-10-06,30,5.4
2015-10-07,47,8.4
2015-10-08,53,10.2
2015-10-09,54,10.5
2015-10-10,47,8.5
2015-10-11,46,8.2
2015-10-12,37,6.7
2015-10-13,31,5.5
2015-10-14,41,7.3
2015-10-15,51,9.2
2015-10-16,29,5.2
2015-10-17,34,6.1
2015-10-18,35,6.3
2015-10-19,42,7.6
2015-10-20,56,12.0
2015-10-21,43,7.7
2015-10-22,39,7.1
2015-10-23,10,1.8
2015-10-24,20,3.6
2015-10-25,32,5.7
2015-10-26,31,5.6
2015-10-27,35,6.3
2015-10-28,37,6.7
2015-10-29,27,4.8
2015-10-30,23,4.2
2015-10-31,47,8.5
2015-11-01,54,10.6
2015-11-02,33,5.9
2015-11-03,54,10.6
2015-11-04,53,10.3
2015-11-05,33,6.0
2015-11-06,13,2.3
2015-11-07,28,5.0
2015-11-08,30,5.4
2015-11-09,31,5.6
2015-11-10,45,8.1
2015-11-11,24,4.3
2015-11-12,41,7.4
2015-11-13,52,9.5
2015-11-14,21,3.8
2015-11-15,32,5.7
2015-11-16,37,6.6
2015-11-17,9,1.7
2015-11-18,22,3.9
2015-11-19,23,4.2
2015-11-20,34,6.1
2015-11-21,48,8.6
2015-11-22,36,6.4
2015-11-23,21,3.8
2015-11-24,33,5.9
2015-11-25,36,6.5
2015-11-26,14,2.6
2015-11-27,4,0.8
2015-11-28,16,2.9
2015-11-29,12,2.2
2015-11-30,16,2.8
2015-12-01,47,8.5
2015-12-02,27,4.8
2015-12-03,34,6.1
2015-12-04,39,7.0
2015-12-05,29,5.3
2015-12-06,46,8.3
2015-12-07,49,8.9
2015-12-08,23,4.1
2015-12-09,22,3.9
2015-12-10,37,6.6
2015-12-11,41,7.3
2015-12-12,52,9.6
2015-12-13,15,2.7
2015-12-14,11,1.9
2015-12-15,23,4.1
2015-12-16,29,5.2
2015-12-17,28,5.0
2015-12-20,31,5.6
2015-12-23,14,2.6
2015-12-26,42,7.5
2015-12-29,54,10.9
2016-01-01,52,9.6
2016-01-04,37,6.6
2016-01-05,22,4.0
2016-01-06,56,11.6
2016-01-07,31,5.6
2016-01-08,38,6.9
2016-01-09,49,8.9
2016-01-10,44,8.0
2016-01-11,39,7.0
2016-01-12,31,5.6
2016-01-13,41,7.4
2016-01-14,41,7.3
2016-01-15,27,4.9
2016-01-16,41,7.3
2016-01-17,42,7.6
2016-01-18,21,3.8
2016-01-19,54,10.7
2016-01-20,52,9.5
2016-01-21,63,15.8
2016-01-22,58,13.0
2016-01-23,53,10.2
2016-01-24,32,5.8
2016-01-25,23,4.1
2016-01-26,27,4.8
2016-01-27,33,6.0
2016-01-28,21,3.7
2016-01-29,26,4.6
2016-01-30,29,5.2
2016-01-31,11,2.0
2016-02-01,44,7.9
2016-02-02,16,2.8
2016-02-03,21,3.7
2016-02-04,37,6.7
2016-02-05,37,6.6
2016-02-06,22,3.9
2016-02-07,9,1.7
2016-02-08,5,0.9
2016-02-09,6,1.1
2016-02-10,16,2.9
2016-02-11,37,6.7
2016-02-12,40,7.2
2016-02-13,54,10.9
2016-02-14,66,17.3
2016-02-15,18,3.3
2016-02-16,16,2.9
2016-02-17,43,7.8
2016-02-18,46,8.3
2016-02-19,47,8.4
2016-02-20,56,12.0
2016-02-21,54,10.7
2016-02-24,11,2.0
2016-02-25,,0.455556
2016-02-26,,2.85
2016-02-27,24,4.3
2016-02-29,,0.246154
2016-03-01,13,2.4
2016-03-02,6,1.1
2016-03-03,22,4.0
2016-03-04,33,6.0
2016-03-05,,9.275
2016-03-07,30,5.4
2016-03-10,35,6.3
2016-03-13,33,6.0
2016-03-16,16,2.8
2016-03-19,17,3.0
2016-03-22,32,5.8
2016-03-24,,11.554545
2016-03-25,36,6.4
2016-03-26,57,12.3
2016-03-27,37,6.7
2016-03-28,19,3.4
2016-03-29,40,7.2
2016-03-30,49,8.9
2016-03-31,16,2.8
2016-04-01,23,4.1
2016-04-02,29,5.2
2016-04-03,23,4.2
2016-04-04,65,16.7
2016-04-05,51,9.3
2016-04-06,26,4.7
2016-04-07,,5.053333
2016-04-08,42,7.5
2016-04-09,39,7.1
2016-04-10,,9.153333
2016-04-11,21,3.8
2016-04-12,28,5.0
2016-04-13,,14.273333
2016-04-14,52,9.7
2016-04-15,29,5.2
2016-04-16,25,4.5
2016-04-17,17,3.0
2016-04-18,11,1.9
2016-04-19,24,4.4
2016-04-20,34,6.1
2016-04-21,15,2.7
2016-04-22,39,7.1
2016-04-23,53,10.3
2016-04-24,43,7.8
2016-04-25,31,5.6
2016-04-26,56,11.8
2016-04-27,17,3.1
2016-04-28,9,1.7
2016-04-29,24,4.3
2016-04-30,9,1.6
2016-05-01,17,3.0
2016-05-02,22,4.0
2016-05-03,23,4.2
2016-05-04,36,6.4
2016-05-05,39,7.1
2016-05-06,38,6.8
2016-05-07,50,9.0
2016-05-08,37,6.6
2016-05-09,33,6.0
2016-05-10,54,10.7
2016-05-11,39,7.0
2016-05-12,26,4.6
2016-05-13,23,4.2
2016-05-14,32,5.8
2016-05-15,28,5.0
2016-05-16,44,8.0
2016-05-17,22,3.9
2016-05-18,20,3.6
2016-05-19,50,9.0
2016-05-20,38,6.9
2016-05-21,33,6.0
2016-05-22,46,8.2
2016-05-23,40,7.2
2016-05-24,53,10.2
2016-05-25,,25.77
2016-05-27,22,3.9
2016-05-30,22,4.0
2016-06-02,27,4.9
2016-06-05,26,4.7
2016-06-08,44,8.0
2016-06-10,,29.975
2016-06-11,54,10.9
2016-06-12,53,10.4
2016-06-13,52,9.7
2016-06-14,39,7.0
2016-06-15,69,18.8
2016-06-16,73,20.8
2016-06-17,62,15.2
2016-06-18,57,12.5
2016-06-19,54,10.9
2016-06-20,52,9.9
2016-06-21,55,11.0
2016-06-22,56,11.7
2016-06-23,52,9.4
2016-06-24,52,9.7
2016-06-25,43,7.7
2016-06-26,47,8.5
2016-06-27,36,6.5
2016-06-28,48,8.7
2016-06-29,55,11.5
2016-06-30,60,13.9
2016-07-01,62,14.9
2016-07-02,52,9.9
2016-07-03,64,16.2
2016-07-04,72,20.3
2016-07-05,48,8.6
2016-07-06,62,15.0
2016-07-07,61,14.5
2016-07-08,62,14.9
2016-07-09,53,10.0
2016-07-10,53,10.4
2016-07-11,27,4.9
2016-07-12,62,14.9
2016-07-13,38,6.9
2016-07-14,58,12.6
2016-07-15,56,11.8
2016-07-16,57,12.1
2016-07-17,61,14.6
2016-07-18,63,15.7
2016-07-19,53,10.0
2016-07-20,42,7.5
2016-07-21,60,14.0
2016-07-22,,21.576923
2016-08-26,,10.588889
2016-08-27,37,6.6
2016-08-28,54,10.7
2016-08-29,45,8.1
2016-08-30,55,11.1
2016-08-31,52,9.6
2016-09-01,42,7.6
2016-09-02,46,8.2
2016-09-03,48,8.7
2016-09-04,60,13.8
2016-09-05,48,8.7
2016-09-06,41,7.4
2016-09-07,51,9.3
2016-09-08,69,18.8
2016-09-09,68,18.0
2016-09-10,17,3.1
2016-09-11,23,4.2
2016-09-12,43,7.8
2016-09-13,59,13.3
2016-09-14,53,10.0
2016-09-15,47,8.4
2016-09-16,44,7.9
2016-09-17,25,4.5
2016-09-18,,5.22
2016-09-19,,12.28
2016-09-20,54,10.5
2016-09-21,65,16.5
2016-09-22,60,14.1
2016-09-23,59,13.5
2016-09-24,31,5.5
2016-09-25,16,2.9
2016-09-26,20,3.6
2016-09-27,30,5.4
2016-09-28,25,4.5
2016-09-29,15,2.7
2016-09-30,28,5.0
2016-10-03,59,13.6
2016-10-06,33,5.9
2016-10-09,28,5.0
2016-10-12,35,6.3
2016-10-14,,5.146667
2016-10-15,34,6.1
2016-10-16,17,3.1
2016-10-17,18,3.3
2016-10-18,22,4.0
2016-10-19,35,6.3
2016-10-20,18,3.2
2016-10-21,24,4.3
2016-10-22,18,3.3
2016-10-23,26,4.6
2016-10-24,46,8.2
2016-10-25,23,4.2
2016-10-26,36,6.5
2016-10-27,43,7.7
2016-10-28,48,8.6
2016-10-29,37,6.6
2016-10-30,58,12.7
2016-10-31,39,7.1
2016-11-01,32,5.8
2016-11-02,30,5.4
2016-11-03,52,9.8
2016-11-04,53,10.3
2016-11-05,49,8.8
2016-11-06,51,9.1
2016-11-07,54,10.7
2016-11-08,41,7.3
2016-11-09,24,4.3
2016-11-10,42,7.5
2016-11-11,46,8.3
2016-11-12,45,8.1
2016-11-13,54,10.5
2016-11-14,34,6.2
2016-11-15,57,12.2
2016-11-16,48,8.7
2016-11-17,53,10.3
2016-11-18,29,5.2
2016-11-19,29,5.3
2016-11-20,29,5.2
2016-11-21,36,6.5
2016-11-22,39,7.0
2016-11-23,57,12.1
2016-11-24,42,7.6
2016-11-25,55,11.3
2016-11-26,52,9.6
2016-11-27,66,17.4
2016-11-28,16,2.8
2016-11-29,16,2.9
2016-11-30,32,5.8
2016-12-01,33,5.9
2016-12-02,41,7.3
2016-12-03,39,7.1
2016-12-04,46,8.2
2016-12-05,51,9.2
2016-12-06,28,5.0
2016-12-07,29,5.2
2016-12-08,13,2.4
2016-12-09,30,5.4
2016-12-10,28,5.1
2016-12-11,53,10.0
2016-12-12,57,12.2
2016-12-13,54,10.7
2016-12-14,55,11.3
2016-12-15,43,7.8
2016-12-16,54,10.5
2016-12-17,37,6.6
2016-12-18,32,5.7
2016-12-19,46,8.2
2016-12-20,39,7.0
2016-12-21,58,12.9
2016-12-22,22,4.0
2016-12-23,45,8.1
2016-12-24,55,11.1
2016-12-25,27,4.8
2016-12-26,11,2.0
2016-12-27,34,6.1
2016-12-28,27,4.9
2016-12-29,14,2.5
2016-12-30,22,4.0
2016-12-31,19,3.5
2017-01-01,16,2.8
2017-01-02,32,5.8
2017-01-03,52,9.6
2017-01-04,19,3.4
2017-01-05,35,6.3
2017-01-06,59,13.6
2017-01-07,19,3.4
2017-01-08,53,10.2
2017-01-09,41,7.3
2017-01-10,22,4.0
2017-01-11,32,5.8
2017-01-12,58,13.0
2017-01-13,56,11.7
2017-01-14,56,12.0
2017-01-15,19,3.4
2017-01-16,5,0.9
2017-01-17,31,5.5
2017-01-18,53,10.0
2017-01-19,22,3.9
2017-01-20,28,5.1
2017-01-21,28,5.0
2017-01-22,17,3.1
2017-01-23,22,4.0
2017-01-24,23,4.1
2017-01-25,21,3.7
2017-01-26,32,5.7
2017-01-27,18,3.3
2017-01-28,12,2.1
2017-01-29,19,3.5
2017-01-30,28,5.0
2017-01-31,28,5.0
2017-02-01,32,5.7
2017-02-02,40,7.2
2017-02-03,33,5.9
2017-02-04,64,16.3
2017-02-05,67,17.9
2017-02-06,51,9.2
2017-02-07,32,5.8
2017-02-08,54,10.5
2017-02-09,22,3.9
2017-02-10,53,10.0
2017-02-11,53,10.1
2017-02-12,18,3.2
2017-02-13,33,5.9
2017-02-14,,8.225
2017-02-15,15,2.7
2017-02-16,13,2.4
2017-02-17,24,4.3
2017-02-18,43,7.7
2017-02-19,63,15.4
2017-02-20,14,2.5
2017-02-21,14,2.6
2017-02-22,45,8.1
2017-02-23,31,5.6
2017-02-24,11,1.9
2017-02-25,23,4.1
2017-02-26,43,7.8
2017-02-27,67,17.9
2017-02-28,63,15.4
2017-03-01,17,3.0
2017-03-02,24,4.4
2017-03-03,52,9.9
2017-03-04,42,7.5
2017-03-05,39,7.1
2017-03-06,49,8.9
2017-03-07,55,11.3
2017-03-08,43,7.7
2017-03-09,58,12.6
2017-03-10,46,8.2
2017-03-11,33,6.0
2017-03-12,46,8.2
2017-03-13,49,8.9
2017-03-14,55,11.4
2017-03-15,62,15.0
2017-03-16,58,13.1
2017-03-17,52,9.8
2017-03-18,58,13.1
2017-03-19,55,11.1
2017-03-20,43,7.7
2017-03-21,75,22.0
2017-03-22,68,18.0
2017-03-23,52,9.8
2017-03-24,44,7.9
2017-03-25,41,7.4
2017-03-26,42,7.6
2017-03-27,59,13.5
2017-03-28,61,14.5
2017-03-29,6,1.0
2017-03-30,10,1.8
2017-03-31,47,8.5
2017-04-01,50,9.0
2017-04-02,76,22.3
2017-04-03,40,7.2
2017-04-04,17,3.1
2017-04-05,16,2.9
2017-04-06,24,4.4
2017-04-07,59,13.5
2017-04-08,41,7.4
2017-04-09,43,7.8
2017-04-10,21,3.7
2017-04-11,64,16.3
2017-04-12,60,13.8
2017-04-13,43,7.8
2017-04-14,38,6.8
2017-04-15,44,8.0
2017-04-16,40,7.2
2017-04-17,36,6.5
2017-04-18,36,6.5
2017-04-19,37,6.6
2017-04-20,30,5.4
2017-04-21,,3.181818
2017-04-22,14,2.6
2017-04-25,42,7.5
2017-04-28,46,8.3
2017-04-29,,7.3
2017-05-01,15,2.7
2017-05-04,19,3.4
2017-05-07,41,7.3
2017-05-13,36,6.4
2017-05-19,24,4.4
2017-05-22,27,4.9
2017-05-25,33,6.0
2017-05-28,22,4.0
2017-05-31,50,9.0
2017-06-01,,7.181818
2017-06-02,52,9.6
2017-06-03,34,6.1
2017-06-04,28,5.0
2017-06-05,32,5.8
2017-06-06,37,6.7
2017-06-07,30,5.4
2017-06-08,38,6.9
2017-06-09,46,8.2
2017-06-10,54,10.9
2017-06-11,48,8.7
2017-06-12,52,9.8
2017-06-13,53,10.0
2017-06-14,55,11.2
2017-06-15,52,9.5
2017-06-16,42,7.5
2017-06-17,52,9.8
2017-06-18,19,3.4
2017-06-19,21,3.8
2017-06-20,31,5.6
2017-06-21,33,5.9
2017-06-22,36,6.4
2017-06-23,32,5.8
2017-06-24,23,4.2
2017-06-25,29,5.3
2017-06-26,39,7.1
2017-06-27,53,10.0
2017-06-28,53,10.2
2017-06-29,44,8.0
2017-06-30,30,5.4
2017-07-01,34,6.1
2017-07-02,52,9.5
2017-07-03,38,6.8
2017-07-04,37,6.6
2017-07-05,38,6.8
2017-07-06,38,6.9
2017-07-07,47,8.4
2017-07-08,38,6.9
2017-07-09,41,7.3
2017-07-10,36,6.4
2017-07-11,47,8.5
2017-07-12,51,9.3
2017-07-13,44,7.9
2017-07-14,44,8.0
2017-07-15,42,7.5
2017-07-16,41,7.3
2017-07-17,54,10.9
2017-07-18,56,12.0
2017-07-19,48,8.7
2017-07-20,43,7.8
2017-07-21,54,10.7
2017-07-22,52,9.9
2017-07-23,43,7.8
2017-07-24,38,6.9
2017-07-25,63,15.8
2017-07-26,66,17.1
2017-07-27,52,9.6
2017-07-28,53,10.0
2017-07-29,47,8.5
2017-07-30,44,7.9
2017-07-31,54,10.5
2017-08-01,48,8.7
2017-08-02,55,11.0
2017-08-03,55,11.3
2017-08-04,41,7.3
2017-08-05,52,9.9
2017-08-06,34,6.2
2017-08-07,44,8.0
2017-08-08,48,8.6
2017-08-09,63,15.7
2017-08-10,53,10.0
2017-08-11,29,5.2
2017-08-12,55,11.2
2017-08-13,53,10.0
2017-08-14,17,3.1
2017-08-15,42,7.5
2017-08-16,52,9.4
2017-08-17,28,5.1
2017-08-18,41,7.3
2017-08-19,52,9.8
2017-08-20,43,7.8
2017-08-21,46,8.3
2017-08-22,50,9.0
2017-08-23,33,6.0
2017-08-24,49,8.9
2017-08-25,52,9.7
2017-08-26,54,10.6
2017-08-27,56,11.7
2017-08-28,52,9.9
2017-08-29,39,7.1
2017-08-30,43,7.8
2017-08-31,48,8.6
2017-09-01,48,8.6
2017-09-02,56,11.6
2017-09-03,66,17.0
2017-09-04,54,10.7
2017-09-05,49,8.8
2017-09-06,38,6.8
2017-09-07,34,6.2
2017-09-08,56,11.9
2017-09-09,59,13.2
2017-09-10,51,9.2
2017-09-11,58,12.9
2017-09-12,58,12.6
2017-09-13,52,9.6
2017-09-14,61,14.3
2017-09-15,,14.15
2017-09-16,58,12.6
2017-09-17,59,13.5
2017-09-18,41,7.3
2017-09-19,52,9.7
2017-09-20,52,9.8
2017-09-21,55,11.3
2017-09-22,52,9.5
2017-09-23,57,12.2
2017-09-24,58,12.9
2017-09-25,55,11.3
2017-09-26,19,3.4
2017-09-27,24,4.4
2017-09-28,26,4.6
2017-09-29,24,4.3
2017-09-30,47,8.4
2017-10-01,57,12.4
2017-10-02,60,14.0
2017-10-03,52,9.8
2017-10-04,40,7.2
2017-10-05,54,10.9
2017-10-06,43,7.8
2017-10-07,28,5.1
2017-10-08,34,6.2
2017-10-09,53,10.3
2017-10-10,27,4.9
2017-10-11,26,4.6
2017-10-12,34,6.2
2017-10-13,48,8.7
2017-10-14,46,8.2
2017-10-15,28,5.0
2017-10-16,23,4.2
2017-10-17,32,5.8
2017-10-18,41,7.4
2017-10-19,54,10.7
2017-10-20,55,11.1
2017-10-21,36,6.4
2017-10-22,13,2.4
2017-10-23,19,3.4
2017-10-24,23,4.2
2017-10-25,20,3.6
2017-10-26,28,5.1
2017-10-27,27,4.8
2017-10-28,19,3.5
2017-10-29,22,4.0
2017-10-30,24,4.3
2017-10-31,18,3.2
2017-11-01,52,9.4
2017-11-02,53,10.0
2017-11-03,50,9.0
2017-11-04,63,15.4
2017-11-05,62,14.9
2017-11-06,54,10.8
2017-11-07,64,16.0
2017-11-08,56,11.7
2017-11-09,52,9.4
2017-11-10,52,9.5
2017-11-11,53,10.2
2017-11-12,41,7.3
2017-11-13,61,14.3
2017-11-14,69,19.0
2017-11-15,24,4.4
2017-11-16,58,12.8
2017-11-17,64,16.2
2017-11-18,19,3.5
2017-11-19,19,3.5
2017-11-20,21,3.8
2017-11-21,32,5.8
2017-11-22,52,9.7
2017-11-23,43,7.7
2017-11-24,52,9.5
2017-11-25,29,5.2
2017-11-26,44,8.0
2017-11-27,56,12.0
2017-11-28,55,11.0
2017-11-29,54,10.5
2017-11-30,57,12.1
2017-12-01,46,8.2
2017-12-02,68,18.0
2017-12-03,21,3.7
2017-12-04,43,7.8
2017-12-05,24,4.3
2017-12-06,29,5.3
2017-12-07,36,6.5
2017-12-08,54,10.9
2017-12-09,35,6.3
2017-12-10,46,8.2
2017-12-11,38,6.9
2017-12-12,30,5.4
2017-12-13,52,9.5
2017-12-14,57,12.5
2017-12-15,42,7.6
2017-12-16,41,7.3
2017-12-17,56,12.0
2017-12-18,65,16.8
2017-12-19,57,12.3
2017-12-20,60,14.1
2017-12-21,55,11.5
2017-12-22,52,9.5
2017-12-23,56,11.6
2017-12-24,54,10.5
2017-12-25,47,8.5
2017-12-26,35,6.3
2017-12-27,26,4.7
2017-12-28,58,13.1
2017-12-29,64,16.0
2017-12-30,63,15.4
2017-12-31,39,7.1
2018-01-01,29,5.2
2018-01-02,39,7.0
2018-01-03,44,8.0
2018-01-04,54,10.5
2018-01-05,59,13.2
2018-01-06,66,16.9
2018-01-07,64,15.9
2018-01-08,52,9.7
2018-01-09,56,12.0
2018-01-10,65,16.5
2018-01-11,42,7.6
2018-01-12,19,3.4
2018-01-13,28,5.1
2018-01-14,31,5.5
2018-01-15,43,7.8
2018-01-16,44,7.9
2018-01-17,55,11.1
2018-01-18,48,8.6
2018-01-19,51,9.2
2018-01-20,29,5.2
2018-01-21,48,8.7
2018-01-22,17,3.1
2018-01-23,15,2.7
2018-01-24,34,6.2
2018-01-25,41,7.3
2018-01-26,35,6.3
2018-01-27,28,5.1
2018-01-28,46,8.3
2018-01-29,53,10.4
2018-01-30,47,8.5
2018-01-31,38,6.8
2018-02-01,15,2.7
2018-02-02,35,6.3
2018-02-03,53,10.4
2018-02-04,54,10.5
2018-02-05,52,9.4
2018-02-06,57,12.3
2018-02-07,60,13.8
2018-02-08,56,11.8
2018-02-09,67,17.8
2018-02-10,61,14.2
2018-02-11,48,8.7
2018-02-12,52,9.9
2018-02-13,55,11.5
2018-02-14,61,14.4
2018-02-15,38,6.8
2018-02-16,40,7.2
2018-02-17,41,7.3
2018-02-18,52,9.5
2018-02-19,52,9.4
2018-02-20,43,7.7
2018-02-21,39,7.1
2018-02-22,27,4.9
2018-02-23,32,5.8
2018-02-24,34,6.1
2018-02-25,26,4.7
2018-02-26,52,9.5
2018-02-27,33,6.0
2018-02-28,32,5.8
2018-03-01,57,12.5
2018-03-02,32,5.8
2018-03-03,38,6.8
2018-03-04,58,12.9
2018-03-05,37,6.6
2018-03-06,26,4.6
2018-03-07,59,13.3
2018-03-08,64,16.3
2018-03-09,46,8.2
2018-03-10,66,17.2
2018-03-11,58,13.1
2018-03-12,55,11.2
2018-03-13,64,16.2
2018-03-14,72,20.5
2018-03-15,59,13.4
2018-03-16,33,6.0
2018-03-17,33,6.0
2018-03-18,72,20.3
2018-03-19,40,7.2
2018-03-20,32,5.8
2018-03-21,42,7.6
2018-03-22,85,27.6
2018-03-23,47,8.5
2018-03-24,49,8.9
2018-03-25,78,23.6
2018-03-26,60,13.8
2018-03-27,42,7.5
2018-03-28,47,8.5
2018-03-29,62,15.0
2018-03-30,48,8.7
2018-03-31,51,9.1
2018-04-01,51,9.1
2018-04-02,32,5.7
2018-04-03,49,8.8
2018-04-04,31,5.6
2018-04-05,33,6.0
2018-04-06,56,11.7
2018-04-07,37,6.6
2018-04-08,34,6.1
2018-04-09,73,20.8
2018-04-10,65,16.7
2018-04-11,48,8.7
2018-04-12,48,8.7
2018-04-13,87,28.5
2018-04-14,15,2.7
2018-04-15,31,5.5
2018-04-16,39,7.0
2018-04-17,44,8.0
2018-04-18,53,10.1
2018-04-19,52,9.7
2018-04-20,47,8.5
2018-04-21,49,8.8
2018-04-22,54,10.9
2018-04-23,39,7.0
2018-04-24,54,10.5
2018-04-25,25,4.5
2018-04-26,17,3.0
2018-04-27,34,6.1
2018-04-28,51,9.3
2018-04-29,52,9.9
2018-04-30,53,10.1
2018-05-01,55,11.4
2018-05-02,46,8.2
2018-05-03,37,6.7
2018-05-04,41,7.3
2018-05-05,43,7.8
2018-05-06,50,9.0
2018-05-07,49,8.8
2018-05-08,47,8.4
2018-05-09,49,8.8
2018-05-10,53,10.3
2018-05-11,44,7.9
2018-05-12,55,11.0
2018-05-13,58,12.7
2018-05-14,55,11.2
2018-05-15,39,7.1
2018-05-16,32,5.7
2018-05-17,38,6.9
2018-05-18,47,8.4
2018-05-19,56,12.0
2018-05-20,46,8.2
2018-05-21,49,8.8
2018-05-22,44,8.0
2018-05-23,44,7.9
2018-05-24,51,9.1
2018-05-25,32,5.8
2018-05-26,37,6.6
2018-05-27,51,9.1
2018-05-28,55,11.0
2018-05-29,54,10.7
2018-05-30,46,8.3
2018-05-31,46,8.2
2018-06-01,56,11.7
2018-06-02,58,12.9
2018-06-03,22,3.9
2018-06-04,43,7.8
2018-06-05,51,9.3
2018-06-06,54,10.5
2018-06-07,42,7.6
2018-06-08,41,7.4
2018-06-09,50,9.0
2018-06-10,55,11.5
2018-06-11,70,19.5
2018-06-12,53,10.1
2018-06-13,56,11.7
2018-06-14,44,7.9
2018-06-15,34,6.1
2018-06-16,36,6.5
2018-06-17,44,7.9
2018-06-18,41,7.3
2018-06-19,41,7.4
2018-06-20,34,6.2
2018-06-21,35,6.3
2018-06-22,45,8.1
2018-06-23,28,5.0
2018-06-24,21,3.8
2018-06-25,19,3.5
2018-06-26,52,9.5
2018-06-27,51,9.1
2018-06-28,43,7.7
2018-06-29,52,9.5
2018-06-30,66,16.9
2018-07-01,92,31.2
2018-07-02,76,22.5
2018-07-03,67,17.6
2018-07-04,67,17.7
2018-07-05,54,10.9
2018-07-06,54,10.8
2018-07-07,54,10.5
2018-07-08,56,11.9
2018-07-09,54,10.8
2018-07-10,44,7.9
2018-07-11,52,9.7
2018-07-12,60,14.1
2018-07-13,55,11.1
2018-07-14,57,12.4
2018-07-15,51,9.3
2018-07-16,59,13.2
2018-07-17,75,21.8
2018-07-18,63,15.4
2018-07-19,74,21.2
2018-07-20,59,13.6
2018-07-21,58,12.7
2018-07-22,43,7.8
2018-07-23,58,12.9
2018-07-24,55,11.4
2018-07-25,56,11.8
2018-07-26,57,12.4
2018-07-27,50,9.0
2018-07-28,55,11.3
2018-07-29,58,12.9
2018-07-30,35,6.3
2018-07-31,33,5.9
2018-08-01,53,10.0
2018-08-02,55,11.0
2018-08-03,53,10.0
2018-08-04,58,12.9
2018-08-05,56,11.9
2018-08-06,52,9.7
2018-08-07,36,6.4
2018-08-08,41,7.3
2018-08-09,34,6.2
2018-08-10,49,8.9
2018-08-11,54,10.6
2018-08-12,34,6.2
2018-08-13,43,7.7
2018-08-14,55,11.3
2018-08-15,41,7.4
2018-08-16,55,11.3
2018-08-17,56,12.0
2018-08-18,52,9.6
2018-08-19,39,7.0
2018-08-20,64,16.2
2018-08-21,62,15.2
2018-08-22,75,22.1
2018-08-23,70,19.3
2018-08-24,59,13.3
2018-08-25,59,13.2
2018-08-26,61,14.6
2018-08-27,54,10.9
2018-08-28,,7.22
2018-08-29,59,13.5
2018-08-30,37,6.6
2018-08-31,39,7.1
2018-09-01,46,8.3
2018-09-02,34,6.2
2018-09-03,24,4.4
2018-09-04,33,5.9
2018-09-05,24,4.4
2018-09-06,33,5.9
2018-09-07,27,4.8
2018-09-08,13,2.4
2018-09-09,25,4.5
2018-09-10,38,6.9
2018-09-11,30,5.4
2018-09-12,43,7.8
2018-09-13,41,7.4
2018-09-14,41,7.4
2018-09-15,46,8.2
2018-09-17,55,11.2
2018-09-18,41,7.3
2018-09-19,47,8.5
2018-09-20,40,7.2
2018-09-21,28,5.0
2018-09-22,25,4.5
2018-09-23,14,2.6
2018-09-24,31,5.5
2018-09-25,37,6.7
2018-09-26,17,3.0
2018-09-27,35,6.3
2018-09-28,51,9.2
2018-09-29,49,8.9
2018-09-30,40,7.2
2018-10-01,47,8.5
2018-10-02,34,6.1
2018-10-03,41,7.4
2018-10-04,52,9.6
2018-10-05,36,6.4
2018-10-06,37,6.7
2018-10-07,28,5.0
2018-10-08,27,4.9
2018-10-09,19,3.5
2018-10-10,13,2.3
2018-10-11,8,1.5
2018-10-12,31,5.5
2018-10-13,23,4.2
2018-10-14,6,1.1
2018-10-15,28,5.0
2018-10-16,35,6.3
2018-10-17,31,5.6
2018-10-18,28,5.0
2018-10-19,30,5.4
2018-10-20,41,7.3
2018-10-21,43,7.8
2018-10-22,33,6.0
2018-10-23,33,5.9
2018-10-24,43,7.8
2018-10-25,18,3.3
2018-10-26,29,5.3
2018-10-27,55,11.3
2018-10-28,31,5.6
2018-10-29,29,5.3
2018-10-30,40,7.2
2018-10-31,30,5.4
2018-11-01,19,3.5
2018-11-02,29,5.2
2018-11-03,27,4.9
2018-11-04,14,2.5
2018-11-05,32,5.8
2018-11-06,29,5.3
2018-11-07,12,2.2
2018-11-08,25,4.5
2018-11-09,37,6.7
2018-11-10,25,4.5
2018-11-11,39,7.0
2018-11-12,53,10.4
2018-11-13,44,8.0
2018-11-14,55,11.1
2018-11-15,40,7.2
2018-11-16,29,5.2
2018-11-17,52,9.5
2018-11-18,52,9.9
2018-11-19,36,6.4
2018-11-20,44,7.9
2018-11-21,39,7.0
2018-11-22,33,5.9
2018-11-23,41,7.4
2018-11-24,27,4.8
2018-11-25,21,3.7
2018-11-26,54,10.5
2018-11-27,56,11.8
2018-11-28,37,6.6
2018-11-29,55,11.1
2018-11-30,66,17.0
2018-12-01,22,4.0
2018-12-02,14,2.6
2018-12-03,44,7.9
2018-12-04,53,10.4
2018-12-05,56,11.8
2018-12-06,53,10.0
2018-12-07,55,11.4
2018-12-08,66,17.2
2018-12-09,63,15.8
2018-12-10,59,13.2
2018-12-11,54,10.5
2018-12-12,52,9.6
2018-12-13,33,5.9
2018-12-14,38,6.9
2018-12-15,26,4.7
2018-12-16,32,5.8
2018-12-17,51,9.1
2018-12-18,59,13.4
2018-12-19,62,14.8
2018-12-20,14,2.5
2018-12-21,18,3.3
2018-12-22,13,2.3
2018-12-23,28,5.1
2018-12-24,35,6.3
2018-12-25,46,8.2
2018-12-26,49,8.9
2018-12-27,24,4.4
2018-12-28,20,3.6
2018-12-29,53,10.0
2018-12-30,53,10.0
2018-12-31,40,7.2
2019-01-01,44,8.0
2019-01-02,44,8.0
2019-01-03,47,8.5
2019-01-04,55,11.0
2019-01-05,46,8.2
2019-01-06,24,4.4
2019-01-07,21,3.7
2019-01-08,16,2.9
2019-01-09,19,3.5
2019-01-10,26,4.6
2019-01-11,31,5.5
2019-01-12,26,4.6
2019-01-13,60,13.8
2019-01-14,63,15.5
2019-01-15,55,11.2
2019-01-16,68,18.1
2019-01-17,56,11.6
2019-01-18,39,7.1
2019-01-19,43,7.8
2019-01-20,37,6.6
2019-01-21,22,4.0
2019-01-22,53,10.1
2019-01-23,49,8.9
2019-01-24,26,4.7
2019-01-25,48,8.6
2019-01-26,55,11.1
2019-01-27,9,1.7
2019-01-28,15,2.7
2019-01-29,30,5.4
2019-01-30,21,3.7
2019-01-31,,7.68
2019-02-01,,18.816667
2019-02-02,47,8.5
2019-02-03,57,12.3
2019-02-04,55,11.1
2019-02-05,54,10.5
2019-02-06,41,7.4
2019-02-07,42,7.6
2019-02-08,27,4.9
2019-02-09,37,6.6
2019-02-10,43,7.7
2019-02-11,25,4.5
2019-02-12,28,5.1
2019-02-13,22,3.9
2019-02-14,19,3.5
2019-02-15,59,13.3
2019-02-16,60,14.1
2019-02-17,46,8.3
2019-02-18,52,9.8
2019-02-19,63,15.7
2019-02-20,56,11.8
2019-02-21,59,13.5
2019-02-22,47,8.4
2019-02-23,20,3.6
2019-02-24,37,6.7
2019-02-25,28,5.0
2019-02-26,56,11.7
2019-02-27,65,16.7
2019-02-28,62,14.8
2019-03-01,66,17.0
2019-03-02,73,21.1
2019-03-03,56,11.8
2019-03-04,22,4.0
2019-03-05,49,8.8
2019-03-06,52,9.9
2019-03-07,37,6.7
2019-03-08,75,21.8
2019-03-09,47,8.5
2019-03-10,34,6.1
2019-03-11,56,11.8
2019-03-12,39,7.1
2019-03-13,48,8.7
2019-03-14,18,3.2
2019-03-15,16,2.8
2019-03-16,23,4.1
2019-03-17,47,8.5
2019-03-18,59,13.5
2019-03-19,48,8.7
2019-03-20,52,9.9
2019-03-21,41,7.3
2019-03-22,53,10.0
2019-03-23,71,19.9
2019-03-24,58,12.8
2019-03-25,43,7.8
2019-03-26,62,14.9
2019-03-27,56,11.6
2019-03-28,47,8.4
2019-03-29,52,9.8
2019-03-30,27,4.8
2019-03-31,27,4.8
2019-04-01,54,10.8
2019-04-02,48,8.7
2019-04-03,33,5.9
2019-04-04,37,6.6
2019-04-05,45,8.1
2019-04-06,30,5.4
2019-04-07,50,9.0
2019-04-08,49,8.9
2019-04-09,41,7.4
2019-04-10,49,8.8
2019-04-11,28,5.0
2019-04-12,16,2.9
2019-04-13,74,21.2
2019-04-14,48,8.6
2019-04-15,21,3.7
2019-04-16,40,7.2
2019-04-17,51,9.2
2019-04-18,13,2.4
2019-04-19,22,3.9
2019-04-20,38,6.9
2019-04-21,28,5.1
2019-04-22,40,7.2
2019-04-23,42,7.6
2019-04-24,28,5.1
2019-04-25,49,8.8
2019-04-26,41,7.4
2019-04-27,27,4.8
2019-04-28,38,6.9
2019-04-29,36,6.4
2019-04-30,26,4.7
2019-05-01,36,6.4
2019-05-02,41,7.3
2019-05-03,16,2.8
2019-05-04,28,5.0
2019-05-05,35,6.3
2019-05-06,31,5.5
2019-05-07,51,9.1
2019-05-08,16,2.8
2019-05-09,6,1.0
2019-05-10,17,3.0
2019-05-11,21,3.8
2019-05-12,21,3.7
2019-05-13,37,6.7
2019-05-14,,6.514286
2019-05-15,33,6.0
2019-05-16,52,9.8
2019-05-17,53,10.3
2019-05-18,31,5.5
2019-05-19,20,3.6
2019-05-20,44,7.9
2019-05-21,19,3.4
2019-05-22,63,15.7
2019-05-23,61,14.3
2019-05-24,52,9.7
2019-05-25,42,7.6
2019-05-26,42,7.5
2019-05-27,44,8.0
2019-05-28,55,11.5
2019-05-29,37,6.7
2019-05-30,35,6.3
2019-05-31,48,8.6
2019-06-01,34,6.1
2019-06-02,30,5.4
2019-06-03,36,6.5
2019-06-04,26,4.7
2019-06-05,31,5.5
2019-06-06,17,3.1
2019-06-07,40,7.2
2019-06-08,39,7.0
2019-06-09,46,8.2
2019-06-10,46,8.2
2019-06-11,36,6.5
2019-06-12,29,5.2
2019-06-13,,4.95
2019-06-14,49,8.8
2019-06-15,46,8.2
2019-06-16,23,4.2
2019-06-17,18,3.3
2019-06-18,37,6.7
2019-06-19,27,4.8
2019-06-20,53,10.3
2019-06-21,,15.83125
2019-06-23,29,5.2
2019-06-24,,3.7875
2019-06-25,42,7.5
2019-06-26,54,10.5
2019-06-27,68,18.2
2019-06-28,67,17.8
2019-06-29,57,12.3
2019-06-30,54,10.5
2019-07-01,53,10.2
2019-07-02,55,11.5
2019-07-03,40,7.2
2019-07-04,62,14.8
2019-07-05,74,21.4
2019-07-06,49,8.9
2019-07-07,52,9.9
2019-07-08,29,5.3
2019-07-09,52,9.6
2019-07-10,58,13.1
2019-07-11,33,5.9
2019-07-12,53,10.4
2019-07-13,54,10.9
2019-07-14,36,6.5
2019-07-15,28,5.1
2019-07-16,51,9.3
2019-07-17,52,9.4
2019-07-18,52,9.7
2019-07-19,52,9.6
2019-07-20,48,8.7
2019-07-21,63,15.7
2019-07-22,36,6.4
2019-07-23,26,4.6
2019-07-24,51,9.3
2019-07-25,58,12.6
2019-07-26,56,11.7
2019-07-27,68,18.2
2019-07-28,60,13.8
2019-07-29,57,12.4
2019-07-30,58,12.8
2019-07-31,58,13.0
2019-08-01,57,12.5
2019-08-02,62,14.8
2019-08-03,43,7.7
2019-08-04,53,10.1
2019-08-05,56,12.0
2019-08-06,60,13.7
2019-08-07,54,10.5
2019-08-08,54,10.6
2019-08-09,46,8.2
2019-08-10,54,10.7
2019-08-11,54,10.6
2019-08-12,52,9.6
2019-08-13,34,6.2
2019-08-14,40,7.2
2019-08-15,56,11.8
2019-08-16,54,10.5
2019-08-17,56,11.9
2019-08-18,54,10.8
2019-08-19,54,10.9
2019-08-20,53,10.3
2019-08-21,63,15.4
2019-08-22,36,6.5
2019-08-23,27,4.8
2019-08-24,51,9.2
2019-08-25,25,4.5
2019-08-26,63,15.4
2019-08-27,37,6.6
2019-08-28,43,7.8
2019-08-29,55,11.0
2019-08-30,34,6.1
2019-08-31,42,7.6
2019-09-01,40,7.2
2019-09-02,67,17.6
2019-09-03,67,17.8
2019-09-04,56,11.6
2019-09-05,62,15.0
2019-09-06,64,16.3
2019-09-07,56,11.6
2019-09-08,53,10.3
2019-09-09,52,9.6
2019-09-10,40,7.2
2019-09-11,53,10.2
2019-09-12,26,4.7
2019-09-13,32,5.8
2019-09-14,62,15.2
2019-09-15,62,15.0
2019-09-16,75,21.8
2019-09-17,64,16.3
2019-09-18,32,5.8
2019-09-19,43,7.8
2019-09-20,26,4.6
2019-09-21,39,7.1
2019-09-22,47,8.5
2019-09-23,49,8.9
2019-09-24,28,5.0
2019-09-25,40,7.2
2019-09-26,28,5.1
2019-09-27,32,5.8
2019-09-28,46,8.2
2019-09-29,54,10.6
2019-09-30,40,7.2
2019-10-01,53,10.2
2019-10-02,54,10.5
2019-10-03,13,2.4
2019-10-04,52,9.7
2019-10-05,59,13.6
2019-10-06,20,3.6
2019-10-07,33,6.0
2019-10-08,37,6.7
2019-10-09,50,9.0
2019-10-10,,6.22
2019-10-11,33,6.0
2019-10-12,27,4.8
2019-10-13,38,6.8
2019-10-14,55,11.1
2019-10-15,48,8.7
2019-10-16,55,11.1
2019-10-17,52,9.7
2019-10-18,36,6.5
2019-10-19,54,10.7
2019-10-20,57,12.4
2019-10-21,18,3.2
2019-10-22,43,7.7
2019-10-23,42,7.5
2019-10-24,14,2.6
2019-10-25,30,5.4
2019-10-26,47,8.4
2019-10-27,28,5.0
2019-10-28,52,9.5
2019-10-29,42,7.6
2019-10-30,12,2.2
2019-10-31,36,6.5
2019-11-01,36,6.5
2019-11-02,21,3.8
2019-11-03,52,9.7
2019-11-04,59,13.4
2019-11-05,33,6.0
2019-11-06,67,17.7
2019-11-07,58,13.0
2019-11-08,22,4.0
2019-11-09,63,15.3
2019-11-10,57,12.5
2019-11-11,19,3.4
2019-11-12,52,9.5
2019-11-13,52,9.9
2019-11-14,57,12.2
2019-11-15,29,5.2
2019-11-16,55,11.0
2019-11-17,30,5.4
2019-11-18,47,8.5
2019-11-19,44,8.0
2019-11-20,51,9.1
2019-11-21,49,8.8
2019-11-22,47,8.4
2019-11-23,31,5.6
2019-11-25,,15.8
2019-11-26,29,5.3
2019-11-27,37,6.6
2019-11-28,39,7.1
2019-11-29,12,2.2
2019-11-30,21,3.8
2019-12-01,18,3.3
2019-12-02,19,3.4
2019-12-03,44,8.0
2019-12-04,38,6.9
2019-12-05,28,5.1
2019-12-06,61,14.6
2019-12-07,57,12.1
2019-12-08,53,10.0
2019-12-09,44,7.9
2019-12-10,34,6.1
2019-12-11,25,4.5
2019-12-12,52,9.6
2019-12-13,65,16.5
2019-12-14,52,9.9
2019-12-15,72,20.5
2019-12-16,69,18.8
2019-12-17,46,8.2
2019-12-18,46,8.2
2019-12-19,45,8.1
2019-12-20,43,7.7
2019-12-21,80,24.9
2019-12-22,67,17.7
2019-12-23,51,9.1
2019-12-24,58,12.6
2019-12-25,52,9.4
2019-12-26,51,9.2
2019-12-27,90,30.1
2019-12-28,48,8.7
2019-12-29,9,1.7
2019-12-30,18,3.3
2019-12-31,,3.4
2020-01-01,17,3.1
2020-01-03,,5.36
2020-01-04,10,1.8
2020-01-05,24,4.3
2020-01-06,26,4.7
2020-01-07,17,3.0
2020-01-08,35,6.3
2020-01-09,44,7.9
2020-01-10,32,5.7
2020-01-11,46,8.2
2020-01-12,42,7.5
2020-01-13,52,9.5
2020-01-14,57,12.3
2020-01-15,59,13.5
2020-01-16,49,8.9
2020-01-17,19,3.4
2020-01-18,23,4.2
2020-01-19,20,3.6
2020-01-20,34,6.2
2020-01-21,53,10.1
2020-01-22,17,3.0
2020-01-23,26,4.6
2020-01-24,32,5.7
2020-01-25,38,6.8
2020-01-26,56,11.7
2020-01-27,60,14.0
2020-01-28,37,6.7
2020-01-29,47,8.5
2020-01-30,47,8.4
2020-01-31,39,7.1
2020-02-01,22,4.0
2020-02-02,14,2.5
2020-02-03,34,6.2
2020-02-04,53,10.3
2020-02-05,41,7.3
2020-02-06,33,5.9
2020-02-07,32,5.8
2020-02-08,26,4.6
2020-02-09,32,5.7
2020-02-10,48,8.6
2020-02-11,31,5.5
2020-02-12,32,5.7
2020-02-13,24,4.4
2020-02-14,25,4.5
2020-02-15,34,6.2
2020-02-16,62,14.9
2020-02-17,61,14.7
2020-02-18,14,2.6
2020-02-19,27,4.8
2020-02-20,48,8.6
2020-02-21,27,4.8
2020-02-22,49,8.8
2020-02-23,54,10.5
2020-02-24,34,6.1
2020-02-25,26,4.7
2020-02-26,29,5.2
2020-02-27,16,2.9
2020-02-28,28,5.0
2020-02-29,41,7.3
2020-03-01,26,4.7
2020-03-02,52,9.7
2020-03-03,48,8.6
2020-03-04,42,7.5
2020-03-05,36,6.4
2020-03-06,34,6.2
2020-03-07,59,13.6
2020-03-08,53,10.2
2020-03-09,33,5.9
2020-03-10,25,4.5
2020-03-11,52,9.4
2020-03-12,41,7.3
2020-03-13,18,3.2
2020-03-14,20,3.6
2020-03-15,23,4.1
2020-03-16,15,2.7
2020-03-17,19,3.4
2020-03-18,29,5.3
2020-03-19,16,2.9
2020-03-20,27,4.9
2020-03-21,33,5.9
2020-03-22,19,3.5
2020-03-23,36,6.4
2020-03-24,32,5.8
2020-03-25,22,3.9
2020-03-26,55,11.3
2020-03-27,71,19.9
2020-03-28,31,5.6
2020-03-29,32,5.8
2020-03-30,51,9.2
2020-03-31,23,4.2
2020-04-01,27,4.8
2020-04-02,45,8.1
2020-04-03,18,3.3
2020-04-04,52,9.6
2020-04-05,54,10.5
2020-04-06,48,8.7
2020-04-07,47,8.4
2020-04-08,51,9.2
2020-04-09,54,10.7
2020-04-10,60,14.1
2020-04-11,52,9.4
2020-04-12,23,4.2
2020-04-13,32,5.7
2020-04-14,53,10.4
2020-04-15,32,5.7
2020-04-16,43,7.8
2020-04-17,55,11.1
2020-04-18,31,5.6
2020-04-19,56,11.7
2020-04-20,59,13.3
2020-04-21,43,7.7
2020-04-22,34,6.1
2020-04-23,34,6.2
2020-04-24,25,4.5
2020-04-25,55,11.5
2020-04-26,54,10.9
2020-04-27,39,7.1
2020-04-28,55,11.5
2020-04-29,38,6.9
2020-04-30,25,4.5
2020-05-01,51,9.1
2020-05-02,52,9.7
2020-05-03,48,8.6
2020-05-04,61,14.7
2020-05-05,43,7.8
2020-05-06,27,4.9
2020-05-07,53,10.1
2020-05-08,47,8.5
2020-05-09,23,4.2
2020-05-10,52,9.7
2020-05-11,,8.228571
2020-05-12,17,3.0
2020-05-13,52,9.5
2020-05-14,48,8.6
2020-05-15,22,4.0
2020-05-16,51,9.1
2020-05-17,46,8.2
2020-05-18,19,3.4
2020-05-19,39,7.0
2020-05-20,42,7.6
2020-05-21,52,9.4
2020-05-22,57,12.5
2020-05-23,55,11.1
2020-05-24,39,7.1
2020-05-25,28,5.1
2020-05-26,29,5.3
2020-05-27,18,3.2
2020-05-28,51,9.2
2020-05-29,52,9.5
2020-05-30,23,4.2
2020-05-31,52,9.5
2020-06-01,63,15.8
2020-06-02,46,8.3
2020-06-03,61,14.6
2020-06-04,54,10.8
2020-06-05,29,5.2
2020-06-06,56,12.0
2020-06-07,58,12.9
2020-06-08,48,8.6
2020-06-09,74,21.5
2020-06-10,27,4.9
2020-06-11,49,8.9
2020-06-12,45,8.1
2020-06-13,52,9.6
2020-06-14,30,5.4
2020-06-15,70,19.1
2020-06-16,64,16.2
2020-06-17,55,11.0
2020-06-18,61,14.6
2020-06-19,53,10.0
2020-06-20,31,5.5
2020-06-21,32,5.7
2020-06-22,29,5.3
2020-06-23,25,4.5
2020-06-24,41,7.4
2020-06-25,51,9.2
2020-06-26,54,10.6
2020-06-27,110,39.0
2020-06-28,99,34.9
2020-06-29,65,16.4
2020-06-30,73,20.7
2020-07-01,74,21.5
2020-07-02,59,13.6
2020-07-03,55,11.2
2020-07-04,54,10.6
2020-07-05,53,10.0
2020-07-06,53,10.3
2020-07-07,51,9.2
2020-07-08,55,11.2
2020-07-09,61,14.3
2020-07-10,55,11.0
2020-07-11,51,9.1
2020-07-12,37,6.7
2020-07-13,38,6.8
2020-07-14,61,14.5
2020-07-15,67,17.7
2020-07-16,62,15.2
2020-07-17,69,18.9
2020-07-18,60,13.7
2020-07-19,55,11.3
2020-07-20,56,12.0
2020-07-21,42,7.5
2020-07-22,34,6.2
2020-07-23,34,6.2
2020-07-24,47,8.5
2020-07-25,32,5.8
2020-07-26,29,5.2
2020-07-27,36,6.4
2020-07-28,30,5.4
2020-07-29,32,5.7
2020-07-30,31,5.6
2020-07-31,53,10.4
2020-08-01,30,5.4
2020-08-02,53,10.4
2020-08-03,53,10.0
2020-08-04,27,4.8
2020-08-05,49,8.8
2020-08-06,68,18.0
2020-08-07,47,8.5
2020-08-08,59,13.5
2020-08-09,54,10.5
2020-08-10,63,15.5
2020-08-11,43,7.7
2020-08-12,53,10.4
2020-08-13,47,8.5
2020-08-14,62,14.9
2020-08-15,65,16.7
2020-08-16,50,9.0
2020-08-17,55,11.2
2020-08-18,42,7.6
2020-08-19,26,4.7
2020-08-20,57,12.3
2020-08-21,64,16.3
2020-08-22,49,8.9
2020-08-23,69,19.0
2020-08-24,74,21.7
2020-08-25,53,10.1
2020-08-26,56,11.6
2020-08-27,43,7.7
2020-08-28,39,7.0
2020-08-29,57,12.2
2020-08-30,54,10.6
2020-08-31,34,6.1
2020-09-01,28,5.0
2020-09-02,39,7.1
2020-09-03,48,8.6
2020-09-04,58,12.9
2020-09-05,54,10.7
2020-09-06,34,6.1
2020-09-07,64,16.2
2020-09-08,62,15.0
2020-09-09,3,0.6
2020-09-10,30,5.4
2020-09-11,52,9.6
2020-09-12,31,5.5
2020-09-13,58,13.1
2020-09-14,56,11.8
2020-09-15,19,3.4
2020-09-16,66,17.2
2020-09-17,70,19.3
2020-09-18,61,14.4
2020-09-19,96,33.5
2020-09-20,80,24.8
2020-09-21,58,13.0
2020-09-22,31,5.6
2020-09-23,31,5.5
2020-09-24,53,10.0
2020-09-25,52,9.7
2020-09-26,60,13.8
2020-09-27,61,14.5
2020-09-28,32,5.7
2020-09-29,22,4.0
2020-09-30,29,5.2
2020-10-01,35,6.3
2020-10-02,37,6.7
2020-10-03,32,5.7
2020-10-04,43,7.7
2020-10-05,52,9.7
2020-10-06,53,10.4
2020-10-07,81,25.1
2020-10-08,67,17.6
2020-10-09,53,10.2
2020-10-10,52,9.8
2020-10-11,53,10.4
2020-10-12,39,7.1
2020-10-13,31,5.5
2020-10-14,54,10.5
2020-10-15,21,3.8
2020-10-16,34,6.1
2020-10-17,41,7.4
2020-10-18,36,6.4
2020-10-19,53,10.2
2020-10-20,54,10.7
2020-10-21,42,7.6
2020-10-22,49,8.9
2020-10-23,27,4.9
2020-10-24,17,3.1
2020-10-25,52,9.7
2020-10-26,34,6.2
2020-10-27,,6.946667
2020-10-28,,8.342857
2020-10-29,48,8.6
2020-10-30,51,9.2
2020-10-31,52,9.6
2020-11-01,54,10.5
2020-11-02,30,5.4
2020-11-03,38,6.8
2020-11-04,37,6.7
2020-11-05,51,9.3
2020-11-06,59,13.5
2020-11-07,61,14.7
2020-11-08,41,7.3
2020-11-09,43,7.8
2020-11-10,40,7.2
2020-11-11,23,4.1
2020-11-12,44,7.9
2020-11-13,51,9.2
2020-11-14,42,7.6
2020-11-15,29,5.2
2020-11-16,54,10.7
2020-11-17,44,8.0
2020-11-18,61,14.3
2020-11-19,53,10.1
2020-11-20,44,8.0
2020-11-21,63,15.6
2020-11-22,54,10.9
2020-11-23,29,5.2
2020-11-24,54,10.8
2020-11-25,32,5.8
2020-11-26,23,4.1
2020-11-27,41,7.3
2020-11-28,58,13.0
2020-11-29,13,2.4
2020-11-30,24,4.4
2020-12-01,19,3.5
2020-12-02,34,6.1
2020-12-03,57,12.3
2020-12-04,36,6.4
2020-12-05,44,8.0
2020-12-06,29,5.2
2020-12-07,37,6.7
2020-12-08,27,4.8
2020-12-09,52,9.4
2020-12-10,41,7.4
2020-12-11,41,7.4
2020-12-12,53,10.3
2020-12-13,52,9.5
2020-12-14,64,15.9
2020-12-15,60,14.1
2020-12-16,66,17.0
2020-12-17,53,10.3
2020-12-18,44,8.0
2020-12-19,52,9.9
2020-12-20,45,8.1
2020-12-21,26,4.6
2020-12-22,29,5.2
2020-12-23,18,3.2
2020-12-24,27,4.8
2020-12-25,35,6.3
2020-12-26,16,2.8
2020-12-27,25,4.5
2020-12-28,41,7.4
2020-12-29,43,7.8
2020-12-30,33,5.9
2020-12-31,27,4.9
2021-01-01,20,3.6
2021-01-02,37,6.7
2021-01-03,59,13.2
2021-01-04,45,8.1
2021-01-05,31,5.6
2021-01-06,29,5.2
2021-01-07,29,5.3
2021-01-08,66,16.9
2021-01-09,72,20.4
2021-01-10,59,13.4
2021-01-11,56,11.8
2021-01-12,56,12.0
2021-01-13,53,10.1
2021-01-14,32,5.7
2021-01-15,23,4.2
2021-01-16,25,4.5
2021-01-17,29,5.2
2021-01-18,32,5.8
2021-01-19,19,3.4
2021-01-20,48,8.6
2021-01-21,58,12.9
2021-01-22,34,6.2
2021-01-23,52,9.9
2021-01-24,59,13.3
2021-01-25,18,3.2
2021-01-26,71,19.8
2021-01-27,64,16.1
2021-01-28,54,10.9
2021-01-29,62,14.8
2021-01-30,56,11.8
2021-01-31,53,10.2
2021-02-01,51,9.1
2021-02-02,32,5.8
2021-02-03,41,7.3
2021-02-04,39,7.1
2021-02-05,33,6.0
2021-02-06,34,6.2
2021-02-07,63,15.4
2021-02-08,54,10.8
2021-02-09,54,10.5
2021-02-10,65,16.4
2021-02-11,67,17.6
2021-02-12,52,9.9
2021-02-13,48,8.7
2021-02-14,41,7.4
2021-02-15,41,7.3
2021-02-16,53,10.3
2021-02-17,67,17.6
2021-02-18,75,21.9
2021-02-19,79,23.9
2021-02-20,77,23.3
2021-02-21,55,11.5
2021-02-22,33,6.0
2021-02-23,44,7.9
2021-02-24,19,3.4
2021-02-25,38,6.8
2021-02-26,53,10.3
2021-02-27,45,8.1
2021-02-28,38,6.9
2021-03-01,48,8.6
2021-03-02,55,11.0
2021-03-03,49,8.8
2021-03-04,58,12.8
2021-03-05,73,21.1
2021-03-06,58,12.9
2021-03-07,62,15.1
2021-03-08,67,17.7
2021-03-09,60,14.1
2021-03-10,56,11.6
2021-03-11,32,5.8
2021-03-12,68,18.1
2021-03-13,58,12.8
2021-03-14,52,9.6
2021-03-15,52,9.6
2021-03-16,63,15.3
2021-03-17,18,3.3
2021-03-18,46,8.3
2021-03-19,53,10.1
2021-03-20,48,8.7
2021-03-21,63,15.3
2021-03-22,59,13.4
2021-03-23,8,1.5
2021-03-24,17,3.0
2021-03-25,47,8.5
2021-03-26,22,4.0
2021-03-27,52,9.8
2021-03-28,42,7.5
2021-03-29,27,4.8
2021-03-30,51,9.1
2021-03-31,34,6.1
2021-04-01,64,16.0
2021-04-02,99,35.1
2021-04-03,63,15.7
2021-04-04,34,6.2
2021-04-05,54,10.7
2021-04-06,56,12.0
2021-04-07,19,3.5
2021-04-08,43,7.7
2021-04-09,65,16.7
2021-04-10,39,7.0
2021-04-11,55,11.2
2021-04-12,64,15.9
2021-04-13,59,13.6
2021-04-14,52,9.5
2021-04-15,65,16.4
2021-04-16,24,4.4
2021-04-17,49,8.9
2021-04-18,37,6.7
2021-04-19,33,5.9
2021-04-20,42,7.5
2021-04-21,41,7.3
2021-04-22,37,6.7
2021-04-23,67,17.7
2021-04-24,64,16.0
2021-04-25,32,5.8
2021-04-26,55,11.3
2021-04-27,66,16.9
2021-04-28,35,6.3
2021-04-29,65,16.7
2021-04-30,53,10.2
2021-05-01,42,7.5
2021-05-02,,16.14
2021-05-04,19,3.4
2021-05-05,,5.781818
2021-05-06,32,5.8
2021-05-07,35,6.3
2021-05-08,52,9.6
2021-05-09,29,5.3
2021-05-10,12,2.2
2021-05-11,41,7.3
2021-05-12,48,8.6
2021-05-13,36,6.4
2021-05-14,43,7.7
2021-05-15,52,9.7
2021-05-16,40,7.2
2021-05-17,36,6.5
2021-05-18,31,5.5
2021-05-19,17,3.1
2021-05-20,26,4.6
2021-05-21,32,5.8
2021-05-22,28,5.1
2021-05-23,53,10.1
2021-05-24,47,8.5
2021-05-25,22,4.0
2021-05-26,50,9.0
2021-05-27,51,9.1
2021-05-28,14,2.6
2021-05-29,22,4.0
2021-05-30,37,6.6
2021-05-31,24,4.3
2021-06-01,29,5.2
2021-06-02,43,7.7
2021-06-03,23,4.2
2021-06-04,41,7.4
2021-06-05,53,10.2
2021-06-06,32,5.8
2021-06-07,30,5.4
2021-06-08,38,6.9
2021-06-09,55,11.3
2021-06-10,64,16.1
2021-06-11,57,12.1
2021-06-12,37,6.6
2021-06-13,56,11.7
2021-06-14,44,7.9
2021-06-15,42,7.5
2021-06-16,62,15.1
2021-06-17,63,15.6
2021-06-18,57,12.2
2021-06-19,66,17.4
2021-06-20,57,12.2
2021-06-21,28,5.0
2021-06-22,37,6.7
2021-06-23,54,10.6
2021-06-24,55,11.3
2021-06-25,60,14.1
2021-06-26,41,7.4
2021-06-27,33,5.9
2021-06-28,31,5.6
2021-06-29,28,5.1
2021-06-30,26,4.7
2021-07-01,28,5.0
2021-07-02,33,5.9
2021-07-03,57,12.1
2021-07-04,75,22.1
2021-07-05,65,16.7
2021-07-06,53,10.4
2021-07-07,57,12.3
2021-07-08,55,11.0
2021-07-09,32,5.7
2021-07-10,30,5.4
2021-07-11,34,6.2
2021-07-12,33,5.9
2021-07-13,64,16.2
2021-07-14,56,11.9
2021-07-15,49,8.8
2021-07-16,51,9.3
2021-07-17,59,13.6
2021-07-18,58,12.7
2021-07-19,52,9.5
2021-07-20,63,15.3
2021-07-21,67,17.9
2021-07-22,83,26.1
2021-07-23,58,12.6
2021-07-24,65,16.7
2021-07-25,77,23.3
2021-07-26,54,10.6
2021-07-27,54,10.8
2021-07-28,60,14.0
2021-07-29,71,19.6
2021-07-30,63,15.6
2021-07-31,66,17.2
2021-08-01,72,20.4
2021-08-02,131,47.7
2021-08-03,81,25.0
2021-08-04,89,29.6
2021-08-05,65,16.8
2021-08-06,66,17.2
2021-08-07,58,12.8
2021-08-08,49,8.8
2021-08-09,53,10.1
2021-08-10,52,9.6
2021-08-11,50,9.0
2021-08-12,45,8.1
2021-08-13,39,7.0
2021-08-14,29,5.3
2021-08-15,43,7.7
2021-08-16,52,9.7
2021-08-17,34,6.1
2021-08-18,30,5.4
2021-08-19,41,7.4
2021-08-20,53,10.4
2021-08-21,51,9.3
2021-08-22,49,8.9
2021-08-23,55,11.3
2021-08-24,52,9.6
2021-08-25,51,9.2
2021-08-26,54,10.6
2021-08-27,63,15.4
2021-08-28,65,16.5
2021-08-29,42,7.5
2021-08-30,49,8.8
2021-08-31,54,10.5
2021-09-01,49,8.8
2021-09-02,65,16.4
2021-09-03,63,15.3
2021-09-04,49,8.8
2021-09-05,56,11.8
2021-09-06,61,14.2
2021-09-07,56,11.9
2021-09-08,52,9.4
2021-09-09,54,10.6
2021-09-10,49,8.8
2021-09-11,58,12.6
2021-09-12,63,15.7
2021-09-13,52,9.5
2021-09-14,54,10.6
2021-09-15,46,8.3
2021-09-16,47,8.4
2021-09-17,57,12.1
2021-09-18,58,13.1
2021-09-19,39,7.0
2021-09-20,57,12.1
2021-09-21,33,5.9
2021-09-22,28,5.1
2021-09-23,41,7.4
2021-09-24,45,8.1
2021-09-25,43,7.7
2021-09-26,53,10.3
2021-09-27,58,12.9
2021-09-28,44,7.9
2021-09-29,51,9.2
2021-09-30,48,8.7
2021-10-01,38,6.8
2021-10-02,47,8.5
2021-10-03,52,9.9
2021-10-04,36,6.4
2021-10-05,53,10.1
2021-10-06,51,9.2
2021-10-07,46,8.2
2021-10-08,57,12.1
2021-10-09,55,11.0
2021-10-10,30,5.4
2021-10-11,52,9.5
2021-10-12,53,10.1
2021-10-13,37,6.7
2021-10-14,36,6.5
2021-10-15,25,4.5
2021-10-16,34,6.2
2021-10-17,33,6.0
2021-10-18,34,6.1
2021-10-19,33,6.0
2021-10-20,43,7.7
2021-10-21,34,6.2
2021-10-22,31,5.5
2021-10-23,54,10.7
2021-10-24,34,6.2
2021-10-25,38,6.8
2021-10-26,53,10.3
2021-10-27,23,4.2
2021-10-28,7,1.2
2021-10-29,14,2.6
2021-10-30,32,5.7
2021-10-31,16,2.9
2021-11-01,31,5.5
2021-11-02,34,6.2
2021-11-03,21,3.7
2021-11-04,43,7.7
2021-11-05,39,7.0
2021-11-06,53,10.0
2021-11-07,52,9.8
2021-11-08,52,9.5
2021-11-09,49,8.8
2021-11-10,53,10.4
2021-11-11,28,5.0
2021-11-12,21,3.8
2021-11-13,28,5.0
2021-11-14,31,5.5
2021-11-15,32,5.7
2021-11-16,48,8.7
2021-11-17,32,5.7
2021-11-18,31,5.5
2021-11-19,31,5.6
2021-11-20,42,7.6
2021-11-21,24,4.4
2021-11-22,42,7.5
2021-11-23,38,6.8
2021-11-24,34,6.1
2021-11-25,49,8.8
2021-11-26,43,7.7
2021-11-27,25,4.5
2021-11-28,36,6.4
2021-11-29,40,7.2
2021-11-30,33,6.0
2021-12-01,47,8.4
2021-12-02,52,9.5
2021-12-03,46,8.2
2021-12-04,63,15.4
2021-12-05,61,14.5
2021-12-06,19,3.4
2021-12-07,37,6.7
2021-12-08,56,11.9
2021-12-09,37,6.6
2021-12-10,51,9.3
2021-12-11,26,4.6
2021-12-12,16,2.9
2021-12-13,33,5.9
2021-12-14,52,9.9
2021-12-15,30,5.4
2021-12-16,62,15.1
2021-12-17,66,17.0
2021-12-18,47,8.5
2021-12-19,52,9.5
2021-12-20,52,9.5
2021-12-21,42,7.6
2021-12-22,61,14.5
2021-12-23,58,12.9
2021-12-24,26,4.6
2021-12-25,14,2.5
2021-12-26,50,9.0
2021-12-27,17,3.1
2021-12-28,29,5.2
2021-12-29,49,8.9
2021-12-30,27,4.8
2021-12-31,26,4.7
2022-01-01,56,11.8
2022-01-02,39,7.1
2022-01-03,47,8.4
2022-01-04,35,6.3
2022-01-05,43,7.8
2022-01-06,37,6.6
2022-01-07,55,11.3
2022-01-08,66,17.0
2022-01-09,53,10.2
2022-01-10,44,7.9
2022-01-11,29,5.2
2022-01-12,49,8.8
2022-01-13,41,7.4
2022-01-14,51,9.1
2022-01-15,52,9.4
2022-01-16,60,13.8
2022-01-17,28,5.1
2022-01-18,55,11.1
2022-01-19,54,10.5
2022-01-20,38,6.9
2022-01-21,53,10.1
2022-01-22,62,15.0
2022-01-23,23,4.2
2022-01-24,42,7.5
2022-01-25,38,6.9
2022-01-26,52,9.7
2022-01-27,69,19.0
2022-01-28,44,8.0
2022-01-29,21,3.7
2022-01-30,42,7.6
2022-01-31,54,10.8
2022-02-01,17,3.0
2022-02-02,38,6.9
2022-02-03,32,5.7
2022-02-04,34,6.1
2022-02-05,54,10.7
2022-02-06,57,12.2
2022-02-07,17,3.1
2022-02-08,38,6.8
2022-02-09,51,9.2
2022-02-10,25,4.5
2022-02-11,52,9.5
2022-02-12,32,5.7
2022-02-13,17,3.0
2022-02-14,32,5.8
2022-02-15,42,7.5
2022-02-16,27,4.9
2022-02-17,54,10.5
2022-02-18,50,9.0
2022-02-19,19,3.5
2022-02-20,51,9.2
2022-02-21,53,10.2
2022-02-22,32,5.7
2022-02-23,49,8.9
2022-02-24,57,12.5
2022-02-25,46,8.2
2022-02-26,76,22.4
2022-02-27,64,15.9
2022-02-28,56,11.6
2022-03-01,56,11.6
2022-03-02,63,15.8
2022-03-03,73,20.8
2022-03-04,52,9.4
2022-03-05,55,11.0
2022-03-06,36,6.5
2022-03-07,49,8.8
2022-03-08,56,11.9
2022-03-09,47,8.4
2022-03-10,70,19.1
2022-03-11,61,14.2
2022-03-12,32,5.7
2022-03-13,39,7.1
2022-03-14,53,10.4
2022-03-15,39,7.0
2022-03-16,73,21.0
2022-03-17,66,17.3
2022-03-18,23,4.2
2022-03-19,31,5.5
2022-03-20,52,9.9
2022-03-21,31,5.6
2022-03-22,19,3.4
2022-03-23,21,3.7
2022-03-24,17,3.0
2022-03-25,38,6.8
2022-03-26,43,7.8
2022-03-27,55,11.5
2022-03-28,60,13.7
2022-03-29,56,11.8
2022-03-30,33,5.9
2022-03-31,34,6.2
2022-04-01,39,7.0
2022-04-02,26,4.6
2022-04-03,53,10.2
2022-04-04,68,18.4
2022-04-05,41,7.4
2022-04-06,34,6.2
2022-04-07,36,6.4
2022-04-08,2,0.4
2022-04-09,40,7.2
2022-04-10,58,12.9
2022-04-11,19,3.5
2022-04-12,67,17.7
2022-04-13,32,5.8
2022-04-14,52,9.7
2022-04-15,69,18.5
2022-04-16,62,15.2
2022-04-17,44,8.0
2022-04-18,36,6.4
2022-04-19,49,8.9
2022-04-20,29,5.2
2022-04-21,60,14.0
2022-04-22,62,15.1
2022-04-23,43,7.7
2022-04-24,34,6.1
2022-04-25,31,5.5
2022-04-26,36,6.4
2022-04-27,44,7.9
2022-04-28,49,8.8
2022-04-29,33,6.0
2022-04-30,29,5.2
2022-05-01,36,6.4
2022-05-02,38,6.8
2022-05-03,24,4.4
2022-05-04,41,7.3
2022-05-05,8,1.5
2022-05-06,36,6.5
2022-05-07,55,11.4
2022-05-08,69,19.0
2022-05-09,84,27.0
2022-05-10,79,24.3
2022-05-11,52,9.5
2022-05-12,57,12.4
2022-05-13,57,12.3
2022-05-14,52,9.4
2022-05-15,53,10.0
2022-05-16,32,5.8
2022-05-17,57,12.3
2022-05-18,58,13.0
2022-05-19,60,14.0
2022-05-20,54,10.7
2022-05-21,24,4.3
2022-05-22,23,4.1
2022-05-23,21,3.7
2022-05-24,23,4.1
2022-05-25,5,0.9
2022-05-26,15,2.7
2022-05-27,35,6.3
2022-05-28,52,9.4
2022-05-29,55,11.4
2022-05-30,56,11.9
2022-05-31,52,9.6
2022-06-01,19,3.4
2022-06-02,28,5.1
2022-06-03,37,6.6
2022-06-04,47,8.4
2022-06-05,46,8.2
2022-06-06,54,10.5
2022-06-07,39,7.0
2022-06-08,36,6.5
2022-06-09,37,6.7
2022-06-10,23,4.2
2022-06-11,54,10.5
2022-06-12,53,10.0
2022-06-13,80,24.5
2022-06-14,90,30.2
2022-06-15,68,18.4
2022-06-16,85,27.6
2022-06-17,99,34.9
2022-06-18,74,21.3
2022-06-19,60,13.7
2022-06-20,59,13.5
2022-06-21,67,17.7
2022-06-22,62,15.1
2022-06-23,67,17.6
2022-06-24,65,16.4
2022-06-25,54,10.8
2022-06-26,42,7.6
2022-06-27,54,10.5
2022-06-28,39,7.0
2022-06-29,54,10.7
2022-06-30,60,13.7
2022-07-01,48,8.7
2022-07-02,49,8.8
2022-07-03,52,9.8
2022-07-04,44,8.0
2022-07-05,52,9.9
2022-07-06,57,12.5
2022-07-07,44,8.0
2022-07-08,48,8.7
2022-07-09,38,6.8
2022-07-10,30,5.4
2022-07-11,55,11.2
2022-07-12,47,8.5
2022-07-13,38,6.9
2022-07-14,54,10.8
2022-07-15,53,10.0
2022-07-16,41,7.4
2022-07-17,52,9.6
2022-07-18,54,10.5
2022-07-19,57,12.5
2022-07-20,63,15.7
2022-07-21,57,12.4
2022-07-22,55,11.2
2022-07-23,58,12.7
2022-07-24,54,10.9
2022-07-25,37,6.7
2022-07-26,39,7.0
2022-07-27,40,7.2
2022-07-28,35,6.3
2022-07-29,41,7.3
2022-07-30,45,8.1
2022-07-31,55,11.2
2022-08-01,57,12.3
2022-08-02,42,7.5
2022-08-03,41,7.4
2022-08-06,56,12.0
2022-08-09,42,7.5
2022-08-11,,7.107692
2022-08-12,37,6.7
2022-08-13,53,10.2
2022-08-14,54,10.7
2022-08-15,39,7.1
2022-08-16,51,9.1
2022-08-17,32,5.8
2022-08-18,25,4.5
2022-08-19,45,8.1
2022-08-20,41,7.3
2022-08-21,30,5.4
2022-08-22,46,8.2
2022-08-23,43,7.8
2022-08-24,36,6.5
2022-08-25,52,9.6
2022-08-26,51,9.2
2022-08-27,29,5.3
2022-08-28,36,6.5
2022-08-29,23,4.2
2022-08-30,22,3.9
2022-08-31,35,6.3
2022-09-01,30,5.4
2022-09-02,28,5.0
2022-09-03,31,5.5
2022-09-04,37,6.6
2022-09-05,37,6.7
2022-09-06,47,8.4
2022-09-07,47,8.4
2022-09-08,37,6.7
2022-09-09,52,9.9
2022-09-10,53,10.4
2022-09-11,27,4.8
2022-09-12,46,8.2
2022-09-13,56,11.6
2022-09-14,48,8.6
2022-09-15,53,10.0
2022-09-16,56,11.6
2022-09-17,32,5.8
2022-09-18,31,5.5
2022-09-19,38,6.8
2022-09-20,32,5.8
2022-09-21,32,5.7
2022-09-22,43,7.7
2022-09-23,40,7.2
2022-09-24,58,13.1
2022-09-25,52,9.5
2022-09-26,29,5.2
2022-09-27,46,8.2
2022-09-28,52,9.9
2022-09-29,54,10.5
2022-09-30,57,12.4
2022-10-01,51,9.2
2022-10-02,36,6.4
2022-10-03,44,8.0
2022-10-04,52,9.6
2022-10-05,52,9.8
2022-10-06,52,9.4
2022-10-07,60,13.9
2022-10-08,19,3.5
2022-10-09,55,11.2
2022-10-10,66,16.9
2022-10-11,39,7.1
2022-10-12,37,6.7
2022-10-13,32,5.7
2022-10-14,27,4.8
2022-10-15,47,8.5
2022-10-16,36,6.5
2022-10-17,22,3.9
2022-10-18,32,5.7
2022-10-19,45,8.1
2022-10-20,33,6.0
2022-10-21,37,6.6
2022-10-22,31,5.6
2022-10-23,29,5.3
2022-10-24,31,5.6
2022-10-25,22,3.9
2022-10-26,30,5.4
2022-10-27,30,5.4
2022-10-28,53,10.3
2022-10-29,52,9.7
2022-10-30,61,14.2
2022-10-31,49,8.8
2022-11-01,35,6.3
2022-11-02,58,13.0
2022-11-03,58,13.0
2022-11-04,20,3.6
2022-11-05,20,3.6
2022-11-06,29,5.3
2022-11-07,41,7.4
2022-11-08,53,10.3
2022-11-09,56,11.6
2022-11-10,22,3.9
2022-11-11,19,3.5
2022-11-12,37,6.7
2022-11-13,15,2.7
2022-11-14,35,6.3
2022-11-15,53,10.1
2022-11-16,39,7.0
2022-11-17,40,7.2
2022-11-18,21,3.8
2022-11-19,31,5.5
2022-11-20,50,9.0
2022-11-21,39,7.1
2022-11-22,23,4.2
2022-11-23,52,9.9
2022-11-24,44,7.9
2022-11-25,41,7.4
2022-11-26,41,7.4
2022-11-27,28,5.0
2022-11-28,24,4.3
2022-11-29,27,4.8
2022-11-30,22,4.0
2022-12-01,19,3.4
2022-12-02,37,6.7
2022-12-03,34,6.2
2022-12-04,24,4.4
2022-12-05,52,9.8
2022-12-06,52,9.4
2022-12-07,55,11.2
2022-12-08,52,9.5
2022-12-09,51,9.2
2022-12-10,47,8.5
2022-12-11,52,9.6
2022-12-12,38,6.9
2022-12-13,11,1.9
2022-12-14,24,4.3
2022-12-15,24,4.3
2022-12-16,22,4.0
2022-12-17,32,5.7
2022-12-18,36,6.4
2022-12-19,19,3.4
2022-12-20,55,11.4
2022-12-21,65,16.6
2022-12-22,35,6.3
2022-12-23,28,5.0
2022-12-24,33,5.9
2022-12-25,41,7.3
2022-12-26,31,5.5
2022-12-27,37,6.6
2022-12-28,34,6.1
2022-12-29,22,4.0
2022-12-30,16,2.8
2022-12-31,28,5.0
2023-01-01,41,7.3
2023-01-02,68,18.1
2023-01-03,9,1.7
2023-01-04,23,4.2
2023-01-05,26,4.7
2023-01-06,37,6.6
2023-01-07,53,10.0
2023-01-08,60,14.0
2023-01-09,32,5.8
2023-01-10,48,8.6
2023-01-11,55,11.0
2023-01-12,32,5.8
2023-01-13,47,8.5
2023-01-14,45,8.1
2023-01-15,27,4.8
2023-01-16,31,5.6
2023-01-17,44,7.9
2023-01-18,23,4.1
2023-01-19,18,3.3
2023-01-20,36,6.4
2023-01-21,28,5.0
2023-01-22,49,8.8
2023-01-23,53,10.4
2023-01-24,25,4.5
2023-01-25,51,9.3
2023-01-26,30,5.4
2023-01-27,12,2.1
2023-01-28,33,5.9
2023-01-29,42,7.5
2023-01-30,13,2.3
2023-01-31,33,5.9
2023-02-01,50,9.0
2023-02-02,40,7.2
2023-02-03,56,11.7
2023-02-04,45,8.1
2023-02-05,17,3.1
2023-02-06,44,8.0
2023-02-07,17,3.0
2023-02-08,12,2.2
2023-02-09,33,6.0
2023-02-10,17,3.0
2023-02-11,43,7.7
2023-02-12,25,4.5
2023-02-13,31,5.6
2023-02-14,55,11.4
2023-02-15,55,11.1
2023-02-16,26,4.6
2023-02-17,23,4.1
2023-02-18,27,4.9
2023-02-19,24,4.4
2023-02-20,36,6.4
2023-02-21,52,9.7
2023-02-22,41,7.3
2023-02-23,33,6.0
2023-02-24,52,9.5
2023-02-25,68,18.4
2023-02-26,76,22.5
2023-02-27,60,13.7
2023-02-28,32,5.7
2023-03-01,35,6.3
2023-03-02,,11.9625
2023-03-04,28,5.0
2023-03-07,39,7.0
2023-03-08,62,14.8
2023-03-09,58,13.0
2023-03-10,21,3.7
2023-03-11,55,11.1
2023-03-12,45,8.1
2023-03-13,22,4.0
2023-03-14,43,7.8
2023-03-15,57,12.5
2023-03-16,27,4.8
2023-03-17,28,5.0
2023-03-18,31,5.5
2023-03-19,20,3.6
2023-03-20,42,7.6
2023-03-21,41,7.4
2023-03-22,25,4.5
2023-03-23,55,11.1
2023-03-24,58,12.8
2023-03-25,33,6.0
2023-03-26,31,5.6
2023-03-27,52,9.4
2023-03-28,50,9.0
2023-03-29,59,13.3
2023-03-30,58,13.0
2023-03-31,46,8.3
2023-04-01,25,4.5
2023-04-02,41,7.4
2023-04-03,36,6.4
2023-04-04,68,18.3
2023-04-05,22,3.9
2023-04-06,31,5.5
2023-04-07,43,7.7
2023-04-08,35,6.3
2023-04-09,43,7.7
2023-04-10,51,9.2
2023-04-11,43,7.7
2023-04-12,37,6.7
2023-04-13,41,7.3
2023-04-14,44,8.0
2023-04-15,30,5.4
2023-04-16,27,4.8
2023-04-17,42,7.5
2023-04-18,51,9.1
2023-04-19,53,10.1
2023-04-20,54,10.8
2023-04-21,32,5.7
2023-04-22,36,6.5
2023-04-23,40,7.2
2023-04-24,38,6.8
2023-04-25,47,8.5
2023-04-26,29,5.2
2023-04-27,22,4.0
2023-04-28,52,9.4
2023-04-29,27,4.8
2023-04-30,19,3.4
2023-05-01,27,4.9
2023-05-02,41,7.3
2023-05-03,37,6.7
2023-05-04,52,9.9
2023-05-05,57,12.5
2023-05-06,57,12.1
2023-05-07,58,12.6
2023-05-08,55,11.2
2023-05-09,60,13.9
2023-05-10,54,10.7
2023-05-11,52,9.8
2023-05-12,77,23.2
2023-05-13,31,5.6
2023-05-14,38,6.8
2023-05-15,43,7.8
2023-05-16,,8.255556
2023-05-17,29,5.2
2023-05-18,31,5.6
2023-05-19,67,17.9
2023-05-20,65,16.8
2023-05-21,51,9.2
2023-05-22,71,19.6
2023-05-23,77,22.9
2023-05-24,64,16.1
2023-05-25,62,14.9
2023-05-26,67,17.9
2023-05-27,66,17.2
2023-05-28,65,16.7
2023-05-29,60,13.8
2023-05-30,53,10.0
2023-05-31,60,14.0
2023-06-01,67,17.5
2023-06-02,57,12.1
2023-06-03,31,5.5
2023-06-04,54,10.6
2023-06-05,55,11.2
2023-06-06,62,15.0
2023-06-07,63,15.4
2023-06-08,44,8.0
2023-06-09,49,8.8
2023-06-10,31,5.6
2023-06-11,31,5.5
2023-06-12,61,14.3
2023-06-13,59,13.3
2023-06-14,38,6.9
2023-06-15,37,6.6
2023-06-16,26,4.6
2023-06-17,32,5.7
2023-06-18,22,3.9
2023-06-19,29,5.2
2023-06-20,58,12.7
2023-06-21,58,13.0
2023-06-22,59,13.3
2023-06-23,31,5.5
2023-06-24,56,11.7
2023-06-25,51,9.1
2023-06-26,44,8.0
2023-06-27,58,12.8
2023-06-28,56,12.0
2023-06-29,51,9.3
2023-06-30,50,9.0
2023-07-01,32,5.8
2023-07-02,32,5.7
2023-07-03,35,6.3
2023-07-04,43,7.8
2023-07-05,31,5.5
2023-07-06,23,4.2
2023-07-07,23,4.2
2023-07-08,23,4.1
2023-07-09,29,5.3
2023-07-10,39,7.1
2023-07-11,21,3.8
2023-07-12,55,11.0
2023-07-13,54,10.6
2023-07-14,43,7.7
2023-07-15,28,5.1
2023-07-16,37,6.7
2023-07-17,63,15.5
2023-07-18,59,13.2
2023-07-19,61,14.2
2023-07-20,67,17.7
2023-07-21,43,7.8
2023-07-22,54,10.8
2023-07-23,49,8.8
2023-07-24,58,12.7
2023-07-25,56,11.6
2023-07-26,61,14.2
2023-07-27,69,19.0
2023-07-28,68,18.2
2023-07-29,64,15.9
2023-07-30,65,16.7
2023-07-31,62,15.0
2023-08-01,63,15.6
2023-08-02,57,12.3
2023-08-03,54,10.5
2023-08-04,47,8.5
2023-08-05,30,5.4
2023-08-06,26,4.6
2023-08-07,52,9.5
2023-08-08,43,7.7
2023-08-09,42,7.6
2023-08-10,32,5.8
2023-08-11,54,10.6
2023-08-12,51,9.1
2023-08-13,52,9.7
2023-08-14,24,4.3
2023-08-15,32,5.7
2023-08-16,36,6.5
2023-08-17,46,8.3
2023-08-18,57,12.3
2023-08-19,52,9.5
2023-08-20,58,13.0
2023-08-21,63,15.3
2023-08-22,66,17.3
2023-08-25,65,16.5
2023-08-28,43,7.7
2023-08-31,60,14.1
2023-09-03,57,12.1
2023-09-06,67,17.7
2023-09-09,58,12.9
2023-09-12,30,5.4
2023-09-15,48,8.7
2023-09-18,36,6.5
2023-09-21,43,7.8
2023-09-24,26,4.7
2023-09-27,45,8.1
2023-09-30,48,8.6
2023-10-03,53,10.1
2023-10-06,23,4.1
2023-10-09,33,5.9
2023-10-10,,5.857143
2023-10-11,27,4.8
2023-10-12,32,5.7
2023-10-13,26,4.7
2023-10-14,14,2.5
2023-10-15,11,1.9
2023-10-16,27,4.8
2023-10-17,36,6.5
2023-10-18,29,5.3
2023-10-19,30,5.4
2023-10-20,27,4.9
2023-10-21,36,6.5
2023-10-22,48,8.7
2023-10-23,52,9.5
2023-10-24,21,3.7
2023-10-25,42,7.6
2023-10-26,29,5.2
2023-10-27,22,3.9
2023-10-28,30,5.4
2023-10-29,39,7.0
2023-10-30,32,5.7
2023-10-31,34,6.1
2023-11-01,24,4.4
2023-11-02,27,4.9
2023-11-03,38,6.9
2023-11-04,53,10.2
2023-11-05,41,7.3
2023-11-06,39,7.0
2023-11-07,,6.623077
2023-11-08,42,7.5
2023-11-11,30,5.4
2023-11-14,40,7.2
2023-11-17,54,10.6
2023-11-20,29,5.2
2023-11-23,17,3.0
2023-11-26,27,4.9
2023-11-29,19,3.4
2023-12-02,51,9.2
2023-12-05,14,2.6
2023-12-06,28,5.1
2023-12-07,44,7.9
2023-12-08,25,4.5
2023-12-09,16,2.8
2023-12-10,17,3.1
2023-12-11,17,3.1
2023-12-12,52,9.4
2023-12-13,59,13.4
2023-12-14,38,6.8
2023-12-15,54,10.6
2023-12-16,53,10.1
2023-12-17,29,5.2
2023-12-18,27,4.8
2023-12-19,28,5.1
2023-12-20,40,7.2
2023-12-21,59,13.2
2023-12-22,58,12.7
2023-12-23,36,6.4
2023-12-24,17,3.1
2023-12-25,8,1.5
2023-12-26,8,1.5
2023-12-27,20,3.6
2023-12-28,34,6.1
2023-12-29,14,2.6
2023-12-30,37,6.6
2023-12-31,52,9.7
2024-01-01,52,9.6
2024-01-02,66,17.2
2024-01-03,72,20.4
2024-01-04,52,9.9
2024-01-05,66,16.9
2024-01-06,55,11.3
2024-01-07,11,2.0
2024-01-08,29,5.2
2024-01-09,45,8.1
2024-01-10,19,3.5
2024-01-11,38,6.8
2024-01-12,51,9.1
2024-01-13,29,5.3
2024-01-14,36,6.4
2024-01-15,23,4.2
2024-01-16,24,4.3
2024-01-17,41,7.3
2024-01-18,57,12.3
2024-01-19,32,5.7
2024-01-20,38,6.9
2024-01-21,46,8.3
2024-01-22,53,10.0
2024-01-23,43,7.8
2024-01-24,47,8.4
2024-01-25,36,6.5
2024-01-26,48,8.7
2024-01-27,54,10.5
2024-01-28,26,4.7
2024-01-29,33,6.0
2024-01-30,33,5.9
2024-01-31,33,6.0
2024-02-01,39,7.1
2024-02-02,46,8.2
2024-02-03,11,2.0
2024-02-04,18,3.2
2024-02-05,67,17.6
2024-02-06,41,7.3
2024-02-07,32,5.8
2024-02-08,18,3.3
2024-02-09,13,2.3
2024-02-10,22,3.9
2024-02-11,26,4.6
2024-02-12,23,4.2
2024-02-13,28,5.0
2024-02-14,26,4.6
2024-02-15,27,4.8
2024-02-16,36,6.5
2024-02-17,34,6.2
2024-02-18,31,5.5
2024-02-19,37,6.6
2024-02-20,53,10.2
2024-02-21,35,6.3
2024-02-22,51,9.2
2024-02-23,18,3.3
2024-02-24,13,2.3
2024-02-25,32,5.8
2024-02-26,31,5.5
2024-02-27,31,5.6
2024-02-28,22,3.9
2024-02-29,35,6.3
2024-03-01,46,8.2
2024-03-02,52,9.5
2024-03-03,47,8.4
2024-03-04,40,7.2
2024-03-05,47,8.4
2024-03-06,58,12.9
2024-03-07,42,7.6
2024-03-08,34,6.2
2024-03-09,24,4.3
2024-03-10,21,3.7
2024-03-11,33,6.0
2024-03-12,36,6.4
2024-03-13,33,6.0
2024-03-14,51,9.1
2024-03-15,25,4.5
2024-03-16,42,7.5
2024-03-17,35,6.3
2024-03-18,24,4.4
2024-03-19,27,4.8
2024-03-20,29,5.3
2024-03-21,44,8.0
2024-03-22,60,13.9
2024-03-23,58,13.1
2024-03-24,62,15.2
2024-03-25,36,6.5
2024-03-26,29,5.3
2024-03-27,44,7.9
2024-03-28,32,5.8
2024-03-29,27,4.8
2024-03-30,36,6.5
2024-03-31,49,8.8
2024-04-01,63,15.5
2024-04-02,23,4.2
2024-04-03,12,2.1
2024-04-04,55,11.2
2024-04-05,82,26.0
2024-04-06,46,8.2
2024-04-07,19,3.4
2024-04-08,53,10.1
2024-04-09,70,19.3
2024-04-10,49,8.9
2024-04-11,24,4.4
2024-04-12,27,4.9
2024-04-13,32,5.7
2024-04-14,39,7.0
2024-04-15,52,9.6
2024-04-16,42,7.5
2024-04-17,57,12.4
2024-04-18,45,8.1
2024-04-19,19,3.4
2024-04-20,29,5.3
2024-04-21,22,4.0
2024-04-22,34,6.1
2024-04-23,37,6.6
2024-04-24,41,7.4
2024-04-25,52,9.5
2024-04-26,54,10.8
2024-04-27,64,16.2
2024-04-28,26,4.6
2024-04-29,22,3.9
2024-04-30,56,11.9
2024-05-01,30,5.4
2024-05-02,21,3.7
2024-05-03,26,4.7
2024-05-04,26,4.7
2024-05-05,13,2.4
2024-05-06,51,9.3
2024-05-07,30,5.4
2024-05-08,52,9.9
2024-05-09,17,3.1
2024-05-10,23,4.2
2024-05-11,34,6.1
2024-05-12,36,6.5
2024-05-13,17,3.0
2024-05-14,77,23.1
2024-05-15,59,13.4
2024-05-16,28,5.1
2024-05-17,52,9.8
2024-05-18,37,6.6
2024-05-19,53,10.4
2024-05-20,56,11.8
2024-05-21,57,12.3
2024-05-22,16,2.9
2024-05-23,54,10.9
2024-05-24,52,9.6
2024-05-25,62,14.9
2024-05-26,66,17.2
2024-05-27,41,7.4
2024-05-28,28,5.1
2024-05-29,36,6.5
2024-05-30,42,7.6
2024-05-31,33,6.0
2024-06-01,33,5.9
2024-06-02,27,4.9
2024-06-03,24,4.4
2024-06-04,40,7.2
2024-06-05,24,4.3
2024-06-06,27,4.8
2024-06-07,36,6.4
2024-06-08,52,9.6
2024-06-09,26,4.6
2024-06-10,20,3.6
2024-06-11,41,7.3
2024-06-12,54,10.7
2024-06-13,56,11.8
2024-06-14,54,10.6
2024-06-15,61,14.3
2024-06-16,60,14.0
2024-06-17,54,10.5
2024-06-18,36,6.5
2024-06-19,46,8.2
2024-06-20,44,8.0
2024-06-21,50,9.0
2024-06-22,39,7.0
2024-06-23,36,6.5
2024-06-24,51,9.3
2024-06-25,34,6.1
2024-06-26,,5.03125
2024-06-27,19,3.5
2024-06-28,41,7.3
2024-06-29,53,10.4
2024-06-30,37,6.7
2024-07-01,51,9.3
2024-07-02,67,17.6
2024-07-03,68,18.2
2024-07-04,58,12.6
2024-07-05,27,4.9
2024-07-06,,6.605882
2024-07-08,23,4.2
2024-07-11,47,8.5
2024-07-12,58,12.9
2024-07-13,43,7.8
2024-07-14,62,14.8
2024-07-15,72,20.2
2024-07-16,60,14.0
2024-07-17,30,5.4
2024-07-18,51,9.3
2024-07-19,56,12.0
2024-07-20,54,10.7
2024-07-21,54,10.5
2024-07-22,46,8.3
2024-07-23,48,8.7
2024-07-24,57,12.2
2024-07-25,61,14.7
2024-07-26,52,9.8
2024-07-27,32,5.8
2024-07-28,47,8.4
2024-07-29,38,6.9
2024-07-30,51,9.3
2024-07-31,69,18.7
2024-08-01,99,34.6
2024-08-02,71,19.7
2024-08-03,52,9.7
2024-08-04,51,9.3
2024-08-05,59,13.2
2024-08-06,61,14.4
2024-08-07,51,9.3
2024-08-08,52,9.8
2024-08-09,53,10.2
2024-08-10,26,4.6
2024-08-11,,8.0
2024-08-13,,8.353333
2024-08-14,47,8.4
2024-08-15,36,6.5
2024-08-16,42,7.5
2024-08-17,36,6.4
2024-08-18,32,5.8
2024-08-19,41,7.4
2024-08-20,54,10.8
2024-08-21,63,15.8
2024-08-22,55,11.4
2024-08-23,60,13.8
2024-08-24,52,9.8
2024-08-25,61,14.2
2024-08-26,62,14.9
2024-08-27,54,10.5
2024-08-28,29,5.3
2024-08-29,34,6.2
2024-08-30,26,4.6
2024-08-31,30,5.4
2024-09-01,33,6.0
2024-09-02,38,6.8
2024-09-03,53,10.0
2024-09-04,54,10.6
2024-09-05,51,9.2
2024-09-06,47,8.4
2024-09-07,38,6.8
2024-09-08,33,6.0
2024-09-09,31,5.6
2024-09-10,44,7.9
2024-09-11,52,9.6
2024-09-12,52,9.5
2024-09-13,54,10.9
2024-09-14,36,6.5
2024-09-15,19,3.4
2024-09-16,16,2.9
2024-09-17,19,3.4
2024-09-18,47,8.4
2024-09-19,37,6.7
2024-09-20,38,6.8
2024-09-21,33,6.0
2024-09-22,19,3.5
2024-09-23,39,7.1
2024-09-24,31,5.6
2024-09-25,29,5.3
2024-09-26,26,4.7
2024-09-27,29,5.2
2024-09-28,38,6.8
2024-09-29,38,6.9
2024-09-30,39,7.0
2024-10-01,37,6.6
2024-10-02,34,6.2
2024-10-03,45,8.1
2024-10-04,59,13.5
2024-10-05,56,11.7
2024-10-06,51,9.2
2024-10-07,39,7.0
2024-10-08,49,8.9
2024-10-09,44,7.9
2024-10-10,55,11.0
2024-10-11,51,9.1
2024-10-12,53,10.2
2024-10-13,54,10.7
2024-10-14,27,4.9
2024-10-15,37,6.6
2024-10-16,21,3.8
2024-10-17,29,5.2
2024-10-18,32,5.8
2024-10-19,37,6.7
2024-10-20,52,9.7
2024-10-21,45,8.1
2024-10-22,44,8.0
2024-10-23,50,9.0
2024-10-24,36,6.5
2024-10-25,46,8.3
2024-10-26,33,6.0
2024-10-27,52,9.7
2024-10-28,54,10.8
2024-10-29,51,9.1
2024-10-30,36,6.4
2024-10-31,23,4.2
2024-11-01,33,6.0
2024-11-02,24,4.3
2024-11-03,15,2.7
2024-11-04,20,3.6
2024-11-05,12,2.2
2024-11-06,25,4.5
2024-11-07,25,4.5
2024-11-08,21,3.7
2024-11-09,11,1.9
2024-11-10,18,3.2
2024-11-11,37,6.6
2024-11-12,21,3.7
2024-11-13,22,3.9
2024-11-14,18,3.2
2024-11-15,20,3.6
2024-11-16,35,6.3
2024-11-17,47,8.5
2024-11-18,17,3.1
2024-11-19,15,2.7
2024-11-20,8,1.5
2024-11-21,13,2.3
2024-11-22,23,4.1
2024-11-23,26,4.7
2024-11-24,36,6.4
2024-11-25,39,7.0
2024-11-26,15,2.7
2024-11-27,37,6.6
2024-11-28,53,10.3
2024-11-29,34,6.1
2024-11-30,33,6.0
2024-12-01,55,11.1
2024-12-02,53,10.4
2024-12-03,52,9.9
2024-12-04,53,10.1
2024-12-05,16,2.8
2024-12-06,33,5.9
2024-12-07,28,5.1
2024-12-08,25,4.5
2024-12-09,52,9.6
2024-12-10,18,3.2
2024-12-11,12,2.2
2024-12-12,16,2.8
2024-12-13,29,5.2
2024-12-14,40,7.2
2024-12-15,38,6.9
2024-12-16,25,4.5
2024-12-17,,4.69
2025-01-02,,7.608333
2025-01-03,54,10.8
2025-01-04,52,9.7
2025-01-05,29,5.2
2025-01-06,16,2.8
2025-01-07,24,4.3
2025-01-08,53,10.3
2025-01-09,54,10.8
2025-01-10,16,2.9
2025-01-11,39,7.1
2025-01-12,41,7.4
2025-01-13,23,4.1
2025-01-14,26,4.6
2025-01-15,54,10.5
2025-01-16,14,2.5
2025-01-17,27,4.9
2025-01-18,16,2.9
2025-01-19,21,3.7
2025-01-20,25,4.5
2025-01-21,33,6.0
2025-01-22,37,6.7
2025-01-23,35,6.3
2025-01-24,32,5.7
2025-01-25,28,5.0
2025-01-26,22,3.9
2025-01-27,33,6.0
2025-01-28,40,7.2
2025-01-29,51,9.2
2025-01-30,52,9.6
2025-01-31,38,6.8
2025-02-01,31,5.5
2025-02-02,24,4.4
2025-02-03,25,4.5
2025-02-04,51,9.1
2025-02-05,41,7.3
2025-02-06,44,7.9
2025-02-07,54,10.7
2025-02-08,50,9.0
2025-02-09,32,5.7
2025-02-10,49,8.8
2025-02-11,44,7.9
2025-02-12,52,9.5
2025-02-13,38,6.8
2025-02-14,54,10.7
2025-02-15,60,13.9
2025-02-16,54,10.8
2025-02-17,38,6.9
2025-02-18,30,5.4
2025-02-19,23,4.1
2025-02-20,22,4.0
2025-02-21,44,7.9
2025-02-22,54,10.8
2025-02-23,57,12.1
2025-02-24,36,6.4
2025-02-25,49,8.9
2025-02-26,27,4.8
2025-02-27,18,3.3
2025-02-28,25,4.5
2025-03-01,24,4.3
2025-03-02,54,10.9
2025-03-03,57,12.5
2025-03-04,54,10.5
2025-03-05,9,1.6
2025-03-06,22,3.9
2025-03-07,36,6.5
2025-03-08,34,6.2
2025-03-09,46,8.3
2025-03-10,28,5.0
2025-03-11,24,4.4
2025-03-12,46,8.2
2025-03-13,48,8.7
2025-03-14,154,59.8
2025-03-15,32,5.8
2025-03-16,19,3.5
2025-03-17,24,4.4
2025-03-18,53,10.0
2025-03-19,53,10.4
2025-03-20,26,4.7
2025-03-21,24,4.4
2025-03-22,38,6.9
2025-03-23,26,4.7
2025-03-24,24,4.3
2025-03-25,54,10.6
2025-03-26,72,20.2
2025-03-27,32,5.8
2025-03-28,23,4.2
2025-03-29,42,7.5
2025-03-30,22,3.9
2025-03-31,29,5.3
2025-04-01,58,12.8
2025-04-02,44,8.0
2025-04-03,23,4.2
2025-04-04,17,3.0
2025-04-05,29,5.3
2025-04-06,29,5.3
2025-04-07,42,7.5
2025-04-08,60,13.9
2025-04-09,44,8.0
2025-04-10,61,14.3
2025-04-11,38,6.9
2025-04-12,32,5.8
2025-04-13,47,8.4
2025-04-14,34,6.2
2025-04-15,31,5.5
2025-04-16,54,10.5
2025-04-17,67,17.7
2025-04-18,49,8.9
2025-04-19,48,8.7
2025-04-20,8,1.5
2025-04-21,26,4.6
2025-04-22,34,6.1
2025-04-23,32,5.7
2025-04-24,26,4.6
2025-04-25,23,4.2
2025-04-26,27,4.9
2025-04-27,54,10.8
2025-04-28,55,11.4
2025-04-29,32,5.7
2025-04-30,16,2.9
2025-05-01,19,3.4
2025-05-02,17,3.0
2025-05-03,22,3.9
2025-05-04,31,5.6
2025-05-05,27,4.8
2025-05-06,28,5.1
2025-05-07,12,2.2
2025-05-08,23,4.1
2025-05-09,28,5.1
2025-05-10,30,5.4
2025-05-11,35,6.3
2025-05-12,36,6.5
2025-05-13,46,8.3
2025-05-14,53,10.0
2025-05-15,49,8.8
2025-05-16,27,4.9
2025-05-17,34,6.1
2025-05-18,55,11.1
2025-05-19,59,13.6
2025-05-20,,3.666667
2025-05-22,37,6.6
2025-05-25,37,6.7
2025-05-28,22,3.9
2025-05-31,28,5.0
2025-06-03,48,8.7
2025-06-06,17,3.0
2025-06-09,48,8.6
2025-06-10,37,6.7
2025-06-11,34,6.2
2025-06-12,19,3.5
2025-06-13,17,3.1
2025-06-14,23,4.2
2025-06-15,20,3.6
2025-06-16,16,2.9
2025-06-17,21,3.7
2025-06-18,19,3.4
2025-06-19,36,6.4
2025-06-20,29,5.3
2025-06-21,40,7.2
2025-06-22,39,7.1
2025-06-23,28,5.1
2025-06-24,44,8.0
2025-06-25,19,3.5
2025-06-26,21,3.7
2025-06-27,28,5.1
2025-06-28,22,4.0
2025-06-29,26,4.7
2025-06-30,23,4.2
2025-07-01,21,3.8
2025-07-02,30,5.4
2025-07-03,56,11.8
2025-07-04,49,8.8
2025-07-05,52,9.9
2025-07-06,52,9.9
2025-07-07,52,9.6
2025-07-08,37,6.6
2025-07-09,43,7.7
2025-07-10,41,7.3
2025-07-11,53,10.3
2025-07-12,31,5.6
2025-07-13,29,5.2
2025-07-14,32,5.8
2025-07-15,39,7.1
2025-07-16,53,10.0
2025-07-17,63,15.5
2025-07-18,65,16.6
2025-07-19,42,7.6
2025-07-20,47,8.5
2025-07-21,55,11.1
2025-07-22,56,11.7
2025-07-23,40,7.2
2025-07-24,37,6.7
2025-07-25,33,5.9
2025-07-26,44,7.9
2025-07-27,49,8.8
2025-07-28,41,7.3
2025-07-29,48,8.7
2025-07-30,56,12.0
2025-07-31,28,5.1
2025-08-01,58,12.7
2025-08-02,61,14.7
2025-08-03,50,9.0
2025-08-04,29,5.3
2025-08-05,59,13.5
2025-08-06,58,12.8
2025-08-07,48,8.6
2025-08-08,41,7.3
2025-08-09,40,7.2
2025-08-10,46,8.2
2025-08-11,34,6.1
2025-08-12,32,5.8
2025-08-13,34,6.2
2025-08-14,44,8.0
2025-08-15,48,8.6
2025-08-16,28,5.0
2025-08-17,53,10.0
2025-08-18,52,9.7
2025-08-19,39,7.1
2025-08-20,39,7.0
2025-08-21,37,6.7
2025-08-22,53,10.4
2025-08-23,44,7.9
2025-08-24,37,6.6
2025-08-25,27,4.9
2025-08-26,38,6.9
2025-08-27,,8.84
2025-08-29,18,3.2
2025-09-01,52,9.4
2025-09-02,,3.238462
2025-09-03,26,4.7
2025-09-04,41,7.3
2025-09-05,53,10.3
2025-09-06,38,6.8
2025-09-07,38,6.9
2025-09-08,50,9.0
2025-09-09,44,8.0
2025-09-10,56,11.7
2025-09-11,57,12.1
2025-09-12,53,10.2
2025-09-13,57,12.4
2025-09-14,54,10.5
2025-09-15,62,15.0
2025-09-16,60,13.9
2025-09-17,57,12.1
2025-09-18,32,5.8
2025-09-19,26,4.6
2025-09-20,53,10.3
2025-09-21,27,4.8
2025-09-22,29,5.2
2025-09-23,27,4.9
2025-09-24,24,4.3
2025-09-25,38,6.9
2025-09-26,54,10.6
2025-09-27,49,8.9
2025-09-28,44,8.0
2025-09-29,44,7.9
2025-09-30,,8.653846
2025-10-01,51,9.2
2025-10-04,47,8.5
2025-10-07,20,3.6
2025-10-10,44,7.9
2025-10-13,51,9.3
2025-10-16,44,8.0
2025-10-19,16,2.8
2025-10-22,22,4.0
2025-10-23,35,6.3
2025-10-24,31,5.6
2025-10-25,22,3.9
2025-10-26,33,5.9
2025-10-27,46,8.3
2025-10-28,17,3.0
2025-10-29,12,2.2
2025-10-30,21,3.7
2025-10-31,28,5.1
2025-11-01,20,3.6
2025-11-02,19,3.5
2025-11-03,30,5.4
2025-11-04,41,7.3
2025-11-05,43,7.8
2025-11-06,36,6.4
2025-11-07,,11.325
2025-11-09,8,1.4
2025-11-10,,5.485714
2025-11-11,25,4.5
2025-11-12,32,5.8
2025-11-13,38,6.8
2025-11-14,39,7.1
2025-11-15,36,6.5
2025-11-16,39,7.1
2025-11-17,53,10.0
2025-11-18,42,7.5
2025-11-19,51,9.2
2025-11-20,49,8.8
2025-11-21,38,6.8
2025-11-22,34,6.2
2025-11-23,47,8.5
2025-11-24,30,5.4
2025-11-25,22,4.0
2025-11-26,14,2.5
2025-11-27,25,4.5
2025-11-28,24,4.3
2025-11-29,27,4.8
2025-11-30,14,2.5
2025-12-01,38,6.9
2025-12-02,51,9.3
2025-12-03,47,8.4
2025-12-04,52,9.5
2025-12-05,60,13.8
2025-12-06,62,14.9
2025-12-07,53,10.4
2025-12-08,51,9.3
2025-12-09,22,3.9
2025-12-10,16,2.9
2025-12-11,23,4.1
2025-12-12,31,5.5
2025-12-13,64,16.0
2025-12-14,41,7.4
2025-12-15,26,4.7
2025-12-16,36,6.5
2025-12-17,56,11.6
2025-12-18,20,3.6
2025-12-19,39,7.1
2025-12-20,26,4.6
2025-12-21,21,3.8
2025-12-22,55,11.1
2025-12-23,54,10.8
2025-12-24,27,4.9
2025-12-25,34,6.1
2025-12-26,29,5.2
2025-12-27,26,4.7
2025-12-28,29,5.2
2025-12-29,17,3.1
2025-12-30,23,4.1
2025-12-31,22,4.0
