date,aqi,value
1999-01-21,56,11.7
1999-01-24,58,13.0
1999-01-27,70,19.3
1999-01-30,76,22.3
1999-02-02,14,2.6
1999-02-05,17,3.0
1999-02-08,16,2.8
1999-02-11,55,11.1
1999-02-14,97,33.6
1999-02-17,38,6.9
1999-02-20,43,7.8
1999-02-23,44,7.9
1999-02-26,35,6.3
1999-03-01,29,5.2
1999-03-04,43,7.8
1999-03-07,46,8.2
1999-03-25,55,11.2
1999-03-28,34,6.1
1999-03-31,25,4.5
1999-04-03,52,9.8
1999-04-06,36,6.4
1999-04-09,21,3.8
1999-04-12,58,13.0
1999-04-15,37,6.6
1999-04-18,52,9.5
1999-04-21,26,4.6
1999-04-24,42,7.5
1999-04-27,54,10.9
1999-04-30,20,3.6
1999-05-03,11,1.9
1999-05-06,31,5.6
1999-05-09,17,3.1
1999-05-12,16,2.9
1999-05-15,33,5.9
1999-05-18,21,3.7
1999-05-21,32,5.7
1999-05-24,55,11.5
1999-05-27,56,11.8
1999-05-30,11,1.9
1999-06-02,25,4.5
1999-06-05,28,5.0
1999-06-08,16,2.9
1999-06-11,26,4.7
1999-06-14,33,6.0
1999-06-17,36,6.5
1999-06-20,28,5.0
1999-06-23,15,2.7
1999-06-26,19,3.4
1999-06-29,22,3.9
1999-07-11,54,10.7
1999-07-14,37,6.7
1999-07-17,24,4.3
1999-07-20,40,7.2
1999-07-23,39,7.0
1999-07-26,32,5.7
1999-07-29,51,9.3
1999-08-01,25,4.5
1999-08-04,49,8.9
1999-08-07,53,10.3
1999-08-10,42,7.6
1999-08-13,29,5.3
1999-08-16,48,8.7
1999-08-19,34,6.2
1999-08-25,39,7.0
1999-08-31,8,1.4
1999-09-03,21,3.8
1999-09-06,22,3.9
1999-09-09,52,9.6
1999-09-12,23,4.1
1999-09-15,52,9.4
1999-09-18,55,11.2
1999-09-21,55,11.4
1999-09-24,22,3.9
1999-09-27,24,4.3
1999-09-30,54,10.6
1999-10-03,41,7.4
1999-10-06,66,17.3
1999-10-09,21,3.7
1999-10-12,33,6.0
1999-10-15,36,6.5
1999-10-18,60,14.0
1999-10-21,66,17.4
1999-10-24,59,13.2
1999-10-27,26,4.6
1999-10-30,44,7.9
1999-11-02,66,16.9
1999-11-05,79,24.2
1999-11-08,77,23.3
1999-11-11,82,25.9
1999-11-14,63,15.6
1999-11-17,69,18.9
1999-11-20,58,13.1
1999-11-23,52,9.7
1999-11-26,17,3.0
1999-11-29,67,17.9
1999-12-05,73,20.7
1999-12-08,65,16.6
1999-12-11,67,17.5
1999-12-17,47,8.4
1999-12-20,22,4.0
1999-12-23,57,12.4
1999-12-26,33,6.0
1999-12-29,52,9.7
2000-01-04,62,14.8
2000-01-07,56,12.0
2000-01-10,19,3.5
2000-01-13,60,13.9
2000-01-16,45,8.1
2000-01-19,73,21.1
2000-01-22,65,16.6
2000-01-25,72,20.5
2000-01-28,32,5.8
2000-01-31,86,28.0
2000-02-03,27,4.9
2000-02-06,101,35.6
2000-02-09,26,4.7
2000-02-12,61,14.7
2000-02-15,22,4.0
2000-02-18,55,11.2
2000-02-21,101,35.5
2000-02-24,17,3.1
2000-02-27,59,13.3
2000-03-01,42,7.5
2000-03-04,36,6.4
2000-03-07,39,7.0
2000-03-10,36,6.5
2000-03-13,30,5.4
2000-03-16,56,11.6
2000-03-19,7,1.3
2000-03-22,22,3.9
2000-03-25,35,6.3
2000-03-28,8,1.5
2000-03-31,31,5.5
2000-04-03,52,9.7
2000-04-06,11,2.0
2000-04-09,42,7.5
2000-04-15,26,4.7
2000-04-21,29,5.3
2000-04-24,12,2.1
2000-04-27,37,6.7
2000-04-30,30,5.4
2000-05-03,26,4.7
2000-05-06,18,3.2
2000-05-09,13,2.4
2000-05-12,15,2.7
2000-05-15,37,6.6
2000-05-18,38,6.9
2000-05-21,38,6.8
2000-05-24,30,5.4
2000-05-27,17,3.0
2000-05-30,14,2.5
2000-06-02,26,4.7
2000-06-05,44,8.0
2000-06-08,34,6.1
2000-06-11,8,1.5
2000-06-14,27,4.8
2000-06-17,18,3.3
2000-06-20,21,3.7
2000-06-23,28,5.1
2000-06-26,22,3.9
2000-06-29,50,9.0
2000-07-02,30,5.4
2000-07-05,37,6.6
2000-07-08,41,7.3
2000-07-11,31,5.6
2000-07-14,43,7.7
2000-07-17,39,7.0
2000-07-20,44,8.0
2000-07-23,46,8.2
2000-07-26,49,8.8
2000-07-29,49,8.9
2000-08-01,52,9.6
2000-08-04,99,34.7
2000-08-07,66,17.3
2000-08-10,254,179.1
2000-08-13,111,39.4
2000-08-16,134,49.1
2000-08-19,65,16.8
2000-08-22,170,82.7
2000-08-25,112,39.9
2000-08-28,62,15.1
2000-08-31,86,27.7
2000-09-03,38,6.8
2000-09-06,29,5.2
2000-09-09,13,2.4
2000-09-12,33,6.0
2000-09-15,58,13.0
2000-09-18,38,6.9
2000-09-21,17,3.0
2000-09-24,30,5.4
2000-09-30,17,3.1
2000-10-03,39,7.0
2000-10-06,46,8.2
2000-10-09,58,12.7
2000-10-12,40,7.2
2000-10-15,46,8.2
2000-10-21,16,2.8
2000-10-24,57,12.5
2000-10-27,66,17.0
2000-10-30,52,9.4
2000-11-02,70,19.4
2000-11-05,50,9.0
2000-11-08,66,17.2
2000-11-11,65,16.5
2000-11-14,81,25.0
2000-11-20,79,24.1
2000-11-26,64,16.2
2000-12-02,86,27.8
2000-12-05,71,19.9
2000-12-11,34,6.2
2000-12-14,80,24.7
2000-12-17,22,3.9
2000-12-20,70,19.4
2000-12-23,133,48.4
2000-12-26,85,27.2
2001-01-01,96,33.3
2001-01-04,118,42.3
2001-01-07,69,18.7
2001-01-10,105,37.0
2001-01-13,114,40.9
2001-01-16,70,19.4
2001-01-19,119,42.9
2001-01-22,87,28.5
2001-01-25,92,31.2
2001-01-28,58,13.0
2001-01-31,55,11.0
2001-02-03,48,8.7
2001-02-06,18,3.3
2001-02-09,68,18.0
2001-02-15,62,15.0
2001-02-18,100,35.3
2001-02-21,105,37.0
2001-02-24,56,11.8
2001-02-27,57,12.1
2001-03-02,71,19.9
2001-03-05,71,20.0
2001-03-08,73,20.8
2001-03-11,29,5.2
2001-03-14,19,3.5
2001-03-17,45,8.1
2001-03-20,45,8.1
2001-03-23,52,9.4
2001-03-26,37,6.7
2001-03-29,19,3.5
2001-04-04,23,4.1
2001-04-07,33,6.0
2001-04-10,25,4.5
2001-04-13,21,3.7
2001-04-16,32,5.7
2001-04-19,18,3.3
2001-04-22,33,6.0
2001-04-25,48,8.7
2001-04-28,26,4.7
2001-05-01,8,1.5
2001-05-04,31,5.5
2001-05-07,39,7.0
2001-05-10,44,7.9
2001-05-13,57,12.1
2001-05-16,8,1.5
2001-05-19,33,5.9
2001-05-22,29,5.2
2001-05-25,42,7.6
2001-05-28,31,5.6
2001-05-31,24,4.4
2001-06-03,11,1.9
2001-06-06,8,1.5
2001-06-09,18,3.2
2001-06-12,10,1.8
2001-06-15,19,3.4
2001-06-18,21,3.8
2001-06-21,42,7.6
2001-06-24,17,3.0
2001-06-27,27,4.9
2001-06-30,42,7.5
2001-07-03,54,10.7
2001-07-09,42,7.5
2001-07-12,34,6.2
2001-07-15,28,5.0
2001-07-18,18,3.3
2001-07-21,23,4.1
2001-07-24,31,5.6
2001-07-27,33,5.9
2001-07-30,22,3.9
2001-08-02,41,7.3
2001-08-05,25,4.5
2001-08-08,45,8.1
2001-08-11,53,10.0
2001-08-14,69,18.7
2001-08-17,66,17.3
2001-08-20,46,8.2
2001-08-23,34,6.2
2001-08-26,32,5.8
2001-08-29,35,6.3
2001-09-01,31,5.5
2001-09-04,33,6.0
2001-09-07,18,3.3
2001-09-10,26,4.7
2001-09-13,49,8.9
2001-09-16,42,7.6
2001-09-19,46,8.2
2001-09-22,36,6.4
2001-09-25,63,15.4
2001-09-28,21,3.8
2001-10-01,47,8.5
2001-10-04,27,4.8
2001-10-07,38,6.8
2001-10-10,22,3.9
2001-10-13,20,3.6
2001-10-16,53,10.1
2001-10-19,57,12.5
2001-10-22,18,3.2
2001-10-25,55,11.0
2001-10-28,24,4.3
2001-10-31,24,4.3
2001-11-03,60,13.7
2001-11-06,40,7.2
2001-11-09,82,25.7
2001-11-12,81,25.1
2001-11-15,72,20.2
2001-11-18,48,8.7
2001-11-21,53,10.3
2001-11-24,27,4.8
2001-11-27,55,11.2
2001-11-30,18,3.3
2001-12-03,24,4.3
2001-12-06,43,7.7
2001-12-09,53,10.3
2001-12-12,58,12.9
2001-12-15,19,3.4
2001-12-18,27,4.9
2001-12-21,66,17.2
2001-12-24,51,9.1
2001-12-27,63,15.8
2001-12-30,81,25.4
2002-01-02,53,10.1
2002-01-05,74,21.7
2002-01-08,23,4.2
2002-01-11,82,25.5
2002-01-14,29,5.2
2002-01-17,41,7.4
2002-01-20,17,3.0
2002-01-23,35,6.3
2002-01-26,14,2.6
2002-01-29,58,12.7
2002-02-01,24,4.3
2002-02-04,25,4.5
2002-02-07,34,6.2
2002-02-10,52,9.9
2002-02-13,36,6.4
2002-02-16,62,15.2
2002-02-19,22,4.0
2002-02-22,42,7.6
2002-02-25,55,11.4
2002-02-28,41,7.4
2002-03-03,67,17.9
2002-03-06,20,3.6
2002-03-09,52,9.5
2002-03-12,12,2.2
2002-03-15,23,4.1
2002-03-18,43,7.8
2002-03-21,41,7.4
2002-03-24,55,11.3
2002-03-27,28,5.1
2002-03-30,25,4.5
2008-11-15,66,17.0
2008-11-16,75,22.1
2008-11-17,68,18.0
2008-11-18,72,20.6
2008-11-19,69,18.6
2008-11-20,39,7.0
2008-11-21,49,8.8
2008-11-22,79,23.9
2008-11-23,58,13.0
2008-11-24,67,17.5
2008-11-25,77,22.8
2008-11-26,69,18.5
2008-11-27,67,17.8
2008-11-28,55,11.1
2008-11-29,52,9.4
2008-11-30,59,13.5
2008-12-01,61,14.2
2008-12-02,41,7.4
2008-12-03,41,7.3
2008-12-04,42,7.5
2008-12-05,70,19.1
2008-12-06,74,21.4
2008-12-07,40,7.2
2008-12-08,,10.845455
2008-12-12,,16.055556
2008-12-13,27,4.8
2008-12-14,23,4.2
2008-12-15,46,8.3
2008-12-16,65,16.6
2008-12-17,69,19.0
2008-12-18,65,16.4
2008-12-19,51,9.2
2008-12-20,52,9.4
2008-12-21,57,12.1
2008-12-22,36,6.5
2008-12-23,52,9.9
2008-12-24,73,20.8
2008-12-25,28,5.0
2008-12-26,50,9.0
2008-12-27,62,15.2
2008-12-28,27,4.9
2008-12-29,17,3.1
2008-12-30,34,6.1
2008-12-31,22,3.9
2009-01-01,36,6.5
2009-01-02,22,3.9
2009-01-03,37,6.7
2009-01-04,69,19.0
2009-01-05,73,20.9
2009-01-06,84,26.7
2009-01-07,27,4.8
2009-01-08,11,2.0
2009-01-09,13,2.4
2009-01-10,41,7.4
2009-01-11,38,6.8
2009-01-12,23,4.2
2009-01-13,10,1.8
2009-01-14,63,15.3
2009-01-15,64,16.1
2009-01-16,74,21.4
2009-01-17,77,22.9
2009-01-18,55,11.0
2009-01-19,52,9.5
2009-01-20,54,10.7
2009-01-21,60,14.0
2009-01-22,82,26.0
2009-01-23,37,6.6
2009-01-24,27,4.9
2009-01-25,34,6.1
2009-01-26,61,14.4
2009-01-27,70,19.3
2009-01-28,68,18.1
2009-01-29,23,4.1
2009-01-30,66,16.9
2009-01-31,11,1.9
2009-02-01,29,5.2
2009-02-02,59,13.5
2009-02-03,71,19.9
2009-02-04,70,19.3
2009-02-05,74,21.4
2009-02-06,58,13.0
2009-02-07,51,9.2
2009-02-08,54,10.8
2009-02-09,61,14.2
2009-02-10,25,4.5
2009-02-11,61,14.2
2009-02-12,53,10.1
2009-02-13,30,5.4
2009-02-14,50,9.0
2009-02-15,51,9.2
2009-02-16,54,10.5
2009-02-17,62,15.2
2009-02-18,40,7.2
2009-02-19,52,9.4
2009-02-20,42,7.6
2009-02-21,54,10.7
2009-02-22,58,12.7
2009-02-23,52,9.9
2009-02-24,0,0.0
2009-02-25,3,0.6
2009-02-26,7,1.3
2009-02-27,18,3.3
2009-02-28,47,8.5
2009-03-01,60,13.7
2009-03-02,68,18.2
2009-03-03,23,4.2
2009-03-04,25,4.5
2009-03-05,8,1.5
2009-03-06,23,4.1
2009-03-07,8,1.4
2009-03-08,11,1.9
2009-03-09,17,3.0
2009-03-10,34,6.2
2009-03-11,46,8.2
2009-03-12,45,8.1
2009-03-13,51,9.2
2009-03-14,37,6.7
2009-03-15,9,1.7
2009-03-16,16,2.8
2009-03-17,16,2.8
2009-03-18,43,7.8
2009-03-19,43,7.8
2009-03-20,32,5.7
2009-03-21,36,6.5
2009-03-22,15,2.7
2009-03-23,10,1.8
2009-03-24,11,2.0
2009-03-25,11,1.9
2009-03-26,20,3.6
2009-03-27,24,4.3
2009-03-28,28,5.1
2009-03-29,11,2.0
2009-03-30,19,3.4
2009-03-31,22,4.0
2009-04-01,9,1.6
2009-04-02,13,2.4
2009-04-03,11,1.9
2009-04-04,16,2.9
2009-04-05,13,2.3
2009-04-06,20,3.6
2009-04-07,35,6.3
2009-04-08,37,6.6
2009-04-09,21,3.8
2009-04-10,19,3.5
2009-04-11,12,2.2
2009-04-12,8,1.5
2009-04-13,2,0.3
2009-04-14,13,2.3
2009-04-15,16,2.8
2009-04-16,23,4.2
2009-04-17,30,5.4
2009-04-18,19,3.4
2009-04-19,29,5.3
2009-04-20,32,5.7
2009-04-21,31,5.5
2009-04-22,24,4.3
2009-04-23,18,3.2
2009-04-24,31,5.6
2009-04-25,37,6.7
2009-04-26,26,4.6
2009-04-27,26,4.6
2009-04-28,2,0.3
2009-04-29,11,1.9
2009-04-30,19,3.5
2009-05-01,27,4.9
2009-05-02,23,4.1
2009-05-03,0,0.0
2009-05-04,11,1.9
2009-05-05,2,0.3
2009-05-06,6,1.1
2009-05-07,4,0.7
2009-05-08,5,0.9
2009-05-09,14,2.6
2009-05-10,19,3.5
2009-05-11,19,3.4
2009-05-12,23,4.1
2009-05-13,5,0.9
2009-05-14,3,0.6
2009-05-15,11,2.0
2009-05-16,24,4.4
2009-05-17,38,6.8
2009-05-18,,2.141667
2009-05-19,13,2.4
2009-05-20,10,1.8
2009-05-21,14,2.6
2009-05-22,21,3.7
2009-05-23,,10.066667
2009-05-24,17,3.1
2009-05-25,12,2.2
2009-05-26,32,5.7
2009-05-27,43,7.7
2009-05-28,14,2.6
2009-05-29,24,4.4
2009-05-30,22,3.9
2009-05-31,23,4.1
2009-06-01,18,3.2
2009-06-02,16,2.9
2009-06-03,12,2.1
2009-06-04,19,3.4
2009-06-05,22,4.0
2009-06-06,4,0.7
2009-06-07,0,-0.3
2009-06-08,,0.846154
2009-06-09,,-0.38
2009-06-10,14,2.5
2009-06-11,16,2.9
2009-06-12,27,4.8
2009-06-13,17,3.0
2009-06-14,13,2.4
2009-06-15,8,1.5
2009-06-16,14,2.5
2009-06-17,16,2.8
2009-06-18,4,0.7
2009-06-19,21,3.7
2009-06-20,3,0.5
2009-06-21,0,-0.6
2009-06-22,0,-0.3
2009-06-23,6,1.0
2009-06-24,17,3.1
2009-06-25,23,4.2
2009-06-26,24,4.3
2009-06-27,27,4.8
2009-06-28,49,8.9
2009-06-29,34,6.2
2009-06-30,23,4.2
2009-07-01,33,5.9
2009-07-02,46,8.3
2009-07-03,48,8.7
2009-07-04,73,20.7
2009-07-05,44,7.9
2009-07-06,25,4.5
2009-07-07,16,2.9
2009-07-08,13,2.3
2009-07-09,11,1.9
2009-07-10,15,2.7
2009-07-11,29,5.3
2009-07-12,32,5.7
2009-07-13,7,1.2
2009-07-14,31,5.5
2009-07-15,50,9.0
2009-07-16,34,6.1
2009-07-17,,6.877778
2009-07-23,,9.3375
2009-07-24,41,7.3
2009-07-25,23,4.2
2009-07-26,22,4.0
2009-07-27,23,4.1
2009-07-28,33,5.9
2009-07-29,20,3.6
2009-07-30,31,5.5
2009-07-31,23,4.2
2009-08-01,38,6.9
2009-08-02,52,9.6
2009-08-03,63,15.4
2009-08-04,52,9.7
2009-08-05,42,7.6
2009-08-06,39,7.0
2009-08-07,24,4.3
2009-08-08,,7.866667
2009-08-09,58,12.9
2009-08-10,55,11.4
2009-08-11,,3.571429
2009-08-12,23,4.1
2009-08-13,16,2.8
2009-08-14,11,1.9
2009-08-15,4,0.8
2009-08-16,7,1.3
2009-08-17,8,1.5
2009-08-18,23,4.2
2009-08-19,53,10.0
2009-08-20,60,14.1
2009-08-21,54,10.8
2009-08-22,22,4.0
2009-08-23,38,6.8
2009-08-24,34,6.2
2009-08-25,36,6.4
2009-08-26,36,6.5
2009-08-27,38,6.8
2009-08-28,42,7.5
2009-08-29,53,10.2
2009-08-30,50,9.0
2009-08-31,20,3.6
2009-09-01,24,4.4
2009-09-02,28,5.0
2009-09-03,32,5.8
2009-09-04,24,4.4
2009-09-05,33,6.0
2009-09-06,26,4.7
2009-09-07,8,1.5
2009-09-08,13,2.3
2009-09-09,24,4.3
2009-09-10,26,4.6
2009-09-11,33,5.9
2009-09-12,39,7.0
2009-09-13,29,5.3
2009-09-14,52,9.7
2009-09-15,44,8.0
2009-09-16,43,7.8
2009-09-17,39,7.1
2009-09-18,31,5.6
2009-09-19,43,7.7
2009-09-20,6,1.0
2009-09-21,15,2.7
2009-09-22,58,13.1
2009-09-23,60,13.8
2009-09-24,69,18.6
2009-09-25,53,10.1
2009-09-26,28,5.1
2009-09-27,25,4.5
2009-09-28,69,18.6
2009-09-29,67,17.7
2009-09-30,21,3.7
2009-10-01,24,4.4
2009-10-02,28,5.0
2009-10-03,16,2.8
2009-10-04,0,0.0
2009-10-05,11,1.9
2009-10-06,28,5.0
2009-10-07,8,1.4
2009-10-08,9,1.6
2009-10-09,,1.606667
2009-10-10,,4.8
2009-10-11,22,3.9
2009-10-12,47,8.4
2009-10-13,53,10.2
2009-10-14,60,14.1
2009-10-15,53,10.1
2009-10-16,48,8.7
2009-10-17,58,12.8
2009-10-18,18,3.2
2009-10-19,37,6.7
2009-10-20,45,8.1
2009-10-21,43,7.8
2009-10-22,48,8.7
2009-10-23,55,11.1
2009-10-24,26,4.6
2009-10-25,37,6.6
2009-10-26,52,9.6
2009-10-27,21,3.8
2009-10-28,51,9.2
2009-10-29,52,9.7
2009-10-30,49,8.9
2009-10-31,13,2.4
2009-11-01,22,3.9
2009-11-02,54,10.8
2009-11-03,53,10.3
2009-11-04,55,11.3
2009-11-05,66,16.9
2009-11-06,33,6.0
2009-11-07,25,4.5
2009-11-08,38,6.9
2009-11-09,57,12.3
2009-11-10,55,11.4
2009-11-11,60,13.8
2009-11-12,53,10.3
2009-11-13,56,11.6
2009-11-14,42,7.6
2009-11-15,52,9.5
2009-11-16,50,9.0
2009-11-17,38,6.9
2009-11-18,23,4.1
2009-11-19,59,13.5
2009-11-20,74,21.6
2009-11-21,9,1.7
2009-11-22,48,8.7
2009-11-23,49,8.9
2009-11-24,64,16.2
2009-11-25,59,13.2
2009-11-26,68,18.3
2009-11-27,64,16.0
2009-11-28,39,7.0
2009-11-29,54,10.8
2009-11-30,52,9.9
2009-12-01,13,2.3
2009-12-02,45,8.1
2009-12-03,52,9.9
2009-12-04,59,13.2
2009-12-05,24,4.3
2009-12-06,12,2.2
2009-12-07,33,6.0
2009-12-08,56,11.8
2009-12-09,64,15.9
2009-12-10,63,15.3
2009-12-11,86,27.8
2009-12-12,72,20.6
2009-12-13,43,7.8
2009-12-14,61,14.3
2009-12-15,71,20.1
2009-12-16,68,18.1
2009-12-17,61,14.4
2009-12-18,52,9.9
2009-12-19,70,19.4
2009-12-20,79,24.0
2009-12-21,62,14.8
2009-12-22,33,5.9
2009-12-23,23,4.1
2009-12-24,55,11.1
2009-12-25,52,9.8
2009-12-26,38,6.9
2009-12-27,48,8.7
2009-12-28,55,11.3
2009-12-29,74,21.3
2009-12-30,72,20.6
2009-12-31,74,21.2
2010-01-01,56,11.8
2010-01-02,29,5.2
2010-01-03,52,9.7
2010-01-04,55,11.4
2010-01-05,63,15.8
2010-01-06,22,4.0
2010-01-07,42,7.6
2010-01-08,,10.057143
2010-01-09,65,16.4
2010-01-10,85,27.3
2010-01-11,67,17.9
2010-01-12,63,15.8
2010-01-13,66,17.3
2010-01-14,60,13.7
2010-01-15,64,15.9
2010-01-16,56,11.8
2010-01-17,56,11.8
2010-01-18,70,19.3
2010-01-19,55,11.2
2010-01-20,,6.707692
2010-01-21,52,9.8
2010-01-22,41,7.3
2010-01-23,28,5.1
2010-01-24,60,13.9
2010-01-25,55,11.2
2010-01-26,63,15.3
2010-01-27,57,12.1
2010-01-28,52,9.6
2010-01-29,58,12.6
2010-01-30,62,15.2
2010-01-31,54,10.5
2010-02-01,72,20.3
2010-02-02,60,13.8
2010-02-03,,4.611111
2010-02-04,,19.461538
2010-02-05,63,15.4
2010-02-06,70,19.2
2010-02-07,42,7.6
2010-02-08,29,5.2
2010-02-09,47,8.5
2010-02-10,66,17.4
2010-02-11,57,12.4
2010-02-12,55,11.1
2010-02-13,42,7.6
2010-02-14,51,9.2
2010-02-15,56,11.8
2010-02-16,48,8.6
2010-02-17,43,7.8
2010-02-18,29,5.3
2010-02-19,33,6.0
2010-02-20,23,4.1
2010-02-21,42,7.5
2010-02-22,54,10.6
2010-02-23,56,11.9
2010-02-24,54,10.5
2010-02-25,17,3.1
2010-02-26,24,4.4
2010-02-27,34,6.2
2010-02-28,25,4.5
2010-03-01,47,8.5
2010-03-02,54,10.8
2010-03-03,52,9.6
2010-03-04,22,3.9
2010-03-05,43,7.7
2010-03-06,48,8.7
2010-03-07,54,10.5
2010-03-08,41,7.4
2010-03-09,14,2.6
2010-03-10,27,4.8
2010-03-11,24,4.4
2010-03-12,31,5.6
2010-03-13,20,3.6
2010-03-14,26,4.7
2010-03-15,44,7.9
2010-03-16,53,10.4
2010-03-17,34,6.2
2010-03-18,30,5.4
2010-03-19,19,3.4
2010-03-20,48,8.6
2010-03-21,51,9.1
2010-03-22,19,3.4
2010-03-23,28,5.1
2010-03-24,46,8.3
2010-03-25,47,8.5
2010-03-26,15,2.7
2010-03-27,28,5.1
2010-03-28,43,7.7
2010-03-29,6,1.0
2010-03-30,13,2.4
2010-03-31,14,2.5
2010-04-01,32,5.8
2010-04-02,29,5.2
2010-04-03,12,2.1
2010-04-04,17,3.1
2010-04-05,36,6.4
2010-04-06,13,2.3
2010-04-07,23,4.1
2010-04-08,22,4.0
2010-04-09,16,2.9
2010-04-10,26,4.6
2010-04-11,28,5.0
2010-04-12,16,2.9
2010-04-13,17,3.0
2010-04-14,22,3.9
2010-04-15,24,4.4
2010-04-16,24,4.3
2010-04-17,37,6.7
2010-04-18,27,4.8
2010-04-19,27,4.8
2010-04-20,37,6.6
2010-04-21,27,4.8
2010-04-22,8,1.5
2010-04-23,17,3.1
2010-04-24,17,3.0
2010-04-25,5,0.9
2010-04-26,13,2.4
2010-04-27,25,4.5
2010-04-28,2,0.4
2010-04-29,0,-0.3
2010-04-30,1,0.1
2010-05-01,0,0.0
2010-05-02,1,0.1
2010-05-03,7,1.3
2010-05-04,14,2.5
2010-05-05,14,2.5
2010-05-06,16,2.9
2010-05-07,,3.769231
2010-05-10,,2.91875
2010-05-11,5,0.9
2010-05-12,13,2.3
2010-05-13,18,3.3
2010-05-14,29,5.3
2010-05-15,41,7.4
2010-05-16,32,5.7
2010-05-17,25,4.5
2010-05-18,22,3.9
2010-05-19,1,0.1
2010-05-20,4,0.8
2010-05-21,1,0.2
2010-05-22,3,0.6
2010-05-23,4,0.8
2010-05-24,3,0.5
2010-05-25,7,1.2
2010-05-26,6,1.1
2010-05-27,7,1.2
2010-05-28,1,0.2
2010-05-29,0,-0.1
2010-05-30,0,-0.2
2010-05-31,0,-0.3
2010-06-01,2,0.3
2010-06-02,0,-0.9
2010-06-03,0,-0.3
2010-06-04,0,-0.2
2010-06-05,0,-0.4
2010-06-06,16,2.9
2010-06-07,0,-0.2
2010-06-08,8,1.5
2010-06-09,7,1.3
2010-06-10,1,0.2
2010-06-11,12,2.1
2010-06-12,15,2.7
2010-06-13,20,3.6
2010-06-14,13,2.3
2010-06-15,8,1.5
2010-06-16,5,0.9
2010-06-17,0,0.0
2010-06-18,5,0.9
2010-06-19,15,2.7
2010-06-20,14,2.5
2010-06-21,4,0.8
2010-06-22,12,2.1
2010-06-23,23,4.1
2010-06-24,23,4.1
2010-06-25,21,3.7
2010-06-26,14,2.6
2010-06-27,16,2.9
2010-06-28,23,4.2
2010-06-29,19,3.5
2010-06-30,19,3.5
2010-07-01,20,3.6
2010-07-02,9,1.7
2010-07-03,30,5.4
2010-07-04,29,5.2
2010-07-05,11,2.0
2010-07-06,42,7.6
2010-07-07,31,5.5
2010-07-08,33,6.0
2010-07-09,38,6.9
2010-07-10,33,6.0
2010-07-11,35,6.3
2010-07-12,52,9.8
2010-07-13,32,5.7
2010-07-14,29,5.3
2010-07-15,23,4.2
2010-07-16,36,6.5
2010-07-17,24,4.3
2010-07-18,23,4.2
2010-07-19,29,5.2
2010-07-20,46,8.2
2010-07-21,34,6.1
2010-07-22,39,7.0
2010-07-23,32,5.7
2010-07-24,27,4.8
2010-07-25,36,6.5
2010-07-26,49,8.8
2010-07-27,31,5.6
2010-07-28,41,7.3
2010-07-29,45,8.1
2010-07-30,43,7.7
2010-07-31,41,7.3
2010-08-01,43,7.8
2010-08-02,52,9.8
2010-08-03,58,12.9
2010-08-04,39,7.0
2010-08-05,38,6.8
2010-08-06,39,7.0
2010-08-07,55,11.4
2010-08-08,43,7.8
2010-08-09,26,4.7
2010-08-10,21,3.8
2010-08-11,22,3.9
2010-08-12,23,4.1
2010-08-13,14,2.5
2010-08-14,7,1.2
2010-08-15,12,2.2
2010-08-16,21,3.7
2010-08-17,35,6.3
2010-08-18,36,6.5
2010-08-19,33,5.9
2010-08-20,34,6.2
2010-08-21,55,11.4
2010-08-22,28,5.0
2010-08-23,13,2.3
2010-08-24,25,4.5
2010-08-25,31,5.5
2010-08-26,64,16.3
2010-08-27,52,9.7
2010-08-28,24,4.3
2010-08-29,7,1.2
2010-08-30,13,2.4
2010-08-31,22,3.9
2010-09-01,16,2.9
2010-09-02,17,3.0
2010-09-03,25,4.5
2010-09-04,34,6.2
2010-09-05,9,1.7
2010-09-06,12,2.1
2010-09-07,14,2.6
2010-09-08,13,2.3
2010-09-09,10,1.8
2010-09-10,6,1.0
2010-09-11,19,3.5
2010-09-12,22,3.9
2010-09-13,31,5.6
2010-09-14,31,5.6
2010-09-15,31,5.5
2010-09-16,37,6.6
2010-09-17,14,2.5
2010-09-18,12,2.1
2010-09-19,19,3.5
2010-09-20,2,0.4
2010-09-21,17,3.0
2010-09-22,23,4.1
2010-09-23,35,6.3
2010-09-24,32,5.8
2010-09-25,39,7.1
2010-09-26,34,6.2
2010-09-27,24,4.4
2010-09-28,27,4.9
2010-09-29,31,5.6
2010-09-30,27,4.9
2010-10-01,34,6.1
2010-10-02,50,9.0
2010-10-03,54,10.7
2010-10-04,58,12.7
2010-10-05,36,6.4
2010-10-06,31,5.5
2010-10-07,37,6.6
2010-10-08,33,6.0
2010-10-09,36,6.5
2010-10-10,32,5.8
2010-10-11,11,2.0
2010-10-12,29,5.3
2010-10-13,43,7.8
2010-10-14,47,8.4
2010-10-15,54,10.6
2010-10-16,51,9.3
2010-10-17,46,8.3
2010-10-18,52,9.9
2010-10-19,53,10.4
2010-10-20,56,11.7
2010-10-21,54,10.8
2010-10-22,56,11.7
2010-10-23,57,12.1
2010-10-24,16,2.8
2010-10-25,10,1.8
2010-10-26,17,3.1
2010-10-27,26,4.6
2010-10-28,46,8.3
2010-10-29,51,9.1
2010-10-30,43,7.8
2010-10-31,37,6.7
2010-11-01,41,7.3
2010-11-02,28,5.1
2010-11-03,45,8.1
2010-11-04,53,10.4
2010-11-05,52,9.8
2010-11-06,58,12.6
2010-11-07,52,9.7
2010-11-08,21,3.7
2010-11-09,28,5.0
2010-11-10,54,10.5
2010-11-11,62,14.8
2010-11-12,49,8.8
2010-11-13,22,3.9
2010-11-14,46,8.3
2010-11-15,18,3.3
2010-11-16,19,3.5
2010-11-17,54,10.6
2010-11-18,64,16.3
2010-11-19,58,12.7
2010-11-20,49,8.8
2010-11-21,39,7.1
2010-11-22,55,11.1
2010-11-23,50,9.0
2010-11-24,58,12.7
2010-11-25,61,14.7
2010-11-26,74,21.7
2010-11-27,72,20.2
2010-11-28,48,8.7
2010-11-29,51,9.3
2010-11-30,63,15.5
2010-12-01,80,24.4
2010-12-02,75,21.9
2010-12-03,31,5.5
2010-12-04,49,8.8
2010-12-05,53,10.0
2010-12-06,55,11.1
2010-12-07,69,19.0
2010-12-08,83,26.1
2010-12-09,65,16.8
2010-12-10,13,2.4
2010-12-11,52,9.9
2010-12-12,55,11.0
2010-12-13,56,11.6
2010-12-14,20,3.6
2010-12-15,18,3.2
2010-12-16,63,15.5
2010-12-17,69,19.0
2010-12-18,54,10.9
2010-12-19,58,12.9
2010-12-20,,22.714286
2010-12-21,91,30.6
2010-12-22,99,35.0
2010-12-23,90,30.1
2010-12-24,103,36.2
2010-12-25,111,39.6
2010-12-26,106,37.5
2010-12-27,52,9.6
2010-12-28,28,5.0
2010-12-29,15,2.7
2010-12-30,33,5.9
2010-12-31,59,13.4
2011-01-01,77,23.1
2011-01-02,88,28.8
2011-01-03,93,31.4
2011-01-04,80,24.5
2011-01-05,80,24.6
2011-01-06,59,13.5
2011-01-07,67,17.5
2011-01-08,34,6.1
2011-01-09,37,6.7
2011-01-10,23,4.2
2011-01-11,52,9.8
2011-01-12,55,11.2
2011-01-13,62,15.2
2011-01-14,29,5.2
2011-01-15,28,5.1
2011-01-16,45,8.1
2011-01-17,16,2.8
2011-01-18,21,3.8
2011-01-19,21,3.7
2011-01-20,54,10.9
2011-01-21,64,16.3
2011-01-22,24,4.4
2011-01-23,48,8.6
2011-01-24,58,12.8
2011-01-25,75,22.2
2011-01-26,63,15.7
2011-01-27,66,17.0
2011-01-28,69,18.7
2011-01-29,41,7.4
2011-01-30,38,6.9
2011-01-31,39,7.1
2011-02-01,68,18.3
2011-02-02,77,22.9
2011-02-03,72,20.4
2011-02-04,74,21.6
2011-02-05,24,4.4
2011-02-06,46,8.2
2011-02-07,34,6.2
2011-02-08,32,5.8
2011-02-09,58,13.0
2011-02-10,61,14.6
2011-02-11,63,15.4
2011-02-12,48,8.6
2011-02-13,24,4.3
2011-02-14,53,10.4
2011-02-15,11,2.0
2011-02-16,14,2.5
2011-02-17,26,4.6
2011-02-18,34,6.2
2011-02-19,37,6.7
2011-02-20,41,7.3
2011-02-21,73,21.0
2011-02-22,17,3.1
2011-02-23,43,7.8
2011-02-24,28,5.0
2011-02-25,34,6.1
2011-02-26,49,8.8
2011-02-27,29,5.2
2011-02-28,18,3.2
2011-03-01,50,9.0
2011-03-02,58,12.9
2011-03-03,22,4.0
2011-03-04,48,8.7
2011-03-05,55,11.1
2011-03-06,44,7.9
2011-03-07,48,8.6
2011-03-08,46,8.2
2011-03-09,48,8.6
2011-03-10,35,6.3
2011-03-11,24,4.4
2011-03-12,42,7.6
2011-03-13,52,9.7
2011-03-14,22,4.0
2011-03-15,42,7.6
2011-03-16,23,4.2
2011-03-17,15,2.7
2011-03-18,37,6.6
2011-03-19,53,10.3
2011-03-20,42,7.6
2011-03-21,44,8.0
2011-03-22,14,2.5
2011-03-23,26,4.7
2011-03-24,33,5.9
2011-03-25,22,3.9
2011-03-26,19,3.4
2011-03-27,21,3.7
2011-03-28,20,3.6
2011-03-29,12,2.1
2011-03-30,20,3.6
2011-03-31,4,0.7
2011-04-01,15,2.7
2011-04-02,20,3.6
2011-04-03,17,3.0
2011-04-04,29,5.2
2011-04-05,17,3.1
2011-04-06,21,3.7
2011-04-07,49,8.9
2011-04-08,36,6.4
2011-04-09,48,8.6
2011-04-10,28,5.1
2011-04-11,26,4.7
2011-04-12,20,3.6
2011-04-13,29,5.2
2011-04-14,22,3.9
2011-04-15,26,4.6
2011-04-16,36,6.4
2011-04-17,27,4.8
2011-04-18,36,6.4
2011-04-19,29,5.2
2011-04-20,31,5.5
2011-04-21,17,3.0
2011-04-22,27,4.8
2011-04-23,26,4.6
2011-04-24,31,5.5
2011-04-25,22,3.9
2011-04-26,14,2.5
2011-04-27,12,2.2
2011-04-28,9,1.6
2011-04-29,22,3.9
2011-04-30,24,4.4
2011-05-01,28,5.0
2011-05-02,26,4.6
2011-05-03,5,0.9
2011-05-04,13,2.4
2011-05-05,29,5.3
2011-05-06,18,3.2
2011-05-07,12,2.2
2011-05-08,11,1.9
2011-05-09,12,2.1
2011-05-10,17,3.1
2011-05-11,27,4.8
2011-05-12,30,5.4
2011-05-13,30,5.4
2011-05-14,26,4.7
2011-05-15,17,3.0
2011-05-16,8,1.5
2011-05-17,31,5.5
2011-05-18,27,4.9
2011-05-19,29,5.2
2011-05-20,19,3.5
2011-05-21,38,6.8
2011-05-22,30,5.4
2011-05-23,18,3.2
2011-05-24,12,2.2
2011-05-25,11,2.0
2011-05-26,8,1.4
2011-05-27,12,2.2
2011-05-28,18,3.3
2011-05-29,11,2.0
2011-05-30,17,3.0
2011-05-31,,1.638462
2011-06-07,,5.9875
2011-06-08,23,4.1
2011-06-09,14,2.6
2011-06-10,18,3.2
2011-06-11,27,4.8
2011-06-12,30,5.4
2011-06-13,33,6.0
2011-06-14,22,3.9
2011-06-15,21,3.7
2011-06-16,15,2.7
2011-06-17,19,3.5
2011-06-18,30,5.4
2011-06-19,12,2.2
2011-06-20,18,3.2
2011-06-21,28,5.1
2011-06-22,33,6.0
2011-06-23,23,4.2
2011-06-24,27,4.8
2011-06-25,18,3.3
2011-06-26,16,2.9
2011-06-27,45,8.1
2011-06-28,36,6.4
2011-06-29,29,5.3
2011-06-30,18,3.3
2011-07-01,13,2.4
2011-07-02,28,5.1
2011-07-03,37,6.7
2011-07-04,64,16.1
2011-07-05,53,10.1
2011-07-06,47,8.5
2011-07-07,51,9.3
2011-07-08,21,3.8
2011-07-09,23,4.2
2011-07-10,26,4.7
2011-07-11,45,8.1
2011-07-12,46,8.3
2011-07-13,38,6.8
2011-07-14,29,5.3
2011-07-15,17,3.0
2011-07-16,26,4.7
2011-07-17,33,6.0
2011-07-18,52,9.6
2011-07-19,38,6.9
2011-07-20,20,3.6
2011-07-21,19,3.4
2011-07-22,13,2.4
2011-07-23,19,3.5
2011-07-24,22,4.0
2011-07-25,36,6.5
2011-07-26,20,3.6
2011-07-27,28,5.1
2011-07-28,29,5.3
2011-07-29,33,6.0
2011-07-30,35,6.3
2011-07-31,48,8.6
2011-08-01,29,5.3
2011-08-02,31,5.5
2011-08-03,36,6.5
2011-08-04,40,7.2
2011-08-05,28,5.0
2011-08-06,34,6.1
2011-08-07,26,4.7
2011-08-08,33,5.9
2011-08-09,27,4.9
2011-08-10,35,6.3
2011-08-11,22,4.0
2011-08-12,28,5.0
2011-08-13,36,6.4
2011-08-14,52,9.4
2011-08-15,26,4.7
2011-08-16,38,6.8
2011-08-17,48,8.7
2011-08-18,39,7.1
2011-08-19,44,8.0
2011-08-20,34,6.2
2011-08-21,39,7.1
2011-08-22,43,7.7
2011-08-23,23,4.1
2011-08-24,61,14.3
2011-08-25,57,12.1
2011-08-26,53,10.1
2011-08-27,53,10.3
2011-08-28,63,15.7
2011-08-29,54,10.8
2011-08-30,62,15.2
2011-08-31,60,14.0
2011-09-01,28,5.0
2011-09-02,27,4.9
2011-09-03,23,4.1
2011-09-04,49,8.9
2011-09-05,58,13.1
2011-09-06,53,10.2
2011-09-07,71,20.1
2011-09-08,103,36.5
2011-09-09,79,24.2
2011-09-10,67,17.6
2011-09-11,71,20.0
2011-09-12,82,25.5
2011-09-13,73,20.9
2011-09-14,56,11.7
2011-09-15,85,27.4
2011-09-16,38,6.8
2011-09-17,29,5.2
2011-09-18,16,2.9
2011-09-19,23,4.1
2011-09-20,20,3.6
2011-09-21,33,6.0
2011-09-22,47,8.5
2011-09-23,56,11.7
2011-09-24,59,13.6
2011-09-25,55,11.1
2011-09-26,23,4.2
2011-09-27,32,5.8
2011-09-28,13,2.3
2011-09-29,57,12.3
2011-09-30,69,18.5
2011-10-01,66,17.4
2011-10-02,56,11.6
2011-10-03,61,14.7
2011-10-04,64,16.3
2011-10-05,34,6.2
2011-10-06,11,1.9
2011-10-07,10,1.8
2011-10-08,27,4.8
2011-10-09,29,5.2
2011-10-10,39,7.1
2011-10-11,7,1.2
2011-10-12,22,3.9
2011-10-13,38,6.8
2011-10-14,37,6.6
2011-10-15,32,5.8
2011-10-16,42,7.5
2011-10-17,48,8.6
2011-10-18,54,10.8
2011-10-19,58,12.9
2011-10-20,61,14.5
2011-10-21,54,10.9
2011-10-22,10,1.8
2011-10-23,14,2.6
2011-10-24,26,4.7
2011-10-25,51,9.2
2011-10-26,53,10.3
2011-10-27,47,8.5
2011-10-28,69,18.9
2011-10-29,36,6.4
2011-10-30,54,10.8
2011-10-31,37,6.7
2011-11-01,51,9.3
2011-11-02,54,10.6
2011-11-03,56,11.8
2011-11-04,69,18.5
2011-11-05,53,10.4
2011-11-06,50,9.0
2011-11-07,64,16.3
2011-11-08,63,15.6
2011-11-09,62,15.0
2011-11-10,70,19.3
2011-11-11,63,15.3
2011-11-12,16,2.9
2011-11-13,25,4.5
2011-11-14,15,2.7
2011-11-15,39,7.0
2011-11-16,54,10.9
2011-11-17,45,8.1
2011-11-18,63,15.7
2011-11-19,60,14.0
2011-11-20,77,23.0
2011-11-21,81,25.3
2011-11-22,29,5.2
2011-11-23,21,3.7
2011-11-24,23,4.1
2011-11-25,21,3.7
2011-11-26,48,8.7
2011-11-27,61,14.2
2011-11-28,27,4.8
2011-11-29,57,12.3
2011-11-30,43,7.8
2011-12-01,63,15.7
2011-12-02,53,10.0
2011-12-03,61,14.2
2011-12-04,59,13.3
2011-12-05,58,12.7
2011-12-06,69,18.7
2011-12-07,85,27.2
2011-12-08,82,26.0
2011-12-09,69,18.9
2011-12-10,77,23.1
2011-12-11,87,28.2
2011-12-12,54,10.8
2011-12-13,60,13.7
2011-12-14,69,18.9
2011-12-15,87,28.5
2011-12-16,84,26.7
2011-12-17,76,22.5
2011-12-18,81,25.4
2011-12-19,61,14.7
2011-12-20,64,16.1
2011-12-21,44,7.9
2011-12-22,69,19.0
2011-12-23,86,28.0
2011-12-24,83,26.1
2011-12-25,71,19.8
2011-12-26,38,6.9
2011-12-27,57,12.5
2011-12-28,16,2.9
2011-12-29,26,4.7
2011-12-30,23,4.2
2011-12-31,26,4.7
2012-01-01,65,16.6
2012-01-02,62,15.2
2012-01-03,47,8.4
2012-01-04,65,16.5
2012-01-05,33,6.0
2012-01-06,42,7.6
2012-01-07,49,8.9
2012-01-08,53,10.3
2012-01-09,64,16.0
2012-01-10,49,8.9
2012-01-11,31,5.5
2012-01-12,59,13.4
2012-01-13,69,18.8
2012-01-14,62,14.9
2012-01-15,31,5.5
2012-01-16,26,4.6
2012-01-17,6,1.1
2012-01-18,27,4.9
2012-01-19,52,9.7
2012-01-20,73,21.0
2012-01-21,52,9.4
2012-01-22,30,5.4
2012-01-23,44,8.0
2012-01-24,61,14.2
2012-01-25,18,3.3
2012-01-26,28,5.0
2012-01-27,35,6.3
2012-01-28,52,9.8
2012-01-29,51,9.3
2012-01-30,14,2.6
2012-01-31,25,4.5
2012-02-01,66,17.3
2012-02-02,58,13.0
2012-02-03,58,13.0
2012-02-04,59,13.5
2012-02-05,63,15.8
2012-02-06,54,10.7
2012-02-07,36,6.4
2012-02-08,58,12.6
2012-02-09,64,16.1
2012-02-10,52,9.8
2012-02-11,53,10.2
2012-02-12,68,18.2
2012-02-13,58,13.0
2012-02-14,35,6.3
2012-02-15,55,11.3
2012-02-16,52,9.6
2012-02-17,52,9.4
2012-02-18,29,5.3
2012-02-19,15,2.7
2012-02-20,33,6.0
2012-02-21,56,11.7
2012-02-22,16,2.9
2012-02-23,18,3.3
2012-02-24,41,7.4
2012-02-25,19,3.4
2012-02-26,24,4.4
2012-02-27,26,4.6
2012-02-28,55,11.0
2012-02-29,47,8.5
2012-03-01,38,6.8
2012-03-02,28,5.1
2012-03-03,19,3.5
2012-03-04,27,4.8
2012-03-05,32,5.7
2012-03-06,27,4.9
2012-03-07,32,5.8
2012-03-08,54,10.6
2012-03-09,59,13.4
2012-03-10,55,11.1
2012-03-11,51,9.1
2012-03-12,30,5.4
2012-03-13,20,3.6
2012-03-14,23,4.2
2012-03-15,31,5.5
2012-03-16,14,2.5
2012-03-17,34,6.2
2012-03-18,28,5.0
2012-03-19,18,3.2
2012-03-20,16,2.9
2012-03-21,14,2.5
2012-03-22,27,4.9
2012-03-23,28,5.0
2012-03-24,31,5.6
2012-03-25,52,9.4
2012-03-26,40,7.2
2012-03-27,27,4.8
2012-03-28,34,6.1
2012-03-29,28,5.0
2012-03-30,6,1.0
2012-03-31,20,3.6
2012-04-01,16,2.9
2012-04-02,23,4.2
2012-04-03,31,5.6
2012-04-04,36,6.5
2012-04-05,,3.66
2012-04-06,27,4.9
2012-04-07,25,4.5
2012-04-08,38,6.9
2012-04-09,47,8.5
2012-04-10,52,9.5
2012-04-11,53,10.4
2012-04-12,32,5.7
2012-04-13,25,4.5
2012-04-14,36,6.5
2012-04-15,22,3.9
2012-04-16,21,3.8
2012-04-17,16,2.9
2012-04-18,13,2.3
2012-04-19,24,4.3
2012-04-20,24,4.4
2012-04-21,39,7.1
2012-04-22,51,9.3
2012-04-23,60,13.9
2012-04-24,42,7.5
2012-04-25,32,5.8
2012-04-26,18,3.3
2012-04-27,12,2.1
2012-04-28,18,3.3
2012-04-29,22,3.9
2012-04-30,22,4.0
2012-05-01,18,3.3
2012-05-02,19,3.4
2012-05-03,27,4.8
2012-05-04,27,4.8
2012-05-05,18,3.2
2012-05-06,31,5.6
2012-05-07,38,6.8
2012-05-08,50,9.0
2012-05-09,,12.070588
2012-05-10,34,6.1
2012-05-11,46,8.2
2012-05-12,51,9.3
2012-05-13,51,9.1
2012-05-14,52,9.4
2012-05-15,53,10.0
2012-05-16,52,9.8
2012-05-17,46,8.2
2012-05-18,37,6.7
2012-05-19,38,6.8
2012-05-20,34,6.1
2012-05-21,,5.483333
2012-05-29,,2.78
2012-05-30,26,4.7
2012-05-31,23,4.2
2012-06-01,25,4.5
2012-06-02,21,3.8
2012-06-03,30,5.4
2012-06-04,27,4.8
2012-06-05,3,0.6
2012-06-06,7,1.3
2012-06-07,19,3.4
2012-06-08,13,2.3
2012-06-09,4,0.8
2012-06-10,6,1.0
2012-06-11,21,3.7
2012-06-12,28,5.1
2012-06-13,9,1.7
2012-06-14,21,3.8
2012-06-15,24,4.3
2012-06-16,31,5.6
2012-06-17,14,2.6
2012-06-18,7,1.2
2012-06-19,7,1.3
2012-06-20,9,1.6
2012-06-21,18,3.3
2012-06-22,24,4.3
2012-06-23,42,7.6
2012-06-24,51,9.2
2012-06-25,42,7.5
2012-06-26,31,5.5
2012-06-27,12,2.2
2012-06-28,18,3.2
2012-06-29,33,5.9
2012-06-30,36,6.5
2012-07-01,27,4.9
2012-07-02,23,4.2
2012-07-03,31,5.5
2012-07-04,61,14.7
2012-07-05,51,9.2
2012-07-06,36,6.5
2012-07-07,48,8.6
2012-07-08,42,7.5
2012-07-09,51,9.3
2012-07-10,55,11.2
2012-07-11,56,11.9
2012-07-12,59,13.5
2012-07-13,58,12.9
2012-07-14,58,12.9
2012-07-15,43,7.7
2012-07-16,,4.74
2012-07-17,33,6.0
2012-07-18,34,6.1
2012-07-19,39,7.0
2012-07-20,49,8.9
2012-07-21,24,4.3
2012-07-22,31,5.6
2012-07-23,32,5.7
2012-07-24,20,3.6
2012-07-25,37,6.7
2012-07-26,37,6.6
2012-07-27,39,7.0
2012-07-28,34,6.2
2012-07-29,48,8.6
2012-07-30,51,9.3
2012-07-31,39,7.0
2012-08-01,25,4.5
2012-08-02,25,4.5
2012-08-03,17,3.1
2012-08-04,13,2.4
2012-08-05,35,6.3
2012-08-06,39,7.1
2012-08-07,51,9.2
2012-08-08,69,19.0
2012-08-09,64,16.1
2012-08-10,55,11.1
2012-08-11,47,8.5
2012-08-12,51,9.3
2012-08-13,60,13.7
2012-08-14,64,16.2
2012-08-15,22,4.0
2012-08-16,29,5.2
2012-08-17,43,7.8
2012-08-18,42,7.5
2012-08-19,50,9.0
2012-08-20,63,15.7
2012-08-21,74,21.5
2012-08-22,64,15.9
2012-08-23,58,13.1
2012-08-24,34,6.1
2012-08-25,36,6.5
2012-08-26,84,10.3
2012-08-27,113,40.3
2012-08-28,80,24.6
2012-08-29,58,12.7
2012-08-30,80,24.5
2012-08-31,124,44.9
2012-09-01,86,28.1
2012-09-02,68,18.0
2012-09-03,61,14.6
2012-09-04,43,7.7
2012-09-05,54,10.5
2012-09-06,31,5.5
2012-09-07,38,6.9
2012-09-08,64,15.9
2012-09-09,112,40.0
2012-09-10,63,15.6
2012-09-11,60,14.1
2012-09-12,60,14.0
2012-09-13,97,34.0
2012-09-14,180,96.4
2012-09-15,186,105.0
2012-09-16,82,25.6
2012-09-17,73,21.0
2012-09-18,126,45.7
2012-09-19,158,64.9
2012-09-20,170,83.1
2012-09-21,144,53.0
2012-09-22,141,51.9
2012-09-23,152,56.8
2012-09-24,170,82.3
2012-09-25,164,74.6
2012-09-26,83,26.1
2012-09-27,87,28.4
2012-09-28,117,42.2
2012-09-29,88,28.8
2012-09-30,63,15.8
2012-10-01,92,31.1
2012-10-02,63,15.7
2012-10-03,20,3.6
2012-10-04,18,3.3
2012-10-05,37,6.6
2012-10-06,38,6.8
2012-10-07,63,15.3
2012-10-08,136,49.9
2012-10-09,58,13.0
2012-10-10,78,23.7
2012-10-11,56,12.0
2012-10-12,78,23.8
2012-10-13,55,11.2
2012-10-14,37,6.7
2012-10-15,17,3.1
2012-10-16,13,2.4
2012-10-17,28,5.0
2012-10-18,58,12.8
2012-10-19,43,7.8
2012-10-20,6,1.0
2012-10-21,20,3.6
2012-10-22,43,7.7
2012-10-23,48,8.7
2012-10-24,46,8.3
2012-10-25,47,8.4
2012-10-26,48,8.6
2012-10-27,54,10.8
2012-10-28,40,7.2
2012-10-29,19,3.4
2012-10-30,,4.777778
2012-11-02,,8.927273
2012-11-03,50,9.0
2012-11-04,37,6.7
2012-11-05,31,5.5
2012-11-06,54,10.9
2012-11-07,41,7.4
2012-11-08,55,11.3
2012-11-09,17,3.1
2012-11-10,25,4.5
2012-11-11,52,9.5
2012-11-12,59,13.4
2012-11-13,62,15.1
2012-11-14,52,9.9
2012-11-15,52,9.8
2012-11-16,58,12.6
2012-11-17,53,10.0
2012-11-18,32,5.8
2012-11-19,24,4.3
2012-11-20,14,2.5
2012-11-21,22,3.9
2012-11-22,33,5.9
2012-11-23,53,10.1
2012-11-24,51,9.3
2012-11-25,28,5.0
2012-11-26,50,9.0
2012-11-27,61,14.2
2012-11-28,72,20.5
2012-11-29,84,27.0
2012-11-30,90,30.2
2012-12-01,35,6.3
2012-12-02,21,3.8
2012-12-03,19,3.5
2012-12-04,12,2.1
2012-12-05,7,1.2
2012-12-06,34,6.2
2012-12-07,18,3.2
2012-12-08,34,6.2
2012-12-09,52,9.8
2012-12-10,54,10.7
2012-12-11,53,10.0
2012-12-12,65,16.5
2012-12-13,55,11.0
2012-12-14,56,12.0
2012-12-15,63,15.4
2012-12-16,52,9.6
2012-12-17,13,2.3
2012-12-18,10,1.8
2012-12-19,24,4.4
2012-12-20,17,3.1
2012-12-21,55,11.5
2012-12-22,59,13.4
2012-12-23,32,5.7
2012-12-24,28,5.0
2012-12-25,51,9.1
2012-12-26,56,11.8
2012-12-27,65,16.6
2012-12-28,59,13.5
2012-12-29,55,11.1
2012-12-30,62,14.8
2012-12-31,42,7.6
2013-01-01,51,9.2
2013-01-02,29,5.2
2013-01-03,67,17.5
2013-01-04,72,20.6
2013-01-05,85,27.3
2013-01-06,92,31.1
2013-01-07,66,17.3
2013-01-08,31,5.6
2013-01-09,35,6.3
2013-01-10,17,3.1
2013-01-11,41,7.3
2013-01-12,61,14.3
2013-01-13,68,18.2
2013-01-14,61,14.2
2013-01-15,68,18.4
2013-01-16,80,24.4
2013-01-17,99,35.0
2013-01-18,113,40.3
2013-01-19,72,20.5
2013-01-20,81,25.1
2013-01-21,93,31.8
2013-01-22,104,36.7
2013-01-23,95,32.9
2013-01-24,62,15.0
2013-01-25,62,15.0
2013-01-26,55,11.3
2013-01-27,41,7.4
2013-01-28,28,5.0
2013-01-29,21,3.8
2013-01-30,38,6.9
2013-01-31,11,1.9
2013-02-01,28,5.0
2013-02-02,34,6.2
2013-02-03,64,16.0
2013-02-04,37,6.7
2013-02-05,46,8.3
2013-02-06,17,3.1
2013-02-07,52,9.9
2013-02-08,39,7.1
2013-02-09,16,2.8
2013-02-10,27,4.9
2013-02-11,48,8.7
2013-02-12,43,7.7
2013-02-13,13,2.4
2013-02-14,22,3.9
2013-02-15,28,5.0
2013-02-16,45,8.1
2013-02-17,22,3.9
2013-02-18,39,7.1
2013-02-19,38,6.9
2013-02-20,31,5.5
2013-02-21,28,5.0
2013-02-22,27,4.9
2013-02-23,16,2.9
2013-02-24,22,4.0
2013-02-25,17,3.0
2013-02-26,19,3.4
2013-02-27,33,6.0
2013-02-28,48,8.6
2013-03-01,31,5.6
2013-03-02,52,9.5
2013-03-03,11,2.0
2013-03-04,20,3.6
2013-03-05,35,6.3
2013-03-06,53,10.1
2013-03-07,21,3.7
2013-03-08,37,6.6
2013-03-09,33,5.9
2013-03-10,31,5.5
2013-03-11,24,4.4
2013-03-12,44,7.9
2013-03-13,30,5.4
2013-03-14,53,10.2
2013-03-15,22,4.0
2013-03-16,24,4.4
2013-03-17,11,1.9
2013-03-18,16,2.8
2013-03-19,36,6.5
2013-03-20,28,5.1
2013-03-21,15,2.7
2013-03-22,18,3.2
2013-03-23,31,5.6
2013-03-24,28,5.0
2013-03-25,31,5.5
2013-03-26,37,6.7
2013-03-27,32,5.8
2013-03-28,26,4.7
2013-03-29,26,4.6
2013-03-30,46,8.2
2013-03-31,31,5.5
2013-04-01,,6.990909
2013-04-02,41,7.4
2013-04-03,51,9.1
2013-04-04,33,6.0
2013-04-05,3,0.6
2013-04-06,8,1.4
2013-04-07,9,1.7
2013-04-08,17,3.0
2013-04-09,14,2.5
2013-04-10,28,5.0
2013-04-11,17,3.1
2013-04-12,12,2.2
2013-04-13,5,0.9
2013-04-14,12,2.1
2013-04-15,13,2.4
2013-04-16,16,2.9
2013-04-17,22,3.9
2013-04-18,32,5.8
2013-04-19,9,1.6
2013-04-20,5,0.9
2013-04-21,12,2.1
2013-04-22,21,3.7
2013-04-23,33,5.9
2013-04-24,39,7.0
2013-04-25,42,7.5
2013-04-26,43,7.7
2013-04-27,24,4.3
2013-04-28,7,1.3
2013-04-29,11,2.0
2013-04-30,14,2.6
2013-05-01,18,3.2
2013-05-02,27,4.9
2013-05-03,21,3.7
2013-05-04,19,3.4
2013-05-05,18,3.2
2013-05-06,27,4.8
2013-05-07,34,6.2
2013-05-08,48,8.7
2013-05-09,46,8.2
2013-05-10,48,8.7
2013-05-11,49,8.8
2013-05-12,51,9.3
2013-05-13,30,5.4
2013-05-14,7,1.3
2013-05-15,20,3.6
2013-05-16,28,5.1
2013-05-17,29,5.3
2013-05-18,24,4.4
2013-05-19,23,4.2
2013-05-20,19,3.4
2013-05-21,17,3.1
2013-05-22,18,3.2
2013-05-23,17,3.0
2013-05-24,12,2.1
2013-05-25,14,2.6
2013-05-26,20,3.6
2013-05-27,15,2.7
2013-05-28,13,2.4
2013-05-29,14,2.5
2013-05-30,6,1.1
2013-05-31,3,0.5
2013-06-01,27,4.8
2013-06-02,18,3.2
2013-06-03,16,2.9
2013-06-04,10,1.8
2013-06-05,,5.635294
2013-06-06,,4.492308
2013-06-07,31,5.5
2013-06-08,11,1.9
2013-06-09,14,2.5
2013-06-10,19,3.4
2013-06-11,32,5.8
2013-06-12,22,4.0
2013-06-13,14,2.6
2013-06-14,17,3.0
2013-06-15,21,3.7
2013-06-16,22,4.0
2013-06-17,20,3.6
2013-06-18,30,5.4
2013-06-19,16,2.9
2013-06-20,12,2.2
2013-06-21,8,1.5
2013-06-22,4,0.7
2013-06-23,17,3.0
2013-06-24,21,3.7
2013-06-25,10,1.8
2013-06-26,16,2.8
2013-06-27,19,3.4
2013-06-28,25,4.5
2013-06-29,38,6.8
2013-06-30,43,7.7
2013-07-01,39,7.0
2013-07-02,46,8.2
2013-07-03,38,6.9
2013-07-04,27,4.9
2013-07-05,29,5.3
2013-07-06,18,3.2
2013-07-07,32,5.7
2013-07-08,32,5.7
2013-07-09,27,4.9
2013-07-10,32,5.8
2013-07-11,34,6.1
2013-07-12,28,5.1
2013-07-13,26,4.6
2013-07-14,26,4.7
2013-07-15,33,5.9
2013-07-16,32,5.8
2013-07-17,42,7.6
2013-07-18,55,11.4
2013-07-19,56,11.8
2013-07-20,51,9.1
2013-07-21,32,5.7
2013-07-22,28,5.0
2013-07-23,36,6.4
2013-07-24,32,5.7
2013-07-25,54,10.7
2013-07-26,61,14.6
2013-07-27,58,12.7
2013-07-28,61,14.7
2013-07-29,55,11.4
2013-07-30,53,10.4
2013-07-31,57,12.1
2013-08-01,61,14.7
2013-08-02,31,5.6
2013-08-03,46,8.3
2013-08-04,35,6.3
2013-08-05,31,5.5
2013-08-06,31,5.5
2013-08-07,47,8.5
2013-08-08,44,8.0
2013-08-09,38,6.8
2013-08-10,43,7.7
2013-08-11,70,19.3
2013-08-12,61,14.3
2013-08-13,49,8.9
2013-08-14,48,8.6
2013-08-15,50,9.0
2013-08-16,55,11.5
2013-08-17,47,8.4
2013-08-18,23,4.2
2013-08-19,65,16.7
2013-08-20,85,27.1
2013-08-21,67,17.9
2013-08-22,104,36.9
2013-08-23,108,38.3
2013-08-24,72,20.5
2013-08-25,78,23.6
2013-08-26,76,22.4
2013-08-27,81,25.2
2013-08-28,58,12.9
2013-08-29,60,14.1
2013-08-30,43,7.7
2013-08-31,33,5.9
2013-09-01,49,8.8
2013-09-02,58,13.1
2013-09-03,65,16.5
2013-09-04,68,18.0
2013-09-05,47,8.5
2013-09-06,26,4.6
2013-09-07,23,4.1
2013-09-08,24,4.3
2013-09-09,23,4.1
2013-09-10,29,5.3
2013-09-11,36,6.4
2013-09-12,21,3.8
2013-09-13,41,7.4
2013-09-14,51,9.2
2013-09-15,34,6.2
2013-09-16,37,6.7
2013-09-17,35,6.3
2013-09-18,11,1.9
2013-09-19,24,4.4
2013-09-20,34,6.2
2013-09-21,38,6.9
2013-09-22,19,3.4
2013-09-23,18,3.2
2013-09-24,16,2.9
2013-09-25,10,1.8
2013-09-26,21,3.7
2013-09-27,34,6.2
2013-09-28,12,2.1
2013-09-29,9,1.6
2013-09-30,4,0.8
2013-10-01,12,2.1
2013-10-02,19,3.4
2013-10-03,22,4.0
2013-10-04,36,6.4
2013-10-05,49,8.9
2013-10-06,52,9.8
2013-10-07,54,10.6
2013-10-08,18,3.2
2013-10-09,28,5.1
2013-10-10,41,7.3
2013-10-11,44,8.0
2013-10-12,41,7.4
2013-10-13,40,7.2
2013-10-14,39,7.1
2013-10-15,42,7.5
2013-10-16,53,10.3
2013-10-17,61,14.6
2013-10-18,58,12.8
2013-10-19,66,17.1
2013-10-20,57,12.3
2013-10-21,54,10.8
2013-10-22,51,9.1
2013-10-23,52,9.9
2013-10-24,52,9.8
2013-10-25,57,12.5
2013-10-26,60,14.0
2013-10-27,55,11.4
2013-10-28,12,2.1
2013-10-29,39,7.0
2013-10-30,54,10.5
2013-10-31,47,8.5
2013-11-01,45,8.1
2013-11-02,27,4.8
2013-11-03,12,2.1
2013-11-04,31,5.5
2013-11-05,42,7.5
2013-11-06,51,9.2
2013-11-07,44,7.9
2013-11-08,21,3.8
2013-11-09,57,12.5
2013-11-10,68,18.2
2013-11-11,54,10.9
2013-11-12,55,11.4
2013-11-13,51,9.1
2013-11-14,51,9.3
2013-11-15,22,3.9
2013-11-16,12,2.2
2013-11-17,18,3.2
2013-11-18,39,7.1
2013-11-19,36,6.4
2013-11-20,22,3.9
2013-11-21,54,10.8
2013-11-22,66,17.3
2013-11-23,64,16.3
2013-11-24,69,18.6
2013-11-25,,23.881818
2013-11-26,69,18.9
2013-11-27,73,21.0
2013-11-28,74,21.3
2013-11-29,71,20.1
2013-11-30,79,24.3
2013-12-01,52,9.4
2013-12-02,20,3.6
2013-12-03,26,4.7
2013-12-04,42,7.5
2013-12-05,53,10.2
2013-12-06,36,6.4
2013-12-07,51,9.3
2013-12-08,69,19.0
2013-12-09,66,17.3
2013-12-10,55,11.2
2013-12-11,66,17.2
2013-12-12,80,24.4
2013-12-13,84,26.6
2013-12-14,80,24.8
2013-12-15,44,8.0
2013-12-16,12,2.2
2013-12-17,58,12.7
2013-12-18,23,4.1
2013-12-19,29,5.3
2013-12-20,56,11.7
2013-12-21,56,12.0
2013-12-22,58,12.6
2013-12-23,58,12.6
2013-12-24,25,4.5
2013-12-25,59,13.2
2013-12-26,71,20.1
2013-12-27,71,20.0
2013-12-28,16,2.8
2013-12-29,24,4.4
2013-12-30,55,11.1
2013-12-31,54,10.6
2014-01-01,52,9.7
2014-01-02,61,14.3
2014-01-03,9,1.6
2014-01-04,12,2.2
2014-01-05,15,2.7
2014-01-06,37,6.7
2014-01-07,58,13.0
2014-01-08,75,22.2
2014-01-09,36,6.5
2014-01-10,17,3.1
2014-01-11,14,2.5
2014-01-12,19,3.5
2014-01-13,11,2.0
2014-01-14,24,4.4
2014-01-15,43,7.8
2014-01-16,57,12.5
2014-01-17,62,15.0
2014-01-18,66,17.4
2014-01-19,72,20.2
2014-01-20,54,10.8
2014-01-21,63,15.6
2014-01-22,60,14.1
2014-01-23,56,11.6
2014-01-24,60,14.0
2014-01-25,64,16.2
2014-01-26,65,16.5
2014-01-27,24,4.3
2014-01-28,49,8.9
2014-01-29,59,13.2
2014-01-30,29,5.3
2014-01-31,44,8.0
2014-02-01,39,7.0
2014-02-02,55,11.0
2014-02-03,31,5.5
2014-02-04,,2.446667
2014-02-05,16,2.8
2014-02-06,55,11.2
2014-02-07,59,13.3
2014-02-08,48,8.6
2014-02-09,43,7.8
2014-02-10,63,15.4
2014-02-11,58,13.0
2014-02-12,17,3.0
2014-02-13,22,3.9
2014-02-14,32,5.7
2014-02-15,33,5.9
2014-02-16,10,1.8
2014-02-17,8,1.4
2014-02-18,11,2.0
2014-02-19,16,2.9
2014-02-20,23,4.2
2014-02-21,17,3.1
2014-02-22,58,12.6
2014-02-23,34,6.2
2014-02-24,26,4.6
2014-02-25,55,11.1
2014-02-26,53,10.3
2014-02-27,69,18.5
2014-02-28,28,5.1
2014-03-01,19,3.4
2014-03-02,34,6.2
2014-03-03,64,16.3
2014-03-04,35,6.3
2014-03-05,23,4.2
2014-03-06,20,3.6
2014-03-07,28,5.0
2014-03-08,52,9.6
2014-03-09,17,3.1
2014-03-10,20,3.6
2014-03-11,21,3.7
2014-03-12,37,6.7
2014-03-13,52,9.5
2014-03-14,41,7.3
2014-03-15,28,5.0
2014-03-16,48,8.7
2014-03-17,20,3.6
2014-03-18,20,3.6
2014-03-19,27,4.8
2014-03-20,14,2.6
2014-03-21,28,5.0
2014-03-22,31,5.5
2014-03-23,33,5.9
2014-03-24,42,7.5
2014-03-25,43,7.7
2014-03-26,27,4.8
2014-03-27,24,4.4
2014-03-28,11,2.0
2014-03-29,9,1.7
2014-03-30,25,4.5
2014-03-31,33,6.0
2014-04-01,34,6.1
2014-04-02,31,5.5
2014-04-03,36,6.4
2014-04-04,32,5.7
2014-04-05,14,2.6
2014-04-06,31,5.6
2014-04-07,43,7.7
2014-04-08,51,9.3
2014-04-09,22,3.9
2014-04-10,22,3.9
2014-04-11,31,5.5
2014-04-12,21,3.8
2014-04-13,27,4.9
2014-04-14,37,6.6
2014-04-15,29,5.3
2014-04-16,32,5.7
2014-04-17,26,4.6
2014-04-18,19,3.4
2014-04-19,38,6.8
2014-04-20,12,2.1
2014-04-21,26,4.6
2014-04-22,32,5.8
2014-04-23,12,2.1
2014-04-24,21,3.8
2014-04-25,17,3.0
2014-04-26,15,2.7
2014-04-27,19,3.4
2014-04-28,13,2.3
2014-04-29,19,3.5
2014-04-30,30,5.4
2014-05-01,51,9.3
2014-05-02,44,8.0
2014-05-03,53,10.3
2014-05-04,19,3.4
2014-05-05,11,1.9
2014-05-06,14,2.6
2014-05-07,18,3.2
2014-05-08,24,4.3
2014-05-09,24,4.4
2014-05-10,8,1.4
2014-05-11,11,1.9
2014-05-12,26,4.6
2014-05-13,35,6.3
2014-05-14,34,6.1
2014-05-15,40,7.2
2014-05-16,27,4.8
2014-05-17,35,6.3
2014-05-18,33,6.0
2014-05-19,17,3.0
2014-05-20,21,3.7
2014-05-21,26,4.6
2014-05-22,41,7.3
2014-05-23,41,7.4
2014-05-24,19,3.4
2014-05-25,25,4.5
2014-05-26,21,3.8
2014-05-27,29,5.3
2014-05-28,19,3.5
2014-05-29,21,3.8
2014-05-30,26,4.6
2014-05-31,32,5.7
2014-06-01,31,5.5
2014-06-02,38,6.9
2014-06-03,31,5.5
2014-06-04,25,4.5
2014-06-05,33,6.0
2014-06-06,31,5.6
2014-06-07,32,5.8
2014-06-08,33,6.0
2014-06-09,28,5.1
2014-06-10,31,5.6
2014-06-11,20,3.6
2014-06-12,24,4.3
2014-06-13,11,1.9
2014-06-14,10,1.8
2014-06-15,19,3.5
2014-06-16,11,2.0
2014-06-17,12,2.1
2014-06-18,9,1.6
2014-06-19,28,5.1
2014-06-20,32,5.8
2014-06-21,23,4.1
2014-06-22,26,4.6
2014-06-23,22,3.9
2014-06-24,23,4.2
2014-06-25,24,4.3
2014-06-26,23,4.2
2014-06-27,16,2.9
2014-06-28,9,1.7
2014-06-29,13,2.3
2014-06-30,16,2.9
2014-07-01,23,4.1
2014-07-02,44,7.9
2014-07-03,41,7.4
2014-07-04,57,12.3
2014-07-05,43,7.7
2014-07-06,13,2.3
2014-07-07,23,4.1
2014-07-08,28,5.0
2014-07-09,43,7.8
2014-07-10,34,6.1
2014-07-11,48,8.7
2014-07-12,53,10.0
2014-07-13,54,10.7
2014-07-14,53,10.3
2014-07-15,52,9.9
2014-07-16,57,12.2
2014-07-17,76,22.7
2014-07-18,147,54.1
2014-07-19,153,58.1
2014-07-20,25,4.5
2014-07-21,41,7.3
2014-07-22,32,5.7
2014-07-23,34,6.1
2014-07-24,24,4.3
2014-07-25,12,2.1
2014-07-26,32,5.7
2014-07-27,31,5.5
2014-07-28,41,7.3
2014-07-29,38,6.8
2014-07-30,39,7.0
2014-07-31,45,8.1
2014-08-01,50,9.0
2014-08-02,51,9.1
2014-08-03,62,15.2
2014-08-04,59,13.6
2014-08-05,63,15.6
2014-08-06,64,16.1
2014-08-07,63,15.4
2014-08-08,58,13.0
2014-08-09,61,14.4
2014-08-10,61,14.3
2014-08-11,64,16.0
2014-08-12,53,10.3
2014-08-13,30,5.4
2014-08-14,30,5.4
2014-08-15,39,7.1
2014-08-16,42,7.6
2014-08-17,38,6.9
2014-08-18,41,7.4
2014-08-19,46,8.3
2014-08-20,44,8.0
2014-08-21,29,5.2
2014-08-22,16,2.9
2014-08-23,9,1.6
2014-08-24,22,3.9
2014-08-25,23,4.1
2014-08-26,29,5.3
2014-08-27,25,4.5
2014-08-28,19,3.5
2014-08-29,0,0.0
2014-08-30,4,0.7
2014-08-31,2,0.4
2014-09-01,0,-0.1
2014-09-02,9,1.7
2014-09-03,0,-0.1
2014-09-04,7,1.3
2014-09-05,7,1.2
2014-09-06,18,3.3
2014-09-07,31,5.5
2014-09-08,33,6.0
2014-09-09,18,3.3
2014-09-10,1,0.2
2014-09-11,0,0.0
2014-09-12,7,1.2
2014-09-13,21,3.7
2014-09-14,21,3.7
2014-09-15,36,6.4
2014-09-16,59,13.2
2014-09-17,57,12.4
2014-09-18,69,18.5
2014-09-19,13,2.4
2014-09-20,6,1.0
2014-09-21,23,4.1
2014-09-22,37,6.7
2014-09-23,54,10.6
2014-09-24,59,13.3
2014-09-25,63,15.5
2014-09-26,11,2.0
2014-09-27,5,0.9
2014-09-28,0,-0.5
2014-09-29,0,-0.4
2014-09-30,1,0.2
2014-10-01,0,-0.2
2014-10-02,11,1.9
2014-10-03,10,1.8
2014-10-04,23,4.1
2014-10-05,4,0.8
2014-10-06,6,1.1
2014-10-07,14,2.5
2014-10-08,29,5.2
2014-10-09,29,5.3
2014-10-10,,6.407692
2014-10-14,,2.436364
2014-10-15,12,2.2
2014-10-16,0,-0.4
2014-10-17,13,2.3
2014-10-18,26,4.7
2014-10-19,20,3.6
2014-10-20,27,4.8
2014-10-21,19,3.4
2014-10-22,7,1.3
2014-10-23,0,-0.3
2014-10-24,1,0.2
2014-10-25,13,2.4
2014-10-26,0,0.0
2014-10-27,15,2.7
2014-10-28,41,7.3
2014-10-29,36,6.5
2014-10-30,36,6.5
2014-10-31,42,7.6
2014-11-01,46,8.2
2014-11-02,13,2.3
2014-11-03,16,2.9
2014-11-04,18,3.2
2014-11-05,21,3.8
2014-11-06,27,4.9
2014-11-07,19,3.4
2014-11-08,60,13.8
2014-11-09,46,8.3
2014-11-10,32,5.7
2014-11-11,36,6.5
2014-11-12,52,9.6
2014-11-13,63,15.7
2014-11-14,58,13.1
2014-11-15,54,10.7
2014-11-16,63,15.5
2014-11-17,57,12.4
2014-11-18,68,18.4
2014-11-19,72,20.3
2014-11-20,70,19.5
2014-11-21,86,28.0
2014-11-22,22,4.0
2014-11-23,12,2.2
2014-11-24,29,5.2
2014-11-25,41,7.4
2014-11-26,60,14.0
2014-11-27,42,7.5
2014-11-28,6,1.0
2014-11-29,13,2.4
2014-11-30,47,8.5
2014-12-01,58,12.9
2014-12-02,67,17.9
2014-12-03,65,16.4
2014-12-04,55,11.5
2014-12-05,77,23.3
2014-12-06,69,18.6
2014-12-07,56,11.6
2014-12-08,48,8.6
2014-12-09,55,11.5
2014-12-10,63,15.8
2014-12-11,52,9.8
2014-12-12,56,11.9
2014-12-13,26,4.7
2014-12-14,41,7.3
2014-12-15,44,8.0
2014-12-16,46,8.3
2014-12-17,61,14.7
2014-12-18,60,14.1
2014-12-19,58,12.9
2014-12-20,54,10.7
2014-12-21,21,3.8
2014-12-22,19,3.5
2014-12-23,46,8.2
2014-12-24,41,7.3
2014-12-25,30,5.4
2014-12-26,34,6.2
2014-12-27,25,4.5
2014-12-28,30,5.4
2014-12-29,29,5.2
2014-12-30,52,9.8
2014-12-31,63,15.4
2015-01-01,81,25.2
2015-01-02,74,21.3
2015-01-03,67,17.7
2015-01-04,37,6.7
2015-01-05,64,16.0
2015-01-06,60,14.0
2015-01-07,56,11.7
2015-01-08,57,12.1
2015-01-09,41,7.3
2015-01-10,62,15.1
2015-01-11,70,19.5
2015-01-12,58,12.7
2015-01-13,57,12.2
2015-01-14,61,14.2
2015-01-15,64,16.2
2015-01-16,64,16.1
2015-01-17,52,9.4
2015-01-18,46,8.2
2015-01-19,24,4.4
2015-01-20,41,7.4
2015-01-21,51,9.1
2015-01-22,69,18.7
2015-01-23,67,17.6
2015-01-24,58,13.1
2015-01-25,57,12.5
2015-01-26,56,11.7
2015-01-27,69,18.6
2015-01-28,65,16.6
2015-01-29,59,13.4
2015-01-30,61,14.5
2015-01-31,61,14.5
2015-02-01,50,9.0
2015-02-02,57,12.1
2015-02-03,22,3.9
2015-02-04,44,7.9
2015-02-05,55,11.2
2015-02-06,33,5.9
2015-02-07,22,3.9
2015-02-08,21,3.7
2015-02-09,28,5.1
2015-02-10,32,5.7
2015-02-11,41,7.4
2015-02-12,53,10.4
2015-02-13,56,11.8
2015-02-14,52,9.7
2015-02-15,39,7.0
2015-02-16,32,5.7
2015-02-17,54,10.8
2015-02-18,62,15.1
2015-02-19,53,10.0
2015-02-20,28,5.1
2015-02-21,28,5.1
2015-02-22,32,5.7
2015-02-23,52,9.7
2015-02-24,56,11.8
2015-02-25,31,5.5
2015-02-26,21,3.7
2015-02-27,23,4.2
2015-02-28,33,6.0
2015-03-01,52,9.6
2015-03-02,50,9.0
2015-03-03,26,4.7
2015-03-04,51,9.1
2015-03-05,56,11.9
2015-03-06,56,11.7
2015-03-07,44,8.0
2015-03-08,53,10.2
2015-03-09,53,10.0
2015-03-10,57,12.3
2015-03-11,60,13.8
2015-03-12,36,6.4
2015-03-13,43,7.8
2015-03-14,44,7.9
2015-03-15,19,3.4
2015-03-16,18,3.2
2015-03-17,12,2.2
2015-03-18,18,3.2
2015-03-19,32,5.8
2015-03-20,34,6.1
2015-03-21,38,6.9
2015-03-22,36,6.5
2015-03-23,24,4.3
2015-03-24,22,3.9
2015-03-25,21,3.8
2015-03-26,25,4.5
2015-03-27,28,5.1
2015-03-28,21,3.7
2015-03-29,27,4.8
2015-03-30,36,6.5
2015-03-31,34,6.2
2015-04-01,28,5.0
2015-04-02,28,5.0
2015-04-03,39,7.1
2015-04-04,47,8.5
2015-04-05,38,6.8
2015-04-06,14,2.5
2015-04-07,29,5.2
2015-04-08,30,5.4
2015-04-09,24,4.3
2015-04-10,33,6.0
2015-04-11,17,3.1
2015-04-12,18,3.2
2015-04-13,34,6.1
2015-04-14,34,6.1
2015-04-15,14,2.6
2015-04-16,23,4.2
2015-04-17,38,6.9
2015-04-18,45,8.1
2015-04-19,30,5.4
2015-04-20,44,7.9
2015-04-21,53,10.0
2015-04-22,47,8.4
2015-04-23,35,6.3
2015-04-24,25,4.5
2015-04-25,24,4.4
2015-04-26,11,2.0
2015-04-27,22,3.9
2015-04-28,23,4.2
2015-04-29,24,4.4
2015-04-30,53,10.1
2015-05-01,61,14.4
2015-05-02,55,11.3
2015-05-03,46,8.2
2015-05-04,49,8.9
2015-05-05,34,6.2
2015-05-06,28,5.1
2015-05-07,18,3.3
2015-05-08,28,5.1
2015-05-09,32,5.7
2015-05-10,41,7.3
2015-05-11,34,6.2
2015-05-12,44,7.9
2015-05-13,21,3.7
2015-05-14,21,3.8
2015-05-15,24,4.3
2015-05-16,12,2.2
2015-05-17,10,1.8
2015-05-18,16,2.8
2015-05-19,22,4.0
2015-05-20,19,3.5
2015-05-21,16,2.9
2015-05-22,18,3.3
2015-05-23,17,3.0
2015-05-24,21,3.7
2015-05-25,19,3.4
2015-05-26,13,2.4
2015-05-27,9,1.6
2015-05-28,22,3.9
2015-05-29,18,3.3
2015-05-30,32,5.7
2015-05-31,25,4.5
2015-06-01,21,3.7
2015-06-02,12,2.2
2015-06-03,8,1.4
2015-06-04,9,1.7
2015-06-05,17,3.1
2015-06-06,24,4.3
2015-06-07,29,5.3
2015-06-08,34,6.2
2015-06-09,38,6.8
2015-06-10,29,5.2
2015-06-11,33,6.0
2015-06-12,23,4.2
2015-06-13,21,3.7
2015-06-14,17,3.1
2015-06-15,21,3.8
2015-06-16,22,3.9
2015-06-17,30,5.4
2015-06-18,34,6.1
2015-06-19,27,4.9
2015-06-20,19,3.4
2015-06-21,32,5.7
2015-06-22,27,4.9
2015-06-23,29,5.3
2015-06-24,26,4.7
2015-06-25,27,4.9
2015-06-26,47,8.4
2015-06-27,43,7.8
2015-06-28,43,7.7
2015-06-29,53,10.2
2015-06-30,52,9.9
2015-07-01,33,5.9
2015-07-02,56,11.9
2015-07-03,47,8.5
2015-07-04,55,11.5
2015-07-05,30,5.4
2015-07-06,27,4.9
2015-07-07,55,11.4
2015-07-08,71,20.0
2015-07-09,64,16.2
2015-07-10,60,13.9
2015-07-11,42,7.6
2015-07-12,39,7.1
2015-07-13,45,8.1
2015-07-14,19,3.5
2015-07-15,31,5.6
2015-07-16,44,7.9
2015-07-17,36,6.5
2015-07-18,27,4.8
2015-07-19,55,11.5
2015-07-20,53,10.4
2015-07-21,58,12.9
2015-07-22,53,10.4
2015-07-23,,9.075
2015-08-05,,6.330769
2015-08-06,27,4.8
2015-08-07,18,3.2
2015-08-08,17,3.1
2015-08-09,28,5.0
2015-08-10,44,7.9
2015-08-11,33,6.0
2015-08-12,51,9.1
2015-08-13,68,18.4
2015-08-14,70,19.3
2015-08-15,155,60.9
2015-08-16,70,19.4
2015-08-17,79,23.9
2015-08-18,87,28.5
2015-08-19,97,33.6
2015-08-20,160,68.0
2015-08-21,160,67.8
2015-08-22,73,20.9
2015-08-23,117,41.9
2015-08-24,165,74.9
2015-08-25,173,86.4
2015-08-26,159,66.8
2015-08-27,164,73.5
2015-08-28,202,126.4
2015-08-29,208,132.4
2015-08-30,101,35.7
2015-08-31,44,8.0
2015-09-01,70,19.2
2015-09-02,62,15.0
2015-09-03,33,5.9
2015-09-04,17,3.0
2015-09-05,13,2.4
2015-09-06,14,2.5
2015-09-07,9,1.7
2015-09-08,24,4.4
2015-09-09,19,3.5
2015-09-10,43,7.7
2015-09-11,52,9.7
2015-09-12,47,8.4
2015-09-13,46,8.2
2015-09-14,53,10.1
2015-09-15,33,6.0
2015-09-16,24,4.4
2015-09-17,15,2.7
2015-09-18,12,2.1
2015-09-19,17,3.0
2015-09-20,14,2.6
2015-09-21,12,2.2
2015-09-22,22,3.9
2015-09-23,32,5.7
2015-09-24,39,7.1
2015-09-25,49,8.9
2015-09-26,58,12.7
2015-09-27,26,4.6
2015-09-28,53,10.2
2015-09-29,53,10.3
2015-09-30,44,8.0
2015-10-01,54,10.7
2015-10-02,57,12.1
2015-10-03,52,9.5
2015-10-04,6,1.0
2015-10-05,24,4.4
2015-10-06,39,7.0
2015-10-07,57,12.5
2015-10-08,44,7.9
2015-10-09,37,6.6
2015-10-10,39,7.1
2015-10-11,11,1.9
2015-10-12,24,4.4
2015-10-13,24,4.4
2015-10-14,18,3.2
2015-10-15,26,4.6
2015-10-16,36,6.5
2015-10-17,41,7.3
2015-10-18,55,11.5
2015-10-19,56,11.8
2015-10-20,29,5.3
2015-10-21,36,6.5
2015-10-22,36,6.4
2015-10-23,47,8.4
2015-10-24,56,12.0
2015-10-25,54,10.5
2015-10-26,61,14.2
2015-10-27,35,6.3
2015-10-28,39,7.1
2015-10-29,50,9.0
2015-10-30,17,3.0
2015-10-31,12,2.2
2015-11-01,12,2.1
2015-11-02,28,5.0
2015-11-03,38,6.8
2015-11-04,51,9.3
2015-11-05,63,15.7
2015-11-06,55,11.4
2015-11-07,51,9.3
2015-11-08,54,10.8
2015-11-09,51,9.2
2015-11-10,54,10.9
2015-11-11,48,8.6
2015-11-12,56,11.9
2015-11-13,31,5.5
2015-11-14,37,6.7
2015-11-15,52,9.4
2015-11-16,26,4.6
2015-11-17,26,4.7
2015-11-18,26,4.6
2015-11-19,30,5.4
2015-11-20,50,9.0
2015-11-21,61,14.5
2015-11-22,68,18.1
2015-11-23,67,17.6
2015-11-24,57,12.2
2015-11-25,51,9.1
2015-11-26,70,19.1
2015-11-27,75,22.1
2015-11-28,73,20.7
2015-11-29,81,25.2
2015-11-30,91,30.5
2015-12-01,92,30.9
2015-12-02,90,30.1
2015-12-03,82,26.0
2015-12-04,70,19.5
2015-12-05,42,7.5
2015-12-06,39,7.1
2015-12-07,37,6.6
2015-12-08,12,2.1
2015-12-09,8,1.4
2015-12-10,26,4.6
2015-12-11,48,8.7
2015-12-12,44,7.9
2015-12-13,8,1.4
2015-12-14,23,4.2
2015-12-15,28,5.1
2015-12-16,24,4.3
2015-12-17,48,8.6
2015-12-18,51,9.2
2015-12-19,55,11.1
2015-12-20,40,7.2
2015-12-21,38,6.9
2015-12-22,24,4.4
2015-12-23,38,6.9
2015-12-24,46,8.2
2015-12-25,58,12.8
2015-12-26,76,22.6
2015-12-27,65,16.8
2015-12-28,68,18.3
2015-12-29,75,21.8
2015-12-30,75,22.2
2015-12-31,66,17.3
2016-01-01,61,14.6
2016-01-02,61,14.6
2016-01-03,74,21.7
2016-01-04,80,24.7
2016-01-05,93,31.7
2016-01-06,115,41.2
2016-01-07,98,34.3
2016-01-08,58,13.0
2016-01-09,85,27.3
2016-01-10,78,23.6
2016-01-11,73,20.7
2016-01-12,85,27.5
2016-01-13,84,26.7
2016-01-14,36,6.4
2016-01-15,56,11.9
2016-01-16,63,15.6
2016-01-17,77,23.3
2016-01-18,58,13.0
2016-01-19,44,7.9
2016-01-20,31,5.5
2016-01-21,46,8.2
2016-01-22,59,13.3
2016-01-23,63,15.8
2016-01-24,60,13.9
2016-01-25,53,10.1
2016-01-26,53,10.0
2016-01-27,57,12.5
2016-01-28,57,12.4
2016-01-29,24,4.3
2016-01-30,27,4.9
2016-01-31,43,7.8
2016-02-01,53,10.1
2016-02-02,48,8.7
2016-02-03,67,17.6
2016-02-04,66,17.3
2016-02-05,58,13.1
2016-02-06,36,6.4
2016-02-07,51,9.1
2016-02-08,62,14.8
2016-02-09,61,14.6
2016-02-10,61,14.7
2016-02-11,54,10.8
2016-02-12,53,10.4
2016-02-13,22,3.9
2016-02-14,24,4.3
2016-02-15,26,4.6
2016-02-16,17,3.0
2016-02-17,41,7.4
2016-02-18,26,4.7
2016-02-19,20,3.6
2016-02-20,20,3.6
2016-02-21,39,7.1
2016-02-22,26,4.6
2016-02-23,52,9.8
2016-02-24,56,11.9
2016-02-25,51,9.3
2016-02-26,55,11.4
2016-02-27,52,9.5
2016-02-28,26,4.7
2016-02-29,22,4.0
2016-03-01,55,11.5
2016-03-02,32,5.7
2016-03-03,42,7.5
2016-03-04,52,9.8
2016-03-05,59,13.2
2016-03-06,43,7.8
2016-03-07,29,5.2
2016-03-08,21,3.7
2016-03-09,52,9.8
2016-03-10,14,2.5
2016-03-11,23,4.2
2016-03-12,32,5.7
2016-03-13,15,2.7
2016-03-14,21,3.8
2016-03-15,21,3.7
2016-03-16,19,3.4
2016-03-17,28,5.0
2016-03-18,32,5.8
2016-03-19,42,7.5
2016-03-20,53,10.1
2016-03-21,22,3.9
2016-03-22,26,4.7
2016-03-23,22,4.0
2016-03-24,11,2.0
2016-03-25,16,2.9
2016-03-26,19,3.4
2016-03-27,31,5.5
2016-03-28,18,3.3
2016-03-29,25,4.5
2016-03-30,38,6.9
2016-03-31,37,6.6
2016-04-01,28,5.0
2016-04-02,31,5.5
2016-04-03,40,7.2
2016-04-04,23,4.1
2016-04-05,19,3.4
2016-04-06,27,4.9
2016-04-07,19,3.5
2016-04-08,32,5.8
2016-04-09,34,6.1
2016-04-10,21,3.7
2016-04-11,25,4.5
2016-04-12,33,6.0
2016-04-13,17,3.1
2016-04-14,14,2.6
2016-04-15,16,2.8
2016-04-16,24,4.4
2016-04-17,35,6.3
2016-04-18,22,3.9
2016-04-19,38,6.8
2016-04-20,52,9.4
2016-04-21,37,6.7
2016-04-22,47,8.4
2016-04-23,29,5.3
2016-04-24,8,1.4
2016-04-25,19,3.4
2016-04-26,17,3.0
2016-04-27,12,2.2
2016-04-28,14,2.5
2016-04-29,22,3.9
2016-04-30,14,2.5
2016-05-01,34,6.1
2016-05-02,27,4.9
2016-05-03,32,5.7
2016-05-04,36,6.5
2016-05-05,39,7.0
2016-05-06,44,7.9
2016-05-07,51,9.2
2016-05-08,43,7.7
2016-05-09,21,3.8
2016-05-10,20,3.6
2016-05-11,22,4.0
2016-05-12,29,5.3
2016-05-13,24,4.4
2016-05-14,36,6.5
2016-05-15,22,4.0
2016-05-16,9,1.7
2016-05-17,26,4.6
2016-05-18,34,6.2
2016-05-19,13,2.4
2016-05-20,17,3.0
2016-05-21,19,3.5
2016-05-22,14,2.5
2016-05-23,12,2.2
2016-05-24,15,2.7
2016-05-25,23,4.1
2016-05-26,26,4.7
2016-05-27,31,5.6
2016-05-28,36,6.4
2016-05-29,30,5.4
2016-05-30,21,3.8
2016-05-31,19,3.4
2016-06-01,28,5.1
2016-06-02,33,6.0
2016-06-03,19,3.5
2016-06-04,24,4.3
2016-06-05,34,6.2
2016-06-06,32,5.7
2016-06-07,46,8.2
2016-06-08,44,8.0
2016-06-09,29,5.2
2016-06-10,32,5.8
2016-06-11,13,2.3
2016-06-12,13,2.4
2016-06-13,18,3.2
2016-06-14,9,1.7
2016-06-15,14,2.6
2016-06-16,16,2.8
2016-06-17,14,2.5
2016-06-18,24,4.3
2016-06-19,16,2.9
2016-06-20,19,3.4
2016-06-21,27,4.9
2016-06-22,24,4.4
2016-06-23,28,5.0
2016-06-24,18,3.3
2016-06-25,14,2.6
2016-06-26,21,3.7
2016-06-27,26,4.7
2016-06-28,28,5.1
2016-06-29,40,7.2
2016-06-30,41,7.3
2016-07-01,35,6.3
2016-07-02,28,5.0
2016-07-03,12,2.2
2016-07-04,48,8.6
2016-07-05,26,4.6
2016-07-06,11,2.0
2016-07-07,12,2.2
2016-07-08,22,4.0
2016-07-09,20,3.6
2016-07-10,13,2.4
2016-07-11,17,3.0
2016-07-12,17,3.1
2016-07-13,16,2.9
2016-07-14,17,3.0
2016-07-15,28,5.0
2016-07-16,16,2.9
2016-07-17,16,2.8
2016-07-18,21,3.7
2016-07-19,28,5.0
2016-07-20,17,3.1
2016-07-21,28,5.0
2016-07-22,33,5.9
2016-07-23,17,3.1
2016-07-24,15,2.7
2016-07-25,25,4.5
2016-07-26,28,5.0
2016-07-27,27,4.9
2016-07-28,24,4.4
2016-07-29,29,5.2
2016-07-30,29,5.3
2016-07-31,40,7.2
2016-08-01,47,8.5
2016-08-02,60,13.7
2016-08-03,47,8.5
2016-08-04,28,5.0
2016-08-05,48,8.6
2016-08-06,54,10.5
2016-08-07,45,8.1
2016-08-08,39,7.0
2016-08-09,21,3.8
2016-08-10,22,3.9
2016-08-11,21,3.8
2016-08-12,21,3.7
2016-08-13,22,4.0
2016-08-14,33,6.0
2016-08-15,34,6.1
2016-08-16,37,6.6
2016-08-17,37,6.6
2016-08-18,30,5.4
2016-08-19,12,2.2
2016-08-20,24,4.4
2016-08-21,37,6.6
2016-08-22,53,10.0
2016-08-23,51,9.3
2016-08-24,53,10.3
2016-08-25,24,4.3
2016-08-26,30,5.4
2016-08-27,35,6.3
2016-08-28,53,10.3
2016-08-29,79,23.9
2016-08-30,72,20.3
2016-08-31,88,29.0
2016-09-01,69,18.5
2016-09-02,22,3.9
2016-09-03,16,2.9
2016-09-04,17,3.1
2016-09-05,8,1.5
2016-09-06,21,3.7
2016-09-07,24,4.3
2016-09-08,18,3.2
2016-09-09,18,3.3
2016-09-10,26,4.6
2016-09-11,24,4.4
2016-09-12,7,1.3
2016-09-13,12,2.2
2016-09-14,23,4.2
2016-09-15,32,5.8
2016-09-16,36,6.4
2016-09-17,37,6.7
2016-09-18,6,1.1
2016-09-19,21,3.7
2016-09-20,24,4.4
2016-09-21,21,3.7
2016-09-22,12,2.1
2016-09-23,14,2.6
2016-09-24,25,4.5
2016-09-25,28,5.1
2016-09-26,32,5.8
2016-09-27,31,5.5
2016-09-28,36,6.5
2016-09-29,37,6.6
2016-09-30,27,4.8
2016-10-01,33,5.9
2016-10-02,41,7.4
2016-10-03,38,6.8
2016-10-04,24,4.3
2016-10-05,23,4.1
2016-10-06,16,2.9
2016-10-07,28,5.1
2016-10-08,33,5.9
2016-10-09,23,4.2
2016-10-10,17,3.1
2016-10-11,25,4.5
2016-10-12,43,7.8
2016-10-13,,9.99375
2016-10-14,,5.281818
2016-10-15,19,3.5
2016-10-16,,2.375
2016-10-17,15,2.7
2016-10-18,17,3.0
2016-10-19,23,4.1
2016-10-20,52,9.4
2016-10-21,36,6.5
2016-10-22,18,3.2
2016-10-23,39,7.0
2016-10-24,46,8.2
2016-10-25,35,6.3
2016-10-26,40,7.2
2016-10-27,42,7.5
2016-10-28,28,5.1
2016-10-29,46,8.3
2016-10-30,34,6.2
2016-10-31,9,1.7
2016-11-01,26,4.6
2016-11-02,45,8.1
2016-11-03,52,9.7
2016-11-04,57,12.2
2016-11-05,57,12.5
2016-11-06,52,9.8
2016-11-07,52,9.8
2016-11-08,52,9.6
2016-11-09,52,9.7
2016-11-10,57,12.5
2016-11-11,54,10.9
2016-11-12,57,12.1
2016-11-13,16,2.9
2016-11-14,24,4.4
2016-11-15,12,2.1
2016-11-16,19,3.4
2016-11-17,56,11.6
2016-11-18,56,11.8
2016-11-19,59,13.3
2016-11-20,63,15.8
2016-11-21,38,6.8
2016-11-22,39,7.0
2016-11-23,46,8.3
2016-11-24,30,5.4
2016-11-25,53,10.2
2016-11-26,63,15.6
2016-11-27,61,14.5
2016-11-28,26,4.7
2016-11-29,36,6.5
2016-11-30,55,11.2
2016-12-01,54,10.6
2016-12-02,29,5.3
2016-12-03,34,6.2
2016-12-04,16,2.9
2016-12-05,31,5.5
2016-12-06,28,5.1
2016-12-07,33,5.9
2016-12-08,47,8.4
2016-12-09,52,9.4
2016-12-10,63,15.3
2016-12-11,54,10.6
2016-12-12,,6.6
2016-12-13,44,8.0
2016-12-14,56,11.8
2016-12-15,46,8.3
2016-12-16,49,8.9
2016-12-17,67,17.5
2016-12-18,75,21.9
2016-12-19,66,17.1
2016-12-20,42,7.5
2016-12-21,35,6.3
2016-12-22,67,17.6
2016-12-23,68,18.4
2016-12-24,70,19.3
2016-12-25,53,10.3
2016-12-26,58,12.8
2016-12-27,32,5.8
2016-12-28,38,6.8
2016-12-29,59,13.2
2016-12-30,41,7.4
2016-12-31,59,13.2
2017-01-01,65,16.8
2017-01-02,17,3.0
2017-01-03,46,8.3
2017-01-04,62,15.1
2017-01-05,72,20.5
2017-01-06,79,24.0
2017-01-07,86,27.7
2017-01-08,76,22.5
2017-01-09,63,15.8
2017-01-10,61,14.4
2017-01-11,29,5.2
2017-01-12,64,15.9
2017-01-13,92,30.9
2017-01-14,97,33.6
2017-01-15,98,34.3
2017-01-16,103,36.4
2017-01-17,96,33.0
2017-01-18,89,29.3
2017-01-19,78,23.6
2017-01-20,55,11.3
2017-01-21,68,18.4
2017-01-22,67,17.5
2017-01-23,46,8.2
2017-01-24,42,7.5
2017-01-25,66,17.0
2017-01-26,65,16.5
2017-01-27,56,11.6
2017-01-28,76,22.4
2017-01-29,82,25.9
2017-01-30,57,12.4
2017-01-31,16,2.9
2017-02-01,29,5.3
2017-02-02,54,10.5
2017-02-03,52,9.9
2017-02-04,69,18.7
2017-02-05,51,9.2
2017-02-06,22,3.9
2017-02-07,49,8.8
2017-02-08,62,14.9
2017-02-09,37,6.6
2017-02-10,17,3.1
2017-02-11,18,3.3
2017-02-12,53,10.2
2017-02-13,60,13.9
2017-02-14,66,17.4
2017-02-15,69,18.7
2017-02-16,64,16.2
2017-02-17,23,4.2
2017-02-18,48,8.6
2017-02-19,19,3.4
2017-02-20,24,4.4
2017-02-21,31,5.6
2017-02-22,24,4.4
2017-02-23,35,6.3
2017-02-24,31,5.6
2017-02-25,25,4.5
2017-02-26,,4.65
2017-03-01,,5.192308
2017-03-02,26,4.7
2017-03-03,31,5.6
2017-03-04,23,4.2
2017-03-05,17,3.0
2017-03-06,20,3.6
2017-03-07,28,5.0
2017-03-08,19,3.4
2017-03-09,26,4.7
2017-03-10,39,7.0
2017-03-11,37,6.7
2017-03-12,18,3.2
2017-03-13,27,4.9
2017-03-14,24,4.4
2017-03-15,23,4.2
2017-03-16,17,3.1
2017-03-17,39,7.1
2017-03-18,28,5.0
2017-03-19,14,2.6
2017-03-20,26,4.7
2017-03-21,26,4.7
2017-03-22,22,3.9
2017-03-23,14,2.6
2017-03-24,34,6.2
2017-03-25,14,2.6
2017-03-26,27,4.9
2017-03-27,27,4.9
2017-03-28,22,3.9
2017-03-29,17,3.1
2017-03-30,26,4.6
2017-03-31,28,5.0
2017-04-01,29,5.2
2017-04-02,22,3.9
2017-04-03,18,3.3
2017-04-04,26,4.6
2017-04-05,29,5.3
2017-04-06,22,4.0
2017-04-07,13,2.3
2017-04-08,13,2.3
2017-04-09,18,3.3
2017-04-10,26,4.7
2017-04-11,25,4.5
2017-04-12,19,3.5
2017-04-13,18,3.2
2017-04-14,19,3.5
2017-04-15,18,3.2
2017-04-16,24,4.3
2017-04-17,22,4.0
2017-04-18,17,3.0
2017-04-19,28,5.1
2017-04-20,34,6.2
2017-04-21,24,4.3
2017-04-22,21,3.8
2017-04-23,13,2.3
2017-04-24,15,2.7
2017-04-25,14,2.6
2017-04-26,7,1.3
2017-04-27,18,3.3
2017-04-28,17,3.0
2017-04-29,,4.24375
2017-04-30,,7.133333
2017-05-01,,4.823077
2017-05-02,,4.135714
2017-05-03,21,3.7
2017-05-04,18,3.3
2017-05-05,31,5.5
2017-05-06,23,4.1
2017-05-07,13,2.3
2017-05-08,23,4.1
2017-05-09,28,5.1
2017-05-10,39,7.1
2017-05-11,47,8.4
2017-05-12,29,5.2
2017-05-13,13,2.4
2017-05-14,13,2.4
2017-05-15,15,2.7
2017-05-16,16,2.8
2017-05-17,17,3.1
2017-05-18,27,4.9
2017-05-19,22,4.0
2017-05-20,24,4.4
2017-05-21,24,4.4
2017-05-22,26,4.7
2017-05-23,29,5.3
2017-05-24,21,3.8
2017-05-25,13,2.4
2017-05-26,20,3.6
2017-05-27,23,4.2
2017-05-28,32,5.7
2017-05-29,34,6.1
2017-05-30,36,6.4
2017-05-31,36,6.4
2017-06-01,,4.36875
2017-06-02,16,2.8
2017-06-03,29,5.2
2017-06-04,28,5.0
2017-06-05,19,3.4
2017-06-06,28,5.0
2017-06-07,32,5.8
2017-06-08,32,5.8
2017-06-09,12,2.1
2017-06-10,14,2.5
2017-06-11,16,2.9
2017-06-12,22,3.9
2017-06-13,14,2.6
2017-06-14,17,3.1
2017-06-15,19,3.4
2017-06-16,7,1.3
2017-06-17,14,2.5
2017-06-18,13,2.3
2017-06-19,18,3.3
2017-06-20,33,5.9
2017-06-21,20,3.6
2017-06-22,28,5.0
2017-06-23,24,4.4
2017-06-24,23,4.1
2017-06-25,32,5.8
2017-06-26,46,8.2
2017-06-27,27,4.9
2017-06-28,35,6.3
2017-06-29,37,6.7
2017-06-30,38,6.8
2017-07-01,45,8.1
2017-07-02,42,7.6
2017-07-03,53,10.1
2017-07-04,59,13.6
2017-07-05,60,13.9
2017-07-06,55,11.3
2017-07-07,51,9.3
2017-07-08,52,9.8
2017-07-09,52,9.7
2017-07-10,52,9.9
2017-07-11,28,5.1
2017-07-12,31,5.6
2017-07-13,37,6.7
2017-07-14,41,7.4
2017-07-15,47,8.4
2017-07-16,43,7.8
2017-07-17,34,6.2
2017-07-18,52,9.6
2017-07-19,56,12.0
2017-07-20,54,10.6
2017-07-21,60,14.1
2017-07-22,71,19.9
2017-07-23,,6.846154
2017-07-24,36,6.4
2017-07-25,63,15.6
2017-07-26,79,23.9
2017-07-27,53,10.4
2017-07-28,57,12.1
2017-07-29,68,18.3
2017-07-30,84,26.7
2017-07-31,89,29.4
2017-08-01,93,31.6
2017-08-02,79,23.9
2017-08-03,68,18.2
2017-08-04,94,32.2
2017-08-05,78,23.6
2017-08-06,65,16.6
2017-08-07,85,27.4
2017-08-08,82,26.0
2017-08-09,82,25.9
2017-08-10,153,58.6
2017-08-11,151,55.6
2017-08-12,158,65.7
2017-08-13,110,39.3
2017-08-14,52,9.6
2017-08-15,65,16.5
2017-08-16,85,27.4
2017-08-17,84,26.8
2017-08-18,103,36.4
2017-08-19,52,9.5
2017-08-20,121,43.7
2017-08-21,120,43.3
2017-08-22,141,51.9
2017-08-23,175,90.1
2017-08-24,136,49.6
2017-08-25,74,21.2
2017-08-26,61,14.3
2017-08-27,97,34.0
2017-08-28,152,56.6
2017-08-29,159,66.6
2017-08-30,161,70.0
2017-08-31,93,31.9
2017-09-01,77,23.3
2017-09-02,90,30.1
2017-09-03,144,52.9
2017-09-04,220,144.8
2017-09-05,171,84.7
2017-09-06,192,114.5
2017-09-07,219,143.9
2017-09-08,211,135.4
2017-09-09,163,73.1
2017-09-10,54,10.5
2017-09-11,70,19.2
2017-09-12,102,35.9
2017-09-13,68,18.0
2017-09-14,77,23.3
2017-09-15,43,7.8
2017-09-16,31,5.5
2017-09-17,56,11.8
2017-09-18,62,15.0
2017-09-19,16,2.8
2017-09-20,25,4.5
2017-09-21,28,5.0
2017-09-22,14,2.6
2017-09-23,28,5.0
2017-09-24,44,8.0
2017-09-25,44,8.0
2017-09-26,45,8.1
2017-09-27,54,10.6
2017-09-28,36,6.5
2017-09-29,38,6.8
2017-09-30,37,6.6
2017-10-01,23,4.1
2017-10-02,16,2.8
2017-10-03,16,2.8
2017-10-04,32,5.8
2017-10-05,42,7.6
2017-10-06,33,6.0
2017-10-07,19,3.5
2017-10-08,23,4.2
2017-10-09,30,5.4
2017-10-10,34,6.2
2017-10-11,52,9.9
2017-10-12,,6.466667
2017-10-13,23,4.2
2017-10-14,19,3.4
2017-10-15,25,4.5
2017-10-16,30,5.4
2017-10-17,35,6.3
2017-10-18,19,3.5
2017-10-19,47,8.4
2017-10-20,27,4.9
2017-10-21,9,1.7
2017-10-22,8,1.5
2017-10-23,24,4.3
2017-10-24,34,6.2
2017-10-25,26,4.6
2017-10-26,24,4.3
2017-10-27,35,6.3
2017-10-28,52,9.6
2017-10-29,38,6.9
2017-10-30,25,4.5
2017-10-31,53,10.1
2017-11-01,38,6.8
2017-11-02,24,4.4
2017-11-03,36,6.5
2017-11-04,58,12.8
2017-11-05,51,9.3
2017-11-06,36,6.5
2017-11-07,44,7.9
2017-11-08,53,10.1
2017-11-09,,13.4
2017-11-13,,7.930769
2017-11-14,29,5.3
2017-11-15,55,11.4
2017-11-16,41,7.3
2017-11-17,18,3.3
2017-11-18,26,4.6
2017-11-19,58,12.9
2017-11-20,51,9.1
2017-11-21,47,8.4
2017-11-22,54,10.5
2017-11-23,18,3.2
2017-11-24,33,5.9
2017-11-25,49,8.8
2017-11-26,31,5.5
2017-11-27,13,2.3
2017-11-28,36,6.4
2017-11-29,34,6.2
2017-11-30,53,10.1
2017-12-01,62,14.9
2017-12-02,56,12.0
2017-12-03,41,7.4
2017-12-04,11,2.0
2017-12-05,30,5.4
2017-12-06,44,8.0
2017-12-07,58,12.7
2017-12-08,61,14.5
2017-12-09,63,15.3
2017-12-10,66,17.2
2017-12-11,70,19.1
2017-12-12,66,17.3
2017-12-13,65,16.5
2017-12-14,56,11.8
2017-12-15,59,13.3
2017-12-16,51,9.3
2017-12-17,55,11.0
2017-12-18,38,6.8
2017-12-19,32,5.7
2017-12-20,18,3.3
2017-12-21,29,5.3
2017-12-22,23,4.1
2017-12-23,52,9.6
2017-12-24,65,16.5
2017-12-25,40,7.2
2017-12-26,54,10.7
2017-12-27,62,14.9
2017-12-28,73,20.9
2017-12-29,58,12.8
2017-12-30,27,4.8
2017-12-31,48,8.6
2018-01-01,63,15.3
2018-01-02,58,12.9
2018-01-03,66,17.0
2018-01-04,74,21.2
2018-01-05,79,24.3
2018-01-06,89,29.3
2018-01-07,73,20.7
2018-01-08,66,17.1
2018-01-09,61,14.3
2018-01-10,34,6.2
2018-01-11,29,5.3
2018-01-12,56,11.6
2018-01-13,54,10.5
2018-01-14,54,10.6
2018-01-15,35,6.3
2018-01-16,52,9.7
2018-01-17,58,12.7
2018-01-18,51,9.3
2018-01-19,32,5.7
2018-01-20,32,5.8
2018-01-21,42,7.5
2018-01-22,23,4.1
2018-01-23,36,6.4
2018-01-24,29,5.3
2018-01-25,33,5.9
2018-01-26,25,4.5
2018-01-27,,4.94375
2018-01-28,42,7.6
2018-01-29,61,14.6
2018-01-30,11,2.0
2018-01-31,27,4.9
2018-02-01,,7.775
2018-02-02,,12.628571
2018-02-03,27,4.9
2018-02-04,33,5.9
2018-02-05,13,2.3
2018-02-06,18,3.2
2018-02-07,13,2.4
2018-02-08,12,2.1
2018-02-09,17,3.1
2018-02-10,43,7.8
2018-02-11,47,8.4
2018-02-12,25,4.5
2018-02-13,61,14.4
2018-02-14,56,11.6
2018-02-15,17,3.0
2018-02-16,21,3.7
2018-02-17,25,4.5
2018-02-18,18,3.2
2018-02-19,21,3.8
2018-02-20,27,4.9
2018-02-21,42,7.5
2018-02-22,42,7.6
2018-02-23,39,7.0
2018-02-24,43,7.8
2018-02-25,16,2.8
2018-02-26,16,2.9
2018-02-27,12,2.2
2018-02-28,25,4.5
2018-03-01,17,3.1
2018-03-02,15,2.7
2018-03-03,32,5.7
2018-03-04,30,5.4
2018-03-05,26,4.6
2018-03-06,33,5.9
2018-03-07,52,9.6
2018-03-08,38,6.9
2018-03-09,9,1.7
2018-03-10,38,6.9
2018-03-11,39,7.1
2018-03-12,47,8.5
2018-03-13,37,6.6
2018-03-14,40,7.2
2018-03-15,16,2.8
2018-03-16,17,3.0
2018-03-17,26,4.7
2018-03-18,18,3.2
2018-03-19,29,5.2
2018-03-20,34,6.1
2018-03-21,34,6.2
2018-03-22,41,7.3
2018-03-23,13,2.4
2018-03-24,14,2.5
2018-03-25,23,4.1
2018-03-26,18,3.2
2018-03-27,9,1.7
2018-03-28,19,3.4
2018-03-29,24,4.4
2018-03-30,19,3.4
2018-03-31,26,4.7
2018-04-01,29,5.3
2018-04-02,15,2.7
2018-04-03,20,3.6
2018-04-04,23,4.2
2018-04-05,19,3.4
2018-04-06,33,5.9
2018-04-07,33,5.9
2018-04-08,19,3.4
2018-04-09,13,2.4
2018-04-10,33,6.0
2018-04-11,17,3.1
2018-04-12,16,2.9
2018-04-13,17,3.1
2018-04-14,16,2.8
2018-04-15,27,4.8
2018-04-16,11,1.9
2018-04-17,8,1.5
2018-04-18,16,2.9
2018-04-19,23,4.2
2018-04-20,24,4.4
2018-04-21,28,5.1
2018-04-22,26,4.6
2018-04-23,25,4.5
2018-04-24,44,7.9
2018-04-25,50,9.0
2018-04-26,54,10.9
2018-04-27,56,11.8
2018-04-28,47,8.5
2018-04-29,19,3.4
2018-04-30,20,3.6
2018-05-01,23,4.1
2018-05-02,38,6.9
2018-05-03,52,9.8
2018-05-04,48,8.6
2018-05-05,43,7.8
2018-05-06,42,7.6
2018-05-07,29,5.3
2018-05-08,33,5.9
2018-05-09,29,5.2
2018-05-10,21,3.7
2018-05-11,14,2.6
2018-05-12,29,5.3
2018-05-13,37,6.6
2018-05-14,41,7.3
2018-05-15,56,11.7
2018-05-16,51,9.1
2018-05-17,32,5.8
2018-05-18,10,1.8
2018-05-19,12,2.2
2018-05-20,21,3.7
2018-05-21,21,3.8
2018-05-22,28,5.1
2018-05-23,20,3.6
2018-05-24,28,5.0
2018-05-25,42,7.5
2018-05-26,18,3.2
2018-05-27,37,6.7
2018-05-28,38,6.8
2018-05-29,24,4.3
2018-05-30,18,3.2
2018-05-31,27,4.8
2018-06-01,13,2.3
2018-06-02,24,4.3
2018-06-03,36,6.4
2018-06-04,19,3.4
2018-06-05,18,3.3
2018-06-06,25,4.5
2018-06-07,36,6.5
2018-06-08,36,6.5
2018-06-09,41,7.4
2018-06-10,7,1.2
2018-06-11,13,2.3
2018-06-12,18,3.2
2018-06-13,24,4.3
2018-06-14,15,2.7
2018-06-15,13,2.4
2018-06-16,16,2.9
2018-06-17,16,2.8
2018-06-18,14,2.6
2018-06-19,21,3.8
2018-06-20,27,4.9
2018-06-21,27,4.8
2018-06-22,41,7.3
2018-06-23,24,4.4
2018-06-24,38,6.9
2018-06-25,32,5.8
2018-06-26,16,2.9
2018-06-27,25,4.5
2018-06-28,28,5.0
2018-06-29,17,3.0
2018-06-30,24,4.3
2018-07-01,16,2.8
2018-07-02,19,3.5
2018-07-03,22,3.9
2018-07-04,51,4.8
2018-07-05,39,7.0
2018-07-06,52,9.9
2018-07-07,27,4.9
2018-07-08,51,9.1
2018-07-09,56,11.8
2018-07-10,45,8.1
2018-07-11,28,5.0
2018-07-12,37,6.7
2018-07-13,46,8.3
2018-07-14,34,6.1
2018-07-15,41,7.4
2018-07-16,53,10.2
2018-07-17,54,10.9
2018-07-18,56,11.6
2018-07-19,54,10.9
2018-07-20,,10.808333
2018-07-21,,2.322222
2018-07-22,43,7.8
2018-07-23,52,9.5
2018-07-24,39,7.1
2018-07-25,44,8.0
2018-07-26,51,9.1
2018-07-27,48,8.7
2018-07-28,52,9.5
2018-07-29,53,10.1
2018-07-30,52,9.7
2018-07-31,59,13.2
2018-08-01,73,20.9
2018-08-02,62,14.8
2018-08-03,39,7.1
2018-08-04,54,10.8
2018-08-05,62,14.8
2018-08-06,57,12.2
2018-08-07,60,14.1
2018-08-08,69,18.5
2018-08-09,76,22.4
2018-08-10,91,30.4
2018-08-11,71,20.0
2018-08-12,52,9.7
2018-08-13,61,14.7
2018-08-14,86,28.1
2018-08-15,82,26.0
2018-08-16,83,26.5
2018-08-17,86,27.8
2018-08-18,78,23.5
2018-08-19,134,49.0
2018-08-20,106,37.7
2018-08-21,59,13.4
2018-08-22,63,15.3
2018-08-23,95,32.5
2018-08-24,88,28.7
2018-08-25,57,12.3
2018-08-26,49,8.8
2018-08-27,22,3.9
2018-08-28,,8.061538
2018-08-29,52,9.6
2018-08-30,45,8.1
2018-08-31,37,6.7
2018-09-01,38,6.9
2018-09-02,34,6.2
2018-09-03,24,4.3
2018-09-04,32,5.8
2018-09-05,39,7.1
2018-09-06,57,12.5
2018-09-07,109,38.8
2018-09-08,114,40.6
2018-09-09,53,10.1
2018-09-10,37,6.6
2018-09-11,31,5.6
2018-09-12,34,6.2
2018-09-13,20,3.6
2018-09-14,37,6.6
2018-09-15,37,6.7
2018-09-16,24,4.4
2018-09-17,38,6.9
2018-09-18,37,6.6
2018-09-19,42,7.5
2018-09-20,32,5.7
2018-09-21,43,7.7
2018-09-22,27,4.9
2018-09-23,17,3.1
2018-09-24,22,4.0
2018-09-25,25,4.5
2018-09-26,28,5.0
2018-09-27,27,4.9
2018-09-28,14,2.6
2018-09-29,8,1.5
2018-09-30,12,2.1
2018-10-01,33,6.0
2018-10-02,29,5.3
2018-10-03,17,3.0
2018-10-04,26,4.6
2018-10-05,33,5.9
2018-10-06,22,4.0
2018-10-07,27,4.9
2018-10-08,27,4.9
2018-10-09,4,0.8
2018-10-10,9,1.6
2018-10-11,26,4.6
2018-10-12,31,5.6
2018-10-13,20,3.6
2018-10-14,28,5.1
2018-10-15,34,6.2
2018-10-16,41,7.4
2018-10-17,49,8.9
2018-10-18,49,8.8
2018-10-19,54,10.8
2018-10-20,56,11.8
2018-10-21,54,10.6
2018-10-22,57,12.4
2018-10-23,,10.1
2018-10-24,,13.407692
2018-10-25,45,8.1
2018-10-26,46,8.3
2018-10-27,17,3.1
2018-10-28,39,7.1
2018-10-29,26,4.6
2018-10-30,42,7.6
2018-10-31,47,8.4
2018-11-01,57,12.1
2018-11-02,18,3.3
2018-11-03,16,2.8
2018-11-04,12,2.2
2018-11-05,15,2.7
2018-11-06,17,3.1
2018-11-07,39,7.1
2018-11-08,55,11.2
2018-11-09,58,12.6
2018-11-10,53,10.3
2018-11-11,56,11.6
2018-11-12,53,10.2
2018-11-13,58,13.0
2018-11-14,61,14.4
2018-11-15,56,11.6
2018-11-16,36,6.4
2018-11-17,47,8.5
2018-11-18,61,14.6
2018-11-19,66,16.9
2018-11-20,62,15.1
2018-11-21,66,17.0
2018-11-22,65,16.4
2018-11-23,39,7.1
2018-11-24,30,5.4
2018-11-25,47,8.4
2018-11-26,55,11.1
2018-11-27,66,17.3
2018-11-28,72,20.3
2018-11-29,54,10.8
2018-11-30,47,8.4
2018-12-01,52,9.4
2018-12-02,21,3.7
2018-12-03,41,7.3
2018-12-04,48,8.6
2018-12-05,51,9.1
2018-12-06,53,10.1
2018-12-07,63,15.3
2018-12-08,59,13.4
2018-12-09,72,20.6
2018-12-10,68,18.2
2018-12-11,53,10.4
2018-12-12,15,2.7
2018-12-13,24,4.4
2018-12-14,46,8.3
2018-12-15,22,4.0
2018-12-16,52,9.7
2018-12-17,61,14.6
2018-12-18,39,7.0
2018-12-19,11,1.9
2018-12-20,44,8.0
2018-12-21,12,2.1
2018-12-22,28,5.0
2018-12-23,46,8.2
2018-12-24,56,12.0
2018-12-25,17,3.0
2018-12-26,34,6.1
2018-12-27,28,5.1
2018-12-28,28,5.0
2018-12-29,28,5.1
2018-12-30,7,1.3
2018-12-31,34,6.1
2019-01-01,44,8.0
2019-01-02,56,11.6
2019-01-03,64,15.9
2019-01-04,52,9.8
2019-01-05,57,12.4
2019-01-06,36,6.5
2019-01-07,12,2.2
2019-01-08,32,5.7
2019-01-09,,8.475
2019-01-10,65,16.6
2019-01-11,63,15.7
2019-01-12,42,7.5
2019-01-13,43,7.8
2019-01-14,47,8.4
2019-01-15,51,9.3
2019-01-16,61,14.3
2019-01-17,67,17.5
2019-01-18,69,18.6
2019-01-19,45,8.1
2019-01-20,51,9.3
2019-01-21,18,3.2
2019-01-22,33,6.0
2019-01-23,41,7.4
2019-01-24,23,4.1
2019-01-25,57,12.1
2019-01-26,42,7.6
2019-01-27,55,11.3
2019-01-28,36,6.4
2019-01-29,55,11.4
2019-01-30,63,15.6
2019-01-31,80,24.9
2019-02-01,79,24.3
2019-02-02,75,22.0
2019-02-03,38,6.9
2019-02-04,25,4.5
2019-02-05,33,6.0
2019-02-06,23,4.1
2019-02-07,42,7.5
2019-02-08,53,10.4
2019-02-09,36,6.5
2019-02-10,52,9.9
2019-02-11,66,16.9
2019-02-12,44,8.0
2019-02-13,22,3.9
2019-02-14,26,4.7
2019-02-15,31,5.6
2019-02-16,14,2.6
2019-02-17,25,4.5
2019-02-18,34,6.1
2019-02-19,52,9.8
2019-02-20,54,10.9
2019-02-21,24,4.4
2019-02-22,62,14.8
2019-02-23,54,10.5
2019-02-24,21,3.8
2019-02-25,10,1.8
2019-02-26,16,2.8
2019-02-27,29,5.2
2019-02-28,46,8.2
2019-03-01,64,15.9
2019-03-02,20,3.6
2019-03-03,27,4.8
2019-03-04,56,11.6
2019-03-05,60,13.7
2019-03-06,48,8.6
2019-03-07,32,5.7
2019-03-08,35,6.3
2019-03-09,37,6.6
2019-03-10,27,4.8
2019-03-11,53,10.3
2019-03-12,58,12.9
2019-03-13,26,4.7
2019-03-14,27,4.8
2019-03-15,47,8.5
2019-03-16,56,11.6
2019-03-17,39,7.0
2019-03-18,53,10.3
2019-03-19,52,9.7
2019-03-20,56,11.8
2019-03-21,56,12.0
2019-03-22,58,12.6
2019-03-23,62,14.9
2019-03-24,41,7.3
2019-03-25,32,5.8
2019-03-26,41,7.3
2019-03-27,23,4.1
2019-03-28,14,2.5
2019-03-29,22,4.0
2019-03-30,41,7.3
2019-03-31,34,6.2
2019-04-01,25,4.5
2019-04-02,29,5.3
2019-04-03,31,5.5
2019-04-04,19,3.4
2019-04-05,24,4.4
2019-04-06,14,2.6
2019-04-07,13,2.4
2019-04-08,16,2.8
2019-04-09,13,2.4
2019-04-10,13,2.3
2019-04-11,16,2.8
2019-04-12,22,3.9
2019-04-13,17,3.1
2019-04-14,11,1.9
2019-04-15,16,2.8
2019-04-16,19,3.5
2019-04-17,14,2.5
2019-04-18,23,4.2
2019-04-19,26,4.6
2019-04-20,13,2.4
2019-04-21,13,2.4
2019-04-22,20,3.6
2019-04-23,19,3.5
2019-04-24,17,3.1
2019-04-25,39,7.0
2019-04-26,45,8.1
2019-04-27,32,5.7
2019-04-28,12,2.2
2019-04-29,22,4.0
2019-04-30,19,3.4
2019-05-01,19,3.4
2019-05-02,29,5.2
2019-05-03,34,6.1
2019-05-04,47,8.4
2019-05-05,29,5.3
2019-05-06,24,4.4
2019-05-07,23,4.1
2019-05-08,21,3.7
2019-05-09,21,3.8
2019-05-10,22,4.0
2019-05-11,46,8.2
2019-05-12,36,6.5
2019-05-13,35,6.3
2019-05-14,39,7.0
2019-05-15,26,4.7
2019-05-16,18,3.3
2019-05-17,14,2.6
2019-05-18,7,1.2
2019-05-19,4,0.7
2019-05-20,11,1.9
2019-05-21,11,2.0
2019-05-22,21,3.7
2019-05-23,33,5.9
2019-05-24,,6.988235
2019-05-28,,3.393333
2019-05-29,49,8.8
2019-05-30,61,14.4
2019-05-31,69,19.0
2019-06-01,56,11.8
2019-06-02,56,11.8
2019-06-03,31,5.5
2019-06-04,21,3.8
2019-06-05,20,3.6
2019-06-06,9,1.7
2019-06-07,9,1.6
2019-06-08,7,1.3
2019-06-09,18,3.3
2019-06-10,19,3.4
2019-06-11,19,3.4
2019-06-12,23,4.2
2019-06-13,31,5.6
2019-06-14,24,4.3
2019-06-15,26,4.7
2019-06-16,26,4.6
2019-06-17,34,6.1
2019-06-18,27,4.8
2019-06-19,21,3.8
2019-06-20,14,2.6
2019-06-21,9,1.6
2019-06-22,22,3.9
2019-06-23,27,4.8
2019-06-24,18,3.2
2019-06-25,26,4.7
2019-06-26,21,3.7
2019-06-27,33,5.9
2019-06-28,23,4.2
2019-06-29,17,3.0
2019-06-30,32,5.8
2019-07-01,36,6.4
2019-07-02,30,5.4
2019-07-03,17,3.0
2019-07-04,60,6.0
2019-07-05,35,6.3
2019-07-06,33,5.9
2019-07-07,38,6.8
2019-07-08,36,6.4
2019-07-09,32,5.7
2019-07-10,41,7.3
2019-07-11,34,6.1
2019-07-12,36,6.5
2019-07-13,43,7.7
2019-07-14,34,6.2
2019-07-15,27,4.8
2019-07-16,24,4.4
2019-07-17,28,5.0
2019-07-18,21,3.7
2019-07-19,19,3.5
2019-07-20,23,4.2
2019-07-21,31,5.6
2019-07-22,55,11.0
2019-07-23,47,8.4
2019-07-24,26,4.7
2019-07-25,28,5.0
2019-07-26,41,7.4
2019-07-27,46,8.3
2019-07-28,33,5.9
2019-07-29,44,8.0
2019-07-30,44,7.9
2019-07-31,47,8.5
2019-08-01,52,9.8
2019-08-02,45,8.1
2019-08-03,33,5.9
2019-08-04,44,7.9
2019-08-05,50,9.0
2019-08-06,58,13.0
2019-08-07,62,15.2
2019-08-08,57,12.1
2019-08-09,53,10.4
2019-08-10,47,8.4
2019-08-11,27,4.8
2019-08-12,29,5.3
2019-08-13,35,6.3
2019-08-14,36,6.4
2019-08-15,37,6.7
2019-08-16,33,6.0
2019-08-17,36,6.4
2019-08-18,37,6.6
2019-08-19,32,5.7
2019-08-20,36,6.4
2019-08-21,42,7.6
2019-08-22,24,4.3
2019-08-23,22,4.0
2019-08-24,31,5.6
2019-08-25,27,4.9
2019-08-26,26,4.7
2019-08-27,31,5.5
2019-08-28,72,20.2
2019-08-29,70,19.5
2019-08-30,35,6.3
2019-08-31,40,7.2
2019-09-01,52,9.4
2019-09-02,42,7.5
2019-09-03,46,8.3
2019-09-04,49,8.9
2019-09-05,70,19.3
2019-09-06,66,17.0
2019-09-07,39,7.1
2019-09-08,37,6.7
2019-09-09,26,4.6
2019-09-10,23,4.2
2019-09-11,15,2.7
2019-09-12,23,4.2
2019-09-13,27,4.9
2019-09-14,26,4.7
2019-09-15,52,9.5
2019-09-16,55,11.0
2019-09-17,20,3.6
2019-09-18,24,4.4
2019-09-19,19,3.4
2019-09-20,32,5.7
2019-09-21,24,4.4
2019-09-22,30,5.4
2019-09-23,17,3.1
2019-09-24,15,2.7
2019-09-25,27,4.8
2019-09-26,42,7.6
2019-09-27,18,3.2
2019-09-28,9,1.7
2019-09-29,13,2.4
2019-09-30,18,3.2
2019-10-01,34,6.1
2019-10-02,48,8.7
2019-10-03,44,7.9
2019-10-04,25,4.5
2019-10-05,14,2.5
2019-10-06,22,3.9
2019-10-07,33,5.9
2019-10-08,11,1.9
2019-10-09,16,2.8
2019-10-10,37,6.6
2019-10-11,34,6.1
2019-10-12,44,7.9
2019-10-13,47,8.4
2019-10-14,36,6.4
2019-10-15,52,9.5
2019-10-16,54,10.6
2019-10-17,51,9.1
2019-10-18,18,3.2
2019-10-19,21,3.7
2019-10-20,20,3.6
2019-10-21,23,4.2
2019-10-22,35,6.3
2019-10-23,37,6.6
2019-10-24,57,12.4
2019-10-25,34,6.2
2019-10-26,23,4.2
2019-10-27,29,5.3
2019-10-28,28,5.0
2019-10-29,31,5.5
2019-10-30,54,10.9
2019-10-31,57,12.4
2019-11-01,59,13.6
2019-11-02,78,23.7
2019-11-03,83,26.2
2019-11-04,72,20.2
2019-11-05,56,12.0
2019-11-06,32,5.8
2019-11-07,55,11.4
2019-11-08,60,13.7
2019-11-09,61,14.5
2019-11-10,32,5.8
2019-11-11,23,4.1
2019-11-12,52,9.8
2019-11-13,54,10.6
2019-11-14,51,9.1
2019-11-15,39,7.0
2019-11-16,39,7.1
2019-11-17,53,10.1
2019-11-18,47,8.5
2019-11-19,27,4.8
2019-11-20,14,2.6
2019-11-21,32,5.7
2019-11-22,56,12.0
2019-11-23,61,14.3
2019-11-24,23,4.2
2019-11-25,30,5.4
2019-11-26,44,7.9
2019-11-27,14,2.6
2019-11-28,11,1.9
2019-11-29,28,5.1
2019-11-30,46,8.2
2019-12-01,55,11.5
2019-12-02,60,13.9
2019-12-03,62,14.9
2019-12-04,38,6.9
2019-12-05,53,10.1
2019-12-06,60,13.8
2019-12-07,56,11.7
2019-12-08,49,8.9
2019-12-09,28,5.0
2019-12-10,52,9.6
2019-12-11,55,11.3
2019-12-12,36,6.5
2019-12-13,16,2.9
2019-12-14,24,4.3
2019-12-15,24,4.3
2019-12-16,32,5.8
2019-12-17,56,11.6
2019-12-18,64,16.0
2019-12-19,61,14.7
2019-12-20,11,1.9
2019-12-21,31,5.5
2019-12-22,43,7.7
2019-12-23,53,10.4
2019-12-24,52,9.6
2019-12-25,42,7.5
2019-12-26,40,7.2
2019-12-27,34,6.2
2019-12-28,41,7.3
2019-12-29,42,7.6
2019-12-30,47,8.5
2019-12-31,54,10.5
2020-01-01,40,7.2
2020-01-02,9,1.7
2020-01-03,34,6.2
2020-01-04,21,3.7
2020-01-05,18,3.2
2020-01-06,11,1.9
2020-01-07,47,8.5
2020-01-08,15,2.7
2020-01-09,6,1.1
2020-01-10,19,3.5
2020-01-11,8,1.4
2020-01-12,3,0.6
2020-01-13,8,1.5
2020-01-14,18,3.2
2020-01-15,13,2.3
2020-01-16,22,3.9
2020-01-17,18,3.3
2020-01-18,48,8.7
2020-01-19,52,9.6
2020-01-20,52,9.8
2020-01-21,54,10.6
2020-01-22,11,2.0
2020-01-23,53,10.4
2020-01-24,53,10.1
2020-01-25,42,7.6
2020-01-26,37,6.6
2020-01-27,34,6.1
2020-01-28,23,4.1
2020-01-29,38,6.9
2020-01-30,26,4.6
2020-01-31,34,6.2
2020-02-01,7,1.3
2020-02-02,11,1.9
2020-02-03,21,3.8
2020-02-04,22,4.0
2020-02-05,28,5.1
2020-02-06,40,7.2
2020-02-07,33,5.9
2020-02-08,14,2.5
2020-02-09,23,4.1
2020-02-10,21,3.8
2020-02-11,27,4.9
2020-02-12,29,5.3
2020-02-13,46,8.2
2020-02-14,17,3.1
2020-02-15,9,1.6
2020-02-16,11,2.0
2020-02-17,11,2.0
2020-02-18,23,4.2
2020-02-19,37,6.7
2020-02-20,54,10.5
2020-02-21,56,11.6
2020-02-22,56,11.8
2020-02-23,33,6.0
2020-02-24,15,2.7
2020-02-25,26,4.7
2020-02-26,30,5.4
2020-02-27,36,6.4
2020-02-28,47,8.4
2020-02-29,12,2.2
2020-03-01,12,2.2
2020-03-02,18,3.3
2020-03-03,16,2.9
2020-03-04,14,2.5
2020-03-05,39,7.0
2020-03-06,46,8.3
2020-03-07,33,6.0
2020-03-08,15,2.7
2020-03-09,21,3.8
2020-03-10,33,5.9
2020-03-11,14,2.6
2020-03-12,24,4.4
2020-03-13,24,4.4
2020-03-14,16,2.8
2020-03-15,32,5.7
2020-03-16,46,8.3
2020-03-17,35,6.3
2020-03-18,35,6.3
2020-03-19,29,5.2
2020-03-20,37,6.7
2020-03-21,41,7.3
2020-03-22,32,5.7
2020-03-23,31,5.5
2020-03-24,22,3.9
2020-03-25,23,4.2
2020-03-26,14,2.5
2020-03-27,17,3.1
2020-03-28,18,3.2
2020-03-29,13,2.3
2020-03-30,9,1.7
2020-03-31,11,1.9
2020-04-01,16,2.9
2020-04-02,24,4.4
2020-04-03,15,2.7
2020-04-04,22,3.9
2020-04-05,18,3.3
2020-04-06,13,2.4
2020-04-07,26,4.6
2020-04-08,29,5.2
2020-04-09,24,4.4
2020-04-10,32,5.7
2020-04-11,9,1.7
2020-04-12,17,3.1
2020-04-13,24,4.4
2020-04-14,31,5.6
2020-04-15,14,2.6
2020-04-16,23,4.1
2020-04-17,47,8.5
2020-04-18,34,6.2
2020-04-19,34,6.1
2020-04-20,21,3.7
2020-04-21,26,4.7
2020-04-22,19,3.5
2020-04-23,13,2.4
2020-04-24,21,3.7
2020-04-25,19,3.5
2020-04-26,29,5.2
2020-04-27,22,4.0
2020-04-28,26,4.6
2020-04-29,21,3.8
2020-04-30,11,2.0
2020-05-01,19,3.5
2020-05-02,31,5.6
2020-05-03,10,1.8
2020-05-04,18,3.2
2020-05-05,29,5.2
2020-05-06,21,3.8
2020-05-07,14,2.5
2020-05-08,17,3.1
2020-05-09,14,2.5
2020-05-10,18,3.3
2020-05-11,11,1.9
2020-05-12,16,2.9
2020-05-13,9,1.6
2020-05-14,11,1.9
2020-05-15,8,1.5
2020-05-16,25,4.5
2020-05-17,22,3.9
2020-05-18,12,2.1
2020-05-19,18,3.3
2020-05-20,9,1.6
2020-05-21,4,0.8
2020-05-22,10,1.8
2020-05-23,18,3.2
2020-05-24,7,1.3
2020-05-25,11,1.9
2020-05-26,13,2.4
2020-05-27,15,2.7
2020-05-28,29,5.3
2020-05-29,39,7.0
2020-05-30,44,8.0
2020-05-31,23,4.1
2020-06-01,23,4.2
2020-06-02,23,4.2
2020-06-03,20,3.6
2020-06-04,22,4.0
2020-06-05,28,5.1
2020-06-06,24,4.3
2020-06-07,16,2.9
2020-06-08,12,2.1
2020-06-09,13,2.3
2020-06-10,17,3.0
2020-06-11,26,4.7
2020-06-12,53,10.2
2020-06-13,18,3.3
2020-06-14,7,1.3
2020-06-15,11,2.0
2020-06-16,8,1.4
2020-06-17,18,3.2
2020-06-18,14,2.5
2020-06-19,21,3.7
2020-06-20,26,4.7
2020-06-21,14,2.6
2020-06-22,21,3.7
2020-06-23,23,4.1
2020-06-24,31,5.6
2020-06-25,25,4.5
2020-06-26,32,5.7
2020-06-27,22,4.0
2020-06-28,18,3.3
2020-06-29,11,2.0
2020-06-30,12,2.2
2020-07-01,14,2.6
2020-07-02,20,3.6
2020-07-03,28,5.0
2020-07-04,69,10.8
2020-07-05,48,7.8
2020-07-06,32,5.8
2020-07-07,31,5.5
2020-07-08,19,3.4
2020-07-09,26,4.7
2020-07-10,26,4.6
2020-07-11,37,6.6
2020-07-12,21,3.8
2020-07-13,18,3.2
2020-07-14,17,3.1
2020-07-15,29,5.2
2020-07-16,36,6.4
2020-07-17,43,7.7
2020-07-18,24,4.3
2020-07-19,29,5.3
2020-07-20,33,6.0
2020-07-21,35,6.3
2020-07-22,43,7.7
2020-07-23,35,6.3
2020-07-24,28,5.0
2020-07-25,29,5.2
2020-07-26,39,7.0
2020-07-27,42,7.6
2020-07-28,47,8.5
2020-07-29,52,9.6
2020-07-30,52,9.4
2020-07-31,52,9.5
2020-08-01,41,7.4
2020-08-02,56,11.6
2020-08-03,38,6.8
2020-08-04,33,5.9
2020-08-05,48,8.6
2020-08-06,43,7.8
2020-08-07,19,3.4
2020-08-08,23,4.2
2020-08-09,26,4.7
2020-08-10,17,3.0
2020-08-11,21,3.7
2020-08-12,33,6.0
2020-08-13,23,4.1
2020-08-14,39,7.0
2020-08-15,34,6.1
2020-08-16,38,6.8
2020-08-17,46,8.2
2020-08-18,49,8.9
2020-08-19,48,8.7
2020-08-20,55,11.4
2020-08-21,62,15.2
2020-08-22,54,10.6
2020-08-23,60,14.1
2020-08-24,96,33.2
2020-08-25,88,29.2
2020-08-26,69,18.9
2020-08-27,57,12.2
2020-08-28,49,8.9
2020-08-29,55,11.2
2020-08-30,26,4.6
2020-08-31,23,4.1
2020-09-01,21,3.7
2020-09-02,,7.75625
2020-09-03,39,7.1
2020-09-04,42,7.6
2020-09-05,66,17.3
2020-09-06,70,19.1
2020-09-07,33,5.9
2020-09-08,22,4.0
2020-09-09,31,5.6
2020-09-10,34,6.1
2020-09-11,54,10.5
2020-09-12,69,18.9
2020-09-13,103,36.4
2020-09-14,167,78.4
2020-09-15,171,84.0
2020-09-16,183,101.3
2020-09-17,170,82.6
2020-09-18,162,71.8
2020-09-19,114,40.6
2020-09-20,49,8.9
2020-09-21,57,12.2
2020-09-22,59,13.2
2020-09-23,71,19.8
2020-09-24,44,8.0
2020-09-25,24,4.3
2020-09-26,11,1.9
2020-09-27,13,2.3
2020-09-28,25,4.5
2020-09-29,27,4.8
2020-09-30,30,5.4
2020-10-01,36,6.5
2020-10-02,51,9.1
2020-10-03,67,17.5
2020-10-04,65,16.6
2020-10-05,41,7.4
2020-10-06,41,7.3
2020-10-07,28,5.0
2020-10-08,57,12.5
2020-10-09,63,15.7
2020-10-10,55,11.3
2020-10-11,7,1.3
2020-10-12,11,1.9
2020-10-13,21,3.7
2020-10-14,13,2.4
2020-10-15,20,3.6
2020-10-16,28,5.0
2020-10-17,18,3.2
2020-10-18,57,12.5
2020-10-19,52,9.9
2020-10-20,24,4.3
2020-10-21,26,4.6
2020-10-22,47,8.4
2020-10-23,55,11.2
2020-10-24,31,5.6
2020-10-25,44,8.0
2020-10-26,54,10.9
2020-10-27,65,16.4
2020-10-28,76,22.5
2020-10-29,65,16.5
2020-10-30,46,8.3
2020-10-31,55,11.5
2020-11-01,58,12.9
2020-11-02,58,13.1
2020-11-03,62,15.0
2020-11-04,57,12.1
2020-11-05,46,8.3
2020-11-06,18,3.2
2020-11-07,31,5.5
2020-11-08,21,3.8
2020-11-09,42,7.5
2020-11-10,53,10.0
2020-11-11,30,5.4
2020-11-12,41,7.3
2020-11-13,27,4.9
2020-11-14,14,2.5
2020-11-15,17,3.0
2020-11-16,46,8.3
2020-11-17,37,6.7
2020-11-18,22,3.9
2020-11-19,3,0.5
2020-11-20,34,6.1
2020-11-21,59,13.2
2020-11-22,57,12.5
2020-11-23,51,9.2
2020-11-24,56,11.7
2020-11-25,32,5.8
2020-11-26,26,4.7
2020-11-27,47,8.4
2020-11-28,63,15.5
2020-11-29,57,12.1
2020-11-30,44,7.9
2020-12-01,27,4.9
2020-12-02,44,8.0
2020-12-03,54,10.7
2020-12-04,57,12.3
2020-12-05,59,13.2
2020-12-06,62,15.2
2020-12-07,63,15.8
2020-12-08,70,19.3
2020-12-09,48,8.7
2020-12-10,27,4.8
2020-12-11,49,8.9
2020-12-12,58,12.9
2020-12-13,48,8.6
2020-12-14,54,10.8
2020-12-15,55,11.0
2020-12-16,53,10.0
2020-12-17,22,3.9
2020-12-18,33,5.9
2020-12-19,26,4.6
2020-12-20,17,3.0
2020-12-21,25,4.5
2020-12-22,13,2.3
2020-12-23,43,7.7
2020-12-24,56,11.6
2020-12-25,60,14.0
2020-12-26,55,11.1
2020-12-27,31,5.6
2020-12-28,47,8.5
2020-12-29,51,9.2
2020-12-30,60,13.9
2020-12-31,80,24.7
2021-01-01,64,16.2
2021-01-02,23,4.2
2021-01-03,13,2.4
2021-01-04,23,4.2
2021-01-05,18,3.3
2021-01-06,43,7.7
2021-01-07,55,11.2
2021-01-08,51,9.3
2021-01-09,54,10.9
2021-01-10,52,9.8
2021-01-11,54,10.7
2021-01-12,32,5.7
2021-01-13,9,1.7
2021-01-14,38,6.8
2021-01-15,52,9.5
2021-01-16,58,13.0
2021-01-17,56,11.8
2021-01-18,24,4.4
2021-01-19,46,8.3
2021-01-20,37,6.7
2021-01-21,41,7.3
2021-01-22,28,5.0
2021-01-23,44,8.0
2021-01-24,49,8.9
2021-01-25,47,8.5
2021-01-26,52,9.4
2021-01-27,56,11.9
2021-01-28,52,9.4
2021-01-29,54,10.8
2021-01-30,58,12.6
2021-01-31,37,6.6
2021-02-01,25,4.5
2021-02-02,31,5.6
2021-02-03,29,5.3
2021-02-04,19,3.5
2021-02-05,19,3.4
2021-02-06,23,4.1
2021-02-07,22,3.9
2021-02-08,29,5.2
2021-02-09,29,5.2
2021-02-10,52,9.8
2021-02-11,27,4.8
2021-02-12,17,3.0
2021-02-13,27,4.9
2021-02-14,29,5.3
2021-02-15,53,10.4
2021-02-16,55,11.5
2021-02-17,48,8.7
2021-02-18,15,2.7
2021-02-19,28,5.0
2021-02-20,22,3.9
2021-02-21,11,1.9
2021-02-22,11,2.0
2021-02-23,9,1.7
2021-02-24,16,2.9
2021-02-25,23,4.2
2021-02-26,11,1.9
2021-02-27,24,4.4
2021-02-28,37,6.7
2021-03-01,43,7.7
2021-03-02,33,6.0
2021-03-03,43,7.8
2021-03-04,52,9.4
2021-03-05,52,9.4
2021-03-06,31,5.5
2021-03-07,18,3.2
2021-03-08,26,4.6
2021-03-09,31,5.5
2021-03-10,29,5.2
2021-03-11,29,5.3
2021-03-12,39,7.1
2021-03-13,47,8.4
2021-03-14,50,9.0
2021-03-15,44,8.0
2021-03-16,36,6.5
2021-03-17,37,6.7
2021-03-18,38,6.9
2021-03-19,19,3.5
2021-03-20,14,2.5
2021-03-21,13,2.4
2021-03-22,13,2.3
2021-03-23,16,2.9
2021-03-24,20,3.6
2021-03-25,18,3.3
2021-03-26,16,2.9
2021-03-27,29,5.3
2021-03-28,22,4.0
2021-03-29,14,2.6
2021-03-30,23,4.1
2021-03-31,31,5.6
2021-04-01,33,6.0
2021-04-02,48,8.6
2021-04-03,57,12.2
2021-04-04,42,7.5
2021-04-05,16,2.9
2021-04-06,32,5.8
2021-04-07,38,6.9
2021-04-08,10,1.8
2021-04-09,21,3.8
2021-04-10,16,2.9
2021-04-11,16,2.9
2021-04-12,22,3.9
2021-04-13,32,5.7
2021-04-14,22,3.9
2021-04-15,15,2.7
2021-04-16,22,4.0
2021-04-17,37,6.7
2021-04-18,53,10.0
2021-04-19,15,2.7
2021-04-20,18,3.3
2021-04-21,29,5.2
2021-04-22,32,5.8
2021-04-23,18,3.3
2021-04-24,33,5.9
2021-04-25,13,2.4
2021-04-26,16,2.9
2021-04-27,23,4.2
2021-04-28,22,4.0
2021-04-29,35,6.3
2021-04-30,53,10.0
2021-05-01,28,5.1
2021-05-02,16,2.9
2021-05-03,17,3.1
2021-05-04,21,3.8
2021-05-05,28,5.0
2021-05-06,35,6.3
2021-05-07,23,4.2
2021-05-08,21,3.7
2021-05-09,28,5.0
2021-05-10,28,5.1
2021-05-11,25,4.5
2021-05-12,29,5.3
2021-05-13,26,4.7
2021-05-14,32,5.7
2021-05-15,32,5.7
2021-05-16,42,7.6
2021-05-17,32,5.7
2021-05-18,13,2.4
2021-05-19,17,3.1
2021-05-20,16,2.8
2021-05-21,8,1.5
2021-05-22,13,2.3
2021-05-23,14,2.6
2021-05-24,15,2.7
2021-05-25,14,2.6
2021-05-26,14,2.5
2021-05-27,21,3.7
2021-05-28,9,1.6
2021-05-29,17,3.1
2021-05-30,23,4.2
2021-05-31,24,4.3
2021-06-01,23,4.1
2021-06-02,,5.273333
2021-06-03,,7.526667
2021-06-04,,5.582353
2021-06-05,16,2.8
2021-06-06,13,2.4
2021-06-07,16,2.9
2021-06-08,7,1.2
2021-06-09,13,2.3
2021-06-10,9,1.6
2021-06-11,8,1.4
2021-06-12,14,2.5
2021-06-13,9,1.7
2021-06-14,18,3.2
2021-06-15,14,2.6
2021-06-16,9,1.6
2021-06-17,8,1.5
2021-06-18,11,1.9
2021-06-19,21,3.7
2021-06-20,9,1.7
2021-06-21,11,2.0
2021-06-22,24,4.3
2021-06-23,26,4.7
2021-06-24,19,3.5
2021-06-25,13,2.4
2021-06-26,22,4.0
2021-06-27,37,6.7
2021-06-28,27,4.8
2021-06-29,23,4.1
2021-06-30,14,2.6
2021-07-01,27,4.9
2021-07-02,43,7.8
2021-07-03,41,7.4
2021-07-04,59,13.3
2021-07-05,43,7.8
2021-07-06,21,3.7
2021-07-07,55,11.0
2021-07-08,59,13.2
2021-07-09,47,8.4
2021-07-10,70,19.2
2021-07-11,107,38.1
2021-07-12,109,38.7
2021-07-13,72,20.3
2021-07-14,65,16.8
2021-07-15,112,40.0
2021-07-16,127,46.2
2021-07-17,114,40.7
2021-07-18,132,47.9
2021-07-19,96,33.0
2021-07-20,73,21.0
2021-07-21,80,24.5
2021-07-22,71,19.9
2021-07-23,83,26.5
2021-07-24,103,36.2
2021-07-25,94,32.2
2021-07-26,108,38.2
2021-07-27,112,40.1
2021-07-28,108,38.4
2021-07-29,92,31.1
2021-07-30,105,37.3
2021-07-31,85,27.3
2021-08-01,77,23.3
2021-08-02,80,24.8
2021-08-03,126,45.7
2021-08-04,101,35.7
2021-08-05,66,17.0
2021-08-06,63,15.8
2021-08-07,43,7.7
2021-08-08,29,5.2
2021-08-09,26,4.7
2021-08-10,54,10.7
2021-08-11,47,8.5
2021-08-12,74,21.5
2021-08-13,82,25.9
2021-08-14,140,51.5
2021-08-15,155,61.2
2021-08-16,80,24.7
2021-08-17,60,14.0
2021-08-18,14,2.5
2021-08-19,38,6.9
2021-08-20,52,9.5
2021-08-21,29,5.2
2021-08-22,54,10.5
2021-08-23,42,7.5
2021-08-24,28,5.0
2021-08-25,38,6.8
2021-08-26,63,15.6
2021-08-27,41,7.3
2021-08-28,12,2.2
2021-08-29,18,3.3
2021-08-30,35,6.3
2021-08-31,53,10.2
2021-09-01,29,5.3
2021-09-02,32,5.8
2021-09-03,24,4.4
2021-09-04,70,19.1
2021-09-05,120,43.2
2021-09-06,86,28.0
2021-09-07,55,11.0
2021-09-08,77,22.8
2021-09-09,120,43.2
2021-09-10,138,50.4
2021-09-11,36,6.5
2021-09-12,44,7.9
2021-09-13,39,7.0
2021-09-14,24,4.3
2021-09-15,18,3.2
2021-09-16,1,0.2
2021-09-17,58,12.8
2021-09-18,71,20.0
2021-09-19,0,-0.1
2021-09-20,8,1.4
2021-09-21,18,3.2
2021-09-22,24,4.4
2021-09-23,52,9.8
2021-09-24,8,1.4
2021-09-25,26,4.7
2021-09-26,32,5.8
2021-09-27,42,7.6
2021-09-28,0,0.0
2021-09-29,7,1.2
2021-09-30,18,3.2
2021-10-01,48,8.6
2021-10-02,18,3.2
2021-10-03,34,6.1
2021-10-04,24,4.4
2021-10-05,52,9.9
2021-10-06,38,6.9
2021-10-07,11,2.0
2021-10-08,28,5.1
2021-10-09,13,2.4
2021-10-10,12,2.1
2021-10-11,14,2.5
2021-10-12,17,3.0
2021-10-13,14,2.6
2021-10-14,19,3.4
2021-10-15,35,6.3
2021-10-16,52,9.4
2021-10-17,12,2.2
2021-10-18,29,5.3
2021-10-19,16,2.8
2021-10-20,26,4.6
2021-10-21,24,4.4
2021-10-22,16,2.9
2021-10-23,1,0.1
2021-10-24,0,0.0
2021-10-25,0,-0.1
2021-10-26,9,1.7
2021-10-27,0,-0.6
2021-10-28,28,5.0
2021-10-29,0,-0.4
2021-10-30,13,2.3
2021-10-31,12,2.2
2021-11-01,21,3.7
2021-11-02,41,7.3
2021-11-03,38,6.8
2021-11-04,31,5.5
2021-11-05,12,2.1
2021-11-06,0,-0.2
2021-11-07,7,1.3
2021-11-08,8,1.4
2021-11-09,29,5.3
2021-11-10,10,1.8
2021-11-11,32,5.8
2021-11-12,56,11.6
2021-11-13,13,2.4
2021-11-14,14,2.5
2021-11-15,0,-0.3
2021-11-16,1,0.2
2021-11-17,8,1.5
2021-11-18,29,5.2
2021-11-19,57,12.1
2021-11-20,26,4.6
2021-11-21,39,7.1
2021-11-22,49,8.9
2021-11-23,43,7.8
2021-11-24,37,6.7
2021-11-25,49,8.9
2021-11-26,13,2.4
2021-11-27,19,3.5
2021-11-28,19,3.4
2021-11-29,0,-1.6
2021-11-30,16,2.9
2021-12-01,3,0.6
2021-12-02,0,-0.5
2021-12-03,13,2.3
2021-12-04,17,3.1
2021-12-05,0,-0.6
2021-12-06,11,1.9
2021-12-07,27,4.8
2021-12-08,4,0.8
2021-12-09,0,-0.5
2021-12-10,1,0.1
2021-12-11,0,0.0
2021-12-12,0,-0.2
2021-12-13,9,1.7
2021-12-14,8,1.4
2021-12-15,0,-0.1
2021-12-16,12,2.2
2021-12-17,22,3.9
2021-12-18,47,8.4
2021-12-19,25,4.5
2021-12-20,12,2.2
2021-12-21,19,3.4
2021-12-22,31,5.6
2021-12-23,2,0.3
2021-12-24,13,2.4
2021-12-25,17,3.1
2021-12-26,5,0.9
2021-12-27,27,4.8
2021-12-28,25,4.5
2021-12-29,5,0.9
2021-12-30,23,4.1
2021-12-31,4,0.7
2022-01-01,55,11.2
2022-01-02,57,12.1
2022-01-03,43,7.8
2022-01-04,0,0.0
2022-01-05,5,0.9
2022-01-06,15,2.7
2022-01-07,17,3.1
2022-01-08,4,0.7
2022-01-09,54,10.7
2022-01-10,66,17.2
2022-01-11,68,18.2
2022-01-12,69,18.8
2022-01-13,52,9.4
2022-01-14,57,12.5
2022-01-15,58,12.6
2022-01-16,67,17.8
2022-01-17,69,18.7
2022-01-18,23,4.2
2022-01-19,16,2.9
2022-01-20,52,9.9
2022-01-21,27,4.9
2022-01-22,27,4.8
2022-01-23,53,10.0
2022-01-24,52,9.6
2022-01-25,46,8.2
2022-01-26,58,12.9
2022-01-27,44,7.9
2022-01-28,59,13.5
2022-01-29,63,15.4
2022-01-30,71,19.6
2022-01-31,11,2.0
2022-02-01,0,-0.1
2022-02-02,17,3.1
2022-02-03,53,10.1
2022-02-04,60,13.9
2022-02-05,4,0.8
2022-02-06,27,4.9
2022-02-07,25,4.5
2022-02-08,14,2.6
2022-02-09,23,4.2
2022-02-10,19,3.4
2022-02-11,12,2.1
2022-02-12,39,7.0
2022-02-13,52,9.9
2022-02-14,42,7.6
2022-02-15,14,2.5
2022-02-16,7,1.3
2022-02-17,38,6.9
2022-02-18,2,0.4
2022-02-19,9,1.7
2022-02-20,0,-0.2
2022-02-21,0,-0.2
2022-02-22,13,2.4
2022-02-23,21,3.8
2022-02-24,27,4.8
2022-02-25,24,4.4
2022-02-26,28,5.0
2022-02-27,52,9.6
2022-02-28,26,4.7
2022-03-01,,2.347059
2022-03-02,,3.657143
2022-03-03,26,4.7
2022-03-04,1,0.1
2022-03-05,7,1.3
2022-03-06,11,2.0
2022-03-07,32,5.8
2022-03-08,0,-1.0
2022-03-09,0,-0.7
2022-03-10,12,2.2
2022-03-11,13,2.3
2022-03-12,16,2.8
2022-03-13,4,0.8
2022-03-14,9,1.6
2022-03-15,6,1.1
2022-03-16,0,-1.0
2022-03-17,18,3.2
2022-03-18,2,0.4
2022-03-19,16,2.8
2022-03-20,0,-1.0
2022-03-21,5,0.9
2022-03-22,8,1.4
2022-03-23,1,0.1
2022-03-24,5,0.9
2022-03-25,23,4.1
2022-03-26,22,3.9
2022-03-27,33,6.0
2022-03-28,19,3.5
2022-03-29,3,0.6
2022-03-30,12,2.2
2022-03-31,0,-0.9
2022-04-01,5,0.9
2022-04-02,10,1.8
2022-04-03,10,1.8
2022-04-04,0,0.0
2022-04-05,0,-1.0
2022-04-06,15,2.7
2022-04-07,24,4.4
2022-04-08,19,3.5
2022-04-09,0,-0.3
2022-04-10,5,0.9
2022-04-11,1,0.1
2022-04-12,0,-0.6
2022-04-13,0,0.0
2022-04-14,4,0.7
2022-04-15,6,1.0
2022-04-16,16,2.8
2022-04-17,0,-1.4
2022-04-18,4,0.8
2022-04-19,0,-1.3
2022-04-20,0,0.0
2022-04-21,0,-0.2
2022-04-22,2,0.4
2022-04-23,0,0.0
2022-04-24,6,1.0
2022-04-25,12,2.2
2022-04-26,23,4.1
2022-04-27,1,0.1
2022-04-28,13,2.3
2022-04-29,4,0.7
2022-04-30,13,2.3
2022-05-01,12,2.1
2022-05-02,8,1.5
2022-05-03,0,-0.4
2022-05-04,2,0.4
2022-05-05,4,0.8
2022-05-06,0,-0.6
2022-05-07,0,-1.5
2022-05-08,0,-0.7
2022-05-09,0,-0.1
2022-05-10,0,-2.1
2022-05-11,6,1.0
2022-05-12,2,0.3
2022-05-13,0,-0.5
2022-05-14,10,1.8
2022-05-15,7,1.3
2022-05-16,0,-1.0
2022-05-17,0,0.0
2022-05-18,8,1.4
2022-05-19,0,-0.7
2022-05-20,0,-0.4
2022-05-21,8,1.4
2022-05-22,7,1.2
2022-05-23,4,0.7
2022-05-24,1,0.1
2022-05-25,0,-0.2
2022-05-26,3,0.6
2022-05-27,0,0.0
2022-05-28,0,-1.3
2022-05-29,0,-1.0
2022-05-30,0,-1.1
2022-05-31,8,1.5
2022-06-01,2,0.4
2022-06-02,0,-0.2
2022-06-03,8,1.5
2022-06-04,9,1.7
2022-06-05,2,0.3
2022-06-06,4,0.7
2022-06-07,2,0.3
2022-06-08,5,0.9
2022-06-09,9,1.6
2022-06-10,4,0.8
2022-06-11,1,0.2
2022-06-12,4,0.7
2022-06-13,0,-1.3
2022-06-14,2,0.4
2022-06-15,7,1.2
2022-06-16,10,1.8
2022-06-17,22,3.9
2022-06-18,16,2.9
2022-06-19,6,1.1
2022-06-20,0,-0.6
2022-06-21,10,1.8
2022-06-22,9,1.6
2022-06-23,0,-0.1
2022-06-24,0,0.0
2022-06-25,13,2.3
2022-06-26,20,3.6
2022-06-27,24,4.3
2022-06-28,20,3.6
2022-06-29,0,-0.1
2022-06-30,8,1.5
2022-07-01,11,1.9
2022-07-02,25,4.5
2022-07-03,13,2.3
2022-07-04,32,5.8
2022-07-05,17,3.1
2022-07-06,12,2.1
2022-07-07,9,1.6
2022-07-08,26,4.6
2022-07-09,31,5.5
2022-07-10,5,0.9
2022-07-11,20,3.6
2022-07-12,15,2.7
2022-07-13,22,4.0
2022-07-14,15,2.7
2022-07-15,27,4.8
2022-07-16,27,4.8
2022-07-17,18,3.3
2022-07-18,7,1.3
2022-07-19,12,2.1
2022-07-20,8,1.4
2022-07-21,13,2.3
2022-07-22,13,2.3
2022-07-23,19,3.4
2022-07-24,28,5.0
2022-07-25,30,5.4
2022-07-26,23,4.1
2022-07-27,26,4.6
2022-07-28,19,3.4
2022-07-29,,5.271429
2022-07-30,,3.530769
2022-07-31,15,2.7
2022-08-01,31,5.5
2022-08-02,26,4.6
2022-08-03,8,1.4
2022-08-04,16,2.8
2022-08-05,11,1.9
2022-08-06,9,1.6
2022-08-07,23,4.1
2022-08-08,17,3.1
2022-08-09,26,4.6
2022-08-10,44,8.0
2022-08-11,41,7.3
2022-08-12,16,2.8
2022-08-13,14,2.5
2022-08-14,17,3.0
2022-08-15,12,2.2
2022-08-16,24,4.3
2022-08-17,31,5.6
2022-08-18,38,6.8
2022-08-19,32,5.8
2022-08-20,61,14.5
2022-08-21,46,8.2
2022-08-22,36,6.5
2022-08-23,18,3.3
2022-08-24,31,5.6
2022-08-25,19,3.4
2022-08-26,29,5.3
2022-08-27,13,2.4
2022-08-28,12,2.2
2022-08-29,9,1.6
2022-08-30,20,3.6
2022-08-31,39,7.1
2022-09-01,55,11.3
2022-09-02,77,23.3
2022-09-03,96,33.1
2022-09-04,129,46.7
2022-09-05,79,23.9
2022-09-06,88,29.2
2022-09-07,141,51.7
2022-09-08,98,34.2
2022-09-09,56,11.8
2022-09-10,80,24.7
2022-09-11,152,56.5
2022-09-12,174,88.8
2022-09-13,190,110.5
2022-09-14,172,85.8
2022-09-15,91,30.6
2022-09-16,59,13.5
2022-09-17,50,9.0
2022-09-18,44,8.0
2022-09-19,25,4.5
2022-09-20,13,2.4
2022-09-21,12,2.1
2022-09-22,8,1.5
2022-09-23,26,4.6
2022-09-24,38,6.8
2022-09-25,31,5.5
2022-09-26,32,5.7
2022-09-27,37,6.7
2022-09-28,27,4.9
2022-09-29,16,2.9
2022-09-30,15,2.7
2022-10-01,28,5.1
2022-10-02,23,4.2
2022-10-03,37,6.7
2022-10-04,39,7.1
2022-10-05,43,7.8
2022-10-06,52,9.4
2022-10-07,54,10.8
2022-10-08,51,9.3
2022-10-09,47,8.5
2022-10-10,56,11.7
2022-10-11,33,6.0
2022-10-12,48,8.7
2022-10-13,54,10.7
2022-10-14,43,7.7
2022-10-15,42,7.5
2022-10-16,31,5.6
2022-10-17,44,8.0
2022-10-18,53,10.0
2022-10-19,54,10.9
2022-10-20,65,16.7
2022-10-21,47,8.5
2022-10-22,8,1.5
2022-10-23,16,2.9
2022-10-24,21,3.7
2022-10-25,13,2.4
2022-10-26,12,2.2
2022-10-27,18,3.2
2022-10-28,51,9.2
2022-10-29,61,14.4
2022-10-30,33,6.0
2022-10-31,12,2.1
2022-11-01,17,3.0
2022-11-02,19,3.4
2022-11-03,42,7.6
2022-11-04,21,3.8
2022-11-05,14,2.6
2022-11-06,9,1.6
2022-11-07,16,2.9
2022-11-08,32,5.7
2022-11-09,14,2.5
2022-11-10,52,9.5
2022-11-11,59,13.2
2022-11-12,63,15.6
2022-11-13,69,18.6
2022-11-14,56,11.8
2022-11-15,51,9.2
2022-11-16,60,14.1
2022-11-17,43,7.7
2022-11-18,60,13.7
2022-11-19,69,18.7
2022-11-20,73,20.9
2022-11-21,75,22.2
2022-11-22,81,25.4
2022-11-23,38,6.9
2022-11-24,52,9.8
2022-11-25,55,11.2
2022-11-26,4,0.7
2022-11-27,1,0.1
2022-11-28,16,2.8
2022-11-29,59,13.4
2022-11-30,59,13.5
2022-12-01,31,5.6
2022-12-02,17,3.1
2022-12-03,52,9.7
2022-12-04,55,11.2
2022-12-05,56,11.6
2022-12-06,30,5.4
2022-12-07,7,1.2
2022-12-08,49,8.9
2022-12-09,46,8.2
2022-12-10,27,4.9
2022-12-11,32,5.8
2022-12-12,44,7.9
2022-12-13,51,9.3
2022-12-14,58,13.0
2022-12-15,31,5.5
2022-12-16,26,4.7
2022-12-17,53,10.3
2022-12-18,46,8.3
2022-12-19,3,0.5
2022-12-20,24,4.3
2022-12-21,12,2.1
2022-12-22,19,3.4
2022-12-23,27,4.9
2022-12-24,53,10.2
2022-12-25,81,25.1
2022-12-26,57,12.1
2022-12-27,18,3.2
2022-12-28,,1.929412
2022-12-29,17,3.1
2022-12-30,19,3.5
2022-12-31,50,9.0
2023-01-01,67,17.6
2023-01-02,24,4.4
2023-01-03,35,6.3
2023-01-04,46,8.3
2023-01-05,32,5.7
2023-01-06,55,11.3
2023-01-07,52,9.9
2023-01-08,39,7.1
2023-01-09,43,7.7
2023-01-10,32,5.8
2023-01-11,20,3.6
2023-01-12,35,6.3
2023-01-13,46,8.2
2023-01-14,60,13.7
2023-01-15,43,7.8
2023-01-16,34,6.1
2023-01-17,42,7.5
2023-01-18,7,1.3
2023-01-19,17,3.1
2023-01-20,13,2.3
2023-01-21,24,4.3
2023-01-22,20,3.6
2023-01-23,24,4.4
2023-01-24,28,5.1
2023-01-25,34,6.1
2023-01-26,32,5.8
2023-01-27,28,5.1
2023-01-28,2,0.3
2023-01-29,28,5.0
2023-01-30,44,8.0
2023-01-31,53,10.0
2023-02-01,73,20.7
2023-02-02,66,17.2
2023-02-03,61,14.6
2023-02-04,24,4.4
2023-02-05,37,6.7
2023-02-06,6,1.1
2023-02-07,10,1.8
2023-02-08,0,-0.4
2023-02-09,26,4.6
2023-02-10,38,6.8
2023-02-11,35,6.3
2023-02-12,43,7.8
2023-02-13,22,4.0
2023-02-14,7,1.2
2023-02-15,23,4.2
2023-02-16,53,10.0
2023-02-17,53,10.0
2023-02-18,12,2.2
2023-02-19,29,5.3
2023-02-20,17,3.0
2023-02-21,0,-0.5
2023-02-22,29,5.3
2023-02-23,,5.825
2023-02-24,40,7.2
2023-02-25,54,10.9
2023-02-26,36,6.4
2023-02-27,17,3.0
2023-02-28,14,2.5
2023-03-01,14,2.5
2023-03-02,20,3.6
2023-03-03,9,1.6
2023-03-04,19,3.5
2023-03-05,23,4.1
2023-03-06,24,4.4
2023-03-07,22,4.0
2023-03-08,3,0.5
2023-03-09,11,2.0
2023-03-10,6,1.1
2023-03-11,13,2.4
2023-03-12,12,2.2
2023-03-13,11,1.9
2023-03-14,0,0.0
2023-03-15,0,-0.8
2023-03-16,24,4.4
2023-03-17,15,2.7
2023-03-18,53,10.0
2023-03-19,53,10.3
2023-03-20,40,7.2
2023-03-21,33,6.0
2023-03-22,30,5.4
2023-03-23,21,3.8
2023-03-24,5,0.9
2023-03-25,1,0.2
2023-03-26,5,0.9
2023-03-27,14,2.6
2023-03-28,12,2.1
2023-03-29,10,1.8
2023-03-30,21,3.7
2023-03-31,7,1.2
2023-04-01,4,0.7
2023-04-02,0,-0.3
2023-04-03,4,0.8
2023-04-04,9,1.7
2023-04-05,10,1.8
2023-04-06,15,2.7
2023-04-07,16,2.8
2023-04-08,1,0.2
2023-04-09,17,3.0
2023-04-10,3,0.6
2023-04-11,3,0.5
2023-04-12,6,1.0
2023-04-13,6,1.0
2023-04-14,2,0.3
2023-04-15,23,4.1
2023-04-16,32,5.7
2023-04-17,11,1.9
2023-04-18,0,0.0
2023-04-19,0,-0.2
2023-04-20,16,2.8
2023-04-21,15,2.7
2023-04-22,12,2.2
2023-04-23,20,3.6
2023-04-24,5,0.9
2023-04-25,0,0.0
2023-04-26,12,2.2
2023-04-27,6,1.0
2023-04-28,26,4.6
2023-04-29,48,8.6
2023-04-30,,8.791667
2023-05-01,31,5.6
2023-05-02,28,5.0
2023-05-03,22,3.9
2023-05-04,38,6.8
2023-05-05,17,3.0
2023-05-06,0,0.0
2023-05-07,2,0.3
2023-05-08,0,-0.4
2023-05-09,7,1.3
2023-05-10,13,2.3
2023-05-11,12,2.1
2023-05-12,21,3.7
2023-05-13,27,4.8
2023-05-14,12,2.1
2023-05-15,6,1.1
2023-05-16,9,1.7
2023-05-17,56,11.6
2023-05-18,90,29.8
2023-05-19,105,37.1
2023-05-20,73,20.7
2023-05-21,55,11.2
2023-05-22,7,1.2
2023-05-23,12,2.2
2023-05-24,7,1.2
2023-05-25,6,1.0
2023-05-26,7,1.3
2023-05-27,8,1.4
2023-05-28,6,1.0
2023-05-29,13,2.4
2023-05-30,20,3.6
2023-05-31,22,3.9
2023-06-01,21,3.7
2023-06-02,27,4.8
2023-06-03,34,6.1
2023-06-04,31,5.5
2023-06-05,38,6.8
2023-06-06,29,5.2
2023-06-07,18,3.2
2023-06-08,14,2.5
2023-06-09,12,2.1
2023-06-10,9,1.7
2023-06-11,13,2.4
2023-06-12,23,4.1
2023-06-13,26,4.6
2023-06-14,14,2.5
2023-06-15,26,4.7
2023-06-16,52,9.6
2023-06-17,43,7.7
2023-06-18,0,0.0
2023-06-19,0,-0.1
2023-06-20,0,-0.1
2023-06-21,4,0.7
2023-06-22,13,2.3
2023-06-23,10,1.8
2023-06-24,9,1.7
2023-06-25,22,3.9
2023-06-26,15,2.7
2023-06-27,11,1.9
2023-06-28,10,1.8
2023-06-29,18,3.3
2023-06-30,34,6.1
2023-07-01,24,4.4
2023-07-02,14,2.5
2023-07-03,23,4.1
2023-07-04,59,13.2
2023-07-05,47,8.5
2023-07-06,28,5.0
2023-07-07,32,5.7
2023-07-08,33,5.9
2023-07-09,36,6.5
2023-07-10,39,7.1
2023-07-11,27,4.8
2023-07-12,28,5.0
2023-07-13,14,2.5
2023-07-14,47,8.5
2023-07-15,53,10.4
2023-07-16,21,3.7
2023-07-17,20,3.6
2023-07-18,9,1.6
2023-07-19,17,3.0
2023-07-20,29,5.2
2023-07-21,29,5.2
2023-07-22,29,5.3
2023-07-23,40,7.2
2023-07-24,46,8.3
2023-07-25,43,7.7
2023-07-26,17,3.1
2023-07-27,20,3.6
2023-07-28,32,5.8
2023-07-29,26,4.7
2023-07-30,26,4.6
2023-07-31,59,13.3
2023-08-01,48,8.6
2023-08-02,56,11.7
2023-08-03,55,11.0
2023-08-04,58,12.8
2023-08-05,58,12.7
2023-08-06,52,9.4
2023-08-07,31,5.5
2023-08-08,36,6.4
2023-08-09,38,6.9
2023-08-10,21,3.8
2023-08-11,15,2.7
2023-08-12,21,3.8
2023-08-13,31,5.5
2023-08-14,34,6.1
2023-08-15,36,6.4
2023-08-16,78,23.5
2023-08-17,72,20.4
2023-08-18,64,16.0
2023-08-19,55,11.4
2023-08-20,38,6.8
2023-08-21,9,1.7
2023-08-22,10,1.8
2023-08-23,54,10.7
2023-08-24,72,20.4
2023-08-25,60,14.0
2023-08-26,45,8.1
2023-08-27,54,10.7
2023-08-28,53,10.0
2023-08-29,32,5.7
2023-08-30,12,2.1
2023-08-31,7,1.2
2023-09-01,19,3.5
2023-09-02,23,4.2
2023-09-03,18,3.3
2023-09-04,10,1.8
2023-09-05,7,1.2
2023-09-06,7,1.3
2023-09-07,13,2.3
2023-09-08,21,3.7
2023-09-09,21,3.8
2023-09-10,26,4.7
2023-09-11,27,4.9
2023-09-12,27,4.9
2023-09-13,12,2.1
2023-09-14,23,4.2
2023-09-15,34,6.1
2023-09-16,30,5.4
2023-09-17,38,6.9
2023-09-18,16,2.9
2023-09-19,27,4.8
2023-09-20,54,10.8
2023-09-21,8,1.4
2023-09-22,11,2.0
2023-09-23,15,2.7
2023-09-24,23,4.1
2023-09-25,41,7.4
2023-09-26,28,5.1
2023-09-27,5,0.9
2023-09-28,8,1.5
2023-09-29,6,1.1
2023-09-30,10,1.8
2023-10-01,0,-0.2
2023-10-02,12,2.1
2023-10-03,18,3.3
2023-10-04,12,2.2
2023-10-05,30,5.4
2023-10-06,27,4.8
2023-10-07,28,5.0
2023-10-08,22,4.0
2023-10-09,25,4.5
2023-10-10,27,4.9
2023-10-11,3,0.6
2023-10-12,8,1.5
2023-10-13,14,2.6
2023-10-14,17,3.1
2023-10-15,31,5.5
2023-10-16,31,5.6
2023-10-17,4,0.7
2023-10-18,22,4.0
2023-10-19,33,6.0
2023-10-20,28,5.0
2023-10-21,44,7.9
2023-10-22,41,7.4
2023-10-23,21,3.8
2023-10-24,16,2.9
2023-10-25,5,0.9
2023-10-26,14,2.5
2023-10-27,19,3.4
2023-10-28,30,5.4
2023-10-29,40,7.2
2023-10-30,51,9.2
2023-10-31,57,12.3
2023-11-01,64,15.9
2023-11-02,71,20.0
2023-11-03,53,10.3
2023-11-04,52,9.6
2023-11-05,26,4.6
2023-11-06,11,1.9
2023-11-07,0,-0.3
2023-11-08,31,5.5
2023-11-09,52,9.8
2023-11-10,52,9.9
2023-11-11,40,7.2
2023-11-12,13,2.4
2023-11-13,23,4.2
2023-11-14,16,2.8
2023-11-15,39,7.0
2023-11-16,8,1.5
2023-11-17,40,7.2
2023-11-18,,8.0
2023-11-20,,3.536364
2023-11-21,37,6.7
2023-11-22,57,12.1
2023-11-23,30,5.4
2023-11-24,17,3.0
2023-11-25,22,3.9
2023-11-26,30,5.4
2023-11-27,42,7.5
2023-11-28,53,10.0
2023-11-29,55,11.1
2023-11-30,56,12.0
2023-12-01,71,19.7
2023-12-02,32,5.8
2023-12-03,27,4.9
2023-12-04,59,13.3
2023-12-05,59,13.6
2023-12-06,33,5.9
2023-12-07,10,1.8
2023-12-08,2,0.3
2023-12-09,26,4.6
2023-12-10,37,6.7
2023-12-11,53,10.1
2023-12-12,22,4.0
2023-12-13,18,3.3
2023-12-14,30,5.4
2023-12-15,58,13.1
2023-12-16,54,10.7
2023-12-17,52,9.4
2023-12-18,55,11.1
2023-12-19,56,11.9
2023-12-20,49,8.9
2023-12-21,56,11.7
2023-12-22,34,6.2
2023-12-23,2,0.4
2023-12-24,24,4.4
2023-12-25,34,6.1
2023-12-26,39,7.0
2023-12-27,41,7.3
2023-12-28,44,7.9
2023-12-29,46,8.3
2023-12-30,41,7.4
2023-12-31,55,11.3
2024-01-01,66,17.4
2024-01-02,35,6.3
2024-01-03,36,6.5
2024-01-04,53,10.3
2024-01-05,31,5.6
2024-01-06,4,0.7
2024-01-07,9,1.7
2024-01-08,7,1.2
2024-01-09,0,-0.6
2024-01-10,0,-0.1
2024-01-11,0,0.0
2024-01-12,15,2.7
2024-01-13,28,5.1
2024-01-14,44,8.0
2024-01-15,52,9.7
2024-01-16,57,12.2
2024-01-17,67,17.5
2024-01-18,16,2.8
2024-01-19,31,5.6
2024-01-20,47,8.5
2024-01-21,75,22.2
2024-01-22,76,22.3
2024-01-23,57,12.4
2024-01-24,54,10.8
2024-01-25,36,6.4
2024-01-26,23,4.1
2024-01-27,44,7.9
2024-01-28,55,11.2
2024-01-29,44,7.9
2024-01-30,34,6.2
2024-01-31,29,5.2
2024-02-01,33,5.9
2024-02-02,41,7.4
2024-02-03,12,2.1
2024-02-04,5,0.9
2024-02-05,8,1.5
2024-02-06,22,4.0
2024-02-07,6,1.1
2024-02-08,19,3.5
2024-02-09,12,2.2
2024-02-10,5,0.9
2024-02-11,26,4.7
2024-02-12,23,4.1
2024-02-13,8,1.5
2024-02-14,0,0.0
2024-02-15,2,0.4
2024-02-16,18,3.3
2024-02-17,32,5.7
2024-02-18,36,6.4
2024-02-19,54,10.5
2024-02-20,34,6.2
2024-02-21,11,2.0
2024-02-22,7,1.3
2024-02-23,15,2.7
2024-02-24,4,0.7
2024-02-25,0,-0.8
2024-02-26,3,0.5
2024-02-27,3,0.6
2024-02-28,0,-1.1
2024-02-29,0,-0.4
2024-03-01,1,0.1
2024-03-02,2,0.4
2024-03-03,0,0.0
2024-03-04,0,-0.2
2024-03-05,2,0.4
2024-03-06,10,1.8
2024-03-07,3,0.6
2024-03-08,16,2.9
2024-03-09,18,3.2
2024-03-10,3,0.6
2024-03-11,3,0.5
2024-03-12,0,0.0
2024-03-13,0,-1.2
2024-03-14,9,1.7
2024-03-15,16,2.9
2024-03-16,26,4.7
2024-03-17,16,2.9
2024-03-18,23,4.2
2024-03-19,17,3.1
2024-03-20,14,2.6
2024-03-21,0,0.0
2024-03-22,2,0.3
2024-03-23,6,1.0
2024-03-24,6,1.0
2024-03-25,12,2.1
2024-03-26,8,1.5
2024-03-27,2,0.3
2024-03-28,2,0.4
2024-03-29,0,-0.1
2024-03-30,13,2.4
2024-03-31,16,2.9
2024-04-01,4,0.7
2024-04-02,19,3.5
2024-04-03,8,1.4
2024-04-04,0,0.0
2024-04-05,0,-0.5
2024-04-06,0,-0.4
2024-04-07,0,-1.0
2024-04-08,8,1.5
2024-04-09,0,-1.2
2024-04-10,8,1.4
2024-04-11,11,2.0
2024-04-12,16,2.9
2024-04-13,3,0.5
2024-04-14,14,2.5
2024-04-15,22,3.9
2024-04-16,7,1.2
2024-04-17,12,2.2
2024-04-18,12,2.1
2024-04-19,18,3.3
2024-04-20,31,5.6
2024-04-21,22,3.9
2024-04-22,16,2.9
2024-04-23,8,1.5
2024-04-24,48,8.6
2024-04-25,21,3.7
2024-04-26,1,0.2
2024-04-27,4,0.8
2024-04-28,1,0.1
2024-04-29,0,0.0
2024-04-30,0,-0.1
2024-05-01,4,0.7
2024-05-02,3,0.6
2024-05-03,3,0.6
2024-05-04,7,1.3
2024-05-05,1,0.2
2024-05-06,0,-0.7
2024-05-07,0,-1.2
2024-05-08,2,0.3
2024-05-09,13,2.3
2024-05-10,17,3.1
2024-05-11,17,3.1
2024-05-12,15,2.7
2024-05-13,21,3.7
2024-05-14,11,1.9
2024-05-15,10,1.8
2024-05-16,7,1.2
2024-05-17,2,0.4
2024-05-18,8,1.4
2024-05-19,1,0.2
2024-05-20,10,1.8
2024-05-21,8,1.4
2024-05-22,7,1.2
2024-05-23,3,0.6
2024-05-24,8,1.4
2024-05-25,2,0.4
2024-05-26,4,0.8
2024-05-27,4,0.7
2024-05-28,8,1.5
2024-05-29,2,0.3
2024-05-30,5,0.9
2024-05-31,14,2.6
2024-06-01,7,1.2
2024-06-02,9,1.7
2024-06-03,0,0.0
2024-06-04,0,0.0
2024-06-05,0,-0.7
2024-06-06,0,-0.1
2024-06-07,6,1.0
2024-06-08,16,2.9
2024-06-09,13,2.4
2024-06-10,14,2.5
2024-06-11,7,1.3
2024-06-12,0,0.0
2024-06-13,8,1.4
2024-06-14,16,2.9
2024-06-15,6,1.1
2024-06-16,2,0.4
2024-06-17,0,-0.9
2024-06-18,0,-0.4
2024-06-19,11,2.0
2024-06-20,5,0.9
2024-06-21,14,2.6
2024-06-22,12,2.2
2024-06-23,19,3.5
2024-06-24,2,0.3
2024-06-25,8,1.5
2024-06-26,14,2.6
2024-06-27,1,0.2
2024-06-28,9,1.7
2024-06-29,9,1.7
2024-06-30,9,1.6
2024-07-01,7,1.2
2024-07-02,6,1.1
2024-07-03,16,2.8
2024-07-04,27,4.9
2024-07-05,35,6.3
2024-07-06,20,3.6
2024-07-07,19,3.5
2024-07-08,39,7.1
2024-07-09,42,7.5
2024-07-10,48,8.7
2024-07-11,49,8.8
2024-07-12,24,4.3
2024-07-13,18,3.2
2024-07-14,28,5.1
2024-07-15,41,7.4
2024-07-16,58,12.8
2024-07-17,67,17.9
2024-07-18,69,18.8
2024-07-19,73,20.8
2024-07-20,66,17.3
2024-07-21,73,20.8
2024-07-22,97,33.9
2024-07-23,79,24.1
2024-07-24,80,24.6
2024-07-25,79,23.9
2024-07-26,57,12.1
2024-07-27,67,17.6
2024-07-28,67,17.6
2024-07-29,71,19.6
2024-07-30,32,5.8
2024-07-31,7,1.3
2024-08-01,24,4.4
2024-08-02,55,11.5
2024-08-03,62,15.2
2024-08-04,59,13.4
2024-08-05,42,7.5
2024-08-06,33,5.9
2024-08-07,41,7.4
2024-08-08,38,6.9
2024-08-09,55,11.4
2024-08-10,54,10.5
2024-08-11,54,10.5
2024-08-12,64,16.2
2024-08-13,61,14.7
2024-08-14,45,8.1
2024-08-15,49,8.8
2024-08-16,34,6.1
2024-08-17,36,6.4
2024-08-18,39,7.1
2024-08-19,28,5.0
2024-08-20,30,5.4
2024-08-21,16,2.8
2024-08-22,18,3.3
2024-08-23,36,6.4
2024-08-24,31,5.6
2024-08-25,8,1.4
2024-08-26,40,7.2
2024-08-27,39,7.1
2024-08-28,13,2.4
2024-08-29,23,4.1
2024-08-30,43,7.8
2024-08-31,43,7.7
2024-09-01,73,20.7
2024-09-02,102,36.1
2024-09-03,69,18.7
2024-09-04,59,13.2
2024-09-05,56,11.8
2024-09-06,66,17.0
2024-09-07,83,26.5
2024-09-08,145,53.2
2024-09-09,150,55.3
2024-09-10,90,30.0
2024-09-11,84,27.0
2024-09-12,5,0.9
2024-09-13,11,1.9
2024-09-14,25,4.5
2024-09-15,38,6.8
2024-09-16,24,4.4
2024-09-17,17,3.1
2024-09-18,2,0.3
2024-09-19,12,2.1
2024-09-20,8,1.5
2024-09-21,12,2.2
2024-09-22,15,2.7
2024-09-23,2,0.4
2024-09-24,10,1.8
2024-09-25,14,2.5
2024-09-26,7,1.3
2024-09-27,12,2.1
2024-09-28,14,2.5
2024-09-29,17,3.0
2024-09-30,15,2.7
2024-10-01,26,4.6
2024-10-02,2,0.4
2024-10-03,19,3.5
2024-10-04,33,5.9
2024-10-05,12,2.1
2024-10-06,69,18.6
2024-10-07,70,19.4
2024-10-08,61,14.2
2024-10-09,57,12.3
2024-10-10,13,2.4
2024-10-11,58,13.0
2024-10-12,52,9.7
2024-10-13,52,9.8
2024-10-14,75,22.1
2024-10-15,78,23.7
2024-10-16,60,14.0
2024-10-17,0,-0.6
2024-10-18,17,3.0
2024-10-19,38,6.8
2024-10-20,28,5.0
2024-10-21,7,1.2
2024-10-22,11,1.9
2024-10-23,16,2.9
2024-10-24,13,2.4
2024-10-25,23,4.2
2024-10-26,36,6.5
2024-10-27,17,3.0
2024-10-28,0,-0.3
2024-10-29,2,0.3
2024-10-30,44,8.0
2024-10-31,53,10.2
2024-11-01,33,5.9
2024-11-02,2,0.4
2024-11-03,9,1.6
2024-11-04,18,3.2
2024-11-05,0,0.0
2024-11-06,36,6.5
2024-11-07,41,7.4
2024-11-08,53,10.0
2024-11-09,51,9.1
2024-11-10,52,9.5
2024-11-11,42,7.6
2024-11-12,0,-0.2
2024-11-13,14,2.6
2024-11-14,2,0.4
2024-11-15,7,1.3
2024-11-16,11,2.0
2024-11-17,2,0.4
2024-11-18,0,-1.3
2024-11-19,39,7.0
2024-11-20,22,3.9
2024-11-21,28,5.0
2024-11-22,48,8.7
2024-11-23,32,5.8
2024-11-24,16,2.9
2024-11-25,37,6.6
2024-11-26,47,8.4
2024-11-27,14,2.6
2024-11-28,21,3.7
2024-11-29,39,7.0
2024-11-30,49,8.9
2024-12-01,56,11.6
2024-12-02,44,8.0
2024-12-03,49,8.9
2024-12-04,55,11.2
2024-12-05,58,12.7
2024-12-06,56,12.0
2024-12-07,56,11.9
2024-12-08,1,0.2
2024-12-09,18,3.2
2024-12-10,21,3.7
2024-12-11,33,6.0
2024-12-12,26,4.6
2024-12-13,39,7.1
2024-12-14,43,7.8
2024-12-15,10,1.8
2024-12-16,8,1.5
2024-12-17,38,6.8
2024-12-18,18,3.2
2024-12-19,24,4.3
2024-12-20,42,7.6
2024-12-21,48,8.7
2024-12-22,42,7.6
2024-12-23,26,4.7
2024-12-24,14,2.6
2024-12-25,9,1.7
2024-12-26,1,0.1
2024-12-27,11,2.0
2024-12-28,21,3.8
2024-12-29,1,0.2
2024-12-30,6,1.0
2024-12-31,27,4.9
2025-01-01,21,3.8
2025-01-02,32,5.8
2025-01-03,27,4.9
2025-01-04,26,4.7
2025-01-05,34,6.1
2025-01-06,39,7.0
2025-01-07,37,6.7
2025-01-08,46,8.2
2025-01-09,55,11.0
2025-01-10,44,8.0
2025-01-11,3,0.5
2025-01-12,23,4.2
2025-01-13,19,3.5
2025-01-14,38,6.9
2025-01-15,58,12.8
2025-01-16,55,11.4
2025-01-17,0,-0.2
2025-01-18,15,2.7
2025-01-19,32,5.7
2025-01-20,36,6.4
2025-01-21,54,10.8
2025-01-22,23,4.2
2025-01-23,41,7.4
2025-01-24,26,4.6
2025-01-25,32,5.7
2025-01-26,44,7.9
2025-01-27,54,10.6
2025-01-28,51,9.1
2025-01-29,54,10.8
2025-01-30,63,15.6
2025-01-31,66,16.9
2025-02-01,5,0.9
2025-02-02,12,2.1
2025-02-03,9,1.6
2025-02-04,14,2.6
2025-02-05,24,4.4
2025-02-06,57,12.3
2025-02-07,6,1.0
2025-02-08,23,4.1
2025-02-09,28,5.0
2025-02-10,11,2.0
2025-02-11,14,2.5
2025-02-12,26,4.7
2025-02-13,46,8.3
2025-02-14,52,9.4
2025-02-15,17,3.0
2025-02-16,19,3.4
2025-02-17,31,5.5
2025-02-18,4,0.8
2025-02-19,16,2.9
2025-02-20,47,8.5
2025-02-21,15,2.7
2025-02-22,19,3.5
2025-02-23,6,1.0
2025-02-24,0,0.0
2025-02-25,0,-0.1
2025-02-26,15,2.7
2025-02-27,31,5.6
2025-02-28,32,5.7
2025-03-01,34,6.2
2025-03-02,30,5.4
2025-03-03,61,14.2
2025-03-04,17,3.1
2025-03-05,7,1.3
2025-03-06,19,3.4
2025-03-07,9,1.7
2025-03-08,16,2.8
2025-03-09,14,2.5
2025-03-10,0,-0.1
2025-03-11,8,1.5
2025-03-12,19,3.5
2025-03-13,14,2.5
2025-03-14,,-0.28
2025-03-15,5,0.9
2025-03-16,1,0.2
2025-03-17,0,-0.1
2025-03-18,0,-0.3
2025-03-19,17,3.1
2025-03-20,4,0.7
2025-03-21,0,-0.1
2025-03-22,0,-0.8
2025-03-23,2,0.3
2025-03-24,0,-0.7
2025-03-25,2,0.4
2025-03-26,5,0.9
2025-03-27,11,2.0
2025-03-28,6,1.0
2025-03-29,2,0.4
2025-03-30,0,-0.1
2025-03-31,0,-0.4
2025-04-01,0,-0.4
2025-04-02,0,0.0
2025-04-03,0,-0.1
2025-04-04,11,2.0
2025-04-05,28,5.0
2025-04-06,19,3.5
2025-04-07,17,3.1
2025-04-08,0,-0.1
2025-04-09,4,0.8
2025-04-10,41,7.4
2025-04-11,21,3.7
2025-04-12,0,-0.4
2025-04-13,6,1.1
2025-04-14,25,4.5
2025-04-15,14,2.5
2025-04-16,14,2.5
2025-04-17,0,-0.2
2025-04-18,20,3.6
2025-04-19,14,2.6
2025-04-20,14,2.6
2025-04-21,0,-0.9
2025-04-22,4,0.8
2025-04-23,7,1.2
2025-04-24,,0.51875
2025-04-25,9,1.7
2025-04-26,22,4.0
2025-04-27,16,2.9
2025-04-28,9,1.7
2025-04-29,6,1.1
2025-04-30,9,1.6
2025-05-01,11,2.0
2025-05-02,42,7.5
2025-05-03,40,7.2
2025-05-04,7,1.2
2025-05-05,0,0.0
2025-05-06,12,2.2
2025-05-07,4,0.8
2025-05-08,7,1.3
2025-05-09,21,3.8
2025-05-10,41,7.3
2025-05-11,17,3.0
2025-05-12,0,-0.5
2025-05-13,0,0.0
2025-05-14,3,0.6
2025-05-15,4,0.7
2025-05-16,8,1.5
2025-05-17,0,-0.9
2025-05-18,0,-0.6
2025-05-19,5,0.9
2025-05-20,1,0.2
2025-05-21,9,1.7
2025-05-22,11,1.9
2025-05-23,3,0.6
2025-05-24,3,0.5
2025-05-25,12,2.1
2025-05-26,22,4.0
2025-05-27,28,5.1
2025-05-28,10,1.8
2025-05-29,21,3.7
2025-05-30,9,1.7
2025-05-31,14,2.5
2025-06-01,4,0.8
2025-06-02,0,0.0
2025-06-03,4,0.8
2025-06-04,7,1.2
2025-06-05,12,2.1
2025-06-06,13,2.4
2025-06-07,26,4.6
2025-06-08,39,7.0
2025-06-09,29,5.3
2025-06-10,16,2.8
2025-06-11,20,3.6
2025-06-12,22,3.9
2025-06-13,14,2.6
2025-06-14,11,2.0
2025-06-15,14,2.5
2025-06-16,19,3.5
2025-06-17,25,4.5
2025-06-18,14,2.6
2025-06-19,9,1.6
2025-06-20,13,2.4
2025-06-21,0,-0.1
2025-06-22,4,0.8
2025-06-23,6,1.0
2025-06-24,29,5.2
2025-06-25,27,4.9
2025-06-26,11,2.0
2025-06-27,7,1.2
2025-06-28,2,0.3
2025-06-29,1,0.2
2025-06-30,13,2.3
2025-07-01,24,4.4
2025-07-02,26,4.6
2025-07-03,17,3.0
2025-07-04,33,5.9
2025-07-05,21,3.8
2025-07-06,16,2.9
2025-07-07,12,2.2
2025-07-08,14,2.6
2025-07-09,13,2.4
2025-07-10,3,0.5
2025-07-11,,1.678571
2025-07-14,,0.409091
2025-07-15,5,0.9
2025-07-16,37,6.6
2025-07-17,29,5.3
2025-07-18,23,4.1
2025-07-19,17,3.1
2025-07-20,17,3.1
2025-07-21,19,3.4
2025-07-22,10,1.8
2025-07-23,23,4.1
2025-07-24,22,4.0
2025-07-25,31,5.5
2025-07-26,46,8.3
2025-07-27,24,4.3
2025-07-28,16,2.8
2025-07-29,18,3.3
2025-07-30,11,2.0
2025-07-31,17,3.1
2025-08-01,22,3.9
2025-08-02,32,5.7
2025-08-03,27,4.9
2025-08-04,34,6.1
2025-08-05,25,4.5
2025-08-06,32,5.7
2025-08-07,6,1.0
2025-08-08,4,0.7
2025-08-09,13,2.4
2025-08-10,20,3.6
2025-08-11,16,2.9
2025-08-12,19,3.5
2025-08-13,36,6.5
2025-08-14,36,6.4
2025-08-15,16,2.8
2025-08-16,15,2.7
2025-08-17,5,0.9
2025-08-18,20,3.6
2025-08-19,29,5.2
2025-08-20,36,6.4
2025-08-21,52,9.7
2025-08-22,54,10.5
2025-08-23,48,8.7
2025-08-24,50,9.0
2025-08-25,54,10.5
2025-08-26,58,12.9
2025-08-27,37,6.7
2025-08-28,28,5.1
2025-08-29,50,9.0
2025-08-30,51,9.3
2025-08-31,66,17.3
2025-09-01,53,10.4
2025-09-02,56,11.8
2025-09-03,65,16.7
2025-09-04,85,27.4
2025-09-05,80,24.9
2025-09-06,98,34.4
2025-09-07,85,27.5
2025-09-08,33,5.9
2025-09-09,52,9.9
2025-09-10,39,7.0
2025-09-11,6,1.0
2025-09-12,16,2.9
2025-09-13,26,4.7
2025-09-14,39,7.0
2025-09-15,6,1.0
2025-09-16,28,5.0
2025-09-17,46,8.3
2025-09-18,34,6.2
2025-09-19,29,5.2
2025-09-20,28,5.1
2025-09-21,30,5.4
2025-09-22,19,3.4
2025-09-23,34,6.1
2025-09-24,30,5.4
2025-09-25,14,2.6
2025-09-26,61,14.5
2025-09-27,62,15.1
2025-09-28,51,9.3
2025-09-29,24,4.3
2025-09-30,9,1.7
2025-10-01,4,0.8
2025-10-02,11,1.9
2025-10-03,9,1.6
2025-10-04,17,3.0
2025-10-05,7,1.2
2025-10-06,19,3.5
2025-10-07,22,3.9
2025-10-08,22,4.0
2025-10-09,21,3.8
2025-10-10,19,3.4
2025-10-11,5,0.9
2025-10-12,0,-0.8
2025-10-13,1,0.2
2025-10-14,8,1.4
2025-10-15,9,1.6
2025-10-16,16,2.9
2025-10-17,14,2.6
2025-10-18,18,3.3
2025-10-19,7,1.3
2025-10-20,22,3.9
2025-10-21,35,6.3
2025-10-22,33,5.9
2025-10-23,25,4.5
2025-10-24,39,7.1
2025-10-25,8,1.4
2025-10-26,0,-0.2
2025-10-27,12,2.1
2025-10-28,30,5.4
2025-10-29,40,7.2
2025-10-30,34,6.1
2025-10-31,38,6.8
2025-11-01,30,5.4
2025-11-02,0,-0.2
2025-11-03,23,4.1
2025-11-04,,4.578571
2025-11-06,,2.6
2025-11-07,7,1.3
2025-11-08,29,5.2
2025-11-09,38,6.9
2025-11-10,43,7.8
2025-11-11,12,2.2
2025-11-12,39,7.1
2025-11-13,38,6.9
2025-11-14,0,-0.2
2025-11-15,6,1.0
2025-11-16,14,2.6
2025-11-17,33,5.9
2025-11-18,36,6.4
2025-11-19,22,3.9
2025-11-20,36,6.5
2025-11-21,32,5.8
2025-11-22,29,5.2
2025-11-23,48,8.7
2025-11-24,11,2.0
2025-11-25,18,3.3
2025-11-26,28,5.1
2025-11-27,52,9.6
2025-11-28,23,4.2
2025-11-29,42,7.5
2025-11-30,39,7.0
2025-12-01,40,7.2
2025-12-02,26,4.7
2025-12-03,19,3.5
2025-12-04,29,5.2
2025-12-05,18,3.3
2025-12-06,5,0.9
2025-12-07,22,4.0
2025-12-08,12,2.1
2025-12-09,0,-1.1
2025-12-10,3,0.5
2025-12-11,0,-1.0
2025-12-12,0,0.0
2025-12-13,,0.763636
2025-12-15,,3.376923
2025-12-16,0,-1.2
2025-12-17,0,-1.1
2025-12-18,6,1.1
2025-12-19,0,-1.1
2025-12-20,0,-0.4
2025-12-21,2,0.3
2025-12-22,14,2.6
2025-12-23,17,3.0
2025-12-24,14,2.5
2025-12-25,12,2.2
2025-12-26,0,-0.6
2025-12-27,0,-0.9
2025-12-28,17,3.0
2025-12-29,28,5.1
2025-12-30,42,7.5
2025-12-31,55,11.3
