date,aqi,value
2011-01-01,12,2.1
2011-01-02,6,1.1
2011-01-03,19,3.5
2011-01-04,31,5.5
2011-01-05,9,1.6
2011-01-06,11,1.9
2011-01-07,25,4.5
2011-01-08,51,9.1
2011-01-09,13,2.3
2011-01-10,28,5.1
2011-01-11,33,6.0
2011-01-12,34,6.2
2011-01-13,26,4.7
2011-01-14,3,0.5
2011-01-15,11,1.9
2011-01-16,15,2.7
2011-01-17,7,1.2
2011-01-18,4,0.8
2011-01-19,29,5.3
2011-01-20,22,3.9
2011-01-21,11,1.9
2011-01-22,12,2.1
2011-01-23,17,3.0
2011-01-24,12,2.1
2011-01-25,12,2.2
2011-01-26,16,2.9
2011-01-27,7,1.3
2011-01-28,11,2.0
2011-01-29,19,3.4
2011-01-30,33,6.0
2011-01-31,23,4.1
2011-02-01,22,4.0
2011-02-02,25,4.5
2011-02-03,15,2.7
2011-02-04,17,3.0
2011-02-05,9,1.6
2011-02-06,16,2.8
2011-02-07,20,3.6
2011-02-08,23,4.2
2011-02-09,17,3.0
2011-02-10,14,2.5
2011-02-11,18,3.2
2011-02-12,26,4.6
2011-02-13,28,5.1
2011-02-14,30,5.4
2011-02-15,19,3.5
2011-02-16,14,2.5
2011-02-17,53,10.2
2011-02-18,24,4.4
2011-02-19,29,5.2
2011-02-20,29,5.3
2011-02-21,24,4.4
2011-02-22,23,4.2
2011-02-23,11,1.9
2011-02-24,44,7.9
2011-02-25,57,12.5
2011-02-26,31,5.5
2011-02-27,18,3.2
2011-02-28,22,3.9
2011-03-01,12,2.2
2011-03-02,,4.8125
2011-03-03,12,2.1
2011-03-04,22,4.0
2011-03-05,19,3.5
2011-03-06,24,4.3
2011-03-07,27,4.8
2011-03-08,54,10.6
2011-03-09,22,3.9
2011-03-10,26,4.6
2011-03-11,71,19.6
2011-03-12,28,5.0
2011-03-13,32,5.7
2011-03-14,26,4.6
2011-03-15,29,5.2
2011-03-16,22,4.0
2011-03-17,69,19.0
2011-03-18,55,11.2
2011-03-19,44,8.0
2011-03-20,51,9.1
2011-03-21,54,10.6
2011-03-22,67,17.5
2011-03-23,12,2.2
2011-03-24,22,4.0
2011-03-25,25,4.5
2011-03-26,14,2.5
2011-03-27,39,7.0
2011-03-28,25,4.5
2011-03-29,19,3.5
2011-03-30,17,3.0
2011-03-31,67,17.8
2011-04-01,19,3.5
2011-04-02,16,2.9
2011-04-03,7,1.2
2011-04-04,14,2.6
2011-04-05,13,2.3
2011-04-06,26,4.7
2011-04-07,55,11.1
2011-04-08,58,13.1
2011-04-09,47,8.5
2011-04-10,10,1.8
2011-04-11,38,6.8
2011-04-12,29,5.3
2011-04-13,31,5.6
2011-04-14,33,5.9
2011-04-15,57,12.1
2011-04-16,44,8.0
2011-04-17,42,7.6
2011-04-18,14,2.5
2011-04-19,27,4.8
2011-04-20,30,5.4
2011-04-21,24,4.4
2011-04-22,54,10.7
2011-04-23,33,6.0
2011-04-24,26,4.7
2011-04-25,23,4.1
2011-04-26,11,1.9
2011-04-27,19,3.5
2011-04-28,27,4.8
2011-04-29,52,9.5
2011-04-30,13,2.4
2011-05-01,16,2.8
2011-05-02,18,3.2
2011-05-03,24,4.3
2011-05-04,17,3.0
2011-05-05,25,4.5
2011-05-06,24,4.4
2011-05-07,31,5.6
2011-05-08,41,7.3
2011-05-09,48,8.6
2011-05-10,36,6.4
2011-05-11,3,0.5
2011-05-12,8,1.5
2011-05-13,24,4.3
2011-05-14,23,4.1
2011-05-15,19,3.5
2011-05-16,22,3.9
2011-05-17,25,4.5
2011-05-18,22,4.0
2011-05-19,8,1.5
2011-05-20,9,1.6
2011-05-21,11,1.9
2011-05-22,22,4.0
2011-05-23,21,3.7
2011-05-24,20,3.6
2011-05-25,14,2.5
2011-05-26,32,5.7
2011-05-27,20,3.6
2011-05-28,17,3.1
2011-05-29,25,4.5
2011-05-30,0,0.0
2011-05-31,26,4.6
2011-06-01,50,9.0
2011-06-02,50,9.0
2011-06-03,26,4.7
2011-06-04,42,7.5
2011-06-05,65,16.7
2011-06-06,65,16.5
2011-06-07,51,9.1
2011-06-08,22,4.0
2011-06-09,37,6.6
2011-06-10,25,4.5
2011-06-11,29,5.3
2011-06-12,38,6.9
2011-06-13,28,5.1
2011-06-14,26,4.6
2011-06-15,22,3.9
2011-06-16,22,4.0
2011-06-17,7,1.3
2011-06-18,8,1.4
2011-06-19,0,-0.4
2011-06-20,7,1.3
2011-06-21,15,2.7
2011-06-22,24,4.3
2011-06-23,29,5.3
2011-06-24,38,6.8
2011-06-25,49,8.9
2011-06-26,29,5.3
2011-06-27,25,4.5
2011-06-28,28,5.0
2011-06-29,45,8.1
2011-06-30,33,5.9
2011-07-01,28,5.0
2011-07-02,43,7.7
2011-07-03,28,5.1
2011-07-04,24,4.3
2011-07-05,27,4.9
2011-07-06,33,6.0
2011-07-07,30,5.4
2011-07-08,19,3.4
2011-07-09,22,4.0
2011-07-10,23,4.1
2011-07-11,28,5.0
2011-07-12,35,6.3
2011-07-13,27,4.8
2011-07-14,39,7.0
2011-07-15,28,5.1
2011-07-16,36,6.5
2011-07-17,33,6.0
2011-07-18,46,8.2
2011-07-19,22,4.0
2011-07-20,20,3.6
2011-07-21,37,6.7
2011-07-22,31,5.6
2011-07-23,32,5.8
2011-07-24,37,6.7
2011-07-25,39,7.1
2011-07-26,31,5.6
2011-07-27,22,4.0
2011-07-28,31,5.6
2011-07-29,34,6.2
2011-07-30,32,5.7
2011-07-31,31,5.6
2011-08-01,21,3.7
2011-08-02,32,5.7
2011-08-03,39,7.1
2011-08-04,23,4.2
2011-08-05,29,5.3
2011-08-06,29,5.3
2011-08-07,27,4.8
2011-08-08,26,4.7
2011-08-09,42,7.5
2011-08-10,38,6.9
2011-08-11,32,5.7
2011-08-12,26,4.6
2011-08-13,43,7.7
2011-08-14,41,7.3
2011-08-15,21,3.8
2011-08-16,21,3.8
2011-08-17,32,5.7
2011-08-18,29,5.3
2011-08-19,32,5.7
2011-08-20,23,4.2
2011-08-21,31,5.6
2011-08-22,29,5.2
2011-08-23,25,4.5
2011-08-24,42,7.5
2011-08-25,38,6.9
2011-08-26,36,6.5
2011-08-27,40,7.2
2011-08-28,29,5.3
2011-08-29,48,8.6
2011-08-30,21,3.7
2011-08-31,24,4.3
2011-09-01,26,4.7
2011-09-02,33,6.0
2011-09-03,22,4.0
2011-09-04,23,4.2
2011-09-05,29,5.2
2011-09-06,22,4.0
2011-09-07,38,6.9
2011-09-08,33,6.0
2011-09-09,38,6.8
2011-09-10,33,5.9
2011-09-11,25,4.5
2011-09-12,18,3.2
2011-09-13,26,4.7
2011-09-14,22,4.0
2011-09-15,21,3.8
2011-09-16,33,5.9
2011-09-17,17,3.1
2011-09-18,20,3.6
2011-09-19,23,4.2
2011-09-20,15,2.7
2011-09-21,17,3.0
2011-09-22,15,2.7
2011-09-23,19,3.4
2011-09-24,22,3.9
2011-09-25,17,3.0
2011-09-26,26,4.6
2011-09-27,30,5.4
2011-09-28,25,4.5
2011-09-29,26,4.6
2011-09-30,34,6.2
2011-10-01,21,3.7
2011-10-02,25,4.5
2011-10-03,37,6.6
2011-10-04,28,5.0
2011-10-05,8,1.5
2011-10-06,14,2.5
2011-10-07,12,2.2
2011-10-08,,1.769231
2011-10-09,7,1.2
2011-10-10,29,5.2
2011-10-11,7,1.2
2011-10-12,23,4.1
2011-10-13,22,4.0
2011-10-14,31,5.6
2011-10-15,14,2.6
2011-10-16,19,3.5
2011-10-17,25,4.5
2011-10-18,21,3.8
2011-10-19,28,5.1
2011-10-20,20,3.6
2011-10-21,17,3.1
2011-10-22,11,2.0
2011-10-23,8,1.5
2011-10-24,12,2.1
2011-10-25,16,2.9
2011-10-26,18,3.2
2011-10-27,20,3.6
2011-10-28,39,7.1
2011-10-29,38,6.8
2011-10-30,17,3.0
2011-10-31,8,1.5
2011-11-01,9,1.6
2011-11-02,14,2.6
2011-11-03,22,3.9
2011-11-04,22,4.0
2011-11-05,24,4.3
2011-11-06,18,3.3
2011-11-07,26,4.7
2011-11-08,24,4.4
2011-11-09,15,2.7
2011-11-10,12,2.1
2011-11-11,8,1.4
2011-11-12,7,1.2
2011-11-13,8,1.4
2011-11-14,19,3.4
2011-11-15,17,3.0
2011-11-16,18,3.2
2011-11-17,12,2.2
2011-11-18,9,1.6
2011-11-19,7,1.2
2011-11-20,33,6.0
2011-11-21,18,3.3
2011-11-22,,1.928571
2011-11-23,3,0.6
2011-11-24,11,1.9
2011-11-25,12,2.1
2011-11-26,11,1.9
2011-11-27,11,1.9
2011-11-28,12,2.1
2011-11-29,18,3.2
2011-11-30,13,2.3
2011-12-01,17,3.1
2011-12-02,22,3.9
2011-12-03,15,2.7
2011-12-04,7,1.3
2011-12-05,24,4.4
2011-12-06,12,2.2
2011-12-07,17,3.0
2011-12-08,34,6.2
2011-12-09,25,4.5
2011-12-10,14,2.5
2011-12-11,9,1.7
2011-12-12,25,4.5
2011-12-13,31,5.6
2011-12-14,13,2.3
2011-12-15,37,6.7
2011-12-16,22,4.0
2011-12-17,21,3.8
2011-12-18,6,1.0
2011-12-19,13,2.3
2011-12-20,8,1.4
2011-12-21,8,1.4
2011-12-22,6,1.0
2011-12-23,0,-1.5
2011-12-24,7,1.3
2011-12-25,9,1.7
2011-12-26,18,3.2
2011-12-27,17,3.1
2011-12-28,,4.142857
2011-12-29,101,35.7
2011-12-30,3,0.6
2011-12-31,94,32.0
2012-01-01,19,3.5
2012-01-02,17,3.1
2012-01-03,0,-0.9
2012-01-04,8,1.4
2012-01-05,3,0.5
2012-01-06,16,2.8
2012-01-07,19,3.5
2012-01-08,10,1.8
2012-01-09,5,0.9
2012-01-10,4,0.8
2012-01-11,2,0.4
2012-01-12,9,1.7
2012-01-13,12,2.2
2012-01-14,2,0.3
2012-01-15,8,1.4
2012-01-16,8,1.5
2012-01-17,9,1.6
2012-01-18,,23.454545
2012-01-19,55,11.0
2012-01-20,57,12.4
2012-01-21,19,3.5
2012-01-22,25,4.5
2012-01-23,17,3.0
2012-01-24,0,0.0
2012-01-25,21,3.8
2012-01-26,11,1.9
2012-01-27,0,-0.3
2012-01-28,9,1.7
2012-01-29,3,0.5
2012-01-30,5,0.9
2012-01-31,21,3.8
2012-02-01,18,3.2
2012-02-02,22,3.9
2012-02-03,27,4.9
2012-02-04,37,6.7
2012-02-05,52,9.6
2012-02-06,13,2.3
2012-02-07,38,6.9
2012-02-08,31,5.5
2012-02-09,11,1.9
2012-02-10,19,3.5
2012-02-11,43,7.7
2012-02-12,63,15.5
2012-02-13,9,1.7
2012-02-14,21,3.7
2012-02-15,33,5.9
2012-02-16,14,2.5
2012-02-17,19,3.5
2012-02-18,33,6.0
2012-02-19,29,5.3
2012-02-20,7,1.3
2012-02-21,36,6.5
2012-02-22,53,10.1
2012-02-23,21,3.7
2012-02-24,8,1.5
2012-02-25,25,4.5
2012-02-26,18,3.2
2012-02-27,19,3.4
2012-02-28,33,6.0
2012-02-29,52,9.5
2012-03-01,8,1.5
2012-03-02,8,1.5
2012-03-03,54,10.6
2012-03-04,23,4.2
2012-03-05,21,3.8
2012-03-06,22,4.0
2012-03-07,13,2.3
2012-03-08,28,5.0
2012-03-09,32,5.8
2012-03-10,26,4.6
2012-03-11,26,4.6
2012-03-12,23,4.2
2012-03-13,18,3.3
2012-03-14,22,3.9
2012-03-15,21,3.7
2012-03-16,21,3.7
2012-03-17,22,4.0
2012-03-18,53,10.3
2012-03-19,2,0.4
2012-03-20,2,0.3
2012-03-21,7,1.3
2012-03-22,14,2.5
2012-03-23,26,4.6
2012-03-24,14,2.6
2012-03-25,49,8.8
2012-03-26,54,10.7
2012-03-27,17,3.1
2012-03-28,37,6.7
2012-03-29,19,3.5
2012-03-30,16,2.9
2012-03-31,13,2.3
2012-04-01,20,3.6
2012-04-02,66,17.4
2012-04-03,16,2.8
2012-04-04,29,5.3
2012-04-05,42,7.5
2012-04-06,38,6.9
2012-04-07,56,11.8
2012-04-08,42,7.5
2012-04-09,39,7.0
2012-04-10,26,4.6
2012-04-11,51,9.2
2012-04-12,22,3.9
2012-04-13,9,1.7
2012-04-14,21,3.7
2012-04-15,12,2.1
2012-04-16,17,3.0
2012-04-17,18,3.2
2012-04-18,22,4.0
2012-04-19,6,1.1
2012-04-20,17,3.1
2012-04-21,18,3.3
2012-04-22,24,4.3
2012-04-23,23,4.2
2012-04-24,23,4.1
2012-04-25,23,4.1
2012-04-26,25,4.5
2012-04-27,13,2.4
2012-04-28,7,1.2
2012-04-29,23,4.1
2012-04-30,29,5.2
2012-05-01,31,5.6
2012-05-02,26,4.6
2012-05-03,32,5.8
2012-05-04,32,5.8
2012-05-05,46,8.2
2012-05-06,25,4.5
2012-05-07,24,4.3
2012-05-08,33,5.9
2012-05-09,37,6.7
2012-05-10,23,4.1
2012-05-11,22,3.9
2012-05-12,46,8.3
2012-05-13,42,7.6
2012-05-14,32,5.7
2012-05-15,38,6.8
2012-05-16,56,12.0
2012-05-17,47,8.4
2012-05-18,41,7.4
2012-05-19,21,3.8
2012-05-20,32,5.8
2012-05-21,28,5.1
2012-05-22,33,5.9
2012-05-23,20,3.6
2012-05-24,14,2.6
2012-05-25,26,4.7
2012-05-26,64,15.9
2012-05-27,32,5.8
2012-05-28,11,2.0
2012-05-29,19,3.5
2012-05-30,27,4.9
2012-05-31,17,3.1
2012-06-01,17,3.1
2012-06-02,24,4.4
2012-06-03,22,4.0
2012-06-04,52,9.5
2012-06-05,50,9.0
2012-06-06,31,5.5
2012-06-07,43,7.8
2012-06-08,42,7.6
2012-06-09,27,4.9
2012-06-10,6,1.0
2012-06-11,52,9.4
2012-06-12,34,6.2
2012-06-13,65,16.8
2012-06-14,28,5.1
2012-06-15,52,9.6
2012-06-16,26,4.6
2012-06-17,29,5.2
2012-06-18,44,8.0
2012-06-19,44,7.9
2012-06-20,13,2.4
2012-06-21,23,4.2
2012-06-22,46,8.2
2012-06-23,55,11.0
2012-06-24,48,8.7
2012-06-25,60,13.7
2012-06-26,48,8.7
2012-06-27,,12.083333
2012-07-08,16,2.8
2012-07-09,,5.727273
2012-07-10,39,7.1
2012-07-11,38,6.8
2012-07-12,52,9.4
2012-07-13,44,8.0
2012-07-14,43,7.7
2012-07-15,21,3.8
2012-07-16,18,3.3
2012-07-17,10,1.8
2012-07-18,4,0.7
2012-07-19,20,3.6
2012-07-20,24,4.4
2012-07-21,14,2.5
2012-07-22,12,2.2
2012-07-23,12,2.1
2012-07-24,14,2.6
2012-07-25,1,0.2
2012-07-26,19,3.5
2012-07-27,27,4.9
2012-07-28,12,2.2
2012-07-29,9,1.7
2012-07-30,13,2.4
2012-07-31,11,2.0
2012-08-01,13,2.4
2012-08-02,17,3.1
2012-08-03,20,3.6
2012-08-04,42,7.5
2012-08-05,41,7.4
2012-08-06,28,5.0
2012-08-07,34,6.2
2012-08-08,55,11.4
2012-08-09,47,8.5
2012-08-10,44,8.0
2012-08-11,48,8.7
2012-08-12,48,8.6
2012-08-13,49,8.8
2012-08-14,80,24.8
2012-08-15,58,12.7
2012-08-16,20,3.6
2012-08-17,48,8.7
2012-08-18,22,3.9
2012-08-19,30,5.4
2012-08-20,50,9.0
2012-08-21,51,9.2
2012-08-22,51,9.2
2012-08-23,,6.0
2012-08-24,,4.571429
2012-08-25,38,6.8
2012-08-26,53,10.4
2012-08-27,34,6.2
2012-08-28,8,1.4
2012-08-29,4,0.7
2012-08-30,90,30.0
2012-08-31,70,19.1
2012-09-01,13,2.3
2012-09-02,0,-0.4
2012-09-03,0,-0.8
2012-09-04,1,0.1
2012-09-05,53,10.2
2012-09-06,11,1.9
2012-09-07,44,7.9
2012-09-08,36,6.5
2012-09-09,29,5.2
2012-09-10,10,1.8
2012-09-11,0,-0.3
2012-09-12,6,1.1
2012-09-13,47,8.5
2012-09-14,40,7.2
2012-09-15,14,2.5
2012-09-16,36,6.5
2012-09-17,37,6.7
2012-09-18,57,12.2
2012-09-19,61,14.2
2012-09-20,55,11.5
2012-09-21,33,5.9
2012-09-22,22,4.0
2012-09-23,51,9.3
2012-09-24,4,0.8
2012-09-25,2,0.4
2012-09-26,18,3.2
2012-09-27,25,4.5
2012-09-28,19,3.4
2012-09-29,27,4.9
2012-09-30,32,5.7
2012-10-01,41,7.3
2012-10-02,11,2.0
2012-10-03,1,0.1
2012-10-04,21,3.7
2012-10-05,14,2.5
2012-10-06,15,2.7
2012-10-07,13,2.4
2012-10-08,12,2.1
2012-10-09,34,6.1
2012-10-10,56,11.8
2012-10-11,17,3.0
2012-10-12,32,5.7
2012-10-13,0,-0.3
2012-10-14,15,2.7
2012-10-15,7,1.2
2012-10-16,0,-1.4
2012-10-17,0,-0.4
2012-10-18,6,1.0
2012-10-19,0,0.0
2012-10-20,0,-0.1
2012-10-21,0,-0.6
2012-10-22,37,6.7
2012-10-23,0,-0.3
2012-10-24,4,0.7
2012-10-25,17,3.0
2012-10-26,53,10.0
2012-10-27,16,2.9
2012-10-28,0,-1.0
2012-10-29,0,-3.1
2012-10-30,0,-0.9
2012-10-31,0,-2.0
2012-11-01,3,0.6
2012-11-02,0,-1.3
2012-11-03,0,-0.8
2012-11-04,2,0.4
2012-11-05,0,-1.3
2012-11-06,0,-0.7
2012-11-07,0,-1.2
2012-11-08,1,0.2
2012-11-09,25,4.5
2012-11-10,12,2.1
2012-11-11,20,3.6
2012-11-12,23,4.1
2012-11-13,4,0.7
2012-11-14,6,1.1
2012-11-15,28,5.1
2012-11-16,33,5.9
2012-11-17,11,2.0
2012-11-18,3,0.6
2012-11-19,0,-0.7
2012-11-20,9,1.6
2012-11-21,0,0.0
2012-11-22,0,-0.6
2012-11-23,9,1.6
2012-11-24,0,-1.3
2012-11-25,0,-1.2
2012-11-26,14,2.5
2012-11-27,15,2.7
2012-11-28,5,0.9
2012-11-29,7,1.3
2012-11-30,22,4.0
2012-12-01,0,0.0
2012-12-02,13,2.3
2012-12-03,0,-0.9
2012-12-04,5,0.9
2012-12-05,0,-0.6
2012-12-06,1,0.2
2012-12-07,6,1.0
2012-12-08,2,0.4
2012-12-09,9,1.6
2012-12-10,2,0.4
2012-12-11,0,0.0
2012-12-12,0,0.0
2012-12-13,17,3.0
2012-12-14,9,1.6
2012-12-15,0,0.0
2012-12-16,10,1.8
2012-12-17,0,-1.2
2012-12-18,0,-0.8
2012-12-19,0,-0.7
2012-12-20,5,0.9
2012-12-21,0,-0.4
2012-12-22,16,2.9
2012-12-23,2,0.4
2012-12-24,9,1.6
2012-12-25,31,5.6
2012-12-26,57,12.5
2012-12-27,6,1.1
2012-12-28,0,-1.0
2012-12-29,9,1.7
2012-12-30,4,0.8
2012-12-31,28,5.0
2013-01-01,12,2.1
2013-01-02,2,0.4
2013-01-03,0,-0.3
2013-01-04,1,0.2
2013-01-05,3,0.5
2013-01-06,17,3.0
2013-01-07,8,1.5
2013-01-08,0,-0.3
2013-01-09,9,1.7
2013-01-10,34,6.2
2013-01-11,2,0.4
2013-01-12,9,1.7
2013-01-13,19,3.5
2013-01-14,42,7.6
2013-01-15,9,1.6
2013-01-16,0,-0.2
2013-01-17,7,1.3
2013-01-18,6,1.0
2013-01-19,0,-1.0
2013-01-20,4,0.7
2013-01-21,0,-0.2
2013-01-22,0,-1.1
2013-01-23,2,0.4
2013-01-24,1,0.2
2013-01-25,7,1.3
2013-01-26,7,1.2
2013-01-27,17,3.0
2013-01-28,6,1.0
2013-01-29,0,0.0
2013-01-30,2,0.3
2013-01-31,0,-0.9
2013-02-01,0,0.0
2013-02-02,2,0.3
2013-02-03,5,0.9
2013-02-04,0,-1.0
2013-02-05,12,2.2
2013-02-06,0,-0.1
2013-02-07,19,3.4
2013-02-08,28,5.1
2013-02-09,21,3.7
2013-02-10,0,-0.3
2013-02-11,,-2.666667
2013-02-12,,0.833333
2013-02-13,,-0.461538
2013-02-14,4,0.8
2013-02-15,1,0.2
2013-02-16,0,-0.2
2013-02-17,0,-0.2
2013-02-18,0,-0.9
2013-02-19,7,1.3
2013-02-20,12,2.1
2013-02-21,0,0.0
2013-02-22,12,2.2
2013-02-23,8,1.4
2013-02-24,6,1.0
2013-02-25,27,4.9
2013-02-26,0,0.0
2013-02-27,4,0.7
2013-02-28,3,0.5
2013-03-01,7,1.2
2013-03-02,9,1.7
2013-03-03,4,0.8
2013-03-04,0,-1.3
2013-03-05,21,3.7
2013-03-06,47,8.5
2013-03-07,19,3.4
2013-03-08,47,8.5
2013-03-09,33,6.0
2013-03-10,11,1.9
2013-03-11,0,-0.1
2013-03-12,34,6.2
2013-03-13,8,1.5
2013-03-14,4,0.8
2013-03-15,8,1.4
2013-03-16,21,3.7
2013-03-17,9,1.7
2013-03-18,12,2.1
2013-03-19,9,1.6
2013-03-20,19,3.4
2013-03-21,1,0.2
2013-03-22,12,2.2
2013-03-23,26,4.7
2013-03-24,21,3.8
2013-03-25,30,5.4
2013-03-26,21,3.8
2013-03-27,34,6.1
2013-03-28,16,2.9
2013-03-29,11,2.0
2013-03-30,10,1.8
2013-03-31,12,2.2
2013-04-01,25,4.5
2013-04-02,28,5.1
2013-04-03,22,3.9
2013-04-04,16,2.9
2013-04-05,11,1.9
2013-04-06,0,0.0
2013-04-07,6,1.1
2013-04-08,13,2.4
2013-04-09,22,4.0
2013-04-10,17,3.1
2013-04-11,11,2.0
2013-04-12,0,0.0
2013-04-13,11,2.0
2013-04-14,0,-0.9
2013-04-15,9,1.7
2013-04-16,23,4.1
2013-04-17,11,1.9
2013-04-18,6,1.1
2013-04-19,14,2.5
2013-04-20,3,0.5
2013-04-21,2,0.4
2013-04-22,4,0.7
2013-04-23,19,3.5
2013-04-24,8,1.5
2013-04-25,19,3.5
2013-04-26,28,5.0
2013-04-27,23,4.2
2013-04-28,15,2.7
2013-04-29,8,1.4
2013-04-30,3,0.6
2013-05-01,9,1.7
2013-05-02,9,1.6
2013-05-03,19,3.4
2013-05-04,22,3.9
2013-05-05,13,2.4
2013-05-06,18,3.2
2013-05-07,9,1.6
2013-05-08,7,1.3
2013-05-09,16,2.8
2013-05-10,7,1.3
2013-05-11,29,5.3
2013-05-12,23,4.1
2013-05-13,11,2.0
2013-05-14,9,1.7
2013-05-15,9,1.7
2013-05-16,9,1.7
2013-05-17,13,2.4
2013-05-18,12,2.2
2013-05-19,0,-0.5
2013-05-20,0,-0.7
2013-05-21,6,1.1
2013-05-22,7,1.3
2013-05-23,13,2.3
2013-05-24,39,7.0
2013-05-25,39,7.0
2013-05-26,21,3.8
2013-05-27,18,3.2
2013-05-28,9,1.7
2013-05-29,0,0.0
2013-05-30,0,-0.8
2013-05-31,5,0.9
2013-06-01,6,1.1
2013-06-02,21,3.7
2013-06-03,6,1.0
2013-06-04,7,1.2
2013-06-05,15,2.7
2013-06-06,,6.714286
2013-06-09,24,4.3
2013-06-21,43,7.8
2013-07-01,,3.777778
2013-07-02,29,5.3
2013-07-03,31,5.5
2013-07-04,22,3.9
2013-07-05,21,3.7
2013-07-06,7,1.3
2013-07-07,26,4.7
2013-07-08,16,2.8
2013-07-09,9,1.6
2013-07-10,27,4.8
2013-07-11,14,2.5
2013-07-12,14,2.5
2013-07-13,6,1.0
2013-07-14,22,4.0
2013-07-15,19,3.4
2013-07-16,21,3.7
2013-07-17,6,1.1
2013-07-18,3,0.5
2013-07-19,1,0.2
2013-07-20,19,3.5
2013-07-21,19,3.4
2013-07-22,19,3.5
2013-07-23,16,2.8
2013-07-24,21,3.8
2013-07-25,18,3.2
2013-07-26,40,7.2
2013-07-27,26,4.7
2013-07-28,32,5.7
2013-07-29,25,4.5
2013-07-30,7,1.2
2013-07-31,23,4.1
2013-08-01,18,3.3
2013-08-02,17,3.0
2013-08-03,14,2.5
2013-08-04,4,0.7
2013-08-05,13,2.3
2013-08-06,7,1.3
2013-08-07,17,3.0
2013-08-08,0,0.0
2013-08-09,15,2.7
2013-08-10,8,1.5
2013-08-11,8,1.4
2013-08-12,26,4.7
2013-08-13,26,4.7
2013-08-14,21,3.7
2013-08-15,32,5.8
2013-08-16,49,8.9
2013-08-17,55,11.0
2013-08-18,23,4.2
2013-08-19,19,3.5
2013-08-20,35,6.3
2013-08-21,18,3.2
2013-08-22,41,7.3
2013-08-23,12,2.2
2013-08-24,8,1.5
2013-08-25,1,0.1
2013-08-26,1,0.1
2013-08-27,0,-0.4
2013-08-28,0,-1.0
2013-08-29,4,0.8
2013-08-30,15,2.7
2013-08-31,12,2.1
2013-09-01,23,4.2
2013-09-02,24,4.4
2013-09-03,0,-0.9
2013-09-04,0,0.0
2013-09-05,9,1.7
2013-09-06,0,-1.0
2013-09-07,0,0.0
2013-09-08,3,0.5
2013-09-09,0,-0.3
2013-09-10,12,2.1
2013-09-11,23,4.1
2013-09-12,23,4.2
2013-09-13,3,0.5
2013-09-14,1,0.2
2013-09-15,0,-1.0
2013-09-16,9,1.7
2013-09-17,8,1.5
2013-09-18,0,0.0
2013-09-19,1,0.1
2013-09-20,16,2.9
2013-09-21,16,2.8
2013-09-22,0,-0.4
2013-09-23,0,-0.3
2013-09-24,3,0.5
2013-09-25,2,0.3
2013-09-26,0,-0.2
2013-09-27,0,-0.3
2013-09-28,3,0.5
2013-09-29,0,-1.2
2013-09-30,0,-0.8
2013-10-01,9,1.7
2013-10-02,0,0.0
2013-10-03,8,1.5
2013-10-04,3,0.5
2013-10-05,13,2.3
2013-10-06,4,0.7
2013-10-07,12,2.2
2013-10-08,0,-1.3
2013-10-09,21,3.8
2013-10-10,16,2.8
2013-10-11,0,-1.2
2013-10-12,29,5.3
2013-10-13,29,5.2
2013-10-14,1,0.2
2013-10-15,25,4.5
2013-10-16,21,3.7
2013-10-17,17,3.1
2013-10-18,10,1.8
2013-10-19,13,2.4
2013-10-20,0,-0.1
2013-10-21,16,2.8
2013-10-22,3,0.5
2013-10-23,0,-0.3
2013-10-24,32,5.7
2013-10-25,8,1.4
2013-10-26,27,4.8
2013-10-27,4,0.8
2013-10-28,21,3.8
2013-10-29,41,7.4
2013-10-30,12,2.2
2013-10-31,3,0.5
2013-11-01,8,1.4
2013-11-02,27,4.8
2013-11-03,0,-0.4
2013-11-04,12,2.1
2013-11-05,10,1.8
2013-11-06,10,1.8
2013-11-07,21,3.7
2013-11-08,1,0.2
2013-11-09,2,0.4
2013-11-10,6,1.1
2013-11-11,25,4.5
2013-11-12,23,4.2
2013-11-13,0,-0.7
2013-11-14,12,2.2
2013-11-15,3,0.6
2013-11-16,0,-1.1
2013-11-17,11,2.0
2013-11-18,13,2.3
2013-11-19,7,1.2
2013-11-20,0,-0.2
2013-11-21,18,3.3
2013-11-22,55,11.3
2013-11-23,29,5.3
2013-11-24,47,8.4
2013-11-25,2,0.3
2013-11-26,8,1.4
2013-11-27,2,0.4
2013-11-28,14,2.5
2013-11-29,0,-0.5
2013-11-30,0,-0.9
2013-12-01,0,-0.7
2013-12-02,0,-0.6
2013-12-03,4,0.7
2013-12-04,12,2.2
2013-12-05,38,6.8
2013-12-06,57,12.2
2013-12-07,55,11.1
2013-12-08,22,4.0
2013-12-09,30,5.4
2013-12-10,15,2.7
2013-12-11,18,3.2
2013-12-12,0,-0.7
2013-12-13,0,-1.0
2013-12-14,2,0.4
2013-12-15,3,0.6
2013-12-16,0,-1.2
2013-12-17,1,0.1
2013-12-18,0,-2.1
2013-12-19,7,1.2
2013-12-20,27,4.8
2013-12-21,25,4.5
2013-12-22,4,0.7
2013-12-23,12,2.2
2013-12-24,0,-0.7
2013-12-25,0,0.0
2013-12-26,0,-0.2
2013-12-27,2,0.3
2013-12-28,0,-1.2
2013-12-29,1,0.2
2013-12-30,7,1.2
2013-12-31,6,1.1
2014-01-01,0,0.0
2014-01-02,9,1.7
2014-01-03,0,-2.0
2014-01-04,2,0.4
2014-01-05,9,1.6
2014-01-06,7,1.2
2014-01-07,0,-1.1
2014-01-08,17,3.1
2014-01-09,4,0.8
2014-01-10,0,-0.6
2014-01-11,6,1.0
2014-01-12,0,-0.7
2014-01-13,1,0.2
2014-01-14,8,1.4
2014-01-15,0,-0.1
2014-01-16,4,0.8
2014-01-17,4,0.8
2014-01-18,6,1.0
2014-01-19,0,-0.5
2014-01-20,3,0.5
2014-01-21,0,-0.3
2014-01-22,11,2.0
2014-01-23,26,4.7
2014-01-24,0,-1.0
2014-01-25,0,0.0
2014-01-26,2,0.3
2014-01-27,15,2.7
2014-01-28,1,0.2
2014-01-29,0,0.0
2014-01-30,3,0.5
2014-01-31,24,4.3
2014-02-01,12,2.1
2014-02-02,21,3.7
2014-02-03,24,4.3
2014-02-04,38,6.8
2014-02-05,51,9.3
2014-02-06,63,15.7
2014-02-07,29,5.3
2014-02-08,16,2.9
2014-02-09,68,18.2
2014-02-10,47,8.5
2014-02-11,4,0.7
2014-02-12,9,1.7
2014-02-13,4,0.7
2014-02-14,4,0.7
2014-02-15,8,1.5
2014-02-16,1,0.1
2014-02-17,13,2.4
2014-02-18,0,-0.5
2014-02-19,1,0.1
2014-02-20,6,1.1
2014-02-21,1,0.2
2014-02-22,5,0.9
2014-02-23,40,7.2
2014-02-24,24,4.4
2014-02-25,36,6.5
2014-02-26,19,3.5
2014-02-27,31,5.5
2014-02-28,9,1.7
2014-03-01,39,7.1
2014-03-02,54,10.9
2014-03-03,0,-0.6
2014-03-04,6,1.0
2014-03-05,22,3.9
2014-03-06,12,2.2
2014-03-07,7,1.3
2014-03-08,2,0.3
2014-03-09,0,-0.1
2014-03-10,0,0.0
2014-03-11,3,0.6
2014-03-12,6,1.1
2014-03-13,14,2.5
2014-03-14,5,0.9
2014-03-15,1,0.2
2014-03-16,11,1.9
2014-03-17,12,2.1
2014-03-18,8,1.5
2014-03-19,14,2.5
2014-03-20,4,0.7
2014-03-21,13,2.4
2014-03-22,26,4.6
2014-03-23,28,5.0
2014-03-24,11,1.9
2014-03-25,36,6.5
2014-03-26,14,2.6
2014-03-27,3,0.6
2014-03-28,0,-0.5
2014-03-29,18,3.3
2014-03-30,11,2.0
2014-03-31,0,0.0
2014-04-01,16,2.9
2014-04-02,35,6.3
2014-04-03,24,4.3
2014-04-04,13,2.3
2014-04-05,1,0.1
2014-04-06,2,0.3
2014-04-07,11,2.0
2014-04-08,10,1.8
2014-04-09,2,0.3
2014-04-10,12,2.1
2014-04-11,9,1.7
2014-04-12,1,0.1
2014-04-13,0,-0.1
2014-04-14,19,3.4
2014-04-15,5,0.9
2014-04-16,7,1.2
2014-04-17,18,3.3
2014-04-18,15,2.7
2014-04-19,11,2.0
2014-04-20,8,1.5
2014-04-21,22,4.0
2014-04-22,28,5.1
2014-04-23,14,2.5
2014-04-24,6,1.0
2014-04-25,3,0.5
2014-04-26,7,1.3
2014-04-27,0,-1.3
2014-04-28,5,0.9
2014-04-29,4,0.8
2014-04-30,6,1.1
2014-05-01,6,1.0
2014-05-02,4,0.7
2014-05-03,4,0.7
2014-05-04,6,1.0
2014-05-05,22,3.9
2014-05-06,20,3.6
2014-05-07,12,2.2
2014-05-08,8,1.4
2014-05-09,11,2.0
2014-05-10,12,2.2
2014-05-11,4,0.8
2014-05-12,16,2.9
2014-05-13,14,2.5
2014-05-14,18,3.3
2014-05-15,13,2.3
2014-05-16,4,0.7
2014-05-17,15,2.7
2014-05-18,19,3.5
2014-05-19,13,2.4
2014-05-20,9,1.6
2014-05-21,22,3.9
2014-05-22,18,3.2
2014-05-23,9,1.6
2014-05-24,9,1.7
2014-05-25,7,1.3
2014-05-26,3,0.6
2014-05-27,7,1.3
2014-05-28,4,0.8
2014-05-29,10,1.8
2014-05-30,17,3.1
2014-05-31,14,2.5
2014-06-01,11,1.9
2014-06-02,17,3.0
2014-06-03,16,2.9
2014-06-04,23,4.1
2014-06-05,18,3.3
2014-06-06,12,2.1
2014-06-07,0,0.0
2014-06-08,1,0.1
2014-06-09,10,1.8
2014-06-10,11,1.9
2014-06-11,13,2.3
2014-06-12,9,1.7
2014-06-13,11,2.0
2014-06-14,5,0.9
2014-06-15,6,1.0
2014-06-16,13,2.3
2014-06-17,17,3.1
2014-06-18,3,0.6
2014-06-19,0,-0.1
2014-06-20,8,1.5
2014-06-21,19,3.4
2014-06-22,4,0.8
2014-06-23,,1.615385
2014-06-25,24,4.3
2014-06-28,8,1.4
2014-06-30,,5.384615
2014-07-01,65,16.5
2014-07-02,54,10.7
2014-07-03,54,10.9
2014-07-04,43,7.7
2014-07-05,31,5.5
2014-07-06,39,7.1
2014-07-07,36,6.5
2014-07-08,42,7.5
2014-07-09,52,9.5
2014-07-10,32,5.8
2014-07-11,21,3.7
2014-07-12,22,3.9
2014-07-13,27,4.9
2014-07-14,53,10.3
2014-07-15,56,11.7
2014-07-16,25,4.5
2014-07-17,26,4.7
2014-07-18,57,12.1
2014-07-19,62,15.2
2014-07-20,64,16.2
2014-07-21,33,6.0
2014-07-22,52,9.5
2014-07-23,54,10.5
2014-07-24,31,5.5
2014-07-25,37,6.7
2014-07-26,32,5.8
2014-07-27,48,8.7
2014-07-28,34,6.2
2014-07-29,42,7.5
2014-07-30,14,2.5
2014-07-31,28,5.0
2014-08-01,34,6.1
2014-08-02,32,5.8
2014-08-03,31,5.5
2014-08-04,34,6.2
2014-08-05,22,4.0
2014-08-06,23,4.2
2014-08-07,36,6.4
2014-08-08,29,5.2
2014-08-09,44,7.9
2014-08-10,51,9.1
2014-08-11,52,9.7
2014-08-12,36,6.5
2014-08-13,42,7.5
2014-08-14,28,5.0
2014-08-15,27,4.9
2014-08-16,26,4.6
2014-08-17,29,5.3
2014-08-18,38,6.8
2014-08-19,30,5.4
2014-08-20,16,2.8
2014-08-21,19,3.5
2014-08-22,29,5.3
2014-08-23,24,4.3
2014-08-24,31,5.6
2014-08-25,32,5.7
2014-08-26,38,6.8
2014-08-27,29,5.3
2014-08-28,26,4.6
2014-08-29,29,5.2
2014-08-30,42,7.5
2014-08-31,33,6.0
2014-09-01,27,4.8
2014-09-02,31,5.5
2014-09-03,29,5.3
2014-09-04,33,5.9
2014-09-05,28,5.0
2014-09-06,40,7.2
2014-09-07,42,7.6
2014-09-08,23,4.1
2014-09-09,33,6.0
2014-09-10,29,5.3
2014-09-11,22,4.0
2014-09-12,34,6.1
2014-09-13,27,4.9
2014-09-14,27,4.8
2014-09-15,40,7.2
2014-09-16,36,6.4
2014-09-17,29,5.3
2014-09-18,36,6.4
2014-09-19,29,5.2
2014-09-20,53,10.1
2014-09-21,31,5.5
2014-09-22,27,4.9
2014-09-23,36,6.5
2014-09-24,42,7.6
2014-09-25,40,7.2
2014-09-26,35,6.3
2014-09-27,39,7.0
2014-09-28,49,8.9
2014-09-29,22,4.0
2014-09-30,18,3.3
2014-10-01,19,3.5
2014-10-02,26,4.7
2014-10-03,26,4.6
2014-10-04,24,4.3
2014-10-05,19,3.5
2014-10-06,26,4.7
2014-10-07,24,4.3
2014-10-08,31,5.6
2014-10-09,32,5.7
2014-10-10,47,8.5
2014-10-11,38,6.9
2014-10-12,17,3.1
2014-10-13,26,4.6
2014-10-14,22,3.9
2014-10-15,31,5.5
2014-10-16,34,6.1
2014-10-17,25,4.5
2014-10-18,46,8.2
2014-10-19,28,5.0
2014-10-20,34,6.1
2014-10-21,26,4.7
2014-10-22,18,3.3
2014-10-23,23,4.1
2014-10-24,28,5.1
2014-10-25,26,4.6
2014-10-26,21,3.8
2014-10-27,15,2.7
2014-10-28,15,2.7
2014-10-29,14,2.5
2014-10-30,23,4.2
2014-10-31,36,6.5
2014-11-01,46,8.3
2014-11-02,20,3.6
2014-11-03,13,2.4
2014-11-04,21,3.8
2014-11-05,17,3.1
2014-11-06,29,5.2
2014-11-07,22,4.0
2014-11-08,19,3.4
2014-11-09,2,0.4
2014-11-10,21,3.8
2014-11-11,38,6.9
2014-11-12,39,7.0
2014-11-13,55,11.5
2014-11-14,61,14.3
2014-11-15,40,7.2
2014-11-16,20,3.6
2014-11-17,22,4.0
2014-11-18,20,3.6
2014-11-19,21,3.7
2014-11-20,31,5.5
2014-11-21,19,3.4
2014-11-22,7,1.2
2014-11-23,10,1.8
2014-11-24,27,4.9
2014-11-25,16,2.9
2014-11-26,27,4.9
2014-11-27,15,2.7
2014-11-28,0,0.0
2014-11-29,6,1.1
2014-11-30,31,5.5
2014-12-01,51,9.2
2014-12-02,7,1.3
2014-12-03,36,6.4
2014-12-04,22,4.0
2014-12-05,12,2.1
2014-12-06,35,6.3
2014-12-07,17,3.1
2014-12-08,35,6.3
2014-12-09,25,4.5
2014-12-10,13,2.4
2014-12-11,24,4.3
2014-12-12,21,3.7
2014-12-13,21,3.8
2014-12-14,18,3.2
2014-12-15,21,3.7
2014-12-16,43,7.7
2014-12-17,16,2.9
2014-12-18,36,6.5
2014-12-19,22,4.0
2014-12-20,18,3.3
2014-12-21,6,1.0
2014-12-22,15,2.7
2014-12-23,23,4.1
2014-12-24,26,4.7
2014-12-25,7,1.2
2014-12-26,20,3.6
2014-12-27,27,4.8
2014-12-28,19,3.4
2014-12-29,40,7.2
2014-12-30,34,6.2
2014-12-31,32,5.7
2015-01-01,14,2.6
2015-01-02,27,4.8
2015-01-03,19,3.5
2015-01-04,51,9.3
2015-01-05,36,6.5
2015-01-06,17,3.0
2015-01-07,53,10.1
2015-01-08,20,3.6
2015-01-09,58,12.7
2015-01-10,29,5.3
2015-01-11,31,5.5
2015-01-12,54,10.5
2015-01-13,38,6.8
2015-01-14,39,7.0
2015-01-15,26,4.7
2015-01-16,11,2.0
2015-01-17,12,2.2
2015-01-18,19,3.5
2015-01-19,17,3.0
2015-01-20,20,3.6
2015-01-21,22,3.9
2015-01-22,21,3.7
2015-01-23,19,3.5
2015-01-24,4,0.8
2015-01-26,,3.083333
2015-01-27,13,2.3
2015-01-28,13,2.3
2015-01-29,29,5.3
2015-01-30,35,6.3
2015-01-31,23,4.2
2015-02-01,43,7.8
2015-02-02,32,5.7
2015-02-03,18,3.2
2015-02-04,33,6.0
2015-02-05,26,4.7
2015-02-06,18,3.3
2015-02-07,22,3.9
2015-02-08,14,2.5
2015-02-09,23,4.2
2015-02-10,11,1.9
2015-02-11,19,3.5
2015-02-12,26,4.7
2015-02-13,12,2.1
2015-02-14,32,5.7
2015-02-15,26,4.7
2015-02-16,29,5.3
2015-02-17,28,5.0
2015-02-18,35,6.3
2015-02-19,28,5.0
2015-02-20,17,3.0
2015-02-21,28,5.1
2015-02-22,42,7.5
2015-02-23,49,8.9
2015-02-24,17,3.0
2015-02-25,13,2.3
2015-02-26,36,6.5
2015-02-27,50,9.0
2015-02-28,55,11.5
2015-03-01,62,15.0
2015-03-02,81,25.0
2015-03-03,,6.3
2015-03-04,36,6.5
2015-03-05,28,5.0
2015-03-06,15,2.7
2015-03-07,27,4.9
2015-03-08,29,5.3
2015-03-09,27,4.8
2015-03-10,15,2.7
2015-03-11,34,6.1
2015-03-12,14,2.5
2015-03-13,21,3.8
2015-03-14,38,6.8
2015-03-15,13,2.3
2015-03-16,8,1.5
2015-03-17,33,5.9
2015-03-18,17,3.0
2015-03-19,14,2.6
2015-03-20,27,4.8
2015-03-21,12,2.2
2015-03-22,19,3.4
2015-03-23,24,4.4
2015-03-24,9,1.7
2015-03-25,14,2.5
2015-03-26,18,3.3
2015-03-27,11,1.9
2015-03-28,14,2.6
2015-03-29,36,6.5
2015-03-30,15,2.7
2015-03-31,18,3.3
2015-04-01,34,6.2
2015-04-02,23,4.2
2015-04-03,28,5.0
2015-04-04,32,5.7
2015-04-05,22,4.0
2015-04-06,32,5.7
2015-04-07,41,7.4
2015-04-08,28,5.1
2015-04-09,21,3.7
2015-04-10,33,6.0
2015-04-11,36,6.4
2015-04-12,19,3.5
2015-04-13,27,4.9
2015-04-14,34,6.2
2015-04-15,26,4.7
2015-04-16,23,4.2
2015-04-17,21,3.7
2015-04-18,17,3.0
2015-04-19,33,6.0
2015-04-20,34,6.1
2015-04-21,24,4.4
2015-04-22,38,6.9
2015-04-23,30,5.4
2015-04-24,25,4.5
2015-04-25,17,3.1
2015-04-26,2,0.4
2015-04-27,36,6.5
2015-04-28,57,12.5
2015-04-29,36,6.4
2015-04-30,22,3.9
2015-05-01,37,6.7
2015-05-02,18,3.2
2015-05-03,18,3.2
2015-05-04,48,8.7
2015-05-05,13,2.3
2015-05-06,0,0.0
2015-05-07,17,3.0
2015-05-08,21,3.8
2015-05-09,7,1.3
2015-05-10,32,5.7
2015-05-11,35,6.3
2015-05-12,41,7.4
2015-05-13,33,5.9
2015-05-14,26,4.7
2015-05-15,15,2.7
2015-05-16,15,2.7
2015-05-17,8,1.5
2015-05-18,21,3.7
2015-05-19,17,3.1
2015-05-20,22,4.0
2015-05-21,27,4.8
2015-05-22,9,1.6
2015-05-23,14,2.5
2015-05-24,13,2.4
2015-05-25,3,0.5
2015-05-26,15,2.7
2015-05-27,13,2.4
2015-05-28,8,1.5
2015-05-29,7,1.3
2015-05-30,26,4.7
2015-05-31,21,3.7
2015-06-01,20,3.6
2015-06-02,27,4.9
2015-06-03,28,5.0
2015-06-04,52,9.6
2015-06-05,22,3.9
2015-06-06,5,0.9
2015-06-07,6,1.0
2015-06-08,15,2.7
2015-06-09,18,3.2
2015-06-10,13,2.3
2015-06-11,3,0.6
2015-06-12,14,2.5
2015-06-13,17,3.1
2015-06-14,18,3.3
2015-06-15,15,2.7
2015-06-16,,4.4
2015-06-17,19,3.5
2015-06-20,24,4.3
2015-06-23,42,7.5
2015-06-26,21,3.7
2015-06-29,,2.538462
2015-06-30,4,0.8
2015-07-01,6,1.1
2015-07-02,18,3.2
2015-07-03,29,5.2
2015-07-04,32,5.7
2015-07-05,24,4.4
2015-07-06,88,29.0
2015-07-07,152,57.5
2015-07-08,78,23.8
2015-07-09,37,6.6
2015-07-10,0,0.0
2015-07-11,0,-0.7
2015-07-12,0,-0.9
2015-07-13,0,-1.5
2015-07-14,0,-1.6
2015-07-15,0,0.0
2015-07-16,0,-0.5
2015-07-17,3,0.5
2015-07-18,8,1.4
2015-07-19,29,5.2
2015-07-20,22,4.0
2015-07-21,11,2.0
2015-07-22,4,0.8
2015-07-23,0,-1.3
2015-07-24,7,1.2
2015-07-25,7,1.2
2015-07-26,0,-0.3
2015-07-27,3,0.6
2015-07-28,8,1.4
2015-07-29,19,3.4
2015-07-30,21,3.7
2015-07-31,15,2.7
2015-08-01,26,4.7
2015-08-02,14,2.5
2015-08-03,18,3.2
2015-08-04,11,2.0
2015-08-05,24,4.4
2015-08-06,18,3.2
2015-08-07,12,2.2
2015-08-08,8,1.4
2015-08-09,6,1.1
2015-08-10,14,2.5
2015-08-11,7,1.2
2015-08-12,16,2.9
2015-08-13,9,1.7
2015-08-14,18,3.3
2015-08-15,12,2.1
2015-08-16,45,8.1
2015-08-17,52,9.5
2015-08-18,28,5.0
2015-08-19,19,3.5
2015-08-20,69,19.0
2015-08-21,73,20.9
2015-08-22,89,29.7
2015-08-23,66,17.0
2015-08-24,61,14.7
2015-08-25,53,10.1
2015-08-26,49,8.8
2015-08-27,17,3.1
2015-08-28,68,18.3
2015-08-29,74,21.4
2015-08-30,36,6.5
2015-08-31,11,2.0
2015-09-01,12,2.1
2015-09-02,1,0.2
2015-09-03,12,2.2
2015-09-04,6,1.0
2015-09-05,0,0.0
2015-09-06,14,2.6
2015-09-07,20,3.6
2015-09-08,12,2.2
2015-09-09,7,1.3
2015-09-10,14,2.5
2015-09-11,17,3.1
2015-09-12,28,5.0
2015-09-13,23,4.2
2015-09-14,38,6.8
2015-09-15,0,-2.0
2015-09-16,1,0.1
2015-09-17,6,1.0
2015-09-18,7,1.3
2015-09-19,15,2.7
2015-09-20,18,3.2
2015-09-21,7,1.2
2015-09-22,20,3.6
2015-09-23,17,3.1
2015-09-24,16,2.9
2015-09-25,22,4.0
2015-09-26,34,6.1
2015-09-27,11,2.0
2015-09-28,19,3.4
2015-09-29,44,8.0
2015-09-30,24,4.3
2015-10-01,32,5.8
2015-10-02,36,6.5
2015-10-03,33,6.0
2015-10-04,32,5.8
2015-10-05,48,8.7
2015-10-06,26,4.7
2015-10-07,21,3.7
2015-10-08,17,3.0
2015-10-09,42,7.6
2015-10-10,7,1.3
2015-10-11,0,-0.1
2015-10-12,26,4.7
2015-10-13,8,1.5
2015-10-14,10,1.8
2015-10-15,21,3.7
2015-10-16,38,6.9
2015-10-17,34,6.1
2015-10-18,13,2.4
2015-10-19,14,2.6
2015-10-20,6,1.0
2015-10-21,17,3.0
2015-10-22,12,2.2
2015-10-23,2,0.3
2015-10-24,25,4.5
2015-10-25,16,2.8
2015-10-26,12,2.2
2015-10-27,0,0.0
2015-10-28,19,3.5
2015-10-29,11,1.9
2015-10-30,8,1.4
2015-10-31,0,0.0
2015-11-01,0,-0.5
2015-11-02,2,0.4
2015-11-03,11,2.0
2015-11-04,7,1.3
2015-11-05,11,1.9
2015-11-06,30,5.4
2015-11-07,26,4.7
2015-11-08,2,0.4
2015-11-09,12,2.2
2015-11-10,4,0.8
2015-11-11,6,1.1
2015-11-12,15,2.7
2015-11-13,10,1.8
2015-11-14,8,1.5
2015-11-15,14,2.5
2015-11-16,7,1.2
2015-11-17,15,2.7
2015-11-18,28,5.0
2015-11-19,30,5.4
2015-11-20,16,2.9
2015-11-21,19,3.5
2015-11-22,8,1.5
2015-11-23,7,1.3
2015-11-24,16,2.8
2015-11-25,27,4.8
2015-11-26,23,4.2
2015-11-27,31,5.5
2015-11-28,19,3.4
2015-11-29,37,6.7
2015-11-30,29,5.3
2015-12-01,22,3.9
2015-12-02,13,2.3
2015-12-03,23,4.2
2015-12-04,23,4.2
2015-12-05,7,1.3
2015-12-06,17,3.0
2015-12-07,16,2.9
2015-12-08,6,1.0
2015-12-09,6,1.0
2015-12-10,11,2.0
2015-12-11,1,0.1
2015-12-12,18,3.2
2015-12-13,21,3.7
2015-12-14,19,3.5
2015-12-15,20,3.6
2015-12-16,20,3.6
2015-12-17,28,5.0
2015-12-18,11,2.0
2015-12-19,22,4.0
2015-12-20,6,1.1
2015-12-21,18,3.3
2015-12-22,0,-0.2
2015-12-23,18,3.2
2015-12-24,21,3.8
2015-12-25,32,5.8
2015-12-26,,6.0
2015-12-28,,3.888889
2015-12-29,33,5.9
2015-12-30,26,4.6
2015-12-31,28,5.0
2016-01-01,11,2.0
2016-01-02,11,1.9
2016-01-03,26,4.7
2016-01-04,28,5.1
2016-01-05,8,1.5
2016-01-06,19,3.5
2016-01-07,18,3.3
2016-01-08,52,9.6
2016-01-09,54,10.6
2016-01-10,18,3.2
2016-01-11,11,2.0
2016-01-12,14,2.6
2016-01-13,16,2.8
2016-01-14,14,2.6
2016-01-15,8,1.4
2016-01-16,18,3.2
2016-01-17,21,3.7
2016-01-18,23,4.1
2016-01-19,15,2.7
2016-01-20,13,2.4
2016-01-21,15,2.7
2016-01-22,26,4.7
2016-01-23,19,3.5
2016-01-24,14,2.5
2016-01-25,24,4.4
2016-01-26,19,3.4
2016-01-27,15,2.7
2016-01-28,6,1.1
2016-01-29,13,2.3
2016-01-30,3,0.5
2016-01-31,23,4.2
2016-02-01,16,2.8
2016-02-02,19,3.4
2016-02-03,26,4.7
2016-02-04,15,2.7
2016-02-05,16,2.8
2016-02-06,31,5.5
2016-02-07,10,1.8
2016-02-08,21,3.7
2016-02-09,16,2.8
2016-02-10,11,2.0
2016-02-11,9,1.6
2016-02-12,31,5.5
2016-02-13,13,2.3
2016-02-14,18,3.3
2016-02-15,32,5.7
2016-02-16,13,2.3
2016-02-17,29,5.3
2016-02-18,11,2.0
2016-02-19,40,7.2
2016-02-20,9,1.6
2016-02-21,25,4.5
2016-02-22,14,2.6
2016-02-23,18,3.2
2016-02-24,21,3.7
2016-02-25,40,7.2
2016-02-26,22,3.9
2016-02-27,8,1.5
2016-02-28,9,1.7
2016-02-29,15,2.7
2016-03-01,26,4.6
2016-03-02,20,3.6
2016-03-03,24,4.4
2016-03-04,6,1.0
2016-03-05,34,6.2
2016-03-06,13,2.3
2016-03-07,15,2.7
2016-03-08,14,2.5
2016-03-09,23,4.1
2016-03-10,22,4.0
2016-03-11,11,2.0
2016-03-12,13,2.3
2016-03-13,18,3.2
2016-03-14,17,3.0
2016-03-15,24,4.3
2016-03-16,28,5.1
2016-03-17,21,3.8
2016-03-18,32,5.7
2016-03-19,19,3.5
2016-03-20,28,5.1
2016-03-21,18,3.2
2016-03-22,21,3.7
2016-03-23,27,4.8
2016-03-24,27,4.8
2016-03-25,18,3.2
2016-03-26,18,3.3
2016-03-27,19,3.4
2016-03-28,17,3.0
2016-03-29,27,4.9
2016-03-30,9,1.7
2016-03-31,24,4.3
2016-04-01,20,3.6
2016-04-02,13,2.4
2016-04-03,17,3.0
2016-04-04,32,5.7
2016-04-05,18,3.3
2016-04-06,22,3.9
2016-04-07,23,4.1
2016-04-08,23,4.2
2016-04-09,15,2.7
2016-04-10,12,2.2
2016-04-11,33,5.9
2016-04-12,27,4.8
2016-04-13,11,2.0
2016-04-14,12,2.1
2016-04-15,7,1.3
2016-04-16,27,4.9
2016-04-17,19,3.5
2016-04-18,19,3.5
2016-04-19,26,4.6
2016-04-20,16,2.9
2016-04-21,23,4.1
2016-04-22,31,5.5
2016-04-23,24,4.3
2016-04-24,9,1.7
2016-04-25,23,4.2
2016-04-26,19,3.5
2016-04-27,19,3.5
2016-04-28,30,5.4
2016-04-29,14,2.6
2016-04-30,18,3.2
2016-05-01,29,5.2
2016-05-02,23,4.2
2016-05-03,25,4.5
2016-05-04,13,2.4
2016-05-05,17,3.0
2016-05-06,25,4.5
2016-05-07,62,15.0
2016-05-08,32,5.8
2016-05-09,19,3.4
2016-05-10,16,2.8
2016-05-11,25,4.5
2016-05-12,31,5.6
2016-05-13,22,3.9
2016-05-14,29,5.3
2016-05-15,37,6.7
2016-05-16,16,2.8
2016-05-17,21,3.7
2016-05-18,17,3.1
2016-05-19,18,3.2
2016-05-20,18,3.2
2016-05-21,46,8.2
2016-05-22,19,3.5
2016-05-23,21,3.8
2016-05-24,28,5.1
2016-05-25,28,5.0
2016-05-26,17,3.1
2016-05-27,15,2.7
2016-05-28,9,1.7
2016-05-29,17,3.0
2016-05-30,17,3.1
2016-05-31,20,3.6
2016-06-01,19,3.5
2016-06-02,22,4.0
2016-06-03,24,4.3
2016-06-04,22,3.9
2016-06-05,21,3.7
2016-06-06,14,2.5
2016-06-07,27,4.9
2016-06-08,21,3.7
2016-06-09,22,4.0
2016-06-10,21,3.7
2016-06-11,24,4.4
2016-06-12,29,5.3
2016-06-13,25,4.5
2016-06-14,17,3.0
2016-06-15,22,3.9
2016-06-16,14,2.6
2016-06-17,46,8.2
2016-06-18,48,8.7
2016-06-19,32,5.8
2016-06-20,45,8.1
2016-06-21,56,11.8
2016-06-22,32,5.7
2016-06-23,37,6.6
2016-06-24,36,6.4
2016-06-25,28,5.0
2016-06-26,39,7.1
2016-06-27,25,4.5
2016-06-28,52,9.4
2016-06-29,42,7.5
2016-06-30,39,7.0
2016-07-01,33,6.0
2016-07-02,18,3.3
2016-07-03,22,4.0
2016-07-04,29,5.2
2016-07-05,22,4.0
2016-07-06,21,3.7
2016-07-07,19,3.5
2016-07-08,33,6.0
2016-07-09,23,4.2
2016-07-10,16,2.8
2016-07-11,44,8.0
2016-07-12,58,13.0
2016-07-13,28,5.0
2016-07-14,29,5.2
2016-07-15,53,10.1
2016-07-16,44,8.0
2016-07-17,34,6.2
2016-07-18,46,8.2
2016-07-19,29,5.3
2016-07-20,35,6.3
2016-07-21,31,5.6
2016-07-22,33,5.9
2016-07-23,18,3.3
2016-07-24,27,4.8
2016-07-25,29,5.2
2016-07-26,,7.333333
2016-07-27,,9.933333
2016-07-28,43,7.7
2016-07-29,41,7.3
2016-07-30,43,7.8
2016-07-31,53,10.0
2016-08-01,34,6.1
2016-08-02,38,6.9
2016-08-03,50,9.0
2016-08-04,43,7.8
2016-08-05,36,6.5
2016-08-06,32,5.7
2016-08-07,31,5.5
2016-08-08,21,3.7
2016-08-09,8,1.5
2016-08-10,11,1.9
2016-08-11,19,3.5
2016-08-12,28,5.0
2016-08-13,33,5.9
2016-08-14,33,6.0
2016-08-15,23,4.2
2016-08-16,34,6.1
2016-08-17,29,5.3
2016-08-18,37,6.7
2016-08-19,28,5.1
2016-08-20,21,3.8
2016-08-21,26,4.6
2016-08-22,29,5.2
2016-08-23,31,5.5
2016-08-24,55,11.5
2016-08-25,40,7.2
2016-08-26,38,6.9
2016-08-27,28,5.0
2016-08-28,23,4.1
2016-08-29,18,3.3
2016-08-30,32,5.8
2016-08-31,34,6.1
2016-09-01,33,5.9
2016-09-02,28,5.0
2016-09-03,14,2.5
2016-09-04,20,3.6
2016-09-05,16,2.9
2016-09-06,32,5.7
2016-09-07,35,6.3
2016-09-08,29,5.3
2016-09-09,14,2.5
2016-09-10,29,5.3
2016-09-11,59,13.6
2016-09-12,18,3.2
2016-09-13,37,6.6
2016-09-14,28,5.1
2016-09-15,10,1.8
2016-09-16,27,4.9
2016-09-17,27,4.8
2016-09-18,17,3.0
2016-09-19,27,4.9
2016-09-20,34,6.1
2016-09-21,27,4.9
2016-09-22,40,7.2
2016-09-23,39,7.0
2016-09-24,21,3.7
2016-09-25,26,4.7
2016-09-26,26,4.6
2016-09-27,8,1.4
2016-09-28,9,1.7
2016-09-29,29,5.2
2016-09-30,19,3.5
2016-10-01,15,2.7
2016-10-02,18,3.2
2016-10-03,36,6.5
2016-10-04,15,2.7
2016-10-05,17,3.1
2016-10-06,23,4.2
2016-10-07,37,6.7
2016-10-08,29,5.2
2016-10-09,21,3.7
2016-10-10,23,4.2
2016-10-11,16,2.9
2016-10-12,38,6.8
2016-10-13,23,4.2
2016-10-14,13,2.4
2016-10-15,17,3.1
2016-10-16,22,4.0
2016-10-17,33,6.0
2016-10-18,23,4.1
2016-10-19,31,5.5
2016-10-20,34,6.2
2016-10-21,11,2.0
2016-10-22,18,3.2
2016-10-23,24,4.4
2016-10-24,31,5.5
2016-10-25,22,3.9
2016-10-26,16,2.9
2016-10-27,23,4.1
2016-10-28,25,4.5
2016-10-29,21,3.8
2016-10-30,43,7.7
2016-10-31,21,3.8
2016-11-01,21,3.7
2016-11-02,18,3.2
2016-11-03,23,4.2
2016-11-04,44,8.0
2016-11-05,39,7.0
2016-11-06,21,3.7
2016-11-07,18,3.3
2016-11-08,39,7.0
2016-11-09,24,4.3
2016-11-10,20,3.6
2016-11-11,28,5.0
2016-11-12,32,5.8
2016-11-13,20,3.6
2016-11-14,22,3.9
2016-11-15,25,4.5
2016-11-16,16,2.9
2016-11-17,13,2.3
2016-11-18,37,6.7
2016-11-19,52,9.5
2016-11-20,13,2.4
2016-11-21,16,2.8
2016-11-22,11,1.9
2016-11-23,40,7.2
2016-11-24,16,2.9
2016-11-25,41,7.3
2016-11-26,37,6.6
2016-11-27,29,5.2
2016-11-28,20,3.6
2016-11-29,12,2.2
2016-11-30,14,2.5
2016-12-01,21,3.7
2016-12-02,36,6.5
2016-12-03,23,4.1
2016-12-04,19,3.4
2016-12-05,8,1.5
2016-12-06,23,4.2
2016-12-07,35,6.3
2016-12-08,55,11.5
2016-12-09,53,10.3
2016-12-10,19,3.4
2016-12-11,3,0.6
2016-12-12,9,1.7
2016-12-13,5,0.9
2016-12-14,34,6.1
2016-12-15,30,5.4
2016-12-16,38,6.9
2016-12-17,21,3.7
2016-12-18,30,5.4
2016-12-19,18,3.3
2016-12-20,21,3.7
2016-12-21,25,4.5
2016-12-22,44,8.0
2016-12-23,25,4.5
2016-12-24,28,5.0
2016-12-25,28,5.1
2016-12-26,19,3.4
2016-12-27,15,2.7
2016-12-28,25,4.5
2016-12-29,25,4.5
2016-12-30,13,2.4
2016-12-31,32,5.7
2017-01-01,41,7.3
2017-01-02,46,8.3
2017-01-03,55,11.5
2017-01-04,22,3.9
2017-01-05,26,4.7
2017-01-06,21,3.7
2017-01-07,48,8.7
2017-01-08,23,4.2
2017-01-09,16,2.8
2017-01-10,22,4.0
2017-01-11,32,5.7
2017-01-12,27,4.9
2017-01-13,47,8.4
2017-01-14,36,6.4
2017-01-15,23,4.2
2017-01-16,21,3.7
2017-01-17,23,4.1
2017-01-18,16,2.9
2017-01-19,25,4.5
2017-01-20,14,2.6
2017-01-21,26,4.6
2017-01-22,28,5.0
2017-01-23,12,2.2
2017-01-24,18,3.3
2017-01-25,19,3.5
2017-01-26,29,5.2
2017-01-27,16,2.8
2017-01-28,24,4.3
2017-01-29,21,3.7
2017-01-30,15,2.7
2017-01-31,,-0.6
2017-02-01,12,2.1
2017-02-02,23,4.1
2017-02-03,49,8.8
2017-02-04,18,3.3
2017-02-05,15,2.7
2017-02-06,20,3.6
2017-02-07,17,3.1
2017-02-08,4,0.7
2017-02-09,9,1.6
2017-02-10,12,2.2
2017-02-11,5,0.9
2017-02-12,23,4.2
2017-02-13,0,-0.7
2017-02-14,5,0.9
2017-02-15,0,-0.5
2017-02-16,12,2.1
2017-02-17,12,2.2
2017-02-18,23,4.2
2017-02-19,10,1.8
2017-02-20,0,0.0
2017-02-21,18,3.3
2017-02-22,7,1.3
2017-02-23,7,1.3
2017-02-24,11,1.9
2017-02-25,13,2.3
2017-02-26,25,4.5
2017-02-27,33,5.9
2017-02-28,5,0.9
2017-03-01,15,2.7
2017-03-02,17,3.0
2017-03-03,12,2.2
2017-03-04,14,2.5
2017-03-05,15,2.7
2017-03-06,20,3.6
2017-03-07,27,4.8
2017-03-08,14,2.6
2017-03-09,,4.928571
2017-03-11,15,2.7
2017-03-13,,-1.6
2017-03-14,1,0.2
2017-03-15,0,0.0
2017-03-16,11,1.9
2017-03-17,2,0.4
2017-03-18,17,3.0
2017-03-19,4,0.7
2017-03-20,3,0.5
2017-03-21,32,5.7
2017-03-22,41,7.3
2017-03-23,20,3.6
2017-03-24,8,1.5
2017-03-25,17,3.1
2017-03-26,0,-0.2
2017-03-27,13,2.3
2017-03-28,0,-0.8
2017-03-29,2,0.3
2017-03-30,9,1.7
2017-03-31,0,0.0
2017-04-01,11,2.0
2017-04-02,8,1.4
2017-04-03,1,0.1
2017-04-04,1,0.2
2017-04-05,6,1.0
2017-04-06,3,0.6
2017-04-07,11,1.9
2017-04-08,3,0.6
2017-04-09,4,0.8
2017-04-10,19,3.5
2017-04-11,31,5.6
2017-04-12,21,3.8
2017-04-13,36,6.4
2017-04-14,18,3.2
2017-04-15,6,1.1
2017-04-16,19,3.4
2017-04-17,20,3.6
2017-04-18,3,0.5
2017-04-19,0,0.0
2017-04-20,8,1.5
2017-04-21,7,1.2
2017-04-22,16,2.8
2017-04-23,18,3.2
2017-04-24,8,1.4
2017-04-25,0,-1.1
2017-04-26,0,0.0
2017-04-27,9,1.7
2017-04-28,0,-0.1
2017-04-29,22,4.0
2017-04-30,19,3.4
2017-05-01,0,-0.1
2017-05-02,0,-1.2
2017-05-03,7,1.2
2017-05-04,11,1.9
2017-05-05,11,1.9
2017-05-06,11,2.0
2017-05-07,11,2.0
2017-05-08,12,2.1
2017-05-09,10,1.8
2017-05-10,0,-0.3
2017-05-11,9,1.7
2017-05-12,21,3.7
2017-05-13,12,2.1
2017-05-14,14,2.5
2017-05-15,21,3.7
2017-05-16,14,2.5
2017-05-17,4,0.8
2017-05-18,9,1.7
2017-05-19,0,-0.5
2017-05-20,6,1.0
2017-05-21,2,0.4
2017-05-22,13,2.3
2017-05-23,14,2.6
2017-05-24,6,1.0
2017-05-25,17,3.0
2017-05-26,6,1.1
2017-05-27,6,1.1
2017-05-28,6,1.1
2017-05-29,20,3.6
2017-05-30,14,2.6
2017-05-31,14,2.6
2017-06-01,17,3.1
2017-06-02,9,1.6
2017-06-03,11,1.9
2017-06-04,13,2.3
2017-06-05,19,3.4
2017-06-06,9,1.6
2017-06-07,21,3.7
2017-06-08,18,3.3
2017-06-09,11,1.9
2017-06-10,29,5.3
2017-06-11,21,3.8
2017-06-12,42,7.6
2017-06-13,22,4.0
2017-06-14,18,3.2
2017-06-15,9,1.6
2017-06-16,8,1.5
2017-06-17,1,0.2
2017-06-18,8,1.4
2017-06-19,8,1.4
2017-06-20,3,0.5
2017-06-21,12,2.2
2017-06-22,17,3.1
2017-06-23,12,2.1
2017-06-24,17,3.0
2017-06-25,21,3.7
2017-06-26,23,4.2
2017-06-27,33,6.0
2017-06-28,18,3.2
2017-06-29,18,3.2
2017-06-30,22,4.0
2017-07-01,20,3.6
2017-07-02,19,3.5
2017-07-03,26,4.6
2017-07-04,,8.0
2017-07-05,,0.75
2017-07-06,,3.75
2017-07-07,26,4.7
2017-07-08,24,4.4
2017-07-09,18,3.3
2017-07-10,26,4.7
2017-07-11,26,4.7
2017-07-12,32,5.8
2017-07-13,43,7.8
2017-07-14,26,4.7
2017-07-15,16,2.8
2017-07-16,15,2.7
2017-07-17,22,4.0
2017-07-18,18,3.2
2017-07-19,16,2.9
2017-07-20,9,1.6
2017-07-21,16,2.9
2017-07-22,21,3.8
2017-07-23,39,7.0
2017-07-24,28,5.1
2017-07-25,24,4.3
2017-07-26,31,5.5
2017-07-27,29,5.3
2017-07-28,17,3.0
2017-07-29,13,2.4
2017-07-30,16,2.9
2017-07-31,27,4.8
2017-08-01,18,3.3
2017-08-02,40,7.2
2017-08-03,38,6.8
2017-08-04,52,9.7
2017-08-05,30,5.4
2017-08-06,35,6.3
2017-08-07,54,10.7
2017-08-08,35,6.3
2017-08-09,41,7.4
2017-08-10,31,5.5
2017-08-11,37,6.6
2017-08-12,22,4.0
2017-08-13,9,1.7
2017-08-14,6,1.0
2017-08-15,1,0.1
2017-08-16,39,7.0
2017-08-17,26,4.6
2017-08-18,28,5.1
2017-08-19,18,3.2
2017-08-20,43,7.7
2017-08-21,46,8.2
2017-08-22,44,7.9
2017-08-23,27,4.9
2017-08-24,5,0.9
2017-08-25,18,3.3
2017-08-26,28,5.1
2017-08-27,52,9.9
2017-08-28,54,10.7
2017-08-29,54,10.9
2017-08-30,47,8.4
2017-08-31,34,6.2
2017-09-01,62,14.8
2017-09-02,98,34.3
2017-09-03,98,34.2
2017-09-04,163,72.8
2017-09-05,50,9.0
2017-09-06,56,11.8
2017-09-07,52,9.8
2017-09-08,62,15.2
2017-09-09,44,8.0
2017-09-10,48,8.7
2017-09-11,26,4.7
2017-09-12,23,4.2
2017-09-13,,2.416667
2017-09-16,27,4.9
2017-09-19,12,2.2
2017-09-20,,-0.8
2017-09-21,13,2.3
2017-09-22,0,-0.3
2017-09-23,9,1.7
2017-09-24,1,0.2
2017-09-25,2,0.4
2017-09-26,9,1.6
2017-09-27,11,2.0
2017-09-28,17,3.0
2017-09-29,8,1.5
2017-09-30,4,0.7
2017-10-01,0,-0.3
2017-10-02,0,0.0
2017-10-03,15,2.7
2017-10-04,9,1.7
2017-10-05,14,2.5
2017-10-06,11,2.0
2017-10-07,0,-1.1
2017-10-08,1,0.1
2017-10-09,9,1.7
2017-10-10,11,1.9
2017-10-11,6,1.0
2017-10-12,29,5.2
2017-10-13,48,8.6
2017-10-14,10,1.8
2017-10-15,2,0.4
2017-10-16,0,-1.0
2017-10-17,6,1.1
2017-10-18,8,1.5
2017-10-19,15,2.7
2017-10-20,18,3.2
2017-10-21,0,-0.6
2017-10-22,4,0.8
2017-10-23,9,1.6
2017-10-24,4,0.7
2017-10-25,0,-0.4
2017-10-26,11,2.0
2017-10-27,8,1.4
2017-10-28,0,-0.4
2017-10-29,0,-0.3
2017-10-30,10,1.8
2017-10-31,12,2.2
2017-11-01,1,0.2
2017-11-02,17,3.0
2017-11-03,26,4.6
2017-11-04,8,1.5
2017-11-05,14,2.5
2017-11-06,15,2.7
2017-11-07,14,2.6
2017-11-08,18,3.3
2017-11-09,33,6.0
2017-11-10,27,4.9
2017-11-11,4,0.7
2017-11-12,19,3.5
2017-11-13,7,1.3
2017-11-14,0,-0.3
2017-11-15,8,1.5
2017-11-16,14,2.5
2017-11-17,0,-1.2
2017-11-18,1,0.1
2017-11-19,1,0.2
2017-11-20,5,0.9
2017-11-21,3,0.5
2017-11-22,0,-0.7
2017-11-23,0,-1.6
2017-11-24,0,-1.7
2017-11-25,6,1.0
2017-11-26,11,2.0
2017-11-27,0,0.0
2017-11-28,1,0.2
2017-11-29,17,3.0
2017-11-30,13,2.4
2017-12-01,6,1.1
2017-12-02,14,2.5
2017-12-03,13,2.4
2017-12-04,5,0.9
2017-12-05,8,1.5
2017-12-06,5,0.9
2017-12-07,6,1.0
2017-12-08,13,2.3
2017-12-09,0,-0.1
2017-12-10,0,-0.2
2017-12-11,6,1.1
2017-12-12,13,2.3
2017-12-13,9,1.7
2017-12-14,23,4.2
2017-12-15,7,1.2
2017-12-16,4,0.7
2017-12-17,17,3.1
2017-12-18,12,2.1
2017-12-19,26,4.6
2017-12-20,12,2.1
2017-12-21,20,3.6
2017-12-22,8,1.5
2017-12-23,11,2.0
2017-12-24,14,2.6
2017-12-25,19,3.5
2017-12-26,53,10.4
2017-12-27,24,4.4
2017-12-28,8,1.4
2017-12-29,9,1.7
2017-12-30,19,3.5
2017-12-31,52,9.7
2018-01-01,49,8.9
2018-01-02,8,1.5
2018-01-03,17,3.0
2018-01-04,0,-0.1
2018-01-05,14,2.6
2018-01-06,10,1.8
2018-01-07,0,-0.2
2018-01-08,4,0.7
2018-01-09,0,-0.5
2018-01-10,0,-0.7
2018-01-11,8,1.4
2018-01-12,4,0.8
2018-01-13,3,0.6
2018-01-14,3,0.6
2018-01-15,18,3.2
2018-01-16,23,4.2
2018-01-17,7,1.2
2018-01-18,1,0.2
2018-01-19,0,-0.8
2018-01-20,4,0.7
2018-01-21,0,-1.7
2018-01-22,4,0.7
2018-01-23,3,0.5
2018-01-24,7,1.2
2018-01-25,11,1.9
2018-01-26,0,-1.0
2018-01-27,2,0.3
2018-01-28,7,1.3
2018-01-29,5,0.9
2018-01-30,0,0.0
2018-01-31,0,-0.6
2018-02-01,15,2.7
2018-02-02,20,3.6
2018-02-03,0,-0.5
2018-02-04,23,4.1
2018-02-05,3,0.5
2018-02-06,9,1.7
2018-02-07,12,2.2
2018-02-08,1,0.1
2018-02-09,19,3.4
2018-02-10,31,5.5
2018-02-11,8,1.4
2018-02-12,37,6.6
2018-02-13,9,1.7
2018-02-14,8,1.5
2018-02-15,2,0.3
2018-02-16,22,4.0
2018-02-17,2,0.4
2018-02-18,1,0.1
2018-02-19,22,4.0
2018-02-20,37,6.7
2018-02-21,56,12.0
2018-02-22,35,6.3
2018-02-23,55,11.5
2018-02-24,14,2.5
2018-02-25,1,0.1
2018-02-26,13,2.3
2018-02-27,8,1.4
2018-02-28,3,0.6
2018-03-01,24,4.3
2018-03-02,1,0.2
2018-03-03,12,2.1
2018-03-04,2,0.4
2018-03-05,4,0.7
2018-03-06,9,1.6
2018-03-07,7,1.2
2018-03-08,7,1.2
2018-03-09,0,-0.1
2018-03-10,3,0.5
2018-03-11,14,2.5
2018-03-12,2,0.3
2018-03-13,14,2.5
2018-03-14,17,3.1
2018-03-15,0,0.0
2018-03-16,0,-0.3
2018-03-17,6,1.0
2018-03-18,6,1.1
2018-03-19,8,1.5
2018-03-20,6,1.0
2018-03-21,7,1.2
2018-03-22,17,3.1
2018-03-23,0,-0.9
2018-03-24,2,0.3
2018-03-25,9,1.7
2018-03-26,0,-0.1
2018-03-27,3,0.6
2018-03-28,7,1.3
2018-03-29,6,1.0
2018-03-30,4,0.7
2018-03-31,1,0.2
2018-04-01,19,3.4
2018-04-02,8,1.5
2018-04-03,7,1.3
2018-04-04,14,2.6
2018-04-05,8,1.5
2018-04-06,11,2.0
2018-04-07,51,9.2
2018-04-08,0,-0.2
2018-04-09,2,0.4
2018-04-10,18,3.3
2018-04-11,19,3.5
2018-04-12,6,1.0
2018-04-13,0,-0.5
2018-04-14,9,1.6
2018-04-15,7,1.2
2018-04-16,21,3.8
2018-04-17,15,2.7
2018-04-18,6,1.0
2018-04-19,15,2.7
2018-04-20,33,5.9
2018-04-21,13,2.4
2018-04-22,16,2.9
2018-04-23,20,3.6
2018-04-24,7,1.3
2018-04-25,21,3.8
2018-04-26,16,2.9
2018-04-27,19,3.4
2018-04-28,23,4.1
2018-04-29,17,3.0
2018-04-30,3,0.6
2018-05-01,0,-0.1
2018-05-02,9,1.7
2018-05-03,6,1.0
2018-05-04,24,4.4
2018-05-05,18,3.2
2018-05-06,18,3.2
2018-05-07,17,3.0
2018-05-08,8,1.4
2018-05-09,12,2.1
2018-05-10,17,3.0
2018-05-11,11,1.9
2018-05-12,3,0.5
2018-05-13,0,-0.7
2018-05-14,3,0.5
2018-05-15,2,0.4
2018-05-16,19,3.4
2018-05-17,22,4.0
2018-05-18,9,1.7
2018-05-19,2,0.3
2018-05-20,12,2.2
2018-05-21,18,3.3
2018-05-22,17,3.1
2018-05-23,16,2.9
2018-05-24,7,1.2
2018-05-25,12,2.1
2018-05-26,21,3.7
2018-05-27,14,2.5
2018-05-28,13,2.4
2018-05-29,8,1.5
2018-05-30,9,1.6
2018-05-31,10,1.8
2018-06-01,19,3.5
2018-06-02,14,2.6
2018-06-03,14,2.6
2018-06-04,14,2.6
2018-06-05,22,4.0
2018-06-06,23,4.2
2018-06-07,27,4.8
2018-06-08,24,4.3
2018-06-09,24,4.4
2018-06-10,22,4.0
2018-06-11,15,2.7
2018-06-12,22,4.0
2018-06-13,43,7.8
2018-06-14,45,8.1
2018-06-15,49,8.8
2018-06-16,33,6.0
2018-06-17,0,-2.1
2018-06-18,10,1.8
2018-06-19,10,1.8
2018-06-20,13,2.3
2018-06-21,8,1.4
2018-06-22,15,2.7
2018-06-23,9,1.7
2018-06-24,0,0.0
2018-06-25,1,0.2
2018-06-26,29,5.2
2018-06-27,41,7.3
2018-06-28,22,4.0
2018-06-29,42,7.5
2018-06-30,15,2.7
2018-07-01,9,1.7
2018-07-02,34,6.2
2018-07-03,36,6.4
2018-07-04,43,7.7
2018-07-05,49,8.8
2018-07-06,46,8.3
2018-07-07,34,6.1
2018-07-08,31,5.5
2018-07-09,28,5.1
2018-07-10,27,4.8
2018-07-11,29,5.2
2018-07-12,27,4.8
2018-07-13,20,3.6
2018-07-14,18,3.2
2018-07-15,18,3.2
2018-07-16,28,5.0
2018-07-17,11,2.0
2018-07-18,26,4.6
2018-07-19,21,3.7
2018-07-20,49,8.8
2018-07-21,57,12.3
2018-07-22,34,6.2
2018-07-23,31,5.5
2018-07-24,24,4.3
2018-07-25,16,2.8
2018-07-26,16,2.9
2018-07-27,20,3.6
2018-07-28,26,4.7
2018-07-29,21,3.7
2018-07-30,28,5.0
2018-07-31,26,4.6
2018-08-01,31,5.6
2018-08-02,57,12.3
2018-08-03,57,12.2
2018-08-04,52,9.4
2018-08-05,48,8.6
2018-08-06,39,7.1
2018-08-07,51,9.3
2018-08-08,42,7.5
2018-08-09,33,6.0
2018-08-10,34,6.2
2018-08-11,31,5.6
2018-08-12,59,13.6
2018-08-13,61,14.4
2018-08-14,29,5.3
2018-08-15,52,9.7
2018-08-16,57,12.3
2018-08-17,53,10.2
2018-08-18,43,7.7
2018-08-19,69,19.0
2018-08-20,109,38.8
2018-08-21,60,14.1
2018-08-22,51,9.2
2018-08-23,80,24.4
2018-08-24,88,29.0
2018-08-25,24,4.4
2018-08-26,13,2.3
2018-08-27,49,8.8
2018-08-28,29,5.2
2018-08-29,48,8.7
2018-08-30,17,3.1
2018-08-31,18,3.2
2018-09-01,17,3.0
2018-09-02,18,3.3
2018-09-03,24,4.3
2018-09-04,27,4.9
2018-09-05,36,6.5
2018-09-06,25,4.5
2018-09-07,7,1.2
2018-09-08,16,2.8
2018-09-09,41,7.4
2018-09-10,46,8.3
2018-09-11,26,4.7
2018-09-12,18,3.2
2018-09-13,27,4.8
2018-09-14,42,7.6
2018-09-15,21,3.7
2018-09-16,31,5.5
2018-09-17,31,5.5
2018-09-18,28,5.1
2018-09-19,28,5.0
2018-09-20,32,5.7
2018-09-21,19,3.5
2018-09-22,29,5.2
2018-09-23,27,4.9
2018-09-24,14,2.6
2018-09-25,8,1.5
2018-09-26,18,3.3
2018-09-27,30,5.4
2018-09-28,15,2.7
2018-09-29,14,2.6
2018-09-30,11,2.0
2018-10-01,29,5.2
2018-10-02,,4.444444
2018-10-03,,-0.727273
2018-10-04,16,2.9
2018-10-05,10,1.8
2018-10-06,21,3.7
2018-10-07,0,-0.3
2018-10-08,0,-0.2
2018-10-09,1,0.2
2018-10-10,0,-1.0
2018-10-11,19,3.4
2018-10-12,14,2.6
2018-10-13,2,0.3
2018-10-14,13,2.3
2018-10-15,13,2.3
2018-10-16,1,0.1
2018-10-17,12,2.2
2018-10-18,9,1.7
2018-10-19,0,-1.0
2018-10-20,14,2.5
2018-10-21,0,-0.2
2018-10-22,7,1.3
2018-10-23,27,4.8
2018-10-24,0,-0.2
2018-10-25,4,0.8
2018-10-26,11,1.9
2018-10-27,0,0.0
2018-10-28,14,2.6
2018-10-29,7,1.2
2018-10-30,6,1.0
2018-10-31,12,2.2
2018-11-01,2,0.3
2018-11-02,3,0.5
2018-11-03,9,1.7
2018-11-04,6,1.0
2018-11-05,0,-0.4
2018-11-06,9,1.6
2018-11-07,21,3.8
2018-11-08,17,3.0
2018-11-09,21,3.8
2018-11-10,4,0.7
2018-11-11,14,2.5
2018-11-12,7,1.3
2018-11-13,12,2.2
2018-11-14,0,-0.9
2018-11-15,1,0.1
2018-11-16,0,0.0
2018-11-17,8,1.5
2018-11-18,3,0.5
2018-11-19,8,1.4
2018-11-20,14,2.6
2018-11-21,0,-0.6
2018-11-22,0,0.0
2018-11-23,0,-1.7
2018-11-24,0,-0.2
2018-11-25,6,1.0
2018-11-26,9,1.7
2018-11-27,0,-0.2
2018-11-28,0,-0.5
2018-11-29,9,1.7
2018-11-30,14,2.5
2018-12-01,1,0.1
2018-12-02,12,2.1
2018-12-03,18,3.2
2018-12-04,9,1.7
2018-12-05,0,-0.6
2018-12-06,32,5.8
2018-12-07,48,8.7
2018-12-08,18,3.3
2018-12-09,9,1.6
2018-12-10,3,0.5
2018-12-11,3,0.5
2018-12-12,0,-0.6
2018-12-13,6,1.0
2018-12-14,16,2.9
2018-12-15,4,0.7
2018-12-16,2,0.4
2018-12-17,8,1.4
2018-12-18,2,0.4
2018-12-19,9,1.6
2018-12-20,11,2.0
2018-12-21,0,-1.0
2018-12-22,7,1.3
2018-12-23,3,0.5
2018-12-24,0,-1.7
2018-12-25,8,1.5
2018-12-26,11,1.9
2018-12-27,0,-0.5
2018-12-28,27,4.8
2018-12-29,21,3.7
2018-12-30,0,0.0
2018-12-31,19,3.5
2019-01-01,38,6.9
2019-01-02,8,1.4
2019-01-03,0,-1.5
2019-01-04,6,1.0
2019-01-05,6,1.1
2019-01-06,0,-0.7
2019-01-07,7,1.3
2019-01-08,14,2.6
2019-01-09,16,2.9
2019-01-10,0,-0.2
2019-01-11,0,0.0
2019-01-12,7,1.2
2019-01-13,8,1.5
2019-01-14,8,1.5
2019-01-15,8,1.4
2019-01-16,0,0.0
2019-01-17,4,0.8
2019-01-18,0,0.0
2019-01-19,0,-0.1
2019-01-20,7,1.3
2019-01-21,2,0.3
2019-01-22,9,1.7
2019-01-23,11,1.9
2019-01-24,18,3.2
2019-01-25,0,0.0
2019-01-26,8,1.4
2019-01-27,0,-0.7
2019-01-28,8,1.4
2019-01-29,17,3.1
2019-01-30,8,1.5
2019-01-31,7,1.3
2019-02-01,4,0.7
2019-02-02,0,0.0
2019-02-03,0,-0.1
2019-02-04,17,3.1
2019-02-05,53,10.4
2019-02-06,35,6.3
2019-02-07,28,5.0
2019-02-08,36,6.5
2019-02-09,17,3.1
2019-02-10,24,4.3
2019-02-11,26,4.6
2019-02-12,8,1.5
2019-02-13,5,0.9
2019-02-14,3,0.5
2019-02-15,30,5.4
2019-02-16,20,3.6
2019-02-17,31,5.5
2019-02-18,51,9.2
2019-02-19,53,10.0
2019-02-20,2,0.3
2019-02-21,29,5.2
2019-02-22,52,9.4
2019-02-23,14,2.6
2019-02-24,13,2.3
2019-02-25,25,4.5
2019-02-26,27,4.8
2019-02-27,54,10.6
2019-02-28,17,3.0
2019-03-01,9,1.7
2019-03-02,28,5.1
2019-03-03,38,6.9
2019-03-04,48,8.7
2019-03-05,54,10.5
2019-03-06,54,10.6
2019-03-07,24,4.4
2019-03-08,17,3.0
2019-03-09,7,1.2
2019-03-10,19,3.4
2019-03-11,21,3.7
2019-03-12,22,4.0
2019-03-13,5,0.9
2019-03-14,12,2.1
2019-03-15,15,2.7
2019-03-16,20,3.6
2019-03-17,10,1.8
2019-03-18,22,3.9
2019-03-19,14,2.6
2019-03-20,10,1.8
2019-03-21,9,1.6
2019-03-22,8,1.4
2019-03-23,8,1.4
2019-03-24,9,1.7
2019-03-25,17,3.1
2019-03-26,34,6.1
2019-03-27,18,3.3
2019-03-28,19,3.4
2019-03-29,0,-0.2
2019-03-30,19,3.5
2019-03-31,31,5.6
2019-04-01,14,2.5
2019-04-02,23,4.2
2019-04-03,24,4.4
2019-04-04,27,4.8
2019-04-05,7,1.2
2019-04-06,2,0.3
2019-04-07,3,0.6
2019-04-08,13,2.3
2019-04-09,6,1.0
2019-04-10,7,1.2
2019-04-11,11,1.9
2019-04-12,23,4.1
2019-04-13,21,3.8
2019-04-14,13,2.3
2019-04-15,6,1.1
2019-04-16,18,3.2
2019-04-17,2,0.4
2019-04-18,9,1.7
2019-04-19,14,2.6
2019-04-20,11,2.0
2019-04-21,0,-0.1
2019-04-22,16,2.9
2019-04-23,26,4.7
2019-04-24,4,0.7
2019-04-25,11,2.0
2019-04-26,13,2.3
2019-04-27,4,0.7
2019-04-28,2,0.3
2019-04-29,9,1.7
2019-04-30,7,1.2
2019-05-01,3,0.5
2019-05-02,9,1.6
2019-05-03,12,2.2
2019-05-04,18,3.2
2019-05-05,9,1.7
2019-05-06,17,3.0
2019-05-07,9,1.7
2019-05-08,11,1.9
2019-05-09,18,3.3
2019-05-10,15,2.7
2019-05-11,10,1.8
2019-05-12,21,3.8
2019-05-13,15,2.7
2019-05-14,17,3.0
2019-05-15,17,3.1
2019-05-16,23,4.2
2019-05-17,8,1.4
2019-05-18,3,0.5
2019-05-19,7,1.2
2019-05-20,0,0.0
2019-05-21,8,1.5
2019-05-22,0,-0.5
2019-05-23,17,3.1
2019-05-24,8,1.4
2019-05-25,4,0.7
2019-05-26,17,3.0
2019-05-27,3,0.6
2019-05-28,0,-1.8
2019-05-29,27,4.9
2019-05-30,52,9.9
2019-05-31,34,6.2
2019-06-01,31,5.6
2019-06-02,23,4.2
2019-06-03,17,3.1
2019-06-04,9,1.6
2019-06-05,9,1.6
2019-06-06,18,3.3
2019-06-07,11,2.0
2019-06-08,13,2.4
2019-06-09,7,1.3
2019-06-10,13,2.4
2019-06-11,11,1.9
2019-06-12,7,1.3
2019-06-13,12,2.1
2019-06-14,2,0.4
2019-06-15,6,1.1
2019-06-16,11,2.0
2019-06-17,8,1.5
2019-06-18,10,1.8
2019-06-19,4,0.7
2019-06-20,6,1.1
2019-06-21,18,3.3
2019-06-22,6,1.0
2019-06-23,7,1.3
2019-06-24,14,2.5
2019-06-25,18,3.2
2019-06-26,29,5.2
2019-06-27,28,5.0
2019-06-28,23,4.1
2019-06-29,19,3.5
2019-06-30,23,4.1
2019-07-01,18,3.2
2019-07-02,12,2.2
2019-07-03,23,4.1
2019-07-04,48,8.7
2019-07-05,21,3.8
2019-07-06,22,4.0
2019-07-07,28,5.0
2019-07-08,21,3.7
2019-07-09,19,3.4
2019-07-10,26,4.7
2019-07-11,26,4.6
2019-07-12,24,4.4
2019-07-13,25,4.5
2019-07-14,18,3.2
2019-07-15,16,2.8
2019-07-16,35,6.3
2019-07-17,24,4.3
2019-07-18,3,0.5
2019-07-19,23,4.2
2019-07-20,26,4.6
2019-07-21,24,4.3
2019-07-22,32,5.8
2019-07-23,31,5.6
2019-07-24,21,3.8
2019-07-25,22,4.0
2019-07-26,13,2.3
2019-07-27,14,2.6
2019-07-28,17,3.0
2019-07-29,38,6.8
2019-07-30,28,5.0
2019-07-31,28,5.0
2019-08-01,31,5.5
2019-08-02,18,3.3
2019-08-03,33,6.0
2019-08-04,21,3.7
2019-08-05,9,1.7
2019-08-06,15,2.7
2019-08-07,19,3.4
2019-08-08,21,3.7
2019-08-09,13,2.3
2019-08-10,12,2.1
2019-08-11,13,2.4
2019-08-12,21,3.7
2019-08-13,24,4.4
2019-08-14,34,6.2
2019-08-15,27,4.9
2019-08-16,21,3.7
2019-08-17,13,2.4
2019-08-18,24,4.3
2019-08-19,24,4.4
2019-08-20,42,7.6
2019-08-21,17,3.0
2019-08-22,32,5.7
2019-08-23,27,4.8
2019-08-24,13,2.3
2019-08-25,14,2.6
2019-08-26,7,1.2
2019-08-27,14,2.6
2019-08-28,29,5.3
2019-08-29,24,4.4
2019-08-30,33,6.0
2019-08-31,27,4.8
2019-09-01,23,4.2
2019-09-02,14,2.5
2019-09-03,,7.153846
2019-09-04,,4.5
2019-09-05,21,3.8
2019-09-06,29,5.2
2019-09-07,7,1.2
2019-09-08,8,1.4
2019-09-09,27,4.9
2019-09-10,39,7.0
2019-09-11,8,1.5
2019-09-12,8,1.4
2019-09-13,16,2.9
2019-09-14,55,11.5
2019-09-15,29,5.2
2019-09-16,28,5.1
2019-09-17,21,3.7
2019-09-18,27,4.8
2019-09-19,37,6.7
2019-09-20,28,5.1
2019-09-21,6,1.0
2019-09-22,8,1.5
2019-09-23,11,1.9
2019-09-24,,5.0
2019-09-27,,0.583333
2019-09-28,23,4.1
2019-09-29,17,3.0
2019-09-30,16,2.9
2019-10-01,7,1.2
2019-10-02,11,2.0
2019-10-03,18,3.2
2019-10-04,25,4.5
2019-10-05,18,3.2
2019-10-06,13,2.3
2019-10-07,28,5.0
2019-10-08,12,2.1
2019-10-09,25,4.5
2019-10-10,16,2.9
2019-10-11,17,3.0
2019-10-12,11,2.0
2019-10-13,14,2.6
2019-10-14,24,4.3
2019-10-15,26,4.6
2019-10-16,28,5.0
2019-10-17,3,0.5
2019-10-18,12,2.2
2019-10-19,22,4.0
2019-10-20,65,16.5
2019-10-21,18,3.3
2019-10-22,19,3.4
2019-10-23,11,2.0
2019-10-24,12,2.1
2019-10-25,16,2.8
2019-10-26,6,1.1
2019-10-27,21,3.8
2019-10-28,39,7.1
2019-10-29,16,2.8
2019-10-30,16,2.9
2019-10-31,13,2.4
2019-11-01,21,3.7
2019-11-02,27,4.8
2019-11-03,14,2.5
2019-11-04,14,2.6
2019-11-05,23,4.2
2019-11-06,22,4.0
2019-11-07,24,4.3
2019-11-08,12,2.2
2019-11-09,10,1.8
2019-11-10,12,2.2
2019-11-11,26,4.6
2019-11-12,10,1.8
2019-11-13,0,-0.1
2019-11-14,20,3.6
2019-11-15,15,2.7
2019-11-16,9,1.7
2019-11-17,6,1.0
2019-11-18,14,2.6
2019-11-19,22,3.9
2019-11-20,3,0.6
2019-11-21,12,2.2
2019-11-22,23,4.1
2019-11-23,6,1.0
2019-11-24,21,3.7
2019-11-25,3,0.5
2019-11-26,2,0.3
2019-11-27,16,2.8
2019-11-28,8,1.5
2019-11-29,17,3.0
2019-11-30,11,2.0
2019-12-01,17,3.0
2019-12-02,5,0.9
2019-12-03,7,1.2
2019-12-04,7,1.2
2019-12-05,6,1.0
2019-12-06,11,1.9
2019-12-07,9,1.6
2019-12-08,5,0.9
2019-12-09,3,0.5
2019-12-10,19,3.4
2019-12-11,8,1.5
2019-12-12,8,1.5
2019-12-13,6,1.1
2019-12-14,14,2.5
2019-12-15,0,-0.4
2019-12-16,11,2.0
2019-12-17,9,1.6
2019-12-18,6,1.0
2019-12-19,0,-0.2
2019-12-20,9,1.6
2019-12-21,6,1.1
2019-12-22,16,2.8
2019-12-23,22,3.9
2019-12-24,7,1.2
2019-12-25,3,0.5
2019-12-26,14,2.5
2019-12-27,44,8.0
2019-12-28,13,2.4
2019-12-29,0,-0.2
2019-12-30,0,0.0
2019-12-31,6,1.1
2020-01-01,14,2.5
2020-01-02,1,0.1
2020-01-03,1,0.2
2020-01-04,3,0.5
2020-01-05,12,2.2
2020-01-06,15,2.7
2020-01-07,10,1.8
2020-01-08,6,1.0
2020-01-09,0,-0.1
2020-01-10,15,2.7
2020-01-11,17,3.0
2020-01-12,0,-0.5
2020-01-13,5,0.9
2020-01-14,10,1.8
2020-01-15,18,3.2
2020-01-16,28,5.0
2020-01-17,8,1.4
2020-01-18,6,1.0
2020-01-19,5,0.9
2020-01-20,19,3.4
2020-01-21,17,3.0
2020-01-22,3,0.6
2020-01-23,8,1.4
2020-01-24,3,0.6
2020-01-25,0,-0.1
2020-01-26,7,1.3
2020-01-27,6,1.1
2020-01-28,3,0.5
2020-01-29,0,-0.5
2020-01-30,1,0.1
2020-01-31,0,-0.2
2020-02-01,2,0.3
2020-02-02,9,1.7
2020-02-03,0,-1.4
2020-02-04,,3.083333
2020-02-05,,-1.875
2020-02-06,4,0.7
2020-02-07,0,-1.9
2020-02-08,0,-0.3
2020-02-09,8,1.5
2020-02-10,4,0.8
2020-02-11,17,3.0
2020-02-12,4,0.7
2020-02-13,32,5.8
2020-02-14,5,0.9
2020-02-15,8,1.4
2020-02-16,7,1.2
2020-02-17,4,0.7
2020-02-18,14,2.6
2020-02-19,3,0.6
2020-02-20,21,3.8
2020-02-21,9,1.7
2020-02-22,7,1.2
2020-02-23,5,0.9
2020-02-24,10,1.8
2020-02-25,5,0.9
2020-02-26,7,1.2
2020-02-27,4,0.7
2020-02-28,1,0.2
2020-02-29,4,0.7
2020-03-01,7,1.2
2020-03-02,7,1.3
2020-03-03,8,1.4
2020-03-04,3,0.5
2020-03-05,19,3.5
2020-03-06,22,3.9
2020-03-07,13,2.4
2020-03-08,3,0.6
2020-03-09,12,2.1
2020-03-10,4,0.8
2020-03-11,0,0.0
2020-03-12,3,0.5
2020-03-13,6,1.1
2020-03-14,0,-0.8
2020-03-15,17,3.1
2020-03-16,5,0.9
2020-03-17,8,1.4
2020-03-18,4,0.7
2020-03-19,0,0.0
2020-03-20,37,6.6
2020-03-21,19,3.5
2020-03-22,7,1.2
2020-03-23,7,1.2
2020-03-24,0,-0.8
2020-03-25,1,0.2
2020-03-26,12,2.1
2020-03-27,0,0.0
2020-03-28,6,1.0
2020-03-29,4,0.8
2020-03-30,6,1.0
2020-03-31,6,1.1
2020-04-01,7,1.2
2020-04-02,11,2.0
2020-04-03,29,5.2
2020-04-04,23,4.2
2020-04-05,8,1.4
2020-04-06,5,0.9
2020-04-07,13,2.4
2020-04-08,12,2.2
2020-04-09,22,4.0
2020-04-10,9,1.6
2020-04-11,7,1.3
2020-04-12,8,1.5
2020-04-13,17,3.0
2020-04-14,9,1.7
2020-04-15,15,2.7
2020-04-16,24,4.3
2020-04-17,15,2.7
2020-04-18,8,1.5
2020-04-19,2,0.3
2020-04-20,17,3.1
2020-04-21,26,4.6
2020-04-22,11,2.0
2020-04-23,4,0.7
2020-04-24,6,1.0
2020-04-25,9,1.7
2020-04-26,13,2.4
2020-04-27,8,1.4
2020-04-28,8,1.4
2020-04-29,17,3.1
2020-04-30,9,1.6
2020-05-01,0,0.0
2020-05-02,7,1.2
2020-05-03,7,1.3
2020-05-04,0,0.0
2020-05-05,8,1.4
2020-05-06,12,2.2
2020-05-07,17,3.0
2020-05-08,11,2.0
2020-05-09,12,2.1
2020-05-10,14,2.5
2020-05-11,32,5.7
2020-05-12,7,1.2
2020-05-13,15,2.7
2020-05-14,7,1.3
2020-05-15,12,2.2
2020-05-16,4,0.8
2020-05-17,9,1.6
2020-05-18,15,2.7
2020-05-19,30,5.4
2020-05-20,21,3.8
2020-05-21,4,0.7
2020-05-22,18,3.2
2020-05-23,10,1.8
2020-05-24,5,0.9
2020-05-25,1,0.2
2020-05-26,14,2.5
2020-05-27,3,0.6
2020-05-28,8,1.5
2020-05-29,22,4.0
2020-05-30,19,3.5
2020-05-31,23,4.1
2020-06-01,6,1.1
2020-06-02,17,3.0
2020-06-03,18,3.2
2020-06-04,17,3.0
2020-06-05,24,4.3
2020-06-06,18,3.2
2020-06-07,5,0.9
2020-06-08,8,1.5
2020-06-09,26,4.6
2020-06-10,0,-0.4
2020-06-11,9,1.7
2020-06-12,19,3.5
2020-06-13,26,4.7
2020-06-14,18,3.3
2020-06-15,16,2.8
2020-06-16,40,7.2
2020-06-17,19,3.4
2020-06-18,7,1.2
2020-06-19,13,2.3
2020-06-20,6,1.0
2020-06-21,23,4.2
2020-06-22,2,0.4
2020-06-23,8,1.4
2020-06-24,9,1.7
2020-06-25,19,3.4
2020-06-26,21,3.8
2020-06-27,8,1.4
2020-06-28,10,1.8
2020-06-29,18,3.3
2020-06-30,13,2.4
2020-07-01,18,3.3
2020-07-02,38,6.9
2020-07-03,34,6.1
2020-07-04,23,4.2
2020-07-05,32,5.7
2020-07-06,24,4.3
2020-07-07,13,2.4
2020-07-08,25,4.5
2020-07-09,32,5.8
2020-07-10,34,6.2
2020-07-11,28,5.1
2020-07-12,11,2.0
2020-07-13,19,3.4
2020-07-14,25,4.5
2020-07-15,28,5.1
2020-07-16,18,3.3
2020-07-17,20,3.6
2020-07-18,21,3.8
2020-07-19,37,6.6
2020-07-20,21,3.8
2020-07-21,25,4.5
2020-07-22,28,5.0
2020-07-23,17,3.1
2020-07-24,14,2.6
2020-07-25,16,2.9
2020-07-26,17,3.1
2020-07-27,19,3.5
2020-07-28,17,3.1
2020-07-29,11,1.9
2020-07-30,12,2.2
2020-07-31,12,2.1
2020-08-01,16,2.9
2020-08-02,27,4.8
2020-08-03,21,3.7
2020-08-04,26,4.6
2020-08-05,20,3.6
2020-08-06,27,4.9
2020-08-07,16,2.8
2020-08-08,55,11.5
2020-08-09,17,3.0
2020-08-10,23,4.1
2020-08-11,28,5.0
2020-08-12,38,6.8
2020-08-13,37,6.6
2020-08-14,26,4.6
2020-08-15,23,4.1
2020-08-16,26,4.7
2020-08-17,31,5.6
2020-08-18,33,6.0
2020-08-19,38,6.9
2020-08-20,55,11.3
2020-08-21,85,27.1
2020-08-22,98,34.5
2020-08-23,82,25.8
2020-08-24,74,21.3
2020-08-25,61,14.6
2020-08-26,49,8.9
2020-08-27,34,6.1
2020-08-28,51,9.3
2020-08-29,37,6.7
2020-08-30,35,6.3
2020-08-31,17,3.1
2020-09-01,6,1.0
2020-09-02,7,1.3
2020-09-03,52,9.6
2020-09-04,53,10.0
2020-09-05,46,8.3
2020-09-06,57,12.5
2020-09-07,52,9.8
2020-09-08,3,0.5
2020-09-09,13,2.4
2020-09-10,26,4.6
2020-09-11,26,4.6
2020-09-12,14,2.5
2020-09-13,17,3.1
2020-09-14,17,3.0
2020-09-15,40,7.2
2020-09-16,98,34.2
2020-09-17,91,30.7
2020-09-18,91,30.6
2020-09-19,65,16.5
2020-09-20,65,16.7
2020-09-21,66,16.9
2020-09-22,62,15.2
2020-09-23,51,9.1
2020-09-24,63,15.7
2020-09-25,64,15.9
2020-09-26,153,58.9
2020-09-27,13,2.3
2020-09-28,12,2.2
2020-09-29,52,9.6
2020-09-30,7,1.3
2020-10-01,21,3.8
2020-10-02,39,7.1
2020-10-03,21,3.7
2020-10-04,86,27.8
2020-10-05,132,47.9
2020-10-06,159,67.5
2020-10-07,116,41.7
2020-10-08,130,47.2
2020-10-09,71,19.9
2020-10-10,59,13.6
2020-10-11,54,10.7
2020-10-12,31,5.6
2020-10-13,11,1.9
2020-10-14,19,3.4
2020-10-15,3,0.5
2020-10-16,21,3.7
2020-10-17,19,3.5
2020-10-18,9,1.7
2020-10-19,11,1.9
2020-10-20,8,1.5
2020-10-21,27,4.8
2020-10-22,8,1.5
2020-10-23,30,5.4
2020-10-24,16,2.9
2020-10-25,14,2.5
2020-10-26,18,3.2
2020-10-27,18,3.3
2020-10-28,3,0.6
2020-10-29,8,1.5
2020-10-30,3,0.5
2020-10-31,7,1.2
2020-11-01,14,2.5
2020-11-02,7,1.2
2020-11-03,8,1.5
2020-11-04,18,3.2
2020-11-05,21,3.7
2020-11-06,17,3.0
2020-11-07,24,4.3
2020-11-08,1,0.2
2020-11-09,1,0.1
2020-11-10,4,0.8
2020-11-11,3,0.5
2020-11-12,7,1.2
2020-11-13,22,3.9
2020-11-14,50,9.0
2020-11-15,26,4.7
2020-11-16,9,1.7
2020-11-17,12,2.2
2020-11-18,19,3.5
2020-11-19,8,1.4
2020-11-20,11,1.9
2020-11-21,8,1.4
2020-11-22,16,2.9
2020-11-23,11,1.9
2020-11-24,0,-0.2
2020-11-25,0,0.0
2020-11-26,2,0.4
2020-11-27,12,2.1
2020-11-28,1,0.1
2020-11-29,9,1.6
2020-11-30,6,1.1
2020-12-01,0,-0.8
2020-12-02,28,5.1
2020-12-03,17,3.0
2020-12-04,8,1.5
2020-12-05,20,3.6
2020-12-06,12,2.1
2020-12-07,18,3.2
2020-12-08,12,2.2
2020-12-09,27,4.8
2020-12-10,7,1.2
2020-12-11,0,-2.7
2020-12-12,17,3.0
2020-12-13,16,2.8
2020-12-14,0,-0.4
2020-12-15,0,-1.5
2020-12-16,0,-0.6
2020-12-17,6,1.1
2020-12-18,0,-1.3
2020-12-19,0,-0.4
2020-12-20,3,0.5
2020-12-21,0,-1.4
2020-12-22,3,0.5
2020-12-23,0,-1.1
2020-12-24,1,0.2
2020-12-25,0,0.0
2020-12-26,0,-0.4
2020-12-27,0,-1.2
2020-12-28,4,0.7
2020-12-29,4,0.8
2020-12-30,6,1.0
2020-12-31,0,0.0
2021-01-01,8,1.4
2021-01-02,0,-1.3
2021-01-03,0,0.0
2021-01-04,0,-1.0
2021-01-05,0,-0.5
2021-01-06,0,-0.2
2021-01-07,7,1.2
2021-01-08,8,1.4
2021-01-09,13,2.3
2021-01-10,25,4.5
2021-01-11,1,0.1
2021-01-12,5,0.9
2021-01-13,29,5.2
2021-01-14,0,-1.2
2021-01-15,10,1.8
2021-01-16,0,-1.4
2021-01-17,2,0.3
2021-01-18,0,-2.2
2021-01-19,4,0.7
2021-01-20,11,2.0
2021-01-21,0,0.0
2021-01-22,7,1.3
2021-01-23,19,3.4
2021-01-24,31,5.5
2021-01-25,16,2.8
2021-01-26,8,1.4
2021-01-27,19,3.5
2021-01-28,11,2.0
2021-01-29,0,0.0
2021-01-30,0,-1.3
2021-01-31,14,2.6
2021-02-01,6,1.1
2021-02-02,3,0.5
2021-02-03,8,1.4
2021-02-04,3,0.6
2021-02-05,3,0.5
2021-02-06,14,2.5
2021-02-07,14,2.6
2021-02-08,38,6.8
2021-02-09,55,11.0
2021-02-10,55,11.5
2021-02-11,38,6.8
2021-02-12,19,3.4
2021-02-13,27,4.8
2021-02-14,37,6.7
2021-02-15,52,9.9
2021-02-16,0,-0.2
2021-02-17,0,-0.5
2021-02-18,39,7.0
2021-02-19,,11.9
2021-02-24,,4.0
2021-02-25,31,5.5
2021-02-26,4,0.7
2021-02-27,0,-0.1
2021-02-28,0,-1.2
2021-03-01,11,1.9
2021-03-02,0,-0.4
2021-03-03,3,0.5
2021-03-04,18,3.2
2021-03-05,,0.75
2021-03-08,,1.375
2021-03-09,9,1.6
2021-03-10,5,0.9
2021-03-11,9,1.6
2021-03-12,38,6.9
2021-03-13,1,0.1
2021-03-14,,-2.0
2021-03-15,,0.8
2021-03-16,5,0.9
2021-03-17,7,1.2
2021-03-18,33,5.9
2021-03-19,45,8.1
2021-03-20,46,8.2
2021-03-21,0,0.0
2021-03-22,17,3.0
2021-03-23,7,1.2
2021-03-24,27,4.8
2021-03-25,18,3.2
2021-03-26,17,3.0
2021-03-27,7,1.2
2021-03-28,4,0.8
2021-03-29,18,3.2
2021-03-30,1,0.2
2021-03-31,9,1.6
2021-04-01,24,4.3
2021-04-02,18,3.3
2021-04-03,8,1.5
2021-04-04,9,1.6
2021-04-05,8,1.4
2021-04-06,19,3.5
2021-04-07,15,2.7
2021-04-08,11,1.9
2021-04-09,0,0.0
2021-04-10,2,0.4
2021-04-11,6,1.0
2021-04-12,9,1.7
2021-04-13,7,1.3
2021-04-14,3,0.6
2021-04-15,11,2.0
2021-04-16,0,0.0
2021-04-17,11,1.9
2021-04-18,10,1.8
2021-04-19,3,0.5
2021-04-20,13,2.3
2021-04-21,25,4.5
2021-04-22,22,3.9
2021-04-23,17,3.0
2021-04-24,29,5.2
2021-04-25,16,2.9
2021-04-26,2,0.4
2021-04-27,13,2.3
2021-04-28,4,0.8
2021-04-29,12,2.2
2021-04-30,6,1.0
2021-05-01,1,0.1
2021-05-02,1,0.1
2021-05-03,,1.5
2021-05-04,,0.692308
2021-05-05,8,1.4
2021-05-06,12,2.2
2021-05-07,14,2.6
2021-05-08,9,1.6
2021-05-09,1,0.2
2021-05-10,4,0.7
2021-05-11,0,0.0
2021-05-12,9,1.7
2021-05-13,9,1.6
2021-05-14,9,1.7
2021-05-15,33,6.0
2021-05-16,8,1.5
2021-05-17,7,1.3
2021-05-18,9,1.7
2021-05-19,13,2.4
2021-05-20,9,1.6
2021-05-21,23,4.2
2021-05-22,5,0.9
2021-05-23,4,0.7
2021-05-24,7,1.2
2021-05-25,11,2.0
2021-05-27,,-0.642857
2021-05-28,11,1.9
2021-05-29,13,2.4
2021-05-30,9,1.7
2021-05-31,7,1.3
2021-06-01,13,2.3
2021-06-02,8,1.5
2021-06-03,14,2.5
2021-06-04,17,3.1
2021-06-05,16,2.8
2021-06-06,8,1.4
2021-06-07,10,1.8
2021-06-08,22,4.0
2021-06-09,23,4.2
2021-06-10,42,7.5
2021-06-11,24,4.4
2021-06-12,34,6.2
2021-06-13,34,6.1
2021-06-14,23,4.2
2021-06-15,34,6.2
2021-06-16,48,8.6
2021-06-17,37,6.7
2021-06-18,35,6.3
2021-06-19,38,6.9
2021-06-20,22,4.0
2021-06-21,19,3.4
2021-06-22,19,3.5
2021-06-23,43,7.8
2021-06-24,,4.5625
2021-06-25,14,2.5
2021-06-26,7,1.3
2021-06-27,13,2.3
2021-06-28,7,1.3
2021-06-29,12,2.2
2021-06-30,6,1.1
2021-07-01,12,2.2
2021-07-02,24,4.3
2021-07-03,18,3.2
2021-07-04,28,5.0
2021-07-05,34,6.1
2021-07-06,19,3.5
2021-07-07,33,6.0
2021-07-08,,4.8125
2021-07-09,39,7.1
2021-07-12,,14.444444
2021-07-13,55,11.2
2021-07-14,49,8.8
2021-07-15,53,10.1
2021-07-16,54,10.7
2021-07-17,53,10.1
2021-07-18,47,8.4
2021-07-19,,10.533333
2021-07-21,,3.588235
2021-07-22,24,4.4
2021-07-23,25,4.5
2021-07-24,57,12.3
2021-07-25,59,13.6
2021-07-26,47,8.5
2021-07-27,28,5.1
2021-07-28,50,9.0
2021-07-29,56,11.7
2021-07-30,52,9.5
2021-07-31,66,17.2
2021-08-01,96,33.1
2021-08-02,87,28.6
2021-08-03,53,10.2
2021-08-04,68,18.1
2021-08-05,73,20.7
2021-08-06,55,11.5
2021-08-07,108,38.2
2021-08-08,100,35.2
2021-08-09,91,30.7
2021-08-10,87,28.5
2021-08-11,56,11.6
2021-08-12,57,12.4
2021-08-13,46,8.2
2021-08-14,46,8.2
2021-08-15,43,7.8
2021-08-16,56,11.9
2021-08-17,59,13.5
2021-08-18,56,11.9
2021-08-19,33,6.0
2021-08-20,53,10.2
2021-08-21,49,8.8
2021-08-22,54,10.6
2021-08-23,56,11.9
2021-08-24,25,4.5
2021-08-25,48,8.7
2021-08-26,31,5.5
2021-08-27,24,4.3
2021-08-28,60,13.9
2021-08-29,46,8.2
2021-08-30,71,19.7
2021-08-31,89,29.7
2021-09-01,62,14.9
2021-09-02,54,10.5
2021-09-03,56,11.8
2021-09-04,55,11.5
2021-09-05,52,9.4
2021-09-06,63,15.3
2021-09-07,84,27.0
2021-09-08,65,16.8
2021-09-09,66,17.3
2021-09-10,59,13.2
2021-09-11,34,6.1
2021-09-12,19,3.5
2021-09-13,26,4.6
2021-09-14,36,6.4
2021-09-15,33,5.9
2021-09-16,32,5.7
2021-09-17,40,7.2
2021-09-18,32,5.7
2021-09-19,28,5.1
2021-09-20,28,5.1
2021-09-21,21,3.7
2021-09-22,23,4.1
2021-09-23,28,5.0
2021-09-24,34,6.2
2021-09-25,36,6.5
2021-09-26,32,5.7
2021-09-27,28,5.1
2021-09-28,33,5.9
2021-09-29,45,8.1
2021-09-30,28,5.0
2021-10-01,31,5.6
2021-10-02,30,5.4
2021-10-03,18,3.2
2021-10-04,23,4.2
2021-10-05,32,5.8
2021-10-06,27,4.8
2021-10-07,18,3.2
2021-10-08,22,3.9
2021-10-09,21,3.7
2021-10-10,26,4.6
2021-10-11,26,4.6
2021-10-12,32,5.8
2021-10-13,28,5.1
2021-10-14,32,5.8
2021-10-15,28,5.0
2021-10-16,29,5.2
2021-10-17,29,5.2
2021-10-18,27,4.9
2021-10-19,27,4.8
2021-10-20,24,4.4
2021-10-21,31,5.6
2021-10-22,18,3.3
2021-10-23,24,4.4
2021-10-24,24,4.3
2021-10-25,23,4.2
2021-10-26,28,5.1
2021-10-27,28,5.0
2021-10-28,22,3.9
2021-10-29,18,3.2
2021-10-30,23,4.1
2021-10-31,23,4.2
2021-11-01,24,4.4
2021-11-02,31,5.6
2021-11-03,33,6.0
2021-11-04,31,5.5
2021-11-05,21,3.7
2021-11-06,25,4.5
2021-11-07,19,3.5
2021-11-08,46,8.2
2021-11-09,49,8.8
2021-11-10,27,4.8
2021-11-11,34,6.2
2021-11-12,26,4.7
2021-11-13,24,4.3
2021-11-14,28,5.0
2021-11-15,22,3.9
2021-11-16,31,5.5
2021-11-17,32,5.7
2021-11-18,30,5.4
2021-11-19,26,4.7
2021-11-20,23,4.1
2021-11-21,31,5.5
2021-11-22,17,3.1
2021-11-23,21,3.7
2021-11-24,29,5.2
2021-11-25,24,4.4
2021-11-26,23,4.1
2021-11-27,24,4.4
2021-11-28,20,3.6
2021-11-29,19,3.4
2021-11-30,25,4.5
2021-12-01,18,3.3
2021-12-02,13,2.4
2021-12-03,30,5.4
2021-12-04,21,3.7
2021-12-05,37,6.7
2021-12-06,28,5.0
2021-12-07,25,4.5
2021-12-08,23,4.1
2021-12-09,26,4.7
2021-12-10,31,5.5
2021-12-11,36,6.5
2021-12-12,28,5.0
2021-12-13,33,6.0
2021-12-14,32,5.7
2021-12-15,77,22.9
2021-12-16,23,4.2
2021-12-17,29,5.3
2021-12-18,37,6.7
2021-12-19,23,4.1
2021-12-20,18,3.3
2021-12-21,68,18.1
2021-12-22,14,2.5
2021-12-23,14,2.6
2021-12-24,19,3.4
2021-12-25,22,4.0
2021-12-26,23,4.2
2021-12-27,28,5.0
2021-12-28,25,4.5
2021-12-29,25,4.5
2021-12-30,24,4.4
2021-12-31,24,4.4
2022-01-01,32,5.8
2022-01-02,23,4.2
2022-01-03,23,4.2
2022-01-04,18,3.2
2022-01-05,42,7.6
2022-01-06,43,7.8
2022-01-07,18,3.3
2022-01-08,23,4.2
2022-01-09,24,4.4
2022-01-10,17,3.0
2022-01-11,16,2.8
2022-01-12,14,2.6
2022-01-13,22,3.9
2022-01-14,34,6.2
2022-01-15,23,4.2
2022-01-16,19,3.4
2022-01-17,16,2.8
2022-01-18,22,4.0
2022-01-19,32,5.7
2022-01-20,39,7.0
2022-01-21,23,4.2
2022-01-22,24,4.4
2022-01-23,13,2.4
2022-01-24,22,4.0
2022-01-25,29,5.2
2022-01-26,33,6.0
2022-01-27,26,4.7
2022-01-28,19,3.4
2022-01-29,21,3.7
2022-01-30,17,3.0
2022-01-31,26,4.7
2022-02-01,22,3.9
2022-02-02,30,5.4
2022-02-03,42,7.6
2022-02-04,28,5.1
2022-02-05,25,4.5
2022-02-06,21,3.8
2022-02-07,20,3.6
2022-02-08,27,4.8
2022-02-09,24,4.4
2022-02-10,13,2.3
2022-02-11,31,5.5
2022-02-12,26,4.6
2022-02-13,22,4.0
2022-02-14,31,5.5
2022-02-15,28,5.0
2022-02-16,35,6.3
2022-02-17,33,5.9
2022-02-18,27,4.9
2022-02-19,16,2.8
2022-02-20,22,4.0
2022-02-21,38,6.8
2022-02-22,37,6.7
2022-02-23,39,7.0
2022-02-24,44,8.0
2022-02-25,52,9.9
2022-02-26,33,5.9
2022-02-27,15,2.7
2022-02-28,11,1.9
2022-03-01,18,3.2
2022-03-02,14,2.5
2022-03-03,23,4.2
2022-03-04,29,5.3
2022-03-05,31,5.6
2022-03-06,36,6.5
2022-03-07,32,5.8
2022-03-08,35,6.3
2022-03-09,31,5.6
2022-03-10,37,6.6
2022-03-11,44,7.9
2022-03-12,31,5.6
2022-03-13,19,3.4
2022-03-14,23,4.2
2022-03-15,20,3.6
2022-03-16,19,3.4
2022-03-17,23,4.2
2022-03-18,24,4.4
2022-03-19,39,7.1
2022-03-20,36,6.4
2022-03-21,32,5.7
2022-03-22,35,6.3
2022-03-23,26,4.7
2022-03-24,22,4.0
2022-03-25,34,6.2
2022-03-26,37,6.7
2022-03-27,44,8.0
2022-03-28,28,5.0
2022-03-29,26,4.7
2022-03-30,34,6.1
2022-03-31,25,4.5
2022-04-01,29,5.2
2022-04-02,27,4.9
2022-04-03,31,5.5
2022-04-04,34,6.1
2022-04-05,59,13.2
2022-04-06,37,6.6
2022-04-07,25,4.5
2022-04-08,21,3.7
2022-04-09,29,5.2
2022-04-10,45,8.1
2022-04-11,31,5.6
2022-04-12,51,9.2
2022-04-13,40,7.2
2022-04-14,31,5.6
2022-04-15,32,5.7
2022-04-16,48,8.7
2022-04-17,47,8.5
2022-04-18,37,6.7
2022-04-19,48,8.7
2022-04-20,34,6.1
2022-04-21,58,13.0
2022-04-22,51,9.3
2022-04-23,52,9.5
2022-04-24,29,5.2
2022-04-25,31,5.6
2022-04-26,54,10.7
2022-04-27,60,14.0
2022-04-28,53,10.1
2022-04-29,35,6.3
2022-04-30,30,5.4
2022-05-01,38,6.8
2022-05-02,25,4.5
2022-05-03,33,6.0
2022-05-04,31,5.5
2022-05-05,33,5.9
2022-05-06,45,8.1
2022-05-07,55,11.0
2022-05-08,51,9.3
2022-05-09,50,9.0
2022-05-10,31,5.5
2022-05-11,49,8.8
2022-05-12,44,7.9
2022-05-13,29,5.3
2022-05-14,15,2.7
2022-05-15,22,4.0
2022-05-16,22,4.0
2022-05-17,27,4.9
2022-05-18,,3.818182
2022-05-19,,4.6875
2022-05-20,33,5.9
2022-05-21,29,5.2
2022-05-22,39,7.0
2022-05-23,31,5.5
2022-05-24,31,5.5
2022-05-25,21,3.7
2022-05-26,25,4.5
2022-05-27,27,4.9
2022-05-28,24,4.4
2022-05-29,19,3.5
2022-05-30,18,3.2
2022-05-31,26,4.7
2022-06-01,31,5.6
2022-06-02,29,5.2
2022-06-03,27,4.8
2022-06-04,23,4.2
2022-06-05,24,4.3
2022-06-06,24,4.4
2022-06-07,29,5.3
2022-06-08,26,4.6
2022-06-09,31,5.6
2022-06-10,28,5.1
2022-06-11,30,5.4
2022-06-12,39,7.0
2022-06-13,61,14.4
2022-06-14,38,6.8
2022-06-15,31,5.5
2022-06-16,36,6.5
2022-06-17,54,10.7
2022-06-18,52,9.7
2022-06-19,47,8.5
2022-06-20,31,5.5
2022-06-21,29,5.2
2022-06-22,32,5.8
2022-06-23,32,5.8
2022-06-24,29,5.2
2022-06-25,27,4.9
2022-06-26,35,6.3
2022-06-27,25,4.5
2022-06-28,28,5.1
2022-06-29,27,4.9
2022-06-30,26,4.7
2022-07-01,33,6.0
2022-07-02,26,4.7
2022-07-03,36,6.5
2022-07-04,34,6.2
2022-07-05,24,4.4
2022-07-06,18,3.3
2022-07-07,21,3.7
2022-07-08,21,3.7
2022-07-09,29,5.2
2022-07-10,42,7.5
2022-07-11,31,5.6
2022-07-12,33,5.9
2022-07-13,28,5.1
2022-07-14,21,3.8
2022-07-15,22,4.0
2022-07-16,30,5.4
2022-07-17,22,4.0
2022-07-18,31,5.6
2022-07-19,48,8.6
2022-07-20,47,8.4
2022-07-21,39,7.0
2022-07-22,34,6.2
2022-07-23,31,5.5
2022-07-24,34,6.2
2022-07-25,33,5.9
2022-07-26,36,6.4
2022-07-27,31,5.6
2022-07-28,22,3.9
2022-07-29,24,4.3
2022-07-30,23,4.1
2022-07-31,68,18.2
2022-08-01,37,6.6
2022-08-02,19,3.4
2022-08-03,34,6.1
2022-08-04,40,7.2
2022-08-05,26,4.6
2022-08-06,34,6.2
2022-08-07,29,5.2
2022-08-08,26,4.6
2022-08-09,20,3.6
2022-08-10,27,4.8
2022-08-11,34,6.1
2022-08-12,16,2.8
2022-08-13,17,3.0
2022-08-14,13,2.3
2022-08-15,20,3.6
2022-08-16,25,4.5
2022-08-17,26,4.7
2022-08-18,31,5.6
2022-08-19,33,6.0
2022-08-20,34,6.1
2022-08-21,28,5.0
2022-08-22,26,4.7
2022-08-23,,5.833333
2022-08-26,,2.076923
2022-08-27,22,4.0
2022-08-28,21,3.8
2022-08-29,32,5.7
2022-08-30,34,6.1
2022-08-31,31,5.5
2022-09-01,39,7.1
2022-09-02,47,8.4
2022-09-03,36,6.4
2022-09-04,29,5.3
2022-09-05,36,6.5
2022-09-06,54,10.6
2022-09-07,57,12.1
2022-09-08,58,12.9
2022-09-09,39,7.0
2022-09-10,22,4.0
2022-09-11,37,6.7
2022-09-12,29,5.3
2022-09-13,70,19.2
2022-09-14,16,2.8
2022-09-15,26,4.7
2022-09-16,21,3.8
2022-09-17,26,4.7
2022-09-18,31,5.6
2022-09-19,23,4.1
2022-09-20,19,3.5
2022-09-21,45,8.1
2022-09-22,25,4.5
2022-09-23,18,3.3
2022-09-24,32,5.7
2022-09-25,33,6.0
2022-09-26,22,3.9
2022-09-27,22,3.9
2022-09-28,32,5.8
2022-09-29,22,3.9
2022-09-30,16,2.9
2022-10-01,23,4.2
2022-10-02,27,4.8
2022-10-03,17,3.1
2022-10-04,25,4.5
2022-10-05,29,5.2
2022-10-06,29,5.2
2022-10-07,32,5.7
2022-10-08,34,6.1
2022-10-09,24,4.4
2022-10-10,22,4.0
2022-10-11,25,4.5
2022-10-12,28,5.1
2022-10-13,20,3.6
2022-10-14,15,2.7
2022-10-15,16,2.9
2022-10-16,27,4.9
2022-10-17,28,5.0
2022-10-18,22,4.0
2022-10-19,16,2.8
2022-10-20,13,2.4
2022-10-21,15,2.7
2022-10-22,25,4.5
2022-10-23,21,3.7
2022-10-24,18,3.2
2022-10-25,13,2.4
2022-10-26,13,2.4
2022-10-27,18,3.3
2022-10-28,23,4.1
2022-10-29,23,4.1
2022-10-30,19,3.5
2022-10-31,16,2.9
2022-11-01,27,4.8
2022-11-02,17,3.0
2022-11-03,24,4.3
2022-11-04,16,2.8
2022-11-05,10,1.8
2022-11-06,12,2.2
2022-11-07,41,7.3
2022-11-08,21,3.7
2022-11-09,27,4.8
2022-11-10,18,3.3
2022-11-11,26,4.7
2022-11-12,31,5.6
2022-11-13,21,3.8
2022-11-14,24,4.4
2022-11-15,,3.692308
2022-11-16,,2.8125
2022-11-17,22,4.0
2022-11-18,25,4.5
2022-11-19,26,4.6
2022-11-20,18,3.3
2022-11-21,25,4.5
2022-11-22,26,4.7
2022-11-23,15,2.7
2022-11-24,13,2.3
2022-11-25,13,2.4
2022-11-26,19,3.5
2022-11-27,19,3.4
2022-11-28,17,3.1
2022-11-29,24,4.4
2022-11-30,35,6.3
2022-12-01,21,3.8
2022-12-02,30,5.4
2022-12-03,19,3.4
2022-12-04,20,3.6
2022-12-05,16,2.9
2022-12-06,18,3.3
2022-12-07,19,3.5
2022-12-08,26,4.7
2022-12-09,20,3.6
2022-12-10,23,4.1
2022-12-11,28,5.0
2022-12-12,39,7.0
2022-12-13,37,6.7
2022-12-14,24,4.4
2022-12-15,24,4.3
2022-12-16,22,4.0
2022-12-17,23,4.2
2022-12-18,29,5.2
2022-12-19,28,5.1
2022-12-20,31,5.5
2022-12-21,31,5.5
2022-12-22,33,6.0
2022-12-23,39,7.1
2022-12-24,17,3.1
2022-12-25,21,3.7
2022-12-26,21,3.8
2022-12-27,12,2.2
2022-12-28,17,3.1
2022-12-29,18,3.2
2022-12-30,18,3.2
2022-12-31,17,3.1
2023-01-01,19,3.5
2023-01-02,18,3.2
2023-01-03,30,5.4
2023-01-04,23,4.1
2023-01-05,26,4.6
2023-01-06,21,3.8
2023-01-07,26,4.6
2023-01-08,15,2.7
2023-01-09,19,3.5
2023-01-10,17,3.0
2023-01-11,23,4.1
2023-01-12,18,3.2
2023-01-13,13,2.4
2023-01-14,17,3.0
2023-01-15,19,3.5
2023-01-16,21,3.8
2023-01-17,28,5.0
2023-01-18,18,3.2
2023-01-19,21,3.7
2023-01-20,26,4.6
2023-01-21,26,4.6
2023-01-22,22,4.0
2023-01-23,29,5.3
2023-01-24,22,4.0
2023-01-25,24,4.4
2023-01-26,28,5.0
2023-01-27,23,4.1
2023-01-28,26,4.7
2023-01-29,29,5.2
2023-01-30,34,6.2
2023-01-31,22,3.9
2023-02-01,20,3.6
2023-02-02,24,4.4
2023-02-03,18,3.2
2023-02-04,25,4.5
2023-02-05,27,4.9
2023-02-06,21,3.7
2023-02-07,23,4.2
2023-02-08,22,4.0
2023-02-09,23,4.1
2023-02-10,26,4.6
2023-02-11,20,3.6
2023-02-12,26,4.6
2023-02-13,20,3.6
2023-02-14,38,6.8
2023-02-15,26,4.6
2023-02-16,26,4.6
2023-02-17,19,3.5
2023-02-18,22,4.0
2023-02-19,43,7.7
2023-02-20,29,5.3
2023-02-21,19,3.4
2023-02-22,31,5.6
2023-02-23,45,8.1
2023-02-24,52,9.4
2023-02-25,24,4.4
2023-02-26,21,3.8
2023-02-27,17,3.1
2023-02-28,19,3.4
2023-03-01,26,4.6
2023-03-02,21,3.7
2023-03-03,19,3.4
2023-03-04,41,7.4
2023-03-05,22,4.0
2023-03-06,24,4.4
2023-03-07,21,3.7
2023-03-08,32,5.8
2023-03-09,22,3.9
2023-03-10,37,6.6
2023-03-11,17,3.0
2023-03-12,29,5.2
2023-03-13,36,6.4
2023-03-14,18,3.3
2023-03-15,18,3.2
2023-03-16,23,4.2
2023-03-17,18,3.3
2023-03-18,23,4.1
2023-03-19,22,4.0
2023-03-20,29,5.3
2023-03-21,19,3.5
2023-03-22,37,6.6
2023-03-23,32,5.7
2023-03-24,17,3.0
2023-03-25,18,3.2
2023-03-26,21,3.8
2023-03-27,24,4.3
2023-03-28,28,5.0
2023-03-29,39,7.0
2023-03-30,39,7.1
2023-03-31,56,11.6
2023-04-01,21,3.7
2023-04-02,22,4.0
2023-04-03,16,2.8
2023-04-04,25,4.5
2023-04-05,28,5.1
2023-04-06,22,4.0
2023-04-07,24,4.4
2023-04-08,22,3.9
2023-04-09,25,4.5
2023-04-10,26,4.6
2023-04-11,21,3.8
2023-04-12,23,4.1
2023-04-13,24,4.3
2023-04-14,27,4.8
2023-04-15,25,4.5
2023-04-16,52,9.8
2023-04-17,34,6.2
2023-04-18,34,6.2
2023-04-19,41,7.3
2023-04-20,34,6.2
2023-04-21,33,5.9
2023-04-22,39,7.0
2023-04-23,38,6.9
2023-04-24,37,6.6
2023-04-25,34,6.1
2023-04-26,31,5.5
2023-04-27,29,5.2
2023-04-28,32,5.7
2023-04-29,39,7.1
2023-04-30,36,6.5
2023-05-01,37,6.7
2023-05-02,48,8.7
2023-05-03,37,6.7
2023-05-04,43,7.7
2023-05-05,28,5.0
2023-05-06,22,4.0
2023-05-07,24,4.3
2023-05-08,36,6.4
2023-05-09,37,6.7
2023-05-10,35,6.3
2023-05-11,26,4.7
2023-05-12,,5.058824
2023-05-13,26,4.7
2023-05-14,20,3.6
2023-05-15,28,5.0
2023-05-16,34,6.2
2023-05-17,34,6.2
2023-05-18,89,29.7
2023-05-19,156,62.3
2023-05-20,97,33.8
2023-05-21,71,20.1
2023-05-22,86,27.8
2023-05-23,68,18.4
2023-05-24,62,15.0
2023-05-25,44,7.9
2023-05-26,35,6.3
2023-05-27,32,5.7
2023-05-28,31,5.6
2023-05-29,33,5.9
2023-05-30,28,5.0
2023-05-31,33,5.9
2023-06-01,27,4.8
2023-06-02,24,4.3
2023-06-03,22,4.0
2023-06-04,37,6.7
2023-06-05,32,5.8
2023-06-06,29,5.3
2023-06-07,33,5.9
2023-06-08,25,4.5
2023-06-09,28,5.0
2023-06-10,27,4.8
2023-06-11,39,7.0
2023-06-12,37,6.7
2023-06-13,28,5.1
2023-06-14,27,4.9
2023-06-15,22,3.9
2023-06-16,33,6.0
2023-06-17,34,6.2
2023-06-18,36,6.4
2023-06-19,38,6.9
2023-06-20,44,8.0
2023-06-21,53,10.2
2023-06-22,30,5.4
2023-06-23,38,6.8
2023-06-24,35,6.3
2023-06-25,32,5.7
2023-06-26,41,7.3
2023-06-27,44,8.0
2023-06-28,43,7.7
2023-06-29,36,6.5
2023-06-30,29,5.2
2023-07-01,36,6.4
2023-07-02,32,5.8
2023-07-03,34,6.1
2023-07-04,35,6.3
2023-07-05,23,4.1
2023-07-06,41,7.3
2023-07-07,35,6.3
2023-07-08,39,7.0
2023-07-09,33,5.9
2023-07-10,44,8.0
2023-07-11,34,6.1
2023-07-12,45,8.1
2023-07-13,38,6.8
2023-07-14,35,6.3
2023-07-15,34,6.2
2023-07-16,61,14.3
2023-07-17,52,9.6
2023-07-18,37,6.6
2023-07-19,41,7.3
2023-07-20,,9.0
2023-07-24,,4.5
2023-07-25,22,3.9
2023-07-26,26,4.7
2023-07-27,24,4.3
2023-07-28,20,3.6
2023-07-29,38,6.8
2023-07-30,29,5.3
2023-07-31,32,5.8
2023-08-01,25,4.5
2023-08-02,28,5.0
2023-08-03,17,3.1
2023-08-04,23,4.1
2023-08-05,28,5.0
2023-08-06,52,9.5
2023-08-07,29,5.2
2023-08-08,24,4.4
2023-08-09,24,4.4
2023-08-10,23,4.1
2023-08-11,36,6.5
2023-08-12,29,5.2
2023-08-13,24,4.3
2023-08-14,22,4.0
2023-08-15,27,4.9
2023-08-16,41,7.4
2023-08-17,59,13.3
2023-08-18,25,4.5
2023-08-19,16,2.9
2023-08-20,53,10.3
2023-08-21,38,6.8
2023-08-22,46,8.3
2023-08-23,37,6.6
2023-08-24,29,5.2
2023-08-25,23,4.2
2023-08-26,43,7.7
2023-08-27,34,6.2
2023-08-28,17,3.0
2023-08-29,29,5.3
2023-08-30,31,5.5
2023-08-31,33,6.0
2023-09-01,21,3.7
2023-09-02,13,2.3
2023-09-03,8,1.4
2023-09-04,8,1.5
2023-09-05,60,14.1
2023-09-06,61,14.5
2023-09-07,19,3.4
2023-09-08,26,4.7
2023-09-09,54,10.7
2023-09-10,49,8.9
2023-09-11,9,1.7
2023-09-12,26,4.6
2023-09-13,33,6.0
2023-09-14,22,4.0
2023-09-15,22,3.9
2023-09-16,22,4.0
2023-09-17,17,3.1
2023-09-18,19,3.4
2023-09-19,13,2.3
2023-09-20,21,3.8
2023-09-21,18,3.3
2023-09-22,26,4.7
2023-09-23,21,3.8
2023-09-24,17,3.1
2023-09-25,23,4.2
2023-09-26,23,4.1
2023-09-27,28,5.0
2023-09-28,26,4.7
2023-09-29,29,5.2
2023-09-30,32,5.7
2023-10-01,26,4.7
2023-10-02,19,3.5
2023-10-03,13,2.4
2023-10-04,13,2.3
2023-10-05,12,2.2
2023-10-06,22,4.0
2023-10-07,14,2.5
2023-10-08,19,3.5
2023-10-09,12,2.1
2023-10-10,3,0.5
2023-10-11,17,3.0
2023-10-12,,2.588235
2023-10-13,,3.117647
2023-10-14,21,3.8
2023-10-15,19,3.5
2023-10-16,13,2.3
2023-10-17,12,2.2
2023-10-18,17,3.1
2023-10-19,14,2.5
2023-10-20,11,2.0
2023-10-21,22,3.9
2023-10-22,29,5.2
2023-10-23,28,5.0
2023-10-24,30,5.4
2023-10-25,44,7.9
2023-10-26,24,4.3
2023-10-27,37,6.7
2023-10-28,27,4.8
2023-10-29,31,5.5
2023-10-30,26,4.7
2023-10-31,18,3.3
2023-11-01,12,2.1
2023-11-02,17,3.0
2023-11-03,14,2.5
2023-11-04,10,1.8
2023-11-05,12,2.2
2023-11-06,17,3.0
2023-11-07,19,3.4
2023-11-08,18,3.3
2023-11-09,24,4.3
2023-11-10,24,4.3
2023-11-11,14,2.5
2023-11-12,20,3.6
2023-11-13,25,4.5
2023-11-14,18,3.2
2023-11-15,25,4.5
2023-11-16,18,3.3
2023-11-17,25,4.5
2023-11-18,21,3.7
2023-11-19,10,1.8
2023-11-20,30,5.4
2023-11-21,10,1.8
2023-11-22,15,2.7
2023-11-23,27,4.8
2023-11-24,25,4.5
2023-11-25,26,4.7
2023-11-26,11,2.0
2023-11-27,17,3.0
2023-11-28,14,2.5
2023-11-29,12,2.2
2023-11-30,26,4.6
2023-12-01,41,7.3
2023-12-02,17,3.1
2023-12-03,14,2.5
2023-12-04,19,3.5
2023-12-05,14,2.5
2023-12-06,13,2.3
2023-12-07,21,3.8
2023-12-08,16,2.9
2023-12-09,11,1.9
2023-12-10,16,2.8
2023-12-11,16,2.9
2023-12-12,14,2.5
2023-12-13,38,6.8
2023-12-14,25,4.5
2023-12-15,14,2.5
2023-12-16,11,1.9
2023-12-17,12,2.1
2023-12-18,13,2.3
2023-12-19,13,2.4
2023-12-20,15,2.7
2023-12-21,18,3.3
2023-12-22,18,3.3
2023-12-23,9,1.6
2023-12-24,16,2.8
2023-12-25,18,3.2
2023-12-26,32,5.8
2023-12-27,10,1.8
2023-12-28,8,1.4
2023-12-29,13,2.4
2023-12-30,5,0.9
2023-12-31,25,4.5
2024-01-01,11,2.0
2024-01-02,21,3.7
2024-01-03,19,3.5
2024-01-04,26,4.7
2024-01-05,14,2.5
2024-01-06,14,2.6
2024-01-07,21,3.7
2024-01-08,17,3.1
2024-01-09,,1.25
2024-01-10,,3.0
2024-01-11,21,3.7
2024-01-12,18,3.3
2024-01-13,20,3.6
2024-01-14,37,6.6
2024-01-15,23,4.1
2024-01-16,16,2.9
2024-01-17,8,1.5
2024-01-18,17,3.0
2024-01-19,38,6.9
2024-01-20,22,3.9
2024-01-21,6,1.1
2024-01-22,8,1.4
2024-01-23,31,5.5
2024-01-24,11,2.0
2024-01-25,14,2.5
2024-01-26,9,1.7
2024-01-27,9,1.6
2024-01-28,5,0.9
2024-01-29,11,1.9
2024-01-30,10,1.8
2024-01-31,9,1.7
2024-02-01,7,1.3
2024-02-02,24,4.3
2024-02-03,12,2.1
2024-02-04,13,2.4
2024-02-05,22,4.0
2024-02-06,12,2.1
2024-02-07,6,1.1
2024-02-08,4,0.7
2024-02-09,14,2.6
2024-02-10,18,3.3
2024-02-11,13,2.4
2024-02-12,6,1.1
2024-02-13,15,2.7
2024-02-14,17,3.1
2024-02-15,22,3.9
2024-02-16,30,5.4
2024-02-17,14,2.6
2024-02-18,5,0.9
2024-02-19,6,1.1
2024-02-20,9,1.6
2024-02-21,14,2.6
2024-02-22,11,2.0
2024-02-23,13,2.4
2024-02-24,20,3.6
2024-02-25,18,3.2
2024-02-26,17,3.0
2024-02-27,,2.941176
2024-02-28,18,3.3
2024-02-29,21,3.7
2024-03-01,20,3.6
2024-03-02,14,2.5
2024-03-03,19,3.4
2024-03-04,12,2.2
2024-03-05,18,3.2
2024-03-06,18,3.2
2024-03-07,18,3.2
2024-03-08,12,2.1
2024-03-09,17,3.0
2024-03-10,11,2.0
2024-03-11,24,4.4
2024-03-12,13,2.3
2024-03-13,17,3.1
2024-03-14,19,3.5
2024-03-15,18,3.2
2024-03-16,17,3.0
2024-03-17,11,1.9
2024-03-18,14,2.6
2024-03-19,12,2.2
2024-03-20,27,4.9
2024-03-21,14,2.5
2024-03-22,18,3.3
2024-03-23,23,4.1
2024-03-24,27,4.8
2024-03-25,33,5.9
2024-03-26,26,4.7
2024-03-27,13,2.4
2024-03-28,14,2.6
2024-03-29,12,2.2
2024-03-30,17,3.1
2024-03-31,22,3.9
2024-04-01,16,2.8
2024-04-02,17,3.0
2024-04-03,17,3.0
2024-04-04,18,3.3
2024-04-05,24,4.4
2024-04-06,,7.176471
2024-04-07,26,4.7
2024-04-08,15,2.7
2024-04-09,13,2.4
2024-04-10,15,2.7
2024-04-11,28,5.0
2024-04-12,27,4.8
2024-04-13,26,4.6
2024-04-14,27,4.8
2024-04-15,29,5.2
2024-04-16,11,1.9
2024-04-17,14,2.5
2024-04-18,19,3.4
2024-04-19,26,4.7
2024-04-20,22,3.9
2024-04-21,29,5.3
2024-04-22,28,5.1
2024-04-23,19,3.5
2024-04-24,22,4.0
2024-04-25,32,5.8
2024-04-26,26,4.6
2024-04-27,18,3.2
2024-04-28,9,1.7
2024-04-29,19,3.4
2024-04-30,25,4.5
2024-05-01,20,3.6
2024-05-02,16,2.8
2024-05-03,17,3.1
2024-05-04,18,3.3
2024-05-05,21,3.7
2024-05-06,19,3.4
2024-05-07,21,3.7
2024-05-08,17,3.1
2024-05-09,10,1.8
2024-05-10,26,4.6
2024-05-11,22,3.9
2024-05-12,13,2.4
2024-05-13,19,3.5
2024-05-14,22,4.0
2024-05-15,11,1.9
2024-05-16,15,2.7
2024-05-17,23,4.1
2024-05-18,28,5.1
2024-05-19,31,5.5
2024-05-20,19,3.5
2024-05-21,18,3.2
2024-05-22,15,2.7
2024-05-23,22,4.0
2024-05-24,12,2.2
2024-05-25,19,3.4
2024-05-26,23,4.1
2024-05-27,15,2.7
2024-05-28,19,3.5
2024-05-29,31,5.5
2024-05-30,19,3.4
2024-05-31,,5.2
2024-06-02,16,2.9
2024-06-04,,1.8
2024-06-05,4,0.8
2024-06-06,14,2.5
2024-06-07,13,2.3
2024-06-08,17,3.0
2024-06-09,18,3.2
2024-06-10,20,3.6
2024-06-11,15,2.7
2024-06-12,15,2.7
2024-06-13,30,5.4
2024-06-14,37,6.6
2024-06-15,26,4.6
2024-06-16,21,3.8
2024-06-17,19,3.5
2024-06-18,23,4.2
2024-06-19,7,1.3
2024-06-20,12,2.1
2024-06-21,11,2.0
2024-06-22,14,2.5
2024-06-23,18,3.3
2024-06-24,13,2.3
2024-06-25,20,3.6
2024-06-26,27,4.8
2024-06-27,,0.75
2024-06-28,21,3.7
2024-06-29,23,4.1
2024-06-30,26,4.7
2024-07-01,8,1.5
2024-07-02,12,2.1
2024-07-03,16,2.9
2024-07-04,14,2.5
2024-07-05,15,2.7
2024-07-06,17,3.1
2024-07-07,16,2.9
2024-07-08,16,2.9
2024-07-09,30,5.4
2024-07-10,29,5.3
2024-07-11,33,6.0
2024-07-12,43,7.7
2024-07-13,44,7.9
2024-07-14,40,7.2
2024-07-15,36,6.5
2024-07-16,42,7.5
2024-07-17,36,6.4
2024-07-18,25,4.5
2024-07-19,28,5.1
2024-07-20,32,5.7
2024-07-21,55,11.2
2024-07-22,75,22.2
2024-07-23,85,27.1
2024-07-24,79,24.2
2024-07-25,67,17.7
2024-07-26,43,7.7
2024-07-27,24,4.3
2024-07-28,32,5.7
2024-07-29,27,4.8
2024-07-30,25,4.5
2024-07-31,66,17.2
2024-08-01,58,12.7
2024-08-02,34,6.2
2024-08-03,24,4.3
2024-08-04,19,3.4
2024-08-05,20,3.6
2024-08-06,16,2.9
2024-08-07,24,4.4
2024-08-08,2,0.4
2024-08-09,3,0.5
2024-08-10,25,4.5
2024-08-11,36,6.4
2024-08-12,9,1.7
2024-08-13,0,-0.6
2024-08-14,9,1.7
2024-08-15,7,1.3
2024-08-16,4,0.7
2024-08-17,3,0.5
2024-08-18,0,-0.1
2024-08-19,5,0.9
2024-08-20,0,0.0
2024-08-21,3,0.5
2024-08-22,79,23.9
2024-08-23,22,4.0
2024-08-24,4,0.7
2024-08-25,3,0.5
2024-08-26,6,1.1
2024-08-27,12,2.2
2024-08-28,19,3.5
2024-08-29,26,4.6
2024-08-30,34,6.2
2024-08-31,43,7.7
2024-09-01,26,4.6
2024-09-02,15,2.7
2024-09-03,12,2.1
2024-09-04,10,1.8
2024-09-05,37,6.7
2024-09-06,34,6.2
2024-09-07,30,5.4
2024-09-08,41,7.3
2024-09-09,26,4.7
2024-09-10,15,2.7
2024-09-11,11,2.0
2024-09-12,25,4.5
2024-09-13,25,4.5
2024-09-14,29,5.3
2024-09-15,26,4.6
2024-09-16,11,1.9
2024-09-17,8,1.5
2024-09-18,6,1.0
2024-09-19,8,1.4
2024-09-20,11,2.0
2024-09-21,4,0.8
2024-09-22,12,2.1
2024-09-23,12,2.1
2024-09-24,8,1.5
2024-09-25,4,0.8
2024-09-26,22,4.0
2024-09-27,22,4.0
2024-09-28,17,3.1
2024-09-29,22,4.0
2024-09-30,53,10.1
2024-10-01,50,9.0
2024-10-02,22,4.0
2024-10-03,31,5.5
2024-10-04,46,8.3
2024-10-05,53,10.3
2024-10-06,65,16.5
2024-10-07,65,16.7
2024-10-08,56,11.9
2024-10-09,59,13.2
2024-10-10,32,5.7
2024-10-11,52,9.9
2024-10-12,43,7.7
2024-10-13,41,7.3
2024-10-14,39,7.1
2024-10-15,53,10.3
2024-10-16,31,5.5
2024-10-17,28,5.1
2024-10-18,26,4.7
2024-10-19,26,4.6
2024-10-20,15,2.7
2024-10-21,9,1.6
2024-10-22,16,2.9
2024-10-23,20,3.6
2024-10-24,9,1.7
2024-10-25,23,4.1
2024-10-26,9,1.6
2024-10-27,13,2.3
2024-10-28,18,3.2
2024-10-29,13,2.4
2024-10-30,9,1.7
2024-10-31,19,3.5
2024-11-01,19,3.5
2024-11-02,16,2.8
2024-11-03,12,2.2
2024-11-04,11,1.9
2024-11-05,9,1.6
2024-11-06,7,1.2
2024-11-07,14,2.6
2024-11-08,12,2.2
2024-11-09,6,1.1
2024-11-10,1,0.1
2024-11-11,19,3.5
2024-11-12,15,2.7
2024-11-13,14,2.6
2024-11-14,19,3.5
2024-11-15,28,5.0
2024-11-16,17,3.1
2024-11-17,9,1.6
2024-11-18,,1.3
2024-11-19,,2.153846
2024-11-20,3,0.6
2024-11-21,14,2.5
2024-11-22,14,2.5
2024-11-23,9,1.6
2024-11-24,17,3.0
2024-11-25,19,3.4
2024-11-26,6,1.0
2024-11-27,8,1.5
2024-11-28,18,3.3
2024-11-29,6,1.0
2024-11-30,0,-0.2
2024-12-01,11,1.9
2024-12-02,8,1.5
2024-12-03,0,0.0
2024-12-04,11,2.0
2024-12-05,12,2.1
2024-12-06,13,2.4
2024-12-07,6,1.0
2024-12-08,7,1.2
2024-12-09,13,2.4
2024-12-10,6,1.0
2024-12-11,3,0.5
2024-12-12,10,1.8
2024-12-13,11,1.9
2024-12-14,11,2.0
2024-12-15,16,2.8
2024-12-16,14,2.5
2024-12-17,6,1.0
2024-12-18,16,2.8
2024-12-19,14,2.5
2024-12-20,12,2.2
2024-12-21,14,2.5
2024-12-22,7,1.2
2024-12-23,11,2.0
2024-12-24,3,0.5
2024-12-25,9,1.6
2024-12-26,4,0.8
2024-12-27,4,0.7
2024-12-28,10,1.8
2024-12-29,6,1.0
2024-12-30,23,4.2
2024-12-31,20,3.6
2025-01-01,12,2.2
2025-01-02,11,2.0
2025-01-03,17,3.1
2025-01-04,9,1.6
2025-01-05,12,2.1
2025-01-06,17,3.0
2025-01-07,19,3.5
2025-01-08,7,1.2
2025-01-09,18,3.2
2025-01-10,7,1.3
2025-01-11,6,1.0
2025-01-12,6,1.1
2025-01-13,12,2.2
2025-01-14,9,1.6
2025-01-15,8,1.5
2025-01-16,4,0.7
2025-01-17,17,3.0
2025-01-18,13,2.4
2025-01-19,16,2.9
2025-01-20,19,3.4
2025-01-21,28,5.0
2025-01-22,11,1.9
2025-01-23,14,2.6
2025-01-24,14,2.5
2025-01-25,17,3.1
2025-01-26,21,3.8
2025-01-27,16,2.9
2025-01-28,8,1.4
2025-01-29,18,3.2
2025-01-30,9,1.6
2025-01-31,9,1.6
2025-02-01,7,1.3
2025-02-02,14,2.6
2025-02-03,21,3.7
2025-02-04,50,9.0
2025-02-05,34,6.1
2025-02-06,18,3.2
2025-02-07,26,4.7
2025-02-08,15,2.7
2025-02-09,11,1.9
2025-02-10,12,2.2
2025-02-11,34,6.1
2025-02-12,21,3.8
2025-02-13,24,4.3
2025-02-14,13,2.3
2025-02-15,32,5.7
2025-02-16,18,3.2
2025-02-17,38,6.8
2025-02-18,52,9.4
2025-02-19,51,9.2
2025-02-20,60,13.7
2025-02-21,14,2.5
2025-02-22,14,2.5
2025-02-23,12,2.1
2025-02-24,9,1.6
2025-02-25,19,3.5
2025-02-26,9,1.6
2025-02-27,9,1.7
2025-02-28,11,2.0
2025-03-01,17,3.0
2025-03-02,14,2.5
2025-03-03,18,3.2
2025-03-04,24,4.4
2025-03-05,12,2.2
2025-03-06,8,1.4
2025-03-07,19,3.4
2025-03-08,16,2.8
2025-03-09,14,2.5
2025-03-10,10,1.8
2025-03-11,17,3.1
2025-03-12,23,4.2
2025-03-13,13,2.4
2025-03-14,16,2.9
2025-03-15,8,1.4
2025-03-16,13,2.4
2025-03-17,22,4.0
2025-03-18,21,3.7
2025-03-19,9,1.7
2025-03-20,13,2.3
2025-03-21,17,3.0
2025-03-22,18,3.2
2025-03-23,12,2.2
2025-03-24,14,2.5
2025-03-25,16,2.8
2025-03-26,18,3.2
2025-03-27,13,2.3
2025-03-28,17,3.0
2025-03-29,33,6.0
2025-03-30,8,1.5
2025-03-31,22,4.0
2025-04-01,7,1.2
2025-04-02,4,0.7
2025-04-03,8,1.5
2025-04-04,6,1.0
2025-04-05,8,1.4
2025-04-06,10,1.8
2025-04-07,14,2.6
2025-04-08,21,3.8
2025-04-09,41,7.3
2025-04-10,35,6.3
2025-04-11,33,6.0
2025-04-12,17,3.1
2025-04-13,17,3.1
2025-04-14,10,1.8
2025-04-15,21,3.7
2025-04-16,17,3.0
2025-04-17,8,1.5
2025-04-18,6,1.1
2025-04-19,12,2.1
2025-04-20,12,2.2
2025-04-21,4,0.7
2025-04-22,,1.444444
2025-04-25,,0.785714
2025-04-26,13,2.4
2025-04-27,21,3.7
2025-04-28,6,1.0
2025-04-29,8,1.4
2025-04-30,9,1.7
2025-05-01,1,0.2
2025-05-02,6,1.1
2025-05-03,10,1.8
2025-05-04,10,1.8
2025-05-05,11,2.0
2025-05-06,12,2.2
2025-05-07,13,2.4
2025-05-08,21,3.8
2025-05-09,15,2.7
2025-05-10,17,3.1
2025-05-11,16,2.8
2025-05-12,13,2.4
2025-05-13,19,3.5
2025-05-14,10,1.8
2025-05-15,5,0.9
2025-05-16,8,1.4
2025-05-17,9,1.7
2025-05-18,24,4.3
2025-05-19,1,0.2
2025-05-20,6,1.0
2025-05-21,11,2.0
2025-05-22,13,2.4
2025-05-23,24,4.3
2025-05-24,14,2.6
2025-05-25,0,-0.5
2025-05-26,2,0.3
2025-05-27,19,3.4
2025-05-28,1,0.2
2025-05-29,11,2.0
2025-05-30,14,2.5
2025-05-31,12,2.2
2025-06-01,14,2.5
2025-06-02,14,2.5
2025-06-03,11,2.0
2025-06-04,29,5.3
2025-06-05,14,2.6
2025-06-06,6,1.0
2025-06-07,15,2.7
2025-06-08,42,7.5
2025-06-09,53,10.2
2025-06-10,24,4.3
2025-06-11,12,2.2
2025-06-12,16,2.9
2025-06-13,17,3.1
2025-06-14,,3.285714
2025-06-15,24,4.3
2025-06-16,,2.666667
2025-06-17,8,1.5
2025-06-18,9,1.7
2025-06-19,12,2.1
2025-06-20,22,3.9
2025-06-21,16,2.9
2025-06-22,23,4.1
2025-06-23,18,3.3
2025-06-24,25,4.5
2025-06-25,10,1.8
2025-06-26,19,3.4
2025-06-27,22,4.0
2025-06-28,26,4.6
2025-06-29,16,2.8
2025-06-30,13,2.4
2025-07-01,16,2.9
2025-07-02,9,1.7
2025-07-03,4,0.8
2025-07-04,17,3.0
2025-07-05,9,1.6
2025-07-06,14,2.6
2025-07-07,13,2.3
2025-07-08,10,1.8
2025-07-09,17,3.0
2025-07-10,18,3.2
2025-07-11,31,5.5
2025-07-12,38,6.8
2025-07-13,21,3.8
2025-07-14,18,3.3
2025-07-15,14,2.5
2025-07-16,13,2.4
2025-07-17,39,7.0
2025-07-18,33,6.0
2025-07-19,18,3.2
2025-07-20,16,2.9
2025-07-21,18,3.2
2025-07-22,18,3.2
2025-07-23,21,3.7
2025-07-24,14,2.6
2025-07-25,24,4.4
2025-07-26,39,7.0
2025-07-27,23,4.1
2025-07-28,32,5.7
2025-07-29,28,5.0
2025-07-30,31,5.6
2025-07-31,42,7.6
2025-08-01,32,5.7
2025-08-02,18,3.2
2025-08-03,7,1.3
2025-08-04,26,4.7
2025-08-05,51,9.1
2025-08-06,59,13.3
2025-08-07,56,11.8
2025-08-08,18,3.2
2025-08-09,6,1.1
2025-08-10,14,2.6
2025-08-11,14,2.5
2025-08-12,15,2.7
2025-08-13,14,2.6
2025-08-14,23,4.2
2025-08-15,28,5.1
2025-08-16,25,4.5
2025-08-17,12,2.2
2025-08-18,22,4.0
2025-08-19,10,1.8
2025-08-20,20,3.6
2025-08-21,21,3.7
2025-08-22,26,4.7
2025-08-23,29,5.2
2025-08-24,22,3.9
2025-08-25,24,4.4
2025-08-26,25,4.5
2025-08-27,10,1.8
2025-08-28,12,2.1
2025-08-29,27,4.8
2025-08-30,11,1.9
2025-08-31,19,3.4
2025-09-01,28,5.0
2025-09-02,27,4.8
2025-09-03,51,9.1
2025-09-04,89,29.7
2025-09-05,60,14.0
2025-09-06,61,14.5
2025-09-07,41,7.4
2025-09-08,14,2.5
2025-09-09,16,2.8
2025-09-10,13,2.3
2025-09-11,15,2.7
2025-09-12,6,1.0
2025-09-13,2,0.3
2025-09-14,7,1.2
2025-09-15,8,1.5
2025-09-16,1,0.2
2025-09-17,1,0.2
2025-09-18,5,0.9
2025-09-19,17,3.0
2025-09-20,19,3.4
2025-09-21,7,1.2
2025-09-22,7,1.2
2025-09-23,14,2.5
2025-09-24,25,4.5
2025-09-25,14,2.5
2025-09-26,11,2.0
2025-09-27,28,5.0
2025-09-28,16,2.8
2025-09-29,6,1.0
2025-09-30,0,0.0
2025-10-01,7,1.2
2025-10-02,9,1.7
2025-10-03,8,1.5
2025-10-04,6,1.0
2025-10-05,1,0.2
2025-10-06,7,1.2
2025-10-07,14,2.6
2025-10-08,27,4.9
2025-10-09,7,1.3
2025-10-10,18,3.2
2025-10-11,22,3.9
2025-10-12,0,0.0
2025-10-13,4,0.8
2025-10-14,16,2.8
2025-10-15,11,2.0
2025-10-16,0,0.0
2025-10-17,6,1.1
2025-10-18,8,1.5
2025-10-19,10,1.8
2025-10-20,13,2.3
2025-10-21,3,0.5
2025-10-22,9,1.6
2025-10-23,11,1.9
2025-10-24,11,2.0
2025-10-25,14,2.5
2025-10-26,15,2.7
2025-10-27,2,0.3
2025-10-28,7,1.2
2025-10-29,8,1.4
2025-10-30,7,1.2
2025-10-31,13,2.3
2025-11-01,13,2.3
2025-11-02,6,1.0
2025-11-03,8,1.4
2025-11-04,11,2.0
2025-11-05,14,2.5
2025-11-06,12,2.2
2025-11-07,10,1.8
2025-11-08,5,0.9
2025-11-09,9,1.6
2025-11-10,6,1.0
2025-11-11,3,0.6
2025-11-12,13,2.3
2025-11-13,8,1.4
2025-11-14,19,3.4
2025-11-15,15,2.7
2025-11-16,18,3.3
2025-11-17,2,0.4
2025-11-18,16,2.9
2025-11-19,12,2.2
2025-11-20,14,2.5
2025-11-21,16,2.8
2025-11-22,12,2.2
2025-11-23,13,2.3
2025-11-24,,0.625
2025-11-25,12,2.2
2025-11-26,9,1.7
2025-11-27,6,1.1
2025-11-28,2,0.4
2025-11-29,28,5.0
2025-11-30,21,3.7
2025-12-01,13,2.4
2025-12-02,8,1.5
2025-12-03,12,2.2
2025-12-04,7,1.3
2025-12-05,7,1.3
2025-12-06,10,1.8
2025-12-07,6,1.1
2025-12-08,0,0.0
2025-12-09,4,0.8
2025-12-10,4,0.8
2025-12-11,1,0.2
2025-12-12,4,0.8
2025-12-13,8,1.5
2025-12-14,1,0.1
2025-12-15,0,-0.3
2025-12-16,3,0.6
2025-12-17,8,1.5
2025-12-18,4,0.7
2025-12-19,9,1.7
2025-12-20,8,1.5
2025-12-21,8,1.5
2025-12-22,4,0.7
2025-12-23,7,1.2
2025-12-24,14,2.5
2025-12-25,4,0.7
2025-12-26,6,1.1
2025-12-27,5,0.9
2025-12-28,9,1.7
2025-12-29,8,1.4
2025-12-30,2,0.4
2025-12-31,8,1.5
