date,aqi,value
1999-01-06,38,6.9
1999-01-07,46,8.2
1999-01-08,49,8.9
1999-01-09,41,7.4
1999-01-10,64,16.3
1999-01-11,71,20.0
1999-01-12,53,10.1
1999-01-13,51,9.1
1999-01-14,58,12.6
1999-01-15,61,14.6
1999-01-16,62,15.0
1999-01-17,59,13.5
1999-01-18,55,11.5
1999-01-19,70,19.1
1999-01-20,56,11.9
1999-01-21,49,8.9
1999-01-22,42,7.6
1999-01-23,53,10.3
1999-01-24,57,12.3
1999-01-25,77,23.2
1999-01-26,96,33.5
1999-01-27,63,15.7
1999-01-28,54,10.9
1999-01-29,52,9.4
1999-01-30,43,7.8
1999-01-31,34,6.1
1999-02-01,55,11.4
1999-02-02,65,16.7
1999-02-03,65,16.5
1999-02-04,54,10.6
1999-02-06,67,17.5
1999-02-07,53,10.2
1999-02-08,55,11.2
1999-02-09,53,10.4
1999-02-10,59,13.5
1999-02-11,52,9.7
1999-02-12,28,5.1
1999-02-13,17,3.0
1999-02-14,40,7.2
1999-02-15,61,14.5
1999-02-16,55,11.2
1999-02-17,47,8.5
1999-02-19,57,12.5
1999-02-20,74,21.4
1999-02-21,58,12.6
1999-02-22,59,13.6
1999-02-23,55,11.0
1999-02-24,55,11.0
1999-02-25,56,11.8
1999-02-26,55,11.5
1999-02-27,54,10.7
1999-02-28,71,19.7
1999-03-01,58,12.8
1999-03-02,43,7.8
1999-03-03,29,5.3
1999-03-04,38,6.9
1999-03-06,61,14.3
1999-03-07,59,13.2
1999-03-08,65,16.5
1999-03-09,53,10.2
1999-03-10,46,8.2
1999-03-11,63,15.3
1999-03-12,74,21.6
1999-03-13,52,9.9
1999-03-14,52,9.4
1999-03-15,39,7.0
1999-03-16,54,10.6
1999-03-17,60,13.9
1999-03-18,60,13.9
1999-03-19,75,21.8
1999-03-20,73,21.1
1999-03-21,73,21.0
1999-03-22,59,13.5
1999-03-23,70,19.3
1999-03-24,60,14.1
1999-03-25,52,9.4
1999-03-26,50,9.0
1999-03-27,61,14.2
1999-03-28,65,16.6
1999-03-29,68,18.4
1999-03-30,80,24.7
1999-03-31,82,26.0
1999-04-01,62,15.0
1999-04-02,54,10.9
1999-04-03,60,14.1
1999-04-04,57,12.5
1999-04-05,63,15.8
1999-04-06,65,16.6
1999-04-07,67,17.9
1999-04-08,60,14.0
1999-04-09,69,18.7
1999-04-10,66,17.3
1999-04-11,65,16.8
1999-04-12,43,7.7
1999-04-13,60,13.8
1999-04-14,59,13.4
1999-04-15,56,12.0
1999-04-16,39,7.0
1999-04-17,45,8.1
1999-04-18,46,8.3
1999-04-19,57,12.2
1999-04-20,50,9.0
1999-04-21,55,11.5
1999-04-22,66,17.3
1999-04-23,61,14.2
1999-04-24,68,18.4
1999-04-25,65,16.4
1999-04-26,58,12.8
1999-04-27,42,7.5
1999-04-28,57,12.2
1999-04-29,59,13.5
1999-04-30,60,14.1
1999-05-01,54,10.5
1999-05-02,57,12.1
1999-05-03,43,7.8
1999-05-04,59,13.2
1999-05-05,70,19.3
1999-05-06,76,22.3
1999-05-07,53,10.3
1999-05-08,64,16.2
1999-05-09,57,12.5
1999-05-10,42,7.6
1999-05-11,34,6.2
1999-05-12,44,7.9
1999-05-13,63,15.8
1999-05-14,55,11.5
1999-05-15,63,15.7
1999-05-16,62,15.0
1999-05-17,68,18.3
1999-05-18,65,16.6
1999-05-19,61,14.7
1999-05-20,73,21.1
1999-05-21,72,20.4
1999-05-22,78,23.5
1999-05-23,74,21.6
1999-05-24,57,12.5
1999-05-25,59,13.6
1999-05-26,61,14.2
1999-05-27,62,15.0
1999-05-28,65,16.8
1999-05-29,57,12.2
1999-05-30,52,9.5
1999-05-31,41,7.3
1999-06-01,43,7.8
1999-06-02,52,9.4
1999-06-03,65,16.5
1999-06-04,63,15.7
1999-06-05,66,17.2
1999-06-06,71,19.9
1999-06-07,64,15.9
1999-06-08,53,10.4
1999-06-09,53,10.0
1999-06-10,56,11.6
1999-06-11,53,10.0
1999-06-12,55,11.1
1999-06-13,54,10.5
1999-06-14,46,8.3
1999-06-15,53,10.3
1999-06-16,61,14.7
1999-06-17,75,21.8
1999-06-18,85,27.4
1999-06-19,86,27.8
1999-06-20,74,21.5
1999-06-21,53,10.4
1999-06-23,52,9.8
1999-06-24,67,17.9
1999-06-25,58,13.1
1999-06-26,26,4.7
1999-06-27,63,15.8
1999-06-28,76,22.4
1999-06-29,74,21.7
1999-06-30,70,19.2
1999-07-02,60,13.7
1999-07-03,54,10.5
1999-07-04,52,9.5
1999-07-05,41,7.3
1999-07-06,46,8.2
1999-07-07,62,14.9
1999-07-08,52,9.6
1999-07-09,37,6.7
1999-07-10,29,5.3
1999-07-11,38,6.8
1999-07-12,40,7.2
1999-07-13,62,15.2
1999-07-14,86,27.7
1999-07-15,88,28.9
1999-07-16,52,9.6
1999-07-17,43,7.8
1999-07-18,44,7.9
1999-07-19,49,8.9
1999-07-20,33,6.0
1999-07-21,42,7.5
1999-07-22,42,7.5
1999-07-23,62,15.1
1999-07-24,64,16.0
1999-07-25,62,15.1
1999-07-26,54,10.5
1999-07-27,61,14.5
1999-07-28,63,15.8
1999-07-29,64,16.3
1999-07-30,51,9.3
1999-07-31,54,10.5
1999-08-01,56,11.8
1999-08-02,74,21.6
1999-08-03,87,28.6
1999-08-04,109,38.8
1999-08-05,113,40.3
1999-08-06,107,37.9
1999-08-07,102,36.0
1999-08-08,79,24.1
1999-08-09,69,18.9
1999-08-10,54,10.6
1999-08-11,36,6.4
1999-08-12,38,6.9
1999-08-13,58,12.7
1999-08-14,63,15.7
1999-08-15,67,17.7
1999-08-16,75,22.0
1999-08-17,52,9.8
1999-08-18,62,15.0
1999-08-19,72,20.4
1999-08-20,71,19.6
1999-08-21,71,19.9
1999-08-22,39,7.0
1999-08-23,39,7.1
1999-08-24,33,5.9
1999-08-25,30,5.4
1999-08-26,55,11.1
1999-08-27,65,16.6
1999-08-28,102,35.9
1999-08-29,94,32.4
1999-08-30,93,31.7
1999-08-31,87,28.3
1999-09-01,59,13.3
1999-09-02,18,3.3
1999-09-03,33,5.9
1999-09-04,37,6.7
1999-09-05,56,12.0
1999-09-06,53,10.2
1999-09-07,53,10.2
1999-09-08,52,9.7
1999-09-09,62,15.0
1999-09-10,70,19.4
1999-09-11,70,19.4
1999-09-12,74,21.7
1999-09-13,77,23.2
1999-09-14,83,26.4
1999-09-15,59,13.5
1999-09-16,61,14.3
1999-09-17,65,16.5
1999-09-18,76,22.7
1999-09-19,76,22.4
1999-09-20,51,9.2
1999-09-21,67,17.6
1999-09-22,51,9.2
1999-09-23,53,10.0
1999-09-24,72,20.4
1999-09-25,69,18.7
1999-09-26,68,18.2
1999-09-27,39,7.1
1999-09-28,24,4.3
1999-09-29,34,6.1
1999-09-30,36,6.5
1999-10-01,56,12.0
1999-10-02,64,16.2
1999-10-03,58,12.8
1999-10-04,49,8.8
1999-10-05,64,16.1
1999-10-08,22,4.0
1999-10-09,24,4.3
1999-10-10,17,3.0
1999-10-11,55,11.0
1999-10-12,74,21.3
1999-10-14,81,25.4
1999-10-16,72,20.6
1999-10-17,66,16.9
1999-10-18,79,24.2
1999-10-19,70,19.4
1999-10-20,53,10.3
1999-10-21,54,10.8
1999-10-22,59,13.6
1999-10-23,55,11.5
1999-10-24,32,5.7
1999-10-25,56,11.7
1999-10-26,66,17.4
1999-10-27,88,28.8
1999-10-28,97,34.0
1999-10-29,79,23.9
1999-10-30,56,11.9
1999-10-31,33,6.0
1999-11-01,45,8.1
1999-11-02,40,7.2
1999-11-03,37,6.6
1999-11-04,53,10.2
1999-11-05,60,14.0
1999-11-06,71,19.9
1999-11-07,77,23.1
1999-11-08,78,23.4
1999-11-09,65,16.8
1999-11-10,54,10.6
1999-11-11,65,16.6
1999-11-12,74,21.4
1999-11-13,92,30.9
1999-11-14,90,30.0
1999-11-15,66,17.0
1999-11-16,52,9.5
1999-11-17,55,11.0
1999-11-18,63,15.8
1999-11-19,72,20.6
1999-11-20,70,19.3
1999-11-21,69,19.0
1999-11-22,47,8.4
1999-11-23,31,5.6
1999-11-24,54,10.8
1999-11-25,44,8.0
1999-11-26,33,6.0
1999-11-27,52,9.8
1999-11-28,71,20.0
1999-11-29,66,17.3
1999-11-30,54,10.7
1999-12-01,54,10.6
1999-12-02,36,6.4
1999-12-03,44,8.0
1999-12-04,34,6.2
1999-12-05,41,7.4
1999-12-06,26,4.7
1999-12-07,44,8.0
1999-12-08,54,10.7
1999-12-09,53,10.4
1999-12-10,36,6.4
1999-12-11,52,9.4
1999-12-12,33,5.9
1999-12-13,38,6.8
1999-12-14,59,13.2
1999-12-15,22,4.0
1999-12-16,39,7.0
1999-12-17,54,10.6
1999-12-18,37,6.7
1999-12-19,53,10.2
1999-12-20,51,9.2
1999-12-21,32,5.7
1999-12-22,28,5.1
1999-12-23,37,6.6
1999-12-24,42,7.5
1999-12-25,47,8.5
1999-12-26,69,18.8
1999-12-27,66,16.9
1999-12-28,56,11.9
1999-12-29,76,22.5
1999-12-30,50,9.0
1999-12-31,76,22.7
2000-01-01,101,35.6
2000-01-02,37,6.7
2000-01-03,30,5.4
2000-01-04,52,9.4
2000-01-05,48,8.7
2000-01-06,54,10.6
2000-01-07,55,11.4
2000-01-08,64,15.9
2000-01-09,33,6.0
2000-01-10,59,13.6
2000-01-11,55,11.5
2000-01-12,42,7.5
2000-01-13,44,7.9
2000-01-14,38,6.8
2000-01-15,47,8.5
2000-01-16,48,8.7
2000-01-17,51,9.3
2000-01-18,28,5.0
2000-01-19,22,3.9
2000-01-20,47,8.4
2000-01-21,45,8.1
2000-01-22,40,7.2
2000-01-23,46,8.2
2000-01-24,58,13.0
2000-01-25,28,5.1
2000-01-26,35,6.3
2000-01-27,48,8.7
2000-01-28,57,12.4
2000-01-29,51,9.3
2000-01-30,58,12.7
2000-01-31,61,14.2
2000-02-01,58,12.6
2000-02-02,61,14.2
2000-02-03,66,17.0
2000-02-04,66,17.2
2000-02-05,53,10.2
2000-02-06,80,24.7
2000-02-07,94,32.1
2000-02-08,93,31.5
2000-02-09,77,23.2
2000-02-10,55,11.2
2000-02-11,46,8.2
2000-02-12,52,9.8
2000-02-13,55,11.2
2000-02-14,67,17.8
2000-02-15,62,15.0
2000-02-16,64,15.9
2000-02-17,43,7.7
2000-02-18,56,11.6
2000-02-19,53,10.0
2000-02-20,57,12.3
2000-02-21,63,15.5
2000-02-22,63,15.4
2000-02-23,61,14.2
2000-02-24,54,10.6
2000-02-25,33,5.9
2000-02-26,27,4.8
2000-02-27,26,4.6
2000-02-28,49,8.8
2000-02-29,48,8.7
2000-03-01,56,11.9
2000-03-02,59,13.4
2000-03-03,48,8.7
2000-03-04,52,9.4
2000-03-05,67,17.7
2000-03-06,74,21.5
2000-03-07,69,18.6
2000-03-08,63,15.6
2000-03-09,63,15.6
2000-03-10,61,14.2
2000-03-11,46,8.2
2000-03-12,50,9.0
2000-03-13,57,12.5
2000-03-14,57,12.4
2000-03-15,43,7.8
2000-03-17,56,11.7
2000-03-18,56,11.8
2000-03-19,26,4.7
2000-03-20,34,6.2
2000-03-21,56,12.0
2000-03-22,61,14.3
2000-03-23,71,19.7
2000-03-24,66,16.9
2000-03-25,57,12.2
2000-03-26,61,14.2
2000-03-27,39,7.0
2000-03-28,52,9.8
2000-03-29,52,9.7
2000-03-30,62,15.0
2000-03-31,71,20.0
2000-04-01,61,14.5
2000-04-02,58,12.7
2000-04-03,53,10.2
2000-04-04,33,5.9
2000-04-05,53,10.0
2000-04-06,51,9.1
2000-04-07,39,7.1
2000-04-08,36,6.4
2000-04-09,31,5.5
2000-04-10,47,8.4
2000-04-11,55,11.2
2000-04-12,52,9.6
2000-04-13,42,7.6
2000-04-14,52,9.9
2000-04-15,57,12.2
2000-04-16,53,10.2
2000-04-17,67,17.7
2000-04-18,51,9.3
2000-04-19,64,16.2
2000-04-20,61,14.5
2000-04-21,37,6.7
2000-04-22,33,5.9
2000-04-23,47,8.5
2000-04-24,52,9.8
2000-04-25,55,11.5
2000-04-26,58,13.1
2000-04-27,69,18.8
2000-04-29,61,14.3
2000-04-30,74,21.4
2000-05-01,70,19.2
2000-05-02,66,17.0
2000-05-03,63,15.7
2000-05-04,63,15.6
2000-05-05,53,10.1
2000-05-06,52,9.8
2000-05-07,52,9.9
2000-05-08,52,9.4
2000-05-09,44,7.9
2000-05-10,55,11.2
2000-05-11,42,7.5
2000-05-12,42,7.6
2000-05-13,38,6.9
2000-05-14,39,7.0
2000-05-15,62,15.0
2000-05-16,73,21.0
2000-05-18,64,15.9
2000-05-19,60,13.9
2000-05-20,53,10.1
2000-05-21,47,8.4
2000-05-22,61,14.4
2000-05-23,52,9.4
2000-05-24,51,9.1
2000-05-25,52,9.6
2000-05-26,54,10.5
2000-05-27,55,11.2
2000-05-28,56,11.9
2000-05-29,46,8.3
2000-05-30,56,11.9
2000-05-31,63,15.5
2000-06-01,58,12.6
2000-06-02,64,16.2
2000-06-03,61,14.3
2000-06-04,57,12.1
2000-06-05,29,5.2
2000-06-06,58,12.9
2000-06-07,65,16.5
2000-06-08,74,21.3
2000-06-09,60,14.0
2000-06-10,64,15.9
2000-06-11,55,11.1
2000-06-12,55,11.1
2000-06-13,52,9.5
2000-06-14,40,7.2
2000-06-15,27,4.8
2000-06-16,26,4.7
2000-06-17,39,7.0
2000-06-18,42,7.5
2000-06-19,50,9.0
2000-06-20,42,7.6
2000-06-21,52,9.5
2000-06-22,58,12.8
2000-06-23,68,18.2
2000-06-24,62,14.9
2000-06-25,59,13.5
2000-06-26,43,7.7
2000-06-27,48,8.7
2000-06-28,52,9.4
2000-06-29,60,14.0
2000-06-30,61,14.4
2000-07-01,55,11.2
2000-07-02,60,13.7
2000-07-03,74,21.3
2000-07-04,86,27.7
2000-07-05,69,18.5
2000-07-06,69,18.9
2000-07-07,84,27.0
2000-07-08,83,26.4
2000-07-09,77,23.1
2000-07-10,64,16.2
2000-07-11,63,15.8
2000-07-12,66,17.2
2000-07-13,67,17.7
2000-07-14,85,27.2
2000-07-15,82,25.7
2000-07-16,80,24.9
2000-07-17,66,16.9
2000-07-18,64,16.3
2000-07-19,56,11.6
2000-07-20,61,14.7
2000-07-21,69,18.8
2000-07-22,66,17.3
2000-07-23,46,8.3
2000-07-24,73,20.7
2000-07-25,78,23.7
2000-07-26,91,30.5
2000-07-27,71,19.7
2000-07-28,62,14.9
2000-07-29,53,10.0
2000-07-30,42,7.6
2000-07-31,27,4.8
2000-08-01,37,6.7
2000-08-02,40,7.2
2000-08-03,32,5.7
2000-08-04,39,7.1
2000-08-05,56,11.7
2000-08-06,63,15.8
2000-08-07,55,11.4
2000-08-08,54,10.6
2000-08-09,60,14.0
2000-08-10,55,11.0
2000-08-11,42,7.6
2000-08-12,71,19.6
2000-08-13,75,21.9
2000-08-14,53,10.2
2000-08-15,53,10.4
2000-08-16,69,18.8
2000-08-17,81,25.4
2000-08-18,89,29.7
2000-08-19,99,35.1
2000-08-20,83,26.5
2000-08-21,73,21.1
2000-08-22,65,16.7
2000-08-23,60,13.7
2000-08-24,57,12.1
2000-08-25,60,14.0
2000-08-26,69,19.0
2000-08-27,64,16.2
2000-08-28,74,21.7
2000-08-29,75,21.8
2000-08-30,81,25.1
2000-09-02,74,21.6
2000-09-03,113,40.2
2000-09-04,132,48.2
2000-09-05,106,37.6
2000-09-06,55,11.3
2000-09-07,43,7.7
2000-09-08,24,4.4
2000-09-09,31,5.5
2000-09-11,48,8.6
2000-09-12,41,7.3
2000-09-13,35,6.3
2000-09-14,54,10.5
2000-09-15,68,18.4
2000-09-16,58,12.7
2000-09-17,61,14.2
2000-09-19,58,13.0
2000-09-20,29,5.3
2000-09-21,37,6.7
2000-09-22,29,5.3
2000-09-23,37,6.7
2000-09-24,52,9.5
2000-09-25,32,5.7
2000-09-26,29,5.3
2000-09-27,55,11.4
2000-09-28,64,16.2
2000-09-29,72,20.4
2000-09-30,70,19.3
2000-10-01,55,11.1
2000-10-02,36,6.4
2000-10-03,51,9.1
2000-10-04,53,10.2
2000-10-05,39,7.0
2000-10-06,29,5.3
2000-10-07,54,10.5
2000-10-08,32,5.7
2000-10-09,29,5.2
2000-10-10,48,8.7
2000-10-11,66,17.0
2000-10-12,65,16.6
2000-10-13,73,21.0
2000-10-14,72,20.2
2000-10-15,75,21.9
2000-10-16,63,15.5
2000-10-17,62,15.2
2000-10-18,67,17.5
2000-10-19,83,26.3
2000-10-20,107,37.9
2000-10-21,83,26.4
2000-10-22,59,13.4
2000-10-23,83,26.2
2000-10-24,87,28.3
2000-10-25,60,14.0
2000-10-26,59,13.3
2000-10-27,58,12.6
2000-10-28,75,21.9
2000-10-29,110,39.1
2000-10-30,84,26.9
2000-10-31,116,41.5
2000-11-01,87,28.6
2000-11-02,61,14.7
2000-11-03,74,21.2
2000-11-04,53,10.2
2000-11-05,54,10.7
2000-11-06,64,16.1
2000-11-07,42,7.5
2000-11-08,47,8.4
2000-11-09,38,6.8
2000-11-10,39,7.1
2000-11-11,56,11.7
2000-11-12,61,14.2
2000-11-13,57,12.3
2000-11-14,29,5.2
2000-11-15,39,7.0
2000-11-16,42,7.6
2000-11-17,38,6.9
2000-11-18,17,3.1
2000-11-19,18,3.3
2000-11-20,19,3.4
2000-11-21,31,5.6
2000-11-22,60,14.1
2000-11-23,37,6.6
2000-11-24,36,6.4
2000-11-25,50,9.0
2000-11-26,57,12.4
2000-11-27,55,11.4
2000-11-28,81,25.0
2000-11-29,68,18.0
2000-11-30,49,8.9
2000-12-01,59,13.4
2000-12-02,57,12.5
2000-12-03,52,9.9
2000-12-04,59,13.2
2000-12-05,65,16.5
2000-12-06,70,19.2
2000-12-07,81,25.1
2000-12-08,83,26.1
2000-12-09,80,24.6
2000-12-10,96,33.3
2000-12-11,70,19.2
2000-12-12,38,6.9
2000-12-21,34,6.2
2000-12-22,22,4.0
2000-12-23,46,8.2
2000-12-24,49,8.9
2000-12-25,48,8.6
2000-12-26,48,8.6
2000-12-27,52,9.7
2000-12-28,38,6.8
2000-12-29,53,10.4
2000-12-30,40,7.2
2000-12-31,81,25.1
2001-01-01,59,13.6
2001-01-02,52,9.9
2001-01-03,68,18.3
2001-01-04,82,26.0
2001-01-05,75,22.0
2001-01-06,62,15.2
2001-01-07,58,12.8
2001-01-08,39,7.1
2001-01-09,39,7.0
2001-01-10,53,10.3
2001-01-11,52,9.8
2001-01-12,53,10.1
2001-01-13,61,14.3
2001-01-14,56,11.7
2001-01-15,44,8.0
2001-01-16,27,4.9
2001-01-17,55,11.0
2001-01-18,56,11.7
2001-01-19,30,5.4
2001-01-20,48,8.7
2001-01-21,58,13.1
2001-01-22,52,9.9
2001-01-23,57,12.4
2001-01-24,62,15.0
2001-01-25,62,15.1
2001-01-26,63,15.3
2001-01-27,74,21.5
2001-01-28,59,13.4
2001-01-29,40,7.2
2001-01-30,28,5.1
2001-01-31,35,6.3
2001-02-01,42,7.6
2001-02-02,48,8.7
2001-02-03,54,10.5
2001-02-04,70,19.3
2001-02-05,55,11.3
2001-02-06,60,13.8
2001-02-07,64,16.0
2001-02-08,60,13.7
2001-02-11,54,10.7
2001-02-12,66,17.1
2001-02-13,51,9.3
2001-02-14,37,6.6
2001-02-15,41,7.4
2001-02-17,37,6.6
2001-02-18,46,8.3
2001-02-19,69,18.5
2001-02-20,69,18.7
2001-02-23,76,22.5
2001-02-24,57,12.1
2001-03-01,75,21.9
2001-03-02,51,9.2
2001-03-06,38,6.8
2001-03-07,41,7.3
2001-03-08,62,15.1
2001-03-09,57,12.3
2001-03-10,61,14.4
2001-03-17,50,9.0
2001-03-18,68,18.2
2001-03-19,65,16.8
2001-03-20,60,14.0
2001-03-21,91,30.7
2001-03-23,73,20.8
2001-03-27,62,15.0
2001-03-28,64,16.0
2001-04-04,66,17.0
2001-04-05,60,14.0
2001-04-06,60,13.8
2001-04-10,53,10.0
2001-04-11,56,11.7
2001-04-12,54,10.9
2001-04-13,53,10.3
2001-04-14,52,9.5
2001-04-15,46,8.2
2001-04-16,52,9.9
2001-04-17,41,7.3
2001-04-18,57,12.5
2001-04-19,65,16.4
2001-04-20,59,13.2
2001-04-21,55,11.0
2001-04-22,54,10.9
2001-04-23,52,9.8
2001-04-24,37,6.6
2001-04-25,48,8.7
2001-04-26,55,11.1
2001-04-27,65,16.4
2001-04-28,67,17.7
2001-04-29,64,16.3
2001-04-30,60,13.7
2001-05-01,59,13.5
2001-05-02,54,10.5
2001-05-03,52,9.4
2001-05-04,48,8.7
2001-05-05,51,9.2
2001-05-06,56,12.0
2001-05-07,65,16.4
2001-05-08,59,13.4
2001-05-09,51,9.3
2001-05-10,48,8.6
2001-05-11,51,9.2
2001-05-12,55,11.2
2001-05-13,57,12.5
2001-05-14,64,15.9
2001-05-15,77,22.9
2001-05-16,62,15.2
2001-05-17,62,15.0
2001-05-18,61,14.7
2001-05-25,51,9.2
2001-05-26,63,15.7
2001-05-27,57,12.5
2001-05-28,42,7.6
2001-05-29,41,7.4
2001-05-30,44,7.9
2001-05-31,46,8.2
2001-06-01,52,9.8
2001-06-02,52,9.5
2001-06-03,46,8.2
2001-06-04,39,7.1
2001-06-09,36,6.5
2001-06-10,37,6.6
2001-06-15,61,14.7
2001-06-16,54,10.5
2001-06-17,59,13.5
2001-06-18,70,19.2
2001-06-21,55,11.3
2001-06-22,43,7.8
2001-06-23,57,12.5
2001-06-24,73,20.7
2001-06-25,79,24.0
2001-06-26,64,15.9
2001-06-27,50,9.0
2001-06-28,53,10.3
2001-06-29,58,12.8
2001-06-30,58,12.7
2001-07-01,59,13.4
2001-07-02,57,12.1
2001-07-03,29,5.2
2001-07-04,54,10.9
2001-07-05,51,9.3
2001-07-06,57,12.3
2001-07-07,61,14.6
2001-07-08,54,10.7
2001-07-09,55,11.0
2001-07-10,56,12.0
2001-07-11,52,9.9
2001-07-12,52,9.8
2001-07-13,53,10.3
2001-07-14,71,19.7
2001-07-15,79,24.0
2001-07-16,73,20.8
2001-07-17,78,23.7
2001-07-18,68,18.1
2001-07-19,71,19.9
2001-07-20,49,8.8
2001-07-21,48,8.6
2001-07-22,63,15.6
2001-07-23,66,16.9
2001-07-24,65,16.8
2001-07-25,38,6.8
2001-07-27,48,8.6
2001-07-28,48,8.7
2001-07-29,38,6.8
2001-07-30,41,7.4
2001-07-31,51,9.2
2001-08-02,57,12.4
2001-08-03,54,10.8
2001-08-04,74,21.7
2001-08-05,71,19.9
2001-08-06,56,11.9
2001-08-07,33,6.0
2001-08-08,1,0.1
2001-08-11,51,9.2
2001-08-15,64,16.1
2001-08-18,57,12.4
2001-08-19,48,8.6
2001-08-20,55,11.5
2001-08-22,81,25.3
2001-08-23,79,23.9
2001-08-24,77,23.2
2001-08-25,58,13.0
2001-08-26,52,9.6
2001-08-27,34,6.1
2001-08-28,36,6.4
2001-08-29,50,9.0
2001-08-30,61,14.5
2001-08-31,53,10.0
2001-09-01,52,9.7
2001-09-02,40,7.2
2001-09-03,34,6.2
2001-09-04,36,6.4
2001-09-05,43,7.8
2001-09-06,52,9.8
2001-09-07,42,7.6
2001-09-08,29,5.3
2001-09-09,23,4.2
2001-09-10,33,5.9
2001-09-11,67,17.7
2001-09-12,51,9.3
2001-09-13,57,12.1
2001-09-14,77,23.1
2001-09-15,98,34.5
2001-09-16,85,27.1
2001-09-17,73,20.9
2001-09-18,66,17.1
2001-09-19,35,6.3
2001-09-20,55,11.2
2001-09-21,64,15.9
2001-09-22,75,21.9
2001-09-23,76,22.3
2001-09-24,75,22.0
2001-09-25,41,7.3
2001-09-26,51,9.3
2001-09-27,64,16.3
2001-09-28,60,13.9
2001-09-29,65,16.4
2001-09-30,66,17.4
2001-10-01,63,15.8
2001-10-02,75,21.9
2001-10-03,72,20.4
2001-10-04,62,15.1
2001-10-05,52,9.8
2001-10-06,23,4.2
2001-10-07,33,6.0
2001-10-08,54,10.9
2001-10-09,55,11.0
2001-10-10,46,8.3
2001-10-11,31,5.5
2001-10-12,17,3.0
2001-10-13,21,3.7
2001-10-14,4,0.8
2001-10-15,49,8.9
2001-10-16,26,4.7
2001-10-17,29,5.2
2001-10-18,52,9.5
2001-10-19,60,13.8
2001-10-20,62,15.0
2001-10-21,59,13.6
2001-10-22,52,9.6
2001-10-23,44,8.0
2001-10-24,28,5.0
2001-10-25,17,3.0
2001-10-26,19,3.5
2001-10-27,23,4.2
2001-10-28,50,9.0
2001-10-29,55,11.2
2001-10-30,47,8.4
2001-10-31,54,10.9
2001-11-01,35,6.3
2001-11-02,52,9.7
2001-11-03,58,12.7
2001-11-04,60,13.7
2001-11-05,53,10.1
2001-11-06,63,15.7
2001-11-07,69,19.0
2001-11-08,70,19.2
2001-11-09,78,23.6
2001-11-10,84,26.7
2001-11-11,81,25.2
2001-11-12,86,27.8
2001-11-13,68,18.0
2001-11-14,55,11.4
2001-11-15,49,8.9
2001-11-16,68,18.0
2001-11-17,109,38.8
2001-11-18,95,32.8
2001-11-19,61,14.7
2001-11-20,55,11.3
2001-11-21,50,9.0
2001-11-22,55,11.4
2001-11-23,29,5.2
2001-11-24,42,7.5
2001-11-25,34,6.2
2001-11-26,46,8.3
2001-11-27,31,5.5
2001-11-28,32,5.7
2001-11-30,52,9.7
2001-12-01,56,11.8
2001-12-02,61,14.5
2001-12-03,58,13.1
2001-12-04,74,21.4
2001-12-05,63,15.4
2001-12-06,54,10.9
2001-12-07,52,9.4
2001-12-08,42,7.6
2001-12-09,57,12.2
2001-12-10,61,14.6
2001-12-11,59,13.2
2001-12-12,51,9.1
2001-12-13,36,6.5
2001-12-20,28,5.1
2001-12-22,38,6.8
2001-12-23,26,4.6
2001-12-24,25,4.5
2001-12-25,23,4.2
2001-12-26,30,5.4
2001-12-27,35,6.3
2001-12-28,37,6.7
2001-12-29,43,7.7
2001-12-30,27,4.8
2001-12-31,45,8.1
2002-01-01,55,11.1
2002-01-02,51,9.3
2002-01-03,33,6.0
2002-01-04,57,12.5
2002-01-05,41,7.4
2002-01-06,47,8.4
2002-01-07,24,4.4
2002-01-08,57,12.3
2002-01-09,41,7.4
2002-01-10,40,7.2
2002-01-11,49,8.8
2002-01-12,41,7.4
2002-01-13,55,11.5
2002-01-14,46,8.3
2002-01-15,34,6.1
2002-01-16,59,13.3
2002-01-17,55,11.5
2002-01-18,59,13.5
2002-01-19,34,6.2
2002-01-20,52,9.4
2002-01-21,57,12.4
2002-01-22,53,10.1
2002-01-23,40,7.2
2002-01-24,33,5.9
2002-01-25,37,6.7
2002-01-26,47,8.4
2002-01-27,53,10.4
2002-01-28,39,7.0
2002-01-29,48,8.6
2002-01-30,36,6.5
2002-01-31,38,6.8
2002-02-01,26,4.7
2002-02-02,38,6.9
2002-02-03,52,9.9
2002-02-04,42,7.5
2002-02-05,36,6.4
2002-02-06,49,8.9
2002-02-07,36,6.5
2002-02-08,55,11.5
2002-02-09,60,13.8
2002-02-10,45,8.1
2002-02-11,44,7.9
2002-02-12,57,12.5
2002-02-13,66,17.1
2002-02-14,50,9.0
2002-02-15,67,17.7
2002-02-16,58,12.7
2002-02-17,56,12.0
2002-02-18,57,12.2
2002-02-19,43,7.8
2002-02-20,37,6.7
2002-02-21,42,7.5
2002-02-22,51,9.1
2002-02-23,52,9.9
2002-02-24,70,19.2
2002-02-25,56,11.8
2002-02-26,48,8.7
2002-02-27,31,5.5
2002-02-28,52,9.4
2002-03-01,51,9.2
2002-03-02,50,9.0
2002-03-03,32,5.8
2002-03-04,34,6.1
2002-03-05,48,8.6
2002-03-06,52,9.5
2002-03-07,55,11.5
2002-03-08,48,8.6
2002-03-09,32,5.7
2002-03-10,26,4.7
2002-03-11,43,7.8
2002-03-12,39,7.0
2002-03-13,38,6.8
2002-03-14,54,10.8
2002-03-15,53,10.0
2002-03-16,55,11.5
2002-03-17,57,12.5
2002-03-18,53,10.4
2002-03-19,47,8.5
2002-03-20,46,8.3
2002-03-21,28,5.0
2002-03-22,41,7.3
2002-03-23,54,10.5
2002-03-24,58,13.0
2002-03-25,57,12.1
2002-03-26,39,7.0
2002-03-27,36,6.5
2002-03-28,61,14.3
2002-03-29,52,9.9
2002-03-30,47,8.4
2002-04-01,50,9.0
2002-04-02,57,12.2
2002-04-03,61,14.6
2002-04-04,51,9.1
2002-04-05,55,11.2
2002-04-06,58,12.7
2002-04-07,62,15.0
2002-04-08,44,8.0
2002-04-09,32,5.8
2002-04-10,53,10.2
2002-04-11,37,6.7
2002-04-12,38,6.9
2002-04-13,42,7.5
2002-04-14,41,7.3
2002-04-15,49,8.9
2002-04-16,37,6.7
2002-04-17,51,9.1
2002-04-18,59,13.4
2002-04-19,58,12.7
2002-04-20,46,8.2
2002-04-21,43,7.7
2002-04-22,53,10.4
2002-04-23,57,12.2
2002-04-24,56,11.7
2002-04-25,59,13.5
2002-04-26,55,11.4
2002-04-27,60,14.0
2002-04-28,61,14.5
2002-04-29,67,17.8
2002-04-30,61,14.3
2002-05-01,61,14.5
2002-05-02,52,9.9
2002-05-03,51,9.3
2002-05-04,52,9.7
2002-05-05,59,13.4
2002-05-06,52,9.9
2002-05-07,54,10.7
2002-05-08,45,8.1
2002-05-09,52,9.4
2002-05-10,53,10.4
2002-05-11,57,12.4
2002-05-12,42,7.6
2002-05-13,40,7.2
2002-05-14,42,7.5
2002-05-15,55,11.5
2002-05-16,58,12.8
2002-05-17,38,6.8
2002-05-18,29,5.3
2002-05-19,51,9.1
2002-05-20,46,8.2
2002-05-21,60,13.8
2002-05-22,63,15.4
2002-05-23,65,16.7
2002-05-24,53,10.1
2002-05-25,37,6.7
2002-05-26,50,9.0
2002-05-27,56,11.9
2002-05-28,63,15.3
2002-05-29,51,9.1
2002-05-30,55,11.2
2002-05-31,54,10.6
2002-06-01,54,10.9
2002-06-02,62,15.2
2002-06-03,59,13.5
2002-06-04,58,12.6
2002-06-05,52,9.5
2002-06-06,31,5.6
2002-06-07,52,9.9
2002-06-08,53,10.2
2002-06-09,42,7.6
2002-06-10,55,11.0
2002-06-11,54,10.7
2002-06-12,52,9.6
2002-06-13,55,11.4
2002-06-14,56,11.7
2002-06-15,43,7.7
2002-06-16,57,12.4
2002-06-17,60,14.0
2002-06-18,30,5.4
2002-06-19,31,5.5
2002-06-20,29,5.3
2002-06-21,51,9.2
2002-06-22,48,8.6
2002-06-23,49,8.8
2002-06-24,39,7.0
2002-06-25,34,6.2
2002-06-26,32,5.7
2002-06-27,45,8.1
2002-06-28,62,15.0
2002-06-29,72,20.4
2002-06-30,52,9.9
2002-07-01,56,12.0
2002-07-02,53,10.4
2002-07-03,55,11.1
2002-07-04,57,12.1
2002-07-05,61,14.3
2002-07-06,67,17.5
2002-07-07,63,15.8
2002-07-08,49,8.8
2002-07-09,42,7.5
2002-07-10,49,8.9
2002-07-11,42,7.6
2002-07-12,70,19.2
2002-07-13,69,18.7
2002-07-14,42,7.5
2002-07-15,52,9.6
2002-07-16,54,10.5
2002-07-17,61,14.6
2002-07-18,62,15.0
2002-07-19,70,19.4
2002-07-20,70,19.5
2002-07-21,60,14.0
2002-07-22,54,10.7
2002-07-23,57,12.4
2002-07-24,66,17.3
2002-07-25,57,12.5
2002-07-26,46,8.2
2002-07-27,43,7.7
2002-07-28,40,7.2
2002-07-29,40,7.2
2002-07-30,31,5.5
2002-07-31,50,9.0
2002-08-01,52,9.7
2002-08-02,57,12.1
2002-08-03,70,19.3
2002-08-04,49,8.9
2002-08-05,42,7.5
2002-08-06,58,12.8
2002-08-07,61,14.2
2002-08-08,82,25.9
2002-08-09,59,13.5
2002-08-10,58,12.8
2002-08-11,33,5.9
2002-08-12,37,6.6
2002-08-13,30,5.4
2002-08-14,47,8.5
2002-08-15,34,6.2
2002-08-16,33,5.9
2002-08-17,45,8.1
2002-08-18,47,8.5
2002-08-19,48,8.7
2002-08-20,55,11.5
2002-08-21,51,9.3
2002-08-22,33,6.0
2002-08-23,39,7.0
2002-08-24,49,8.8
2002-08-25,46,8.3
2002-08-26,53,10.1
2002-08-27,61,14.4
2002-08-28,85,27.1
2002-08-29,96,33.2
2002-08-30,69,18.9
2002-08-31,53,10.2
2002-09-01,39,7.1
2002-09-02,27,4.8
2002-09-03,23,4.1
2002-09-04,42,7.6
2002-09-06,57,12.1
2002-09-07,19,3.4
2002-09-08,51,9.3
2002-09-09,48,8.7
2002-09-10,52,9.8
2002-09-11,70,19.5
2002-09-12,111,39.7
2002-09-14,39,7.0
2002-09-15,111,39.7
2002-09-16,69,18.5
2002-09-17,81,25.4
2002-09-18,60,13.8
2002-09-19,55,11.2
2002-09-20,47,8.5
2002-09-21,43,7.8
2002-09-22,43,7.7
2002-09-23,57,12.1
2002-09-24,58,12.8
2002-09-25,9,1.7
2002-09-26,21,3.7
2002-09-27,39,7.0
2002-09-28,52,9.8
2002-09-29,60,14.0
2002-09-30,55,11.5
2002-10-01,56,11.9
2002-10-02,46,8.2
2002-10-03,26,4.6
2002-10-04,36,6.4
2002-10-05,53,10.2
2002-10-06,52,9.4
2002-10-07,43,7.8
2002-10-08,65,16.6
2002-10-09,61,14.7
2002-10-10,36,6.5
2002-10-11,58,12.6
2002-10-12,65,16.4
2002-10-13,50,9.0
2002-10-14,58,13.1
2002-10-15,58,13.1
2002-10-16,56,11.6
2002-10-17,51,9.3
2002-10-18,59,13.2
2002-10-19,55,11.5
2002-10-20,60,14.1
2002-10-21,62,15.2
2002-10-22,69,18.5
2002-10-23,56,11.7
2002-10-24,62,15.2
2002-10-25,43,7.8
2002-10-26,29,5.3
2002-10-27,28,5.1
2002-10-28,44,8.0
2002-10-29,27,4.8
2002-10-30,43,7.7
2002-10-31,42,7.5
2002-11-01,54,10.7
2002-11-02,60,13.9
2002-11-03,53,10.4
2002-11-04,48,8.6
2002-11-05,41,7.4
2002-11-06,42,7.6
2002-11-07,55,11.3
2002-11-08,58,13.1
2002-11-09,41,7.3
2002-11-10,36,6.5
2002-11-11,37,6.6
2002-11-12,31,5.5
2002-11-13,33,5.9
2002-11-14,52,9.8
2002-11-15,41,7.4
2002-11-16,52,9.6
2002-11-17,49,8.8
2002-11-18,40,7.2
2002-11-19,45,8.1
2002-11-20,38,6.9
2002-11-21,39,7.0
2002-11-22,34,6.1
2002-11-23,48,8.7
2002-11-24,55,11.2
2002-11-25,47,8.4
2002-11-26,59,13.3
2002-11-27,49,8.8
2002-11-28,51,9.3
2002-11-29,60,13.7
2002-11-30,58,12.6
2002-12-01,52,9.7
2002-12-02,54,10.6
2002-12-03,33,5.9
2002-12-04,20,3.6
2002-12-06,43,7.7
2002-12-07,57,12.1
2002-12-08,64,16.2
2002-12-09,60,13.7
2002-12-10,52,9.9
2002-12-11,63,15.7
2002-12-12,58,12.8
2002-12-13,28,5.0
2002-12-14,54,10.8
2002-12-15,72,20.3
2002-12-16,60,13.7
2002-12-18,37,6.6
2002-12-19,39,7.0
2002-12-20,31,5.5
2002-12-21,43,7.8
2002-12-22,51,9.2
2002-12-23,39,7.0
2002-12-24,36,6.4
2002-12-25,28,5.0
2002-12-26,27,4.8
2002-12-27,57,12.4
2002-12-28,72,20.6
2002-12-29,51,9.2
2002-12-30,36,6.5
2002-12-31,29,5.2
2003-01-01,66,17.0
2003-01-02,42,7.6
2003-01-03,29,5.3
2003-01-04,52,9.4
2003-01-05,53,10.1
2003-01-06,32,5.8
2003-01-10,32,5.8
2003-01-11,32,5.7
2003-01-13,26,4.7
2003-01-14,50,9.0
2003-01-15,68,18.2
2003-01-16,61,14.6
2003-01-17,34,6.1
2003-01-18,42,7.6
2003-01-19,60,13.8
2003-01-20,39,7.0
2003-01-22,62,15.0
2003-01-23,28,5.1
2003-01-24,41,7.3
2003-01-25,64,16.3
2003-01-26,72,20.3
2003-01-27,67,17.8
2003-01-28,58,12.8
2003-01-29,52,9.7
2003-01-30,76,22.6
2003-01-31,60,13.7
2003-02-01,56,11.8
2003-02-02,53,10.1
2003-02-03,53,10.2
2003-02-04,32,5.8
2003-02-05,31,5.5
2003-02-06,52,9.9
2003-02-07,46,8.3
2003-02-08,52,9.8
2003-02-09,46,8.2
2003-02-10,42,7.5
2003-02-11,54,10.8
2003-02-12,56,12.0
2003-02-13,65,16.8
2003-02-14,61,14.4
2003-02-15,51,9.1
2003-02-16,30,5.4
2003-02-17,23,4.1
2003-02-18,52,9.5
2003-02-19,56,11.9
2003-02-21,37,6.7
2003-02-22,19,3.5
2003-02-23,38,6.9
2003-02-24,54,10.7
2003-02-25,52,9.4
2003-02-26,62,14.8
2003-02-27,29,5.3
2003-02-28,51,9.3
2003-03-01,59,13.4
2003-03-02,48,8.7
2003-03-03,54,10.9
2003-03-04,58,12.9
2003-03-05,42,7.6
2003-03-06,26,4.6
2003-03-07,31,5.6
2003-03-08,28,5.0
2003-03-09,38,6.9
2003-03-10,71,19.7
2003-03-11,69,18.7
2003-03-12,60,13.7
2003-03-13,50,9.0
2003-03-14,34,6.1
2003-03-15,63,15.7
2003-03-16,60,14.0
2003-03-17,54,10.5
2003-03-18,51,9.3
2003-03-19,33,5.9
2003-03-20,37,6.6
2003-03-21,43,7.7
2003-03-22,53,10.2
2003-03-23,61,14.4
2003-03-24,62,15.2
2003-03-25,63,15.5
2003-03-26,55,11.2
2003-03-27,63,15.6
2003-03-28,55,11.1
2003-03-29,32,5.7
2003-03-30,26,4.6
2003-03-31,48,8.7
2003-04-01,38,6.9
2003-04-02,53,10.1
2003-04-03,51,9.1
2003-04-04,49,8.8
2003-04-05,40,7.2
2003-04-06,53,10.2
2003-04-07,52,9.5
2003-04-08,33,5.9
2003-04-09,51,9.2
2003-04-10,42,7.5
2003-04-11,52,9.4
2003-04-12,64,16.0
2003-04-13,71,19.9
2003-04-14,70,19.5
2003-04-15,72,20.6
2003-04-16,67,17.9
2003-04-17,58,13.0
2003-04-18,61,14.3
2003-04-19,64,16.1
2003-04-20,57,12.5
2003-04-21,61,14.6
2003-04-22,43,7.8
2003-04-23,54,10.9
2003-04-24,60,13.9
2003-04-25,67,17.6
2003-04-26,50,9.0
2003-04-27,58,12.9
2003-04-28,66,16.9
2003-04-29,67,17.9
2003-04-30,67,17.5
2003-05-01,61,14.6
2003-05-02,55,11.0
2003-05-03,58,13.0
2003-05-04,55,11.0
2003-05-05,56,12.0
2003-05-06,61,14.3
2003-05-07,58,12.6
2003-05-08,50,9.0
2003-05-09,50,9.0
2003-05-10,52,9.7
2003-05-11,62,15.0
2003-05-12,47,8.4
2003-05-13,55,11.0
2003-05-14,55,11.0
2003-05-15,53,10.3
2003-05-16,54,10.7
2003-05-17,56,11.7
2003-05-18,66,17.2
2003-05-19,71,19.6
2003-05-20,60,13.8
2003-05-21,52,9.7
2003-05-22,55,11.1
2003-05-23,65,16.5
2003-05-24,80,24.9
2003-05-25,74,21.5
2003-05-26,60,13.8
2003-05-27,66,17.0
2003-05-28,77,23.2
2003-05-29,76,22.4
2003-05-30,75,21.9
2003-05-31,67,17.9
2003-06-01,75,21.8
2003-06-02,49,8.9
2003-06-03,26,4.7
2003-06-04,58,12.8
2003-06-05,61,14.7
2003-06-06,28,5.1
2003-06-07,43,7.7
2003-06-08,70,19.2
2003-06-09,79,24.3
2003-06-10,43,7.7
2003-06-11,33,6.0
2003-06-12,38,6.9
2003-06-13,45,8.1
2003-06-14,50,9.0
2003-06-15,46,8.3
2003-06-16,43,7.7
2003-06-17,33,6.0
2003-06-18,42,7.5
2003-06-19,34,6.2
2003-06-20,22,3.9
2003-06-21,17,3.0
2003-06-22,32,5.7
2003-06-23,50,9.0
2003-06-24,46,8.2
2003-06-25,52,9.5
2003-06-26,41,7.4
2003-06-27,37,6.7
2003-06-28,25,4.5
2003-06-29,39,7.0
2003-06-30,25,4.5
2003-07-01,52,9.6
2003-07-02,48,8.6
2003-07-03,26,4.7
2003-07-04,53,10.2
2003-07-05,52,9.7
2003-07-06,43,7.7
2003-07-07,38,6.8
2003-07-08,34,6.1
2003-07-09,42,7.6
2003-07-10,36,6.4
2003-07-11,39,7.0
2003-07-12,54,10.8
2003-07-13,40,7.2
2003-07-14,28,5.1
2003-07-15,54,10.7
2003-07-16,60,13.7
2003-07-17,54,10.7
2003-07-18,56,11.8
2003-07-19,62,15.0
2003-07-20,53,10.2
2003-07-21,56,11.7
2003-07-22,45,8.1
2003-07-23,41,7.3
2003-07-24,55,11.3
2003-07-25,61,14.5
2003-07-26,57,12.4
2003-07-27,58,13.0
2003-07-28,57,12.4
2003-07-29,54,10.7
2003-07-30,47,8.4
2003-07-31,28,5.1
2003-08-01,34,6.1
2003-08-02,35,6.3
2003-08-03,52,9.5
2003-08-04,43,7.7
2003-08-05,46,8.2
2003-08-06,39,7.0
2003-08-07,54,10.8
2003-08-08,75,22.0
2003-08-09,72,20.2
2003-08-10,75,22.2
2003-08-11,72,20.6
2003-08-12,58,13.1
2003-08-13,32,5.8
2003-08-14,52,9.5
2003-08-15,53,10.2
2003-08-16,51,9.2
2003-08-17,57,12.2
2003-08-18,57,12.2
2003-08-19,60,13.9
2003-08-20,54,10.6
2003-08-21,52,9.6
2003-08-22,52,9.4
2003-08-23,37,6.7
2003-08-24,46,8.3
2003-08-25,36,6.5
2003-08-26,51,9.1
2003-08-27,43,7.7
2003-08-28,31,5.6
2003-08-29,33,6.0
2003-08-30,37,6.7
2003-08-31,28,5.0
2003-09-01,32,5.7
2003-09-02,44,8.0
2003-09-03,44,8.0
2003-09-04,50,9.0
2003-09-05,68,18.2
2003-09-06,68,18.1
2003-09-07,68,18.2
2003-09-08,65,16.6
2003-09-09,56,11.6
2003-09-10,62,14.9
2003-09-11,74,21.4
2003-09-12,64,16.1
2003-09-13,35,6.3
2003-09-14,45,8.1
2003-09-15,46,8.2
2003-09-16,57,12.4
2003-09-17,67,17.9
2003-09-18,77,23.3
2003-09-19,74,21.7
2003-09-20,85,27.3
2003-09-21,60,14.0
2003-09-22,26,4.7
2003-09-23,61,14.6
2003-09-24,60,14.0
2003-09-25,54,10.6
2003-09-26,31,5.5
2003-09-27,35,6.3
2003-09-28,33,6.0
2003-09-29,28,5.0
2003-09-30,49,8.9
2003-10-01,61,14.4
2003-10-02,52,9.7
2003-10-03,62,14.8
2003-10-04,73,21.1
2003-10-05,73,20.7
2003-10-06,74,21.4
2003-10-07,80,24.9
2003-10-08,95,32.7
2003-10-09,73,21.0
2003-10-10,37,6.6
2003-10-11,30,5.4
2003-10-12,60,13.9
2003-10-13,64,15.9
2003-10-14,28,5.0
2003-10-15,54,10.6
2003-10-16,59,13.6
2003-10-18,65,16.5
2003-10-19,71,19.9
2003-10-20,78,23.5
2003-10-21,71,19.7
2003-10-22,79,24.2
2003-10-23,84,26.6
2003-10-28,6,1.1
2003-10-29,58,12.6
2003-10-30,56,11.8
2003-10-31,54,10.5
2003-11-02,53,10.3
2003-11-03,57,12.2
2003-11-04,55,11.1
2003-11-05,64,16.0
2003-11-06,63,15.5
2003-11-07,70,19.5
2003-11-08,62,15.2
2003-11-09,68,18.0
2003-11-10,64,16.1
2003-11-11,53,10.2
2003-11-12,43,7.7
2003-11-13,28,5.0
2003-11-14,34,6.1
2003-11-15,53,10.1
2003-11-16,55,11.0
2003-11-17,37,6.7
2003-11-18,23,4.1
2003-11-19,17,3.1
2003-11-20,30,5.4
2003-11-21,52,9.8
2003-11-22,44,7.9
2003-11-23,39,7.0
2003-11-25,41,7.3
2003-11-26,45,8.1
2003-11-27,23,4.2
2003-11-28,22,3.9
2003-11-29,34,6.2
2003-11-30,56,11.6
2003-12-01,58,12.9
2003-12-02,36,6.5
2003-12-03,57,12.5
2003-12-04,71,20.0
2003-12-05,54,10.5
2003-12-06,53,10.4
2003-12-09,53,10.4
2003-12-10,23,4.2
2003-12-11,37,6.7
2003-12-12,48,8.6
2003-12-13,52,9.7
2003-12-14,60,14.1
2003-12-15,56,11.6
2003-12-16,41,7.3
2003-12-17,49,8.8
2003-12-18,48,8.6
2003-12-19,53,10.2
2003-12-20,25,4.5
2003-12-21,43,7.7
2003-12-24,38,6.8
2003-12-25,21,3.8
2003-12-26,52,9.6
2003-12-27,3,0.5
2003-12-28,67,17.5
2003-12-29,51,9.2
2003-12-30,27,4.9
2003-12-31,68,18.4
2004-01-01,57,12.2
2004-01-02,42,7.6
2004-01-03,27,4.8
2004-01-04,33,6.0
2004-01-05,21,3.7
2004-01-06,32,5.8
2004-01-07,32,5.7
2004-01-08,51,9.2
2004-01-10,56,11.7
2004-01-11,70,19.2
2004-01-12,70,19.1
2004-01-13,68,18.0
2004-01-14,69,18.5
2004-01-15,64,16.0
2004-01-16,58,12.8
2004-01-17,37,6.6
2004-01-18,37,6.7
2004-01-19,35,6.3
2004-01-20,53,10.3
2004-01-21,55,11.5
2004-01-22,54,10.6
2004-01-23,72,20.2
2004-01-24,66,17.0
2004-01-25,29,5.2
2004-01-26,41,7.4
2004-01-27,32,5.7
2004-01-28,53,10.3
2004-01-29,69,18.9
2004-01-30,40,7.2
2004-01-31,53,10.2
2004-02-01,53,10.3
2004-02-02,43,7.7
2004-02-03,35,6.3
2004-02-04,57,12.5
2004-02-05,55,11.5
2004-02-06,28,5.0
2004-02-07,45,8.1
2004-02-08,46,8.2
2004-02-09,58,12.8
2004-02-10,61,14.5
2004-02-11,47,8.4
2004-02-12,20,3.6
2004-02-13,51,9.1
2004-02-14,52,9.4
2004-02-15,43,7.7
2004-02-16,63,15.8
2004-02-17,63,15.5
2004-02-18,53,10.2
2004-02-19,58,12.8
2004-02-20,53,10.2
2004-02-25,49,8.9
2004-02-26,67,17.7
2004-02-27,53,10.2
2004-02-28,56,11.8
2004-02-29,39,7.0
2004-03-01,37,6.7
2004-03-02,43,7.7
2004-03-03,34,6.1
2004-03-04,43,7.8
2004-03-05,55,11.3
2004-03-06,42,7.5
2004-03-07,42,7.5
2004-03-08,23,4.1
2004-03-09,41,7.4
2004-03-10,49,8.8
2004-03-11,64,15.9
2004-03-12,66,17.0
2004-03-13,81,25.4
2004-03-14,71,20.1
2004-03-15,73,20.7
2004-03-16,58,12.9
2004-03-17,35,6.3
2004-03-18,58,12.8
2004-03-19,55,11.2
2004-03-20,55,11.2
2004-03-21,49,8.9
2004-03-22,42,7.6
2004-03-23,57,12.2
2004-03-24,58,12.9
2004-03-25,49,8.9
2004-03-26,31,5.5
2004-03-27,29,5.3
2004-03-28,31,5.5
2004-03-29,34,6.1
2004-03-30,27,4.8
2004-03-31,43,7.7
2004-04-01,43,7.7
2004-04-02,63,15.4
2004-04-03,61,14.5
2004-04-04,59,13.5
2004-04-05,44,8.0
2004-04-06,55,11.1
2004-04-07,41,7.4
2004-04-08,52,9.4
2004-04-09,65,16.6
2004-04-10,63,15.3
2004-04-11,40,7.2
2004-04-12,54,10.5
2004-04-13,40,7.2
2004-04-14,55,11.5
2004-04-15,59,13.4
2004-04-16,64,16.3
2004-04-17,62,15.0
2004-04-18,58,13.0
2004-04-19,52,9.5
2004-04-20,42,7.6
2004-04-21,42,7.5
2004-04-22,54,10.5
2004-04-23,54,10.7
2004-04-24,46,8.3
2004-04-25,31,5.5
2004-04-26,33,5.9
2004-04-27,39,7.1
2004-04-28,45,8.1
2004-04-29,55,11.5
2004-04-30,29,5.2
2004-05-01,31,5.5
2004-05-02,26,4.6
2004-05-03,35,6.3
2004-05-04,49,8.9
2004-05-05,59,13.2
2004-05-06,62,14.9
2004-05-07,64,16.0
2004-05-08,70,19.4
2004-05-09,70,19.1
2004-05-10,57,12.2
2004-05-11,46,8.3
2004-05-12,49,8.9
2004-05-13,46,8.3
2004-05-14,44,7.9
2004-05-15,27,4.8
2004-05-16,42,7.5
2004-05-17,36,6.5
2004-05-18,32,5.8
2004-05-19,44,7.9
2004-05-20,58,12.6
2004-05-21,52,9.5
2004-05-22,57,12.2
2004-05-23,39,7.0
2004-05-24,34,6.2
2004-05-25,39,7.0
2004-05-26,43,7.8
2004-05-27,42,7.6
2004-05-28,52,9.5
2004-05-29,48,8.7
2004-05-30,47,8.4
2004-05-31,44,7.9
2004-06-01,28,5.0
2004-06-02,29,5.2
2004-06-03,40,7.2
2004-06-04,57,12.2
2004-06-05,55,11.2
2004-06-06,36,6.4
2004-06-07,50,9.0
2004-06-08,43,7.8
2004-06-09,46,8.3
2004-06-10,44,7.9
2004-06-11,35,6.3
2004-06-12,46,8.3
2004-06-13,40,7.2
2004-06-14,15,2.7
2004-06-15,25,4.5
2004-06-16,56,11.8
2004-06-17,61,14.4
2004-06-18,65,16.7
2004-06-19,69,18.7
2004-06-20,51,9.1
2004-06-21,59,13.5
2004-06-22,39,7.1
2004-06-23,48,8.7
2004-06-24,40,7.2
2004-06-25,10,1.8
2004-06-26,21,3.8
2004-06-27,55,11.4
2004-06-28,48,8.7
2004-06-29,26,4.6
2004-06-30,51,9.2
2004-07-01,52,9.4
2004-07-02,39,7.1
2004-07-03,41,7.4
2004-07-04,53,10.2
2004-07-05,37,6.7
2004-07-06,41,7.3
2004-07-07,50,9.0
2004-07-08,38,6.8
2004-07-09,27,4.8
2004-07-10,49,8.9
2004-07-11,56,11.9
2004-07-12,58,12.6
2004-07-13,58,13.1
2004-07-14,66,17.2
2004-07-15,69,18.6
2004-07-16,61,14.2
2004-07-18,53,10.2
2004-07-19,77,22.9
2004-07-20,82,25.8
2004-07-21,64,16.0
2004-07-22,53,10.0
2004-07-23,53,10.4
2004-07-24,72,20.4
2004-07-25,86,27.9
2004-07-26,61,14.7
2004-07-27,56,11.9
2004-07-28,64,16.2
2004-07-29,71,19.6
2004-07-30,65,16.6
2004-07-31,43,7.7
2004-08-01,48,8.7
2004-08-02,48,8.7
2004-08-03,80,24.7
2004-08-04,93,31.6
2004-08-05,81,25.3
2004-08-07,66,17.2
2004-08-08,64,16.2
2004-08-09,52,9.7
2004-08-10,53,10.1
2004-08-11,55,11.5
2004-08-12,55,11.1
2004-08-13,46,8.2
2004-08-14,60,13.9
2004-08-15,63,15.7
2004-08-16,70,19.5
2004-08-17,76,22.6
2004-08-18,88,29.1
2004-08-19,63,15.3
2004-08-20,32,5.7
2004-08-21,46,8.2
2004-08-22,54,10.8
2004-08-23,54,10.9
2004-08-24,52,9.9
2004-08-25,39,7.1
2004-08-26,54,10.5
2004-08-27,56,11.9
2004-08-28,52,9.9
2004-08-29,62,15.0
2004-08-30,54,10.5
2004-08-31,60,14.0
2004-09-01,63,15.3
2004-09-02,71,19.7
2004-09-03,46,8.2
2004-09-04,53,10.1
2004-09-05,69,18.6
2004-09-06,57,12.5
2004-09-07,64,15.9
2004-09-08,60,13.9
2004-09-09,64,16.0
2004-09-10,68,18.0
2004-09-11,59,13.3
2004-09-12,28,5.1
2004-09-13,23,4.1
2004-09-14,49,8.9
2004-09-15,38,6.9
2004-09-16,52,9.4
2004-09-17,57,12.3
2004-09-18,66,16.9
2004-09-19,54,10.7
2004-09-20,56,11.9
2004-09-21,50,9.0
2004-09-22,38,6.9
2004-09-23,33,6.0
2004-09-24,59,13.4
2004-09-25,79,24.0
2004-09-26,86,28.0
2004-09-27,78,23.8
2004-09-28,81,25.4
2004-09-29,110,39.0
2004-09-30,113,40.3
2004-10-01,93,31.9
2004-10-02,60,13.8
2004-10-03,69,18.5
2004-10-04,80,24.4
2004-10-05,70,19.4
2004-10-06,75,21.9
2004-10-07,62,14.9
2004-10-08,56,11.7
2004-10-09,27,4.9
2004-10-10,23,4.2
2004-10-11,19,3.5
2004-10-12,53,10.4
2004-10-13,52,9.7
2004-10-14,55,11.0
2004-10-15,45,8.1
2004-10-16,55,11.2
2004-10-17,34,6.2
2004-10-18,31,5.5
2004-10-19,38,6.8
2004-10-20,57,12.5
2004-10-21,59,13.2
2004-10-22,70,19.2
2004-10-23,54,10.9
2004-10-24,52,9.5
2004-10-25,56,11.9
2004-10-26,56,11.9
2004-10-27,67,17.8
2004-10-28,71,20.1
2004-10-29,66,16.9
2004-10-30,69,18.9
2004-10-31,60,13.8
2004-11-02,22,3.9
2004-11-03,31,5.5
2004-11-04,19,3.4
2004-11-05,27,4.9
2004-11-06,49,8.9
2004-11-07,78,23.7
2004-11-08,56,11.6
2004-11-09,55,11.2
2004-11-10,55,11.0
2004-11-11,49,8.9
2004-11-12,37,6.7
2004-11-13,48,8.7
2004-11-14,59,13.2
2004-11-15,53,10.3
2004-11-16,52,9.5
2004-11-17,53,10.0
2004-11-18,36,6.4
2004-11-19,55,11.0
2004-11-20,55,11.5
2004-11-21,41,7.4
2004-11-22,42,7.5
2004-11-23,26,4.6
2004-11-24,19,3.5
2004-11-25,26,4.7
2004-11-26,43,7.8
2004-11-27,34,6.1
2004-11-28,29,5.2
2004-11-29,49,8.8
2004-11-30,26,4.6
2004-12-01,34,6.2
2004-12-02,48,8.6
2004-12-03,47,8.4
2004-12-04,52,9.7
2004-12-05,38,6.9
2004-12-06,54,10.7
2004-12-07,25,4.5
2004-12-08,39,7.0
2004-12-09,53,10.3
2004-12-10,27,4.8
2004-12-11,31,5.5
2004-12-12,53,10.1
2004-12-13,31,5.5
2004-12-14,18,3.3
2004-12-15,43,7.7
2004-12-16,48,8.6
2004-12-17,56,11.7
2004-12-18,61,14.2
2004-12-19,46,8.2
2004-12-20,27,4.8
2004-12-21,31,5.6
2004-12-22,19,3.5
2004-12-23,21,3.8
2004-12-24,42,7.6
2004-12-25,47,8.4
2004-12-26,47,8.5
2004-12-27,61,14.7
2004-12-28,67,17.8
2004-12-29,56,11.7
2004-12-30,49,8.8
2004-12-31,70,19.5
2005-01-01,82,25.5
2005-01-02,38,6.9
2005-01-03,32,5.8
2005-01-04,41,7.4
2005-01-05,29,5.2
2005-01-06,13,2.3
2005-01-07,31,5.5
2005-01-08,33,5.9
2005-01-09,47,8.5
2005-01-10,39,7.1
2005-01-11,44,7.9
2005-01-12,28,5.0
2005-01-13,23,4.2
2005-01-14,24,4.4
2005-01-15,47,8.4
2005-01-16,48,8.6
2005-01-17,42,7.5
2005-01-18,53,10.4
2005-01-19,60,14.0
2005-01-20,62,15.2
2005-01-21,55,11.3
2005-01-22,46,8.3
2005-01-23,37,6.6
2005-01-24,46,8.2
2005-01-25,58,13.0
2005-01-26,59,13.4
2005-01-27,68,18.3
2005-01-28,63,15.7
2005-01-29,54,10.6
2005-01-30,55,11.1
2005-01-31,55,11.0
2005-02-01,41,7.3
2005-02-02,33,5.9
2005-02-03,42,7.6
2005-02-04,60,14.0
2005-02-05,68,18.4
2005-02-06,58,13.1
2005-02-07,53,10.1
2005-02-08,52,9.4
2005-02-09,31,5.5
2005-02-10,20,3.6
2005-02-11,32,5.7
2005-02-12,76,22.3
2005-02-13,48,8.7
2005-02-14,51,9.2
2005-02-15,43,7.7
2005-02-16,54,10.9
2005-02-17,43,7.8
2005-02-18,52,9.5
2005-02-19,66,17.4
2005-02-20,57,12.5
2005-02-21,59,13.4
2005-02-23,52,9.8
2005-02-24,26,4.6
2005-02-25,55,11.3
2005-02-26,59,13.4
2005-02-27,60,14.0
2005-02-28,52,9.6
2005-03-01,36,6.4
2005-03-02,26,4.7
2005-03-03,46,8.2
2005-03-04,57,12.2
2005-03-05,61,14.2
2005-03-06,55,11.1
2005-03-07,45,8.1
2005-03-08,19,3.5
2005-03-09,27,4.9
2005-03-10,30,5.4
2005-03-11,34,6.1
2005-03-12,47,8.4
2005-03-13,35,6.3
2005-03-14,60,13.7
2005-03-15,58,13.0
2005-03-16,56,11.7
2005-03-17,53,10.4
2005-03-18,59,13.2
2005-03-19,59,13.3
2005-03-20,42,7.6
2005-03-21,34,6.1
2005-03-22,54,10.7
2005-03-23,51,9.1
2005-03-24,52,9.5
2005-03-25,60,13.8
2005-03-26,58,12.6
2005-03-27,55,11.5
2005-03-28,52,9.7
2005-03-29,53,10.3
2005-03-30,49,8.8
2005-03-31,43,7.8
2005-04-01,51,9.2
2005-04-02,24,4.3
2005-04-03,40,7.2
2005-04-04,46,8.2
2005-04-05,46,8.2
2005-04-06,52,9.4
2005-04-07,48,8.6
2005-04-08,57,12.4
2005-04-09,63,15.5
2005-04-10,57,12.2
2005-04-11,56,11.8
2005-04-12,24,4.4
2005-04-13,43,7.8
2005-04-14,60,14.1
2005-04-15,61,14.4
2005-04-16,63,15.5
2005-04-17,59,13.3
2005-04-18,58,12.6
2005-04-19,41,7.4
2005-04-20,38,6.9
2005-04-21,44,8.0
2005-04-22,46,8.2
2005-04-23,41,7.4
2005-04-24,29,5.3
2005-04-25,39,7.1
2005-04-26,52,9.9
2005-04-27,48,8.6
2005-04-28,43,7.7
2005-04-29,54,10.7
2005-04-30,52,9.9
2005-05-01,52,9.7
2005-05-02,48,8.7
2005-05-03,38,6.9
2005-05-04,49,8.8
2005-05-05,55,11.1
2005-05-06,61,14.2
2005-05-07,66,17.0
2005-05-08,54,10.9
2005-05-09,52,9.6
2005-05-10,55,11.3
2005-05-11,56,11.8
2005-05-12,58,13.0
2005-05-13,51,9.1
2005-05-14,66,17.4
2005-05-15,56,11.8
2005-05-16,56,11.7
2005-05-17,58,12.9
2005-05-18,53,10.2
2005-05-19,55,11.3
2005-05-20,59,13.2
2005-05-21,63,15.6
2005-05-22,71,19.8
2005-05-23,78,23.4
2005-05-24,72,20.5
2005-05-25,64,16.0
2005-05-26,72,20.3
2005-05-27,80,24.5
2005-05-28,74,21.6
2005-05-29,52,9.7
2005-05-30,22,4.0
2005-05-31,21,3.7
2005-06-01,37,6.6
2005-06-02,60,14.1
2005-06-03,55,11.0
2005-06-04,36,6.4
2005-06-05,34,6.1
2005-06-06,31,5.5
2005-06-07,39,7.0
2005-06-08,26,4.6
2005-06-09,44,8.0
2005-06-10,48,8.6
2005-06-11,23,4.2
2005-06-12,52,9.6
2005-06-13,46,8.3
2005-06-14,53,10.3
2005-06-15,57,12.3
2005-06-16,65,16.5
2005-06-17,60,13.9
2005-06-18,54,10.8
2005-06-19,73,20.7
2005-06-20,81,25.1
2005-06-21,72,20.2
2005-06-22,66,17.4
2005-06-23,82,25.6
2005-06-24,91,30.5
2005-06-25,95,32.5
2005-06-26,71,19.7
2005-06-27,71,19.7
2005-06-28,37,6.6
2005-06-29,14,2.6
2005-06-30,44,7.9
2005-07-07,60,14.0
2005-07-08,56,11.6
2005-07-09,60,13.9
2005-07-10,33,5.9
2005-07-11,53,10.4
2005-07-12,45,8.1
2005-07-13,45,8.1
2005-07-14,39,7.1
2005-07-15,39,7.1
2005-07-16,29,5.3
2005-07-17,37,6.7
2005-07-18,42,7.5
2005-07-19,43,7.7
2005-07-20,38,6.8
2005-07-21,33,5.9
2005-07-22,47,8.5
2005-07-23,63,15.5
2005-07-24,62,15.1
2005-07-25,79,23.9
2005-07-26,77,23.2
2005-07-27,74,21.2
2005-07-28,63,15.3
2005-07-29,58,13.0
2005-07-30,65,16.4
2005-07-31,63,15.3
2005-08-01,62,15.2
2005-08-02,0,0.0
2005-08-03,44,7.9
2005-08-04,52,9.6
2005-08-05,64,16.2
2005-08-06,88,29.1
2005-08-07,1,0.2
2005-08-08,1,0.1
2005-08-09,84,27.0
2005-08-10,69,18.7
2005-08-11,63,15.3
2005-08-12,69,18.8
2005-08-13,74,21.2
2005-08-14,54,10.6
2005-08-15,50,9.0
2005-08-16,55,11.2
2005-08-17,59,13.2
2005-08-18,70,19.3
2005-08-19,60,13.9
2005-08-20,47,8.5
2005-08-21,51,9.2
2005-08-22,48,8.6
2005-08-23,53,10.2
2005-08-24,66,17.0
2005-08-25,60,13.8
2005-08-26,66,17.3
2005-08-27,62,14.9
2005-08-28,51,9.3
2005-08-29,42,7.6
2005-09-11,73,20.8
2005-09-12,68,18.0
2005-09-13,78,23.7
2005-09-14,68,18.2
2005-09-15,72,20.2
2005-09-16,74,21.5
2005-09-17,59,13.4
2005-09-18,86,27.9
2005-09-19,103,36.5
2005-09-20,77,23.1
2005-09-21,37,6.7
2005-09-23,32,5.7
2005-09-24,60,13.8
2005-09-27,60,14.0
2005-09-28,76,22.3
2005-09-29,62,15.2
2005-09-30,68,18.0
2005-10-01,56,11.6
2005-10-02,43,7.7
2005-10-03,39,7.1
2005-10-04,57,12.4
2005-10-05,53,10.1
2005-10-07,62,14.9
2005-10-08,63,15.5
2005-10-09,66,17.2
2005-10-10,73,21.1
2005-10-11,74,21.7
2005-10-12,93,31.7
2005-10-13,119,42.7
2005-10-14,89,29.4
2005-10-15,69,18.6
2005-10-16,66,17.1
2005-10-17,58,12.7
2005-10-18,72,20.2
2005-10-19,82,26.0
2005-10-20,75,22.0
2005-10-21,70,19.1
2005-10-22,57,12.5
2005-10-23,56,11.7
2005-10-24,54,10.5
2005-10-25,54,10.8
2005-10-26,53,10.1
2005-10-27,62,15.0
2005-10-28,61,14.2
2005-10-29,76,22.4
2005-10-30,77,23.3
2005-10-31,68,18.3
2005-11-01,39,7.1
2005-11-02,42,7.6
2005-11-03,66,17.1
2005-11-04,65,16.5
2005-11-06,51,9.3
2005-11-07,54,10.9
2005-11-08,46,8.3
2005-11-09,60,13.8
2005-11-10,68,18.3
2005-11-11,62,15.2
2005-11-12,54,10.5
2005-11-13,58,12.6
2005-11-14,48,8.7
2005-11-15,34,6.1
2005-11-16,19,3.5
2005-11-17,19,3.4
2005-11-18,32,5.7
2005-11-19,57,12.3
2005-11-20,64,16.3
2005-11-21,64,16.0
2005-11-22,55,11.0
2005-11-23,52,9.7
2005-11-24,54,10.6
2005-11-25,46,8.3
2005-11-26,32,5.8
2005-11-27,32,5.8
2005-11-28,37,6.7
2005-11-29,28,5.0
2005-11-30,27,4.9
2005-12-01,59,13.6
2005-12-02,39,7.0
2005-12-03,44,7.9
2005-12-04,39,7.0
2005-12-05,43,7.7
2005-12-06,49,8.8
2005-12-07,48,8.7
2005-12-08,53,10.0
2005-12-09,57,12.3
2005-12-10,62,15.2
2005-12-11,55,11.4
2005-12-12,66,17.2
2005-12-13,65,16.5
2005-12-14,39,7.0
2005-12-15,28,5.1
2005-12-20,55,11.2
2005-12-21,50,9.0
2005-12-22,61,14.7
2005-12-23,59,13.5
2005-12-24,43,7.8
2005-12-25,33,6.0
2005-12-26,53,10.2
2005-12-27,38,6.9
2005-12-28,54,10.6
2005-12-29,69,19.0
2005-12-30,59,13.3
2005-12-31,67,17.8
2006-01-01,67,17.8
2006-01-02,75,21.9
2006-01-03,66,17.4
2006-01-04,66,17.2
2006-01-05,49,8.8
2006-01-07,54,10.8
2006-01-08,44,7.9
2006-01-09,16,2.8
2006-01-10,53,10.4
2006-01-11,58,12.9
2006-01-12,70,19.4
2006-01-13,46,8.2
2006-01-14,19,3.4
2006-01-15,36,6.5
2006-01-16,41,7.3
2006-01-17,26,4.7
2006-01-18,33,6.0
2006-01-19,53,10.0
2006-01-20,57,12.2
2006-01-22,59,13.4
2006-01-23,55,11.4
2006-01-24,54,10.6
2006-01-25,51,9.3
2006-01-26,43,7.7
2006-01-27,62,15.0
2006-01-28,65,16.6
2006-01-29,54,10.6
2006-01-30,37,6.7
2006-01-31,44,7.9
2006-02-01,35,6.3
2006-02-02,65,16.4
2006-02-03,53,10.2
2006-02-04,17,3.0
2006-02-05,27,4.9
2006-02-06,44,7.9
2006-02-07,28,5.0
2006-02-08,53,10.0
2006-02-09,56,11.7
2006-02-10,52,9.8
2006-02-11,9,1.7
2006-02-12,50,9.0
2006-02-13,34,6.1
2006-02-14,52,9.7
2006-02-15,23,4.1
2006-02-16,39,7.0
2006-02-17,57,12.4
2006-02-18,54,10.9
2006-02-19,55,11.3
2006-02-20,82,25.7
2006-02-21,80,24.9
2006-02-22,52,9.4
2006-02-23,33,6.0
2006-02-24,43,7.7
2006-02-25,37,6.6
2006-02-26,37,6.7
2006-02-27,39,7.1
2006-02-28,52,9.5
2006-03-01,58,12.6
2006-03-02,60,14.1
2006-03-03,58,13.0
2006-03-04,65,16.4
2006-03-05,80,24.5
2006-03-06,77,23.2
2006-03-07,66,16.9
2006-03-08,42,7.6
2006-03-09,53,10.4
2006-03-10,58,12.6
2006-03-11,54,10.7
2006-03-12,55,11.2
2006-03-13,47,8.4
2006-03-14,51,9.3
2006-03-15,41,7.3
2006-03-16,53,10.0
2006-03-17,63,15.7
2006-03-18,69,18.5
2006-03-19,80,24.5
2006-03-20,56,12.0
2006-03-21,29,5.3
2006-03-22,53,10.0
2006-03-23,58,13.0
2006-03-24,59,13.5
2006-03-25,53,10.2
2006-03-26,55,11.4
2006-03-27,54,10.7
2006-03-28,56,12.0
2006-03-29,52,9.9
2006-03-30,54,10.8
2006-03-31,54,10.7
2006-04-01,56,11.6
2006-04-02,52,9.8
2006-04-03,61,14.7
2006-04-04,43,7.7
2006-04-05,61,14.6
2006-04-06,55,11.5
2006-04-07,54,10.7
2006-04-08,48,8.6
2006-04-09,63,15.3
2006-04-10,56,11.8
2006-04-11,52,9.8
2006-04-12,44,8.0
2006-04-13,42,7.5
2006-04-14,44,8.0
2006-04-15,42,7.6
2006-04-16,45,8.1
2006-04-17,53,10.2
2006-04-18,51,9.2
2006-04-19,54,10.6
2006-04-20,46,8.3
2006-04-21,43,7.7
2006-04-22,39,7.1
2006-04-23,57,12.5
2006-04-24,56,12.0
2006-04-25,60,13.9
2006-04-26,52,9.9
2006-04-27,58,12.7
2006-04-28,60,13.7
2006-04-29,56,11.6
2006-04-30,44,8.0
2006-05-01,52,9.7
2006-05-02,47,8.5
2006-05-03,52,9.7
2006-05-04,49,8.9
2006-05-05,50,9.0
2006-05-06,56,11.7
2006-05-07,60,14.1
2006-05-08,69,18.7
2006-05-09,76,22.3
2006-05-10,88,29.0
2006-05-11,33,6.0
2006-05-12,31,5.5
2006-05-13,48,8.7
2006-05-14,48,8.7
2006-05-15,39,7.1
2006-05-16,41,7.4
2006-05-17,51,9.3
2006-05-18,57,12.4
2006-05-19,58,13.0
2006-05-20,50,9.0
2006-05-21,54,10.9
2006-05-22,58,12.7
2006-05-23,55,11.5
2006-05-24,41,7.3
2006-05-25,40,7.2
2006-05-26,37,6.7
2006-05-27,52,9.4
2006-05-28,52,9.4
2006-05-29,53,10.3
2006-05-30,63,15.6
2006-05-31,75,21.8
2006-06-01,71,19.9
2006-06-02,80,24.8
2006-06-03,55,11.5
2006-06-04,57,12.1
2006-06-05,62,15.2
2006-06-06,68,18.1
2006-06-07,82,25.9
2006-06-08,77,23.2
2006-06-09,71,19.7
2006-06-10,94,32.1
2006-06-11,72,20.2
2006-06-12,55,11.4
2006-06-13,80,24.7
2006-06-14,89,29.4
2006-06-15,73,21.1
2006-06-16,47,8.5
2006-06-17,68,18.2
2006-06-18,64,16.2
2006-06-19,59,13.4
2006-06-20,62,15.1
2006-06-21,58,13.0
2006-06-22,56,12.0
2006-06-23,57,12.5
2006-06-24,54,10.7
2006-06-25,57,12.2
2006-06-26,83,26.5
2006-06-27,62,15.1
2006-06-28,53,10.0
2006-06-29,71,20.0
2006-06-30,105,37.3
2006-07-01,85,27.6
2006-07-02,56,11.9
2006-07-03,49,8.8
2006-07-04,65,16.5
2006-07-05,52,9.9
2006-07-06,41,7.3
2006-07-07,54,10.6
2006-07-08,32,5.7
2006-07-09,31,5.6
2006-07-10,56,11.7
2006-07-11,67,17.5
2006-07-12,60,13.8
2006-07-13,60,14.1
2006-07-14,48,8.6
2006-07-15,36,6.4
2006-07-16,53,10.4
2006-07-17,62,15.2
2006-07-18,54,10.7
2006-07-19,89,29.4
2006-07-20,61,14.6
2006-07-21,66,17.1
2006-07-22,58,12.8
2006-07-23,79,24.0
2006-07-24,38,6.9
2006-07-25,32,5.7
2006-07-26,47,8.5
2006-07-27,56,12.0
2006-07-28,48,8.6
2006-07-29,66,17.2
2006-07-31,52,9.8
2006-08-01,51,9.2
2006-08-02,70,19.1
2006-08-03,75,22.2
2006-08-04,74,21.4
2006-08-05,57,12.4
2006-08-06,19,3.4
2006-08-07,38,6.9
2006-08-08,52,9.9
2006-08-09,57,12.4
2006-08-10,51,9.2
2006-08-11,41,7.3
2006-08-12,33,5.9
2006-08-13,42,7.5
2006-08-14,55,11.4
2006-08-15,56,11.7
2006-08-16,55,11.4
2006-08-17,56,11.7
2006-08-18,92,31.0
2006-08-19,31,5.5
2006-08-20,54,10.6
2006-08-21,66,17.0
2006-08-22,62,14.8
2006-08-23,54,10.9
2006-08-24,49,8.8
2006-08-25,30,5.4
2006-08-26,17,3.0
2006-08-27,17,3.0
2006-08-28,54,10.5
2006-08-29,69,18.6
2006-08-31,56,11.6
2006-09-01,64,16.3
2006-09-02,93,31.5
2006-09-03,75,21.9
2006-09-04,70,19.3
2006-09-05,69,18.5
2006-09-06,73,21.0
2006-09-07,75,22.2
2006-09-08,60,13.9
2006-09-09,38,6.9
2006-09-10,28,5.1
2006-09-11,28,5.0
2006-09-12,28,5.0
2006-09-13,53,10.3
2006-09-14,64,16.2
2006-09-15,76,22.5
2006-09-16,52,9.7
2006-09-17,25,4.5
2006-09-18,32,5.8
2006-09-19,29,5.3
2006-09-20,43,7.8
2006-09-22,55,11.2
2006-09-27,55,11.1
2006-09-28,57,12.5
2006-09-29,39,7.1
2006-09-30,55,11.2
2006-10-01,64,16.1
2006-10-02,64,15.9
2006-10-03,72,20.3
2006-10-04,70,19.5
2006-10-05,78,23.7
2006-10-06,75,21.9
2006-10-07,61,14.7
2006-10-08,66,17.1
2006-10-09,66,17.0
2006-10-10,69,18.5
2006-10-11,58,12.7
2006-10-12,59,13.2
2006-10-13,47,8.5
2006-10-14,34,6.2
2006-10-15,34,6.2
2006-10-16,45,8.1
2006-10-17,45,8.1
2006-10-18,40,7.2
2006-10-19,41,7.3
2006-10-20,32,5.7
2006-10-21,52,9.4
2006-10-22,49,8.9
2006-10-23,28,5.1
2006-10-24,56,11.8
2006-10-25,64,15.9
2006-10-26,52,9.6
2006-10-27,37,6.7
2006-10-28,39,7.0
2006-10-29,56,11.9
2006-10-30,56,12.0
2006-10-31,56,12.0
2006-11-01,53,10.3
2006-11-02,35,6.3
2006-11-03,29,5.3
2006-11-04,54,10.5
2006-11-05,58,13.1
2006-11-06,37,6.6
2006-11-07,35,6.3
2006-11-15,29,5.2
2006-11-16,44,8.0
2006-11-17,64,16.0
2006-11-18,61,14.2
2006-11-19,58,12.9
2006-11-20,53,10.4
2006-11-21,62,15.2
2006-11-22,53,10.0
2006-11-23,57,12.1
2006-11-24,65,16.5
2006-11-25,70,19.3
2006-11-26,53,10.3
2006-11-27,37,6.7
2006-11-28,28,5.0
2006-11-29,34,6.2
2006-11-30,26,4.7
2006-12-01,42,7.5
2006-12-02,61,14.6
2006-12-03,41,7.3
2006-12-04,33,5.9
2006-12-05,52,9.8
2006-12-06,69,19.0
2006-12-07,60,14.1
2006-12-08,32,5.7
2006-12-09,57,12.3
2006-12-10,58,13.1
2006-12-11,60,13.7
2006-12-12,27,4.8
2006-12-13,52,9.8
2006-12-14,56,11.7
2006-12-16,74,21.2
2006-12-17,66,17.4
2006-12-18,62,15.2
2006-12-19,63,15.3
2006-12-20,59,13.2
2006-12-21,27,4.9
2006-12-22,18,3.3
2006-12-23,28,5.0
2006-12-24,36,6.5
2006-12-25,27,4.9
2006-12-26,34,6.2
2006-12-27,37,6.6
2006-12-28,42,7.5
2006-12-29,49,8.8
2006-12-30,28,5.1
2006-12-31,52,9.6
2007-01-01,47,8.5
2007-01-02,58,13.0
2007-01-03,61,14.2
2007-01-04,47,8.5
2007-01-05,21,3.7
2007-01-06,38,6.9
2007-01-07,29,5.3
2007-01-08,21,3.7
2007-01-09,13,2.4
2007-01-10,23,4.2
2007-01-11,32,5.7
2007-01-12,36,6.5
2007-01-13,15,2.7
2007-01-14,26,4.7
2007-01-15,14,2.6
2007-01-16,31,5.6
2007-01-17,46,8.2
2007-01-18,48,8.7
2007-01-19,37,6.6
2007-01-20,27,4.9
2007-01-21,30,5.4
2007-01-22,22,4.0
2007-01-23,41,7.4
2007-01-24,44,8.0
2007-01-25,34,6.1
2007-01-26,57,12.2
2007-01-27,41,7.4
2007-01-28,21,3.8
2007-01-29,28,5.0
2007-01-30,53,10.1
2007-01-31,31,5.5
2007-02-01,55,11.0
2007-02-02,27,4.8
2007-02-03,49,8.9
2007-02-04,60,14.1
2007-02-05,46,8.2
2007-02-06,59,13.3
2007-02-07,55,11.2
2007-02-08,54,10.6
2007-02-09,66,17.4
2007-02-10,52,9.9
2007-02-11,61,14.4
2007-02-12,55,11.5
2007-02-14,39,7.0
2007-02-15,46,8.2
2007-02-16,51,9.3
2007-02-17,52,9.4
2007-02-18,40,7.2
2007-02-19,47,8.4
2007-02-20,47,8.5
2007-02-21,26,4.7
2007-02-22,47,8.4
2007-02-23,53,10.0
2007-02-24,47,8.4
2007-02-25,51,9.3
2007-02-26,57,12.2
2007-02-27,62,15.1
2007-02-28,60,13.9
2007-03-01,50,9.0
2007-03-02,23,4.2
2007-03-03,33,6.0
2007-03-04,29,5.3
2007-03-05,33,6.0
2007-03-06,58,13.1
2007-03-07,68,18.2
2007-03-08,68,18.1
2007-03-09,66,17.2
2007-03-10,59,13.5
2007-03-11,64,16.2
2007-03-12,64,16.3
2007-03-13,47,8.5
2007-03-14,27,4.9
2007-03-15,38,6.9
2007-03-16,52,9.9
2007-03-17,59,13.6
2007-03-18,68,18.1
2007-03-19,52,9.8
2007-03-20,53,10.2
2007-03-21,48,8.6
2007-03-22,51,9.2
2007-03-23,37,6.7
2007-03-24,32,5.8
2007-03-25,32,5.7
2007-03-26,44,7.9
2007-03-27,31,5.6
2007-03-28,47,8.5
2007-03-29,53,10.2
2007-03-30,52,9.6
2007-03-31,48,8.7
2007-04-01,58,12.6
2007-04-02,58,12.7
2007-04-03,52,9.9
2007-04-04,50,9.0
2007-04-05,24,4.3
2007-04-06,36,6.5
2007-04-07,43,7.7
2007-04-08,52,9.8
2007-04-09,43,7.7
2007-04-10,37,6.6
2007-04-11,53,10.1
2007-04-12,32,5.7
2007-04-13,37,6.7
2007-04-14,49,8.9
2007-04-15,32,5.8
2007-04-16,38,6.9
2007-04-17,57,12.5
2007-04-18,52,9.4
2007-04-19,62,14.9
2007-04-20,60,14.0
2007-04-21,87,28.3
2007-04-22,61,14.7
2007-04-23,42,7.6
2007-04-24,30,5.4
2007-04-25,32,5.7
2007-04-26,30,5.4
2007-04-27,33,6.0
2007-04-28,44,7.9
2007-04-29,65,16.6
2007-04-30,66,17.2
2007-05-01,66,16.9
2007-05-02,59,13.4
2007-05-03,67,17.5
2007-05-04,39,7.0
2007-05-05,39,7.1
2007-05-06,43,7.8
2007-05-07,68,18.1
2007-05-08,60,13.7
2007-05-09,65,16.6
2007-05-10,72,20.3
2007-05-11,69,18.7
2007-05-12,63,15.8
2007-05-13,58,12.6
2007-05-14,77,23.1
2007-05-15,65,16.5
2007-05-16,45,8.1
2007-05-17,33,6.0
2007-05-18,44,7.9
2007-05-19,54,10.5
2007-05-20,71,19.7
2007-05-21,75,21.8
2007-05-22,56,11.8
2007-05-23,38,6.8
2007-05-24,26,4.6
2007-05-25,51,9.2
2007-05-26,38,6.8
2007-05-27,18,3.3
2007-05-28,46,8.2
2007-05-29,56,11.6
2007-05-30,33,5.9
2007-05-31,64,15.9
2007-06-01,70,19.2
2007-06-02,68,18.2
2007-06-03,65,16.6
2007-06-04,36,6.5
2007-06-05,40,7.2
2007-06-06,46,8.2
2007-06-07,26,4.7
2007-06-08,54,10.8
2007-06-09,56,12.0
2007-06-10,58,12.7
2007-06-11,65,16.7
2007-06-12,75,22.0
2007-06-13,75,22.0
2007-06-14,67,17.5
2007-06-15,54,10.6
2007-06-16,55,11.0
2007-06-17,58,12.7
2007-06-18,33,5.9
2007-06-19,67,17.6
2007-06-20,38,6.8
2007-06-21,57,12.2
2007-06-22,69,18.7
2007-06-23,71,19.8
2007-06-24,62,15.2
2007-06-25,52,9.4
2007-06-26,55,11.5
2007-06-27,58,12.7
2007-06-28,47,8.5
2007-06-29,41,7.4
2007-06-30,39,7.0
2007-07-01,33,6.0
2007-07-02,53,10.0
2007-07-03,56,11.7
2007-07-04,75,22.1
2007-07-05,38,6.8
2007-07-06,48,8.7
2007-07-07,60,13.9
2007-07-08,58,12.7
2007-07-09,51,9.2
2007-07-10,27,4.9
2007-07-11,49,8.8
2007-07-12,55,11.0
2007-07-13,55,11.5
2007-07-14,45,8.1
2007-07-15,24,4.4
2007-07-16,16,2.9
2007-07-17,33,5.9
2007-07-18,56,12.0
2007-07-19,44,7.9
2007-07-20,48,8.7
2007-07-21,29,5.3
2007-07-22,64,16.1
2007-07-23,71,20.1
2007-07-24,71,19.6
2007-07-25,68,18.2
2007-07-26,41,7.3
2007-07-27,40,7.2
2007-07-28,31,5.5
2007-07-29,48,8.6
2007-07-30,54,10.5
2007-07-31,50,9.0
2007-08-01,65,16.5
2007-08-02,52,9.8
2007-08-03,56,11.6
2007-08-04,52,9.7
2007-08-05,53,10.1
2007-08-06,51,9.2
2007-08-07,55,11.1
2007-08-08,58,12.7
2007-08-09,65,16.8
2007-08-10,64,16.2
2007-08-11,66,17.4
2007-08-12,76,22.6
2007-08-13,82,25.8
2007-08-14,76,22.5
2007-08-15,48,8.6
2007-08-16,17,3.0
2007-08-17,22,4.0
2007-08-18,53,10.2
2007-08-19,57,12.4
2007-08-20,40,7.2
2007-08-21,34,6.2
2007-08-22,33,6.0
2007-08-23,52,9.4
2007-08-24,55,11.2
2007-08-25,60,13.8
2007-08-26,59,13.2
2007-08-27,55,11.0
2007-08-28,29,5.3
2007-08-29,33,5.9
2007-08-30,43,7.7
2007-08-31,58,13.0
2007-09-01,68,18.3
2007-09-02,60,13.9
2007-09-03,50,9.0
2007-09-04,58,12.7
2007-09-05,69,18.7
2007-09-06,68,18.3
2007-09-07,35,6.3
2007-09-08,43,7.7
2007-09-09,45,8.1
2007-09-10,34,6.1
2007-09-11,32,5.7
2007-09-12,33,6.0
2007-09-13,23,4.2
2007-09-14,27,4.8
2007-09-15,54,10.9
2007-09-16,43,7.8
2007-09-17,63,15.7
2007-09-18,61,14.3
2007-09-19,58,13.1
2007-09-20,69,18.7
2007-09-21,59,13.3
2007-09-22,57,12.4
2007-09-23,43,7.8
2007-10-01,54,10.8
2007-10-02,56,11.9
2007-10-03,55,11.5
2007-10-04,32,5.7
2007-10-05,29,5.2
2007-10-06,29,5.3
2007-10-07,25,4.5
2007-10-08,50,9.0
2007-10-09,52,9.6
2007-10-10,54,10.8
2007-10-11,46,8.2
2007-10-12,53,10.1
2007-10-13,60,13.9
2007-10-14,64,16.3
2007-10-15,51,9.2
2007-10-16,24,4.4
2007-10-17,18,3.2
2007-10-18,32,5.7
2007-10-19,35,6.3
2007-10-20,38,6.8
2007-10-21,38,6.9
2007-10-22,14,2.6
2007-10-23,22,4.0
2007-10-27,47,8.5
2007-10-28,54,10.7
2007-10-29,57,12.4
2007-10-30,59,13.4
2007-10-31,59,13.6
2007-11-01,60,13.8
2007-11-02,70,19.4
2007-11-03,65,16.5
2007-11-04,67,17.5
2007-11-05,88,28.9
2007-11-06,57,12.3
2007-11-07,27,4.9
2007-11-08,47,8.4
2007-11-09,55,11.0
2007-11-10,57,12.5
2007-11-11,64,16.1
2007-11-12,58,12.7
2007-11-13,59,13.2
2007-11-14,57,12.2
2007-11-15,14,2.6
2007-11-16,35,6.3
2007-11-17,51,9.3
2007-11-18,52,9.5
2007-11-19,74,21.6
2007-11-20,48,8.7
2007-11-21,38,6.8
2007-11-22,14,2.5
2007-11-23,27,4.9
2007-11-24,29,5.3
2007-11-25,33,5.9
2007-11-26,29,5.2
2007-11-27,32,5.7
2007-11-28,55,11.2
2007-11-29,66,16.9
2007-11-30,76,22.7
2007-12-01,69,19.0
2007-12-02,54,10.9
2007-12-03,45,8.1
2007-12-04,42,7.5
2007-12-05,66,16.9
2007-12-06,56,12.0
2007-12-07,54,10.9
2007-12-08,32,5.7
2007-12-09,47,8.5
2007-12-10,52,9.9
2007-12-11,36,6.5
2007-12-12,25,4.5
2007-12-13,28,5.0
2007-12-14,43,7.8
2007-12-15,36,6.5
2007-12-16,31,5.5
2007-12-19,37,6.6
2007-12-20,28,5.1
2007-12-21,52,9.7
2007-12-22,32,5.7
2007-12-23,26,4.7
2007-12-24,21,3.7
2007-12-25,37,6.7
2007-12-26,25,4.5
2007-12-27,39,7.0
2007-12-28,36,6.5
2007-12-29,43,7.7
2007-12-30,52,9.6
2007-12-31,147,54.0
2008-01-01,34,6.1
2008-01-02,10,1.8
2008-01-03,31,5.6
2008-01-04,49,8.9
2008-01-05,34,6.2
2008-01-06,19,3.5
2008-01-07,25,4.5
2008-01-08,26,4.6
2008-01-09,34,6.1
2008-01-10,27,4.9
2008-01-11,25,4.5
2008-01-12,51,9.3
2008-01-13,40,7.2
2008-01-14,33,5.9
2008-01-15,51,9.2
2008-01-16,33,5.9
2008-01-17,33,5.9
2008-01-18,55,11.3
2008-01-19,28,5.0
2008-01-20,18,3.2
2008-01-21,31,5.5
2008-01-22,56,11.6
2008-01-23,59,13.5
2008-01-24,47,8.4
2008-01-25,37,6.7
2008-01-26,29,5.2
2008-01-27,44,8.0
2008-01-28,54,10.6
2008-01-29,26,4.6
2008-01-30,19,3.5
2008-01-31,28,5.1
2008-02-02,54,10.9
2008-02-03,45,8.1
2008-02-04,47,8.4
2008-02-05,46,8.2
2008-02-06,27,4.9
2008-02-07,37,6.7
2008-02-08,39,7.0
2008-02-09,61,14.3
2008-02-10,52,9.5
2008-02-11,44,8.0
2008-02-12,31,5.6
2008-02-13,28,5.1
2008-02-14,40,7.2
2008-02-15,39,7.1
2008-02-16,47,8.5
2008-02-17,26,4.7
2008-02-18,17,3.1
2008-02-19,18,3.2
2008-02-20,33,5.9
2008-02-21,36,6.5
2008-02-22,52,9.7
2008-02-23,48,8.7
2008-02-24,64,16.3
2008-02-25,61,14.7
2008-02-26,42,7.5
2008-02-27,41,7.4
2008-02-28,34,6.2
2008-02-29,32,5.7
2008-03-01,42,7.6
2008-03-02,52,9.8
2008-03-03,46,8.2
2008-03-04,26,4.7
2008-03-05,47,8.4
2008-03-06,53,10.4
2008-03-07,54,10.5
2008-03-08,41,7.3
2008-03-09,51,9.1
2008-03-10,37,6.7
2008-03-11,54,10.7
2008-03-12,48,8.6
2008-03-13,59,13.4
2008-03-14,61,14.5
2008-03-15,53,10.0
2008-03-16,63,15.7
2008-03-17,58,13.0
2008-03-18,54,10.7
2008-03-19,28,5.1
2008-03-20,41,7.4
2008-03-21,61,14.2
2008-03-22,58,13.1
2008-03-23,52,9.5
2008-03-24,46,8.2
2008-03-25,52,9.6
2008-03-26,54,10.5
2008-03-27,60,13.9
2008-03-28,52,9.4
2008-03-29,52,9.6
2008-03-30,51,9.2
2008-03-31,52,9.7
2008-04-02,42,7.6
2008-04-03,33,5.9
2008-04-04,33,5.9
2008-04-05,19,3.5
2008-04-06,54,10.7
2008-04-07,54,10.9
2008-04-08,38,6.8
2008-04-09,44,7.9
2008-04-10,38,6.9
2008-04-11,46,8.2
2008-04-12,23,4.2
2008-04-13,32,5.8
2008-04-14,38,6.8
2008-04-15,48,8.7
2008-04-16,57,12.3
2008-04-17,52,9.6
2008-04-18,48,8.7
2008-04-19,34,6.1
2008-04-22,37,6.6
2008-04-23,64,16.0
2008-04-24,63,15.3
2008-04-25,44,7.9
2008-04-26,35,6.3
2008-04-27,24,4.4
2008-04-28,52,9.8
2008-04-29,56,11.8
2008-04-30,58,12.6
2008-05-01,55,11.5
2008-05-02,54,10.5
2008-05-03,48,8.6
2008-05-04,39,7.0
2008-05-05,47,8.5
2008-05-06,63,15.7
2008-05-07,60,14.0
2008-05-08,56,12.0
2008-05-09,66,17.1
2008-05-10,56,11.6
2008-05-11,46,8.3
2008-05-12,29,5.2
2008-05-13,42,7.5
2008-05-14,44,8.0
2008-05-15,42,7.6
2008-05-16,52,9.6
2008-05-17,50,9.0
2008-05-22,45,8.1
2008-05-23,40,7.2
2008-05-24,46,8.3
2008-05-25,53,10.4
2008-05-26,64,16.3
2008-05-27,54,10.9
2008-05-28,47,8.4
2008-05-29,55,11.0
2008-05-30,54,10.6
2008-05-31,63,15.5
2008-06-01,46,8.3
2008-06-02,50,9.0
2008-06-03,32,5.7
2008-06-04,30,5.4
2008-06-05,36,6.5
2008-06-06,27,4.9
2008-06-07,27,4.9
2008-06-08,30,5.4
2008-06-09,37,6.7
2008-06-10,46,8.3
2008-06-11,39,7.0
2008-06-12,31,5.6
2008-06-13,27,4.9
2008-06-14,30,5.4
2008-06-15,37,6.7
2008-06-16,52,9.6
2008-06-17,56,11.7
2008-06-18,65,16.4
2008-06-19,78,23.5
2008-06-20,69,18.5
2008-06-21,54,10.7
2008-06-22,59,13.2
2008-06-23,61,14.5
2008-06-24,54,10.9
2008-06-25,47,8.4
2008-06-26,46,8.2
2008-06-27,48,8.6
2008-06-28,56,11.8
2008-06-29,61,14.5
2008-06-30,64,15.9
2008-07-01,56,11.9
2008-07-02,62,14.9
2008-07-03,56,11.8
2008-07-04,61,14.4
2008-07-05,67,17.8
2008-07-06,60,14.0
2008-07-07,59,13.5
2008-07-08,43,7.8
2008-07-09,34,6.2
2008-07-10,34,6.2
2008-07-11,55,11.4
2008-07-18,2,0.4
2008-07-19,76,22.3
2008-07-20,63,15.5
2008-07-21,59,13.2
2008-07-22,67,17.6
2008-07-23,33,6.0
2008-07-24,52,9.8
2008-07-25,66,17.0
2008-07-26,64,16.0
2008-07-27,59,13.5
2008-07-28,74,21.4
2008-07-29,58,12.6
2008-07-30,52,9.6
2008-07-31,33,5.9
2008-08-01,36,6.5
2008-08-02,54,10.5
2008-08-03,54,10.8
2008-08-04,29,5.3
2008-08-05,52,9.7
2008-08-06,43,7.7
2008-08-07,18,3.3
2008-08-08,38,6.9
2008-08-09,34,6.1
2008-08-10,59,13.6
2008-08-11,58,13.1
2008-08-12,39,7.0
2008-08-13,61,14.2
2008-08-14,39,7.0
2008-08-15,55,11.5
2008-08-16,54,10.6
2008-08-17,33,6.0
2008-08-18,51,9.3
2008-08-19,44,8.0
2008-08-20,55,11.2
2008-08-21,63,15.4
2008-08-22,60,13.8
2008-08-23,46,8.2
2008-08-24,36,6.5
2008-08-25,54,10.7
2008-08-26,54,10.9
2008-09-18,69,18.9
2008-09-19,66,17.1
2008-09-20,51,9.3
2008-09-21,52,9.7
2008-09-22,57,12.2
2008-09-23,48,8.6
2008-09-24,63,15.3
2008-09-25,61,14.4
2008-09-26,57,12.5
2008-09-27,64,16.2
2008-09-28,69,18.7
2008-09-29,74,21.3
2008-10-03,52,9.7
2008-10-04,57,12.5
2008-10-05,61,14.5
2008-10-06,44,8.0
2008-10-07,21,3.7
2008-10-08,23,4.1
2008-10-09,51,9.1
2008-10-10,60,13.8
2008-10-11,55,11.5
2008-10-12,51,9.2
2008-10-13,33,5.9
2008-10-14,36,6.4
2008-10-15,39,7.1
2008-10-16,46,8.2
2008-10-17,43,7.7
2008-10-18,52,9.9
2008-10-19,56,11.9
2008-10-20,58,12.6
2008-10-21,61,14.3
2008-10-22,55,11.3
2008-10-23,48,8.6
2008-10-24,24,4.3
2008-10-25,51,9.1
2008-10-26,67,17.7
2008-10-27,29,5.2
2008-10-28,27,4.9
2008-10-29,20,3.6
2008-10-30,61,14.7
2008-10-31,61,14.7
2008-11-01,66,17.3
2008-11-02,66,17.3
2008-11-03,62,15.0
2008-11-04,54,10.8
2008-11-05,55,11.4
2008-11-06,37,6.7
2008-11-07,24,4.3
2008-11-08,49,8.9
2008-11-09,41,7.3
2008-11-10,51,9.1
2008-11-11,51,9.2
2008-11-12,37,6.6
2008-11-13,55,11.2
2008-11-14,46,8.2
2008-11-15,22,4.0
2008-11-16,28,5.0
2008-11-17,54,10.6
2008-11-18,52,9.7
2008-11-19,42,7.5
2008-11-20,61,14.2
2008-11-21,50,9.0
2008-11-22,51,9.3
2008-11-23,42,7.6
2008-11-24,31,5.6
2008-11-25,52,9.4
2008-11-26,67,17.5
2008-11-27,50,9.0
2008-11-28,30,5.4
2008-11-29,23,4.1
2008-11-30,37,6.6
2008-12-01,20,3.6
2008-12-02,36,6.5
2008-12-03,26,4.7
2008-12-04,22,4.0
2008-12-05,18,3.3
2008-12-06,34,6.1
2008-12-07,52,9.7
2008-12-08,48,8.6
2008-12-09,38,6.9
2008-12-10,11,1.9
2008-12-11,19,3.4
2008-12-12,33,6.0
2008-12-13,31,5.5
2008-12-14,39,7.1
2008-12-15,38,6.9
2008-12-16,37,6.7
2008-12-17,39,7.0
2008-12-18,32,5.8
2008-12-19,35,6.3
2008-12-20,34,6.2
2008-12-21,28,5.0
2008-12-22,29,5.2
2008-12-23,46,8.3
2008-12-24,42,7.5
2008-12-25,39,7.1
2008-12-26,28,5.0
2008-12-27,30,5.4
2008-12-28,16,2.9
2008-12-29,27,4.9
2008-12-30,46,8.3
2008-12-31,43,7.7
2009-01-01,61,14.5
2009-01-02,38,6.9
2009-01-03,27,4.8
2009-01-04,26,4.6
2009-01-05,36,6.5
2009-01-06,27,4.8
2009-01-07,17,3.1
2009-01-08,34,6.1
2009-01-09,56,11.6
2009-01-10,37,6.7
2009-01-11,58,12.9
2009-01-12,55,11.2
2009-01-13,38,6.9
2009-01-14,61,14.4
2009-01-15,68,18.0
2009-01-16,39,7.0
2009-01-17,57,12.2
2009-01-18,50,9.0
2009-01-19,33,5.9
2009-01-20,33,5.9
2009-01-21,42,7.6
2009-01-22,57,12.1
2009-01-23,46,8.3
2009-01-24,42,7.5
2009-01-25,79,24.2
2009-01-26,72,20.3
2009-01-27,44,8.0
2009-01-28,19,3.4
2009-01-29,28,5.0
2009-01-30,29,5.3
2009-01-31,64,16.1
2009-02-01,55,11.5
2009-02-02,21,3.8
2009-02-03,23,4.1
2009-02-04,21,3.7
2009-02-05,37,6.7
2009-02-06,46,8.2
2009-02-07,44,8.0
2009-02-08,34,6.1
2009-02-09,34,6.1
2009-02-10,32,5.7
2009-02-11,33,5.9
2009-02-12,40,7.2
2009-02-13,42,7.5
2009-02-14,43,7.7
2009-02-15,56,11.9
2009-02-16,52,9.8
2009-02-17,41,7.3
2009-02-18,44,8.0
2009-02-19,36,6.5
2009-02-20,26,4.7
2009-02-21,32,5.8
2009-02-22,26,4.7
2009-02-23,40,7.2
2009-02-24,57,12.2
2009-02-25,55,11.2
2009-02-26,45,8.1
2009-02-27,46,8.3
2009-02-28,41,7.4
2009-03-01,36,6.4
2009-03-02,32,5.7
2009-03-03,49,8.9
2009-03-04,39,7.0
2009-03-05,51,9.2
2009-03-06,51,9.3
2009-03-07,38,6.8
2009-03-08,43,7.7
2009-03-09,41,7.4
2009-03-10,37,6.7
2009-03-11,41,7.4
2009-03-12,56,11.7
2009-03-13,44,7.9
2009-03-14,41,7.3
2009-03-15,22,4.0
2009-03-16,22,3.9
2009-03-17,38,6.8
2009-03-18,52,9.8
2009-03-19,46,8.3
2009-03-20,58,12.7
2009-03-21,62,14.8
2009-03-22,54,10.8
2009-03-23,46,8.2
2009-03-24,36,6.4
2009-03-25,40,7.2
2009-03-26,37,6.7
2009-03-27,25,4.5
2009-03-28,33,5.9
2009-03-29,36,6.5
2009-03-30,48,8.6
2009-03-31,52,9.8
2009-04-01,40,7.2
2009-04-02,49,8.8
2009-04-03,57,12.3
2009-04-04,57,12.2
2009-04-05,55,11.3
2009-04-06,21,3.7
2009-04-07,34,6.1
2009-04-08,42,7.5
2009-04-09,31,5.5
2009-04-10,59,13.3
2009-04-11,40,7.2
2009-04-12,56,11.8
2009-04-13,56,12.0
2009-04-14,33,5.9
2009-04-15,44,8.0
2009-04-16,56,11.6
2009-04-17,53,10.4
2009-04-18,39,7.1
2009-04-19,34,6.1
2009-04-20,28,5.0
2009-04-21,41,7.3
2009-04-22,33,6.0
2009-04-23,29,5.3
2009-04-24,45,8.1
2009-04-25,54,10.5
2009-04-26,52,9.7
2009-04-27,54,10.5
2009-04-28,44,7.9
2009-04-29,41,7.3
2009-04-30,37,6.7
2009-05-01,38,6.8
2009-05-02,42,7.6
2009-05-03,38,6.8
2009-05-04,37,6.7
2009-05-05,43,7.7
2009-05-06,54,10.7
2009-05-07,52,9.8
2009-05-08,53,10.0
2009-05-09,55,11.3
2009-05-10,54,10.7
2009-05-11,52,9.9
2009-05-12,54,10.7
2009-05-13,53,10.2
2009-05-14,53,10.2
2009-05-15,32,5.8
2009-05-16,41,7.3
2009-05-17,32,5.7
2009-05-18,39,7.1
2009-05-19,44,7.9
2009-05-20,40,7.2
2009-05-21,50,9.0
2009-05-22,33,6.0
2009-05-23,16,2.8
2009-05-24,43,7.7
2009-05-25,32,5.7
2009-05-26,31,5.5
2009-05-27,43,7.7
2009-05-28,61,14.3
2009-05-29,32,5.7
2009-05-30,33,6.0
2009-05-31,52,9.8
2009-06-01,58,12.6
2009-06-02,47,8.5
2009-06-03,23,4.2
2009-06-04,29,5.3
2009-06-05,22,4.0
2009-06-06,55,11.5
2009-06-07,57,12.3
2009-06-08,46,8.2
2009-06-09,44,8.0
2009-06-10,47,8.5
2009-06-11,44,7.9
2009-06-12,39,7.0
2009-06-13,42,7.5
2009-06-14,41,7.3
2009-06-15,55,11.1
2009-06-16,55,11.4
2009-06-18,52,9.6
2009-06-19,55,11.0
2009-06-20,55,11.0
2009-06-21,55,11.4
2009-06-22,51,9.2
2009-06-23,52,9.8
2009-06-24,55,11.2
2009-06-25,62,15.0
2009-06-26,65,16.6
2009-06-27,58,12.8
2009-06-28,57,12.4
2009-06-29,58,13.0
2009-06-30,63,15.8
2009-07-01,66,17.3
2009-07-02,65,16.6
2009-07-03,61,14.7
2009-07-04,54,10.8
2009-07-05,39,7.1
2009-07-06,29,5.2
2009-07-07,34,6.1
2009-07-08,44,8.0
2009-07-09,53,10.3
2009-07-10,58,12.6
2009-07-11,62,15.2
2009-07-12,63,15.4
2009-07-13,55,11.4
2009-07-14,54,10.5
2009-07-15,52,9.6
2009-07-16,33,5.9
2009-07-17,28,5.0
2009-07-18,49,8.8
2009-07-19,42,7.5
2009-07-20,52,9.7
2009-07-21,54,10.5
2009-07-22,53,10.2
2009-07-23,53,10.0
2009-07-24,54,10.6
2009-07-25,58,13.0
2009-07-26,51,9.1
2009-07-27,37,6.7
2009-07-28,47,8.5
2009-07-29,61,14.3
2009-07-30,38,6.8
2009-07-31,42,7.6
2009-08-01,56,11.9
2009-08-02,57,12.2
2009-08-03,60,14.1
2009-08-04,61,14.2
2009-08-05,57,12.2
2009-08-06,55,11.4
2009-08-07,59,13.5
2009-08-08,38,6.8
2009-08-09,27,4.9
2009-08-10,32,5.8
2009-08-11,46,8.3
2009-08-12,41,7.4
2009-08-13,58,13.0
2009-08-14,52,9.7
2009-08-15,14,2.5
2009-08-16,14,2.5
2009-08-17,25,4.5
2009-08-18,27,4.8
2009-08-19,29,5.2
2009-08-20,21,3.8
2009-08-21,17,3.1
2009-08-22,29,5.2
2009-08-24,46,8.3
2009-08-25,52,9.8
2009-08-26,68,18.0
2009-08-27,61,14.7
2009-08-28,59,13.5
2009-08-29,65,16.5
2009-08-30,56,11.7
2009-08-31,44,8.0
2009-09-02,57,12.3
2009-09-03,56,11.8
2009-09-04,40,7.2
2009-09-05,26,4.6
2009-09-06,39,7.1
2009-09-09,31,5.6
2009-09-10,38,6.9
2009-09-11,24,4.4
2009-09-12,17,3.1
2009-09-13,21,3.8
2009-09-14,22,4.0
2009-09-15,26,4.7
2009-09-16,51,9.2
2009-09-17,53,10.4
2009-09-19,55,11.5
2009-09-20,52,9.8
2009-09-21,51,9.1
2009-09-22,25,4.5
2009-09-23,25,4.5
2009-09-24,44,7.9
2009-09-25,38,6.9
2009-09-29,22,4.0
2009-09-30,32,5.8
2009-10-01,47,8.5
2009-10-02,27,4.9
2009-10-03,44,7.9
2009-10-04,22,4.0
2009-10-05,30,5.4
2009-10-06,26,4.7
2009-10-07,27,4.8
2009-10-08,39,7.0
2009-10-09,27,4.8
2009-10-10,7,1.3
2009-10-11,38,6.9
2009-10-12,37,6.6
2009-10-13,35,6.3
2009-10-14,36,6.5
2009-10-15,38,6.9
2009-10-16,22,3.9
2009-10-17,18,3.2
2009-10-18,28,5.0
2009-10-19,38,6.8
2009-10-21,37,6.7
2009-10-22,18,3.2
2009-10-23,24,4.3
2009-10-24,18,3.3
2009-10-25,31,5.6
2009-10-26,42,7.6
2009-10-27,48,8.7
2009-10-28,42,7.6
2009-10-29,49,8.8
2009-10-30,33,6.0
2009-10-31,19,3.5
2009-11-01,24,4.3
2009-11-02,30,5.4
2009-11-04,61,14.2
2009-11-05,58,13.0
2009-11-06,55,11.2
2009-11-07,54,10.8
2009-11-08,46,8.2
2009-11-09,31,5.6
2009-11-10,20,3.6
2009-11-11,54,10.5
2009-11-12,61,14.6
2009-11-13,59,13.5
2009-11-14,69,18.7
2009-11-15,61,14.2
2009-11-16,57,12.5
2009-11-17,29,5.3
2009-11-18,56,11.7
2009-11-19,61,14.5
2009-11-20,57,12.4
2009-11-21,54,10.8
2009-11-22,69,18.6
2009-11-23,65,16.7
2009-11-24,52,9.8
2009-11-25,28,5.0
2009-11-26,18,3.2
2009-11-27,36,6.5
2009-11-28,65,16.7
2009-11-29,52,9.4
2009-11-30,42,7.5
2009-12-01,45,8.1
2009-12-02,19,3.5
2009-12-05,31,5.5
2009-12-06,43,7.7
2009-12-07,47,8.5
2009-12-08,39,7.1
2009-12-09,39,7.0
2009-12-10,39,7.1
2009-12-11,24,4.3
2009-12-12,19,3.5
2009-12-13,57,12.3
2009-12-14,34,6.1
2009-12-15,20,3.6
2009-12-16,37,6.7
2009-12-17,33,6.0
2009-12-18,18,3.2
2009-12-22,61,14.6
2009-12-23,44,8.0
2009-12-24,25,4.5
2009-12-26,21,3.7
2009-12-27,31,5.6
2009-12-28,24,4.3
2009-12-29,36,6.4
2009-12-30,53,10.3
2009-12-31,120,43.4
2010-01-01,36,6.4
2010-01-02,38,6.8
2010-01-03,32,5.7
2010-01-04,27,4.9
2010-01-05,51,9.1
2010-01-06,39,7.0
2010-01-07,34,6.1
2010-01-08,32,5.7
2010-01-09,34,6.1
2010-01-10,41,7.4
2010-01-11,55,11.5
2010-01-12,57,12.4
2010-01-13,56,12.0
2010-01-14,66,17.4
2010-01-15,63,15.8
2010-01-16,55,11.0
2010-01-17,51,9.1
2010-01-18,57,12.4
2010-01-19,60,14.1
2010-01-20,48,8.7
2010-01-21,55,11.2
2010-01-22,38,6.9
2010-01-23,54,10.9
2010-01-24,23,4.2
2010-01-25,28,5.0
2010-01-26,27,4.8
2010-01-27,23,4.1
2010-01-28,37,6.7
2010-01-29,36,6.4
2010-01-30,28,5.1
2010-01-31,57,12.2
2010-02-01,59,13.6
2010-02-02,57,12.5
2010-02-03,59,13.4
2010-02-04,51,9.1
2010-02-05,36,6.4
2010-02-06,35,6.3
2010-02-07,59,13.5
2010-02-08,52,9.8
2010-02-09,20,3.6
2010-02-10,41,7.3
2010-02-11,38,6.9
2010-02-12,22,4.0
2010-02-13,36,6.4
2010-02-14,46,8.2
2010-02-15,19,3.5
2010-02-16,19,3.5
2010-02-17,25,4.5
2010-02-18,34,6.2
2010-02-19,65,16.8
2010-02-20,64,16.0
2010-02-21,48,8.7
2010-02-22,24,4.3
2010-02-23,44,8.0
2010-02-24,26,4.7
2010-02-25,25,4.5
2010-02-26,38,6.8
2010-02-27,44,8.0
2010-03-06,64,16.2
2010-03-08,69,18.5
2010-03-09,52,9.7
2010-03-10,49,8.9
2010-03-11,40,7.2
2010-03-12,39,7.0
2010-03-13,29,5.2
2010-03-14,39,7.0
2010-03-15,42,7.5
2010-03-16,44,8.0
2010-03-17,56,11.6
2010-03-18,58,12.6
2010-03-19,70,19.1
2010-03-20,58,13.1
2010-03-21,22,3.9
2010-03-22,44,8.0
2010-03-23,59,13.4
2010-03-24,61,14.5
2010-03-25,43,7.7
2010-03-26,28,5.1
2010-03-27,47,8.4
2010-03-28,29,5.3
2010-03-29,42,7.5
2010-03-30,52,9.7
2010-03-31,43,7.8
2010-04-01,43,7.7
2010-04-02,47,8.4
2010-04-03,55,11.4
2010-04-04,50,9.0
2010-04-05,52,9.5
2010-04-06,39,7.1
2010-04-07,37,6.7
2010-04-08,25,4.5
2010-04-09,29,5.2
2010-04-10,47,8.4
2010-04-11,50,9.0
2010-04-12,49,8.9
2010-04-13,41,7.3
2010-04-14,30,5.4
2010-04-15,43,7.8
2010-04-16,59,13.3
2010-04-17,57,12.5
2010-04-18,59,13.4
2010-04-19,53,10.3
2010-04-20,52,9.9
2010-04-21,63,15.5
2010-04-22,59,13.2
2010-04-23,51,9.1
2010-04-24,60,13.7
2010-04-25,26,4.7
2010-04-26,38,6.8
2010-04-27,28,5.0
2010-04-28,29,5.2
2010-04-29,49,8.8
2010-04-30,47,8.4
2010-05-01,62,15.0
2010-05-02,60,13.9
2010-05-05,59,13.2
2010-05-06,60,14.0
2010-05-07,61,14.2
2010-05-08,53,10.2
2010-05-09,32,5.7
2010-05-10,53,10.1
2010-05-12,55,11.4
2010-05-13,51,9.1
2010-05-14,54,10.6
2010-05-15,32,5.8
2010-05-16,29,5.2
2010-05-17,47,8.4
2010-05-18,46,8.2
2010-05-19,52,9.8
2010-05-20,38,6.8
2010-05-21,31,5.6
2010-05-22,32,5.8
2010-05-23,55,11.5
2010-05-24,69,18.8
2010-05-25,61,14.4
2010-05-26,55,11.1
2010-05-27,54,10.9
2010-05-28,61,14.7
2010-05-29,65,16.5
2010-05-30,56,11.9
2010-05-31,54,10.6
2010-06-01,52,9.9
2010-06-02,46,8.3
2010-06-03,36,6.4
2010-06-04,25,4.5
2010-06-05,31,5.5
2010-06-06,41,7.4
2010-06-07,58,12.7
2010-06-08,60,14.1
2010-06-09,69,18.5
2010-06-10,64,16.1
2010-06-11,54,10.5
2010-06-12,54,10.8
2010-06-13,60,13.8
2010-06-14,54,10.8
2010-06-15,53,10.2
2010-06-16,57,12.5
2010-06-17,53,10.1
2010-06-18,47,8.5
2010-06-19,43,7.8
2010-06-20,52,9.8
2010-06-21,62,14.8
2010-06-22,54,10.8
2010-06-23,24,4.4
2010-06-24,48,8.6
2010-06-25,55,11.1
2010-06-26,54,10.6
2010-06-27,51,9.3
2010-06-28,27,4.9
2010-06-29,32,5.8
2010-06-30,17,3.0
2010-07-01,25,4.5
2010-07-02,52,9.4
2010-07-03,48,8.6
2010-07-04,52,9.7
2010-07-05,24,4.3
2010-07-06,41,7.3
2010-07-07,57,12.5
2010-07-08,42,7.6
2010-07-09,60,14.1
2010-07-10,60,13.9
2010-07-11,55,11.3
2010-07-12,46,8.2
2010-07-13,63,15.3
2010-07-14,61,14.3
2010-07-15,62,14.8
2010-07-16,57,12.2
2010-07-17,37,6.7
2010-07-18,32,5.7
2010-07-19,54,10.7
2010-07-20,43,7.8
2010-07-21,55,11.2
2010-07-22,57,12.1
2010-07-23,67,17.5
2010-07-24,65,16.7
2010-07-25,34,6.2
2010-07-26,27,4.8
2010-07-27,22,3.9
2010-07-28,52,9.4
2010-07-29,57,12.4
2010-07-30,58,13.0
2010-07-31,61,14.2
2010-08-01,63,15.3
2010-08-02,70,19.2
2010-08-03,74,21.4
2010-08-04,64,16.3
2010-08-05,34,6.2
2010-08-06,56,11.6
2010-08-07,57,12.1
2010-08-08,36,6.4
2010-08-09,32,5.7
2010-08-10,61,14.7
2010-08-11,60,14.0
2010-08-12,35,6.3
2010-08-13,55,11.4
2010-08-14,48,8.7
2010-08-15,44,8.0
2010-08-16,48,8.6
2010-08-17,37,6.7
2010-08-18,40,7.2
2010-08-19,30,5.4
2010-08-20,26,4.7
2010-08-21,24,4.4
2010-08-22,38,6.9
2010-08-23,35,6.3
2010-08-24,60,13.7
2010-08-25,64,16.0
2010-08-26,67,17.7
2010-08-27,46,8.2
2010-08-28,26,4.7
2010-08-29,20,3.6
2010-08-30,15,2.7
2010-08-31,26,4.6
2010-09-01,34,6.2
2010-09-02,54,10.8
2010-09-03,63,15.5
2010-09-04,54,10.6
2010-09-05,50,9.0
2010-09-06,31,5.6
2010-09-07,22,3.9
2010-09-08,29,5.2
2010-09-09,31,5.5
2010-09-10,38,6.9
2010-09-11,38,6.9
2010-09-12,48,8.7
2010-09-13,40,7.2
2010-09-14,54,10.5
2010-09-15,54,10.9
2010-09-16,43,7.8
2010-09-17,42,7.6
2010-09-18,50,9.0
2010-09-19,50,9.0
2010-09-20,57,12.4
2010-09-21,52,9.5
2010-09-22,43,7.8
2010-09-23,46,8.2
2010-09-24,28,5.0
2010-09-25,22,4.0
2010-09-26,43,7.8
2010-09-27,53,10.2
2010-09-28,55,11.0
2010-09-29,60,13.9
2010-09-30,57,12.2
2010-10-01,55,11.5
2010-10-02,44,7.9
2010-10-03,39,7.1
2010-10-04,29,5.3
2010-10-05,33,5.9
2010-10-06,49,8.8
2010-10-07,60,13.8
2010-10-08,69,18.5
2010-10-09,82,25.9
2010-10-10,75,22.0
2010-10-11,60,14.0
2010-10-12,38,6.9
2010-10-13,48,8.6
2010-10-14,54,10.7
2010-10-15,40,7.2
2010-10-16,60,14.0
2010-10-17,66,17.2
2010-10-18,59,13.6
2010-10-19,61,14.3
2010-10-20,55,11.5
2010-10-21,59,13.2
2010-10-23,57,12.1
2010-10-24,47,8.5
2010-10-25,31,5.6
2010-10-26,33,5.9
2010-10-27,26,4.7
2010-10-28,21,3.7
2010-10-29,37,6.7
2010-10-30,51,9.2
2010-10-31,55,11.4
2010-11-01,42,7.6
2010-11-02,31,5.6
2010-11-03,18,3.2
2010-11-04,28,5.1
2010-11-05,18,3.3
2010-11-06,26,4.6
2010-11-07,47,8.5
2010-11-08,57,12.3
2010-11-09,59,13.4
2010-11-10,55,11.0
2010-11-11,68,18.3
2010-11-13,47,8.5
2010-11-14,34,6.2
2010-11-15,23,4.2
2010-11-16,42,7.5
2010-11-17,30,5.4
2010-11-18,48,8.7
2010-11-19,60,13.7
2010-11-20,72,20.6
2010-11-21,36,6.5
2010-11-22,44,7.9
2010-11-23,29,5.2
2010-11-24,21,3.7
2010-11-25,27,4.8
2010-11-26,13,2.4
2010-11-27,31,5.5
2010-11-28,27,4.9
2010-11-29,28,5.0
2010-11-30,25,4.5
2010-12-01,33,6.0
2010-12-02,53,10.2
2010-12-03,57,12.3
2010-12-04,52,9.5
2010-12-05,53,10.1
2010-12-06,30,5.4
2010-12-07,43,7.7
2010-12-08,52,9.8
2010-12-09,53,10.4
2010-12-10,50,9.0
2010-12-11,32,5.8
2010-12-12,17,3.0
2010-12-13,13,2.4
2010-12-14,24,4.4
2010-12-15,28,5.0
2010-12-16,38,6.8
2010-12-17,57,12.2
2010-12-18,52,9.5
2010-12-19,54,10.9
2010-12-20,52,9.6
2010-12-21,41,7.4
2010-12-22,60,13.7
2010-12-23,54,10.7
2010-12-24,60,14.1
2010-12-25,51,9.1
2010-12-26,30,5.4
2010-12-27,44,7.9
2010-12-28,58,13.1
2010-12-29,28,5.0
2010-12-30,28,5.0
2010-12-31,42,7.5
2011-01-01,29,5.2
2011-01-02,21,3.8
2011-01-03,27,4.9
2011-01-04,36,6.4
2011-01-05,42,7.6
2011-01-06,44,7.9
2011-01-07,41,7.3
2011-01-08,33,6.0
2011-01-09,32,5.7
2011-01-10,47,8.4
2011-01-11,35,6.3
2011-01-12,26,4.6
2011-01-13,48,8.7
2011-01-14,54,10.7
2011-01-15,57,12.2
2011-01-16,56,11.9
2011-01-17,54,10.5
2011-01-18,42,7.5
2011-01-19,52,9.5
2011-01-20,49,8.9
2011-01-21,29,5.3
2011-01-22,49,8.9
2011-01-23,58,12.7
2011-01-24,31,5.6
2011-01-25,34,6.2
2011-01-26,31,5.6
2011-01-27,51,9.3
2011-01-28,54,10.8
2011-01-29,58,13.1
2011-01-30,61,14.6
2011-01-31,37,6.6
2011-02-01,34,6.1
2011-02-02,37,6.6
2011-02-03,34,6.1
2011-02-04,29,5.2
2011-02-05,53,10.3
2011-02-06,45,8.1
2011-02-07,49,8.8
2011-02-08,55,11.0
2011-02-09,43,7.8
2011-02-10,47,8.4
2011-02-11,43,7.7
2011-02-12,39,7.0
2011-02-13,62,15.1
2011-02-14,59,13.3
2011-02-15,53,10.1
2011-02-16,55,11.3
2011-02-17,52,9.7
2011-02-18,52,9.7
2011-02-19,44,8.0
2011-02-20,31,5.6
2011-02-21,46,8.2
2011-02-22,56,11.8
2011-02-23,52,9.9
2011-02-24,44,8.0
2011-02-25,53,10.3
2011-02-26,53,10.0
2011-02-27,46,8.2
2011-02-28,53,10.3
2011-03-01,43,7.7
2011-03-02,54,10.6
2011-03-03,46,8.2
2011-03-04,36,6.4
2011-03-05,19,3.4
2011-03-06,44,7.9
2011-03-07,53,10.1
2011-03-08,38,6.9
2011-03-09,47,8.4
2011-03-10,39,7.1
2011-03-11,38,6.9
2011-03-12,35,6.3
2011-03-13,31,5.6
2011-03-14,41,7.3
2011-03-17,43,7.8
2011-03-18,50,9.0
2011-03-19,52,9.8
2011-03-20,62,14.9
2011-03-21,53,10.0
2011-03-22,57,12.5
2011-03-23,52,9.5
2011-03-24,48,8.7
2011-03-25,56,11.6
2011-03-26,41,7.3
2011-03-27,47,8.5
2011-03-28,59,13.5
2011-03-29,55,11.4
2011-03-30,26,4.7
2011-03-31,54,10.9
2011-04-01,61,14.7
2011-04-02,58,13.1
2011-04-03,39,7.0
2011-04-04,52,9.5
2011-04-05,26,4.7
2011-04-06,40,7.2
2011-04-07,46,8.3
2011-04-08,55,11.5
2011-04-09,47,8.4
2011-04-10,39,7.1
2011-04-11,53,10.0
2011-04-12,36,6.4
2011-04-13,47,8.5
2011-04-14,52,9.5
2011-04-15,62,15.1
2011-04-16,46,8.2
2011-04-17,32,5.8
2011-04-18,47,8.4
2011-04-19,56,12.0
2011-04-20,56,11.7
2011-04-21,41,7.3
2011-04-22,33,5.9
2011-04-23,33,6.0
2011-04-24,42,7.5
2011-04-25,46,8.3
2011-04-26,45,8.1
2011-04-27,65,16.4
2011-04-28,24,4.4
2011-04-29,31,5.6
2011-04-30,32,5.8
2011-05-01,51,9.3
2011-05-02,49,8.9
2011-05-03,19,3.5
2011-05-04,29,5.3
2011-05-05,41,7.4
2011-05-06,57,12.5
2011-05-07,61,14.2
2011-05-09,54,10.7
2011-05-10,42,7.5
2011-05-11,46,8.3
2011-05-12,55,11.5
2011-05-13,52,9.7
2011-05-14,31,5.5
2011-05-15,24,4.3
2011-05-16,27,4.8
2011-05-17,38,6.9
2011-05-18,52,9.7
2011-05-19,41,7.4
2011-05-20,58,13.0
2011-05-21,61,14.6
2011-05-22,52,9.6
2011-05-23,54,10.5
2011-05-24,34,6.2
2011-05-25,33,5.9
2011-05-26,54,10.8
2011-05-27,56,11.6
2011-05-28,52,9.4
2011-05-29,51,9.3
2011-05-30,50,9.0
2011-05-31,42,7.6
2011-06-01,62,14.9
2011-06-02,71,19.9
2011-06-03,52,9.5
2011-06-04,66,16.9
2011-06-05,84,26.8
2011-06-06,79,24.0
2011-06-07,70,19.1
2011-06-08,61,14.7
2011-06-09,60,14.1
2011-06-10,67,17.6
2011-06-11,71,19.6
2011-06-12,71,19.6
2011-06-13,63,15.8
2011-06-14,57,12.3
2011-06-15,39,7.1
2011-06-16,44,8.0
2011-06-17,48,8.6
2011-06-18,48,8.7
2011-06-19,43,7.8
2011-06-20,38,6.8
2011-06-21,31,5.6
2011-06-22,31,5.6
2011-06-23,27,4.8
2011-06-24,19,3.5
2011-06-25,29,5.3
2011-06-26,41,7.3
2011-06-27,47,8.5
2011-06-28,46,8.2
2011-06-29,48,8.7
2011-06-30,56,12.0
2011-07-01,54,10.8
2011-07-02,59,13.3
2011-07-03,62,15.2
2011-07-04,71,19.9
2011-07-05,58,13.0
2011-07-06,56,11.7
2011-07-07,58,12.8
2011-07-08,43,7.7
2011-07-09,37,6.6
2011-07-10,49,8.8
2011-07-11,43,7.8
2011-07-12,51,9.3
2011-07-13,28,5.1
2011-07-14,55,11.4
2011-07-15,41,7.4
2011-07-16,46,8.3
2011-07-17,52,9.4
2011-07-18,38,6.8
2011-07-19,32,5.7
2011-07-20,31,5.6
2011-07-21,34,6.2
2011-07-22,34,6.1
2011-07-23,28,5.0
2011-07-24,23,4.2
2011-07-25,33,5.9
2011-07-26,34,6.2
2011-07-27,33,6.0
2011-07-28,27,4.8
2011-07-29,28,5.0
2011-07-30,33,5.9
2011-07-31,30,5.4
2011-08-01,50,9.0
2011-08-02,58,13.0
2011-08-03,53,10.2
2011-08-04,6,1.0
2011-08-05,52,9.5
2011-08-06,61,14.7
2011-08-07,55,11.2
2011-08-08,29,5.2
2011-08-09,47,8.4
2011-08-10,53,10.4
2011-08-11,52,9.8
2011-08-12,52,9.5
2011-08-13,48,8.6
2011-08-14,45,8.1
2011-08-15,39,7.1
2011-08-16,57,12.1
2011-08-17,59,13.2
2011-08-18,65,16.8
2011-08-19,64,16.3
2011-08-20,57,12.3
2011-08-21,55,11.0
2011-08-22,60,13.7
2011-08-23,61,14.2
2011-08-24,30,5.4
2011-08-25,67,17.5
2011-08-26,72,20.4
2011-08-27,62,14.9
2011-08-28,59,13.2
2011-08-29,85,27.2
2011-08-30,85,27.5
2011-08-31,75,22.2
2011-09-01,27,4.8
2011-09-02,32,5.8
2011-09-03,13,2.3
2011-09-04,17,3.1
2011-09-05,29,5.2
2011-09-06,41,7.4
2011-09-07,42,7.6
2011-09-08,57,12.1
2011-09-09,61,14.7
2011-09-10,75,22.2
2011-09-11,81,25.0
2011-09-12,67,17.8
2011-09-13,62,14.8
2011-09-14,56,12.0
2011-09-15,63,15.5
2011-09-16,62,15.0
2011-09-17,61,14.5
2011-09-18,56,12.0
2011-09-19,53,10.0
2011-09-20,50,9.0
2011-09-21,26,4.6
2011-09-22,44,8.0
2011-09-23,64,16.2
2011-09-25,60,14.1
2011-09-27,34,6.2
2011-09-28,47,8.4
2011-09-29,52,9.7
2011-09-30,51,9.1
2011-10-01,27,4.9
2011-10-02,30,5.4
2011-10-03,39,7.0
2011-10-04,55,11.4
2011-10-05,60,13.7
2011-10-06,54,10.7
2011-10-07,49,8.8
2011-10-08,52,9.6
2011-10-09,38,6.9
2011-10-10,37,6.7
2011-10-11,37,6.6
2011-10-12,57,12.3
2011-10-13,52,9.5
2011-10-14,40,7.2
2011-10-15,54,10.9
2011-10-16,52,9.9
2011-10-17,53,10.4
2011-10-18,38,6.8
2011-10-19,28,5.1
2011-10-20,33,6.0
2011-10-21,53,10.4
2011-10-22,56,11.8
2011-10-23,57,12.1
2011-10-24,58,13.1
2011-10-25,58,12.9
2011-10-26,54,10.9
2011-10-27,46,8.2
2011-10-28,47,8.4
2011-10-29,31,5.5
2011-10-30,41,7.4
2011-10-31,54,10.6
2011-11-01,54,10.9
2011-11-02,44,8.0
2011-11-03,30,5.4
2011-11-04,29,5.2
2011-11-05,57,12.2
2011-11-06,48,8.6
2011-11-07,27,4.9
2011-11-08,22,3.9
2011-11-09,25,4.5
2011-11-10,18,3.3
2011-11-11,29,5.3
2011-11-12,33,6.0
2011-11-13,34,6.2
2011-11-14,41,7.4
2011-11-15,29,5.2
2011-11-16,43,7.8
2011-11-17,22,3.9
2011-11-18,36,6.5
2011-11-19,49,8.8
2011-11-20,33,5.9
2011-11-21,28,5.1
2011-11-22,22,4.0
2011-11-23,27,4.9
2011-11-24,47,8.4
2011-11-25,33,6.0
2011-11-26,26,4.7
2011-11-27,18,3.2
2011-11-28,28,5.1
2011-11-29,32,5.7
2011-11-30,32,5.8
2011-12-01,51,9.1
2011-12-02,53,10.0
2011-12-03,36,6.4
2011-12-04,26,4.7
2011-12-05,22,4.0
2011-12-06,5,0.9
2011-12-07,31,5.6
2011-12-08,54,10.6
2011-12-09,52,9.9
2011-12-10,60,14.0
2011-12-11,49,8.8
2011-12-12,57,12.3
2011-12-13,46,8.2
2011-12-14,46,8.2
2011-12-15,28,5.0
2011-12-16,31,5.6
2011-12-17,31,5.5
2011-12-18,52,9.5
2011-12-19,47,8.5
2011-12-20,40,7.2
2011-12-21,46,8.3
2011-12-22,17,3.1
2011-12-23,19,3.5
2011-12-24,51,9.1
2011-12-25,43,7.7
2011-12-26,23,4.2
2011-12-27,25,4.5
2011-12-28,39,7.1
2011-12-29,43,7.7
2011-12-30,32,5.7
2011-12-31,59,13.4
2012-01-01,53,10.4
2012-01-02,12,2.2
2012-01-03,23,4.1
2012-01-04,47,8.5
2012-01-05,51,9.1
2012-01-06,35,6.3
2012-01-07,27,4.9
2012-01-08,28,5.0
2012-01-09,32,5.7
2012-01-10,35,6.3
2012-01-11,39,7.1
2012-01-12,27,4.8
2012-01-13,39,7.1
2012-01-14,53,10.0
2012-01-15,67,17.5
2012-01-16,52,9.6
2012-01-17,37,6.6
2012-01-18,39,7.1
2012-01-19,55,11.1
2012-01-20,31,5.6
2012-01-21,47,8.5
2012-01-22,50,9.0
2012-01-23,58,12.9
2012-01-24,27,4.9
2012-01-25,36,6.4
2012-01-26,52,9.8
2012-01-27,36,6.4
2012-01-28,41,7.3
2012-01-29,28,5.0
2012-01-30,52,9.7
2012-01-31,56,12.0
2012-02-01,52,9.6
2012-02-02,35,6.3
2012-02-03,48,8.7
2012-02-04,35,6.3
2012-02-05,26,4.7
2012-02-06,27,4.8
2012-02-07,43,7.7
2012-02-08,36,6.4
2012-02-09,48,8.6
2012-02-10,58,12.7
2012-02-11,30,5.4
2012-02-12,22,3.9
2012-02-13,23,4.1
2012-02-14,34,6.1
2012-02-15,45,8.1
2012-02-16,31,5.5
2012-02-17,52,9.6
2012-02-18,33,5.9
2012-02-19,21,3.7
2012-02-20,41,7.4
2012-02-21,44,8.0
2012-02-22,33,5.9
2012-02-23,56,11.7
2012-02-24,32,5.7
2012-02-25,19,3.4
2012-02-26,27,4.8
2012-02-27,33,6.0
2012-02-28,38,6.8
2012-02-29,34,6.1
2012-03-01,46,8.2
2012-03-02,42,7.5
2012-03-03,31,5.6
2012-03-04,26,4.6
2012-03-05,33,5.9
2012-03-06,48,8.7
2012-03-07,44,7.9
2012-03-08,36,6.4
2012-03-09,15,2.7
2012-03-10,41,7.3
2012-03-11,47,8.4
2012-03-12,19,3.4
2012-03-13,36,6.5
2012-03-14,34,6.1
2012-03-15,40,7.2
2012-03-16,49,8.8
2012-03-17,33,6.0
2012-03-18,25,4.5
2012-03-19,29,5.2
2012-03-20,29,5.3
2012-03-21,23,4.2
2012-03-22,23,4.2
2012-03-23,36,6.5
2012-03-24,43,7.8
2012-03-25,35,6.3
2012-03-26,53,10.3
2012-03-27,59,13.5
2012-03-28,52,9.5
2012-03-29,44,7.9
2012-03-30,46,8.3
2012-03-31,43,7.7
2012-04-01,53,10.2
2012-04-02,42,7.5
2012-04-03,47,8.5
2012-04-04,24,4.3
2012-04-05,49,8.8
2012-04-06,28,5.1
2012-04-07,54,10.6
2012-04-08,84,26.9
2012-04-09,55,11.3
2012-04-10,55,11.2
2012-04-11,57,12.4
2012-04-12,49,8.8
2012-04-13,58,12.7
2012-04-14,59,13.6
2012-04-15,56,12.0
2012-04-16,43,7.7
2012-04-17,19,3.4
2012-04-18,22,4.0
2012-04-19,32,5.7
2012-04-20,45,8.1
2012-04-25,46,8.3
2012-04-26,49,8.8
2012-04-27,43,7.7
2012-04-28,37,6.7
2012-04-29,47,8.4
2012-04-30,44,7.9
2012-05-01,38,6.8
2012-05-02,27,4.9
2012-05-03,29,5.2
2012-05-04,43,7.8
2012-05-05,58,12.7
2012-05-06,49,8.8
2012-05-07,47,8.5
2012-05-08,42,7.5
2012-05-09,46,8.2
2012-05-10,51,9.1
2012-05-11,54,10.9
2012-05-12,32,5.8
2012-05-13,52,9.6
2012-05-14,58,12.7
2012-05-15,66,16.9
2012-05-16,58,12.6
2012-05-17,61,14.7
2012-05-18,66,17.1
2012-05-19,60,14.1
2012-05-20,56,12.0
2012-05-21,65,16.5
2012-05-22,65,16.5
2012-05-23,68,18.0
2012-05-24,55,11.4
2012-05-25,55,11.3
2012-05-26,57,12.4
2012-05-27,69,18.5
2012-05-28,69,19.0
2012-05-29,47,8.5
2012-05-30,54,10.6
2012-05-31,34,6.2
2012-06-01,36,6.5
2012-06-02,39,7.1
2012-06-03,53,10.1
2012-06-04,47,8.5
2012-06-05,34,6.2
2012-06-06,53,10.0
2012-06-07,55,11.1
2012-06-08,36,6.4
2012-06-09,23,4.2
2012-06-10,26,4.7
2012-06-11,56,11.6
2012-06-12,27,4.8
2012-06-13,39,7.1
2012-06-14,52,9.5
2012-06-15,40,7.2
2012-06-16,38,6.8
2012-06-17,27,4.8
2012-06-18,28,5.0
2012-06-19,29,5.2
2012-06-20,37,6.7
2012-06-21,47,8.4
2012-06-22,48,8.6
2012-06-23,31,5.6
2012-06-24,31,5.6
2012-06-25,58,12.6
2012-06-26,70,19.1
2012-06-27,65,16.7
2012-06-28,59,13.3
2012-06-29,61,14.4
2012-06-30,53,10.2
2012-07-01,51,9.3
2012-07-02,60,14.0
2012-07-03,68,18.2
2012-07-04,57,12.3
2012-07-05,56,11.7
2012-07-06,48,8.7
2012-07-07,52,9.9
2012-07-08,37,6.7
2012-07-09,32,5.8
2012-07-10,26,4.6
2012-07-11,50,9.0
2012-07-12,36,6.5
2012-07-13,17,3.1
2012-07-14,23,4.2
2012-07-15,24,4.4
2012-07-16,24,4.4
2012-07-17,36,6.5
2012-07-18,31,5.6
2012-07-19,32,5.7
2012-07-20,23,4.2
2012-07-21,35,6.3
2012-07-22,34,6.1
2012-07-23,45,8.1
2012-07-24,52,9.7
2012-07-25,42,7.5
2012-07-26,25,4.5
2012-07-27,37,6.7
2012-07-28,54,10.7
2012-07-29,62,14.9
2012-07-30,63,15.4
2012-07-31,54,10.9
2012-08-01,51,9.3
2012-08-02,50,9.0
2012-08-03,40,7.2
2012-08-04,39,7.0
2012-08-05,36,6.5
2012-08-06,37,6.7
2012-08-07,60,13.9
2012-08-08,49,8.8
2012-08-09,36,6.5
2012-08-10,49,8.8
2012-08-11,47,8.5
2012-08-12,54,10.8
2012-08-13,33,5.9
2012-08-14,21,3.8
2012-08-15,44,7.9
2012-08-16,34,6.2
2012-08-17,33,5.9
2012-08-18,23,4.2
2012-08-19,19,3.4
2012-08-20,41,7.3
2012-08-21,56,12.0
2012-08-22,60,14.1
2012-08-23,56,11.6
2012-08-24,37,6.6
2012-08-25,33,5.9
2012-08-26,51,9.1
2012-09-03,54,10.5
2012-09-04,48,8.7
2012-09-05,54,10.6
2012-09-06,52,9.4
2012-09-07,24,4.3
2012-09-08,52,9.7
2012-09-09,39,7.1
2012-09-10,49,8.8
2012-09-11,53,10.1
2012-09-12,51,9.1
2012-09-13,42,7.6
2012-09-14,53,10.3
2012-09-15,55,11.2
2012-09-16,34,6.2
2012-09-17,31,5.5
2012-09-18,41,7.3
2012-09-19,44,8.0
2012-09-20,61,14.2
2012-09-21,64,15.9
2012-09-22,60,13.9
2012-09-23,70,19.5
2012-09-24,78,23.8
2012-09-25,64,16.1
2012-09-26,51,9.3
2012-09-27,47,8.4
2012-09-28,31,5.6
2012-09-29,28,5.0
2012-09-30,22,4.0
2012-10-01,30,5.4
2012-10-02,51,9.2
2012-10-03,56,12.0
2012-10-04,5,0.9
2012-10-05,53,10.0
2012-10-06,47,8.4
2012-10-07,39,7.1
2012-10-08,33,5.9
2012-10-09,41,7.4
2012-10-10,54,10.9
2012-10-11,61,14.4
2012-10-12,8,1.5
2012-10-13,62,15.1
2012-10-14,55,11.3
2012-10-15,33,5.9
2012-10-16,33,5.9
2012-10-17,19,3.5
2012-10-18,14,2.6
2012-10-19,10,1.8
2012-10-20,48,8.7
2012-10-22,39,7.0
2012-10-23,39,7.1
2012-10-24,36,6.4
2012-10-25,22,3.9
2012-10-26,43,7.7
2012-10-27,47,8.5
2012-11-03,52,9.5
2012-11-04,32,5.8
2012-11-05,55,11.0
2012-11-06,56,11.9
2012-11-07,42,7.5
2012-11-08,28,5.1
2012-11-09,47,8.4
2012-11-10,28,5.0
2012-11-11,32,5.7
2012-11-12,23,4.2
2012-11-13,25,4.5
2012-11-14,36,6.5
2012-11-15,52,9.7
2012-11-16,61,14.2
2012-11-17,65,16.6
2012-11-18,58,13.1
2012-11-19,52,9.7
2012-11-20,57,12.5
2012-11-21,62,14.9
2012-11-22,66,17.2
2012-11-23,68,18.0
2012-11-24,27,4.8
2012-11-25,47,8.4
2012-11-26,18,3.3
2012-11-27,32,5.7
2012-11-28,51,9.3
2012-11-29,58,12.6
2012-12-02,16,2.8
2012-12-03,19,3.5
2012-12-04,12,2.2
2012-12-05,18,3.3
2012-12-06,38,6.8
2012-12-07,40,7.2
2012-12-08,41,7.4
2012-12-09,31,5.6
2012-12-10,26,4.7
2012-12-11,50,9.0
2012-12-12,28,5.1
2012-12-13,52,9.4
2012-12-14,54,10.9
2012-12-15,38,6.9
2012-12-16,40,7.2
2012-12-17,33,5.9
2012-12-18,49,8.8
2012-12-19,31,5.6
2012-12-20,28,5.0
2012-12-21,11,1.9
2012-12-22,27,4.9
2012-12-23,12,2.1
2012-12-24,31,5.5
2012-12-25,16,2.8
2012-12-26,32,5.8
2012-12-27,54,10.8
2012-12-28,31,5.6
2012-12-29,30,5.4
2012-12-30,59,13.4
2012-12-31,66,17.3
2013-01-01,40,7.2
2013-01-02,32,5.7
2013-01-03,49,8.9
2013-01-04,42,7.6
2013-01-05,34,6.1
2013-01-06,33,5.9
2013-01-19,51,9.2
2013-01-20,55,11.0
2013-01-21,53,10.2
2013-01-22,53,10.1
2013-01-23,59,13.3
2013-01-24,53,10.2
2013-01-25,49,8.9
2013-01-26,47,8.4
2013-01-27,41,7.3
2013-01-28,52,9.5
2013-01-29,37,6.7
2013-01-30,24,4.3
2013-01-31,20,3.6
2013-02-01,37,6.7
2013-02-02,52,9.5
2013-02-03,48,8.6
2013-02-04,54,10.5
2013-02-05,35,6.3
2013-02-06,40,7.2
2013-02-07,28,5.0
2013-02-08,54,10.9
2013-02-09,39,7.0
2013-02-10,46,8.2
2013-02-11,36,6.4
2013-02-12,21,3.7
2013-02-13,24,4.4
2013-02-14,43,7.7
2013-02-15,40,7.2
2013-02-16,16,2.9
2013-02-17,32,5.7
2013-02-18,24,4.3
2013-02-19,21,3.7
2013-02-20,22,3.9
2013-02-21,43,7.7
2013-02-22,31,5.5
2013-02-23,36,6.4
2013-02-24,47,8.5
2013-02-25,21,3.7
2013-02-26,28,5.0
2013-02-27,9,1.7
2013-02-28,30,5.4
2013-03-01,30,5.4
2013-03-02,38,6.9
2013-03-03,43,7.8
2013-03-05,36,6.5
2013-03-06,52,9.8
2013-03-07,56,11.6
2013-03-08,68,18.2
2013-03-09,70,19.3
2013-03-10,56,11.7
2013-03-11,32,5.7
2013-03-12,34,6.2
2013-03-13,29,5.2
2013-03-14,27,4.9
2013-03-15,30,5.4
2013-03-16,32,5.8
2013-03-17,53,10.2
2013-03-18,46,8.3
2013-03-19,52,9.4
2013-03-20,32,5.7
2013-03-21,32,5.7
2013-03-22,36,6.4
2013-03-23,53,10.0
2013-03-24,42,7.5
2013-03-25,32,5.8
2013-03-26,47,8.4
2013-03-27,34,6.2
2013-03-28,52,9.8
2013-03-29,54,10.5
2013-03-30,47,8.5
2013-03-31,35,6.3
2013-04-01,29,5.3
2013-04-02,53,10.1
2013-04-03,32,5.8
2013-04-04,37,6.7
2013-04-05,32,5.8
2013-04-06,40,7.2
2013-04-07,23,4.1
2013-04-08,33,6.0
2013-04-09,42,7.6
2013-04-10,40,7.2
2013-04-11,29,5.3
2013-04-12,28,5.0
2013-04-13,34,6.2
2013-04-14,7,1.2
2013-04-15,39,7.0
2013-04-16,36,6.4
2013-04-17,47,8.4
2013-04-18,46,8.3
2013-04-19,18,3.3
2013-04-20,31,5.6
2013-04-21,38,6.9
2013-04-22,45,8.1
2013-04-23,40,7.2
2013-04-24,22,4.0
2013-04-25,24,4.3
2013-04-26,46,8.2
2013-04-27,52,9.8
2013-04-28,42,7.5
2013-04-29,44,7.9
2013-04-30,26,4.7
2013-05-01,17,3.0
2013-05-02,24,4.4
2013-05-03,17,3.0
2013-05-04,23,4.1
2013-05-05,23,4.1
2013-05-06,31,5.5
2013-05-07,52,9.9
2013-05-08,56,11.9
2013-05-09,33,5.9
2013-05-10,28,5.0
2013-05-11,40,7.2
2013-05-12,35,6.3
2013-05-13,33,6.0
2013-05-14,47,8.4
2013-05-15,53,10.0
2013-05-16,44,7.9
2013-05-17,48,8.6
2013-05-18,53,10.2
2013-05-19,44,8.0
2013-05-20,40,7.2
2013-05-21,38,6.9
2013-05-22,28,5.1
2013-05-23,44,7.9
2013-05-24,53,10.4
2013-05-25,41,7.4
2013-05-26,43,7.7
2013-05-27,39,7.0
2013-05-28,33,5.9
2013-05-29,30,5.4
2013-05-30,13,2.3
2013-05-31,19,3.5
2013-06-01,29,5.2
2013-06-02,23,4.2
2013-06-03,30,5.4
2013-06-04,21,3.7
2013-06-05,30,5.4
2013-06-06,38,6.8
2013-06-07,49,8.8
2013-06-08,44,7.9
2013-06-09,18,3.2
2013-06-10,55,11.2
2013-06-11,56,11.9
2013-06-12,48,8.6
2013-06-13,53,10.4
2013-06-14,55,11.0
2013-06-15,60,13.7
2013-06-16,51,9.1
2013-06-17,34,6.2
2013-06-18,25,4.5
2013-06-19,36,6.5
2013-06-20,51,9.3
2013-06-21,58,12.7
2013-06-22,48,8.6
2013-06-23,35,6.3
2013-06-24,57,12.1
2013-06-25,54,10.6
2013-06-26,51,9.3
2013-06-27,39,7.0
2013-06-28,42,7.5
2013-06-29,36,6.4
2013-06-30,44,8.0
2013-07-01,36,6.4
2013-07-02,52,9.4
2013-07-03,52,9.8
2013-07-04,36,6.5
2013-07-05,34,6.1
2013-07-06,3,0.6
2013-07-07,5,0.9
2013-07-09,30,5.4
2013-07-10,36,6.5
2013-07-11,31,5.6
2013-07-12,46,8.3
2013-07-13,64,15.9
2013-07-14,24,4.4
2013-07-15,19,3.5
2013-07-16,31,5.5
2013-07-17,30,5.4
2013-07-18,42,7.5
2013-07-19,26,4.7
2013-07-20,23,4.1
2013-07-21,24,4.4
2013-07-22,34,6.1
2013-07-23,54,10.8
2013-07-24,58,12.7
2013-07-25,55,11.2
2013-07-26,59,13.2
2013-07-27,39,7.0
2013-07-28,40,7.2
2013-07-29,57,12.1
2013-07-30,59,13.4
2013-07-31,52,9.6
2013-08-01,55,11.5
2013-08-02,59,13.4
2013-08-03,55,11.4
2013-08-04,48,8.6
2013-08-05,41,7.3
2013-08-06,34,6.2
2013-08-07,56,11.7
2013-08-08,62,15.2
2013-08-09,47,8.4
2013-08-10,19,3.4
2013-08-11,21,3.7
2013-08-12,33,6.0
2013-08-13,31,5.5
2013-08-14,19,3.5
2013-08-15,48,8.7
2013-08-16,58,12.8
2013-08-17,34,6.1
2013-08-18,16,2.9
2013-08-19,20,3.6
2013-08-20,39,7.0
2013-08-21,18,3.2
2013-08-22,25,4.5
2013-08-23,15,2.7
2013-08-24,17,3.0
2013-08-25,14,2.5
2013-08-26,29,5.2
2013-08-27,57,12.4
2013-08-28,63,15.7
2013-08-29,66,17.2
2013-08-30,73,20.8
2013-08-31,53,10.1
2013-09-01,36,6.4
2013-09-02,29,5.2
2013-09-03,32,5.8
2013-09-04,34,6.2
2013-09-05,29,5.2
2013-09-06,42,7.5
2013-09-07,59,13.4
2013-09-08,55,11.3
2013-09-09,60,13.9
2013-09-10,59,13.2
2013-09-11,45,8.1
2013-09-12,42,7.5
2013-09-13,52,9.4
2013-09-14,64,15.9
2013-09-15,56,11.6
2013-09-16,43,7.7
2013-09-17,51,9.2
2013-09-18,26,4.7
2013-09-19,13,2.4
2013-09-20,11,2.0
2013-09-21,8,1.5
2013-09-22,16,2.9
2013-09-23,34,6.2
2013-09-24,11,1.9
2013-09-25,29,5.3
2013-09-26,52,9.8
2013-09-27,53,10.0
2013-09-28,49,8.9
2013-09-29,42,7.5
2013-09-30,14,2.5
2013-10-01,17,3.1
2013-10-02,17,3.1
2013-10-03,24,4.4
2013-10-08,22,3.9
2013-10-09,54,10.6
2013-10-10,53,10.2
2013-10-12,31,5.5
2013-10-13,39,7.0
2013-10-14,57,12.2
2013-10-15,44,7.9
2013-10-16,34,6.1
2013-10-17,26,4.6
2013-10-18,24,4.4
2013-10-19,31,5.6
2013-10-20,42,7.6
2013-10-21,56,11.9
2013-10-22,53,10.2
2013-10-23,16,2.8
2013-10-24,48,8.7
2013-10-25,38,6.9
2013-10-26,40,7.2
2013-10-27,49,8.8
2013-10-28,46,8.3
2013-10-29,44,8.0
2013-10-30,40,7.2
2013-10-31,26,4.6
2013-11-01,33,6.0
2013-11-02,29,5.3
2013-11-03,27,4.9
2013-11-04,37,6.7
2013-11-05,28,5.0
2013-11-06,23,4.2
2013-11-07,14,2.5
2013-11-08,20,3.6
2013-11-09,33,5.9
2013-11-10,53,10.0
2013-11-11,52,9.7
2013-11-12,52,9.6
2013-11-13,22,3.9
2013-11-14,27,4.9
2013-11-15,42,7.6
2013-11-16,20,3.6
2013-11-17,18,3.2
2013-11-18,17,3.1
2013-11-19,21,3.8
2013-11-20,45,8.1
2013-11-21,55,11.0
2013-11-22,39,7.0
2013-11-23,27,4.8
2013-11-24,27,4.8
2013-11-25,27,4.9
2013-11-26,11,1.9
2013-12-04,32,5.7
2013-12-05,38,6.8
2013-12-06,32,5.7
2013-12-07,43,7.7
2013-12-08,48,8.7
2013-12-09,18,3.2
2013-12-12,33,5.9
2013-12-13,38,6.9
2013-12-14,44,7.9
2013-12-15,41,7.4
2013-12-16,54,10.5
2013-12-17,62,15.1
2013-12-18,64,16.3
2013-12-19,35,6.3
2013-12-20,33,6.0
2013-12-21,33,5.9
2013-12-22,17,3.0
2013-12-23,32,5.7
2013-12-24,26,4.7
2013-12-25,31,5.6
2013-12-26,40,7.2
2013-12-27,44,8.0
2013-12-28,28,5.0
2013-12-29,24,4.4
2013-12-30,49,8.8
2014-01-01,86,27.9
2014-01-02,44,7.9
2014-01-03,31,5.5
2014-01-04,48,8.7
2014-01-05,46,8.2
2014-01-06,17,3.1
2014-01-07,28,5.0
2014-01-08,32,5.7
2014-01-09,42,7.5
2014-01-10,47,8.4
2014-01-11,27,4.9
2014-01-18,22,4.0
2014-01-19,43,7.8
2014-01-20,57,12.2
2014-01-21,28,5.1
2014-01-22,30,5.4
2014-01-23,47,8.4
2014-01-24,22,4.0
2014-01-25,55,11.3
2014-01-26,67,17.9
2014-01-27,46,8.3
2014-01-28,19,3.5
2014-01-29,19,3.4
2014-01-31,43,7.7
2014-02-01,34,6.1
2014-02-02,47,8.4
2014-02-03,17,3.0
2014-02-04,39,7.0
2014-02-05,19,3.5
2014-02-06,61,14.6
2014-02-07,61,14.2
2014-02-08,60,13.7
2014-02-09,64,16.3
2014-02-10,32,5.7
2014-02-11,14,2.5
2014-02-12,26,4.7
2014-02-13,51,9.1
2014-02-14,34,6.1
2014-02-15,28,5.1
2014-02-16,44,8.0
2014-02-17,41,7.3
2014-02-18,33,5.9
2014-02-19,34,6.2
2014-02-20,42,7.5
2014-02-21,22,3.9
2014-02-22,22,3.9
2014-02-23,28,5.0
2014-02-24,56,11.9
2014-02-25,70,19.2
2014-02-26,49,8.9
2014-02-27,28,5.0
2014-02-28,37,6.6
2014-03-01,30,5.4
2014-03-02,28,5.0
2014-03-03,26,4.7
2014-03-04,44,8.0
2014-03-05,51,9.3
2014-03-06,35,6.3
2014-03-07,45,8.1
2014-03-08,48,8.7
2014-03-09,29,5.2
2014-03-10,54,10.8
2014-03-11,26,4.7
2014-03-12,33,5.9
2014-03-13,27,4.9
2014-03-14,43,7.7
2014-03-15,42,7.5
2014-03-16,34,6.2
2014-03-17,16,2.8
2014-03-18,38,6.9
2014-03-19,44,7.9
2014-03-20,51,9.3
2014-03-21,61,14.2
2014-03-22,56,11.8
2014-03-23,47,8.5
2014-03-24,55,11.1
2014-03-25,37,6.7
2014-03-26,34,6.1
2014-03-27,24,4.4
2014-03-28,24,4.3
2014-03-29,19,3.4
2014-03-30,34,6.1
2014-03-31,37,6.6
2014-04-01,33,5.9
2014-04-02,38,6.9
2014-04-03,37,6.6
2014-04-04,37,6.6
2014-04-05,28,5.0
2014-04-06,42,7.5
2014-04-07,27,4.9
2014-04-08,24,4.4
2014-04-09,30,5.4
2014-04-10,37,6.7
2014-04-11,41,7.4
2014-04-12,43,7.7
2014-04-13,35,6.3
2014-04-14,27,4.8
2014-04-15,18,3.2
2014-04-16,32,5.7
2014-04-17,35,6.3
2014-04-18,35,6.3
2014-04-19,43,7.7
2014-04-20,50,9.0
2014-04-21,31,5.6
2014-04-22,52,9.7
2014-04-23,52,9.6
2014-04-24,52,9.9
2014-04-25,47,8.5
2014-04-26,38,6.8
2014-04-27,44,7.9
2014-04-28,51,9.2
2014-04-29,63,15.7
2014-04-30,21,3.7
2014-05-01,27,4.8
2014-05-02,36,6.5
2014-05-03,48,8.7
2014-05-04,37,6.7
2014-05-05,49,8.9
2014-05-08,37,6.7
2014-05-09,34,6.2
2014-05-10,29,5.2
2014-05-11,41,7.3
2014-05-12,44,7.9
2014-05-13,39,7.1
2014-05-14,32,5.8
2014-05-15,20,3.6
2014-05-16,42,7.5
2014-05-17,39,7.0
2014-05-18,53,10.0
2014-05-19,48,8.7
2014-05-20,40,7.2
2014-05-21,52,9.9
2014-05-22,54,10.6
2014-05-23,53,10.0
2014-05-24,41,7.3
2014-05-25,49,8.9
2014-05-26,54,10.9
2014-05-27,45,8.1
2014-05-28,28,5.0
2014-05-29,23,4.2
2014-05-30,20,3.6
2014-05-31,15,2.7
2014-06-01,14,2.5
2014-06-02,22,3.9
2014-06-03,17,3.0
2014-06-04,27,4.9
2014-06-05,41,7.3
2014-06-06,35,6.3
2014-06-07,28,5.0
2014-06-08,21,3.8
2014-06-09,29,5.2
2014-06-10,29,5.3
2014-06-11,39,7.1
2014-06-12,53,10.0
2014-06-13,32,5.8
2014-06-14,60,13.9
2014-06-15,49,8.8
2014-06-16,53,10.4
2014-06-17,44,8.0
2014-06-18,55,11.4
2014-06-19,52,9.8
2014-06-20,44,8.0
2014-06-21,56,11.7
2014-06-22,50,9.0
2014-06-23,57,12.5
2014-06-24,55,11.1
2014-06-25,25,4.5
2014-06-26,24,4.4
2014-06-27,31,5.5
2014-06-28,33,5.9
2014-06-29,48,8.6
2014-06-30,54,10.5
2014-07-01,47,8.4
2014-07-02,44,8.0
2014-07-03,48,8.7
2014-07-04,53,10.3
2014-07-05,45,8.1
2014-07-06,53,10.1
2014-07-07,59,13.2
2014-07-08,41,7.3
2014-07-09,36,6.5
2014-07-10,43,7.7
2014-07-11,46,8.2
2014-07-12,52,9.7
2014-07-13,56,11.8
2014-07-14,52,9.7
2014-07-15,42,7.6
2014-07-16,48,8.7
2014-07-17,55,11.0
2014-07-18,46,8.2
2014-07-19,34,6.1
2014-07-20,29,5.2
2014-07-21,53,10.1
2014-07-22,59,13.2
2014-07-23,52,9.4
2014-07-24,55,11.2
2014-07-25,62,15.0
2014-07-26,52,9.4
2014-07-27,53,10.4
2014-07-28,60,14.1
2014-07-29,41,7.4
2014-07-30,46,8.2
2014-07-31,63,15.5
2014-08-01,76,22.7
2014-08-02,72,20.6
2014-08-03,71,20.1
2014-08-04,61,14.5
2014-08-05,62,15.2
2014-08-06,54,10.5
2014-08-07,39,7.0
2014-08-08,52,9.5
2014-08-09,40,7.2
2014-08-10,34,6.1
2014-08-11,45,8.1
2014-08-12,51,9.2
2014-08-13,51,9.2
2014-08-14,51,9.1
2014-08-15,61,14.3
2014-08-16,44,7.9
2014-08-17,22,3.9
2014-08-18,52,9.6
2014-08-19,56,11.8
2014-08-20,54,10.7
2014-08-21,43,7.7
2014-08-22,48,8.6
2014-08-23,56,11.7
2014-08-24,63,15.6
2014-08-25,51,9.3
2014-08-26,50,9.0
2014-08-27,33,5.9
2014-08-28,39,7.0
2014-09-03,26,4.7
2014-09-04,33,5.9
2014-09-05,33,5.9
2014-09-06,33,6.0
2014-09-07,47,8.4
2014-09-08,52,9.5
2014-09-09,56,11.7
2014-09-12,21,3.8
2014-09-13,48,8.6
2014-09-14,55,11.2
2014-09-15,31,5.5
2014-09-16,29,5.3
2014-09-17,41,7.4
2014-09-18,52,9.5
2014-09-19,24,4.3
2014-09-20,46,8.2
2014-09-21,43,7.8
2014-09-22,50,9.0
2014-09-23,33,6.0
2014-09-24,48,8.7
2014-09-25,51,9.1
2014-09-26,38,6.8
2014-09-27,39,7.1
2014-09-28,23,4.2
2014-09-29,37,6.6
2014-09-30,37,6.7
2014-10-01,21,3.7
2014-10-02,21,3.8
2014-10-03,27,4.9
2014-10-04,17,3.0
2014-10-05,26,4.7
2014-10-06,26,4.7
2014-10-07,26,4.6
2014-10-08,26,4.7
2014-10-09,39,7.0
2014-10-10,51,9.3
2014-10-11,36,6.5
2014-10-12,29,5.2
2014-10-13,24,4.3
2014-10-14,52,9.6
2014-10-15,25,4.5
2014-10-16,54,10.5
2014-10-17,38,6.9
2014-10-18,44,8.0
2014-10-19,46,8.2
2014-10-20,48,8.7
2014-10-21,49,8.8
2014-10-22,53,10.1
2014-10-23,48,8.6
2014-10-24,48,8.7
2014-10-25,51,9.3
2014-10-26,58,12.8
2014-10-27,63,15.7
2014-10-28,34,6.2
2014-10-29,39,7.0
2014-10-30,23,4.2
2014-10-31,31,5.6
2014-11-01,16,2.8
2014-11-02,39,7.0
2014-11-03,41,7.4
2014-11-04,29,5.2
2014-11-05,29,5.3
2014-11-06,29,5.2
2014-11-07,18,3.2
2014-11-08,39,7.0
2014-11-09,50,9.0
2014-11-10,58,12.6
2014-11-11,46,8.2
2014-11-12,37,6.6
2014-11-13,54,10.5
2014-11-14,34,6.1
2014-11-15,55,11.2
2014-11-16,36,6.4
2014-11-17,23,4.1
2014-11-18,27,4.9
2014-11-19,52,9.5
2014-11-20,29,5.2
2014-11-21,42,7.5
2014-11-22,53,10.2
2014-11-23,23,4.1
2014-11-24,34,6.2
2014-11-25,20,3.6
2014-11-26,27,4.9
2014-11-27,24,4.4
2014-11-28,37,6.6
2014-11-29,25,4.5
2014-11-30,29,5.2
2014-12-01,25,4.5
2014-12-02,22,4.0
2014-12-03,51,9.1
2014-12-04,38,6.8
2014-12-05,21,3.8
2014-12-06,33,6.0
2014-12-07,48,8.7
2014-12-08,55,11.0
2014-12-09,54,10.7
2014-12-10,46,8.3
2014-12-11,55,11.1
2014-12-12,59,13.3
2014-12-13,60,13.9
2014-12-14,58,13.1
2014-12-15,48,8.7
2014-12-16,18,3.3
2014-12-17,31,5.5
2014-12-18,52,9.4
2014-12-19,33,5.9
2014-12-20,24,4.4
2014-12-21,54,10.6
2014-12-22,57,12.2
2014-12-23,35,6.3
2014-12-24,17,3.0
2014-12-25,33,6.0
2014-12-26,20,3.6
2014-12-27,26,4.7
2014-12-28,25,4.5
2014-12-29,18,3.3
2014-12-30,22,3.9
2014-12-31,54,10.6
2015-01-01,58,12.6
2015-01-02,32,5.7
2015-01-03,23,4.2
2015-01-04,23,4.1
2015-01-05,38,6.8
2015-01-06,51,9.3
2015-01-07,53,10.0
2015-01-08,47,8.4
2015-01-09,36,6.4
2015-01-10,55,11.4
2015-01-11,42,7.5
2015-01-17,61,14.5
2015-01-18,41,7.4
2015-01-19,53,10.1
2015-01-20,55,11.2
2015-01-21,59,13.5
2015-01-22,49,8.9
2015-01-24,31,5.5
2015-01-30,43,7.7
2015-02-05,48,8.6
2015-02-06,47,8.4
2015-02-11,72,20.4
2015-02-17,38,6.8
2015-02-23,45,8.1
2015-03-01,50,9.0
2015-03-07,35,6.3
2015-03-13,17,3.0
2015-03-19,51,9.3
2015-03-25,29,5.3
2015-03-31,24,4.3
2015-04-06,43,7.7
2015-04-12,28,5.1
2015-04-18,27,4.9
2015-04-24,55,11.2
2015-04-30,46,8.2
2015-05-06,25,4.5
2015-05-19,29,5.2
2015-05-20,34,6.1
2015-05-25,21,3.8
2015-05-28,28,5.0
2015-06-14,17,3.1
2015-06-16,53,10.3
2015-06-20,53,10.4
2015-06-23,54,10.9
2015-06-29,52,9.4
2015-07-05,48,8.6
2015-07-11,48,8.7
2015-07-17,73,20.7
2015-07-23,46,8.2
2015-07-29,52,9.4
2015-08-04,39,7.0
2015-08-10,57,12.5
2015-08-16,16,2.9
2015-08-22,27,4.8
2015-08-28,55,11.4
2015-09-03,23,4.2
2015-09-09,34,6.1
2015-09-15,41,7.3
2015-09-21,56,11.6
2015-09-27,23,4.1
2015-10-03,38,6.9
2015-10-09,44,8.0
2015-10-15,57,12.2
2015-10-21,23,4.2
2015-10-27,23,4.1
2015-11-02,17,3.1
2015-11-08,20,3.6
2015-11-14,19,3.4
2015-11-20,30,5.4
2015-11-26,26,4.6
2015-12-02,15,2.7
2015-12-08,59,13.2
2015-12-14,14,2.6
2015-12-20,29,5.3
2015-12-26,27,4.9
2016-01-01,34,6.2
2016-01-07,39,7.1
2016-01-13,38,6.8
2016-01-19,40,7.2
2016-01-25,22,4.0
2016-01-31,21,3.7
2016-02-06,34,6.2
2016-02-12,44,8.0
2016-02-18,42,7.6
2016-02-24,12,2.2
2016-03-01,32,5.7
2016-03-07,32,5.8
2016-03-13,19,3.4
2016-03-19,26,4.7
2016-03-25,46,8.2
2016-03-31,51,9.2
2016-04-06,50,9.0
2016-04-12,25,4.5
2016-04-18,27,4.8
2016-04-24,38,6.9
2016-04-30,28,5.1
2016-05-06,21,3.8
2016-05-12,40,7.2
2016-05-18,28,5.1
2016-05-24,39,7.0
2016-05-30,44,8.0
2016-06-05,12,2.1
2016-06-11,34,6.1
2016-06-17,46,8.3
2016-06-23,33,5.9
2016-06-29,26,4.6
2016-07-05,42,7.6
2016-07-11,48,8.6
2016-07-17,23,4.2
2016-07-23,42,7.5
2016-07-29,33,6.0
2016-08-04,58,12.6
2016-08-10,47,8.4
2016-08-16,23,4.1
2016-08-22,31,5.5
2016-08-28,22,4.0
2016-09-03,54,10.7
2016-09-09,29,5.2
2016-09-15,22,3.9
2016-09-21,48,8.7
2016-09-27,53,10.3
2016-10-03,54,10.5
2016-10-09,28,5.1
2016-10-15,27,4.9
2016-10-21,21,3.7
2016-10-27,41,7.3
2016-11-02,29,5.3
2016-11-08,17,3.0
2016-11-14,61,14.3
2016-11-20,19,3.4
2016-11-26,41,7.4
2016-12-02,21,3.7
2016-12-08,34,6.2
2016-12-14,41,7.4
2016-12-20,52,9.5
2016-12-26,16,2.9
2017-01-01,83,26.3
2017-01-07,24,4.4
2017-01-13,17,3.1
2017-01-19,19,3.5
2017-01-25,26,4.7
2017-02-06,31,5.6
2017-02-12,42,7.5
2017-02-18,31,5.6
2017-02-24,23,4.1
2017-03-02,12,2.1
2017-03-08,13,2.4
2017-03-14,24,4.4
2017-03-20,35,6.3
2017-03-26,53,10.4
2017-04-01,28,5.1
2017-04-07,32,5.8
2017-04-13,57,12.2
2017-04-19,37,6.6
2017-04-25,29,5.2
2017-05-01,21,3.8
2017-05-07,47,8.5
2017-05-19,39,7.1
2017-05-20,37,6.7
2017-05-25,36,6.4
2017-05-31,35,6.3
2017-06-09,44,8.0
2017-06-12,26,4.6
2017-06-18,29,5.2
2017-06-24,52,9.9
2017-06-30,78,23.5
2017-07-12,27,4.9
2017-07-18,19,3.4
2017-07-24,62,14.8
2017-07-30,50,9.0
2017-08-05,39,7.0
2017-08-11,39,7.1
2017-08-17,48,8.7
2017-08-23,34,6.1
2017-08-29,49,8.9
2017-09-04,56,11.6
2017-09-10,49,8.8
2017-09-16,23,4.2
2017-09-22,55,11.2
2017-09-28,55,11.0
2017-10-04,36,6.4
2017-10-10,54,10.5
2017-11-15,21,3.7
2017-11-21,39,7.0
2017-11-27,28,5.1
2017-12-03,62,15.2
2017-12-09,40,7.2
2017-12-15,51,9.2
2017-12-21,55,11.0
2017-12-27,20,3.6
2018-01-02,37,6.6
2018-01-08,14,2.5
2018-01-14,54,10.5
2018-01-20,32,5.8
2018-01-26,52,9.5
2018-02-01,37,6.7
2018-02-07,19,3.4
2018-02-13,23,4.2
2018-02-19,33,5.9
2018-02-25,19,3.5
2018-03-03,38,6.9
2018-03-09,52,9.5
2018-03-15,43,7.8
2018-03-21,34,6.1
2018-03-27,54,10.8
2018-04-02,36,6.4
2018-04-08,35,6.3
2018-04-14,47,8.5
2018-04-21,52,9.6
2018-04-26,25,4.5
2018-05-02,51,9.1
2018-05-08,55,11.0
2018-05-14,65,16.6
2018-05-20,49,8.9
2018-05-26,26,4.6
2018-06-01,54,10.5
2018-06-07,59,13.4
2018-06-13,27,4.9
2018-06-19,58,13.0
2018-06-25,54,10.5
2018-07-07,56,12.0
2018-07-13,56,12.0
2018-07-19,64,16.2
2018-07-25,63,15.3
2018-07-31,52,9.6
2018-08-06,34,6.1
2018-08-12,71,19.9
2018-08-18,24,4.3
2018-08-24,77,23.1
2018-08-30,15,2.7
2018-09-05,21,3.8
2018-09-11,29,5.2
2018-09-17,46,8.3
2018-09-23,22,4.0
2018-09-29,44,8.0
2018-10-05,32,5.8
2018-10-11,26,4.7
2018-10-17,49,8.8
2018-10-23,33,5.9
2018-10-29,53,10.3
2018-11-04,22,4.0
2018-11-10,31,5.6
2018-11-16,48,8.7
2018-11-22,52,9.7
2018-11-28,46,8.2
2018-12-04,15,2.7
2018-12-10,24,4.4
2018-12-16,21,3.7
2018-12-22,34,6.1
2018-12-28,23,4.2
2019-01-03,12,2.1
2019-01-09,13,2.3
2019-01-15,36,6.4
2019-01-21,21,3.8
2019-01-27,37,6.7
2019-02-02,58,13.0
2019-02-08,16,2.9
2019-02-14,21,3.7
2019-02-20,52,9.5
2019-02-26,58,12.8
2019-03-04,42,7.5
2019-03-10,44,8.0
2019-03-16,21,3.7
2019-03-22,43,7.7
2019-03-28,44,7.9
2019-04-03,46,8.2
2019-04-09,26,4.6
2019-04-15,26,4.6
2019-04-21,28,5.0
2019-04-27,41,7.3
2019-05-03,36,6.4
2019-05-09,42,7.5
2019-05-15,48,8.7
2019-05-21,44,7.9
2019-05-27,52,9.5
2019-06-02,58,12.7
2019-06-08,52,9.7
2019-06-14,46,8.3
2019-06-20,57,12.3
2019-06-26,64,16.0
2019-07-02,26,4.6
2019-07-08,57,12.1
2019-07-14,58,13.0
2019-07-20,26,4.6
2019-07-26,38,6.8
2019-08-01,49,8.8
2019-08-07,39,7.1
2019-08-13,38,6.8
2019-08-19,33,5.9
2019-08-25,28,5.1
2019-08-31,51,9.2
2019-09-06,60,13.8
2019-09-12,53,10.4
2019-09-18,23,4.2
2019-09-24,36,6.4
2019-09-30,37,6.7
2019-10-06,31,5.5
2019-10-12,21,3.8
2019-10-18,25,4.5
2019-10-24,39,7.0
2019-10-30,20,3.6
2019-11-05,53,10.4
2019-11-11,32,5.7
2019-11-17,57,12.2
2019-11-23,22,3.9
2019-11-29,42,7.5
2019-12-05,47,8.5
2019-12-11,11,1.9
2019-12-17,15,2.7
2019-12-23,12,2.2
2019-12-29,29,5.2
2020-01-04,24,4.4
2020-01-10,48,8.7
2020-01-16,28,5.0
2020-01-22,35,6.3
2020-01-28,36,6.4
2020-02-03,24,4.4
2020-02-09,25,4.5
2020-02-15,31,5.5
2020-02-21,20,3.6
2020-02-27,23,4.2
2020-03-04,38,6.8
2020-03-10,36,6.5
2020-03-16,42,7.6
2020-03-22,41,7.3
2020-03-28,68,18.2
2020-04-03,42,7.5
2020-04-09,63,15.6
2020-04-15,22,4.0
2020-04-21,30,5.4
2020-04-27,24,4.3
2020-05-03,28,5.1
2020-05-09,22,4.0
2020-05-21,32,5.7
2020-05-27,35,6.3
2020-06-02,57,12.2
2020-06-08,22,4.0
2020-06-20,46,8.2
2020-06-26,67,17.9
2020-07-02,66,17.3
2020-07-08,70,19.5
2020-07-14,46,8.2
2020-07-20,18,3.3
2020-07-26,12,2.1
2020-08-01,53,10.3
2020-08-07,56,11.7
2020-08-13,23,4.2
2020-08-19,55,11.5
2020-08-25,31,5.6
2020-08-31,47,8.4
2020-09-06,39,7.0
2020-09-12,22,4.0
2020-09-18,55,11.5
2020-09-24,22,4.0
2020-09-30,31,5.6
2020-10-06,57,12.4
2020-10-12,36,6.4
2020-10-18,46,8.3
2020-10-24,22,4.0
2020-10-30,19,3.4
2020-11-05,53,10.0
2020-11-11,34,6.2
2020-11-17,34,6.2
2020-11-23,25,4.5
2020-11-29,26,4.6
2020-12-05,33,5.9
2020-12-11,23,4.1
2020-12-17,38,6.8
2020-12-23,37,6.7
2020-12-29,31,5.6
2021-01-04,34,6.2
2021-01-10,43,7.7
2021-01-16,46,8.2
2021-01-22,12,2.2
2021-01-28,25,4.5
2021-02-03,41,7.3
2021-02-09,37,6.7
2021-02-15,37,6.7
2021-02-21,33,5.9
2021-02-27,27,4.8
2021-03-05,42,7.6
2021-03-11,32,5.7
2021-03-17,43,7.8
2021-03-23,23,4.1
2021-03-29,27,4.8
2021-04-04,52,9.5
2021-04-10,26,4.7
2021-04-16,36,6.5
2021-04-22,34,6.2
2021-04-28,49,8.8
2021-05-04,50,9.0
2021-05-10,21,3.8
2021-05-16,34,6.2
2021-05-22,43,7.8
2021-05-28,32,5.8
2021-06-03,37,6.6
2021-06-09,44,8.0
2021-06-11,,7.421429
2021-06-12,44,7.9
2021-06-13,49,8.8
2021-06-14,38,6.8
2021-06-15,54,10.8
2021-06-16,57,12.4
2021-06-17,53,10.2
2021-06-18,40,7.2
2021-06-19,24,4.3
2021-06-20,37,6.6
2021-06-21,36,6.4
2021-06-22,42,7.6
2021-06-23,46,8.2
2021-06-24,44,7.9
2021-06-25,38,6.9
2021-06-26,33,5.9
2021-06-27,21,3.8
2021-06-28,28,5.0
2021-06-29,27,4.9
2021-06-30,23,4.1
2021-07-01,19,3.5
2021-07-02,26,4.6
2021-07-03,36,6.4
2021-07-04,53,10.3
2021-07-05,27,4.8
2021-07-06,28,5.0
2021-07-07,31,5.6
2021-07-08,34,6.2
2021-07-09,31,5.6
2021-07-10,51,9.1
2021-07-11,55,11.4
2021-07-12,56,12.0
2021-07-13,42,7.6
2021-07-14,34,6.2
2021-07-15,43,7.7
2021-07-16,41,7.4
2021-07-17,37,6.7
2021-07-18,33,6.0
2021-07-19,35,6.3
2021-07-20,20,3.6
2021-07-21,29,5.2
2021-07-22,35,6.3
2021-07-23,37,6.7
2021-07-24,52,9.5
2021-07-25,59,13.2
2021-07-26,59,13.6
2021-07-27,60,14.0
2021-07-28,60,14.0
2021-07-29,49,8.9
2021-07-30,52,9.9
2021-07-31,56,11.7
2021-08-01,53,10.3
2021-08-02,47,8.5
2021-08-03,39,7.1
2021-08-04,67,17.6
2021-08-05,71,19.6
2021-08-06,70,19.5
2021-08-07,65,16.7
2021-08-08,46,8.2
2021-08-09,36,6.4
2021-08-10,42,7.5
2021-08-11,37,6.6
2021-08-12,25,4.5
2021-08-13,24,4.4
2021-08-14,26,4.6
2021-08-15,28,5.0
2021-08-16,47,8.4
2021-08-17,49,8.9
2021-08-18,32,5.7
2021-08-19,48,8.7
2021-08-20,62,14.8
2021-08-21,58,12.8
2021-08-22,59,13.4
2021-08-23,59,13.2
2021-08-24,53,10.3
2021-08-25,53,10.0
2021-08-26,51,9.2
2021-08-27,54,10.7
2021-08-28,41,7.4
2021-08-29,,7.566667
2021-09-08,,14.781818
2021-09-09,51,9.3
2021-09-10,36,6.4
2021-09-11,45,8.1
2021-09-12,28,5.1
2021-09-13,43,7.7
2021-09-14,26,4.6
2021-09-15,34,6.1
2021-09-16,35,6.3
2021-09-17,31,5.6
2021-09-18,23,4.2
2021-09-19,16,2.8
2021-09-20,27,4.9
2021-09-21,38,6.8
2021-09-22,32,5.8
2021-09-23,32,5.8
2021-09-24,31,5.5
2021-09-25,46,8.3
2021-09-26,49,8.9
2021-09-27,39,7.1
2021-09-28,23,4.2
2021-09-29,20,3.6
2021-09-30,37,6.7
2021-10-01,41,7.3
2021-10-02,31,5.6
2021-10-03,29,5.3
2021-10-04,39,7.1
2021-10-05,55,11.1
2021-10-06,53,10.3
2021-10-07,43,7.8
2021-10-08,55,11.2
2021-10-09,55,11.5
2021-10-10,55,11.1
2021-10-11,31,5.5
2021-10-12,27,4.8
2021-10-13,33,6.0
2021-10-14,36,6.4
2021-10-15,38,6.8
2021-10-16,26,4.7
2021-10-17,23,4.1
2021-10-18,33,5.9
2021-10-19,42,7.6
2021-10-20,41,7.3
2021-10-21,41,7.3
2021-10-22,58,12.6
2021-10-23,54,10.9
2021-10-24,45,8.1
2021-10-25,37,6.6
2021-10-26,43,7.8
2021-10-27,31,5.5
2021-10-28,25,4.5
2021-10-29,24,4.3
2021-10-30,33,5.9
2021-10-31,54,10.7
2021-11-01,53,10.3
2021-11-02,53,10.0
2021-11-03,51,9.2
2021-11-04,46,8.3
2021-11-05,59,13.2
2021-11-06,40,7.2
2021-11-07,57,12.4
2021-11-08,55,11.2
2021-11-09,66,17.2
2021-11-10,46,8.3
2021-11-11,27,4.8
2021-11-12,30,5.4
2021-11-13,25,4.5
2021-11-14,36,6.4
2021-11-15,55,11.0
2021-11-16,61,14.5
2021-11-17,31,5.6
2021-11-18,23,4.2
2021-11-19,23,4.1
2021-11-20,54,10.8
2021-11-21,55,11.0
2021-11-22,46,8.2
2021-11-23,33,6.0
2021-11-24,26,4.7
2021-11-25,31,5.5
2021-11-26,40,7.2
2021-11-27,47,8.4
2021-11-28,48,8.7
2021-11-29,53,10.1
2021-11-30,56,11.6
2021-12-01,39,7.1
2021-12-02,52,9.4
2021-12-03,44,8.0
2021-12-04,52,9.6
2021-12-05,27,4.9
2021-12-06,26,4.6
2021-12-07,59,13.3
2021-12-08,54,10.9
2021-12-09,44,8.0
2021-12-10,46,8.2
2021-12-11,52,9.4
2021-12-12,20,3.6
2021-12-13,41,7.3
2021-12-14,56,12.0
2021-12-15,51,9.2
2021-12-16,37,6.7
2021-12-17,39,7.1
2021-12-18,23,4.1
2021-12-19,39,7.0
2021-12-20,44,8.0
2021-12-21,34,6.2
2021-12-22,53,10.1
2021-12-23,60,14.0
2021-12-24,34,6.1
2021-12-25,32,5.8
2021-12-26,33,6.0
2021-12-27,48,8.6
2021-12-28,48,8.6
2021-12-29,54,10.8
2021-12-30,44,8.0
2021-12-31,56,11.8
2022-01-01,59,13.5
2022-01-02,42,7.6
2022-01-03,28,5.0
2022-01-04,52,9.8
2022-01-05,32,5.7
2022-01-06,39,7.0
2022-01-07,32,5.8
2022-01-08,52,9.4
2022-01-09,53,10.3
2022-01-10,21,3.7
2022-01-11,17,3.0
2022-01-12,26,4.6
2022-01-13,61,14.7
2022-01-14,82,25.8
2022-01-15,65,16.5
2022-01-16,48,8.6
2022-01-17,51,9.3
2022-01-18,46,8.2
2022-01-19,30,5.4
2022-01-20,28,5.1
2022-01-21,36,6.5
2022-01-22,41,7.3
2022-01-23,34,6.2
2022-01-24,63,15.8
2022-01-25,42,7.5
2022-01-26,42,7.5
2022-01-27,53,10.1
2022-01-28,52,9.9
2022-01-29,24,4.4
2022-01-30,37,6.6
2022-01-31,30,5.4
2022-02-01,34,6.2
2022-02-02,36,6.4
2022-02-03,34,6.2
2022-02-04,23,4.2
2022-02-05,33,5.9
2022-02-06,48,8.6
2022-02-07,52,9.4
2022-02-08,52,9.5
2022-02-09,64,16.2
2022-02-10,63,15.3
2022-02-11,65,16.4
2022-02-12,60,14.1
2022-02-13,30,5.4
2022-02-14,52,9.5
2022-02-15,,17.3
2022-02-16,38,6.9
2022-02-17,56,11.6
2022-02-18,34,6.2
2022-02-19,48,8.6
2022-02-20,58,13.0
2022-02-21,53,10.0
2022-02-22,45,8.1
2022-02-23,51,9.3
2022-02-24,51,9.1
2022-02-25,23,4.2
2022-02-26,39,7.1
2022-02-27,34,6.1
2022-02-28,32,5.8
2022-03-01,38,6.9
2022-03-02,66,17.1
2022-03-03,62,14.9
2022-03-04,67,17.9
2022-03-05,54,10.9
2022-03-06,34,6.1
2022-03-07,52,9.9
2022-03-08,58,12.9
2022-03-09,21,3.8
2022-03-10,41,7.4
2022-03-11,52,9.5
2022-03-12,18,3.2
2022-03-13,19,3.4
2022-03-14,32,5.7
2022-03-15,39,7.1
2022-03-16,42,7.5
2022-03-17,51,9.1
2022-03-18,46,8.2
2022-03-19,18,3.3
2022-03-20,24,4.3
2022-03-21,38,6.9
2022-03-22,55,11.3
2022-03-23,25,4.5
2022-03-24,23,4.2
2022-03-25,53,10.4
2022-03-26,34,6.2
2022-03-27,55,11.4
2022-03-28,41,7.4
2022-03-29,46,8.3
2022-03-30,53,10.3
2022-03-31,42,7.6
2022-04-01,37,6.7
2022-04-02,,10.1
2022-04-04,,8.213333
2022-04-05,39,7.1
2022-04-06,65,16.5
2022-04-07,33,6.0
2022-04-08,46,8.2
2022-04-09,31,5.6
2022-04-10,36,6.4
2022-04-11,31,5.5
2022-04-12,54,10.6
2022-04-13,56,11.6
2022-04-14,36,6.4
2022-04-15,38,6.9
2022-04-16,44,8.0
2022-04-17,37,6.7
2022-04-18,38,6.9
2022-04-19,34,6.1
2022-04-20,53,10.1
2022-04-21,56,11.8
2022-04-22,53,10.3
2022-04-23,41,7.4
2022-04-24,54,10.5
2022-04-25,53,10.2
2022-04-26,43,7.7
2022-04-27,51,9.1
2022-04-28,56,11.6
2022-04-29,51,9.1
2022-04-30,53,10.3
2022-05-01,57,12.1
2022-05-02,52,9.6
2022-05-03,52,9.6
2022-05-04,55,11.2
2022-05-05,47,8.4
2022-05-06,46,8.2
2022-05-07,60,14.0
2022-05-08,58,12.9
2022-05-09,63,15.4
2022-05-10,61,14.4
2022-05-11,55,11.4
2022-05-12,,12.985714
2022-05-13,,7.51
2022-05-14,47,8.5
2022-05-15,42,7.5
2022-05-16,44,8.0
2022-05-17,36,6.4
2022-05-18,46,8.3
2022-05-19,46,8.2
2022-05-20,49,8.9
2022-05-21,49,8.9
2022-05-22,49,8.9
2022-05-23,52,9.7
2022-05-24,52,9.5
2022-05-25,48,8.6
2022-05-26,53,10.3
2022-05-27,53,10.1
2022-05-28,52,9.5
2022-05-29,43,7.8
2022-05-30,47,8.4
2022-05-31,47,8.4
2022-06-01,50,9.0
2022-06-02,49,8.8
2022-06-03,47,8.5
2022-06-04,41,7.4
2022-06-05,52,9.7
2022-06-06,42,7.5
2022-06-07,30,5.4
2022-06-08,25,4.5
2022-06-09,46,8.3
2022-06-10,29,5.2
2022-06-11,35,6.3
2022-06-12,64,16.0
2022-06-13,96,33.1
2022-06-14,95,32.6
2022-06-15,90,30.0
2022-06-16,72,20.3
2022-06-17,59,13.3
2022-06-18,59,13.6
2022-06-19,55,11.2
2022-06-20,52,9.7
2022-06-21,48,8.7
2022-06-22,53,10.0
2022-06-23,58,12.6
2022-06-24,60,14.1
2022-06-25,55,11.2
2022-06-26,47,8.5
2022-06-27,43,7.7
2022-06-28,44,8.0
2022-06-29,29,5.3
2022-06-30,26,4.7
2022-07-01,29,5.2
2022-07-02,29,5.2
2022-07-03,30,5.4
2022-07-04,56,11.6
2022-07-05,44,8.0
2022-07-06,28,5.0
2022-07-07,25,4.5
2022-07-08,24,4.4
2022-07-09,29,5.3
2022-07-10,28,5.1
2022-07-11,36,6.4
2022-07-12,37,6.7
2022-07-13,25,4.5
2022-07-14,22,3.9
2022-07-15,28,5.1
2022-07-16,39,7.1
2022-07-17,38,6.9
2022-07-18,55,11.2
2022-07-19,31,5.5
2022-07-20,47,8.5
2022-07-21,53,10.4
2022-07-22,41,7.3
2022-07-23,43,7.7
2022-07-24,31,5.5
2022-07-25,27,4.8
2022-07-26,29,5.3
2022-07-27,29,5.2
2022-07-28,23,4.1
2022-07-29,26,4.6
2022-07-30,40,7.2
2022-07-31,41,7.4
2022-08-01,26,4.7
2022-08-02,23,4.1
2022-08-03,33,6.0
2022-08-04,,5.18125
2022-08-05,25,4.5
2022-08-06,34,6.1
2022-08-07,,6.7
2022-08-08,,6.378571
2022-08-09,24,4.3
2022-08-10,23,4.1
2022-08-11,28,5.1
2022-08-12,26,4.6
2022-08-13,46,8.2
2022-08-14,56,11.9
2022-08-15,58,13.0
2022-08-16,52,9.4
2022-08-17,45,8.1
2022-08-18,32,5.7
2022-08-19,32,5.8
2022-08-20,31,5.5
2022-08-21,34,6.2
2022-08-22,32,5.8
2022-08-23,29,5.2
2022-08-24,22,3.9
2022-08-25,23,4.1
2022-08-26,22,3.9
2022-08-27,18,3.3
2022-08-28,23,4.2
2022-08-29,26,4.6
2022-08-30,28,5.0
2022-08-31,30,5.4
2022-09-01,49,8.8
2022-09-02,52,9.8
2022-09-03,23,4.2
2022-09-04,28,5.0
2022-09-05,26,4.7
2022-09-06,36,6.4
2022-09-07,44,7.9
2022-09-08,19,3.5
2022-09-09,38,6.9
2022-09-10,39,7.0
2022-09-11,52,9.8
2022-09-12,52,9.6
2022-09-13,52,9.8
2022-09-14,41,7.3
2022-09-15,56,11.8
2022-09-16,54,10.9
2022-09-17,48,8.7
2022-09-18,27,4.8
2022-09-19,46,8.2
2022-09-20,58,12.9
2022-09-21,66,16.9
2022-09-22,67,17.9
2022-09-23,62,14.9
2022-09-24,56,12.0
2022-09-25,55,11.5
2022-09-26,60,13.8
2022-09-27,33,6.0
2022-09-28,30,5.4
2022-09-29,31,5.6
2022-09-30,35,6.3
2022-10-01,42,7.5
2022-10-02,38,6.8
2022-10-03,38,6.9
2022-10-04,47,8.4
2022-10-05,36,6.4
2022-10-06,56,11.8
2022-10-07,64,16.1
2022-10-08,55,11.5
2022-10-09,51,9.1
2022-10-10,52,9.4
2022-10-11,59,13.4
2022-10-12,48,8.7
2022-10-13,51,9.3
2022-10-14,42,7.6
2022-10-15,52,9.8
2022-10-16,54,10.8
2022-10-17,58,12.7
2022-10-18,31,5.5
2022-10-19,32,5.8
2022-10-20,52,9.9
2022-10-21,52,9.8
2022-10-22,55,11.2
2022-10-23,49,8.8
2022-10-24,38,6.8
2022-10-25,34,6.1
2022-10-26,23,4.2
2022-10-27,50,9.0
2022-10-28,57,12.1
2022-10-29,44,8.0
2022-10-30,65,16.8
2022-10-31,71,20.1
2022-11-01,58,13.1
2022-11-02,65,16.7
2022-11-03,69,18.5
2022-11-04,55,11.0
2022-11-05,31,5.5
2022-11-06,33,6.0
2022-11-07,34,6.2
2022-11-08,53,10.0
2022-11-09,52,9.8
2022-11-10,53,10.1
2022-11-11,66,17.4
2022-11-12,52,9.5
2022-11-13,21,3.8
2022-11-14,47,8.5
2022-11-15,29,5.2
2022-11-16,42,7.5
2022-11-17,36,6.5
2022-11-18,38,6.8
2022-11-19,35,6.3
2022-11-20,36,6.5
2022-11-21,39,7.0
2022-11-22,58,13.0
2022-11-23,62,15.0
2022-11-24,55,11.3
2022-11-25,14,2.6
2022-11-26,39,7.0
2022-11-27,21,3.8
2022-11-28,48,8.6
2022-11-29,39,7.1
2022-11-30,32,5.7
2022-12-01,25,4.5
2022-12-02,44,7.9
2022-12-03,32,5.7
2022-12-04,54,10.6
2022-12-05,52,9.6
2022-12-06,43,7.8
2022-12-07,27,4.9
2022-12-08,44,8.0
2022-12-09,46,8.3
2022-12-10,51,9.3
2022-12-11,45,8.1
2022-12-12,51,9.2
2022-12-13,47,8.5
2022-12-14,,16.735714
2022-12-15,,5.683333
2022-12-16,29,5.2
2022-12-17,28,5.0
2022-12-18,22,4.0
2022-12-19,18,3.2
2022-12-20,36,6.5
2022-12-21,34,6.2
2022-12-22,44,7.9
2022-12-23,24,4.3
2022-12-24,20,3.6
2022-12-25,31,5.6
2022-12-26,39,7.1
2022-12-27,61,14.6
2022-12-28,29,5.3
2022-12-29,24,4.4
2022-12-30,28,5.0
2022-12-31,29,5.3
2023-01-01,126,45.5
2023-01-02,38,6.9
2023-01-03,55,11.0
2023-01-04,32,5.7
2023-01-05,28,5.0
2023-01-06,29,5.3
2023-01-07,27,4.9
2023-01-08,31,5.6
2023-01-09,52,9.8
2023-01-10,60,13.9
2023-01-11,39,7.0
2023-01-12,33,5.9
2023-01-13,38,6.8
2023-01-14,46,8.3
2023-01-15,55,11.5
2023-01-16,27,4.9
2023-01-17,52,9.4
2023-01-18,32,5.7
2023-01-19,45,8.1
2023-01-20,23,4.1
2023-01-21,32,5.7
2023-01-22,36,6.5
2023-01-23,46,8.2
2023-01-24,30,5.4
2023-01-25,17,3.1
2023-01-26,28,5.0
2023-01-27,28,5.1
2023-01-28,31,5.6
2023-01-29,49,8.9
2023-01-30,52,9.9
2023-01-31,53,10.0
2023-02-01,28,5.0
2023-02-02,37,6.7
2023-02-03,19,3.4
2023-02-04,36,6.5
2023-02-05,34,6.1
2023-02-06,55,11.0
2023-02-07,46,8.3
2023-02-08,53,10.1
2023-02-09,23,4.2
2023-02-10,21,3.7
2023-02-11,28,5.1
2023-02-12,24,4.4
2023-02-13,51,9.1
2023-02-14,46,8.2
2023-02-15,52,9.4
2023-02-16,58,12.7
2023-02-17,14,2.6
2023-02-18,26,4.7
2023-02-19,47,8.5
2023-02-20,35,6.3
2023-02-21,40,7.2
2023-02-22,57,12.3
2023-02-23,54,10.5
2023-02-24,55,11.1
2023-02-25,63,15.6
2023-02-26,55,11.3
2023-02-27,55,11.3
2023-02-28,62,14.9
2023-03-01,48,8.7
2023-03-02,55,11.4
2023-03-03,53,10.0
2023-03-04,60,14.1
2023-03-05,70,19.3
2023-03-06,55,11.4
2023-03-07,52,9.5
2023-03-08,63,15.7
2023-03-09,64,16.3
2023-03-10,58,12.6
2023-03-11,52,9.5
2023-03-12,59,13.4
2023-03-13,19,3.5
2023-03-14,31,5.6
2023-03-15,47,8.4
2023-03-16,37,6.7
2023-03-17,31,5.6
2023-03-18,21,3.8
2023-03-19,17,3.0
2023-03-20,34,6.1
2023-03-21,47,8.4
2023-03-22,46,8.2
2023-03-23,,9.444444
2023-03-24,,10.938462
2023-03-25,47,8.5
2023-03-26,55,11.4
2023-03-27,56,11.9
2023-03-28,52,9.4
2023-03-29,46,8.2
2023-03-30,52,9.5
2023-03-31,53,10.2
2023-04-01,61,14.2
2023-04-02,56,11.7
2023-04-03,58,12.7
2023-04-04,57,12.1
2023-04-05,57,12.3
2023-04-06,43,7.7
2023-04-07,35,6.3
2023-04-08,23,4.1
2023-04-09,23,4.1
2023-04-10,28,5.0
2023-04-11,41,7.3
2023-04-12,35,6.3
2023-04-13,46,8.3
2023-04-14,36,6.5
2023-04-15,32,5.7
2023-04-16,29,5.2
2023-04-17,34,6.1
2023-04-18,43,7.7
2023-04-19,48,8.7
2023-04-20,51,9.1
2023-04-21,46,8.2
2023-04-22,31,5.6
2023-04-23,35,6.3
2023-04-24,36,6.5
2023-04-25,58,12.7
2023-04-26,54,10.5
2023-04-27,32,5.7
2023-04-28,44,8.0
2023-04-29,38,6.9
2023-04-30,27,4.9
2023-05-01,34,6.2
2023-05-02,41,7.3
2023-05-03,49,8.8
2023-05-04,52,9.6
2023-05-05,52,9.8
2023-05-06,29,5.2
2023-05-07,46,8.2
2023-05-08,56,11.9
2023-05-09,49,8.9
2023-05-10,36,6.4
2023-05-11,44,7.9
2023-05-12,48,8.7
2023-05-13,52,9.8
2023-05-14,54,10.6
2023-05-15,54,10.5
2023-05-16,53,10.1
2023-05-17,55,11.2
2023-05-18,50,9.0
2023-05-19,52,9.9
2023-05-20,56,11.8
2023-05-21,58,12.9
2023-05-22,72,20.5
2023-05-23,66,17.2
2023-05-24,46,8.2
2023-05-25,65,16.7
2023-05-26,60,14.1
2023-05-27,55,11.4
2023-05-28,58,12.8
2023-05-29,57,12.3
2023-05-30,55,11.1
2023-05-31,59,13.5
2023-06-01,58,13.0
2023-06-02,54,10.5
2023-06-03,57,12.3
2023-06-04,54,10.9
2023-06-05,34,6.2
2023-06-06,34,6.1
2023-06-07,36,6.5
2023-06-08,51,9.1
2023-06-09,67,17.5
2023-06-10,60,13.7
2023-06-11,45,8.1
2023-06-12,36,6.5
2023-06-13,35,6.3
2023-06-14,52,9.5
2023-06-15,56,11.7
2023-06-16,55,11.1
2023-06-17,53,10.4
2023-06-18,48,8.7
2023-06-19,56,11.7
2023-06-20,52,9.4
2023-06-21,52,9.5
2023-06-22,52,9.5
2023-06-23,43,7.7
2023-06-24,50,9.0
2023-06-25,51,9.2
2023-06-26,48,8.6
2023-06-27,35,6.3
2023-06-28,52,9.7
2023-06-29,51,9.2
2023-06-30,58,12.9
2023-07-01,66,17.1
2023-07-02,63,15.6
2023-07-03,60,14.1
2023-07-04,48,8.7
2023-07-05,24,4.4
2023-07-06,28,5.1
2023-07-07,34,6.2
2023-07-08,34,6.1
2023-07-09,53,10.1
2023-07-10,56,11.9
2023-07-11,44,7.9
2023-07-12,56,12.0
2023-07-13,54,10.7
2023-07-14,49,8.8
2023-07-15,59,13.4
2023-07-16,58,12.8
2023-07-17,49,8.8
2023-07-18,65,16.6
2023-07-19,58,13.1
2023-07-20,51,9.1
2023-07-21,44,8.0
2023-07-22,29,5.3
2023-07-23,43,7.8
2023-07-24,49,8.9
2023-07-25,54,10.5
2023-07-26,60,13.8
2023-07-27,58,13.0
2023-07-28,52,9.5
2023-07-29,51,9.1
2023-07-30,56,12.0
2023-07-31,58,13.0
2023-08-01,58,12.7
2023-08-02,53,10.4
2023-08-03,53,10.2
2023-08-04,41,7.3
2023-08-05,31,5.6
2023-08-06,31,5.5
2023-08-10,39,7.0
2023-08-11,47,8.5
2023-08-12,55,11.1
2023-08-13,56,11.6
2023-08-14,,9.946667
2023-08-15,,7.7625
2023-08-16,34,6.1
2023-08-17,46,8.2
2023-08-18,49,8.8
2023-08-19,42,7.5
2023-08-20,48,8.7
2023-08-21,57,12.4
2023-08-22,56,11.8
2023-08-23,61,14.5
2023-08-24,64,16.0
2023-08-25,62,15.2
2023-08-26,59,13.4
2023-08-27,85,27.4
2023-08-28,58,12.7
2023-08-29,42,7.5
2023-08-30,47,8.5
2023-08-31,53,10.1
2023-09-01,46,8.3
2023-09-02,23,4.1
2023-09-03,26,4.6
2023-09-04,22,3.9
2023-09-05,29,5.3
2023-09-06,24,4.3
2023-09-07,27,4.8
2023-09-08,34,6.1
2023-09-09,64,15.9
2023-09-10,52,9.7
2023-09-11,48,8.7
2023-09-12,37,6.7
2023-09-13,51,9.1
2023-09-14,52,9.9
2023-09-15,53,10.2
2023-09-16,54,10.9
2023-09-17,62,14.9
2023-09-18,54,10.9
2023-09-19,58,13.0
2023-09-20,52,9.5
2023-09-21,37,6.6
2023-09-22,37,6.6
2023-09-23,48,8.7
2023-09-24,50,9.0
2023-09-25,55,11.0
2023-09-26,49,8.8
2023-09-27,38,6.8
2023-09-28,33,6.0
2023-09-29,36,6.4
2023-09-30,33,6.0
2023-10-01,34,6.1
2023-10-02,33,5.9
2023-10-03,60,13.9
2023-10-04,89,29.4
2023-10-05,66,17.0
2023-10-06,48,8.6
2023-10-07,27,4.9
2023-10-08,22,3.9
2023-10-09,38,6.8
2023-10-10,60,13.8
2023-10-11,21,3.8
2023-10-12,19,3.4
2023-10-13,24,4.4
2023-10-14,37,6.6
2023-10-15,16,2.9
2023-10-16,18,3.2
2023-10-17,62,15.1
2023-10-18,59,13.4
2023-10-19,41,7.4
2023-10-20,35,6.3
2023-10-21,52,9.5
2023-10-22,56,11.6
2023-10-23,95,32.9
2023-10-24,51,9.3
2023-10-25,37,6.7
2023-10-26,34,6.2
2023-10-27,37,6.6
2023-10-28,33,5.9
2023-10-29,32,5.8
2023-10-30,32,5.8
2023-10-31,28,5.1
2023-11-01,24,4.4
2023-11-02,32,5.8
2023-11-03,44,8.0
2023-11-04,49,8.8
2023-11-05,54,10.5
2023-11-06,57,12.2
2023-11-07,48,8.6
2023-11-08,44,7.9
2023-11-09,32,5.7
2023-11-10,32,5.8
2023-11-11,49,8.9
2023-11-12,39,7.1
2023-11-13,27,4.8
2023-11-14,36,6.4
2023-11-15,24,4.3
2023-11-16,29,5.3
2023-11-17,54,10.7
2023-11-18,41,7.3
2023-11-19,47,8.5
2023-11-20,34,6.1
2023-11-21,28,5.1
2023-11-22,31,5.6
2023-11-23,48,8.6
2023-11-24,51,9.3
2023-11-25,54,10.6
2023-11-26,31,5.6
2023-11-27,27,4.8
2023-11-28,32,5.8
2023-11-29,28,5.0
2023-11-30,28,5.0
2023-12-01,33,5.9
2023-12-02,27,4.8
2023-12-03,51,9.1
2023-12-04,37,6.6
2023-12-05,48,8.6
2023-12-06,32,5.7
2023-12-07,51,9.2
2023-12-08,33,5.9
2023-12-09,26,4.6
2023-12-10,16,2.9
2023-12-11,19,3.5
2023-12-12,27,4.9
2023-12-13,38,6.8
2023-12-14,38,6.8
2023-12-15,42,7.5
2023-12-16,49,8.9
2023-12-17,27,4.8
2023-12-18,28,5.1
2023-12-19,28,5.0
2023-12-20,33,5.9
2023-12-21,52,9.9
2023-12-22,51,9.1
2023-12-23,36,6.4
2023-12-24,24,4.4
2023-12-25,32,5.8
2023-12-26,27,4.8
2023-12-27,46,8.3
2023-12-28,22,4.0
2023-12-29,55,11.1
2023-12-30,56,11.7
2023-12-31,94,32.3
2024-01-01,163,72.0
2024-01-02,27,4.9
2024-01-03,38,6.9
2024-01-04,52,9.5
2024-01-05,40,7.2
2024-01-09,,3.130769
2024-01-10,23,4.1
2024-01-11,29,5.2
2024-01-12,53,10.0
2024-01-13,26,4.6
2024-01-14,32,5.7
2024-01-15,34,6.1
2024-01-16,18,3.2
2024-01-17,26,4.6
2024-01-18,24,4.4
2024-01-19,34,6.2
2024-01-20,32,5.8
2024-01-21,28,5.0
2024-01-22,53,10.0
2024-01-23,51,9.2
2024-01-24,26,4.7
2024-01-25,28,5.1
2024-01-26,27,4.8
2024-01-27,17,3.1
2024-01-28,17,3.1
2024-01-29,26,4.7
2024-01-30,61,14.4
2024-01-31,38,6.8
2024-02-01,53,10.3
2024-02-02,55,11.1
2024-02-03,44,7.9
2024-02-04,23,4.2
2024-02-05,21,3.8
2024-02-06,32,5.7
2024-02-07,31,5.6
2024-02-08,37,6.6
2024-02-09,31,5.6
2024-02-10,46,8.3
2024-02-11,47,8.4
2024-02-12,17,3.1
2024-02-13,20,3.6
2024-02-14,47,8.5
2024-02-15,32,5.8
2024-02-16,52,9.5
2024-02-17,32,5.7
2024-02-18,27,4.8
2024-02-19,40,7.2
2024-02-20,50,9.0
2024-02-21,54,10.7
2024-02-22,59,13.3
2024-02-23,53,10.0
2024-02-24,52,9.6
2024-02-25,69,18.8
2024-02-26,43,7.7
2024-02-27,38,6.9
2024-02-28,53,10.4
2024-02-29,54,10.5
2024-03-01,52,9.8
2024-03-02,44,8.0
2024-03-03,34,6.2
2024-03-04,31,5.5
2024-03-05,23,4.1
2024-03-06,34,6.1
2024-03-07,37,6.6
2024-03-08,41,7.4
2024-03-09,,4.084615
2024-03-10,19,3.4
2024-03-11,21,3.7
2024-03-12,23,4.2
2024-03-13,32,5.7
2024-03-14,56,12.0
2024-03-15,54,10.7
2024-03-16,23,4.2
2024-03-17,20,3.6
2024-03-18,21,3.8
2024-03-19,17,3.1
2024-03-20,40,7.2
2024-03-21,48,8.7
2024-03-22,22,3.9
2024-03-23,57,12.2
2024-03-24,53,10.1
2024-03-25,43,7.7
2024-03-26,39,7.0
2024-03-27,26,4.7
2024-03-28,31,5.6
2024-03-29,52,9.5
2024-03-30,32,5.7
2024-03-31,38,6.8
2024-04-01,56,11.6
2024-04-02,61,14.6
2024-04-03,23,4.2
2024-04-04,24,4.3
2024-04-05,51,9.3
2024-04-06,56,11.9
2024-04-07,53,10.2
2024-04-08,52,9.4
2024-04-09,55,11.4
2024-04-10,41,7.3
2024-04-11,24,4.4
2024-04-12,25,4.5
2024-04-13,33,5.9
2024-04-14,25,4.5
2024-04-15,29,5.2
2024-04-16,39,7.0
2024-04-17,48,8.7
2024-04-18,44,8.0
2024-04-19,53,10.3
2024-04-20,48,8.6
2024-04-21,17,3.1
2024-04-22,24,4.3
2024-04-23,37,6.7
2024-04-24,51,9.1
2024-04-25,35,6.3
2024-04-26,39,7.0
2024-04-27,52,9.4
2024-04-28,52,9.7
2024-04-29,35,6.3
2024-04-30,26,4.6
2024-05-01,40,7.2
2024-05-02,44,7.9
2024-05-03,32,5.7
2024-05-04,40,7.2
2024-05-05,36,6.5
2024-05-06,46,8.2
2024-05-07,51,9.3
2024-05-08,52,9.9
2024-05-09,61,14.6
2024-05-10,56,11.8
2024-05-11,29,5.2
2024-05-12,36,6.4
2024-05-13,33,5.9
2024-05-14,38,6.9
2024-05-15,52,9.6
2024-05-16,53,10.4
2024-05-17,70,19.3
2024-05-18,54,10.8
2024-05-19,54,10.8
2024-05-20,47,8.4
2024-05-21,36,6.4
2024-05-22,39,7.0
2024-05-23,43,7.8
2024-05-24,56,11.9
2024-05-25,59,13.6
2024-05-26,55,11.0
2024-05-27,63,15.6
2024-05-28,56,11.8
2024-05-29,46,8.2
2024-05-30,48,8.6
2024-05-31,28,5.1
2024-06-01,43,7.7
2024-06-02,38,6.8
2024-06-03,33,5.9
2024-06-04,29,5.2
2024-06-05,38,6.9
2024-06-06,50,9.0
2024-06-07,41,7.4
2024-06-08,29,5.3
2024-06-09,47,8.4
2024-06-10,45,8.1
2024-06-11,46,8.2
2024-06-12,52,9.8
2024-06-13,55,11.4
2024-06-14,57,12.4
2024-06-15,56,11.9
2024-06-16,30,5.4
2024-06-17,32,5.7
2024-06-18,39,7.0
2024-06-19,41,7.4
2024-06-20,38,6.8
2024-06-21,42,7.5
2024-06-22,36,6.4
2024-06-23,31,5.6
2024-06-24,33,5.9
2024-06-25,28,5.0
2024-06-26,17,3.1
2024-06-27,25,4.5
2024-06-28,32,5.7
2024-06-29,48,8.7
2024-06-30,35,6.3
2024-07-01,39,7.1
2024-07-02,45,8.1
2024-07-03,37,6.7
2024-07-04,50,9.0
2024-07-05,36,6.4
2024-07-06,38,6.9
2024-07-07,54,10.8
2024-07-08,63,15.3
2024-07-09,30,5.4
2024-07-10,32,5.7
2024-07-11,43,7.7
2024-07-12,49,8.9
2024-07-13,64,16.2
2024-07-14,55,11.2
2024-07-15,52,9.7
2024-07-16,40,7.2
2024-07-17,31,5.5
2024-07-18,19,3.4
2024-07-19,19,3.5
2024-07-20,25,4.5
2024-07-21,22,4.0
2024-07-22,21,3.8
2024-07-23,54,10.5
2024-07-24,48,8.7
2024-07-25,60,14.1
2024-07-26,51,9.3
2024-07-27,28,5.0
2024-07-28,39,7.0
2024-07-29,33,5.9
2024-07-30,,9.755556
2024-08-04,61,14.7
2024-08-10,53,10.4
2024-08-16,54,10.5
2024-08-22,64,16.2
2024-08-28,38,6.8
2024-08-29,19,3.5
2024-08-30,18,3.3
2024-08-31,16,2.8
2024-09-01,16,2.8
2024-09-02,30,5.4
2024-09-03,51,9.3
2024-09-04,27,4.9
2024-09-05,18,3.3
2024-09-06,19,3.5
2024-09-07,19,3.4
2024-09-08,44,7.9
2024-09-09,29,5.2
2024-09-10,17,3.1
2024-09-11,33,5.9
2024-09-12,15,2.7
2024-09-13,39,7.0
2024-09-14,44,7.9
2024-09-15,51,9.2
2024-09-16,36,6.5
2024-09-17,38,6.8
2024-09-18,46,8.3
2024-09-19,45,8.1
2024-09-20,52,9.5
2024-09-21,56,11.8
2024-09-22,42,7.6
2024-09-23,31,5.6
2024-09-24,33,6.0
2024-09-25,40,7.2
2024-09-26,30,5.4
2024-09-27,46,8.2
2024-09-28,42,7.5
2024-09-29,49,8.9
2024-09-30,38,6.8
2024-10-01,41,7.3
2024-10-02,37,6.6
2024-10-03,40,7.2
2024-10-04,14,2.5
2024-10-05,32,5.7
2024-10-06,30,5.4
2024-10-07,46,8.2
2024-10-08,54,10.7
2024-10-09,56,11.6
2024-10-10,62,14.8
2024-10-11,51,9.1
2024-10-12,45,8.1
2024-10-13,52,9.7
2024-10-14,51,9.3
2024-10-15,55,11.1
2024-10-16,22,4.0
2024-10-17,44,7.9
2024-10-18,41,7.4
2024-10-19,32,5.8
2024-10-20,41,7.3
2024-10-21,53,10.3
2024-10-22,55,11.3
2024-10-23,54,10.9
2024-10-24,59,13.2
2024-10-25,54,10.6
2024-10-26,58,12.8
2024-10-27,59,13.2
2024-10-28,54,10.8
2024-10-29,56,11.9
2024-10-30,40,7.2
2024-10-31,42,7.6
2024-11-01,35,6.3
2024-11-02,57,12.3
2024-11-03,28,5.1
2024-11-04,36,6.5
2024-11-05,37,6.6
2024-11-06,27,4.9
2024-11-07,28,5.1
2024-11-08,42,7.5
2024-11-09,42,7.6
2024-11-10,28,5.1
2024-11-11,27,4.9
2024-11-12,25,4.5
2024-11-13,29,5.3
2024-11-14,36,6.4
2024-11-15,23,4.2
2024-11-16,39,7.1
2024-11-17,26,4.7
2024-11-18,36,6.5
2024-11-19,25,4.5
2024-11-20,22,3.9
2024-11-21,16,2.9
2024-11-22,18,3.3
2024-11-23,39,7.1
2024-11-24,33,6.0
2024-11-25,19,3.5
2024-11-26,52,9.4
2024-11-27,55,11.3
2024-11-28,36,6.5
2024-11-29,43,7.7
2024-11-30,34,6.1
2024-12-01,52,9.5
2024-12-02,44,8.0
2024-12-03,54,10.6
2024-12-04,51,9.3
2024-12-05,24,4.3
2024-12-06,27,4.8
2024-12-07,31,5.5
2024-12-08,27,4.9
2024-12-09,34,6.2
2024-12-10,49,8.9
2024-12-11,18,3.3
2024-12-12,18,3.2
2024-12-13,29,5.3
2024-12-14,40,7.2
2024-12-15,38,6.9
2024-12-16,44,7.9
2024-12-17,29,5.2
2024-12-18,31,5.6
2024-12-19,43,7.7
2024-12-20,23,4.1
2024-12-21,43,7.8
2024-12-22,57,12.2
2024-12-23,50,9.0
2024-12-24,52,9.8
2024-12-25,37,6.7
2024-12-26,49,8.9
2024-12-27,41,7.4
2024-12-28,29,5.2
2024-12-29,42,7.6
2024-12-30,37,6.6
2024-12-31,43,7.8
2025-01-01,31,5.5
2025-01-02,28,5.1
2025-01-03,36,6.5
2025-01-04,28,5.1
2025-01-05,35,6.3
2025-01-06,19,3.4
2025-01-07,22,3.9
2025-01-08,37,6.7
2025-01-09,29,5.3
2025-01-10,24,4.4
2025-01-11,52,9.5
2025-01-12,52,9.5
2025-01-13,21,3.7
2025-01-14,24,4.3
2025-01-15,22,3.9
2025-01-16,29,5.3
2025-01-17,38,6.8
2025-01-18,43,7.8
2025-01-19,24,4.3
2025-01-20,16,2.9
2025-01-21,21,3.7
2025-01-22,53,10.1
2025-01-23,52,9.9
2025-01-24,39,7.0
2025-01-25,36,6.5
2025-01-26,24,4.4
2025-01-27,32,5.7
2025-01-28,,7.708333
2025-01-29,,9.355556
2025-01-30,42,7.5
2025-01-31,44,7.9
2025-02-01,36,6.4
2025-02-02,54,10.6
2025-02-03,54,10.8
2025-02-04,51,9.1
2025-02-05,45,8.1
2025-02-06,54,10.7
2025-02-07,47,8.5
2025-02-08,65,16.5
2025-02-09,60,13.8
2025-02-10,76,22.3
2025-02-11,59,13.4
2025-02-12,53,10.0
2025-02-13,26,4.6
2025-02-14,53,10.3
2025-02-15,58,13.0
2025-02-16,45,8.1
2025-02-17,59,13.3
2025-02-18,46,8.3
2025-02-19,47,8.4
2025-02-20,28,5.0
2025-02-21,27,4.8
2025-02-22,70,19.3
2025-02-23,73,20.9
2025-02-24,44,8.0
2025-02-25,34,6.1
2025-02-26,37,6.6
2025-02-27,56,11.8
2025-02-28,36,6.5
2025-03-01,52,9.9
2025-03-02,43,7.7
2025-03-03,52,9.4
2025-03-04,53,10.3
2025-03-05,39,7.1
2025-03-06,17,3.0
2025-03-07,23,4.1
2025-03-08,35,6.3
2025-03-09,55,11.3
2025-03-10,24,4.3
2025-03-11,59,13.6
2025-03-12,53,10.3
2025-03-13,49,8.9
2025-03-14,51,9.2
2025-03-15,63,15.8
2025-03-16,52,9.9
2025-03-17,25,4.5
2025-03-18,33,6.0
2025-03-19,34,6.2
2025-03-20,18,3.2
2025-03-21,25,4.5
2025-03-22,31,5.6
2025-03-23,32,5.7
2025-03-24,25,4.5
2025-03-25,32,5.7
2025-03-26,51,9.1
2025-03-27,53,10.2
2025-03-28,52,9.8
2025-03-29,38,6.9
2025-03-30,52,9.8
2025-03-31,38,6.8
2025-04-01,39,7.0
2025-04-02,52,9.8
2025-04-03,58,13.0
2025-04-04,58,12.9
2025-04-05,55,11.3
2025-04-06,31,5.6
2025-04-07,11,2.0
2025-04-08,28,5.1
2025-04-09,40,7.2
2025-04-10,32,5.7
2025-04-11,29,5.2
2025-04-12,37,6.7
2025-04-13,49,8.8
2025-04-14,38,6.9
2025-04-15,45,8.1
2025-04-16,39,7.1
2025-04-17,45,8.1
2025-04-18,43,7.8
2025-04-19,49,8.8
2025-04-20,54,10.6
2025-04-21,47,8.4
2025-04-22,48,8.6
2025-04-23,52,9.7
2025-04-24,52,9.8
2025-04-25,43,7.7
2025-04-26,52,9.5
2025-04-27,46,8.3
2025-04-28,37,6.6
2025-04-29,45,8.1
2025-04-30,47,8.5
2025-05-01,33,6.0
2025-05-02,46,8.3
2025-05-03,31,5.6
2025-05-04,21,3.8
2025-05-05,21,3.8
2025-05-06,41,7.4
2025-05-07,20,3.6
2025-05-08,31,5.5
2025-05-09,31,5.6
2025-05-10,21,3.8
2025-05-11,25,4.5
2025-05-12,24,4.3
2025-05-13,37,6.7
2025-05-14,37,6.7
2025-05-15,37,6.7
2025-05-16,48,8.6
2025-05-17,51,9.1
2025-05-18,47,8.4
2025-05-19,47,8.5
2025-05-20,50,9.0
2025-05-21,39,7.0
2025-05-22,38,6.9
2025-05-23,33,5.9
2025-05-24,37,6.6
2025-05-25,47,8.5
2025-05-26,34,6.2
2025-05-27,52,9.4
2025-05-28,39,7.1
2025-05-29,27,4.8
2025-05-30,39,7.1
2025-05-31,27,4.8
2025-06-01,40,7.2
2025-06-02,39,7.1
2025-06-03,52,9.4
2025-06-04,28,5.0
2025-06-05,32,5.8
2025-06-06,58,12.7
2025-06-07,70,19.4
2025-06-08,52,9.6
2025-06-09,64,16.1
2025-06-10,55,11.2
2025-06-11,25,4.5
2025-06-12,35,6.3
2025-06-13,50,9.0
2025-06-14,49,8.8
2025-06-15,29,5.2
2025-06-16,33,6.0
2025-06-17,47,8.5
2025-06-18,43,7.7
2025-06-19,49,8.9
2025-06-20,52,9.8
2025-06-21,54,10.5
2025-06-22,31,5.6
2025-06-23,27,4.8
2025-06-24,20,3.6
2025-06-25,26,4.7
2025-06-26,36,6.5
2025-06-27,42,7.5
2025-06-28,29,5.3
2025-06-29,55,11.1
2025-06-30,64,16.0
2025-07-01,70,19.4
2025-07-02,56,12.0
2025-07-03,58,12.7
2025-07-04,60,13.8
2025-07-05,61,14.6
2025-07-06,55,11.1
2025-07-07,55,11.3
2025-07-08,39,7.0
2025-07-09,26,4.6
2025-07-10,30,5.4
2025-07-11,52,9.5
2025-07-12,46,8.2
2025-07-13,25,4.5
2025-07-14,27,4.8
2025-07-15,40,7.2
2025-07-16,51,9.2
2025-07-17,34,6.2
2025-07-18,40,7.2
2025-07-19,36,6.4
2025-07-20,49,8.9
2025-07-21,36,6.5
2025-07-22,30,5.4
2025-07-23,36,6.4
2025-07-24,42,7.5
2025-07-25,24,4.4
2025-07-26,28,5.0
2025-07-27,58,13.0
2025-07-28,57,12.4
2025-07-29,54,10.6
2025-07-30,44,7.9
2025-07-31,37,6.6
2025-08-01,52,9.4
2025-08-02,46,8.3
2025-08-03,52,9.6
2025-08-04,54,10.7
2025-08-05,41,7.3
2025-08-06,34,6.2
2025-08-07,38,6.9
2025-08-08,39,7.1
2025-08-09,34,6.2
2025-08-10,36,6.4
2025-08-11,33,5.9
2025-08-12,19,3.5
2025-08-13,22,3.9
2025-08-14,26,4.6
2025-08-15,26,4.6
2025-08-16,28,5.0
2025-08-17,49,8.9
2025-08-18,51,9.3
2025-08-19,46,8.3
2025-08-20,52,9.7
2025-08-21,48,8.7
2025-08-22,42,7.5
2025-08-23,51,9.1
2025-08-24,55,11.0
2025-08-25,52,9.6
2025-08-26,50,9.0
2025-08-27,53,10.3
2025-08-28,54,10.6
2025-08-29,53,10.3
2025-08-30,37,6.6
2025-08-31,30,5.4
2025-09-01,36,6.4
2025-09-02,41,7.4
2025-09-03,46,8.2
2025-09-04,53,10.2
2025-09-05,34,6.2
2025-09-06,37,6.7
2025-09-07,52,9.7
2025-09-08,47,8.4
2025-09-09,44,8.0
2025-09-10,53,10.2
2025-09-11,58,12.8
2025-09-12,64,16.2
2025-09-13,69,18.7
2025-09-14,59,13.3
2025-09-15,56,11.9
2025-09-16,57,12.2
2025-09-17,54,10.6
2025-09-18,44,8.0
2025-09-19,43,7.8
2025-09-20,52,9.5
2025-09-21,55,11.5
2025-09-22,51,9.3
2025-09-23,37,6.7
2025-09-24,23,4.2
2025-09-25,27,4.9
2025-09-26,38,6.9
2025-09-27,42,7.6
2025-09-28,41,7.4
2025-09-29,52,9.6
2025-09-30,52,9.9
2025-10-01,49,8.8
2025-10-02,45,8.1
2025-10-03,43,7.8
2025-10-04,46,8.3
2025-10-05,22,4.0
2025-10-06,23,4.2
2025-10-07,23,4.2
2025-10-08,28,5.1
2025-10-09,46,8.3
2025-10-10,42,7.6
2025-10-11,40,7.2
2025-10-12,45,8.1
2025-10-13,55,11.0
2025-10-14,57,12.3
2025-10-15,60,13.8
2025-10-16,61,14.2
2025-10-17,55,11.1
2025-10-18,25,4.5
2025-10-19,27,4.8
2025-10-20,31,5.6
2025-10-21,36,6.4
2025-10-22,29,5.2
2025-10-23,32,5.8
2025-10-24,42,7.6
2025-10-25,32,5.8
2025-10-26,22,4.0
2025-10-27,47,8.5
2025-10-28,42,7.5
2025-10-29,20,3.6
2025-10-30,23,4.2
2025-10-31,32,5.8
2025-11-01,54,10.6
2025-11-02,41,7.3
2025-11-03,23,4.1
2025-11-04,49,8.9
2025-11-05,42,7.6
2025-11-06,51,9.2
2025-11-07,37,6.6
2025-11-08,30,5.4
2025-11-09,31,5.5
2025-11-10,16,2.9
2025-11-11,21,3.8
2025-11-12,29,5.3
2025-11-13,51,9.1
2025-11-14,54,10.7
2025-11-15,53,10.1
2025-11-16,36,6.4
2025-11-17,37,6.7
2025-11-18,29,5.3
2025-11-19,41,7.3
2025-11-20,45,8.1
2025-11-21,28,5.0
2025-11-22,54,10.6
2025-11-23,53,10.3
2025-11-24,54,10.6
2025-11-25,34,6.1
2025-11-26,37,6.7
2025-11-27,12,2.2
2025-11-28,16,2.9
2025-11-29,26,4.6
2025-11-30,32,5.8
2025-12-01,39,7.0
2025-12-02,23,4.2
2025-12-03,26,4.7
2025-12-04,26,4.7
2025-12-05,27,4.8
2025-12-06,43,7.8
2025-12-07,38,6.9
2025-12-08,33,5.9
2025-12-09,44,8.0
2025-12-10,56,11.6
2025-12-11,30,5.4
2025-12-12,40,7.2
2025-12-13,43,7.8
2025-12-14,41,7.3
2025-12-15,32,5.7
2025-12-16,47,8.4
2025-12-17,36,6.4
2025-12-18,30,5.4
2025-12-19,29,5.2
2025-12-20,28,5.0
2025-12-21,37,6.7
2025-12-22,43,7.7
2025-12-23,48,8.7
2025-12-24,25,4.5
2025-12-25,36,6.5
2025-12-26,35,6.3
2025-12-27,31,5.5
2025-12-28,26,4.7
2025-12-29,19,3.5
2025-12-30,17,3.1
2025-12-31,81,25.4
