date,aqi,daily_max
1995-04-15,39,0.042
1995-04-16,38,0.041
1995-04-17,40,0.043
1995-04-18,29,0.031
1995-04-19,40,0.043
1995-04-20,36,0.039
1995-04-21,28,0.03
1995-04-22,40,0.043
1995-04-23,39,0.042
1995-04-24,33,0.036
1995-04-25,37,0.04
1995-04-26,39,0.042
1995-04-27,35,0.038
1995-04-28,37,0.04
1995-04-29,39,0.042
1995-04-30,36,0.039
1995-05-01,33,0.036
1995-05-02,42,0.045
1995-05-03,43,0.046
1995-05-04,46,0.05
1995-05-05,38,0.041
1995-05-06,43,0.046
1995-05-07,45,0.049
1995-05-08,36,0.039
1995-05-09,36,0.039
1995-05-10,32,0.035
1995-05-11,39,0.042
1995-05-12,45,0.049
1995-05-13,43,0.046
1995-05-14,40,0.043
1995-05-15,46,0.05
1995-05-16,51,0.055
1995-05-17,37,0.04
1995-05-18,37,0.04
1995-05-19,54,0.056
1995-05-20,36,0.039
1995-05-21,32,0.035
1995-05-22,47,0.051
1995-05-23,20,0.022
1995-05-24,26,0.028
1995-05-25,35,0.038
1995-05-26,40,0.043
1995-05-27,36,0.039
1995-05-28,29,0.031
1995-05-29,27,0.029
1995-05-30,49,0.053
1995-05-31,77,0.063
1995-06-01,112,0.074
1995-06-02,93,0.068
1995-06-03,87,0.066
1995-06-04,77,0.063
1995-06-05,84,0.065
1995-06-06,80,0.064
1995-06-07,35,0.038
1995-06-08,27,0.029
1995-06-09,34,0.037
1995-06-10,22,0.024
1995-06-11,33,0.036
1995-06-12,37,0.04
1995-06-13,43,0.046
1995-06-14,50,0.054
1995-06-15,140,0.082
1995-06-16,161,0.09
1995-06-17,122,0.077
1995-06-18,87,0.066
1995-06-19,84,0.065
1995-06-20,119,0.076
1995-06-21,54,0.056
1995-06-22,112,0.074
1995-06-23,150,0.085
1995-06-24,147,0.084
1995-06-25,74,0.062
1995-06-26,44,0.047
1995-06-27,67,0.06
1995-06-28,51,0.055
1995-06-29,51,0.055
1995-06-30,32,0.035
1995-07-01,26,0.028
1995-07-02,41,0.044
1995-07-03,101,0.071
1995-07-04,50,0.054
1995-07-05,43,0.046
1995-07-06,20,0.022
1995-07-07,35,0.038
1995-07-08,37,0.04
1995-07-09,39,0.042
1995-07-10,44,0.047
1995-07-11,77,0.063
1995-07-12,161,0.09
1995-07-13,105,0.072
1995-07-14,97,0.069
1995-07-15,48,0.052
1995-07-16,27,0.029
1995-07-17,36,0.039
1995-07-18,33,0.036
1995-07-19,31,0.034
1995-07-20,37,0.04
1995-07-21,54,0.056
1995-07-22,33,0.036
1995-07-23,41,0.044
1995-07-24,46,0.05
1995-07-25,43,0.046
1995-07-26,34,0.037
1995-07-27,50,0.054
1995-07-28,41,0.044
1995-07-29,36,0.039
1995-07-30,93,0.068
1995-07-31,47,0.051
1995-08-01,35,0.038
1995-08-02,36,0.039
1995-08-03,31,0.033
1995-08-04,31,0.034
1995-08-05,42,0.045
1995-08-06,41,0.044
1995-08-07,36,0.039
1995-08-08,71,0.061
1995-08-09,35,0.038
1995-08-10,33,0.036
1995-08-11,33,0.036
1995-08-12,26,0.028
1995-08-13,35,0.038
1995-08-14,35,0.038
1995-08-15,21,0.023
1995-08-16,35,0.038
1995-08-17,42,0.045
1995-08-18,42,0.045
1995-08-19,28,0.03
1995-08-20,33,0.036
1995-08-21,37,0.04
1995-08-22,43,0.046
1995-08-23,48,0.052
1995-08-24,22,0.024
1995-08-25,39,0.042
1995-08-26,44,0.048
1995-08-27,25,0.027
1995-08-28,38,0.041
1995-08-29,34,0.037
1995-08-30,90,0.067
1995-08-31,30,0.032
1995-09-01,27,0.029
1995-09-02,40,0.043
1995-09-03,31,0.033
1995-09-04,,0.018
1995-09-07,23,0.025
1995-09-08,24,0.026
1995-09-09,27,0.029
1995-09-10,27,0.029
1995-09-11,40,0.043
1995-09-12,44,0.048
1995-09-13,32,0.035
1995-09-14,17,0.018
1995-09-15,28,0.03
1995-09-16,32,0.035
1995-09-17,20,0.022
1995-09-18,23,0.025
1995-09-19,17,0.018
1995-09-20,19,0.02
1995-09-21,16,0.017
1995-09-22,20,0.022
1995-09-23,28,0.03
1995-09-24,27,0.029
1995-09-25,26,0.028
1995-09-26,34,0.037
1995-09-27,28,0.03
1995-09-28,44,0.048
1995-09-29,41,0.044
1995-09-30,45,0.049
1995-10-01,16,0.017
1995-10-02,17,0.018
1995-10-03,8,0.009
1995-10-04,22,0.024
1995-10-05,29,0.031
1995-10-06,12,0.013
1995-10-07,16,0.017
1995-10-08,21,0.023
1995-10-09,24,0.026
1995-10-10,26,0.028
1995-10-11,45,0.049
1995-10-12,48,0.052
1995-10-13,50,0.054
1995-10-14,18,0.019
1995-10-15,24,0.026
1996-04-14,34,0.037
1996-04-15,42,0.045
1996-04-16,39,0.042
1996-04-17,33,0.036
1996-04-18,44,0.048
1996-04-19,39,0.042
1996-04-20,35,0.038
1996-04-21,39,0.042
1996-04-22,36,0.039
1996-04-23,37,0.04
1996-04-24,42,0.045
1996-04-25,31,0.033
1996-04-26,37,0.04
1996-04-27,43,0.046
1996-04-28,42,0.045
1996-04-29,39,0.042
1996-04-30,32,0.035
1996-05-01,35,0.038
1996-05-02,43,0.046
1996-05-03,41,0.044
1996-05-04,39,0.042
1996-05-05,29,0.031
1996-05-06,38,0.041
1996-05-07,43,0.046
1996-05-08,31,0.034
1996-05-09,37,0.04
1996-05-10,27,0.029
1996-05-11,33,0.036
1996-05-12,35,0.038
1996-05-13,42,0.045
1996-05-14,41,0.044
1996-05-15,37,0.04
1996-05-16,43,0.046
1996-05-17,32,0.035
1996-05-18,46,0.05
1996-05-19,43,0.046
1996-05-20,42,0.045
1996-05-21,50,0.054
1996-05-22,74,0.062
1996-05-23,36,0.039
1996-05-24,38,0.041
1996-05-25,40,0.043
1996-05-26,44,0.047
1996-05-27,45,0.049
1996-05-28,48,0.052
1996-05-29,44,0.047
1996-05-30,71,0.061
1996-05-31,101,0.071
1996-06-01,154,0.087
1996-06-02,58,0.057
1996-06-03,36,0.039
1996-06-04,28,0.03
1996-06-05,47,0.051
1996-06-06,48,0.052
1996-06-07,44,0.048
1996-06-08,40,0.043
1996-06-09,44,0.047
1996-06-10,30,0.032
1996-06-11,80,0.064
1996-06-12,87,0.066
1996-06-13,58,0.057
1996-06-14,50,0.054
1996-06-15,67,0.06
1996-06-16,112,0.074
1996-06-17,64,0.059
1996-06-18,39,0.042
1996-06-19,32,0.035
1996-06-20,77,0.063
1996-06-21,48,0.052
1996-06-22,33,0.036
1996-06-23,23,0.025
1996-06-24,27,0.029
1996-06-25,44,0.048
1996-06-26,90,0.067
1996-06-27,100,0.07
1996-06-28,133,0.08
1996-06-29,97,0.069
1996-06-30,46,0.05
1996-07-01,61,0.058
1996-07-02,39,0.042
1996-07-03,38,0.041
1996-07-04,58,0.057
1996-07-05,58,0.057
1996-07-06,129,0.079
1996-07-07,40,0.043
1996-07-08,34,0.037
1996-07-09,30,0.032
1996-07-10,40,0.043
1996-07-11,64,0.059
1996-07-12,51,0.055
1996-07-13,38,0.041
1996-07-14,50,0.054
1996-07-15,49,0.053
1996-07-16,58,0.057
1996-07-17,45,0.049
1996-07-18,44,0.048
1996-07-19,29,0.031
1996-07-20,32,0.035
1996-07-21,77,0.063
1996-07-22,38,0.041
1996-07-23,35,0.038
1996-07-24,35,0.038
1996-07-25,31,0.033
1996-07-26,32,0.035
1996-07-27,38,0.041
1996-07-28,36,0.039
1996-07-29,37,0.04
1996-07-30,22,0.024
1996-07-31,22,0.024
1996-08-01,33,0.036
1996-08-02,45,0.049
1996-08-03,45,0.049
1996-08-04,143,0.083
1996-08-05,67,0.06
1996-08-06,100,0.07
1996-08-07,44,0.048
1996-08-08,30,0.032
1996-08-09,28,0.03
1996-08-10,26,0.028
1996-08-11,42,0.045
1996-08-12,46,0.05
1996-08-13,51,0.055
1996-08-14,36,0.039
1996-08-15,23,0.025
1996-08-16,44,0.047
1996-08-17,74,0.062
1996-08-18,80,0.064
1996-08-19,40,0.043
1996-08-20,45,0.049
1996-08-21,61,0.058
1996-08-22,37,0.04
1996-08-23,33,0.036
1996-08-24,50,0.054
1996-08-25,48,0.052
1996-08-26,21,0.023
1996-08-27,28,0.03
1996-08-28,43,0.046
1996-08-29,48,0.052
1996-08-30,44,0.048
1996-08-31,51,0.055
1996-09-01,105,0.072
1996-09-02,119,0.076
1996-09-03,119,0.076
1996-09-04,105,0.072
1996-09-05,108,0.073
1996-09-06,80,0.064
1996-09-07,46,0.05
1996-09-08,40,0.043
1996-09-09,28,0.03
1996-09-10,45,0.049
1996-09-11,30,0.032
1996-09-12,19,0.02
1996-09-13,21,0.023
1996-09-14,19,0.02
1996-09-15,18,0.019
1996-09-16,23,0.025
1996-09-17,24,0.026
1996-09-18,32,0.035
1996-09-19,33,0.036
1996-09-20,29,0.031
1996-09-21,36,0.039
1996-09-22,20,0.022
1996-09-23,18,0.019
1996-09-24,31,0.034
1996-09-25,33,0.036
1996-09-26,19,0.021
1996-09-27,27,0.029
1996-09-28,27,0.029
1996-09-29,28,0.03
1996-09-30,26,0.028
1996-10-01,50,0.054
1996-10-02,30,0.032
1996-10-03,31,0.034
1996-10-04,24,0.026
1996-10-05,29,0.031
1996-10-06,43,0.046
1996-10-07,26,0.028
1996-10-08,28,0.03
1996-10-09,17,0.018
1996-10-10,26,0.028
1996-10-11,19,0.021
1996-10-12,31,0.033
1996-10-13,58,0.057
1996-10-14,17,0.018
1997-04-14,32,0.035
1997-04-15,58,0.057
1997-04-16,33,0.036
1997-04-17,44,0.048
1997-04-18,33,0.036
1997-04-19,43,0.046
1997-04-20,33,0.036
1997-04-21,46,0.05
1997-04-22,43,0.046
1997-04-23,42,0.045
1997-04-24,40,0.043
1997-04-25,48,0.052
1997-04-26,54,0.056
1997-04-27,74,0.062
1997-04-28,54,0.056
1997-04-29,49,0.053
1997-04-30,31,0.033
1997-05-01,42,0.045
1997-05-02,38,0.041
1997-05-03,46,0.05
1997-05-04,64,0.059
1997-05-05,51,0.055
1997-05-06,47,0.051
1997-05-07,43,0.046
1997-05-08,45,0.049
1997-05-09,39,0.042
1997-05-10,45,0.049
1997-05-11,51,0.055
1997-05-12,31,0.033
1997-05-13,32,0.035
1997-05-14,34,0.037
1997-05-15,27,0.029
1997-05-16,31,0.034
1997-05-17,44,0.048
1997-05-18,31,0.033
1997-05-19,38,0.041
1997-05-20,39,0.042
1997-05-21,39,0.042
1997-05-22,35,0.038
1997-05-23,51,0.055
1997-05-24,49,0.053
1997-05-25,38,0.041
1997-05-26,42,0.045
1997-05-27,45,0.049
1997-05-28,48,0.052
1997-05-29,25,0.027
1997-05-30,44,0.048
1997-05-31,58,0.057
1997-06-01,61,0.058
1997-06-02,49,0.053
1997-06-03,54,0.056
1997-06-04,67,0.06
1997-06-05,37,0.04
1997-06-06,58,0.057
1997-06-07,71,0.061
1997-06-08,64,0.059
1997-06-09,97,0.069
1997-06-10,71,0.061
1997-06-11,101,0.071
1997-06-12,133,0.08
1997-06-13,42,0.045
1997-06-14,46,0.05
1997-06-15,64,0.059
1997-06-16,35,0.038
1997-06-17,36,0.039
1997-06-18,39,0.042
1997-06-19,39,0.042
1997-06-20,45,0.049
1997-06-21,44,0.047
1997-06-22,90,0.067
1997-06-23,54,0.056
1997-06-24,48,0.052
1997-06-25,43,0.046
1997-06-26,42,0.045
1997-06-27,80,0.064
1997-06-28,150,0.085
1997-06-29,97,0.069
1997-06-30,46,0.05
1997-07-01,48,0.052
1997-07-02,37,0.04
1997-07-03,16,0.017
1997-07-04,27,0.029
1997-07-05,35,0.038
1997-07-06,32,0.035
1997-07-07,34,0.037
1997-07-08,31,0.034
1997-07-09,31,0.034
1997-07-10,35,0.038
1997-07-11,129,0.079
1997-07-12,151,0.086
1997-07-13,49,0.053
1997-07-14,41,0.044
1997-07-15,43,0.046
1997-07-16,87,0.066
1997-07-18,36,0.039
1997-07-19,34,0.037
1997-07-20,42,0.045
1997-07-21,31,0.033
1997-07-22,37,0.04
1997-07-23,31,0.033
1997-07-24,61,0.058
1997-07-25,43,0.046
1997-07-26,35,0.038
1997-07-27,44,0.047
1997-07-28,26,0.028
1997-07-29,30,0.032
1997-07-30,39,0.042
1997-07-31,67,0.06
1997-08-01,49,0.053
1997-08-02,40,0.043
1997-08-03,31,0.034
1997-08-04,29,0.031
1997-08-05,28,0.03
1997-08-06,34,0.037
1997-08-07,35,0.038
1997-08-08,84,0.065
1997-08-09,48,0.052
1997-08-10,22,0.024
1997-08-11,31,0.033
1997-08-12,21,0.023
1997-08-13,26,0.028
1997-08-14,28,0.03
1997-08-15,36,0.039
1997-08-16,29,0.031
1997-08-17,24,0.026
1997-08-18,21,0.023
1997-08-19,31,0.034
1997-08-20,26,0.028
1997-08-21,28,0.03
1997-08-22,21,0.023
1997-08-23,25,0.027
1997-08-24,36,0.039
1997-08-25,41,0.044
1997-08-26,41,0.044
1997-08-27,38,0.041
1997-08-28,23,0.025
1997-08-29,24,0.026
1997-08-30,18,0.019
1997-08-31,37,0.04
1997-09-01,48,0.052
1997-09-02,20,0.022
1997-09-03,30,0.032
1997-09-04,32,0.035
1997-09-05,30,0.032
1997-09-06,31,0.033
1997-09-07,22,0.024
1997-09-08,23,0.025
1997-09-09,25,0.027
1997-09-10,19,0.02
1997-09-11,21,0.023
1997-09-12,29,0.031
1997-09-13,48,0.052
1997-09-14,32,0.035
1997-09-15,37,0.04
1997-09-16,50,0.054
1997-09-17,31,0.034
1997-09-18,39,0.042
1997-09-19,22,0.024
1997-09-20,19,0.021
1997-09-21,30,0.032
1997-09-22,22,0.024
1997-09-23,24,0.026
1997-09-24,30,0.032
1997-09-25,27,0.029
1997-09-26,24,0.026
1997-09-27,35,0.038
1997-09-28,32,0.035
1997-09-29,25,0.027
1997-09-30,18,0.019
1997-10-01,23,0.025
1997-10-02,33,0.036
1997-10-03,84,0.065
1997-10-04,36,0.039
1997-10-05,51,0.055
1997-10-06,31,0.034
1997-10-07,32,0.035
1997-10-08,46,0.05
1997-10-09,21,0.023
1997-10-10,19,0.021
1997-10-11,31,0.033
1997-10-12,37,0.04
1997-10-13,20,0.022
1997-10-14,19,0.02
1997-10-15,6,0.006
1998-04-14,21,0.023
1998-04-15,29,0.031
1998-04-16,37,0.04
1998-04-17,43,0.046
1998-04-18,50,0.054
1998-04-19,64,0.059
1998-04-20,58,0.057
1998-04-21,50,0.054
1998-04-22,80,0.064
1998-04-23,61,0.058
1998-04-24,42,0.045
1998-04-25,38,0.041
1998-04-26,43,0.046
1998-04-27,42,0.045
1998-04-28,44,0.047
1998-04-29,44,0.047
1998-04-30,47,0.051
1998-05-01,47,0.051
1998-05-02,43,0.046
1998-05-03,41,0.044
1998-05-04,48,0.052
1998-05-05,50,0.054
1998-05-06,50,0.054
1998-05-07,64,0.059
1998-05-08,31,0.033
1998-05-09,37,0.04
1998-05-10,41,0.044
1998-05-11,43,0.046
1998-05-12,74,0.062
1998-05-13,49,0.053
1998-05-14,100,0.07
1998-05-15,161,0.09
1998-05-16,58,0.057
1998-05-17,105,0.072
1998-05-18,97,0.069
1998-05-19,61,0.058
1998-05-20,47,0.051
1998-05-21,38,0.041
1998-05-22,39,0.042
1998-05-23,44,0.048
1998-05-24,42,0.045
1998-05-25,58,0.057
1998-05-26,58,0.057
1998-05-27,101,0.071
1998-05-28,58,0.057
1998-05-29,54,0.056
1998-05-30,32,0.035
1998-05-31,39,0.042
1998-06-01,43,0.046
1998-06-02,36,0.039
1998-06-03,35,0.038
1998-06-04,35,0.038
1998-06-05,23,0.025
1998-06-06,27,0.029
1998-06-07,40,0.043
1998-06-08,49,0.053
1998-06-09,36,0.039
1998-06-10,27,0.029
1998-06-11,34,0.037
1998-06-12,48,0.052
1998-06-13,44,0.048
1998-06-14,47,0.051
1998-06-15,42,0.045
1998-06-16,33,0.036
1998-06-17,44,0.048
1998-06-18,67,0.06
1998-06-19,39,0.042
1998-06-20,101,0.071
1998-06-21,44,0.047
1998-06-22,44,0.047
1998-06-23,48,0.052
1998-06-24,100,0.07
1998-06-25,67,0.06
1998-06-26,64,0.059
1998-06-27,46,0.05
1998-06-28,47,0.051
1998-06-29,44,0.047
1998-06-30,31,0.034
1998-07-01,37,0.04
1998-07-02,43,0.046
1998-07-03,48,0.052
1998-07-04,32,0.035
1998-07-05,38,0.041
1998-07-06,40,0.043
1998-07-07,41,0.044
1998-07-08,49,0.053
1998-07-09,49,0.053
1998-07-10,41,0.044
1998-07-11,58,0.057
1998-07-12,87,0.066
1998-07-13,64,0.059
1998-07-14,61,0.058
1998-07-15,54,0.056
1998-07-16,31,0.034
1998-07-17,43,0.046
1998-07-18,58,0.057
1998-07-19,45,0.049
1998-07-20,71,0.061
1998-07-21,43,0.046
1998-07-22,40,0.043
1998-07-23,31,0.033
1998-07-24,33,0.036
1998-07-25,35,0.038
1998-07-26,46,0.05
1998-07-27,36,0.039
1998-07-28,44,0.048
1998-07-29,35,0.038
1998-07-30,31,0.034
1998-07-31,39,0.042
1998-08-01,49,0.053
1998-08-02,105,0.072
1998-08-03,67,0.06
1998-08-04,48,0.052
1998-08-05,19,0.021
1998-08-06,44,0.047
1998-08-07,45,0.049
1998-08-08,50,0.054
1998-08-09,45,0.049
1998-08-10,42,0.045
1998-08-11,39,0.042
1998-08-12,48,0.052
1998-08-13,71,0.061
1998-08-14,58,0.057
1998-08-15,36,0.039
1998-08-16,49,0.053
1998-08-17,32,0.035
1998-08-18,31,0.033
1998-08-19,45,0.049
1998-08-20,44,0.048
1998-08-21,43,0.046
1998-08-22,44,0.048
1998-08-23,47,0.051
1998-08-24,44,0.048
1998-08-25,34,0.037
1998-08-26,44,0.047
1998-08-27,51,0.055
1998-08-28,39,0.042
1998-08-29,44,0.048
1998-08-30,34,0.037
1998-08-31,35,0.038
1998-09-01,44,0.047
1998-09-02,31,0.034
1998-09-03,50,0.054
1998-09-04,50,0.054
1998-09-05,126,0.078
1998-09-06,46,0.05
1998-09-07,31,0.033
1998-09-08,26,0.028
1998-09-09,34,0.037
1998-09-10,64,0.059
1998-09-11,119,0.076
1998-09-12,28,0.03
1998-09-13,80,0.064
1998-09-14,58,0.057
1998-09-15,35,0.038
1998-09-16,32,0.035
1998-09-17,51,0.055
1998-09-18,61,0.058
1998-09-19,77,0.063
1998-09-20,41,0.044
1998-09-21,24,0.026
1998-09-22,31,0.033
1998-09-23,33,0.036
1998-09-24,35,0.038
1998-09-25,38,0.041
1998-09-26,45,0.049
1998-09-27,32,0.035
1998-09-28,35,0.038
1998-09-29,42,0.045
1998-09-30,21,0.023
1998-10-01,25,0.027
1998-10-02,21,0.023
1998-10-03,26,0.028
1998-10-04,31,0.034
1998-10-05,19,0.02
1998-10-06,22,0.024
1998-10-07,20,0.022
1998-10-08,31,0.033
1998-10-09,31,0.034
1998-10-10,39,0.042
1998-10-11,44,0.048
1998-10-12,18,0.019
1998-10-13,19,0.021
1998-10-14,24,0.026
1998-10-15,18,0.019
1999-04-14,22,0.024
1999-04-15,58,0.057
1999-04-16,42,0.045
1999-04-17,34,0.037
1999-04-18,33,0.036
1999-04-19,40,0.043
1999-04-20,34,0.037
1999-04-21,44,0.048
1999-04-22,39,0.042
1999-04-23,43,0.046
1999-04-24,45,0.049
1999-04-25,54,0.056
1999-04-26,54,0.056
1999-04-27,45,0.049
1999-04-28,44,0.048
1999-04-29,44,0.048
1999-04-30,51,0.055
1999-05-01,77,0.063
1999-05-02,126,0.078
1999-05-03,126,0.078
1999-05-04,122,0.077
1999-05-05,48,0.052
1999-05-06,27,0.029
1999-05-07,19,0.02
1999-05-08,27,0.029
1999-05-09,38,0.041
1999-05-10,50,0.054
1999-05-11,42,0.045
1999-05-12,43,0.046
1999-05-13,44,0.048
1999-05-14,41,0.044
1999-05-15,41,0.044
1999-05-16,64,0.059
1999-05-17,34,0.037
1999-05-18,33,0.036
1999-05-19,43,0.046
1999-05-20,74,0.062
1999-05-21,36,0.039
1999-05-22,33,0.036
1999-05-23,24,0.026
1999-05-24,37,0.04
1999-05-25,33,0.036
1999-05-26,40,0.043
1999-05-27,67,0.06
1999-05-28,87,0.066
1999-05-29,105,0.072
1999-05-30,182,0.098
1999-05-31,44,0.047
1999-06-01,16,0.017
1999-06-02,33,0.036
1999-06-03,43,0.046
1999-06-04,50,0.054
1999-06-05,67,0.06
1999-06-06,50,0.054
1999-06-07,67,0.06
1999-06-08,93,0.068
1999-06-09,97,0.069
1999-06-10,71,0.061
1999-06-11,54,0.056
1999-06-12,37,0.04
1999-06-13,36,0.039
1999-06-14,26,0.028
1999-06-15,31,0.034
1999-06-16,30,0.032
1999-06-17,33,0.036
1999-06-18,44,0.047
1999-06-19,64,0.059
1999-06-20,129,0.079
1999-06-21,154,0.087
1999-06-22,156,0.088
1999-06-23,74,0.062
1999-06-24,50,0.054
1999-06-25,84,0.065
1999-06-26,140,0.082
1999-06-27,115,0.075
1999-06-28,25,0.027
1999-06-29,31,0.034
1999-06-30,44,0.047
1999-07-01,44,0.047
1999-07-02,42,0.045
1999-07-03,32,0.035
1999-07-04,42,0.045
1999-07-05,48,0.052
1999-07-06,37,0.04
1999-07-07,46,0.05
1999-07-08,35,0.038
1999-07-09,31,0.034
1999-07-10,31,0.034
1999-07-11,37,0.04
1999-07-12,44,0.048
1999-07-13,67,0.06
1999-07-14,84,0.065
1999-07-15,101,0.071
1999-07-16,64,0.059
1999-07-17,38,0.041
1999-07-18,35,0.038
1999-07-19,39,0.042
1999-07-20,28,0.03
1999-07-21,30,0.032
1999-07-22,51,0.055
1999-07-23,45,0.049
1999-07-24,46,0.05
1999-07-25,44,0.048
1999-07-26,40,0.043
1999-07-27,38,0.041
1999-07-28,44,0.048
1999-07-29,49,0.053
1999-07-30,105,0.072
1999-07-31,41,0.044
1999-08-01,19,0.021
1999-08-02,27,0.029
1999-08-03,30,0.032
1999-08-04,29,0.031
1999-08-05,33,0.036
1999-08-06,37,0.04
1999-08-07,41,0.044
1999-08-08,31,0.033
1999-08-09,28,0.03
1999-08-10,31,0.034
1999-08-11,32,0.035
1999-08-12,37,0.04
1999-08-13,23,0.025
1999-08-14,31,0.034
1999-08-15,43,0.046
1999-08-16,58,0.057
1999-08-17,33,0.036
1999-08-18,15,0.016
1999-08-19,32,0.035
1999-08-20,43,0.046
1999-08-21,39,0.042
1999-08-22,44,0.048
1999-08-23,38,0.041
1999-08-24,84,0.065
1999-08-25,77,0.063
1999-08-26,67,0.06
1999-08-27,49,0.053
1999-08-28,34,0.037
1999-08-29,34,0.037
1999-08-30,32,0.035
1999-08-31,42,0.045
1999-09-01,100,0.07
1999-09-02,151,0.086
1999-09-03,154,0.087
1999-09-04,161,0.09
1999-09-05,105,0.072
1999-09-06,31,0.033
1999-09-07,47,0.051
1999-09-08,35,0.038
1999-09-09,19,0.021
1999-09-10,27,0.029
1999-09-11,31,0.033
1999-09-12,24,0.026
1999-09-13,20,0.022
1999-09-14,21,0.023
1999-09-15,27,0.029
1999-09-16,28,0.03
1999-09-17,35,0.038
1999-09-18,50,0.054
1999-09-19,48,0.052
1999-09-20,19,0.02
1999-09-21,27,0.029
1999-09-22,38,0.041
1999-09-23,32,0.035
1999-09-24,23,0.025
1999-09-25,45,0.049
1999-09-26,84,0.065
1999-09-27,21,0.023
1999-09-28,18,0.019
1999-09-29,26,0.028
1999-09-30,31,0.034
1999-10-01,22,0.024
1999-10-02,26,0.028
1999-10-03,26,0.028
1999-10-04,27,0.029
1999-10-05,28,0.03
1999-10-06,29,0.031
1999-10-07,32,0.035
1999-10-08,31,0.034
1999-10-09,42,0.045
1999-10-10,34,0.037
1999-10-11,30,0.032
1999-10-12,32,0.035
1999-10-13,21,0.023
1999-10-14,19,0.021
1999-10-15,23,0.025
2000-04-14,27,0.029
2000-04-15,27,0.029
2000-04-16,23,0.025
2000-04-17,27,0.029
2000-04-18,19,0.021
2000-04-19,29,0.031
2000-04-20,36,0.039
2000-04-21,47,0.051
2000-04-22,48,0.052
2000-04-23,46,0.05
2000-04-24,44,0.048
2000-04-25,43,0.046
2000-04-26,47,0.051
2000-04-27,46,0.05
2000-04-28,32,0.035
2000-04-29,33,0.036
2000-04-30,50,0.054
2000-05-01,41,0.044
2000-05-02,44,0.048
2000-05-03,87,0.066
2000-05-04,51,0.055
2000-05-05,64,0.059
2000-05-06,50,0.054
2000-05-07,50,0.054
2000-05-08,38,0.041
2000-05-09,22,0.024
2000-05-10,32,0.035
2000-05-11,17,0.018
2000-05-12,28,0.03
2000-05-13,27,0.029
2000-05-14,40,0.043
2000-05-15,44,0.047
2000-05-16,41,0.044
2000-05-17,44,0.047
2000-05-18,31,0.033
2000-05-19,38,0.041
2000-05-20,50,0.054
2000-05-21,51,0.055
2000-05-22,31,0.034
2000-05-23,44,0.048
2000-05-24,47,0.051
2000-05-25,34,0.037
2000-05-26,35,0.038
2000-05-27,35,0.038
2000-05-28,37,0.04
2000-05-29,41,0.044
2000-05-30,27,0.029
2000-05-31,34,0.037
2000-06-01,31,0.033
2000-06-02,30,0.032
2000-06-03,41,0.044
2000-06-04,30,0.032
2000-06-05,37,0.04
2000-06-06,41,0.044
2000-06-07,54,0.056
2000-06-08,90,0.067
2000-06-09,136,0.081
2000-06-10,45,0.049
2000-06-11,20,0.022
2000-06-12,23,0.025
2000-06-13,23,0.025
2000-06-14,38,0.041
2000-06-15,29,0.031
2000-06-16,25,0.027
2000-06-17,32,0.035
2000-06-18,38,0.041
2000-06-19,50,0.054
2000-06-20,40,0.043
2000-06-21,35,0.038
2000-06-22,25,0.027
2000-06-23,47,0.051
2000-06-24,37,0.04
2000-06-25,43,0.046
2000-06-26,31,0.034
2000-06-27,26,0.028
2000-06-28,24,0.026
2000-06-29,27,0.029
2000-06-30,42,0.045
2000-07-01,67,0.06
2000-07-02,33,0.036
2000-07-03,28,0.03
2000-07-04,41,0.044
2000-07-05,41,0.044
2000-07-06,34,0.037
2000-07-07,31,0.033
2000-07-08,37,0.04
2000-07-09,36,0.039
2000-07-10,33,0.036
2000-07-11,37,0.04
2000-07-12,43,0.046
2000-07-13,37,0.04
2000-07-14,30,0.032
2000-07-15,32,0.035
2000-07-16,34,0.037
2000-07-17,31,0.034
2000-07-18,13,0.014
2000-07-19,29,0.031
2000-07-20,29,0.031
2000-07-21,23,0.025
2000-07-22,22,0.024
2000-07-23,32,0.035
2000-07-24,41,0.044
2000-07-25,64,0.059
2000-07-26,74,0.062
2000-07-27,38,0.041
2000-07-28,46,0.05
2000-07-29,45,0.049
2000-07-30,36,0.039
2000-07-31,48,0.052
2000-08-01,41,0.044
2000-08-02,27,0.029
2000-08-03,32,0.035
2000-08-04,37,0.04
2000-08-05,41,0.044
2000-08-06,39,0.042
2000-08-07,35,0.038
2000-08-08,33,0.036
2000-08-09,27,0.029
2000-08-10,28,0.03
2000-08-11,29,0.031
2000-08-12,41,0.044
2000-08-13,37,0.04
2000-08-14,43,0.046
2000-08-15,38,0.041
2000-08-16,26,0.028
2000-08-17,28,0.03
2000-08-18,21,0.023
2000-08-19,25,0.027
2000-08-20,35,0.038
2000-08-21,42,0.045
2000-08-22,30,0.032
2000-08-23,32,0.035
2000-08-24,38,0.041
2000-08-25,54,0.056
2000-08-26,43,0.046
2000-08-27,39,0.042
2000-08-28,50,0.054
2000-08-29,30,0.032
2000-08-30,42,0.045
2000-08-31,122,0.077
2000-09-01,15,0.016
2000-09-02,20,0.022
2000-09-03,32,0.035
2000-09-04,27,0.029
2000-09-05,29,0.031
2000-09-06,39,0.042
2000-09-07,42,0.045
2000-09-08,35,0.038
2000-09-09,36,0.039
2000-09-10,33,0.036
2000-09-11,34,0.037
2000-09-12,25,0.027
2000-09-13,36,0.039
2000-09-14,24,0.026
2000-09-15,23,0.025
2000-09-16,31,0.033
2000-09-17,31,0.033
2000-09-18,58,0.057
2000-09-19,29,0.031
2000-09-20,20,0.022
2000-09-21,25,0.027
2000-09-22,18,0.019
2000-09-23,20,0.022
2000-09-24,23,0.025
2000-09-25,25,0.027
2000-09-26,31,0.034
2000-09-27,16,0.017
2000-09-28,20,0.022
2000-09-29,31,0.034
2000-09-30,41,0.044
2000-10-01,50,0.054
2000-10-02,24,0.026
2000-10-03,14,0.015
2000-10-04,27,0.029
2000-10-05,22,0.024
2000-10-06,21,0.023
2000-10-07,19,0.02
2000-10-08,23,0.025
2000-10-09,28,0.03
2000-10-10,28,0.03
2000-10-11,32,0.035
2000-10-12,37,0.04
2000-10-13,35,0.038
2000-10-14,42,0.045
2000-10-15,19,0.021
2001-04-14,17,0.018
2001-04-15,45,0.049
2001-04-16,37,0.04
2001-04-17,44,0.047
2001-04-18,48,0.052
2001-04-19,44,0.048
2001-04-20,35,0.038
2001-04-21,44,0.047
2001-04-22,27,0.029
2001-04-23,36,0.039
2001-04-24,44,0.048
2001-04-25,50,0.054
2001-04-26,47,0.051
2001-04-27,42,0.045
2001-04-28,47,0.051
2001-04-29,54,0.056
2001-04-30,101,0.071
2001-05-01,77,0.063
2001-05-02,39,0.042
2001-05-03,37,0.04
2001-05-04,39,0.042
2001-05-05,35,0.038
2001-05-06,46,0.05
2001-05-07,38,0.041
2001-05-08,54,0.056
2001-05-09,71,0.061
2001-05-10,48,0.052
2001-05-11,27,0.029
2001-05-12,43,0.046
2001-05-13,54,0.056
2001-05-14,42,0.045
2001-05-15,84,0.065
2001-05-16,42,0.045
2001-05-17,61,0.058
2001-05-18,49,0.053
2001-05-19,67,0.06
2001-05-20,100,0.07
2001-05-21,30,0.032
2001-05-22,27,0.029
2001-05-23,31,0.034
2001-05-24,42,0.045
2001-05-25,44,0.047
2001-05-26,45,0.049
2001-05-27,39,0.042
2001-05-28,48,0.052
2001-05-29,36,0.039
2001-05-30,45,0.049
2001-05-31,36,0.039
2001-06-01,40,0.043
2001-06-02,28,0.03
2001-06-03,23,0.025
2001-06-04,22,0.024
2001-06-05,23,0.025
2001-06-06,35,0.038
2001-06-07,27,0.029
2001-06-08,46,0.05
2001-06-09,51,0.055
2001-06-10,38,0.041
2001-06-11,77,0.063
2001-06-12,46,0.05
2001-06-13,161,0.09
2001-06-14,74,0.062
2001-06-15,29,0.031
2001-06-16,48,0.052
2001-06-17,49,0.053
2001-06-18,58,0.057
2001-06-19,40,0.043
2001-06-20,47,0.051
2001-06-21,39,0.042
2001-06-22,31,0.034
2001-06-23,43,0.046
2001-06-24,90,0.067
2001-06-25,126,0.078
2001-06-26,147,0.084
2001-06-27,150,0.085
2001-06-28,161,0.09
2001-06-29,122,0.077
2001-06-30,50,0.054
2001-07-01,27,0.029
2001-07-02,31,0.034
2001-07-03,46,0.05
2001-07-04,36,0.039
2001-07-05,30,0.032
2001-07-06,49,0.053
2001-07-07,58,0.057
2001-07-08,74,0.062
2001-07-09,47,0.051
2001-07-10,35,0.038
2001-07-11,31,0.033
2001-07-12,32,0.035
2001-07-13,36,0.039
2001-07-14,43,0.046
2001-07-15,101,0.071
2001-07-16,140,0.082
2001-07-17,112,0.074
2001-07-18,143,0.083
2001-07-19,154,0.087
2001-07-20,97,0.069
2001-07-21,80,0.064
2001-07-22,49,0.053
2001-07-23,42,0.045
2001-07-24,44,0.047
2001-07-25,27,0.029
2001-07-26,29,0.031
2001-07-27,38,0.041
2001-07-28,35,0.038
2001-07-29,42,0.045
2001-07-30,58,0.057
2001-07-31,93,0.068
2001-08-01,41,0.044
2001-08-02,41,0.044
2001-08-03,44,0.047
2001-08-04,61,0.058
2001-08-05,90,0.067
2001-08-06,64,0.059
2001-08-07,54,0.056
2001-08-08,87,0.066
2001-08-09,74,0.062
2001-08-10,25,0.027
2001-08-11,39,0.042
2001-08-12,49,0.053
2001-08-13,27,0.029
2001-08-14,45,0.049
2001-08-15,31,0.033
2001-08-16,35,0.038
2001-08-17,31,0.033
2001-08-18,32,0.035
2001-08-19,25,0.027
2001-08-20,28,0.03
2001-08-21,43,0.046
2001-08-22,44,0.048
2001-08-23,41,0.044
2001-08-24,39,0.042
2001-08-25,33,0.036
2001-08-26,31,0.033
2001-08-27,35,0.038
2001-08-28,31,0.033
2001-08-29,40,0.043
2001-08-30,39,0.042
2001-08-31,23,0.025
2001-09-01,38,0.041
2001-09-02,45,0.049
2001-09-03,35,0.038
2001-09-04,34,0.037
2001-09-05,45,0.049
2001-09-06,58,0.057
2001-09-07,32,0.035
2001-09-08,30,0.032
2001-09-09,12,0.013
2001-09-10,25,0.027
2001-09-11,40,0.043
2001-09-12,33,0.036
2001-09-13,23,0.025
2001-09-14,22,0.024
2001-09-15,31,0.034
2001-09-16,42,0.045
2001-09-17,21,0.023
2001-09-18,44,0.047
2001-09-19,33,0.036
2001-09-20,29,0.031
2001-09-21,26,0.028
2001-09-22,28,0.03
2001-09-23,19,0.02
2001-09-24,28,0.03
2001-09-25,31,0.034
2001-09-26,31,0.034
2001-09-27,26,0.028
2001-09-28,18,0.019
2001-09-29,28,0.03
2001-09-30,39,0.042
2001-10-01,40,0.043
2001-10-02,47,0.051
2001-10-03,26,0.028
2001-10-04,19,0.021
2001-10-05,22,0.024
2001-10-06,27,0.029
2001-10-07,33,0.036
2001-10-08,31,0.033
2001-10-09,36,0.039
2001-10-10,29,0.031
2001-10-11,27,0.029
2001-10-12,31,0.034
2001-10-13,22,0.024
2001-10-14,26,0.028
2001-10-15,15,0.016
2002-04-14,17,0.018
2002-04-15,58,0.057
2002-04-16,50,0.054
2002-04-17,48,0.052
2002-04-18,42,0.045
2002-04-19,36,0.039
2002-04-20,42,0.045
2002-04-21,38,0.041
2002-04-22,42,0.045
2002-04-23,38,0.041
2002-04-24,32,0.035
2002-04-25,33,0.036
2002-04-26,43,0.046
2002-04-27,38,0.041
2002-04-28,40,0.043
2002-04-29,42,0.045
2002-04-30,40,0.043
2002-05-01,38,0.041
2002-05-02,37,0.04
2002-05-03,33,0.036
2002-05-04,50,0.054
2002-05-05,38,0.041
2002-05-06,31,0.034
2002-05-07,35,0.038
2002-05-08,20,0.022
2002-05-09,40,0.043
2002-05-10,45,0.049
2002-05-11,44,0.048
2002-05-12,40,0.043
2002-05-13,40,0.043
2002-05-14,39,0.042
2002-05-15,51,0.055
2002-05-16,23,0.025
2002-05-17,35,0.038
2002-05-18,33,0.036
2002-05-19,37,0.04
2002-05-20,35,0.038
2002-05-21,44,0.047
2002-05-22,48,0.052
2002-05-23,51,0.055
2002-05-24,31,0.034
2002-05-25,26,0.028
2002-05-26,44,0.047
2002-05-27,44,0.048
2002-05-28,100,0.07
2002-05-29,51,0.055
2002-05-30,45,0.049
2002-05-31,47,0.051
2002-06-01,74,0.062
2002-06-02,28,0.03
2002-06-03,23,0.025
2002-06-04,18,0.019
2002-06-05,31,0.033
2002-06-06,43,0.046
2002-06-07,54,0.056
2002-06-08,74,0.062
2002-06-09,143,0.083
2002-06-10,46,0.05
2002-06-11,37,0.04
2002-06-12,20,0.022
2002-06-13,32,0.035
2002-06-14,29,0.031
2002-06-15,34,0.037
2002-06-16,31,0.034
2002-06-17,38,0.041
2002-06-18,45,0.049
2002-06-19,90,0.067
2002-06-20,49,0.053
2002-06-21,37,0.04
2002-06-22,45,0.049
2002-06-23,105,0.072
2002-06-24,115,0.075
2002-06-25,67,0.06
2002-06-26,50,0.054
2002-06-27,24,0.026
2002-06-28,46,0.05
2002-06-29,97,0.069
2002-06-30,84,0.065
2002-07-01,50,0.054
2002-07-02,35,0.038
2002-07-03,34,0.037
2002-07-04,31,0.033
2002-07-05,24,0.026
2002-07-06,58,0.057
2002-07-07,46,0.05
2002-07-08,44,0.048
2002-07-09,34,0.037
2002-07-10,27,0.029
2002-07-11,33,0.036
2002-07-12,64,0.059
2002-07-13,44,0.047
2002-07-14,80,0.064
2002-07-15,77,0.063
2002-07-16,112,0.074
2002-07-17,90,0.067
2002-07-18,15,0.016
2002-07-19,42,0.045
2002-07-20,80,0.064
2002-07-21,54,0.056
2002-07-22,33,0.036
2002-07-23,27,0.029
2002-07-24,31,0.034
2002-07-25,41,0.044
2002-07-26,46,0.05
2002-07-27,43,0.046
2002-07-28,50,0.054
2002-07-29,48,0.052
2002-07-30,71,0.061
2002-07-31,64,0.059
2002-08-01,44,0.047
2002-08-02,31,0.033
2002-08-03,64,0.059
2002-08-04,44,0.047
2002-08-05,27,0.029
2002-08-06,20,0.022
2002-08-07,32,0.035
2002-08-08,40,0.043
2002-08-09,93,0.068
2002-08-10,108,0.073
2002-08-11,50,0.054
2002-08-12,64,0.059
2002-08-13,28,0.03
2002-08-14,36,0.039
2002-08-15,48,0.052
2002-08-16,31,0.034
2002-08-17,35,0.038
2002-08-18,28,0.03
2002-08-19,28,0.03
2002-08-20,46,0.05
2002-08-21,24,0.026
2002-08-22,35,0.038
2002-08-23,27,0.029
2002-08-24,36,0.039
2002-08-25,28,0.03
2002-08-26,35,0.038
2002-08-27,24,0.026
2002-08-28,31,0.034
2002-08-29,45,0.049
2002-08-30,74,0.062
2002-08-31,108,0.073
2002-09-01,97,0.069
2002-09-02,61,0.058
2002-09-03,34,0.037
2002-09-04,30,0.032
2002-09-05,35,0.038
2002-09-06,44,0.048
2002-09-07,122,0.077
2002-09-08,140,0.082
2002-09-09,48,0.052
2002-09-10,25,0.027
2002-09-11,32,0.035
2002-09-12,42,0.045
2002-09-13,44,0.048
2002-09-14,34,0.037
2002-09-15,27,0.029
2002-09-16,36,0.039
2002-09-17,49,0.053
2002-09-18,44,0.047
2002-09-19,25,0.027
2002-09-20,19,0.021
2002-09-21,29,0.031
2002-09-22,24,0.026
2002-09-23,23,0.025
2002-09-24,23,0.025
2002-09-25,24,0.026
2002-09-26,25,0.027
2002-09-27,31,0.034
2002-09-28,40,0.043
2002-09-29,44,0.048
2002-09-30,49,0.053
2002-10-01,40,0.043
2002-10-02,16,0.017
2002-10-03,19,0.021
2002-10-04,28,0.03
2002-10-05,27,0.029
2002-10-06,30,0.032
2002-10-07,20,0.022
2002-10-08,20,0.022
2002-10-09,23,0.025
2002-10-10,19,0.021
2002-10-11,37,0.04
2002-10-12,25,0.027
2002-10-13,29,0.031
2002-10-14,28,0.03
2002-10-15,25,0.027
2003-04-14,35,0.038
2003-04-15,51,0.055
2003-04-16,39,0.042
2003-04-17,37,0.04
2003-04-18,33,0.036
2003-04-19,36,0.039
2003-04-20,37,0.04
2003-04-21,39,0.042
2003-04-22,48,0.052
2003-04-23,44,0.048
2003-04-24,51,0.055
2003-04-25,44,0.047
2003-04-26,48,0.052
2003-04-27,93,0.068
2003-04-28,48,0.052
2003-04-29,38,0.041
2003-04-30,25,0.027
2003-05-01,47,0.051
2003-05-02,44,0.048
2003-05-03,48,0.052
2003-05-04,50,0.054
2003-05-05,40,0.043
2003-05-06,42,0.045
2003-05-07,30,0.032
2003-05-08,41,0.044
2003-05-09,39,0.042
2003-05-10,48,0.052
2003-05-11,34,0.037
2003-05-12,45,0.049
2003-05-13,45,0.049
2003-05-14,37,0.04
2003-05-15,44,0.047
2003-05-16,47,0.051
2003-05-17,44,0.048
2003-05-18,54,0.056
2003-05-19,28,0.03
2003-05-20,35,0.038
2003-05-21,31,0.034
2003-05-22,50,0.054
2003-05-23,54,0.056
2003-05-24,47,0.051
2003-05-25,45,0.049
2003-05-26,40,0.043
2003-05-27,47,0.051
2003-05-28,29,0.031
2003-05-29,39,0.042
2003-05-30,40,0.043
2003-05-31,44,0.048
2003-06-01,44,0.047
2003-06-02,58,0.057
2003-06-03,46,0.05
2003-06-04,44,0.047
2003-06-05,45,0.049
2003-06-06,48,0.052
2003-06-07,47,0.051
2003-06-08,41,0.044
2003-06-09,44,0.048
2003-06-10,36,0.039
2003-06-11,42,0.045
2003-06-12,46,0.05
2003-06-13,74,0.062
2003-06-14,44,0.048
2003-06-15,34,0.037
2003-06-16,61,0.058
2003-06-17,112,0.074
2003-06-18,50,0.054
2003-06-19,44,0.047
2003-06-20,45,0.049
2003-06-21,115,0.075
2003-06-22,136,0.081
2003-06-23,115,0.075
2003-06-24,93,0.068
2003-06-25,74,0.062
2003-06-26,33,0.036
2003-06-27,43,0.046
2003-06-28,20,0.022
2003-06-29,35,0.038
2003-06-30,48,0.052
2003-07-01,67,0.06
2003-07-02,74,0.062
2003-07-03,58,0.057
2003-07-04,46,0.05
2003-07-05,41,0.044
2003-07-06,49,0.053
2003-07-07,45,0.049
2003-07-08,23,0.025
2003-07-09,19,0.021
2003-07-10,24,0.026
2003-07-11,25,0.027
2003-07-12,34,0.037
2003-07-13,42,0.045
2003-07-14,61,0.058
2003-07-15,37,0.04
2003-07-16,40,0.043
2003-07-17,23,0.025
2003-07-18,40,0.043
2003-07-19,44,0.048
2003-07-20,37,0.04
2003-07-21,34,0.037
2003-07-22,23,0.025
2003-07-23,31,0.034
2003-07-24,39,0.042
2003-07-25,58,0.057
2003-07-26,48,0.052
2003-07-27,30,0.032
2003-07-28,40,0.043
2003-07-29,47,0.051
2003-07-30,46,0.05
2003-07-31,44,0.047
2003-08-01,42,0.045
2003-08-02,47,0.051
2003-08-03,46,0.05
2003-08-04,40,0.043
2003-08-05,36,0.039
2003-08-06,35,0.038
2003-08-07,28,0.03
2003-08-08,27,0.029
2003-08-09,32,0.035
2003-08-10,33,0.036
2003-08-11,24,0.026
2003-08-12,30,0.032
2003-08-13,35,0.038
2003-08-14,97,0.069
2003-08-15,51,0.055
2003-08-16,44,0.048
2003-08-17,37,0.04
2003-08-18,48,0.052
2003-08-19,108,0.073
2003-08-20,150,0.085
2003-08-21,44,0.048
2003-08-22,28,0.03
2003-08-23,27,0.029
2003-08-24,93,0.068
2003-08-25,37,0.04
2003-08-26,48,0.052
2003-08-27,30,0.032
2003-08-28,100,0.07
2003-08-29,30,0.032
2003-08-30,30,0.032
2003-08-31,36,0.039
2003-09-01,46,0.05
2003-09-02,45,0.049
2003-09-03,33,0.036
2003-09-04,25,0.027
2003-09-05,46,0.05
2003-09-06,67,0.06
2003-09-07,37,0.04
2003-09-08,77,0.063
2003-09-09,90,0.067
2003-09-10,58,0.057
2003-09-11,112,0.074
2003-09-12,47,0.051
2003-09-13,36,0.039
2003-09-14,29,0.031
2003-09-15,24,0.026
2003-09-16,41,0.044
2003-09-17,90,0.067
2003-09-18,105,0.072
2003-09-19,19,0.02
2003-09-20,31,0.034
2003-09-21,45,0.049
2003-09-22,27,0.029
2003-09-23,29,0.031
2003-09-24,29,0.031
2003-09-25,19,0.02
2003-09-26,19,0.02
2003-09-27,17,0.018
2003-09-28,16,0.017
2003-09-29,21,0.023
2003-09-30,22,0.024
2003-10-01,22,0.024
2003-10-02,24,0.026
2003-10-03,21,0.023
2003-10-04,26,0.028
2003-10-05,28,0.03
2003-10-06,26,0.028
2003-10-07,28,0.03
2003-10-08,40,0.043
2003-10-09,47,0.051
2003-10-10,49,0.053
2003-10-11,40,0.043
2003-10-12,26,0.028
2003-10-13,23,0.025
2003-10-14,27,0.029
2003-10-15,29,0.031
2003-10-16,18,0.019
2004-04-08,38,0.041
2004-04-09,38,0.041
2004-04-10,35,0.038
2004-04-11,35,0.038
2004-04-12,31,0.033
2004-04-13,40,0.043
2004-04-14,46,0.05
2004-04-15,46,0.05
2004-04-16,54,0.056
2004-04-17,44,0.047
2004-04-18,43,0.046
2004-04-19,34,0.037
2004-04-20,31,0.034
2004-04-21,31,0.033
2004-04-22,36,0.039
2004-04-23,44,0.048
2004-04-24,42,0.045
2004-04-25,35,0.038
2004-04-26,36,0.039
2004-04-27,44,0.048
2004-04-28,74,0.062
2004-04-29,61,0.058
2004-04-30,31,0.034
2004-05-01,41,0.044
2004-05-02,35,0.038
2004-05-03,40,0.043
2004-05-04,49,0.053
2004-05-05,35,0.038
2004-05-06,41,0.044
2004-05-07,43,0.046
2004-05-08,36,0.039
2004-05-09,33,0.036
2004-05-10,41,0.044
2004-05-11,37,0.04
2004-05-12,43,0.046
2004-05-13,33,0.036
2004-05-14,21,0.023
2004-05-15,42,0.045
2004-05-16,49,0.053
2004-05-17,44,0.047
2004-05-18,45,0.049
2004-05-19,61,0.058
2004-05-20,44,0.048
2004-05-21,32,0.035
2004-05-22,24,0.026
2004-05-23,33,0.036
2004-05-24,34,0.037
2004-05-25,31,0.034
2004-05-26,42,0.045
2004-05-27,36,0.039
2004-05-28,38,0.041
2004-05-29,38,0.041
2004-05-30,48,0.052
2004-05-31,33,0.036
2004-06-01,28,0.03
2004-06-02,31,0.034
2004-06-03,38,0.041
2004-06-04,51,0.055
2004-06-05,61,0.058
2004-06-06,67,0.06
2004-06-07,67,0.06
2004-06-08,44,0.047
2004-06-09,28,0.03
2004-06-10,25,0.027
2004-06-11,31,0.033
2004-06-12,46,0.05
2004-06-13,50,0.054
2004-06-14,44,0.047
2004-06-15,41,0.044
2004-06-16,87,0.066
2004-06-17,36,0.039
2004-06-18,37,0.04
2004-06-19,31,0.034
2004-06-20,43,0.046
2004-06-21,33,0.036
2004-06-22,36,0.039
2004-06-23,40,0.043
2004-06-24,30,0.032
2004-06-25,34,0.037
2004-06-26,31,0.034
2004-06-27,32,0.035
2004-06-28,35,0.038
2004-06-29,41,0.044
2004-06-30,54,0.056
2004-07-01,36,0.039
2004-07-02,38,0.041
2004-07-03,71,0.061
2004-07-04,41,0.044
2004-07-05,28,0.03
2004-07-06,16,0.017
2004-07-07,23,0.025
2004-07-08,22,0.024
2004-07-09,28,0.03
2004-07-10,49,0.053
2004-07-11,64,0.059
2004-07-12,47,0.051
2004-07-13,45,0.049
2004-07-14,32,0.035
2004-07-15,39,0.042
2004-07-16,34,0.037
2004-07-17,31,0.034
2004-07-18,40,0.043
2004-07-19,44,0.047
2004-07-20,67,0.06
2004-07-21,47,0.051
2004-07-22,41,0.044
2004-07-23,33,0.036
2004-07-24,33,0.036
2004-07-25,46,0.05
2004-07-26,51,0.055
2004-07-27,80,0.064
2004-07-28,93,0.068
2004-07-29,44,0.048
2004-07-30,45,0.049
2004-07-31,42,0.045
2004-08-01,51,0.055
2004-08-02,45,0.049
2004-08-03,31,0.034
2004-08-04,28,0.03
2004-08-05,33,0.036
2004-08-06,33,0.036
2004-08-07,36,0.039
2004-08-08,58,0.057
2004-08-09,38,0.041
2004-08-10,16,0.017
2004-08-11,27,0.029
2004-08-12,32,0.035
2004-08-13,26,0.028
2004-08-14,38,0.041
2004-08-15,43,0.046
2004-08-16,44,0.047
2004-08-17,44,0.048
2004-08-18,43,0.046
2004-08-19,31,0.034
2004-08-20,31,0.033
2004-08-21,31,0.034
2004-08-22,44,0.047
2004-08-23,31,0.034
2004-08-24,36,0.039
2004-08-25,24,0.026
2004-08-26,40,0.043
2004-08-27,42,0.045
2004-08-28,14,0.015
2004-08-29,23,0.025
2004-08-30,30,0.032
2004-08-31,34,0.037
2004-09-01,47,0.051
2004-09-02,50,0.054
2004-09-03,100,0.07
2004-09-04,101,0.071
2004-09-05,74,0.062
2004-09-06,35,0.038
2004-09-07,24,0.026
2004-09-08,25,0.027
2004-09-09,24,0.026
2004-09-10,45,0.049
2004-09-11,71,0.061
2004-09-12,90,0.067
2004-09-13,101,0.071
2004-09-14,48,0.052
2004-09-15,35,0.038
2004-09-16,33,0.036
2004-09-17,35,0.038
2004-09-18,45,0.049
2004-09-19,54,0.056
2004-09-20,50,0.054
2004-09-21,84,0.065
2004-09-22,105,0.072
2004-09-23,112,0.074
2004-09-24,31,0.033
2004-09-25,32,0.035
2004-09-26,38,0.041
2004-09-27,44,0.048
2004-09-28,29,0.031
2004-09-29,32,0.035
2004-09-30,36,0.039
2004-10-01,49,0.053
2004-10-02,31,0.033
2004-10-03,35,0.038
2004-10-04,28,0.03
2004-10-05,29,0.031
2004-10-06,48,0.052
2004-10-07,36,0.039
2004-10-08,32,0.035
2004-10-09,33,0.036
2004-10-10,30,0.032
2004-10-11,28,0.03
2004-10-12,28,0.03
2004-10-13,32,0.035
2004-10-14,17,0.018
2004-10-15,17,0.018
2005-04-15,46,0.05
2005-04-16,51,0.055
2005-04-17,74,0.062
2005-04-18,115,0.075
2005-04-19,67,0.06
2005-04-20,28,0.03
2005-04-21,38,0.041
2005-04-22,38,0.041
2005-04-23,44,0.048
2005-04-24,41,0.044
2005-04-25,44,0.047
2005-04-26,34,0.037
2005-04-27,31,0.034
2005-04-28,35,0.038
2005-04-29,41,0.044
2005-04-30,40,0.043
2005-05-01,31,0.034
2005-05-02,26,0.028
2005-05-03,46,0.05
2005-05-04,54,0.056
2005-05-05,80,0.064
2005-05-06,50,0.054
2005-05-07,44,0.047
2005-05-08,93,0.068
2005-05-09,45,0.049
2005-05-10,38,0.041
2005-05-11,28,0.03
2005-05-12,31,0.033
2005-05-13,19,0.021
2005-05-14,31,0.033
2005-05-15,27,0.029
2005-05-16,38,0.041
2005-05-17,38,0.041
2005-05-18,58,0.057
2005-05-19,36,0.039
2005-05-20,71,0.061
2005-05-21,54,0.056
2005-05-22,45,0.049
2005-05-23,42,0.045
2005-05-24,38,0.041
2005-05-25,45,0.049
2005-05-26,37,0.04
2005-05-27,30,0.032
2005-05-28,32,0.035
2005-05-29,42,0.045
2005-05-30,42,0.045
2005-05-31,32,0.035
2005-06-01,58,0.057
2005-06-02,115,0.075
2005-06-03,49,0.053
2005-06-04,64,0.059
2005-06-05,64,0.059
2005-06-06,45,0.049
2005-06-07,143,0.083
2005-06-08,67,0.06
2005-06-09,51,0.055
2005-06-10,90,0.067
2005-06-11,54,0.056
2005-06-12,58,0.057
2005-06-13,58,0.057
2005-06-14,44,0.048
2005-06-15,30,0.032
2005-06-16,32,0.035
2005-06-17,29,0.031
2005-06-18,29,0.031
2005-06-19,64,0.059
2005-06-20,93,0.068
2005-06-21,42,0.045
2005-06-22,44,0.048
2005-06-23,129,0.079
2005-06-24,105,0.072
2005-06-25,28,0.03
2005-06-26,61,0.058
2005-06-27,140,0.082
2005-06-28,54,0.056
2005-06-29,44,0.047
2005-06-30,40,0.043
2005-07-01,26,0.028
2005-07-02,42,0.045
2005-07-03,58,0.057
2005-07-04,37,0.04
2005-07-05,33,0.036
2005-07-06,31,0.034
2005-07-07,32,0.035
2005-07-08,67,0.06
2005-07-09,101,0.071
2005-07-10,115,0.075
2005-07-11,129,0.079
2005-07-12,101,0.071
2005-07-13,87,0.066
2005-07-14,40,0.043
2005-07-15,67,0.06
2005-07-16,80,0.064
2005-07-17,101,0.071
2005-07-18,39,0.042
2005-07-19,44,0.047
2005-07-20,42,0.045
2005-07-21,44,0.048
2005-07-22,41,0.044
2005-07-23,38,0.041
2005-07-24,42,0.045
2005-07-25,51,0.055
2005-07-26,29,0.031
2005-07-27,30,0.032
2005-07-28,40,0.043
2005-07-29,31,0.033
2005-07-30,49,0.053
2005-07-31,58,0.057
2005-08-01,61,0.058
2005-08-02,105,0.072
2005-08-03,74,0.062
2005-08-04,35,0.038
2005-08-05,36,0.039
2005-08-06,61,0.058
2005-08-07,71,0.061
2005-08-08,100,0.07
2005-08-09,84,0.065
2005-08-10,38,0.041
2005-08-11,31,0.033
2005-08-12,35,0.038
2005-08-13,29,0.031
2005-08-14,43,0.046
2005-08-15,37,0.04
2005-08-16,47,0.051
2005-08-17,49,0.053
2005-08-18,45,0.049
2005-08-19,45,0.049
2005-08-20,37,0.04
2005-08-21,22,0.024
2005-08-22,25,0.027
2005-08-23,24,0.026
2005-08-24,31,0.033
2005-08-25,46,0.05
2005-08-26,87,0.066
2005-08-27,44,0.048
2005-08-28,34,0.037
2005-08-29,39,0.042
2005-08-30,28,0.03
2005-08-31,29,0.031
2005-09-01,38,0.041
2005-09-02,31,0.033
2005-09-03,32,0.035
2005-09-04,35,0.038
2005-09-05,119,0.076
2005-09-06,67,0.06
2005-09-07,30,0.032
2005-09-08,21,0.023
2005-09-09,50,0.054
2005-09-10,126,0.078
2005-09-11,93,0.068
2005-09-12,87,0.066
2005-09-13,61,0.058
2005-09-14,28,0.03
2005-09-15,27,0.029
2005-09-16,36,0.039
2005-09-17,41,0.044
2005-09-18,48,0.052
2005-09-19,38,0.041
2005-09-20,39,0.042
2005-09-21,77,0.063
2005-09-22,26,0.028
2005-09-23,28,0.03
2005-09-24,25,0.027
2005-09-25,21,0.023
2005-09-26,29,0.031
2005-09-27,33,0.036
2005-09-28,22,0.024
2005-09-29,21,0.023
2005-09-30,36,0.039
2005-10-01,50,0.054
2005-10-02,54,0.056
2005-10-03,35,0.038
2005-10-04,36,0.039
2005-10-05,51,0.055
2005-10-06,17,0.018
2005-10-07,28,0.03
2005-10-08,27,0.029
2005-10-09,31,0.033
2005-10-10,20,0.022
2005-10-11,19,0.02
2005-10-12,5,0.005
2005-10-13,9,0.01
2005-10-14,34,0.037
2005-10-15,31,0.034
2005-10-16,26,0.028
2005-10-17,32,0.035
2005-10-18,18,0.019
2006-04-14,33,0.036
2006-04-15,44,0.048
2006-04-16,35,0.038
2006-04-17,44,0.047
2006-04-18,45,0.049
2006-04-19,40,0.043
2006-04-20,54,0.056
2006-04-21,41,0.044
2006-04-22,36,0.039
2006-04-23,42,0.045
2006-04-24,50,0.054
2006-04-25,40,0.043
2006-04-26,49,0.053
2006-04-27,41,0.044
2006-04-28,43,0.046
2006-04-29,45,0.049
2006-04-30,43,0.046
2006-05-01,33,0.036
2006-05-02,42,0.045
2006-05-03,47,0.051
2006-05-04,38,0.041
2006-05-05,27,0.029
2006-05-06,44,0.048
2006-05-07,61,0.058
2006-05-08,47,0.051
2006-05-09,32,0.035
2006-05-10,39,0.042
2006-05-11,25,0.027
2006-05-12,19,0.02
2006-05-13,28,0.03
2006-05-14,37,0.04
2006-05-15,37,0.04
2006-05-16,38,0.041
2006-05-17,38,0.041
2006-05-18,38,0.041
2006-05-19,38,0.041
2006-05-20,45,0.049
2006-05-21,42,0.045
2006-05-22,47,0.051
2006-05-23,84,0.065
2006-05-24,51,0.055
2006-05-25,33,0.036
2006-05-26,51,0.055
2006-05-27,67,0.06
2006-05-28,54,0.056
2006-05-29,43,0.046
2006-05-30,36,0.039
2006-05-31,42,0.045
2006-06-01,51,0.055
2006-06-02,49,0.053
2006-06-03,39,0.042
2006-06-04,47,0.051
2006-06-05,84,0.065
2006-06-06,41,0.044
2006-06-07,43,0.046
2006-06-08,39,0.042
2006-06-09,32,0.035
2006-06-10,44,0.048
2006-06-11,37,0.04
2006-06-12,30,0.032
2006-06-13,44,0.048
2006-06-14,27,0.029
2006-06-15,97,0.069
2006-06-16,105,0.072
2006-06-17,64,0.059
2006-06-18,41,0.044
2006-06-19,34,0.037
2006-06-20,40,0.043
2006-06-21,44,0.047
2006-06-22,41,0.044
2006-06-23,36,0.039
2006-06-24,44,0.047
2006-06-25,40,0.043
2006-06-26,39,0.042
2006-06-27,41,0.044
2006-06-28,35,0.038
2006-06-29,40,0.043
2006-06-30,80,0.064
2006-07-01,97,0.069
2006-07-02,61,0.058
2006-07-03,51,0.055
2006-07-04,35,0.038
2006-07-05,35,0.038
2006-07-06,44,0.048
2006-07-07,61,0.058
2006-07-08,87,0.066
2006-07-09,49,0.053
2006-07-10,35,0.038
2006-07-11,32,0.035
2006-07-12,51,0.055
2006-07-13,67,0.06
2006-07-14,58,0.057
2006-07-15,84,0.065
2006-07-16,67,0.06
2006-07-17,64,0.059
2006-07-18,44,0.047
2006-07-19,61,0.058
2006-07-20,48,0.052
2006-07-21,26,0.028
2006-07-22,29,0.031
2006-07-23,38,0.041
2006-07-24,46,0.05
2006-07-25,101,0.071
2006-07-26,49,0.053
2006-07-27,41,0.044
2006-07-28,108,0.073
2006-07-29,74,0.062
2006-07-30,42,0.045
2006-07-31,71,0.061
2006-08-01,48,0.052
2006-08-02,37,0.04
2006-08-03,31,0.034
2006-08-04,44,0.048
2006-08-05,77,0.063
2006-08-06,44,0.048
2006-08-07,34,0.037
2006-08-08,39,0.042
2006-08-09,61,0.058
2006-08-10,48,0.052
2006-08-11,33,0.036
2006-08-12,44,0.047
2006-08-13,58,0.057
2006-08-14,34,0.037
2006-08-15,39,0.042
2006-08-16,67,0.06
2006-08-17,41,0.044
2006-08-18,90,0.067
2006-08-19,41,0.044
2006-08-20,33,0.036
2006-08-21,44,0.047
2006-08-22,39,0.042
2006-08-23,25,0.027
2006-08-24,33,0.036
2006-08-25,58,0.057
2006-08-26,33,0.036
2006-08-27,35,0.038
2006-08-28,20,0.022
2006-08-29,35,0.038
2006-08-30,24,0.026
2006-08-31,36,0.039
2006-09-01,36,0.039
2006-09-02,39,0.042
2006-09-03,40,0.043
2006-09-04,37,0.04
2006-09-05,31,0.033
2006-09-06,30,0.032
2006-09-07,40,0.043
2006-09-08,39,0.042
2006-09-09,25,0.027
2006-09-10,28,0.03
2006-09-11,23,0.025
2006-09-12,21,0.023
2006-09-13,30,0.032
2006-09-14,39,0.042
2006-09-15,54,0.056
2006-09-16,80,0.064
2006-09-17,44,0.048
2006-09-18,23,0.025
2006-09-19,17,0.018
2006-09-20,29,0.031
2006-09-21,33,0.036
2006-09-22,25,0.027
2006-09-23,23,0.025
2006-09-24,30,0.032
2006-09-25,30,0.032
2006-09-26,33,0.036
2006-09-27,20,0.022
2006-09-28,26,0.028
2006-09-29,23,0.025
2006-09-30,20,0.022
2006-10-01,33,0.036
2006-10-02,32,0.035
2006-10-03,38,0.041
2006-10-04,26,0.028
2006-10-05,27,0.029
2006-10-06,29,0.031
2006-10-07,35,0.038
2006-10-08,49,0.053
2006-10-09,26,0.028
2006-10-10,27,0.029
2006-10-11,24,0.026
2006-10-12,26,0.028
2006-10-13,25,0.027
2006-10-14,26,0.028
2006-10-15,33,0.036
2007-03-31,27,0.029
2007-04-01,33,0.036
2007-04-02,38,0.041
2007-04-03,25,0.027
2007-04-04,40,0.043
2007-04-05,41,0.044
2007-04-06,37,0.04
2007-04-07,32,0.035
2007-04-08,35,0.038
2007-04-09,32,0.035
2007-04-10,39,0.042
2007-04-11,40,0.043
2007-04-12,41,0.044
2007-04-13,46,0.05
2007-04-14,46,0.05
2007-04-15,50,0.054
2007-04-16,58,0.057
2007-04-17,45,0.049
2007-04-18,43,0.046
2007-04-19,41,0.044
2007-04-20,48,0.052
2007-04-21,93,0.068
2007-04-22,101,0.071
2007-04-23,44,0.047
2007-04-24,37,0.04
2007-04-25,41,0.044
2007-04-26,37,0.04
2007-04-27,40,0.043
2007-04-28,44,0.048
2007-04-29,58,0.057
2007-04-30,40,0.043
2007-05-01,44,0.048
2007-05-02,42,0.045
2007-05-03,43,0.046
2007-05-04,47,0.051
2007-05-05,38,0.041
2007-05-06,47,0.051
2007-05-07,45,0.049
2007-05-08,47,0.051
2007-05-09,48,0.052
2007-05-10,90,0.067
2007-05-11,34,0.037
2007-05-12,37,0.04
2007-05-13,40,0.043
2007-05-14,87,0.066
2007-05-15,30,0.032
2007-05-16,35,0.038
2007-05-17,42,0.045
2007-05-18,58,0.057
2007-05-19,61,0.058
2007-05-20,29,0.031
2007-05-21,41,0.044
2007-05-22,143,0.083
2007-05-23,101,0.071
2007-05-24,90,0.067
2007-05-25,44,0.048
2007-05-26,43,0.046
2007-05-27,43,0.046
2007-05-28,74,0.062
2007-05-29,105,0.072
2007-05-30,115,0.075
2007-05-31,44,0.048
2007-06-01,51,0.055
2007-06-02,44,0.048
2007-06-03,42,0.045
2007-06-04,24,0.026
2007-06-05,31,0.033
2007-06-06,45,0.049
2007-06-07,67,0.06
2007-06-08,37,0.04
2007-06-09,64,0.059
2007-06-10,101,0.071
2007-06-11,143,0.083
2007-06-12,115,0.075
2007-06-13,77,0.063
2007-06-14,77,0.063
2007-06-15,129,0.079
2007-06-16,58,0.057
2007-06-17,77,0.063
2007-06-18,54,0.056
2007-06-19,39,0.042
2007-06-20,45,0.049
2007-06-21,38,0.041
2007-06-22,37,0.04
2007-06-23,54,0.056
2007-06-24,64,0.059
2007-06-25,77,0.063
2007-06-26,58,0.057
2007-06-27,44,0.048
2007-06-28,26,0.028
2007-06-29,44,0.047
2007-06-30,41,0.044
2007-07-01,28,0.03
2007-07-02,45,0.049
2007-07-03,43,0.046
2007-07-04,36,0.039
2007-07-05,39,0.042
2007-07-06,38,0.041
2007-07-07,74,0.062
2007-07-08,61,0.058
2007-07-09,37,0.04
2007-07-10,45,0.049
2007-07-11,31,0.034
2007-07-12,31,0.034
2007-07-13,30,0.032
2007-07-14,26,0.028
2007-07-15,34,0.037
2007-07-16,38,0.041
2007-07-17,49,0.053
2007-07-18,44,0.047
2007-07-19,32,0.035
2007-07-20,27,0.029
2007-07-21,36,0.039
2007-07-22,51,0.055
2007-07-23,64,0.059
2007-07-24,48,0.052
2007-07-25,42,0.045
2007-07-26,49,0.053
2007-07-27,35,0.038
2007-07-28,34,0.037
2007-07-29,39,0.042
2007-07-30,50,0.054
2007-07-31,61,0.058
2007-08-01,80,0.064
2007-08-02,46,0.05
2007-08-03,61,0.058
2007-08-04,67,0.06
2007-08-05,45,0.049
2007-08-06,71,0.061
2007-08-07,44,0.047
2007-08-08,43,0.046
2007-08-09,47,0.051
2007-08-10,46,0.05
2007-08-11,64,0.059
2007-08-12,45,0.049
2007-08-13,43,0.046
2007-08-14,38,0.041
2007-08-15,41,0.044
2007-08-16,36,0.039
2007-08-17,31,0.033
2007-08-18,26,0.028
2007-08-19,25,0.027
2007-08-20,26,0.028
2007-08-21,22,0.024
2007-08-22,31,0.033
2007-08-23,31,0.033
2007-08-24,26,0.028
2007-08-25,28,0.03
2007-08-26,39,0.042
2007-08-27,37,0.04
2007-08-28,61,0.058
2007-08-29,21,0.023
2007-08-30,34,0.037
2007-08-31,51,0.055
2007-09-01,67,0.06
2007-09-02,58,0.057
2007-09-03,45,0.049
2007-09-04,87,0.066
2007-09-05,100,0.07
2007-09-06,34,0.037
2007-09-07,31,0.034
2007-09-08,36,0.039
2007-09-09,22,0.024
2007-09-10,19,0.02
2007-09-11,25,0.027
2007-09-12,23,0.025
2007-09-13,45,0.049
2007-09-14,20,0.022
2007-09-15,28,0.03
2007-09-16,38,0.041
2007-09-17,38,0.041
2007-09-18,71,0.061
2007-09-19,35,0.038
2007-09-20,32,0.035
2007-09-21,90,0.067
2007-09-22,36,0.039
2007-09-23,51,0.055
2007-09-24,47,0.051
2007-09-25,24,0.026
2007-09-26,26,0.028
2007-09-27,31,0.033
2007-09-28,33,0.036
2007-09-29,50,0.054
2007-09-30,71,0.061
2007-10-01,35,0.038
2007-10-02,30,0.032
2007-10-03,32,0.035
2007-10-04,45,0.049
2007-10-05,46,0.05
2007-10-06,37,0.04
2007-10-07,33,0.036
2007-10-08,36,0.039
2007-10-09,27,0.029
2007-10-10,20,0.022
2007-10-11,28,0.03
2007-10-12,25,0.027
2007-10-13,28,0.03
2007-10-14,23,0.025
2007-10-15,25,0.027
2007-10-16,21,0.023
2007-10-17,8,0.009
2008-03-24,37,0.04
2008-03-25,35,0.038
2008-03-26,44,0.048
2008-03-27,38,0.041
2008-03-28,36,0.039
2008-03-29,41,0.044
2008-03-30,35,0.038
2008-03-31,38,0.041
2008-04-01,44,0.048
2008-04-02,44,0.047
2008-04-03,43,0.046
2008-04-04,49,0.053
2008-04-05,54,0.056
2008-04-06,67,0.06
2008-04-07,30,0.032
2008-04-08,33,0.036
2008-04-09,36,0.039
2008-04-10,43,0.046
2008-04-11,34,0.037
2008-04-12,38,0.041
2008-04-13,41,0.044
2008-04-14,43,0.046
2008-04-15,48,0.052
2008-04-16,74,0.062
2008-04-17,44,0.048
2008-04-18,41,0.044
2008-04-19,39,0.042
2008-04-20,42,0.045
2008-04-21,61,0.058
2008-04-22,38,0.041
2008-04-23,64,0.059
2008-04-24,51,0.055
2008-04-25,43,0.046
2008-04-26,45,0.049
2008-04-27,48,0.052
2008-04-28,44,0.047
2008-04-29,43,0.046
2008-04-30,50,0.054
2008-05-01,50,0.054
2008-05-02,31,0.034
2008-05-03,41,0.044
2008-05-04,61,0.058
2008-05-05,49,0.053
2008-05-06,77,0.063
2008-05-07,45,0.049
2008-05-08,40,0.043
2008-05-09,34,0.037
2008-05-10,40,0.043
2008-05-11,43,0.046
2008-05-12,36,0.039
2008-05-13,46,0.05
2008-05-14,40,0.043
2008-05-15,47,0.051
2008-05-16,51,0.055
2008-05-17,44,0.048
2008-05-18,33,0.036
2008-05-19,42,0.045
2008-05-20,44,0.047
2008-05-21,34,0.037
2008-05-22,32,0.035
2008-05-23,31,0.034
2008-05-24,39,0.042
2008-05-25,49,0.053
2008-05-26,45,0.049
2008-05-27,34,0.037
2008-05-28,44,0.048
2008-05-29,47,0.051
2008-05-30,47,0.051
2008-05-31,44,0.048
2008-06-01,58,0.057
2008-06-02,54,0.056
2008-06-03,29,0.031
2008-06-04,33,0.036
2008-06-05,37,0.04
2008-06-06,48,0.052
2008-06-07,43,0.046
2008-06-08,38,0.041
2008-06-09,39,0.042
2008-06-10,39,0.042
2008-06-11,32,0.035
2008-06-12,48,0.052
2008-06-13,40,0.043
2008-06-14,45,0.049
2008-06-15,47,0.051
2008-06-16,31,0.034
2008-06-17,34,0.037
2008-06-18,34,0.037
2008-06-19,46,0.05
2008-06-20,61,0.058
2008-06-21,41,0.044
2008-06-22,31,0.033
2008-06-23,34,0.037
2008-06-24,47,0.051
2008-06-25,64,0.059
2008-06-26,46,0.05
2008-06-27,43,0.046
2008-06-28,34,0.037
2008-06-29,24,0.026
2008-06-30,36,0.039
2008-07-01,61,0.058
2008-07-02,38,0.041
2008-07-03,30,0.032
2008-07-04,41,0.044
2008-07-05,58,0.057
2008-07-06,74,0.062
2008-07-07,50,0.054
2008-07-08,43,0.046
2008-07-09,32,0.035
2008-07-10,48,0.052
2008-07-11,44,0.047
2008-07-12,34,0.037
2008-07-13,31,0.033
2008-07-14,38,0.041
2008-07-15,61,0.058
2008-07-16,44,0.048
2008-07-17,45,0.049
2008-07-18,44,0.048
2008-07-19,43,0.046
2008-07-20,41,0.044
2008-07-21,31,0.034
2008-07-22,28,0.03
2008-07-23,31,0.034
2008-07-24,49,0.053
2008-07-25,32,0.035
2008-07-26,29,0.031
2008-07-27,40,0.043
2008-07-28,31,0.033
2008-07-29,47,0.051
2008-07-30,42,0.045
2008-07-31,42,0.045
2008-08-01,41,0.044
2008-08-02,32,0.035
2008-08-03,31,0.033
2008-08-04,35,0.038
2008-08-05,37,0.04
2008-08-06,37,0.04
2008-08-07,25,0.027
2008-08-08,30,0.032
2008-08-09,26,0.028
2008-08-10,23,0.025
2008-08-11,36,0.039
2008-08-12,40,0.043
2008-08-13,36,0.039
2008-08-14,29,0.031
2008-08-15,31,0.034
2008-08-16,39,0.042
2008-08-17,41,0.044
2008-08-18,44,0.048
2008-08-19,23,0.025
2008-08-20,39,0.042
2008-08-21,51,0.055
2008-08-22,38,0.041
2008-08-23,35,0.038
2008-08-24,23,0.025
2008-08-25,36,0.039
2008-08-26,37,0.04
2008-08-27,64,0.059
2008-08-28,39,0.042
2008-08-29,34,0.037
2008-08-30,44,0.047
2008-08-31,54,0.056
2008-09-01,71,0.061
2008-09-02,74,0.062
2008-09-03,24,0.026
2008-09-04,19,0.021
2008-09-05,25,0.027
2008-09-06,27,0.029
2008-09-07,33,0.036
2008-09-08,15,0.016
2008-09-09,28,0.03
2008-09-10,34,0.037
2008-09-11,31,0.034
2008-09-12,22,0.024
2008-09-13,19,0.02
2008-09-14,30,0.032
2008-09-15,23,0.025
2008-09-16,32,0.035
2008-09-17,31,0.034
2008-09-18,29,0.031
2008-09-19,54,0.056
2008-09-20,42,0.045
2008-09-21,39,0.042
2008-09-22,46,0.05
2008-09-23,71,0.061
2008-09-24,37,0.04
2008-09-25,37,0.04
2008-09-26,100,0.07
2008-09-27,48,0.052
2008-09-28,23,0.025
2008-09-29,20,0.022
2008-09-30,17,0.018
2008-10-01,21,0.023
2008-10-02,19,0.021
2008-10-03,31,0.033
2008-10-04,30,0.032
2008-10-05,33,0.036
2008-10-06,29,0.031
2008-10-07,22,0.024
2008-10-08,25,0.027
2008-10-09,31,0.033
2008-10-10,30,0.032
2008-10-11,54,0.056
2008-10-12,48,0.052
2008-10-13,27,0.029
2008-10-14,24,0.026
2008-10-15,23,0.025
2008-10-16,20,0.022
2009-03-31,32,0.035
2009-04-01,37,0.04
2009-04-02,40,0.043
2009-04-03,42,0.045
2009-04-04,40,0.043
2009-04-05,37,0.04
2009-04-06,45,0.049
2009-04-07,46,0.05
2009-04-08,48,0.052
2009-04-09,46,0.05
2009-04-10,42,0.045
2009-04-11,44,0.048
2009-04-12,46,0.05
2009-04-13,44,0.047
2009-04-14,47,0.051
2009-04-15,44,0.048
2009-04-16,51,0.055
2009-04-17,77,0.063
2009-04-18,87,0.066
2009-04-19,29,0.031
2009-04-20,37,0.04
2009-04-21,40,0.043
2009-04-22,42,0.045
2009-04-23,41,0.044
2009-04-24,71,0.061
2009-04-25,31,0.033
2009-04-26,31,0.033
2009-04-27,31,0.034
2009-04-28,41,0.044
2009-04-29,40,0.043
2009-04-30,31,0.034
2009-05-01,42,0.045
2009-05-02,49,0.053
2009-05-03,48,0.052
2009-05-04,58,0.057
2009-05-05,67,0.06
2009-05-06,46,0.05
2009-05-07,45,0.049
2009-05-08,48,0.052
2009-05-09,16,0.017
2009-05-10,40,0.043
2009-05-11,40,0.043
2009-05-12,47,0.051
2009-05-13,30,0.032
2009-05-14,34,0.037
2009-05-15,41,0.044
2009-05-16,42,0.045
2009-05-17,42,0.045
2009-05-18,44,0.048
2009-05-19,42,0.045
2009-05-20,74,0.062
2009-05-21,48,0.052
2009-05-22,36,0.039
2009-05-23,41,0.044
2009-05-24,39,0.042
2009-05-25,41,0.044
2009-05-26,28,0.03
2009-05-27,32,0.035
2009-05-28,32,0.035
2009-05-29,45,0.049
2009-05-30,46,0.05
2009-05-31,41,0.044
2009-06-01,37,0.04
2009-06-02,33,0.036
2009-06-03,37,0.04
2009-06-04,48,0.052
2009-06-05,47,0.051
2009-06-06,32,0.035
2009-06-07,31,0.033
2009-06-08,23,0.025
2009-06-09,26,0.028
2009-06-10,34,0.037
2009-06-11,37,0.04
2009-06-12,41,0.044
2009-06-13,47,0.051
2009-06-14,46,0.05
2009-06-15,67,0.06
2009-06-16,61,0.058
2009-06-17,80,0.064
2009-06-18,90,0.067
2009-06-19,32,0.035
2009-06-20,50,0.054
2009-06-21,42,0.045
2009-06-22,71,0.061
2009-06-23,71,0.061
2009-06-24,74,0.062
2009-06-25,49,0.053
2009-06-26,39,0.042
2009-06-27,42,0.045
2009-06-28,36,0.039
2009-06-29,20,0.022
2009-06-30,19,0.021
2009-07-01,13,0.014
2009-07-02,24,0.026
2009-07-03,31,0.034
2009-07-04,33,0.036
2009-07-05,31,0.034
2009-07-06,31,0.034
2009-07-07,31,0.034
2009-07-08,29,0.031
2009-07-09,50,0.054
2009-07-10,48,0.052
2009-07-11,38,0.041
2009-07-12,32,0.035
2009-07-13,30,0.032
2009-07-14,44,0.047
2009-07-15,37,0.04
2009-07-16,36,0.039
2009-07-17,13,0.014
2009-07-18,20,0.022
2009-07-19,31,0.033
2009-07-20,41,0.044
2009-07-21,43,0.046
2009-07-22,46,0.05
2009-07-23,40,0.043
2009-07-24,39,0.042
2009-07-25,22,0.024
2009-07-26,30,0.032
2009-07-27,28,0.03
2009-07-28,33,0.036
2009-07-29,31,0.033
2009-07-30,29,0.031
2009-07-31,31,0.034
2009-08-01,30,0.032
2009-08-02,34,0.037
2009-08-03,37,0.04
2009-08-04,30,0.032
2009-08-05,30,0.032
2009-08-06,31,0.034
2009-08-07,31,0.034
2009-08-08,36,0.039
2009-08-09,31,0.034
2009-08-10,38,0.041
2009-08-11,26,0.028
2009-08-12,38,0.041
2009-08-13,54,0.056
2009-08-14,54,0.056
2009-08-15,74,0.062
2009-08-16,42,0.045
2009-08-17,32,0.035
2009-08-18,33,0.036
2009-08-19,37,0.04
2009-08-20,31,0.034
2009-08-21,23,0.025
2009-08-22,21,0.023
2009-08-23,27,0.029
2009-08-24,41,0.044
2009-08-25,23,0.025
2009-08-26,28,0.03
2009-08-27,29,0.031
2009-08-28,39,0.042
2009-08-29,16,0.017
2009-08-30,25,0.027
2009-08-31,31,0.034
2009-09-01,43,0.046
2009-09-02,51,0.055
2009-09-03,51,0.055
2009-09-04,48,0.052
2009-09-05,54,0.056
2009-09-06,58,0.057
2009-09-07,80,0.064
2009-09-08,44,0.048
2009-09-09,44,0.048
2009-09-10,46,0.05
2009-09-11,49,0.053
2009-09-12,46,0.05
2009-09-13,43,0.046
2009-09-14,44,0.048
2009-09-15,28,0.03
2009-09-16,26,0.028
2009-09-17,35,0.038
2009-09-18,26,0.028
2009-09-19,37,0.04
2009-09-20,44,0.047
2009-09-21,40,0.043
2009-09-22,25,0.027
2009-09-23,27,0.029
2009-09-24,19,0.021
2009-09-25,24,0.026
2009-09-26,31,0.034
2009-09-27,36,0.039
2009-09-28,22,0.024
2009-09-29,25,0.027
2009-09-30,27,0.029
2009-10-01,29,0.031
2009-10-02,16,0.017
2009-10-03,17,0.018
2009-10-04,9,0.01
2009-10-05,19,0.021
2009-10-06,19,0.021
2009-10-07,22,0.024
2009-10-08,13,0.014
2009-10-09,18,0.019
2009-10-10,23,0.025
2009-10-11,24,0.026
2009-10-12,18,0.019
2009-10-13,21,0.023
2009-10-14,19,0.021
2009-10-15,23,0.025
2009-10-16,25,0.027
2009-10-17,23,0.025
2009-10-18,29,0.031
2009-10-19,30,0.032
2009-10-20,12,0.013
2010-03-22,37,0.04
2010-03-23,39,0.042
2010-03-24,40,0.043
2010-03-25,40,0.043
2010-03-26,41,0.044
2010-03-27,31,0.033
2010-03-28,31,0.033
2010-03-29,32,0.035
2010-03-30,37,0.04
2010-03-31,50,0.054
2010-04-01,61,0.058
2010-04-02,46,0.05
2010-04-03,42,0.045
2010-04-04,45,0.049
2010-04-05,44,0.047
2010-04-06,44,0.048
2010-04-07,36,0.039
2010-04-08,33,0.036
2010-04-09,42,0.045
2010-04-10,44,0.048
2010-04-11,50,0.054
2010-04-12,43,0.046
2010-04-13,44,0.048
2010-04-14,67,0.06
2010-04-15,54,0.056
2010-04-16,44,0.048
2010-04-17,45,0.049
2010-04-18,36,0.039
2010-04-19,38,0.041
2010-04-20,46,0.05
2010-04-21,32,0.035
2010-04-22,39,0.042
2010-04-23,49,0.053
2010-04-24,44,0.047
2010-04-25,43,0.046
2010-04-26,44,0.047
2010-04-27,41,0.044
2010-04-28,40,0.043
2010-04-29,51,0.055
2010-04-30,48,0.052
2010-05-01,41,0.044
2010-05-02,43,0.046
2010-05-03,32,0.035
2010-05-04,46,0.05
2010-05-05,38,0.041
2010-05-06,29,0.031
2010-05-07,28,0.03
2010-05-08,35,0.038
2010-05-09,42,0.045
2010-05-10,44,0.048
2010-05-11,40,0.043
2010-05-12,42,0.045
2010-05-13,29,0.031
2010-05-14,40,0.043
2010-05-15,40,0.043
2010-05-16,39,0.042
2010-05-17,43,0.046
2010-05-18,44,0.047
2010-05-19,47,0.051
2010-05-20,58,0.057
2010-05-21,37,0.04
2010-05-22,47,0.051
2010-05-23,45,0.049
2010-05-24,50,0.054
2010-05-25,93,0.068
2010-05-26,67,0.06
2010-05-27,45,0.049
2010-05-28,39,0.042
2010-05-29,44,0.047
2010-05-30,105,0.072
2010-05-31,34,0.037
2010-06-01,61,0.058
2010-06-02,30,0.032
2010-06-03,38,0.041
2010-06-04,32,0.035
2010-06-05,37,0.04
2010-06-06,24,0.026
2010-06-07,33,0.036
2010-06-08,32,0.035
2010-06-09,40,0.043
2010-06-10,37,0.04
2010-06-11,41,0.044
2010-06-12,28,0.03
2010-06-13,30,0.032
2010-06-14,25,0.027
2010-06-15,20,0.022
2010-06-16,25,0.027
2010-06-17,42,0.045
2010-06-18,40,0.043
2010-06-19,32,0.035
2010-06-20,31,0.034
2010-06-21,40,0.043
2010-06-22,44,0.047
2010-06-23,40,0.043
2010-06-24,35,0.038
2010-06-25,48,0.052
2010-06-26,43,0.046
2010-06-27,39,0.042
2010-06-28,32,0.035
2010-06-29,27,0.029
2010-06-30,32,0.035
2010-07-01,46,0.05
2010-07-02,64,0.059
2010-07-03,84,0.065
2010-07-04,31,0.034
2010-07-05,34,0.037
2010-07-06,29,0.031
2010-07-07,38,0.041
2010-07-08,32,0.035
2010-07-09,38,0.041
2010-07-10,38,0.041
2010-07-11,42,0.045
2010-07-12,38,0.041
2010-07-13,36,0.039
2010-07-14,54,0.056
2010-07-15,32,0.035
2010-07-16,37,0.04
2010-07-17,37,0.04
2010-07-18,31,0.033
2010-07-19,34,0.037
2010-07-20,42,0.045
2010-07-21,31,0.033
2010-07-22,32,0.035
2010-07-23,31,0.033
2010-07-24,39,0.042
2010-07-25,31,0.033
2010-07-26,44,0.047
2010-07-27,43,0.046
2010-07-28,31,0.034
2010-07-29,32,0.035
2010-07-30,47,0.051
2010-07-31,39,0.042
2010-08-01,41,0.044
2010-08-02,36,0.039
2010-08-03,40,0.043
2010-08-04,40,0.043
2010-08-05,32,0.035
2010-08-06,31,0.034
2010-08-07,43,0.046
2010-08-08,44,0.048
2010-08-09,46,0.05
2010-08-10,38,0.041
2010-08-11,44,0.048
2010-08-12,51,0.055
2010-08-13,47,0.051
2010-08-14,39,0.042
2010-08-15,28,0.03
2010-08-16,31,0.033
2010-08-17,33,0.036
2010-08-18,32,0.035
2010-08-19,25,0.027
2010-08-20,44,0.048
2010-08-21,33,0.036
2010-08-22,34,0.037
2010-08-23,35,0.038
2010-08-24,31,0.033
2010-08-25,29,0.031
2010-08-26,31,0.033
2010-08-27,49,0.053
2010-08-28,74,0.062
2010-08-29,50,0.054
2010-08-30,42,0.045
2010-08-31,29,0.031
2010-09-01,31,0.033
2010-09-02,35,0.038
2010-09-03,24,0.026
2010-09-04,30,0.032
2010-09-05,32,0.035
2010-09-06,44,0.047
2010-09-07,22,0.024
2010-09-08,18,0.019
2010-09-09,19,0.021
2010-09-10,26,0.028
2010-09-11,27,0.029
2010-09-12,33,0.036
2010-09-13,31,0.033
2010-09-14,29,0.031
2010-09-15,28,0.03
2010-09-16,19,0.021
2010-09-17,28,0.03
2010-09-18,27,0.029
2010-09-19,26,0.028
2010-09-20,29,0.031
2010-09-21,35,0.038
2010-09-22,22,0.024
2010-09-23,32,0.035
2010-09-24,18,0.019
2010-09-25,29,0.031
2010-09-26,28,0.03
2010-09-27,30,0.032
2010-09-28,23,0.025
2010-09-29,35,0.038
2010-09-30,27,0.029
2010-10-01,26,0.028
2010-10-02,28,0.03
2010-10-03,31,0.033
2010-10-04,31,0.034
2010-10-05,36,0.039
2010-10-06,40,0.043
2010-10-07,34,0.037
2010-10-08,42,0.045
2010-10-09,41,0.044
2010-10-10,43,0.046
2010-10-11,19,0.021
2010-10-12,30,0.032
2010-10-13,29,0.031
2010-10-14,28,0.03
2010-10-15,32,0.035
2010-10-16,39,0.042
2010-10-17,29,0.031
2010-10-18,27,0.029
2011-03-31,28,0.03
2011-04-01,42,0.045
2011-04-02,38,0.041
2011-04-03,41,0.044
2011-04-04,39,0.042
2011-04-05,44,0.047
2011-04-06,43,0.046
2011-04-07,43,0.046
2011-04-08,47,0.051
2011-04-09,37,0.04
2011-04-10,36,0.039
2011-04-11,41,0.044
2011-04-12,47,0.051
2011-04-13,43,0.046
2011-04-14,35,0.038
2011-04-15,39,0.042
2011-04-16,38,0.041
2011-04-17,40,0.043
2011-04-18,37,0.04
2011-04-19,41,0.044
2011-04-20,43,0.046
2011-04-21,44,0.048
2011-04-22,41,0.044
2011-04-23,39,0.042
2011-04-24,47,0.051
2011-04-25,45,0.049
2011-04-26,37,0.04
2011-04-27,35,0.038
2011-04-28,33,0.036
2011-04-29,44,0.047
2011-04-30,46,0.05
2011-05-01,34,0.037
2011-05-02,35,0.038
2011-05-03,21,0.023
2011-05-04,39,0.042
2011-05-05,34,0.037
2011-05-06,35,0.038
2011-05-07,42,0.045
2011-05-08,44,0.047
2011-05-09,39,0.042
2011-05-10,41,0.044
2011-05-11,40,0.043
2011-05-12,42,0.045
2011-05-13,20,0.022
2011-05-14,40,0.043
2011-05-15,43,0.046
2011-05-16,44,0.048
2011-05-17,37,0.04
2011-05-18,28,0.03
2011-05-19,33,0.036
2011-05-20,36,0.039
2011-05-21,44,0.048
2011-05-22,74,0.062
2011-05-23,41,0.044
2011-05-24,33,0.036
2011-05-25,34,0.037
2011-05-26,37,0.04
2011-05-27,33,0.036
2011-05-28,40,0.043
2011-05-29,38,0.041
2011-05-30,58,0.057
2011-05-31,45,0.049
2011-06-01,51,0.055
2011-06-02,47,0.051
2011-06-03,115,0.075
2011-06-04,51,0.055
2011-06-05,49,0.053
2011-06-06,105,0.072
2011-06-07,112,0.074
2011-06-08,80,0.064
2011-06-09,30,0.032
2011-06-10,19,0.02
2011-06-11,19,0.02
2011-06-12,34,0.037
2011-06-13,36,0.039
2011-06-14,37,0.04
2011-06-15,30,0.032
2011-06-16,34,0.037
2011-06-17,47,0.051
2011-06-18,44,0.048
2011-06-19,33,0.036
2011-06-20,28,0.03
2011-06-21,32,0.035
2011-06-22,38,0.041
2011-06-23,20,0.022
2011-06-24,26,0.028
2011-06-25,35,0.038
2011-06-26,44,0.047
2011-06-27,48,0.052
2011-06-28,35,0.038
2011-06-29,41,0.044
2011-06-30,119,0.076
2011-07-01,74,0.062
2011-07-02,37,0.04
2011-07-03,36,0.039
2011-07-04,42,0.045
2011-07-05,42,0.045
2011-07-06,43,0.046
2011-07-07,35,0.038
2011-07-08,50,0.054
2011-07-09,100,0.07
2011-07-10,42,0.045
2011-07-11,44,0.047
2011-07-12,21,0.023
2011-07-13,27,0.029
2011-07-14,38,0.041
2011-07-15,93,0.068
2011-07-16,50,0.054
2011-07-17,54,0.056
2011-07-18,39,0.042
2011-07-19,46,0.05
2011-07-20,54,0.056
2011-07-21,38,0.041
2011-07-22,51,0.055
2011-07-23,44,0.048
2011-07-24,29,0.031
2011-07-25,34,0.037
2011-07-26,25,0.027
2011-07-27,33,0.036
2011-07-28,48,0.052
2011-07-29,36,0.039
2011-07-30,42,0.045
2011-07-31,39,0.042
2011-08-01,34,0.037
2011-08-02,31,0.033
2011-08-03,27,0.029
2011-08-04,32,0.035
2011-08-05,39,0.042
2011-08-06,47,0.051
2011-08-07,32,0.035
2011-08-08,31,0.033
2011-08-09,30,0.032
2011-08-10,26,0.028
2011-08-11,33,0.036
2011-08-12,32,0.035
2011-08-13,42,0.045
2011-08-14,22,0.024
2011-08-15,30,0.032
2011-08-16,43,0.046
2011-08-17,35,0.038
2011-08-18,37,0.04
2011-08-19,64,0.059
2011-08-20,23,0.025
2011-08-21,25,0.027
2011-08-22,34,0.037
2011-08-23,43,0.046
2011-08-24,32,0.035
2011-08-25,26,0.028
2011-08-26,40,0.043
2011-08-27,23,0.025
2011-08-28,22,0.024
2011-08-29,31,0.033
2011-08-30,30,0.032
2011-08-31,61,0.058
2011-09-01,97,0.069
2011-09-02,35,0.038
2011-09-03,39,0.042
2011-09-04,22,0.024
2011-09-05,22,0.024
2011-09-06,31,0.033
2011-09-07,31,0.034
2011-09-08,30,0.032
2011-09-09,31,0.033
2011-09-10,32,0.035
2011-09-11,36,0.039
2011-09-12,44,0.047
2011-09-13,24,0.026
2011-09-14,23,0.025
2011-09-15,23,0.025
2011-09-16,25,0.027
2011-09-17,32,0.035
2011-09-18,33,0.036
2011-09-19,27,0.029
2011-09-20,37,0.04
2011-09-21,19,0.02
2011-09-22,17,0.018
2011-09-23,14,0.015
2011-09-24,25,0.027
2011-09-25,26,0.028
2011-09-26,39,0.042
2011-09-27,32,0.035
2011-09-28,42,0.045
2011-09-29,28,0.03
2011-09-30,21,0.023
2011-10-01,29,0.031
2011-10-02,31,0.033
2011-10-03,27,0.029
2011-10-04,30,0.032
2011-10-05,45,0.049
2011-10-06,90,0.067
2011-10-07,61,0.058
2011-10-08,54,0.056
2011-10-09,50,0.054
2011-10-10,45,0.049
2011-10-11,44,0.047
2011-10-12,46,0.05
2011-10-13,27,0.029
2011-10-14,27,0.029
2011-10-15,28,0.03
2011-10-16,31,0.034
2011-10-17,31,0.033
2011-10-18,20,0.022
2011-10-19,19,0.02
2011-10-20,19,0.02
2012-03-29,31,0.034
2012-03-30,33,0.036
2012-03-31,37,0.04
2012-04-01,33,0.036
2012-04-02,37,0.04
2012-04-03,32,0.035
2012-04-04,38,0.041
2012-04-05,43,0.046
2012-04-06,44,0.047
2012-04-07,50,0.054
2012-04-08,44,0.047
2012-04-09,41,0.044
2012-04-10,30,0.032
2012-04-11,37,0.04
2012-04-12,42,0.045
2012-04-13,44,0.048
2012-04-14,44,0.047
2012-04-15,41,0.044
2012-04-16,30,0.032
2012-04-17,35,0.038
2012-04-18,39,0.042
2012-04-19,33,0.036
2012-04-20,35,0.038
2012-04-21,39,0.042
2012-04-22,40,0.043
2012-04-23,44,0.047
2012-04-24,43,0.046
2012-04-25,37,0.04
2012-04-26,43,0.046
2012-04-27,46,0.05
2012-04-28,42,0.045
2012-04-29,49,0.053
2012-04-30,39,0.042
2012-05-01,43,0.046
2012-05-02,46,0.05
2012-05-03,36,0.039
2012-05-04,36,0.039
2012-05-05,32,0.035
2012-05-06,31,0.034
2012-05-07,30,0.032
2012-05-08,40,0.043
2012-05-09,39,0.042
2012-05-10,46,0.05
2012-05-11,67,0.06
2012-05-12,44,0.048
2012-05-13,51,0.055
2012-05-14,67,0.06
2012-05-15,51,0.055
2012-05-16,41,0.044
2012-05-17,49,0.053
2012-05-18,119,0.076
2012-05-19,140,0.082
2012-05-20,80,0.064
2012-05-21,39,0.042
2012-05-22,44,0.048
2012-05-23,97,0.069
2012-05-24,147,0.084
2012-05-25,44,0.048
2012-05-26,45,0.049
2012-05-27,122,0.077
2012-05-28,58,0.057
2012-05-29,37,0.04
2012-05-30,21,0.023
2012-05-31,34,0.037
2012-06-01,33,0.036
2012-06-02,44,0.047
2012-06-03,50,0.054
2012-06-04,37,0.04
2012-06-05,35,0.038
2012-06-06,40,0.043
2012-06-07,48,0.052
2012-06-08,64,0.059
2012-06-09,101,0.071
2012-06-10,97,0.069
2012-06-11,49,0.053
2012-06-12,33,0.036
2012-06-13,44,0.048
2012-06-14,71,0.061
2012-06-15,182,0.098
2012-06-16,74,0.062
2012-06-17,45,0.049
2012-06-18,49,0.053
2012-06-19,87,0.066
2012-06-20,48,0.052
2012-06-21,41,0.044
2012-06-22,38,0.041
2012-06-23,50,0.054
2012-06-24,42,0.045
2012-06-25,35,0.038
2012-06-26,43,0.046
2012-06-27,108,0.073
2012-06-28,64,0.059
2012-06-29,47,0.051
2012-06-30,42,0.045
2012-07-01,40,0.043
2012-07-02,93,0.068
2012-07-03,101,0.071
2012-07-04,74,0.062
2012-07-05,74,0.062
2012-07-06,84,0.065
2012-07-07,32,0.035
2012-07-08,33,0.036
2012-07-09,36,0.039
2012-07-10,37,0.04
2012-07-11,44,0.047
2012-07-12,100,0.07
2012-07-13,122,0.077
2012-07-14,74,0.062
2012-07-15,43,0.046
2012-07-16,90,0.067
2012-07-17,49,0.053
2012-07-18,28,0.03
2012-07-19,27,0.029
2012-07-20,46,0.05
2012-07-21,50,0.054
2012-07-22,71,0.061
2012-07-23,51,0.055
2012-07-24,39,0.042
2012-07-25,80,0.064
2012-07-26,39,0.042
2012-07-27,31,0.033
2012-07-28,32,0.035
2012-07-29,45,0.049
2012-07-30,93,0.068
2012-07-31,31,0.033
2012-08-01,64,0.059
2012-08-02,42,0.045
2012-08-03,47,0.051
2012-08-04,51,0.055
2012-08-05,30,0.032
2012-08-06,47,0.051
2012-08-07,39,0.042
2012-08-08,26,0.028
2012-08-09,22,0.024
2012-08-10,28,0.03
2012-08-11,24,0.026
2012-08-12,30,0.032
2012-08-13,33,0.036
2012-08-14,29,0.031
2012-08-15,54,0.056
2012-08-16,30,0.032
2012-08-17,31,0.034
2012-08-18,35,0.038
2012-08-19,31,0.034
2012-08-20,24,0.026
2012-08-21,34,0.037
2012-08-22,80,0.064
2012-08-23,93,0.068
2012-08-24,105,0.072
2012-08-25,100,0.07
2012-08-26,31,0.033
2012-08-27,35,0.038
2012-08-28,35,0.038
2012-08-29,51,0.055
2012-08-30,105,0.072
2012-08-31,34,0.037
2012-09-01,27,0.029
2012-09-02,40,0.043
2012-09-03,44,0.047
2012-09-04,49,0.053
2012-09-05,47,0.051
2012-09-06,36,0.039
2012-09-07,22,0.024
2012-09-08,26,0.028
2012-09-09,24,0.026
2012-09-10,39,0.042
2012-09-11,64,0.059
2012-09-12,50,0.054
2012-09-13,26,0.028
2012-09-14,32,0.035
2012-09-15,50,0.054
2012-09-16,58,0.057
2012-09-17,28,0.03
2012-09-18,28,0.03
2012-09-19,38,0.041
2012-09-20,23,0.025
2012-09-21,28,0.03
2012-09-22,23,0.025
2012-09-23,26,0.028
2012-09-24,39,0.042
2012-09-25,27,0.029
2012-09-26,22,0.024
2012-09-27,27,0.029
2012-09-28,32,0.035
2012-09-29,40,0.043
2012-09-30,27,0.029
2012-10-01,27,0.029
2012-10-02,27,0.029
2012-10-03,35,0.038
2012-10-04,34,0.037
2012-10-05,29,0.031
2012-10-06,27,0.029
2012-10-07,31,0.033
2012-10-08,35,0.038
2012-10-09,22,0.024
2012-10-10,25,0.027
2012-10-11,27,0.029
2012-10-12,28,0.03
2012-10-13,18,0.019
2012-10-14,19,0.021
2012-10-15,26,0.028
2012-10-16,30,0.032
2012-10-17,31,0.033
2012-10-18,16,0.017
2013-03-22,44,0.048
2013-03-23,41,0.044
2013-03-24,38,0.041
2013-03-25,39,0.042
2013-03-26,42,0.045
2013-03-27,46,0.05
2013-03-28,49,0.053
2013-03-29,48,0.052
2013-03-30,45,0.049
2013-03-31,51,0.055
2013-04-01,45,0.049
2013-04-02,48,0.052
2013-04-03,47,0.051
2013-04-04,48,0.052
2013-04-05,44,0.048
2013-04-06,37,0.04
2013-04-07,43,0.046
2013-04-08,34,0.037
2013-04-09,38,0.041
2013-04-10,38,0.041
2013-04-11,40,0.043
2013-04-12,36,0.039
2013-04-13,35,0.038
2013-04-14,37,0.04
2013-04-15,40,0.043
2013-04-16,40,0.043
2013-04-17,31,0.034
2013-04-18,29,0.031
2013-04-19,41,0.044
2013-04-20,47,0.051
2013-04-21,48,0.052
2013-04-22,51,0.055
2013-04-23,40,0.043
2013-04-24,50,0.054
2013-04-25,50,0.054
2013-04-26,51,0.055
2013-04-27,54,0.056
2013-04-28,97,0.069
2013-04-29,45,0.049
2013-04-30,61,0.058
2013-05-01,54,0.056
2013-05-02,25,0.027
2013-05-03,21,0.023
2013-05-04,40,0.043
2013-05-05,45,0.049
2013-05-06,50,0.054
2013-05-07,80,0.064
2013-05-08,100,0.07
2013-05-09,39,0.042
2013-05-10,30,0.032
2013-05-11,33,0.036
2013-05-12,40,0.043
2013-05-13,44,0.047
2013-05-14,49,0.053
2013-05-15,44,0.047
2013-05-16,41,0.044
2013-05-17,31,0.033
2013-05-18,50,0.054
2013-05-19,61,0.058
2013-05-20,105,0.072
2013-05-21,44,0.047
2013-05-22,31,0.033
2013-05-23,35,0.038
2013-05-24,40,0.043
2013-05-25,37,0.04
2013-05-26,43,0.046
2013-05-27,41,0.044
2013-05-28,20,0.022
2013-05-29,67,0.06
2013-05-30,47,0.051
2013-05-31,49,0.053
2013-06-01,45,0.049
2013-06-02,34,0.037
2013-06-03,43,0.046
2013-06-04,30,0.032
2013-06-05,35,0.038
2013-06-06,26,0.028
2013-06-07,40,0.043
2013-06-08,47,0.051
2013-06-09,67,0.06
2013-06-10,47,0.051
2013-06-11,49,0.053
2013-06-12,42,0.045
2013-06-13,34,0.037
2013-06-14,42,0.045
2013-06-15,47,0.051
2013-06-16,37,0.04
2013-06-17,36,0.039
2013-06-18,32,0.035
2013-06-19,50,0.054
2013-06-20,90,0.067
2013-06-21,45,0.049
2013-06-22,38,0.041
2013-06-23,38,0.041
2013-06-24,49,0.053
2013-06-25,41,0.044
2013-06-26,43,0.046
2013-06-27,41,0.044
2013-06-28,32,0.035
2013-06-29,27,0.029
2013-06-30,34,0.037
2013-07-01,33,0.036
2013-07-02,36,0.039
2013-07-03,33,0.036
2013-07-04,54,0.056
2013-07-05,71,0.061
2013-07-06,80,0.064
2013-07-07,51,0.055
2013-07-08,46,0.05
2013-07-09,45,0.049
2013-07-10,30,0.032
2013-07-11,37,0.04
2013-07-12,46,0.05
2013-07-13,87,0.066
2013-07-14,67,0.06
2013-07-15,84,0.065
2013-07-16,44,0.047
2013-07-17,44,0.048
2013-07-18,45,0.049
2013-07-19,46,0.05
2013-07-20,28,0.03
2013-07-21,24,0.026
2013-07-22,49,0.053
2013-07-23,28,0.03
2013-07-24,30,0.032
2013-07-25,42,0.045
2013-07-26,31,0.034
2013-07-27,16,0.017
2013-07-28,18,0.019
2013-07-29,33,0.036
2013-07-30,43,0.046
2013-07-31,37,0.04
2013-08-01,31,0.034
2013-08-02,36,0.039
2013-08-03,27,0.029
2013-08-04,28,0.03
2013-08-05,35,0.038
2013-08-06,38,0.041
2013-08-07,28,0.03
2013-08-08,38,0.041
2013-08-09,36,0.039
2013-08-10,25,0.027
2013-08-11,27,0.029
2013-08-12,33,0.036
2013-08-13,26,0.028
2013-08-14,29,0.031
2013-08-15,40,0.043
2013-08-16,43,0.046
2013-08-17,54,0.056
2013-08-18,74,0.062
2013-08-19,49,0.053
2013-08-20,61,0.058
2013-08-21,58,0.057
2013-08-22,30,0.032
2013-08-23,31,0.034
2013-08-24,61,0.058
2013-08-25,48,0.052
2013-08-26,44,0.048
2013-08-27,43,0.046
2013-08-28,32,0.035
2013-08-29,46,0.05
2013-08-30,32,0.035
2013-08-31,31,0.034
2013-09-01,36,0.039
2013-09-02,24,0.026
2013-09-03,37,0.04
2013-09-04,30,0.032
2013-09-05,31,0.033
2013-09-06,58,0.057
2013-09-07,48,0.052
2013-09-08,25,0.027
2013-09-09,58,0.057
2013-09-10,47,0.051
2013-09-11,39,0.042
2013-09-12,22,0.024
2013-09-13,31,0.033
2013-09-14,38,0.041
2013-09-15,33,0.036
2013-09-16,27,0.029
2013-09-17,35,0.038
2013-09-18,47,0.051
2013-09-19,39,0.042
2013-09-20,23,0.025
2013-09-21,19,0.02
2013-09-22,31,0.033
2013-09-23,32,0.035
2013-09-24,41,0.044
2013-09-25,38,0.041
2013-09-26,49,0.053
2013-09-27,54,0.056
2013-09-28,49,0.053
2013-09-29,33,0.036
2013-09-30,40,0.043
2013-10-01,41,0.044
2013-10-02,35,0.038
2013-10-03,31,0.034
2013-10-04,21,0.023
2013-10-05,19,0.021
2013-10-06,26,0.028
2013-10-07,25,0.027
2013-10-08,38,0.041
2013-10-09,42,0.045
2013-10-10,49,0.053
2013-10-11,51,0.055
2013-10-12,31,0.033
2013-10-13,25,0.027
2013-10-14,27,0.029
2013-10-15,21,0.023
2013-10-16,25,0.027
2013-10-17,28,0.03
2014-03-24,40,0.043
2014-03-25,41,0.044
2014-03-26,37,0.04
2014-03-27,29,0.031
2014-03-28,44,0.047
2014-03-29,45,0.049
2014-03-30,46,0.05
2014-03-31,40,0.043
2014-04-01,34,0.037
2014-04-02,40,0.043
2014-04-03,41,0.044
2014-04-04,42,0.045
2014-04-05,51,0.055
2014-04-06,54,0.056
2014-04-07,48,0.052
2014-04-08,45,0.049
2014-04-09,46,0.05
2014-04-10,45,0.049
2014-04-11,46,0.05
2014-04-12,37,0.04
2014-04-13,37,0.04
2014-04-14,37,0.04
2014-04-15,42,0.045
2014-04-16,44,0.047
2014-04-17,40,0.043
2014-04-18,45,0.049
2014-04-19,47,0.051
2014-04-20,30,0.032
2014-04-21,46,0.05
2014-04-22,44,0.047
2014-04-23,43,0.046
2014-04-24,38,0.041
2014-04-25,42,0.045
2014-04-26,41,0.044
2014-04-27,39,0.042
2014-04-28,39,0.042
2014-04-29,30,0.032
2014-04-30,26,0.028
2014-05-01,25,0.027
2014-05-02,31,0.034
2014-05-03,38,0.041
2014-05-04,33,0.036
2014-05-05,40,0.043
2014-05-06,41,0.044
2014-05-07,35,0.038
2014-05-08,44,0.047
2014-05-09,33,0.036
2014-05-10,50,0.054
2014-05-11,64,0.059
2014-05-12,37,0.04
2014-05-13,31,0.034
2014-05-14,39,0.042
2014-05-15,33,0.036
2014-05-16,38,0.041
2014-05-17,49,0.053
2014-05-18,71,0.061
2014-05-19,51,0.055
2014-05-20,45,0.049
2014-05-21,47,0.051
2014-05-22,34,0.037
2014-05-23,43,0.046
2014-05-24,50,0.054
2014-05-25,105,0.072
2014-05-26,46,0.05
2014-05-27,32,0.035
2014-05-28,31,0.033
2014-05-29,42,0.045
2014-05-30,54,0.056
2014-05-31,90,0.067
2014-06-01,46,0.05
2014-06-02,44,0.048
2014-06-03,41,0.044
2014-06-04,43,0.046
2014-06-05,51,0.055
2014-06-06,90,0.067
2014-06-07,100,0.07
2014-06-08,38,0.041
2014-06-09,41,0.044
2014-06-10,37,0.04
2014-06-11,39,0.042
2014-06-12,41,0.044
2014-06-13,42,0.045
2014-06-14,58,0.057
2014-06-15,67,0.06
2014-06-16,58,0.057
2014-06-17,48,0.052
2014-06-18,42,0.045
2014-06-19,31,0.034
2014-06-20,25,0.027
2014-06-21,33,0.036
2014-06-22,32,0.035
2014-06-23,47,0.051
2014-06-24,38,0.041
2014-06-25,21,0.023
2014-06-26,34,0.037
2014-06-27,80,0.064
2014-06-28,49,0.053
2014-06-29,45,0.049
2014-06-30,36,0.039
2014-07-01,29,0.031
2014-07-02,20,0.022
2014-07-03,26,0.028
2014-07-04,36,0.039
2014-07-05,46,0.05
2014-07-06,34,0.037
2014-07-07,36,0.039
2014-07-08,31,0.034
2014-07-09,29,0.031
2014-07-10,40,0.043
2014-07-11,58,0.057
2014-07-12,41,0.044
2014-07-13,34,0.037
2014-07-14,29,0.031
2014-07-15,19,0.021
2014-07-16,27,0.029
2014-07-17,34,0.037
2014-07-18,48,0.052
2014-07-19,49,0.053
2014-07-20,46,0.05
2014-07-21,58,0.057
2014-07-22,43,0.046
2014-07-23,28,0.03
2014-07-24,38,0.041
2014-07-25,39,0.042
2014-07-26,35,0.038
2014-07-27,31,0.034
2014-07-28,25,0.027
2014-07-29,31,0.034
2014-07-30,28,0.03
2014-07-31,32,0.035
2014-08-01,38,0.041
2014-08-02,42,0.045
2014-08-03,45,0.049
2014-08-04,24,0.026
2014-08-05,35,0.038
2014-08-06,36,0.039
2014-08-07,40,0.043
2014-08-08,42,0.045
2014-08-09,33,0.036
2014-08-10,50,0.054
2014-08-11,49,0.053
2014-08-12,26,0.028
2014-08-13,25,0.027
2014-08-14,30,0.032
2014-08-15,40,0.043
2014-08-16,33,0.036
2014-08-17,18,0.019
2014-08-18,37,0.04
2014-08-19,35,0.038
2014-08-20,25,0.027
2014-08-21,28,0.03
2014-08-22,38,0.041
2014-08-23,34,0.037
2014-08-24,38,0.041
2014-08-25,38,0.041
2014-08-26,26,0.028
2014-08-27,32,0.035
2014-08-28,31,0.033
2014-08-29,44,0.048
2014-08-30,39,0.042
2014-08-31,30,0.032
2014-09-01,35,0.038
2014-09-02,35,0.038
2014-09-03,47,0.051
2014-09-04,34,0.037
2014-09-05,23,0.025
2014-09-06,30,0.032
2014-09-07,35,0.038
2014-09-08,45,0.049
2014-09-09,61,0.058
2014-09-10,24,0.026
2014-09-11,19,0.021
2014-09-12,20,0.022
2014-09-13,27,0.029
2014-09-14,32,0.035
2014-09-15,21,0.023
2014-09-16,33,0.036
2014-09-17,37,0.04
2014-09-18,25,0.027
2014-09-19,71,0.061
2014-09-20,29,0.031
2014-09-21,19,0.021
2014-09-22,26,0.028
2014-09-23,34,0.037
2014-09-24,40,0.043
2014-09-25,64,0.059
2014-09-26,100,0.07
2014-09-27,101,0.071
2014-09-28,80,0.064
2014-09-29,21,0.023
2014-09-30,25,0.027
2014-10-01,28,0.03
2014-10-02,23,0.025
2014-10-03,17,0.018
2014-10-04,19,0.021
2014-10-05,23,0.025
2014-10-06,31,0.034
2014-10-07,31,0.034
2014-10-08,31,0.033
2014-10-09,25,0.027
2014-10-10,27,0.029
2014-10-11,29,0.031
2014-10-12,39,0.042
2014-10-13,19,0.021
2014-10-14,28,0.03
2014-10-15,20,0.022
2014-10-16,14,0.015
2015-04-13,46,0.05
2015-04-14,49,0.053
2015-04-15,49,0.053
2015-04-16,64,0.059
2015-04-17,74,0.062
2015-04-18,42,0.045
2015-04-19,47,0.051
2015-04-20,28,0.03
2015-04-21,36,0.039
2015-04-22,41,0.044
2015-04-23,44,0.047
2015-04-24,44,0.048
2015-04-25,46,0.05
2015-04-26,39,0.042
2015-04-27,43,0.046
2015-04-28,45,0.049
2015-04-29,37,0.04
2015-04-30,40,0.043
2015-05-01,48,0.052
2015-05-02,84,0.065
2015-05-03,80,0.064
2015-05-04,58,0.057
2015-05-05,44,0.047
2015-05-06,41,0.044
2015-05-07,97,0.069
2015-05-08,39,0.042
2015-05-09,27,0.029
2015-05-10,18,0.019
2015-05-11,31,0.033
2015-05-12,32,0.035
2015-05-13,47,0.051
2015-05-14,45,0.049
2015-05-15,31,0.034
2015-05-16,48,0.052
2015-05-17,38,0.041
2015-05-18,25,0.027
2015-05-19,40,0.043
2015-05-20,39,0.042
2015-05-21,49,0.053
2015-05-22,45,0.049
2015-05-23,87,0.066
2015-05-24,54,0.056
2015-05-25,37,0.04
2015-05-26,41,0.044
2015-05-27,42,0.045
2015-05-28,87,0.066
2015-05-29,45,0.049
2015-05-30,19,0.021
2015-05-31,27,0.029
2015-06-01,34,0.037
2015-06-02,46,0.05
2015-06-03,84,0.065
2015-06-04,35,0.038
2015-06-05,37,0.04
2015-06-06,39,0.042
2015-06-07,39,0.042
2015-06-08,29,0.031
2015-06-09,77,0.063
2015-06-10,41,0.044
2015-06-11,34,0.037
2015-06-12,40,0.043
2015-06-13,29,0.031
2015-06-14,39,0.042
2015-06-15,33,0.036
2015-06-16,32,0.035
2015-06-17,43,0.046
2015-06-18,37,0.04
2015-06-19,38,0.041
2015-06-20,40,0.043
2015-06-21,40,0.043
2015-06-22,42,0.045
2015-06-23,32,0.035
2015-06-24,51,0.055
2015-06-25,71,0.061
2015-06-26,44,0.047
2015-06-27,35,0.038
2015-06-28,42,0.045
2015-06-29,49,0.053
2015-06-30,28,0.03
2015-07-01,35,0.038
2015-07-02,33,0.036
2015-07-03,44,0.048
2015-07-04,58,0.057
2015-07-05,64,0.059
2015-07-06,37,0.04
2015-07-07,31,0.033
2015-07-08,37,0.04
2015-07-09,48,0.052
2015-07-10,61,0.058
2015-07-11,90,0.067
2015-07-12,61,0.058
2015-07-13,49,0.053
2015-07-14,28,0.03
2015-07-15,35,0.038
2015-07-16,47,0.051
2015-07-17,41,0.044
2015-07-18,49,0.053
2015-07-19,32,0.035
2015-07-20,31,0.034
2015-07-21,32,0.035
2015-07-22,38,0.041
2015-07-23,45,0.049
2015-07-24,64,0.059
2015-07-25,31,0.034
2015-07-26,36,0.039
2015-07-27,49,0.053
2015-07-28,77,0.063
2015-07-29,37,0.04
2015-07-30,34,0.037
2015-07-31,32,0.035
2015-08-01,31,0.033
2015-08-02,41,0.044
2015-08-03,33,0.036
2015-08-04,27,0.029
2015-08-05,26,0.028
2015-08-06,32,0.035
2015-08-07,36,0.039
2015-08-08,35,0.038
2015-08-09,45,0.049
2015-08-10,26,0.028
2015-08-11,22,0.024
2015-08-12,31,0.034
2015-08-13,40,0.043
2015-08-14,44,0.047
2015-08-15,41,0.044
2015-08-16,46,0.05
2015-08-17,38,0.041
2015-08-18,43,0.046
2015-08-19,26,0.028
2015-08-20,23,0.025
2015-08-21,46,0.05
2015-08-22,67,0.06
2015-08-23,20,0.022
2015-08-24,28,0.03
2015-08-25,19,0.02
2015-08-26,26,0.028
2015-08-27,37,0.04
2015-08-28,37,0.04
2015-08-29,42,0.045
2015-08-30,39,0.042
2015-08-31,35,0.038
2015-09-01,54,0.056
2015-09-02,50,0.054
2015-09-03,34,0.037
2015-09-04,37,0.04
2015-09-05,45,0.049
2015-09-06,44,0.048
2015-09-07,22,0.024
2015-09-08,30,0.032
2015-09-09,41,0.044
2015-09-10,29,0.031
2015-09-11,23,0.025
2015-09-12,27,0.029
2015-09-13,35,0.038
2015-09-14,43,0.046
2015-09-15,50,0.054
2015-09-16,61,0.058
2015-09-17,40,0.043
2015-09-18,19,0.02
2015-09-19,26,0.028
2015-09-20,35,0.038
2015-09-21,43,0.046
2015-09-22,44,0.048
2015-09-23,37,0.04
2015-09-24,50,0.054
2015-09-25,44,0.047
2015-09-26,45,0.049
2015-09-27,37,0.04
2015-09-28,32,0.035
2015-09-29,25,0.027
2015-09-30,26,0.028
2015-10-01,28,0.03
2015-10-02,26,0.028
2015-10-03,23,0.025
2015-10-04,20,0.022
2015-10-05,11,0.012
2015-10-06,25,0.027
2015-10-07,29,0.031
2015-10-08,19,0.021
2015-10-09,29,0.031
2015-10-10,34,0.037
2015-10-11,41,0.044
2015-10-12,31,0.034
2015-10-13,24,0.026
2015-10-14,28,0.03
2015-10-15,33,0.036
2015-10-16,29,0.031
2015-10-17,31,0.033
2015-10-18,33,0.036
2015-10-19,30,0.032
2016-04-13,38,0.041
2016-04-14,46,0.05
2016-04-15,49,0.053
2016-04-16,74,0.062
2016-04-17,105,0.072
2016-04-18,87,0.066
2016-04-19,27,0.029
2016-04-20,50,0.054
2016-04-21,43,0.046
2016-04-22,32,0.035
2016-04-23,38,0.041
2016-04-24,27,0.029
2016-04-25,34,0.037
2016-04-26,38,0.041
2016-04-27,39,0.042
2016-04-28,33,0.036
2016-04-29,47,0.051
2016-04-30,36,0.039
2016-05-01,37,0.04
2016-05-02,37,0.04
2016-05-03,47,0.051
2016-05-04,33,0.036
2016-05-05,36,0.039
2016-05-06,58,0.057
2016-05-07,35,0.038
2016-05-08,40,0.043
2016-05-09,44,0.047
2016-05-10,32,0.035
2016-05-11,36,0.039
2016-05-12,31,0.034
2016-05-13,29,0.031
2016-05-14,29,0.031
2016-05-15,37,0.04
2016-05-16,39,0.042
2016-05-17,36,0.039
2016-05-18,44,0.048
2016-05-19,54,0.056
2016-05-20,80,0.064
2016-05-21,74,0.062
2016-05-22,61,0.058
2016-05-23,90,0.067
2016-05-24,67,0.06
2016-05-25,42,0.045
2016-05-26,49,0.053
2016-05-27,42,0.045
2016-05-28,49,0.053
2016-05-29,35,0.038
2016-05-30,58,0.057
2016-05-31,44,0.048
2016-06-01,43,0.046
2016-06-02,36,0.039
2016-06-03,54,0.056
2016-06-04,44,0.048
2016-06-05,34,0.037
2016-06-06,30,0.032
2016-06-07,29,0.031
2016-06-08,40,0.043
2016-06-09,64,0.059
2016-06-10,80,0.064
2016-06-11,44,0.048
2016-06-12,38,0.041
2016-06-13,32,0.035
2016-06-14,54,0.056
2016-06-15,44,0.047
2016-06-16,33,0.036
2016-06-17,37,0.04
2016-06-18,58,0.057
2016-06-19,108,0.073
2016-06-20,43,0.046
2016-06-21,44,0.048
2016-06-22,39,0.042
2016-06-23,33,0.036
2016-06-24,48,0.052
2016-06-25,71,0.061
2016-06-26,38,0.041
2016-06-27,27,0.029
2016-06-28,30,0.032
2016-06-29,36,0.039
2016-06-30,41,0.044
2016-07-01,24,0.026
2016-07-02,32,0.035
2016-07-03,43,0.046
2016-07-04,47,0.051
2016-07-05,41,0.044
2016-07-06,37,0.04
2016-07-07,31,0.034
2016-07-08,35,0.038
2016-07-09,23,0.025
2016-07-10,32,0.035
2016-07-11,51,0.055
2016-07-12,42,0.045
2016-07-13,42,0.045
2016-07-14,22,0.024
2016-07-15,19,0.021
2016-07-16,33,0.036
2016-07-17,36,0.039
2016-07-18,32,0.035
2016-07-19,37,0.04
2016-07-20,44,0.048
2016-07-21,36,0.039
2016-07-22,42,0.045
2016-07-23,34,0.037
2016-07-24,29,0.031
2016-07-25,25,0.027
2016-07-26,33,0.036
2016-07-27,34,0.037
2016-07-28,20,0.022
2016-07-29,24,0.026
2016-07-30,27,0.029
2016-07-31,29,0.031
2016-08-01,35,0.038
2016-08-02,71,0.061
2016-08-03,45,0.049
2016-08-04,43,0.046
2016-08-05,31,0.033
2016-08-06,24,0.026
2016-08-07,26,0.028
2016-08-08,35,0.038
2016-08-09,47,0.051
2016-08-10,47,0.051
2016-08-11,38,0.041
2016-08-12,23,0.025
2016-08-13,25,0.027
2016-08-14,33,0.036
2016-08-15,35,0.038
2016-08-16,36,0.039
2016-08-17,30,0.032
2016-08-18,47,0.051
2016-08-19,37,0.04
2016-08-20,27,0.029
2016-08-21,19,0.02
2016-08-22,32,0.035
2016-08-23,39,0.042
2016-08-24,34,0.037
2016-08-25,31,0.033
2016-08-26,24,0.026
2016-08-27,24,0.026
2016-08-28,32,0.035
2016-08-29,45,0.049
2016-08-30,33,0.036
2016-08-31,22,0.024
2016-09-01,20,0.022
2016-09-02,29,0.031
2016-09-03,32,0.035
2016-09-04,44,0.048
2016-09-05,40,0.043
2016-09-06,31,0.033
2016-09-07,30,0.032
2016-09-08,30,0.032
2016-09-09,25,0.027
2016-09-10,23,0.025
2016-09-11,29,0.031
2016-09-12,40,0.043
2016-09-13,18,0.019
2016-09-14,21,0.023
2016-09-15,33,0.036
2016-09-16,32,0.035
2016-09-17,28,0.03
2016-09-18,30,0.032
2016-09-19,27,0.029
2016-09-20,32,0.035
2016-09-21,31,0.033
2016-09-22,31,0.033
2016-09-23,22,0.024
2016-09-24,28,0.03
2016-09-25,36,0.039
2016-09-26,28,0.03
2016-09-27,17,0.018
2016-09-28,21,0.023
2016-09-29,35,0.038
2016-09-30,21,0.023
2016-10-01,22,0.024
2016-10-02,28,0.03
2016-10-03,24,0.026
2016-10-04,32,0.035
2016-10-05,31,0.033
2016-10-06,33,0.036
2016-10-07,27,0.029
2016-10-08,23,0.025
2016-10-09,19,0.021
2016-10-10,40,0.043
2016-10-11,44,0.047
2016-10-12,12,0.013
2016-10-13,20,0.022
2016-10-14,30,0.032
2016-10-15,18,0.019
2016-10-16,28,0.03
2016-10-17,17,0.018
2017-02-21,32,0.035
2017-02-22,32,0.035
2017-02-23,36,0.039
2017-02-24,36,0.039
2017-02-25,35,0.038
2017-02-26,38,0.041
2017-02-27,36,0.039
2017-02-28,31,0.033
2017-03-01,36,0.039
2017-03-02,40,0.043
2017-03-03,42,0.045
2017-03-04,41,0.044
2017-03-05,30,0.032
2017-03-06,31,0.033
2017-03-07,40,0.043
2017-03-08,41,0.044
2017-03-09,39,0.042
2017-03-10,37,0.04
2017-03-11,38,0.041
2017-03-12,36,0.039
2017-03-13,39,0.042
2017-03-14,37,0.04
2017-03-15,40,0.043
2017-03-16,44,0.047
2017-03-17,23,0.025
2017-03-18,31,0.033
2017-03-19,37,0.04
2017-03-20,31,0.033
2017-03-21,39,0.042
2017-03-22,41,0.044
2017-03-23,34,0.037
2017-03-24,31,0.034
2017-03-25,30,0.032
2017-03-26,25,0.027
2017-03-27,18,0.019
2017-03-28,38,0.041
2017-03-29,30,0.032
2017-03-30,41,0.044
2017-03-31,45,0.049
2017-04-01,45,0.049
2017-04-02,40,0.043
2017-04-03,37,0.04
2017-04-04,37,0.04
2017-04-05,37,0.04
2017-04-06,42,0.045
2017-04-07,42,0.045
2017-04-08,51,0.055
2017-04-09,47,0.051
2017-04-10,33,0.036
2017-04-11,29,0.031
2017-04-12,36,0.039
2017-04-13,43,0.046
2017-04-14,47,0.051
2017-04-15,42,0.045
2017-04-16,44,0.047
2017-04-17,29,0.031
2017-04-18,44,0.048
2017-04-19,31,0.033
2017-04-20,28,0.03
2017-04-21,40,0.043
2017-04-22,44,0.047
2017-04-23,31,0.034
2017-04-24,74,0.062
2017-04-25,64,0.059
2017-04-26,33,0.036
2017-04-27,29,0.031
2017-04-28,41,0.044
2017-04-29,43,0.046
2017-04-30,36,0.039
2017-05-01,32,0.035
2017-05-02,39,0.042
2017-05-03,45,0.049
2017-05-04,49,0.053
2017-05-05,37,0.04
2017-05-06,40,0.043
2017-05-07,47,0.051
2017-05-08,47,0.051
2017-05-09,40,0.043
2017-05-10,46,0.05
2017-05-11,49,0.053
2017-05-12,43,0.046
2017-05-13,44,0.047
2017-05-14,31,0.033
2017-05-15,44,0.047
2017-05-16,74,0.062
2017-05-17,58,0.057
2017-05-18,28,0.03
2017-05-19,33,0.036
2017-05-20,31,0.034
2017-05-21,30,0.032
2017-05-22,45,0.049
2017-05-23,28,0.03
2017-05-24,30,0.032
2017-05-25,43,0.046
2017-05-26,44,0.047
2017-05-27,61,0.058
2017-05-28,44,0.047
2017-05-29,32,0.035
2017-05-30,27,0.029
2017-05-31,37,0.04
2017-06-01,42,0.045
2017-06-02,87,0.066
2017-06-03,51,0.055
2017-06-04,61,0.058
2017-06-05,38,0.041
2017-06-06,38,0.041
2017-06-07,46,0.05
2017-06-08,64,0.059
2017-06-09,54,0.056
2017-06-10,77,0.063
2017-06-11,48,0.052
2017-06-12,40,0.043
2017-06-13,37,0.04
2017-06-14,42,0.045
2017-06-15,45,0.049
2017-06-16,45,0.049
2017-06-17,44,0.048
2017-06-18,29,0.031
2017-06-19,23,0.025
2017-06-20,35,0.038
2017-06-21,45,0.049
2017-06-22,33,0.036
2017-06-23,38,0.041
2017-06-24,31,0.033
2017-06-25,21,0.023
2017-06-26,19,0.021
2017-06-27,33,0.036
2017-06-28,44,0.047
2017-06-29,33,0.036
2017-06-30,42,0.045
2017-07-01,36,0.039
2017-07-02,31,0.034
2017-07-03,34,0.037
2017-07-04,38,0.041
2017-07-05,44,0.048
2017-07-06,46,0.05
2017-07-07,27,0.029
2017-07-08,28,0.03
2017-07-09,34,0.037
2017-07-10,71,0.061
2017-07-11,77,0.063
2017-07-12,43,0.046
2017-07-13,30,0.032
2017-07-14,18,0.019
2017-07-15,36,0.039
2017-07-16,26,0.028
2017-07-17,35,0.038
2017-07-18,49,0.053
2017-07-19,40,0.043
2017-07-20,43,0.046
2017-07-21,44,0.048
2017-07-22,48,0.052
2017-07-23,31,0.033
2017-07-24,31,0.033
2017-07-25,47,0.051
2017-07-26,33,0.036
2017-07-27,32,0.035
2017-07-28,27,0.029
2017-07-29,33,0.036
2017-07-30,32,0.035
2017-07-31,43,0.046
2017-08-01,36,0.039
2017-08-02,29,0.031
2017-08-03,26,0.028
2017-08-04,21,0.023
2017-08-05,30,0.032
2017-08-06,29,0.031
2017-08-07,30,0.032
2017-08-08,32,0.035
2017-08-09,42,0.045
2017-08-10,42,0.045
2017-08-11,24,0.026
2017-08-12,27,0.029
2017-08-13,33,0.036
2017-08-14,44,0.048
2017-08-15,33,0.036
2017-08-16,34,0.037
2017-08-17,31,0.034
2017-08-18,29,0.031
2017-08-19,41,0.044
2017-08-20,42,0.045
2017-08-21,41,0.044
2017-08-22,31,0.033
2017-08-23,25,0.027
2017-08-24,29,0.031
2017-08-25,32,0.035
2017-08-26,36,0.039
2017-08-27,36,0.039
2017-08-28,42,0.045
2017-08-29,39,0.042
2017-08-30,32,0.035
2017-08-31,23,0.025
2017-09-01,27,0.029
2017-09-02,28,0.03
2017-09-03,37,0.04
2017-09-04,29,0.031
2017-09-05,17,0.018
2017-09-06,13,0.014
2017-09-07,20,0.022
2017-09-08,24,0.026
2017-09-09,32,0.035
2017-09-10,42,0.045
2017-09-11,42,0.045
2017-09-12,47,0.051
2017-09-13,71,0.061
2017-09-14,51,0.055
2017-09-15,80,0.064
2017-09-16,46,0.05
2017-09-17,19,0.021
2017-09-18,28,0.03
2017-09-19,37,0.04
2017-09-20,45,0.049
2017-09-21,36,0.039
2017-09-22,44,0.047
2017-09-23,54,0.056
2017-09-24,80,0.064
2017-09-25,90,0.067
2017-09-26,40,0.043
2017-09-27,21,0.023
2017-09-28,31,0.033
2017-09-29,22,0.024
2017-09-30,34,0.037
2017-10-01,42,0.045
2017-10-02,51,0.055
2017-10-03,31,0.034
2017-10-04,21,0.023
2017-10-05,16,0.017
2017-10-06,27,0.029
2017-10-07,29,0.031
2017-10-08,36,0.039
2017-10-09,30,0.032
2017-10-10,27,0.029
2017-10-11,26,0.028
2017-10-12,30,0.032
2017-10-13,17,0.018
2017-10-14,20,0.022
2017-10-15,29,0.031
2017-10-16,7,0.008
2018-02-22,31,0.034
2018-02-23,33,0.036
2018-02-24,36,0.039
2018-02-25,44,0.047
2018-02-26,37,0.04
2018-02-27,37,0.04
2018-02-28,41,0.044
2018-03-01,35,0.038
2018-03-02,44,0.047
2018-03-03,41,0.044
2018-03-04,40,0.043
2018-03-05,39,0.042
2018-03-06,37,0.04
2018-03-07,38,0.041
2018-03-08,38,0.041
2018-03-09,44,0.047
2018-03-10,44,0.048
2018-03-11,48,0.052
2018-03-12,44,0.047
2018-03-13,41,0.044
2018-03-14,48,0.052
2018-03-15,44,0.047
2018-03-16,39,0.042
2018-03-17,44,0.047
2018-03-18,48,0.052
2018-03-19,41,0.044
2018-03-20,39,0.042
2018-03-21,41,0.044
2018-03-22,44,0.048
2018-03-23,44,0.047
2018-03-24,40,0.043
2018-03-25,44,0.047
2018-03-26,43,0.046
2018-03-27,36,0.039
2018-03-28,41,0.044
2018-03-29,38,0.041
2018-03-30,44,0.047
2018-03-31,43,0.046
2018-04-01,44,0.047
2018-04-02,44,0.047
2018-04-03,46,0.05
2018-04-04,43,0.046
2018-04-05,51,0.055
2018-04-06,46,0.05
2018-04-07,44,0.048
2018-04-08,48,0.052
2018-04-09,51,0.055
2018-04-10,44,0.048
2018-04-11,49,0.053
2018-04-12,38,0.041
2018-04-13,45,0.049
2018-04-14,44,0.047
2018-04-15,42,0.045
2018-04-16,40,0.043
2018-04-17,44,0.047
2018-04-18,48,0.052
2018-04-19,51,0.055
2018-04-20,54,0.056
2018-04-21,71,0.061
2018-04-22,80,0.064
2018-04-23,90,0.067
2018-04-24,90,0.067
2018-04-25,38,0.041
2018-04-26,54,0.056
2018-04-27,36,0.039
2018-04-28,44,0.047
2018-04-29,54,0.056
2018-04-30,61,0.058
2018-05-01,58,0.057
2018-05-02,44,0.048
2018-05-03,37,0.04
2018-05-04,50,0.054
2018-05-05,54,0.056
2018-05-06,48,0.052
2018-05-07,58,0.057
2018-05-08,80,0.064
2018-05-09,44,0.047
2018-05-10,37,0.04
2018-05-11,33,0.036
2018-05-12,40,0.043
2018-05-13,49,0.053
2018-05-14,47,0.051
2018-05-15,40,0.043
2018-05-16,64,0.059
2018-05-17,36,0.039
2018-05-18,44,0.048
2018-05-19,44,0.047
2018-05-20,43,0.046
2018-05-21,35,0.038
2018-05-22,44,0.047
2018-05-23,51,0.055
2018-05-24,101,0.071
2018-05-25,61,0.058
2018-05-26,87,0.066
2018-05-27,90,0.067
2018-05-28,67,0.06
2018-05-29,87,0.066
2018-05-30,43,0.046
2018-05-31,46,0.05
2018-06-01,32,0.035
2018-06-02,23,0.025
2018-06-03,22,0.024
2018-06-04,50,0.054
2018-06-05,42,0.045
2018-06-06,35,0.038
2018-06-07,40,0.043
2018-06-08,31,0.034
2018-06-09,50,0.054
2018-06-10,37,0.04
2018-06-11,47,0.051
2018-06-12,47,0.051
2018-06-13,41,0.044
2018-06-14,64,0.059
2018-06-15,54,0.056
2018-06-16,49,0.053
2018-06-17,41,0.044
2018-06-18,24,0.026
2018-06-19,23,0.025
2018-06-20,31,0.034
2018-06-21,31,0.033
2018-06-22,38,0.041
2018-06-23,42,0.045
2018-06-24,41,0.044
2018-06-25,31,0.034
2018-06-26,38,0.041
2018-06-27,46,0.05
2018-06-28,71,0.061
2018-06-29,50,0.054
2018-06-30,37,0.04
2018-07-01,37,0.04
2018-07-02,45,0.049
2018-07-03,77,0.063
2018-07-04,,0.031
2018-07-05,34,0.037
2018-07-06,42,0.045
2018-07-07,45,0.049
2018-07-08,58,0.057
2018-07-09,48,0.052
2018-07-10,31,0.033
2018-07-11,39,0.042
2018-07-12,48,0.052
2018-07-13,42,0.045
2018-07-14,41,0.044
2018-07-15,48,0.052
2018-07-16,31,0.033
2018-07-17,18,0.019
2018-07-18,35,0.038
2018-07-19,49,0.053
2018-07-20,49,0.053
2018-07-21,33,0.036
2018-07-22,33,0.036
2018-07-23,25,0.027
2018-07-24,34,0.037
2018-07-25,35,0.038
2018-07-26,21,0.023
2018-07-27,21,0.023
2018-07-28,29,0.031
2018-07-29,33,0.036
2018-07-30,36,0.039
2018-07-31,47,0.051
2018-08-01,36,0.039
2018-08-02,10,0.011
2018-08-03,40,0.043
2018-08-04,47,0.051
2018-08-05,49,0.053
2018-08-06,40,0.043
2018-08-07,21,0.023
2018-08-08,43,0.046
2018-08-09,35,0.038
2018-08-10,42,0.045
2018-08-11,31,0.033
2018-08-12,39,0.042
2018-08-13,41,0.044
2018-08-14,47,0.051
2018-08-15,51,0.055
2018-08-16,38,0.041
2018-08-17,33,0.036
2018-08-18,28,0.03
2018-08-19,39,0.042
2018-08-20,33,0.036
2018-08-21,21,0.023
2018-08-22,27,0.029
2018-08-23,44,0.047
2018-08-24,42,0.045
2018-08-25,30,0.032
2018-08-26,37,0.04
2018-08-27,40,0.043
2018-08-28,33,0.036
2018-08-29,16,0.017
2018-08-30,30,0.032
2018-08-31,58,0.057
2018-09-01,36,0.039
2018-09-02,31,0.033
2018-09-03,23,0.025
2018-09-04,30,0.032
2018-09-05,24,0.026
2018-09-06,32,0.035
2018-09-07,28,0.03
2018-09-08,26,0.028
2018-09-09,29,0.031
2018-09-10,37,0.04
2018-09-11,44,0.048
2018-09-12,49,0.053
2018-09-13,48,0.052
2018-09-14,46,0.05
2018-09-15,80,0.064
2018-09-16,42,0.045
2018-09-17,42,0.045
2018-09-18,12,0.013
2018-09-19,14,0.015
2018-09-20,37,0.04
2018-09-21,23,0.025
2018-09-22,31,0.034
2018-09-23,43,0.046
2018-09-24,39,0.042
2018-09-25,23,0.025
2018-09-26,25,0.027
2018-09-27,31,0.034
2018-09-28,21,0.023
2018-09-29,24,0.026
2018-09-30,23,0.025
2018-10-01,22,0.024
2018-10-02,18,0.019
2018-10-03,31,0.033
2018-10-04,29,0.031
2018-10-05,19,0.021
2018-10-06,15,0.016
2018-10-07,16,0.017
2018-10-08,22,0.024
2018-10-09,24,0.026
2018-10-10,18,0.019
2018-10-11,30,0.032
2018-10-12,26,0.028
2018-10-13,29,0.031
2018-10-14,15,0.016
2018-10-15,21,0.023
2018-10-16,29,0.031
2018-10-17,23,0.025
2019-03-20,39,0.042
2019-03-21,47,0.051
2019-03-22,44,0.047
2019-03-23,47,0.051
2019-03-24,44,0.047
2019-03-25,42,0.045
2019-03-26,42,0.045
2019-03-27,46,0.05
2019-03-28,36,0.039
2019-03-29,37,0.04
2019-03-30,43,0.046
2019-03-31,41,0.044
2019-04-01,31,0.033
2019-04-02,40,0.043
2019-04-03,44,0.048
2019-04-04,42,0.045
2019-04-05,28,0.03
2019-04-06,29,0.031
2019-04-07,38,0.041
2019-04-08,44,0.048
2019-04-09,37,0.04
2019-04-10,39,0.042
2019-04-11,43,0.046
2019-04-12,34,0.037
2019-04-13,39,0.042
2019-04-14,44,0.047
2019-04-15,49,0.053
2019-04-16,43,0.046
2019-04-17,31,0.033
2019-04-18,38,0.041
2019-04-19,44,0.047
2019-04-20,45,0.049
2019-04-21,58,0.057
2019-04-22,41,0.044
2019-04-23,41,0.044
2019-04-24,49,0.053
2019-04-25,35,0.038
2019-04-26,43,0.046
2019-04-27,40,0.043
2019-04-28,43,0.046
2019-04-29,35,0.038
2019-04-30,33,0.036
2019-05-01,34,0.037
2019-05-02,31,0.034
2019-05-03,33,0.036
2019-05-04,48,0.052
2019-05-05,50,0.054
2019-05-06,39,0.042
2019-05-07,38,0.041
2019-05-08,35,0.038
2019-05-09,32,0.035
2019-05-10,38,0.041
2019-05-11,43,0.046
2019-05-12,41,0.044
2019-05-13,46,0.05
2019-05-14,58,0.057
2019-05-15,51,0.055
2019-05-16,47,0.051
2019-05-17,35,0.038
2019-05-18,22,0.024
2019-05-19,22,0.024
2019-05-20,31,0.034
2019-05-21,32,0.035
2019-05-22,44,0.048
2019-05-23,33,0.036
2019-05-24,35,0.038
2019-05-25,47,0.051
2019-05-26,36,0.039
2019-05-27,28,0.03
2019-05-28,38,0.041
2019-05-29,44,0.047
2019-05-30,44,0.048
2019-05-31,74,0.062
2019-06-01,31,0.034
2019-06-02,32,0.035
2019-06-03,34,0.037
2019-06-04,51,0.055
2019-06-05,38,0.041
2019-06-06,47,0.051
2019-06-07,50,0.054
2019-06-08,51,0.055
2019-06-09,31,0.033
2019-06-10,35,0.038
2019-06-11,44,0.048
2019-06-12,33,0.036
2019-06-13,30,0.032
2019-06-14,33,0.036
2019-06-15,31,0.033
2019-06-16,26,0.028
2019-06-17,38,0.041
2019-06-18,31,0.034
2019-06-19,31,0.033
2019-06-20,29,0.031
2019-06-21,32,0.035
2019-06-22,38,0.041
2019-06-23,45,0.049
2019-06-24,31,0.034
2019-06-25,43,0.046
2019-06-26,48,0.052
2019-06-27,64,0.059
2019-06-28,58,0.057
2019-06-29,41,0.044
2019-06-30,33,0.036
2019-07-01,36,0.039
2019-07-02,32,0.035
2019-07-03,43,0.046
2019-07-04,48,0.052
2019-07-05,40,0.043
2019-07-06,29,0.031
2019-07-07,36,0.039
2019-07-08,42,0.045
2019-07-09,105,0.072
2019-07-10,42,0.045
2019-07-11,34,0.037
2019-07-12,45,0.049
2019-07-13,28,0.03
2019-07-14,37,0.04
2019-07-15,38,0.041
2019-07-16,38,0.041
2019-07-17,37,0.04
2019-07-18,36,0.039
2019-07-19,44,0.047
2019-07-20,22,0.024
2019-07-21,28,0.03
2019-07-22,26,0.028
2019-07-23,31,0.033
2019-07-24,36,0.039
2019-07-25,47,0.051
2019-07-26,45,0.049
2019-07-27,40,0.043
2019-07-28,46,0.05
2019-07-29,32,0.035
2019-07-30,22,0.024
2019-07-31,39,0.042
2019-08-01,46,0.05
2019-08-02,48,0.052
2019-08-03,37,0.04
2019-08-04,38,0.041
2019-08-05,42,0.045
2019-08-06,26,0.028
2019-08-07,37,0.04
2019-08-08,22,0.024
2019-08-09,24,0.026
2019-08-10,26,0.028
2019-08-11,40,0.043
2019-08-12,42,0.045
2019-08-13,27,0.029
2019-08-14,21,0.023
2019-08-15,31,0.034
2019-08-16,32,0.035
2019-08-17,40,0.043
2019-08-18,34,0.037
2019-08-19,35,0.038
2019-08-20,43,0.046
2019-08-21,25,0.027
2019-08-22,20,0.022
2019-08-23,25,0.027
2019-08-24,30,0.032
2019-08-25,35,0.038
2019-08-26,24,0.026
2019-08-27,30,0.032
2019-08-28,27,0.029
2019-08-29,31,0.034
2019-08-30,31,0.034
2019-08-31,31,0.034
2019-09-01,38,0.041
2019-09-02,26,0.028
2019-09-03,31,0.033
2019-09-04,16,0.017
2019-09-05,30,0.032
2019-09-06,21,0.023
2019-09-07,19,0.021
2019-09-08,19,0.02
2019-09-09,31,0.034
2019-09-10,35,0.038
2019-09-11,14,0.015
2019-09-12,19,0.021
2019-09-13,20,0.022
2019-09-14,26,0.028
2019-09-15,29,0.031
2019-09-16,31,0.033
2019-09-17,41,0.044
2019-09-18,49,0.053
2019-09-19,30,0.032
2019-09-20,37,0.04
2019-09-21,24,0.026
2019-09-22,26,0.028
2019-09-23,24,0.026
2019-09-24,38,0.041
2019-09-25,31,0.033
2019-09-26,26,0.028
2019-09-27,20,0.022
2019-09-28,25,0.027
2019-09-29,22,0.024
2019-09-30,32,0.035
2019-10-01,11,0.012
2019-10-02,16,0.017
2019-10-03,17,0.018
2019-10-04,28,0.03
2019-10-05,25,0.027
2019-10-06,28,0.03
2019-10-07,27,0.029
2019-10-08,35,0.038
2019-10-09,45,0.049
2019-10-10,37,0.04
2019-10-11,31,0.033
2019-10-12,31,0.034
2019-10-13,21,0.023
2019-10-14,20,0.022
2019-10-15,19,0.021
2019-10-16,25,0.027
2019-10-17,,0.011
2020-03-24,34,0.037
2020-03-25,28,0.03
2020-03-26,28,0.03
2020-03-27,24,0.026
2020-03-28,33,0.036
2020-03-29,36,0.039
2020-03-30,40,0.043
2020-03-31,28,0.03
2020-04-01,29,0.031
2020-04-02,37,0.04
2020-04-03,39,0.042
2020-04-04,36,0.039
2020-04-05,39,0.042
2020-04-06,47,0.051
2020-04-07,30,0.032
2020-04-08,43,0.046
2020-04-09,38,0.041
2020-04-10,36,0.039
2020-04-11,47,0.051
2020-04-12,36,0.039
2020-04-13,39,0.042
2020-04-14,36,0.039
2020-04-15,35,0.038
2020-04-16,43,0.046
2020-04-17,45,0.049
2020-04-18,46,0.05
2020-04-19,41,0.044
2020-04-20,40,0.043
2020-04-21,40,0.043
2020-04-22,39,0.042
2020-04-23,33,0.036
2020-04-24,42,0.045
2020-04-25,41,0.044
2020-04-26,42,0.045
2020-04-27,25,0.027
2020-04-28,32,0.035
2020-04-29,39,0.042
2020-04-30,40,0.043
2020-05-01,44,0.047
2020-05-02,47,0.051
2020-05-03,41,0.044
2020-05-04,39,0.042
2020-05-05,35,0.038
2020-05-06,42,0.045
2020-05-07,41,0.044
2020-05-08,28,0.03
2020-05-09,40,0.043
2020-05-10,32,0.035
2020-05-11,40,0.043
2020-05-12,42,0.045
2020-05-13,46,0.05
2020-05-14,19,0.021
2020-05-15,39,0.042
2020-05-16,34,0.037
2020-05-17,42,0.045
2020-05-18,37,0.04
2020-05-19,37,0.04
2020-05-20,50,0.054
2020-05-21,46,0.05
2020-05-22,36,0.039
2020-05-23,39,0.042
2020-05-24,44,0.047
2020-05-25,44,0.048
2020-05-26,74,0.062
2020-05-27,46,0.05
2020-05-28,33,0.036
2020-05-29,19,0.021
2020-05-30,31,0.034
2020-05-31,34,0.037
2020-06-01,41,0.044
2020-06-02,67,0.06
2020-06-03,48,0.052
2020-06-04,49,0.053
2020-06-05,45,0.049
2020-06-06,27,0.029
2020-06-07,35,0.038
2020-06-08,112,0.074
2020-06-09,58,0.057
2020-06-10,40,0.043
2020-06-11,41,0.044
2020-06-12,29,0.031
2020-06-13,30,0.032
2020-06-14,38,0.041
2020-06-15,48,0.052
2020-06-16,87,0.066
2020-06-17,97,0.069
2020-06-18,126,0.078
2020-06-19,90,0.067
2020-06-20,34,0.037
2020-06-21,45,0.049
2020-06-22,36,0.039
2020-06-23,26,0.028
2020-06-24,29,0.031
2020-06-25,33,0.036
2020-06-26,38,0.041
2020-06-27,31,0.033
2020-06-28,34,0.037
2020-06-29,37,0.04
2020-06-30,51,0.055
2020-07-01,77,0.063
2020-07-02,58,0.057
2020-07-03,40,0.043
2020-07-04,35,0.038
2020-07-05,41,0.044
2020-07-06,45,0.049
2020-07-07,38,0.041
2020-07-08,54,0.056
2020-07-09,40,0.043
2020-07-10,29,0.031
2020-07-11,29,0.031
2020-07-12,26,0.028
2020-07-13,38,0.041
2020-07-14,47,0.051
2020-07-15,31,0.034
2020-07-16,41,0.044
2020-07-17,43,0.046
2020-07-18,38,0.041
2020-07-19,28,0.03
2020-07-20,27,0.029
2020-07-21,28,0.03
2020-07-22,23,0.025
2020-07-23,28,0.03
2020-07-24,44,0.047
2020-07-25,40,0.043
2020-07-26,28,0.03
2020-07-27,25,0.027
2020-07-28,31,0.033
2020-07-29,24,0.026
2020-07-30,26,0.028
2020-07-31,26,0.028
2020-08-01,30,0.032
2020-08-02,15,0.016
2020-08-03,19,0.02
2020-08-04,19,0.02
2020-08-05,31,0.034
2020-08-06,37,0.04
2020-08-07,58,0.057
2020-08-08,37,0.04
2020-08-09,39,0.042
2020-08-10,35,0.038
2020-08-11,37,0.04
2020-08-12,43,0.046
2020-08-13,64,0.059
2020-08-14,51,0.055
2020-08-15,35,0.038
2020-08-16,34,0.037
2020-08-17,26,0.028
2020-08-18,23,0.025
2020-08-19,34,0.037
2020-08-20,36,0.039
2020-08-21,44,0.048
2020-08-22,44,0.047
2020-08-23,49,0.053
2020-08-24,43,0.046
2020-08-25,45,0.049
2020-08-26,45,0.049
2020-08-27,39,0.042
2020-08-28,38,0.041
2020-08-29,26,0.028
2020-08-30,27,0.029
2020-08-31,29,0.031
2020-09-01,32,0.035
2020-09-02,31,0.034
2020-09-03,31,0.034
2020-09-04,28,0.03
2020-09-05,27,0.029
2020-09-06,39,0.042
2020-09-07,20,0.022
2020-09-08,16,0.017
2020-09-09,20,0.022
2020-09-10,26,0.028
2020-09-11,31,0.033
2020-09-12,23,0.025
2020-09-13,23,0.025
2020-09-14,19,0.021
2020-09-15,35,0.038
2020-09-16,26,0.028
2020-09-17,23,0.025
2020-09-18,31,0.034
2020-09-19,36,0.039
2020-09-20,44,0.047
2020-09-21,44,0.048
2020-09-22,39,0.042
2020-09-23,45,0.049
2020-09-24,35,0.038
2020-09-25,49,0.053
2020-09-26,29,0.031
2020-09-27,30,0.032
2020-09-28,13,0.014
2020-09-29,13,0.014
2020-09-30,21,0.023
2020-10-01,20,0.022
2020-10-02,23,0.025
2020-10-03,19,0.02
2020-10-04,23,0.025
2020-10-05,33,0.036
2020-10-06,35,0.038
2020-10-07,31,0.034
2020-10-08,28,0.03
2020-10-09,46,0.05
2020-10-10,29,0.031
2020-10-11,23,0.025
2020-10-12,25,0.027
2020-10-13,33,0.036
2020-10-14,30,0.032
2020-10-15,29,0.031
2020-10-16,27,0.029
2020-10-17,31,0.033
2020-10-18,29,0.031
2020-10-19,21,0.023
2020-10-20,24,0.026
2020-10-21,15,0.016
2020-10-22,22,0.024
2020-10-23,21,0.023
2020-10-24,28,0.03
2020-10-25,26,0.028
2020-10-26,19,0.02
2021-03-25,27,0.029
2021-03-26,29,0.031
2021-03-27,28,0.03
2021-03-28,35,0.038
2021-03-29,46,0.05
2021-03-30,37,0.04
2021-03-31,36,0.039
2021-04-01,41,0.044
2021-04-02,45,0.049
2021-04-03,51,0.055
2021-04-04,74,0.062
2021-04-05,51,0.055
2021-04-06,44,0.048
2021-04-07,49,0.053
2021-04-08,34,0.037
2021-04-09,21,0.023
2021-04-10,29,0.031
2021-04-11,27,0.029
2021-04-12,32,0.035
2021-04-13,31,0.033
2021-04-14,23,0.025
2021-04-15,27,0.029
2021-04-16,37,0.04
2021-04-17,44,0.048
2021-04-18,44,0.048
2021-04-19,38,0.041
2021-04-20,40,0.043
2021-04-21,38,0.041
2021-04-22,48,0.052
2021-04-23,58,0.057
2021-04-24,39,0.042
2021-04-25,36,0.039
2021-04-26,31,0.034
2021-04-27,31,0.033
2021-04-28,38,0.041
2021-04-29,40,0.043
2021-04-30,36,0.039
2021-05-01,48,0.052
2021-05-02,47,0.051
2021-05-03,28,0.03
2021-05-04,30,0.032
2021-05-05,36,0.039
2021-05-06,42,0.045
2021-05-07,32,0.035
2021-05-08,40,0.043
2021-05-09,38,0.041
2021-05-10,30,0.032
2021-05-11,31,0.033
2021-05-12,40,0.043
2021-05-13,48,0.052
2021-05-14,64,0.059
2021-05-15,44,0.048
2021-05-16,45,0.049
2021-05-17,77,0.063
2021-05-18,51,0.055
2021-05-19,32,0.035
2021-05-20,51,0.055
2021-05-21,37,0.04
2021-05-22,40,0.043
2021-05-23,21,0.023
2021-05-24,42,0.045
2021-05-25,44,0.048
2021-05-26,30,0.032
2021-05-27,30,0.032
2021-05-28,34,0.037
2021-05-29,39,0.042
2021-05-30,49,0.053
2021-05-31,50,0.054
2021-06-01,58,0.057
2021-06-02,90,0.067
2021-06-03,64,0.059
2021-06-04,77,0.063
2021-06-05,87,0.066
2021-06-06,58,0.057
2021-06-07,43,0.046
2021-06-08,49,0.053
2021-06-09,48,0.052
2021-06-10,67,0.06
2021-06-11,58,0.057
2021-06-12,46,0.05
2021-06-13,50,0.054
2021-06-14,34,0.037
2021-06-15,33,0.036
2021-06-16,50,0.054
2021-06-17,77,0.063
2021-06-18,58,0.057
2021-06-19,39,0.042
2021-06-20,40,0.043
2021-06-21,21,0.023
2021-06-22,38,0.041
2021-06-23,47,0.051
2021-06-24,43,0.046
2021-06-25,46,0.05
2021-06-26,27,0.029
2021-06-27,32,0.035
2021-06-28,38,0.041
2021-06-29,34,0.037
2021-06-30,34,0.037
2021-07-01,26,0.028
2021-07-02,34,0.037
2021-07-03,36,0.039
2021-07-04,47,0.051
2021-07-05,48,0.052
2021-07-06,43,0.046
2021-07-07,19,0.021
2021-07-08,18,0.019
2021-07-09,30,0.032
2021-07-10,35,0.038
2021-07-11,34,0.037
2021-07-12,39,0.042
2021-07-13,44,0.047
2021-07-14,44,0.048
2021-07-15,32,0.035
2021-07-16,29,0.031
2021-07-17,31,0.033
2021-07-18,32,0.035
2021-07-19,38,0.041
2021-07-20,35,0.038
2021-07-21,29,0.031
2021-07-22,43,0.046
2021-07-23,67,0.06
2021-07-24,46,0.05
2021-07-25,44,0.047
2021-07-26,47,0.051
2021-07-27,47,0.051
2021-07-28,46,0.05
2021-07-29,34,0.037
2021-07-30,22,0.024
2021-07-31,41,0.044
2021-08-01,25,0.027
2021-08-02,26,0.028
2021-08-03,39,0.042
2021-08-04,48,0.052
2021-08-05,44,0.047
2021-08-06,33,0.036
2021-08-07,40,0.043
2021-08-08,34,0.037
2021-08-09,37,0.04
2021-08-10,41,0.044
2021-08-11,31,0.033
2021-08-12,32,0.035
2021-08-13,34,0.037
2021-08-14,41,0.044
2021-08-15,44,0.048
2021-08-16,47,0.051
2021-08-17,61,0.058
2021-08-18,58,0.057
2021-08-19,48,0.052
2021-08-20,44,0.048
2021-08-21,35,0.038
2021-08-22,37,0.04
2021-08-23,45,0.049
2021-08-24,28,0.03
2021-08-25,32,0.035
2021-08-26,37,0.04
2021-08-27,36,0.039
2021-08-28,39,0.042
2021-08-29,40,0.043
2021-08-30,40,0.043
2021-08-31,18,0.019
2021-09-01,23,0.025
2021-09-02,34,0.037
2021-09-03,38,0.041
2021-09-04,22,0.024
2021-09-05,34,0.037
2021-09-06,34,0.037
2021-09-07,34,0.037
2021-09-08,28,0.03
2021-09-09,27,0.029
2021-09-10,35,0.038
2021-09-11,39,0.042
2021-09-12,23,0.025
2021-09-13,29,0.031
2021-09-14,31,0.033
2021-09-15,32,0.035
2021-09-16,61,0.058
2021-09-17,41,0.044
2021-09-18,35,0.038
2021-09-19,54,0.056
2021-09-20,30,0.032
2021-09-21,28,0.03
2021-09-22,25,0.027
2021-09-23,27,0.029
2021-09-24,44,0.047
2021-09-25,28,0.03
2021-09-26,31,0.034
2021-09-27,31,0.033
2021-09-28,32,0.035
2021-09-29,40,0.043
2021-09-30,44,0.048
2021-10-01,80,0.064
2021-10-02,31,0.034
2021-10-03,20,0.022
2021-10-04,19,0.021
2021-10-05,22,0.024
2021-10-06,31,0.034
2021-10-07,21,0.023
2021-10-08,34,0.037
2021-10-09,29,0.031
2021-10-10,32,0.035
2021-10-11,22,0.024
2021-10-12,12,0.013
2021-10-13,31,0.034
2021-10-14,27,0.029
2021-10-15,23,0.025
2021-10-16,30,0.032
2021-10-17,36,0.039
2021-10-18,17,0.018
2022-03-28,33,0.036
2022-03-29,40,0.043
2022-03-30,36,0.039
2022-03-31,38,0.041
2022-04-01,42,0.045
2022-04-02,29,0.031
2022-04-03,37,0.04
2022-04-04,30,0.032
2022-04-05,34,0.037
2022-04-06,32,0.035
2022-04-07,28,0.03
2022-04-08,34,0.037
2022-04-09,40,0.043
2022-04-10,46,0.05
2022-04-11,45,0.049
2022-04-12,47,0.051
2022-04-13,31,0.034
2022-04-14,31,0.034
2022-04-15,34,0.037
2022-04-16,35,0.038
2022-04-17,34,0.037
2022-04-18,34,0.037
2022-04-19,42,0.045
2022-04-20,33,0.036
2022-04-21,43,0.046
2022-04-22,36,0.039
2022-04-23,48,0.052
2022-04-24,43,0.046
2022-04-25,31,0.034
2022-04-26,39,0.042
2022-04-27,44,0.047
2022-04-28,42,0.045
2022-04-29,51,0.055
2022-04-30,47,0.051
2022-05-01,31,0.033
2022-05-02,34,0.037
2022-05-03,28,0.03
2022-05-04,36,0.039
2022-05-05,43,0.046
2022-05-06,43,0.046
2022-05-07,48,0.052
2022-05-08,47,0.051
2022-05-09,47,0.051
2022-05-10,54,0.056
2022-05-11,46,0.05
2022-05-12,97,0.069
2022-05-13,122,0.077
2022-05-14,58,0.057
2022-05-15,47,0.051
2022-05-16,44,0.047
2022-05-17,31,0.034
2022-05-18,47,0.051
2022-05-19,41,0.044
2022-05-20,38,0.041
2022-05-21,30,0.032
2022-05-22,32,0.035
2022-05-23,36,0.039
2022-05-24,44,0.048
2022-05-25,26,0.028
2022-05-26,23,0.025
2022-05-27,32,0.035
2022-05-28,41,0.044
2022-05-29,54,0.056
2022-05-30,77,0.063
2022-05-31,47,0.051
2022-06-01,38,0.041
2022-06-02,47,0.051
2022-06-03,41,0.044
2022-06-04,44,0.048
2022-06-05,37,0.04
2022-06-06,39,0.042
2022-06-07,44,0.047
2022-06-08,39,0.042
2022-06-09,34,0.037
2022-06-10,41,0.044
2022-06-11,33,0.036
2022-06-12,28,0.03
2022-06-13,36,0.039
2022-06-14,49,0.053
2022-06-15,54,0.056
2022-06-16,39,0.042
2022-06-17,38,0.041
2022-06-18,37,0.04
2022-06-19,61,0.058
2022-06-20,77,0.063
2022-06-21,67,0.06
2022-06-22,40,0.043
2022-06-23,50,0.054
2022-06-24,80,0.064
2022-06-25,54,0.056
2022-06-26,36,0.039
2022-06-27,37,0.04
2022-06-28,47,0.051
2022-06-29,48,0.052
2022-06-30,49,0.053
2022-07-01,38,0.041
2022-07-02,41,0.044
2022-07-03,51,0.055
2022-07-04,46,0.05
2022-07-05,40,0.043
2022-07-06,29,0.031
2022-07-07,44,0.048
2022-07-08,26,0.028
2022-07-09,39,0.042
2022-07-10,48,0.052
2022-07-11,40,0.043
2022-07-12,32,0.035
2022-07-13,34,0.037
2022-07-14,38,0.041
2022-07-15,34,0.037
2022-07-16,42,0.045
2022-07-17,45,0.049
2022-07-18,44,0.048
2022-07-19,46,0.05
2022-07-20,44,0.047
2022-07-21,36,0.039
2022-07-22,45,0.049
2022-07-23,50,0.054
2022-07-24,30,0.032
2022-07-25,29,0.031
2022-07-26,40,0.043
2022-07-27,34,0.037
2022-07-28,30,0.032
2022-07-29,23,0.025
2022-07-30,41,0.044
2022-07-31,42,0.045
2022-08-01,28,0.03
2022-08-02,41,0.044
2022-08-03,37,0.04
2022-08-04,28,0.03
2022-08-05,39,0.042
2022-08-06,45,0.049
2022-08-07,20,0.022
2022-08-08,18,0.019
2022-08-09,32,0.035
2022-08-10,39,0.042
2022-08-11,26,0.028
2022-08-12,33,0.036
2022-08-13,32,0.035
2022-08-14,38,0.041
2022-08-15,41,0.044
2022-08-16,35,0.038
2022-08-17,37,0.04
2022-08-18,38,0.041
2022-08-19,49,0.053
2022-08-20,41,0.044
2022-08-21,32,0.035
2022-08-22,29,0.031
2022-08-23,35,0.038
2022-08-24,48,0.052
2022-08-25,32,0.035
2022-08-26,29,0.031
2022-08-27,30,0.032
2022-08-28,34,0.037
2022-08-29,34,0.037
2022-08-30,25,0.027
2022-08-31,28,0.03
2022-09-01,44,0.048
2022-09-02,42,0.045
2022-09-03,20,0.022
2022-09-04,23,0.025
2022-09-05,29,0.031
2022-09-06,30,0.032
2022-09-07,38,0.041
2022-09-08,45,0.049
2022-09-09,45,0.049
2022-09-10,20,0.022
2022-09-11,19,0.02
2022-09-12,22,0.024
2022-09-13,29,0.031
2022-09-14,26,0.028
2022-09-15,44,0.048
2022-09-16,42,0.045
2022-09-17,42,0.045
2022-09-18,31,0.034
2022-09-19,36,0.039
2022-09-20,43,0.046
2022-09-21,28,0.03
2022-09-22,25,0.027
2022-09-23,28,0.03
2022-09-24,20,0.022
2022-09-25,30,0.032
2022-09-26,20,0.022
2022-09-27,19,0.02
2022-09-28,27,0.029
2022-09-29,31,0.033
2022-09-30,36,0.039
2022-10-01,42,0.045
2022-10-02,23,0.025
2022-10-03,31,0.034
2022-10-04,41,0.044
2022-10-05,42,0.045
2022-10-06,25,0.027
2022-10-07,27,0.029
2022-10-08,33,0.036
2022-10-09,31,0.034
2022-10-10,31,0.033
2022-10-11,49,0.053
2022-10-12,25,0.027
2022-10-13,17,0.018
2022-10-14,20,0.022
2022-10-15,18,0.019
2022-10-16,17,0.018
2022-10-17,19,0.02
2023-03-26,42,0.045
2023-03-27,51,0.055
2023-03-28,49,0.053
2023-03-29,45,0.049
2023-03-30,45,0.049
2023-03-31,37,0.04
2023-04-01,44,0.047
2023-04-02,39,0.042
2023-04-03,46,0.05
2023-04-04,36,0.039
2023-04-05,43,0.046
2023-04-06,45,0.049
2023-04-07,44,0.048
2023-04-08,43,0.046
2023-04-09,58,0.057
2023-04-10,67,0.06
2023-04-11,58,0.057
2023-04-12,64,0.059
2023-04-13,71,0.061
2023-04-14,100,0.07
2023-04-15,61,0.058
2023-04-16,31,0.034
2023-04-17,40,0.043
2023-04-18,47,0.051
2023-04-19,44,0.048
2023-04-20,39,0.042
2023-04-21,40,0.043
2023-04-22,41,0.044
2023-04-23,36,0.039
2023-04-24,43,0.046
2023-04-25,38,0.041
2023-04-26,39,0.042
2023-04-27,49,0.053
2023-04-28,67,0.06
2023-04-29,28,0.03
2023-04-30,29,0.031
2023-05-01,34,0.037
2023-05-02,35,0.038
2023-05-03,36,0.039
2023-05-04,44,0.048
2023-05-05,44,0.048
2023-05-06,41,0.044
2023-05-07,41,0.044
2023-05-08,32,0.035
2023-05-09,47,0.051
2023-05-10,71,0.061
2023-05-11,100,0.07
2023-05-12,40,0.043
2023-05-13,38,0.041
2023-05-14,36,0.039
2023-05-15,50,0.054
2023-05-16,38,0.041
2023-05-17,37,0.04
2023-05-18,42,0.045
2023-05-19,25,0.027
2023-05-20,35,0.038
2023-05-21,49,0.053
2023-05-22,77,0.063
2023-05-23,122,0.077
2023-05-24,37,0.04
2023-05-25,42,0.045
2023-05-26,49,0.053
2023-05-27,64,0.059
2023-05-28,87,0.066
2023-05-29,97,0.069
2023-05-30,136,0.081
2023-05-31,77,0.063
2023-06-01,80,0.064
2023-06-02,105,0.072
2023-06-03,58,0.057
2023-06-04,64,0.059
2023-06-05,90,0.067
2023-06-06,39,0.042
2023-06-07,35,0.038
2023-06-08,39,0.042
2023-06-09,48,0.052
2023-06-10,51,0.055
2023-06-11,19,0.02
2023-06-12,33,0.036
2023-06-13,20,0.022
2023-06-14,44,0.047
2023-06-15,25,0.027
2023-06-16,34,0.037
2023-06-17,101,0.071
2023-06-18,87,0.066
2023-06-19,136,0.081
2023-06-20,71,0.061
2023-06-21,90,0.067
2023-06-22,93,0.068
2023-06-23,101,0.071
2023-06-24,97,0.069
2023-06-25,44,0.048
2023-06-26,29,0.031
2023-06-27,48,0.052
2023-06-28,105,0.072
2023-06-29,97,0.069
2023-06-30,48,0.052
2023-07-01,44,0.048
2023-07-02,36,0.039
2023-07-03,48,0.052
2023-07-04,48,0.052
2023-07-05,36,0.039
2023-07-06,32,0.035
2023-07-07,46,0.05
2023-07-08,44,0.048
2023-07-09,44,0.048
2023-07-10,58,0.057
2023-07-11,31,0.034
2023-07-12,29,0.031
2023-07-13,41,0.044
2023-07-14,46,0.05
2023-07-15,43,0.046
2023-07-16,34,0.037
2023-07-17,23,0.025
2023-07-18,32,0.035
2023-07-19,49,0.053
2023-07-20,33,0.036
2023-07-21,33,0.036
2023-07-22,43,0.046
2023-07-23,44,0.047
2023-07-24,46,0.05
2023-07-25,74,0.062
2023-07-26,42,0.045
2023-07-27,50,0.054
2023-07-28,36,0.039
2023-07-29,31,0.033
2023-07-30,31,0.033
2023-07-31,34,0.037
2023-08-01,45,0.049
2023-08-02,50,0.054
2023-08-03,44,0.047
2023-08-04,39,0.042
2023-08-05,42,0.045
2023-08-06,36,0.039
2023-08-07,35,0.038
2023-08-08,41,0.044
2023-08-09,45,0.049
2023-08-10,30,0.032
2023-08-11,44,0.047
2023-08-12,29,0.031
2023-08-13,27,0.029
2023-08-14,22,0.024
2023-08-15,31,0.034
2023-08-16,41,0.044
2023-08-17,24,0.026
2023-08-18,38,0.041
2023-08-19,43,0.046
2023-08-20,30,0.032
2023-08-21,24,0.026
2023-08-22,37,0.04
2023-08-23,38,0.041
2023-08-24,23,0.025
2023-08-25,32,0.035
2023-08-26,20,0.022
2023-08-27,32,0.035
2023-08-28,39,0.042
2023-08-29,24,0.026
2023-08-30,32,0.035
2023-08-31,35,0.038
2023-09-01,45,0.049
2023-09-02,45,0.049
2023-09-03,61,0.058
2023-09-04,44,0.048
2023-09-05,42,0.045
2023-09-06,24,0.026
2023-09-07,17,0.018
2023-09-08,27,0.029
2023-09-09,36,0.039
2023-09-10,28,0.03
2023-09-11,23,0.025
2023-09-12,19,0.02
2023-09-13,23,0.025
2023-09-14,40,0.043
2023-09-15,45,0.049
2023-09-16,34,0.037
2023-09-17,22,0.024
2023-09-18,27,0.029
2023-09-19,33,0.036
2023-09-20,50,0.054
2023-09-21,58,0.057
2023-09-22,61,0.058
2023-09-23,46,0.05
2023-09-24,41,0.044
2023-09-25,32,0.035
2023-09-26,29,0.031
2023-09-27,16,0.017
2023-09-28,29,0.031
2023-09-29,35,0.038
2023-09-30,31,0.033
2023-10-01,54,0.056
2023-10-02,67,0.06
2023-10-03,74,0.062
2023-10-04,44,0.047
2023-10-05,33,0.036
2023-10-06,24,0.026
2023-10-07,27,0.029
2023-10-08,20,0.022
2023-10-09,30,0.032
2023-10-10,20,0.022
2023-10-11,21,0.023
2023-10-12,15,0.016
2023-10-13,18,0.019
2023-10-14,24,0.026
2023-10-15,25,0.027
2023-10-16,,0.021
2024-03-24,35,0.038
2024-03-25,36,0.039
2024-03-26,35,0.038
2024-03-27,35,0.038
2024-03-28,40,0.043
2024-03-29,42,0.045
2024-03-30,33,0.036
2024-03-31,35,0.038
2024-04-01,36,0.039
2024-04-02,40,0.043
2024-04-03,39,0.042
2024-04-04,32,0.035
2024-04-05,42,0.045
2024-04-06,43,0.046
2024-04-07,43,0.046
2024-04-08,33,0.036
2024-04-09,31,0.034
2024-04-10,44,0.048
2024-04-11,36,0.039
2024-04-12,38,0.041
2024-04-13,45,0.049
2024-04-14,48,0.052
2024-04-15,45,0.049
2024-04-16,41,0.044
2024-04-17,31,0.034
2024-04-18,31,0.034
2024-04-19,37,0.04
2024-04-20,31,0.034
2024-04-21,44,0.047
2024-04-22,58,0.057
2024-04-23,43,0.046
2024-04-24,39,0.042
2024-04-25,44,0.047
2024-04-26,44,0.047
2024-04-27,42,0.045
2024-04-28,25,0.027
2024-04-29,33,0.036
2024-04-30,35,0.038
2024-05-01,32,0.035
2024-05-02,23,0.025
2024-05-03,41,0.044
2024-05-04,48,0.052
2024-05-05,38,0.041
2024-05-06,45,0.049
2024-05-07,34,0.037
2024-05-08,39,0.042
2024-05-09,24,0.026
2024-05-10,37,0.04
2024-05-11,34,0.037
2024-05-12,54,0.056
2024-05-13,40,0.043
2024-05-14,27,0.029
2024-05-15,31,0.034
2024-05-16,33,0.036
2024-05-17,54,0.056
2024-05-18,67,0.06
2024-05-19,43,0.046
2024-05-20,37,0.04
2024-05-21,64,0.059
2024-05-22,40,0.043
2024-05-23,45,0.049
2024-05-24,44,0.048
2024-05-25,36,0.039
2024-05-26,38,0.041
2024-05-27,35,0.038
2024-05-28,28,0.03
2024-05-29,37,0.04
2024-05-30,42,0.045
2024-05-31,80,0.064
2024-06-01,44,0.047
2024-06-02,44,0.048
2024-06-03,44,0.048
2024-06-04,71,0.061
2024-06-05,40,0.043
2024-06-06,28,0.03
2024-06-07,32,0.035
2024-06-08,40,0.043
2024-06-09,31,0.033
2024-06-10,35,0.038
2024-06-11,41,0.044
2024-06-12,47,0.051
2024-06-13,44,0.048
2024-06-14,41,0.044
2024-06-15,45,0.049
2024-06-16,54,0.056
2024-06-17,44,0.047
2024-06-18,39,0.042
2024-06-19,41,0.044
2024-06-20,23,0.025
2024-06-21,22,0.024
2024-06-22,23,0.025
2024-06-23,38,0.041
2024-06-24,44,0.048
2024-06-25,45,0.049
2024-06-26,37,0.04
2024-06-27,33,0.036
2024-06-28,44,0.048
2024-06-29,37,0.04
2024-06-30,25,0.027
2024-07-01,36,0.039
2024-07-02,44,0.047
2024-07-03,35,0.038
2024-07-04,32,0.035
2024-07-05,25,0.027
2024-07-06,30,0.032
2024-07-07,41,0.044
2024-07-08,43,0.046
2024-07-09,44,0.047
2024-07-10,35,0.038
2024-07-11,36,0.039
2024-07-12,39,0.042
2024-07-13,58,0.057
2024-07-14,44,0.047
2024-07-15,44,0.047
2024-07-16,37,0.04
2024-07-17,23,0.025
2024-07-18,31,0.033
2024-07-19,38,0.041
2024-07-20,44,0.047
2024-07-21,31,0.034
2024-07-22,40,0.043
2024-07-23,25,0.027
2024-07-24,23,0.025
2024-07-25,34,0.037
2024-07-26,43,0.046
2024-07-27,51,0.055
2024-07-28,43,0.046
2024-07-29,45,0.049
2024-07-30,44,0.047
2024-07-31,43,0.046
2024-08-01,39,0.042
2024-08-02,35,0.038
2024-08-03,31,0.033
2024-08-04,39,0.042
2024-08-05,29,0.031
2024-08-06,25,0.027
2024-08-07,33,0.036
2024-08-08,29,0.031
2024-08-09,21,0.023
2024-08-10,23,0.025
2024-08-11,24,0.026
2024-08-12,24,0.026
2024-08-13,37,0.04
2024-08-14,37,0.04
2024-08-15,40,0.043
2024-08-16,35,0.038
2024-08-17,27,0.029
2024-08-18,26,0.028
2024-08-19,24,0.026
2024-08-20,32,0.035
2024-08-21,41,0.044
2024-08-22,47,0.051
2024-08-23,48,0.052
2024-08-24,54,0.056
2024-08-25,47,0.051
2024-08-26,49,0.053
2024-08-27,34,0.037
2024-08-28,12,0.013
2024-08-29,31,0.034
2024-08-30,31,0.034
2024-08-31,33,0.036
2024-09-01,25,0.027
2024-09-02,28,0.03
2024-09-03,40,0.043
2024-09-04,50,0.054
2024-09-05,31,0.033
2024-09-06,19,0.021
2024-09-07,29,0.031
2024-09-08,34,0.037
2024-09-09,36,0.039
2024-09-10,45,0.049
2024-09-11,50,0.054
2024-09-12,71,0.061
2024-09-13,58,0.057
2024-09-14,47,0.051
2024-09-15,44,0.048
2024-09-16,42,0.045
2024-09-17,71,0.061
2024-09-18,80,0.064
2024-09-19,80,0.064
2024-09-20,35,0.038
2024-09-21,42,0.045
2024-09-22,19,0.021
2024-09-23,29,0.031
2024-09-24,31,0.033
2024-09-25,31,0.033
2024-09-26,36,0.039
2024-09-27,35,0.038
2024-09-28,31,0.033
2024-09-29,28,0.03
2024-09-30,35,0.038
2024-10-01,29,0.031
2024-10-02,40,0.043
2024-10-03,36,0.039
2024-10-04,31,0.033
2024-10-05,48,0.052
2024-10-06,26,0.028
2024-10-07,31,0.034
2024-10-08,28,0.03
2024-10-09,30,0.032
2024-10-10,29,0.031
2024-10-11,46,0.05
2024-10-12,27,0.029
2024-10-13,23,0.025
2024-10-14,24,0.026
2024-10-15,25,0.027
2024-10-16,13,0.014
2025-03-30,39,0.042
2025-03-31,41,0.044
2025-04-01,43,0.046
2025-04-02,35,0.038
2025-04-03,35,0.038
2025-04-04,43,0.046
2025-04-05,44,0.047
2025-04-06,48,0.052
2025-04-07,39,0.042
2025-04-08,44,0.047
2025-04-09,36,0.039
2025-04-10,47,0.051
2025-04-11,45,0.049
2025-04-12,51,0.055
2025-04-13,44,0.048
2025-04-14,36,0.039
2025-04-15,38,0.041
2025-04-16,44,0.047
2025-04-17,41,0.044
2025-04-18,36,0.039
2025-04-19,34,0.037
2025-04-20,32,0.035
2025-04-21,41,0.044
2025-04-22,40,0.043
2025-04-23,49,0.053
2025-04-24,33,0.036
2025-04-25,32,0.035
2025-04-26,42,0.045
2025-04-27,44,0.047
2025-04-28,47,0.051
2025-04-29,24,0.026
2025-04-30,31,0.034
2025-05-01,41,0.044
2025-05-02,41,0.044
2025-05-03,31,0.034
2025-05-04,37,0.04
2025-05-05,40,0.043
2025-05-06,44,0.047
2025-05-07,40,0.043
2025-05-08,39,0.042
2025-05-09,50,0.054
2025-05-10,39,0.042
2025-05-11,47,0.051
2025-05-12,84,0.065
2025-05-13,37,0.04
2025-05-14,44,0.048
2025-05-15,49,0.053
2025-05-16,54,0.056
2025-05-17,14,0.015
2025-05-18,20,0.022
2025-05-19,29,0.031
2025-05-20,34,0.037
2025-05-21,28,0.03
2025-05-22,33,0.036
2025-05-23,26,0.028
2025-05-24,35,0.038
2025-05-25,37,0.04
2025-05-26,38,0.041
2025-05-27,41,0.044
2025-05-28,31,0.034
2025-05-29,41,0.044
2025-05-30,38,0.041
2025-05-31,44,0.047
2025-06-01,46,0.05
2025-06-02,77,0.063
2025-06-03,47,0.051
2025-06-04,46,0.05
2025-06-05,64,0.059
2025-06-06,48,0.052
2025-06-07,64,0.059
2025-06-08,44,0.048
2025-06-09,24,0.026
2025-06-10,31,0.034
2025-06-11,64,0.059
2025-06-12,35,0.038
2025-06-13,30,0.032
2025-06-14,35,0.038
2025-06-15,29,0.031
2025-06-16,74,0.062
2025-06-17,44,0.048
2025-06-18,34,0.037
2025-06-19,50,0.054
2025-06-20,61,0.058
2025-06-21,36,0.039
2025-06-22,40,0.043
2025-06-23,38,0.041
2025-06-24,25,0.027
2025-06-25,31,0.033
2025-06-26,26,0.028
2025-06-27,23,0.025
2025-06-28,38,0.041
2025-06-29,45,0.049
2025-06-30,44,0.047
2025-07-01,36,0.039
2025-07-02,39,0.042
2025-07-03,47,0.051
2025-07-04,45,0.049
2025-07-05,43,0.046
2025-07-06,21,0.023
2025-07-07,31,0.033
2025-07-08,46,0.05
2025-07-09,29,0.031
2025-07-10,35,0.038
2025-07-11,44,0.047
2025-07-12,39,0.042
2025-07-13,47,0.051
2025-07-14,51,0.055
2025-07-15,54,0.056
2025-07-16,36,0.039
2025-07-17,27,0.029
2025-07-18,38,0.041
2025-07-19,31,0.034
2025-07-20,38,0.041
2025-07-21,30,0.032
2025-07-22,61,0.058
2025-07-23,42,0.045
2025-07-24,38,0.041
2025-07-25,34,0.037
2025-07-26,48,0.052
2025-07-27,43,0.046
2025-07-28,45,0.049
2025-07-29,42,0.045
2025-07-30,32,0.035
2025-07-31,35,0.038
2025-08-01,35,0.038
2025-08-02,44,0.048
2025-08-03,51,0.055
2025-08-04,61,0.058
2025-08-05,77,0.063
2025-08-06,74,0.062
2025-08-07,71,0.061
2025-08-08,48,0.052
2025-08-09,36,0.039
2025-08-10,35,0.038
2025-08-11,36,0.039
2025-08-12,38,0.041
2025-08-13,28,0.03
2025-08-14,40,0.043
2025-08-15,46,0.05
2025-08-16,36,0.039
2025-08-17,17,0.018
2025-08-18,18,0.019
2025-08-19,20,0.022
2025-08-20,28,0.03
2025-08-21,30,0.032
2025-08-22,30,0.032
2025-08-23,21,0.023
2025-08-24,22,0.024
2025-08-25,23,0.025
2025-08-26,31,0.033
2025-08-27,32,0.035
2025-08-28,28,0.03
2025-08-29,28,0.03
2025-08-30,35,0.038
2025-08-31,37,0.04
2025-09-01,41,0.044
2025-09-02,46,0.05
2025-09-03,19,0.02
2025-09-04,27,0.029
2025-09-05,27,0.029
2025-09-06,27,0.029
2025-09-07,19,0.021
2025-09-08,34,0.037
2025-09-09,44,0.047
2025-09-10,38,0.041
2025-09-11,29,0.031
2025-09-12,64,0.059
2025-09-13,51,0.055
2025-09-14,64,0.059
2025-09-15,64,0.059
2025-09-16,67,0.06
2025-09-17,87,0.066
2025-09-18,31,0.034
2025-09-19,27,0.029
2025-09-20,31,0.033
2025-09-21,42,0.045
2025-09-22,32,0.035
2025-09-23,32,0.035
2025-09-24,19,0.021
2025-09-25,29,0.031
2025-09-26,27,0.029
2025-09-27,39,0.042
2025-09-28,38,0.041
2025-09-29,45,0.049
2025-09-30,47,0.051
2025-10-01,39,0.042
2025-10-02,49,0.053
2025-10-03,58,0.057
2025-10-04,48,0.052
2025-10-05,46,0.05
2025-10-06,17,0.018
2025-10-07,29,0.031
2025-10-08,29,0.031
2025-10-09,32,0.035
2025-10-10,33,0.036
2025-10-11,24,0.026
2025-10-12,35,0.038
2025-10-13,26,0.028
2025-10-14,20,0.022
2025-10-15,23,0.025
2025-10-16,13,0.014
